hmm_id,architecture,A_width_shape,best_shape_rmse,best_dimension,width_gain,d90,d95,mean_excess_ce_H,mean_recovery_ratio,K,source,cohort,K_metric,bank_index,alpha_t,self_bias,alpha_e,gen_seed,vocab_size,min_stationary_prob,min_symbol_prob,bayes_ce_h1,bayes_ce_h2,bayes_ce_h3,bayes_ce_h4,bayes_gap_1_to_H,context_gain_area,pred_h4_m1_sv1,pred_h4_m1_sv2,pred_h4_m1_signal,pred_h4_m1_effective_rank,pred_h4_m1_numerical_rank,pred_h4_m1_r90,pred_h4_m1_sigma90,pred_h4_m1_kappa90,pred_h4_m1_r95,pred_h4_m1_sigma95,pred_h4_m1_kappa95,pred_h4_m1_r99,pred_h4_m1_sigma99,pred_h4_m1_kappa99,pred_h4_m2_sv1,pred_h4_m2_sv2,pred_h4_m2_signal,pred_h4_m2_effective_rank,pred_h4_m2_numerical_rank,pred_h4_m2_r90,pred_h4_m2_sigma90,pred_h4_m2_kappa90,pred_h4_m2_r95,pred_h4_m2_sigma95,pred_h4_m2_kappa95,pred_h4_m2_r99,pred_h4_m2_sigma99,pred_h4_m2_kappa99,lambda2_abs,tau_hidden,tau_observed_proxy,pred_h4_m1_sv3,pred_h4_m2_sv3,pred_h4_m1_sv4,pred_h4_m2_sv4,pred_h4_m1_sv5,pred_h4_m2_sv5,symbol_entropy,symbol_entropy_normalized,max_symbol_prob,min_symbol_prob_recomputed,marginal_l2_from_uniform,symbol_prob_0,symbol_prob_1,symbol_prob_2,symbol_prob_3,symbol_prob_4,symbol_prob_5,symbol_prob_6,symbol_prob_7,log_K,log_gain,rank_value,log_rank,neg_log_sigma,log_tau,log_min_symbol_prob,log_signal,selection_cluster,distance_to_cluster_center,cluster_size,selection_protocol,pred_h4_m3_sv1,pred_h4_m3_sv2,pred_h4_m3_signal,pred_h4_m3_effective_rank,pred_h4_m3_numerical_rank,pred_h4_m3_r90,pred_h4_m3_sigma90,pred_h4_m3_kappa90,pred_h4_m3_r95,pred_h4_m3_sigma95,pred_h4_m3_kappa95,pred_h4_m3_r99,pred_h4_m3_sigma99,pred_h4_m3_kappa99,hmm_file,pred_h4_m3_sv3,pred_h4_m3_sv4,pred_h4_m3_sv5
confirm_K3_i000022,GRU,0.0309899798366508,0.0261890474828433,128,0.0020786837715007,128.0,128.0,0.0143898213195165,37.59735166803992,3,bank,independent_confirmatory64,3,22,5.0,2.0,0.5,2026393899,8,0.2332793769878881,0.0116295986441908,1.768630795728476,1.7683012061830208,1.76828942732386,1.768289006696407,0.0003417890320691,0.000354409146136,0.1355897661599298,0.0019362334716497,0.0183883336873611,1.001938297042155,2,1,0.1355897661599298,1.0,1,0.1355897661599298,1.0,1,0.1355897661599298,1.0,0.1381251640998671,0.0019646747095722,0.0190824209043296,1.0019246539752071,2,1,0.1381251640998671,1.0,1,0.1381251640998671,1.0,1,0.1381251640998671,1.0,0.2766727090460524,1.382500028004152,1.6091304646619893,,,,,,,1.7773995900063322,0.8547485247267375,0.3442345668130269,0.0116295986441908,0.2829642867158291,0.0116295986441908,0.12671290812798,0.205958902369771,0.1199536203586016,0.3442345668130269,0.0517425001299666,0.0461438837255654,0.0936240198308975,1.0986122886681098,-7.945058532184729,1.0,0.0,1.9795950186574889,0.4756939490375652,-4.454201823434779,-3.958987739232525,14,0.1209048752411192,63,independent_profile_kmeans_holdout_v1,0.1382150646195818,0.0019655428716146,0.0191072674465753,1.0019239341713588,2,1,0.1382150646195818,1.0,1,0.1382150646195818,1.0,1,0.1382150646195818,1.0,project://predictive_profile_confirmatory64_v1/selected_hmms/confirm_K3_i000022.npz,,,
confirm_K3_i000022,Transformer,0.0354938743689493,0.0289004675252921,256,0.0024621506637463,256.0,256.0,0.0162601319985946,-2.733045893403593,3,bank,independent_confirmatory64,3,22,5.0,2.0,0.5,2026393899,8,0.2332793769878881,0.0116295986441908,1.768630795728476,1.7683012061830208,1.76828942732386,1.768289006696407,0.0003417890320691,0.000354409146136,0.1355897661599298,0.0019362334716497,0.0183883336873611,1.001938297042155,2,1,0.1355897661599298,1.0,1,0.1355897661599298,1.0,1,0.1355897661599298,1.0,0.1381251640998671,0.0019646747095722,0.0190824209043296,1.0019246539752071,2,1,0.1381251640998671,1.0,1,0.1381251640998671,1.0,1,0.1381251640998671,1.0,0.2766727090460524,1.382500028004152,1.6091304646619893,,,,,,,1.7773995900063322,0.8547485247267375,0.3442345668130269,0.0116295986441908,0.2829642867158291,0.0116295986441908,0.12671290812798,0.205958902369771,0.1199536203586016,0.3442345668130269,0.0517425001299666,0.0461438837255654,0.0936240198308975,1.0986122886681098,-7.945058532184729,1.0,0.0,1.9795950186574889,0.4756939490375652,-4.454201823434779,-3.958987739232525,14,0.1209048752411192,63,independent_profile_kmeans_holdout_v1,0.1382150646195818,0.0019655428716146,0.0191072674465753,1.0019239341713588,2,1,0.1382150646195818,1.0,1,0.1382150646195818,1.0,1,0.1382150646195818,1.0,project://predictive_profile_confirmatory64_v1/selected_hmms/confirm_K3_i000022.npz,,,
confirm_K3_i000056,GRU,0.0215629343191594,0.0164837375393272,128,0.0069167677479588,128.0,128.0,0.0168695523604322,2.8699218120817998,3,bank,independent_confirmatory64,3,56,0.2,0.0,2.0,2026428239,8,0.0848551286660552,0.0637634504690395,1.9830230469972832,1.98068827551038,1.97988122401967,1.9796259295925929,0.0033971174046905,0.0047147577495547,0.1488120593715177,0.0075753633236407,0.0222024151438772,1.0181438909178329,2,1,0.1488120593715177,1.0,1,0.1488120593715177,1.0,1,0.1488120593715177,1.0,0.170386434262416,0.0093238406304464,0.0291184709847625,1.020547105762187,2,1,0.170386434262416,1.0,1,0.170386434262416,1.0,1,0.170386434262416,1.0,0.6452157772258794,2.8186146277329445,4.8167480555935285,,,,,,,1.991429896960333,0.9576753455408974,0.2288656891220822,0.0637634504690395,0.1491426559929232,0.1270882311959019,0.0705829192356904,0.0637634504690395,0.1528810755357011,0.0688583952754767,0.1506969655719678,0.2288656891220822,0.1372632735941402,1.0986122886681098,-5.357057742890078,1.0,0.0,1.7696862788921126,1.5720990231026306,-2.7525751294487466,-3.5363825644236084,0,0.0756198232660995,86,independent_profile_kmeans_holdout_v1,0.1769337505206039,0.0096414620413196,0.0313985098635815,1.0203990575883366,2,1,0.1769337505206039,1.0,1,0.1769337505206039,1.0,1,0.1769337505206039,1.0,project://predictive_profile_confirmatory64_v1/selected_hmms/confirm_K3_i000056.npz,,,
confirm_K3_i000056,Transformer,0.0279658848556628,0.0153088359464747,8,0.0,,,0.0246088422104287,-0.3569835364943743,3,bank,independent_confirmatory64,3,56,0.2,0.0,2.0,2026428239,8,0.0848551286660552,0.0637634504690395,1.9830230469972832,1.98068827551038,1.97988122401967,1.9796259295925929,0.0033971174046905,0.0047147577495547,0.1488120593715177,0.0075753633236407,0.0222024151438772,1.0181438909178329,2,1,0.1488120593715177,1.0,1,0.1488120593715177,1.0,1,0.1488120593715177,1.0,0.170386434262416,0.0093238406304464,0.0291184709847625,1.020547105762187,2,1,0.170386434262416,1.0,1,0.170386434262416,1.0,1,0.170386434262416,1.0,0.6452157772258794,2.8186146277329445,4.8167480555935285,,,,,,,1.991429896960333,0.9576753455408974,0.2288656891220822,0.0637634504690395,0.1491426559929232,0.1270882311959019,0.0705829192356904,0.0637634504690395,0.1528810755357011,0.0688583952754767,0.1506969655719678,0.2288656891220822,0.1372632735941402,1.0986122886681098,-5.357057742890078,1.0,0.0,1.7696862788921126,1.5720990231026306,-2.7525751294487466,-3.5363825644236084,0,0.0756198232660995,86,independent_profile_kmeans_holdout_v1,0.1769337505206039,0.0096414620413196,0.0313985098635815,1.0203990575883366,2,1,0.1769337505206039,1.0,1,0.1769337505206039,1.0,1,0.1769337505206039,1.0,project://predictive_profile_confirmatory64_v1/selected_hmms/confirm_K3_i000056.npz,,,
confirm_K3_i000150,GRU,0.0392647786538661,0.0240776057290203,32,0.0168855222018723,32.0,32.0,0.0549553632862574,0.7859639831099363,3,bank,independent_confirmatory64,3,150,1.0,8.0,0.1,2026523136,8,0.2117272840234076,7.613205652028172e-05,1.2046853887561575,1.1630733154742794,1.1502693216384334,1.1464078023903364,0.0582775863658211,0.0788046186978612,0.6150563949088234,0.3027411556891082,0.4699465762662154,1.637925364488935,2,2,0.3027411556891082,2.031624651457824,2,0.3027411556891082,2.031624651457824,2,0.3027411556891082,2.031624651457824,0.6887669553629899,0.3575204393028395,0.6022207833192983,1.6768574113006849,2,2,0.3575204393028395,1.9265107100060548,2,0.3575204393028395,1.9265107100060548,2,0.3575204393028395,1.9265107100060548,0.8338993224142615,6.020445036919345,8.653001566964772,,,,,,,1.357649036522406,0.6528911774195181,0.3928222703699858,7.613205652028172e-05,0.4210825002580358,0.0003593524613433,0.0787523695166654,0.3541633466702058,7.613205652028172e-05,0.112450544826629,0.0003667254063183,0.3928222703699858,0.061009258692332,1.0986122886681098,-2.5407836709189526,2.0,0.6931471805599453,1.0285627456073057,2.1579062627137766,-9.483041139740523,-0.5071311512097174,15,0.1958406467403336,43,independent_profile_kmeans_holdout_v1,0.7076204736674503,0.3752158975325276,0.641513704514487,1.6925298927361525,2,2,0.3752158975325276,1.8859021654489103,2,0.3752158975325276,1.8859021654489103,2,0.3752158975325276,1.8859021654489103,project://predictive_profile_confirmatory64_v1/selected_hmms/confirm_K3_i000150.npz,,,
confirm_K3_i000150,Transformer,0.0396331119359131,0.0272552462055208,128,0.0132662328545076,128.0,128.0,0.0639209533236629,0.72386169761423,3,bank,independent_confirmatory64,3,150,1.0,8.0,0.1,2026523136,8,0.2117272840234076,7.613205652028172e-05,1.2046853887561575,1.1630733154742794,1.1502693216384334,1.1464078023903364,0.0582775863658211,0.0788046186978612,0.6150563949088234,0.3027411556891082,0.4699465762662154,1.637925364488935,2,2,0.3027411556891082,2.031624651457824,2,0.3027411556891082,2.031624651457824,2,0.3027411556891082,2.031624651457824,0.6887669553629899,0.3575204393028395,0.6022207833192983,1.6768574113006849,2,2,0.3575204393028395,1.9265107100060548,2,0.3575204393028395,1.9265107100060548,2,0.3575204393028395,1.9265107100060548,0.8338993224142615,6.020445036919345,8.653001566964772,,,,,,,1.357649036522406,0.6528911774195181,0.3928222703699858,7.613205652028172e-05,0.4210825002580358,0.0003593524613433,0.0787523695166654,0.3541633466702058,7.613205652028172e-05,0.112450544826629,0.0003667254063183,0.3928222703699858,0.061009258692332,1.0986122886681098,-2.5407836709189526,2.0,0.6931471805599453,1.0285627456073057,2.1579062627137766,-9.483041139740523,-0.5071311512097174,15,0.1958406467403336,43,independent_profile_kmeans_holdout_v1,0.7076204736674503,0.3752158975325276,0.641513704514487,1.6925298927361525,2,2,0.3752158975325276,1.8859021654489103,2,0.3752158975325276,1.8859021654489103,2,0.3752158975325276,1.8859021654489103,project://predictive_profile_confirmatory64_v1/selected_hmms/confirm_K3_i000150.npz,,,
confirm_K3_i000321,GRU,0.0426928040392232,0.0342178410769792,128,0.00967625854936,128.0,128.0,0.0232655661449544,10.235883544653506,3,bank,independent_confirmatory64,3,321,5.0,8.0,0.1,2026695777,8,0.3086557400833449,0.0004209479044741,1.3475309797921202,1.346869451695575,1.346830231354772,1.3468278515815026,0.0007031282106175,0.0007471080979593,0.3777920959553548,0.0747552770223692,0.1483152192090311,1.1740930943362375,2,1,0.3777920959553548,1.0,1,0.3777920959553548,1.0,2,0.0747552770223692,5.053718091932254,0.3788415669978881,0.079498476074855,0.1498409405836396,1.1910146277857814,2,1,0.3788415669978881,1.0,1,0.3788415669978881,1.0,2,0.079498476074855,4.765394076751537,0.4400960934863697,1.786020758859728,2.2069656779375952,,,,,,,1.4214708777150786,0.6835829953492087,0.3730555418280525,0.0004209479044741,0.3831277451058728,0.0007559593671023,0.0104201301748025,0.3730555418280525,0.0152180894417707,0.2084101665289282,0.1180175493241855,0.273701615430684,0.0004209479044741,1.0986122886681098,-7.1993006738506535,1.0,0.0,0.970637190327522,0.7916185756981216,-7.77300147428018,-1.898180943612671,4,0.1385108434885044,49,independent_profile_kmeans_holdout_v1,0.378903116007851,0.0797771274227256,0.1499319613802807,1.192019703606532,2,1,0.378903116007851,1.0,1,0.378903116007851,1.0,2,0.0797771274227256,4.749520674016084,project://predictive_profile_confirmatory64_v1/selected_hmms/confirm_K3_i000321.npz,,,
confirm_K3_i000321,Transformer,0.0328466049824928,0.0235607583783566,8,0.0,,,0.0209106266767495,-25.15936277476621,3,bank,independent_confirmatory64,3,321,5.0,8.0,0.1,2026695777,8,0.3086557400833449,0.0004209479044741,1.3475309797921202,1.346869451695575,1.346830231354772,1.3468278515815026,0.0007031282106175,0.0007471080979593,0.3777920959553548,0.0747552770223692,0.1483152192090311,1.1740930943362375,2,1,0.3777920959553548,1.0,1,0.3777920959553548,1.0,2,0.0747552770223692,5.053718091932254,0.3788415669978881,0.079498476074855,0.1498409405836396,1.1910146277857814,2,1,0.3788415669978881,1.0,1,0.3788415669978881,1.0,2,0.079498476074855,4.765394076751537,0.4400960934863697,1.786020758859728,2.2069656779375952,,,,,,,1.4214708777150786,0.6835829953492087,0.3730555418280525,0.0004209479044741,0.3831277451058728,0.0007559593671023,0.0104201301748025,0.3730555418280525,0.0152180894417707,0.2084101665289282,0.1180175493241855,0.273701615430684,0.0004209479044741,1.0986122886681098,-7.1993006738506535,1.0,0.0,0.970637190327522,0.7916185756981216,-7.77300147428018,-1.898180943612671,4,0.1385108434885044,49,independent_profile_kmeans_holdout_v1,0.378903116007851,0.0797771274227256,0.1499319613802807,1.192019703606532,2,1,0.378903116007851,1.0,1,0.378903116007851,1.0,2,0.0797771274227256,4.749520674016084,project://predictive_profile_confirmatory64_v1/selected_hmms/confirm_K3_i000321.npz,,,
confirm_K3_i000341,GRU,0.0242548031774904,0.0156336502823765,8,0.0,,,0.0193868210416963,1.2005918685155907,3,bank,independent_confirmatory64,3,341,1.0,8.0,2.0,2026715974,8,0.235993282347396,0.0367137904658856,1.9426797231331288,1.9375620566447012,1.9343421948905468,1.9322632441419432,0.0104164789911855,0.0177942422425474,0.1815191831196974,0.0608329019523657,0.0366498558003884,1.3871002179936762,2,2,0.0608329019523657,2.983898142190116,2,0.0608329019523657,2.983898142190116,2,0.0608329019523657,2.983898142190116,0.2321969091678692,0.0809585783876282,0.0604696960416574,1.4093594187261091,2,2,0.0809585783876282,2.868095188827482,2,0.0809585783876282,2.868095188827482,2,0.0809585783876282,2.868095188827482,0.9075528607362812,10.816992369524332,14.797884504074096,,,,,,,1.9508405275277827,0.938155984876514,0.2271447466548938,0.0367137904658856,0.1799304498751444,0.2271447466548938,0.1010108317620713,0.1195636267568277,0.0954137193303454,0.2237146704298561,0.1254918504293246,0.0367137904658856,0.0709467641707951,1.0986122886681098,-4.028880343531454,2.0,0.6931471805599453,2.5138176330385007,2.6944842316394166,-3.304602832489244,-2.805612931307012,13,0.0956524943623621,56,independent_profile_kmeans_holdout_v1,0.2599547819223148,0.0917133760045286,0.0759878319824263,1.4161789755366825,2,2,0.0917133760045286,2.834426048273249,2,0.0917133760045286,2.834426048273249,2,0.0917133760045286,2.834426048273249,project://predictive_profile_confirmatory64_v1/selected_hmms/confirm_K3_i000341.npz,,,
confirm_K3_i000341,Transformer,0.0260777634387132,0.0195984062082372,32,0.005799200811832,32.0,32.0,0.0270267305773427,1.2269387167607475,3,bank,independent_confirmatory64,3,341,1.0,8.0,2.0,2026715974,8,0.235993282347396,0.0367137904658856,1.9426797231331288,1.9375620566447012,1.9343421948905468,1.9322632441419432,0.0104164789911855,0.0177942422425474,0.1815191831196974,0.0608329019523657,0.0366498558003884,1.3871002179936762,2,2,0.0608329019523657,2.983898142190116,2,0.0608329019523657,2.983898142190116,2,0.0608329019523657,2.983898142190116,0.2321969091678692,0.0809585783876282,0.0604696960416574,1.4093594187261091,2,2,0.0809585783876282,2.868095188827482,2,0.0809585783876282,2.868095188827482,2,0.0809585783876282,2.868095188827482,0.9075528607362812,10.816992369524332,14.797884504074096,,,,,,,1.9508405275277827,0.938155984876514,0.2271447466548938,0.0367137904658856,0.1799304498751444,0.2271447466548938,0.1010108317620713,0.1195636267568277,0.0954137193303454,0.2237146704298561,0.1254918504293246,0.0367137904658856,0.0709467641707951,1.0986122886681098,-4.028880343531454,2.0,0.6931471805599453,2.5138176330385007,2.6944842316394166,-3.304602832489244,-2.805612931307012,13,0.0956524943623621,56,independent_profile_kmeans_holdout_v1,0.2599547819223148,0.0917133760045286,0.0759878319824263,1.4161789755366825,2,2,0.0917133760045286,2.834426048273249,2,0.0917133760045286,2.834426048273249,2,0.0917133760045286,2.834426048273249,project://predictive_profile_confirmatory64_v1/selected_hmms/confirm_K3_i000341.npz,,,
confirm_K3_i000517,GRU,0.0431880636732337,0.0347952109614622,128,0.0130565561597812,128.0,128.0,0.0514985943760423,0.4148098401694999,3,bank,independent_confirmatory64,3,517,0.2,2.0,0.5,2026893677,8,0.0403595166069879,0.0362107552117978,1.7591139107957037,1.746261740144612,1.7399321532189274,1.7365720053587408,0.0225419054369626,0.0355917880830205,0.3516268945453875,0.0481745180380569,0.1259622571558321,1.0961919375079696,2,1,0.3516268945453875,1.0,1,0.3516268945453875,1.0,2,0.0481745180380569,7.299022571800483,0.4298357187086865,0.0824984108384419,0.1915647328686814,1.1658645802262766,2,1,0.4298357187086865,1.0,1,0.4298357187086865,1.0,2,0.0824984108384419,5.210230286137765,0.9786562630553908,46.85215164500841,15.378185530130272,,,,,,,1.785781787325292,0.8587795095613427,0.3882527728094982,0.0362107552117978,0.3027170213174743,0.1376806499425034,0.0629276012646508,0.0420731038516387,0.14766209710781,0.1143663049784541,0.3882527728094982,0.0362107552117978,0.0708267148336465,1.0986122886681098,-3.3356403395582555,1.0,0.0,0.844352192808721,2.732949981183477,-3.318399098979167,-1.6525294968350677,6,0.1728842026679954,75,independent_profile_kmeans_holdout_v1,0.4626413803008677,0.1150569492905914,0.2272751483467499,1.2487170442800568,2,1,0.4626413803008677,1.0,2,0.1150569492905914,4.020977291275177,2,0.1150569492905914,4.020977291275177,project://predictive_profile_confirmatory64_v1/selected_hmms/confirm_K3_i000517.npz,,,
confirm_K3_i000517,Transformer,0.0370914376280369,0.0319277729274258,8,0.0,,,0.0457151527132539,-0.006991649931267,3,bank,independent_confirmatory64,3,517,0.2,2.0,0.5,2026893677,8,0.0403595166069879,0.0362107552117978,1.7591139107957037,1.746261740144612,1.7399321532189274,1.7365720053587408,0.0225419054369626,0.0355917880830205,0.3516268945453875,0.0481745180380569,0.1259622571558321,1.0961919375079696,2,1,0.3516268945453875,1.0,1,0.3516268945453875,1.0,2,0.0481745180380569,7.299022571800483,0.4298357187086865,0.0824984108384419,0.1915647328686814,1.1658645802262766,2,1,0.4298357187086865,1.0,1,0.4298357187086865,1.0,2,0.0824984108384419,5.210230286137765,0.9786562630553908,46.85215164500841,15.378185530130272,,,,,,,1.785781787325292,0.8587795095613427,0.3882527728094982,0.0362107552117978,0.3027170213174743,0.1376806499425034,0.0629276012646508,0.0420731038516387,0.14766209710781,0.1143663049784541,0.3882527728094982,0.0362107552117978,0.0708267148336465,1.0986122886681098,-3.3356403395582555,1.0,0.0,0.844352192808721,2.732949981183477,-3.318399098979167,-1.6525294968350677,6,0.1728842026679954,75,independent_profile_kmeans_holdout_v1,0.4626413803008677,0.1150569492905914,0.2272751483467499,1.2487170442800568,2,1,0.4626413803008677,1.0,2,0.1150569492905914,4.020977291275177,2,0.1150569492905914,4.020977291275177,project://predictive_profile_confirmatory64_v1/selected_hmms/confirm_K3_i000517.npz,,,
confirm_K3_i000617,GRU,0.0193322214814518,0.0155341177961929,32,0.0017494209811245,32.0,32.0,0.0182737752078772,-24.316971175759942,3,bank,independent_confirmatory64,3,617,5.0,2.0,2.0,2026994628,8,0.2777814153985302,0.0549527637437194,2.02171515421618,2.021677354699831,2.021675603464626,2.0216755264223814,3.962779379840242e-05,4.153311349242017e-05,0.0404524702428546,0.0151692226510547,0.0018665076645863,1.4526826984708645,2,2,0.0151692226510547,2.6667464228987328,2,0.0151692226510547,2.6667464228987328,2,0.0151692226510547,2.6667464228987328,0.0412304179420937,0.0156810757693062,0.0019458435009624,1.4614475242305014,2,2,0.0156810757693062,2.629310549139568,2,0.0156810757693062,2.629310549139568,2,0.0156810757693062,2.629310549139568,0.2341473795804737,1.305734254003349,1.6198585917438098,,,,,,,2.0226041903044627,0.9726670116778288,0.2071737641570645,0.0549527637437194,0.1181446273758359,0.1506744215889739,0.1423993977061149,0.1142369015484445,0.0549527637437194,0.2071737641570645,0.1251346705886571,0.1133888885635633,0.092039192103462,1.0986122886681098,-10.08901953341294,2.0,0.6931471805599453,4.155300658676912,0.4823388563873511,-2.9012813037881986,-6.242059719334862,11,0.1362761693899407,87,independent_profile_kmeans_holdout_v1,0.041265778102525,0.015705208260186,0.0019495180089026,1.4618722283969672,2,2,0.015705208260186,2.627521865287016,2,0.015705208260186,2.627521865287016,2,0.015705208260186,2.627521865287016,project://predictive_profile_confirmatory64_v1/selected_hmms/confirm_K3_i000617.npz,,,
confirm_K3_i000617,Transformer,0.0214555083246453,0.015937256088116,8,0.0,,,0.0165924846409559,11.02930631938068,3,bank,independent_confirmatory64,3,617,5.0,2.0,2.0,2026994628,8,0.2777814153985302,0.0549527637437194,2.02171515421618,2.021677354699831,2.021675603464626,2.0216755264223814,3.962779379840242e-05,4.153311349242017e-05,0.0404524702428546,0.0151692226510547,0.0018665076645863,1.4526826984708645,2,2,0.0151692226510547,2.6667464228987328,2,0.0151692226510547,2.6667464228987328,2,0.0151692226510547,2.6667464228987328,0.0412304179420937,0.0156810757693062,0.0019458435009624,1.4614475242305014,2,2,0.0156810757693062,2.629310549139568,2,0.0156810757693062,2.629310549139568,2,0.0156810757693062,2.629310549139568,0.2341473795804737,1.305734254003349,1.6198585917438098,,,,,,,2.0226041903044627,0.9726670116778288,0.2071737641570645,0.0549527637437194,0.1181446273758359,0.1506744215889739,0.1423993977061149,0.1142369015484445,0.0549527637437194,0.2071737641570645,0.1251346705886571,0.1133888885635633,0.092039192103462,1.0986122886681098,-10.08901953341294,2.0,0.6931471805599453,4.155300658676912,0.4823388563873511,-2.9012813037881986,-6.242059719334862,11,0.1362761693899407,87,independent_profile_kmeans_holdout_v1,0.041265778102525,0.015705208260186,0.0019495180089026,1.4618722283969672,2,2,0.015705208260186,2.627521865287016,2,0.015705208260186,2.627521865287016,2,0.015705208260186,2.627521865287016,project://predictive_profile_confirmatory64_v1/selected_hmms/confirm_K3_i000617.npz,,,
confirm_K3_i000682,GRU,0.0450421912971092,0.0276833623617754,8,0.0,,,0.0429984499359837,0.6670011477216903,3,bank,independent_confirmatory64,3,682,0.2,8.0,0.5,2027060264,8,0.0683501699853921,0.0098398359715919,1.5404346893694707,1.475849110543768,1.4479877908350498,1.4355444345032462,0.1048902548662245,0.15763828723855,0.6855816558554233,0.450297292727328,0.672789858683025,1.8441746757505324,2,2,0.450297292727328,1.5225089444865236,2,0.450297292727328,1.5225089444865236,2,0.450297292727328,1.5225089444865236,0.846092249913212,0.5584486231400383,1.0277369600502058,1.8473601111088185,2,2,0.5584486231400383,1.515076257428686,2,0.5584486231400383,1.515076257428686,2,0.5584486231400383,1.515076257428686,0.9809845811375444,52.588902050136696,38.60608639025552,,,,,,,1.6725669309900109,0.804334672298054,0.3033357888238371,0.0098398359715919,0.3158744071950694,0.0631976645490026,0.0098398359715919,0.0267636983267972,0.2574104062864299,0.0503269537427742,0.2377487603580527,0.051376891941514,0.3033357888238371,1.0986122886681098,-1.847452191732438,2.0,0.6931471805599453,0.582592655501003,3.6534099425448656,-4.6213162376105785,0.0273592588537252,5,0.1539518746865313,35,independent_profile_kmeans_holdout_v1,0.8965206206257682,0.6054480276809141,1.1703165374299216,1.8620040861754097,2,2,0.6054480276809141,1.4807557042670827,2,0.6054480276809141,1.4807557042670827,2,0.6054480276809141,1.4807557042670827,project://predictive_profile_confirmatory64_v1/selected_hmms/confirm_K3_i000682.npz,,,
confirm_K3_i000682,Transformer,0.052737820073588,0.0343772748691126,32,0.007314311810869,32.0,32.0,0.0873490412379018,0.45475205357991,3,bank,independent_confirmatory64,3,682,0.2,8.0,0.5,2027060264,8,0.0683501699853921,0.0098398359715919,1.5404346893694707,1.475849110543768,1.4479877908350498,1.4355444345032462,0.1048902548662245,0.15763828723855,0.6855816558554233,0.450297292727328,0.672789858683025,1.8441746757505324,2,2,0.450297292727328,1.5225089444865236,2,0.450297292727328,1.5225089444865236,2,0.450297292727328,1.5225089444865236,0.846092249913212,0.5584486231400383,1.0277369600502058,1.8473601111088185,2,2,0.5584486231400383,1.515076257428686,2,0.5584486231400383,1.515076257428686,2,0.5584486231400383,1.515076257428686,0.9809845811375444,52.588902050136696,38.60608639025552,,,,,,,1.6725669309900109,0.804334672298054,0.3033357888238371,0.0098398359715919,0.3158744071950694,0.0631976645490026,0.0098398359715919,0.0267636983267972,0.2574104062864299,0.0503269537427742,0.2377487603580527,0.051376891941514,0.3033357888238371,1.0986122886681098,-1.847452191732438,2.0,0.6931471805599453,0.582592655501003,3.6534099425448656,-4.6213162376105785,0.0273592588537252,5,0.1539518746865313,35,independent_profile_kmeans_holdout_v1,0.8965206206257682,0.6054480276809141,1.1703165374299216,1.8620040861754097,2,2,0.6054480276809141,1.4807557042670827,2,0.6054480276809141,1.4807557042670827,2,0.6054480276809141,1.4807557042670827,project://predictive_profile_confirmatory64_v1/selected_hmms/confirm_K3_i000682.npz,,,
confirm_K3_i000718,GRU,0.0363458708243292,0.0301091562177282,32,0.0015672502734682,32.0,32.0,0.0221657823807322,1.4214930205025442,3,bank,independent_confirmatory64,3,718,1.0,8.0,0.5,2027096605,8,0.0984126918024348,0.0088954890195353,1.6454828920531683,1.6248725112612157,1.6173052394047054,1.6147126678341306,0.0307702242190377,0.0435226392166974,0.3660168058239342,0.2172665261670237,0.1811730455382415,1.7747011215899386,2,2,0.2172665261670237,1.684644258280996,2,0.2172665261670237,1.684644258280996,2,0.2172665261670237,1.684644258280996,0.4291622590243575,0.2611955852840003,0.2524033783427412,1.792392104745688,2,2,0.2611955852840003,1.643068578504976,2,0.2611955852840003,1.643068578504976,2,0.2611955852840003,1.643068578504976,0.7887277852371354,4.733230070610166,8.527545413514305,,,,,,,1.6956885387441276,0.8154538152461354,0.3486259941212885,0.0088954890195353,0.3113549654950846,0.0687104589132838,0.0088954890195353,0.0192088454468286,0.3486259941212885,0.0508143651668963,0.1102881992770273,0.2359898864808182,0.1574667615743216,1.0986122886681098,-3.134474034507184,2.0,0.6931471805599453,1.3424857833919135,2.1433015608331942,-4.722210982474407,-1.3767267635285017,7,0.1325339468434267,65,independent_profile_kmeans_holdout_v1,0.4494668717225772,0.2761271556784073,0.2782666748791271,1.7989458404931942,2,2,0.2761271556784073,1.6277532378816475,2,0.2761271556784073,1.6277532378816475,2,0.2761271556784073,1.6277532378816475,project://predictive_profile_confirmatory64_v1/selected_hmms/confirm_K3_i000718.npz,,,
confirm_K3_i000718,Transformer,0.0429676492586598,0.0368799642105892,128,0.0172748088114235,128.0,128.0,0.0420906476712548,-0.0917954357649215,3,bank,independent_confirmatory64,3,718,1.0,8.0,0.5,2027096605,8,0.0984126918024348,0.0088954890195353,1.6454828920531683,1.6248725112612157,1.6173052394047054,1.6147126678341306,0.0307702242190377,0.0435226392166974,0.3660168058239342,0.2172665261670237,0.1811730455382415,1.7747011215899386,2,2,0.2172665261670237,1.684644258280996,2,0.2172665261670237,1.684644258280996,2,0.2172665261670237,1.684644258280996,0.4291622590243575,0.2611955852840003,0.2524033783427412,1.792392104745688,2,2,0.2611955852840003,1.643068578504976,2,0.2611955852840003,1.643068578504976,2,0.2611955852840003,1.643068578504976,0.7887277852371354,4.733230070610166,8.527545413514305,,,,,,,1.6956885387441276,0.8154538152461354,0.3486259941212885,0.0088954890195353,0.3113549654950846,0.0687104589132838,0.0088954890195353,0.0192088454468286,0.3486259941212885,0.0508143651668963,0.1102881992770273,0.2359898864808182,0.1574667615743216,1.0986122886681098,-3.134474034507184,2.0,0.6931471805599453,1.3424857833919135,2.1433015608331942,-4.722210982474407,-1.3767267635285017,7,0.1325339468434267,65,independent_profile_kmeans_holdout_v1,0.4494668717225772,0.2761271556784073,0.2782666748791271,1.7989458404931942,2,2,0.2761271556784073,1.6277532378816475,2,0.2761271556784073,1.6277532378816475,2,0.2761271556784073,1.6277532378816475,project://predictive_profile_confirmatory64_v1/selected_hmms/confirm_K3_i000718.npz,,,
confirm_K3_i000884,GRU,0.0261196088643236,0.0218709276651391,32,0.0080981223353923,32.0,32.0,0.0197320530220165,99.79980648880706,3,bank,independent_confirmatory64,3,884,5.0,0.0,2.0,2027264201,8,0.2865334706377879,0.0580126623334235,1.9805327223164804,1.9804662944287512,1.980462922243788,1.9804627457604516,6.997655602902775e-05,7.370170766551887e-05,0.0505116102868855,0.009563578303926,0.0026428848037495,1.1623087531617975,2,1,0.0505116102868855,1.0,1,0.0505116102868855,1.0,2,0.009563578303926,5.281664318694316,0.0517802132820819,0.0100337927565068,0.0027818674846184,1.168408001319363,2,1,0.0517802132820819,1.0,1,0.0517802132820819,1.0,2,0.0100337927565068,5.160582298104861,0.2653600899610981,1.3612110999347236,1.6267963995550845,,,,,,,1.98178717556376,0.9530381767610608,0.250890637208859,0.0580126623334235,0.1626282849300645,0.250890637208859,0.1394788431066476,0.1304385520429826,0.0823049119262838,0.0580126623334235,0.1615537184897447,0.0946936341663881,0.0826270407256704,1.0986122886681098,-9.515484588541907,1.0,0.0,2.9607471856621705,0.4866126818416259,-2.847093976169698,-5.884632819750383,8,0.0691449981399177,87,independent_profile_kmeans_holdout_v1,0.051846330287328,0.0100447778394014,0.0027889395261056,1.1683593578305318,2,1,0.051846330287328,1.0,1,0.051846330287328,1.0,2,0.0100447778394014,5.1615208535480885,project://predictive_profile_confirmatory64_v1/selected_hmms/confirm_K3_i000884.npz,,,
confirm_K3_i000884,Transformer,0.02338364846951,0.0177086174228297,8,0.0,,,0.0160258701100244,-50.072692181268366,3,bank,independent_confirmatory64,3,884,5.0,0.0,2.0,2027264201,8,0.2865334706377879,0.0580126623334235,1.9805327223164804,1.9804662944287512,1.980462922243788,1.9804627457604516,6.997655602902775e-05,7.370170766551887e-05,0.0505116102868855,0.009563578303926,0.0026428848037495,1.1623087531617975,2,1,0.0505116102868855,1.0,1,0.0505116102868855,1.0,2,0.009563578303926,5.281664318694316,0.0517802132820819,0.0100337927565068,0.0027818674846184,1.168408001319363,2,1,0.0517802132820819,1.0,1,0.0517802132820819,1.0,2,0.0100337927565068,5.160582298104861,0.2653600899610981,1.3612110999347236,1.6267963995550845,,,,,,,1.98178717556376,0.9530381767610608,0.250890637208859,0.0580126623334235,0.1626282849300645,0.250890637208859,0.1394788431066476,0.1304385520429826,0.0823049119262838,0.0580126623334235,0.1615537184897447,0.0946936341663881,0.0826270407256704,1.0986122886681098,-9.515484588541907,1.0,0.0,2.9607471856621705,0.4866126818416259,-2.847093976169698,-5.884632819750383,8,0.0691449981399177,87,independent_profile_kmeans_holdout_v1,0.051846330287328,0.0100447778394014,0.0027889395261056,1.1683593578305318,2,1,0.051846330287328,1.0,1,0.051846330287328,1.0,2,0.0100447778394014,5.1615208535480885,project://predictive_profile_confirmatory64_v1/selected_hmms/confirm_K3_i000884.npz,,,
confirm_K3_i000936,GRU,0.0468712440166131,0.024716603614356,256,0.0226036846866679,256.0,256.0,0.0079608100979165,252.785829592234,3,bank,independent_confirmatory64,3,936,5.0,0.0,0.1,2027316703,8,0.2512606649926518,0.0005838921698171,1.4188345327581484,1.4187305843578586,1.4187264715903345,1.4187263157637282,0.0001082169944202,0.0001126414151568,0.0782970673898005,0.0285889758275106,0.0069477603007089,1.4364788684944998,2,2,0.0285889758275106,2.7387153657479617,2,0.0285889758275106,2.7387153657479617,2,0.0285889758275106,2.7387153657479617,0.0792385588860813,0.0293189462907329,0.0071383498259418,1.4444969420403595,2,2,0.0293189462907329,2.702640064221092,2,0.0293189462907329,2.702640064221092,2,0.0293189462907329,2.702640064221092,0.1897666940967793,1.2342124085916637,1.111870193401994,,,,,,,1.4222086490588313,0.6839377883688561,0.468296629952973,0.0005838921698171,0.4368353239550081,0.022828079541307,0.0785604468437234,0.0005838921698171,0.0157309329898165,0.468296629952973,0.2850376603351985,0.0612729317772389,0.067689426389925,1.0986122886681098,-9.09130110209584,2.0,0.6931471805599453,3.529521340851875,0.1060434564624522,-7.445794232908275,-4.942273646157116,10,0.3321772522441667,35,independent_profile_kmeans_holdout_v1,0.0792745335702621,0.0293453416166798,0.0071456007473822,1.444768360043498,2,2,0.0293453416166798,2.7014350218094805,2,0.0293453416166798,2.7014350218094805,2,0.0293453416166798,2.7014350218094805,project://predictive_profile_confirmatory64_v1/selected_hmms/confirm_K3_i000936.npz,,,
confirm_K3_i000936,Transformer,0.0381547588399143,0.0326595188212951,128,0.0178792365163297,32.0,128.0,0.0022441524593667,37.10322476660869,3,bank,independent_confirmatory64,3,936,5.0,0.0,0.1,2027316703,8,0.2512606649926518,0.0005838921698171,1.4188345327581484,1.4187305843578586,1.4187264715903345,1.4187263157637282,0.0001082169944202,0.0001126414151568,0.0782970673898005,0.0285889758275106,0.0069477603007089,1.4364788684944998,2,2,0.0285889758275106,2.7387153657479617,2,0.0285889758275106,2.7387153657479617,2,0.0285889758275106,2.7387153657479617,0.0792385588860813,0.0293189462907329,0.0071383498259418,1.4444969420403595,2,2,0.0293189462907329,2.702640064221092,2,0.0293189462907329,2.702640064221092,2,0.0293189462907329,2.702640064221092,0.1897666940967793,1.2342124085916637,1.111870193401994,,,,,,,1.4222086490588313,0.6839377883688561,0.468296629952973,0.0005838921698171,0.4368353239550081,0.022828079541307,0.0785604468437234,0.0005838921698171,0.0157309329898165,0.468296629952973,0.2850376603351985,0.0612729317772389,0.067689426389925,1.0986122886681098,-9.09130110209584,2.0,0.6931471805599453,3.529521340851875,0.1060434564624522,-7.445794232908275,-4.942273646157116,10,0.3321772522441667,35,independent_profile_kmeans_holdout_v1,0.0792745335702621,0.0293453416166798,0.0071456007473822,1.444768360043498,2,2,0.0293453416166798,2.7014350218094805,2,0.0293453416166798,2.7014350218094805,2,0.0293453416166798,2.7014350218094805,project://predictive_profile_confirmatory64_v1/selected_hmms/confirm_K3_i000936.npz,,,
confirm_K3_i000975,GRU,0.0335830275672741,0.0241968332848669,32,0.0151058142799716,32.0,32.0,0.0541003790205098,0.9350902486543125,3,bank,independent_confirmatory64,3,975,0.2,2.0,0.1,2027356088,8,0.0701171640628798,0.0002811509125326,1.0157131464906894,0.9402272892858976,0.9075909776404404,0.8940198827082537,0.1216932637824357,0.1814717652922663,0.7405522623032283,0.5966874127816081,0.9044535217744388,1.9549248011980347,2,2,0.5966874127816081,1.241105889683441,2,0.5966874127816081,1.241105889683441,2,0.5966874127816081,1.241105889683441,0.8086381018872958,0.781436586391234,1.264538718374673,1.998830191805024,2,2,0.781436586391234,1.0348096262317097,2,0.781436586391234,1.0348096262317097,2,0.781436586391234,1.0348096262317097,0.9739113495856434,38.330844413849,44.56601604921794,,,,,,,1.2543080844831005,0.6031946844102346,0.4522882288163538,0.0002811509125326,0.4719057090752405,0.0002811509125326,0.0404225334056296,0.0026098564671002,0.3622155611778371,0.0014011405155177,0.4522882288163538,0.0841328413797563,0.0566486873252724,1.0986122886681098,-1.7066552005064388,2.0,0.6931471805599453,0.2466212758662292,3.79697159658718,-8.176618977516885,0.2347074061724982,9,0.3672798287391011,39,independent_profile_kmeans_holdout_v1,0.8650434800635657,0.8139320251530272,1.4107855639701925,1.996301127054912,2,2,0.8139320251530272,1.0627957290425192,2,0.8139320251530272,1.0627957290425192,2,0.8139320251530272,1.0627957290425192,project://predictive_profile_confirmatory64_v1/selected_hmms/confirm_K3_i000975.npz,,,
confirm_K3_i000975,Transformer,0.0442571758768119,0.0377719514594126,8,0.0,,,0.0742383972262717,0.720494661018027,3,bank,independent_confirmatory64,3,975,0.2,2.0,0.1,2027356088,8,0.0701171640628798,0.0002811509125326,1.0157131464906894,0.9402272892858976,0.9075909776404404,0.8940198827082537,0.1216932637824357,0.1814717652922663,0.7405522623032283,0.5966874127816081,0.9044535217744388,1.9549248011980347,2,2,0.5966874127816081,1.241105889683441,2,0.5966874127816081,1.241105889683441,2,0.5966874127816081,1.241105889683441,0.8086381018872958,0.781436586391234,1.264538718374673,1.998830191805024,2,2,0.781436586391234,1.0348096262317097,2,0.781436586391234,1.0348096262317097,2,0.781436586391234,1.0348096262317097,0.9739113495856434,38.330844413849,44.56601604921794,,,,,,,1.2543080844831005,0.6031946844102346,0.4522882288163538,0.0002811509125326,0.4719057090752405,0.0002811509125326,0.0404225334056296,0.0026098564671002,0.3622155611778371,0.0014011405155177,0.4522882288163538,0.0841328413797563,0.0566486873252724,1.0986122886681098,-1.7066552005064388,2.0,0.6931471805599453,0.2466212758662292,3.79697159658718,-8.176618977516885,0.2347074061724982,9,0.3672798287391011,39,independent_profile_kmeans_holdout_v1,0.8650434800635657,0.8139320251530272,1.4107855639701925,1.996301127054912,2,2,0.8139320251530272,1.0627957290425192,2,0.8139320251530272,1.0627957290425192,2,0.8139320251530272,1.0627957290425192,project://predictive_profile_confirmatory64_v1/selected_hmms/confirm_K3_i000975.npz,,,
confirm_K3_i001105,GRU,0.030460295518531,0.0277358053541406,256,0.001165108317807,256.0,256.0,0.0126536993928079,4.770282519152325,3,bank,independent_confirmatory64,3,1105,5.0,8.0,0.5,2027487326,8,0.2487134701459128,0.0167945930245668,1.7306708195749096,1.7277073876391709,1.727283956699459,1.7272283339254733,0.0034424856494363,0.0039771621371198,0.1914580251387042,0.1036852755200008,0.0474068117496711,1.7080441685595669,2,2,0.1036852755200008,1.8465305143715616,2,0.1036852755200008,1.8465305143715616,2,0.1036852755200008,1.8465305143715616,0.2067662589039607,0.1074612376000774,0.05430020340768,1.677777886000333,2,2,0.1074612376000774,1.9241008527507573,2,0.1074612376000774,1.9241008527507573,2,0.1074612376000774,1.9241008527507573,0.4070929870567992,1.6866051137361024,2.402081288498983,,,,,,,1.7506666809649856,0.841892712959242,0.3773737335840877,0.0167945930245668,0.307151826150649,0.0167945930245668,0.3773737335840877,0.0587880200660561,0.0368275639628798,0.0917371570695722,0.1965949116033763,0.1197575026364107,0.1021265180530501,1.0986122886681098,-5.527186744887617,2.0,0.6931471805599453,2.230625076903583,0.8763355650914016,-4.086698288151532,-2.913227306051473,3,0.1050618659572411,105,independent_profile_kmeans_holdout_v1,0.2087718814814745,0.1080482951521575,0.0552601325826026,1.6746857797342125,2,2,0.1080482951521575,1.932208936637773,2,0.1080482951521575,1.932208936637773,2,0.1080482951521575,1.932208936637773,project://predictive_profile_confirmatory64_v1/selected_hmms/confirm_K3_i001105.npz,,,
confirm_K3_i001105,Transformer,0.0447900154790797,0.0299569382971033,8,0.0,,,-0.0075614598892803,7.336290379644954,3,bank,independent_confirmatory64,3,1105,5.0,8.0,0.5,2027487326,8,0.2487134701459128,0.0167945930245668,1.7306708195749096,1.7277073876391709,1.727283956699459,1.7272283339254733,0.0034424856494363,0.0039771621371198,0.1914580251387042,0.1036852755200008,0.0474068117496711,1.7080441685595669,2,2,0.1036852755200008,1.8465305143715616,2,0.1036852755200008,1.8465305143715616,2,0.1036852755200008,1.8465305143715616,0.2067662589039607,0.1074612376000774,0.05430020340768,1.677777886000333,2,2,0.1074612376000774,1.9241008527507573,2,0.1074612376000774,1.9241008527507573,2,0.1074612376000774,1.9241008527507573,0.4070929870567992,1.6866051137361024,2.402081288498983,,,,,,,1.7506666809649856,0.841892712959242,0.3773737335840877,0.0167945930245668,0.307151826150649,0.0167945930245668,0.3773737335840877,0.0587880200660561,0.0368275639628798,0.0917371570695722,0.1965949116033763,0.1197575026364107,0.1021265180530501,1.0986122886681098,-5.527186744887617,2.0,0.6931471805599453,2.230625076903583,0.8763355650914016,-4.086698288151532,-2.913227306051473,3,0.1050618659572411,105,independent_profile_kmeans_holdout_v1,0.2087718814814745,0.1080482951521575,0.0552601325826026,1.6746857797342125,2,2,0.1080482951521575,1.932208936637773,2,0.1080482951521575,1.932208936637773,2,0.1080482951521575,1.932208936637773,project://predictive_profile_confirmatory64_v1/selected_hmms/confirm_K3_i001105.npz,,,
confirm_K3_i001131,GRU,0.0628715189245999,0.0505937431509155,8,0.0,,,0.0507625368805082,-30.69009141622719,3,bank,independent_confirmatory64,3,1131,5.0,8.0,0.1,2027513577,8,0.2257166262095625,0.000121762861053,0.8308421490893098,0.8298888169462373,0.8298243976539821,0.8298066177955417,0.001035531293768,0.0011355103029041,0.419118889007366,0.0391332831631772,0.1771920569738982,1.0509210329222718,2,1,0.419118889007366,1.0,1,0.419118889007366,1.0,1,0.419118889007366,1.0,0.4210881033783896,0.0458231115861691,0.1794149483622478,1.0657616792274287,2,1,0.4210881033783896,1.0,1,0.4210881033783896,1.0,2,0.0458231115861691,9.189426226251458,0.5249662596158337,2.105113626647417,2.5553271058904343,,,,,,,0.9084164760285393,0.4368559816760671,0.7201156496042888,0.000121762861053,0.6545278053737139,0.0141165093205555,0.0001547654851662,0.000121762861053,0.1781950058856747,0.0139175080683404,0.0375270688101406,0.0358517299647805,0.7201156496042888,1.0986122886681098,-6.780673123008347,1.0,0.0,0.864913195511384,0.9381802412498856,-9.013435166647632,-1.7180540086244298,1,0.1555551919985685,25,independent_profile_kmeans_holdout_v1,0.4211140051511051,0.0475850286025091,0.1796013402815066,1.0700082915008156,2,1,0.4211140051511051,1.0,1,0.4211140051511051,1.0,2,0.0475850286025091,8.849716339750193,project://predictive_profile_confirmatory64_v1/selected_hmms/confirm_K3_i001131.npz,,,
confirm_K3_i001131,Transformer,0.0552043384778937,0.0535155564437884,32,0.0001660414126926,32.0,32.0,0.0235054540829213,-13.623460670633705,3,bank,independent_confirmatory64,3,1131,5.0,8.0,0.1,2027513577,8,0.2257166262095625,0.000121762861053,0.8308421490893098,0.8298888169462373,0.8298243976539821,0.8298066177955417,0.001035531293768,0.0011355103029041,0.419118889007366,0.0391332831631772,0.1771920569738982,1.0509210329222718,2,1,0.419118889007366,1.0,1,0.419118889007366,1.0,1,0.419118889007366,1.0,0.4210881033783896,0.0458231115861691,0.1794149483622478,1.0657616792274287,2,1,0.4210881033783896,1.0,1,0.4210881033783896,1.0,2,0.0458231115861691,9.189426226251458,0.5249662596158337,2.105113626647417,2.5553271058904343,,,,,,,0.9084164760285393,0.4368559816760671,0.7201156496042888,0.000121762861053,0.6545278053737139,0.0141165093205555,0.0001547654851662,0.000121762861053,0.1781950058856747,0.0139175080683404,0.0375270688101406,0.0358517299647805,0.7201156496042888,1.0986122886681098,-6.780673123008347,1.0,0.0,0.864913195511384,0.9381802412498856,-9.013435166647632,-1.7180540086244298,1,0.1555551919985685,25,independent_profile_kmeans_holdout_v1,0.4211140051511051,0.0475850286025091,0.1796013402815066,1.0700082915008156,2,1,0.4211140051511051,1.0,1,0.4211140051511051,1.0,2,0.0475850286025091,8.849716339750193,project://predictive_profile_confirmatory64_v1/selected_hmms/confirm_K3_i001131.npz,,,
confirm_K3_i001202,GRU,0.0193657831560663,0.0157467678644546,256,0.0095077756382938,256.0,256.0,0.0101039064832122,6.472128071243423,3,bank,independent_confirmatory64,3,1202,1.0,2.0,2.0,2027585267,8,0.1170755791507272,0.0467101762599424,1.9860657789307687,1.9854790912352407,1.985392839271571,1.985379845856866,0.0006859330739026,0.0007981718669825,0.0847400954775096,0.045492361675117,0.0092504387523171,1.7016227868954756,2,2,0.045492361675117,1.862732387530892,2,0.045492361675117,1.862732387530892,2,0.045492361675117,1.862732387530892,0.0905019010934147,0.0494618297333416,0.0106370667020923,1.7147552350680837,2,2,0.0494618297333416,1.8297321708745533,2,0.0494618297333416,1.8297321708745533,2,0.0494618297333416,1.8297321708745533,0.4016074626959631,1.6711438356255948,2.38304747821462,,,,,,,1.9900153151761384,0.956995075499234,0.1976131498940706,0.0467101762599424,0.143882761286916,0.0467101762599424,0.0594553764035693,0.186046055701654,0.1173123065406659,0.1548939599316506,0.1302193020178021,0.1976131498940706,0.1077496732506446,1.0986122886681098,-7.133186611545198,2.0,0.6931471805599453,3.006554023368897,0.8683801216338751,-3.063793230980432,-4.5434105189705605,2,0.0839463629810091,98,independent_profile_kmeans_holdout_v1,0.0912826260482162,0.0500937899173968,0.0108419056065467,1.7177677813591243,2,2,0.0500937899173968,1.8222343767309004,2,0.0500937899173968,1.8222343767309004,2,0.0500937899173968,1.8222343767309004,project://predictive_profile_confirmatory64_v1/selected_hmms/confirm_K3_i001202.npz,,,
confirm_K3_i001202,Transformer,0.0223240340466432,0.0121033059872587,256,0.0133785332264191,256.0,256.0,0.0211790898598821,0.0394311029924072,3,bank,independent_confirmatory64,3,1202,1.0,2.0,2.0,2027585267,8,0.1170755791507272,0.0467101762599424,1.9860657789307687,1.9854790912352407,1.985392839271571,1.985379845856866,0.0006859330739026,0.0007981718669825,0.0847400954775096,0.045492361675117,0.0092504387523171,1.7016227868954756,2,2,0.045492361675117,1.862732387530892,2,0.045492361675117,1.862732387530892,2,0.045492361675117,1.862732387530892,0.0905019010934147,0.0494618297333416,0.0106370667020923,1.7147552350680837,2,2,0.0494618297333416,1.8297321708745533,2,0.0494618297333416,1.8297321708745533,2,0.0494618297333416,1.8297321708745533,0.4016074626959631,1.6711438356255948,2.38304747821462,,,,,,,1.9900153151761384,0.956995075499234,0.1976131498940706,0.0467101762599424,0.143882761286916,0.0467101762599424,0.0594553764035693,0.186046055701654,0.1173123065406659,0.1548939599316506,0.1302193020178021,0.1976131498940706,0.1077496732506446,1.0986122886681098,-7.133186611545198,2.0,0.6931471805599453,3.006554023368897,0.8683801216338751,-3.063793230980432,-4.5434105189705605,2,0.0839463629810091,98,independent_profile_kmeans_holdout_v1,0.0912826260482162,0.0500937899173968,0.0108419056065467,1.7177677813591243,2,2,0.0500937899173968,1.8222343767309004,2,0.0500937899173968,1.8222343767309004,2,0.0500937899173968,1.8222343767309004,project://predictive_profile_confirmatory64_v1/selected_hmms/confirm_K3_i001202.npz,,,
confirm_K3_i001308,GRU,0.0422606600330828,0.0325234985523368,128,0.0050171687013208,128.0,128.0,0.0341209077576165,1.9116763833891448,3,bank,independent_confirmatory64,3,1308,1.0,2.0,0.1,2027692289,8,0.138355920841793,0.000162610976549,1.4248828268050706,1.4216858697779198,1.4215293765331674,1.421521531667375,0.0033612951376955,0.0035334781140325,0.3978037085605494,0.1915268225827467,0.1949303143131694,1.6218657547948585,2,2,0.1915268225827467,2.0770130428529576,2,0.1915268225827467,2.0770130428529576,2,0.1915268225827467,2.0770130428529576,0.4042224014310865,0.1945464283736134,0.2012440626116439,1.6216024012076966,2,2,0.1945464283736134,2.077768298345752,2,0.1945464283736134,2.077768298345752,2,0.1945464283736134,2.077768298345752,0.4583424479106516,1.8461849117448403,2.5485316830297235,,,,,,,1.5135143662150805,0.7278465568175664,0.352404756162304,0.000162610976549,0.3729812106862269,0.352404756162304,0.0198803427090733,0.3181621289460966,0.0813350386295936,0.0353063367314647,0.1733987509219259,0.0193500349229927,0.000162610976549,1.0986122886681098,-5.645472591702102,2.0,0.6931471805599453,1.637084438118378,0.93551738275118,-8.724149856677151,-1.6032368656695106,12,0.2018403975607633,52,independent_profile_kmeans_holdout_v1,0.4045263434871105,0.1946965691861669,0.2015483166279156,1.6216167538871409,2,2,0.1946965691861669,2.0777271277970306,2,0.1946965691861669,2.0777271277970306,2,0.1946965691861669,2.0777271277970306,project://predictive_profile_confirmatory64_v1/selected_hmms/confirm_K3_i001308.npz,,,
confirm_K3_i001308,Transformer,0.0503466276026216,0.0370653986484243,128,0.0157780166408553,128.0,128.0,0.044518421713448,-6.499759772849322,3,bank,independent_confirmatory64,3,1308,1.0,2.0,0.1,2027692289,8,0.138355920841793,0.000162610976549,1.4248828268050706,1.4216858697779198,1.4215293765331674,1.421521531667375,0.0033612951376955,0.0035334781140325,0.3978037085605494,0.1915268225827467,0.1949303143131694,1.6218657547948585,2,2,0.1915268225827467,2.0770130428529576,2,0.1915268225827467,2.0770130428529576,2,0.1915268225827467,2.0770130428529576,0.4042224014310865,0.1945464283736134,0.2012440626116439,1.6216024012076966,2,2,0.1945464283736134,2.077768298345752,2,0.1945464283736134,2.077768298345752,2,0.1945464283736134,2.077768298345752,0.4583424479106516,1.8461849117448403,2.5485316830297235,,,,,,,1.5135143662150805,0.7278465568175664,0.352404756162304,0.000162610976549,0.3729812106862269,0.352404756162304,0.0198803427090733,0.3181621289460966,0.0813350386295936,0.0353063367314647,0.1733987509219259,0.0193500349229927,0.000162610976549,1.0986122886681098,-5.645472591702102,2.0,0.6931471805599453,1.637084438118378,0.93551738275118,-8.724149856677151,-1.6032368656695106,12,0.2018403975607633,52,independent_profile_kmeans_holdout_v1,0.4045263434871105,0.1946965691861669,0.2015483166279156,1.6216167538871409,2,2,0.1946965691861669,2.0777271277970306,2,0.1946965691861669,2.0777271277970306,2,0.1946965691861669,2.0777271277970306,project://predictive_profile_confirmatory64_v1/selected_hmms/confirm_K3_i001308.npz,,,
confirm_K4_i000041,GRU,0.0236318972031764,0.02024821131206,256,0.0028721454688244,256.0,256.0,0.0261935254852913,-1.153211804604484,4,bank,independent_confirmatory64,4,41,1.0,2.0,2.0,2026513087,8,0.1032580491018875,0.0585027622422576,1.958346914491902,1.9562728333339985,1.955941858086481,1.9558919636238672,0.0024549508680347,0.0028857150407797,0.1751131015875797,0.0157181828726919,0.030913704420239,1.0483923198284346,3,1,0.1751131015875797,1.0,1,0.1751131015875797,1.0,1,0.1751131015875797,1.0,0.1883628973326708,0.0171672909534214,0.035777669510481,1.049631484801959,3,1,0.1883628973326708,1.0,1,0.1883628973326708,1.0,1,0.1883628973326708,1.0,0.5055688675568375,2.0225263628902965,3.374737935494758,0.001429964963774,0.0015403052435488,,,,,1.97119804397059,0.9479458808821318,0.2393496923011483,0.0585027622422576,0.1672303823781855,0.0879020883036281,0.0675733532683144,0.1480952875480706,0.177999642442396,0.0585027622422576,0.1420611023536754,0.2393496923011483,0.0785160715405093,1.3862943611198906,-5.847982561973986,1.0,0.0,1.6693848718357711,1.2163176725673797,-2.8386813080426827,-3.3304313368830947,15,0.0927467728627239,40,independent_profile_kmeans_holdout_v1,0.190376373127102,0.0174397060477929,0.036549745316574,1.0500572329906834,3,1,0.190376373127102,1.0,1,0.190376373127102,1.0,1,0.190376373127102,1.0,project://predictive_profile_confirmatory64_v1/selected_hmms/confirm_K4_i000041.npz,0.0015615775712605,,
confirm_K4_i000041,Transformer,0.0262847982598055,0.0162356800467101,8,0.0,,,0.0205216808538578,-0.4055362377182551,4,bank,independent_confirmatory64,4,41,1.0,2.0,2.0,2026513087,8,0.1032580491018875,0.0585027622422576,1.958346914491902,1.9562728333339985,1.955941858086481,1.9558919636238672,0.0024549508680347,0.0028857150407797,0.1751131015875797,0.0157181828726919,0.030913704420239,1.0483923198284346,3,1,0.1751131015875797,1.0,1,0.1751131015875797,1.0,1,0.1751131015875797,1.0,0.1883628973326708,0.0171672909534214,0.035777669510481,1.049631484801959,3,1,0.1883628973326708,1.0,1,0.1883628973326708,1.0,1,0.1883628973326708,1.0,0.5055688675568375,2.0225263628902965,3.374737935494758,0.001429964963774,0.0015403052435488,,,,,1.97119804397059,0.9479458808821318,0.2393496923011483,0.0585027622422576,0.1672303823781855,0.0879020883036281,0.0675733532683144,0.1480952875480706,0.177999642442396,0.0585027622422576,0.1420611023536754,0.2393496923011483,0.0785160715405093,1.3862943611198906,-5.847982561973986,1.0,0.0,1.6693848718357711,1.2163176725673797,-2.8386813080426827,-3.3304313368830947,15,0.0927467728627239,40,independent_profile_kmeans_holdout_v1,0.190376373127102,0.0174397060477929,0.036549745316574,1.0500572329906834,3,1,0.190376373127102,1.0,1,0.190376373127102,1.0,1,0.190376373127102,1.0,project://predictive_profile_confirmatory64_v1/selected_hmms/confirm_K4_i000041.npz,0.0015615775712605,,
confirm_K4_i000216,GRU,0.0420168152208496,0.035842375904853,128,0.0024751896216283,128.0,128.0,0.0138872348287758,1.0686819426404652,4,bank,independent_confirmatory64,4,216,0.2,0.0,0.1,2026689781,8,0.0427776632032049,5.875246324779337e-05,0.5235279384007138,0.4838399124800948,0.4720634988576972,0.4674014342316742,0.0561265041690395,0.0772270470434832,0.8819281911559431,0.4435038469779645,0.974524336752594,1.654165999133101,3,2,0.4435038469779645,1.9885468799547117,2,0.4435038469779645,1.9885468799547117,2,0.4435038469779645,1.9885468799547117,0.9104031142390822,0.5123824569792854,1.0914097522101531,1.7369179831559654,3,2,0.5123824569792854,1.776803834398038,2,0.5123824569792854,1.776803834398038,2,0.5123824569792854,1.776803834398038,0.9332885933395608,14.98994025249677,26.018746989311754,0.0055982240707569,0.00633557998959,,,,,0.9210325964791628,0.442923053145858,0.7238005064222028,5.875246324779337e-05,0.6548561138357356,0.0390761341904723,0.001468874244292,5.875246324779337e-05,0.7238005064222028,0.0078207688539136,0.1586181407382836,0.0546786520624425,0.014478171025145,1.3862943611198906,-2.5610055330055563,2.0,0.6931471805599453,0.6686839465103607,3.2588173162488863,-9.742177478196927,0.0874702112350695,11,0.3108977554709748,22,independent_profile_kmeans_holdout_v1,0.9220705875296484,0.5268316474677556,1.1278087463163051,1.7479137695354865,3,2,0.5268316474677556,1.750218674146912,2,0.5268316474677556,1.750218674146912,2,0.5268316474677556,1.750218674146912,project://predictive_profile_confirmatory64_v1/selected_hmms/confirm_K4_i000216.npz,0.0065569166110591,,
confirm_K4_i000216,Transformer,0.0477301411233096,0.036684833904575,32,0.0139791644109495,32.0,32.0,0.0295638170958181,0.4989698752286194,4,bank,independent_confirmatory64,4,216,0.2,0.0,0.1,2026689781,8,0.0427776632032049,5.875246324779337e-05,0.5235279384007138,0.4838399124800948,0.4720634988576972,0.4674014342316742,0.0561265041690395,0.0772270470434832,0.8819281911559431,0.4435038469779645,0.974524336752594,1.654165999133101,3,2,0.4435038469779645,1.9885468799547117,2,0.4435038469779645,1.9885468799547117,2,0.4435038469779645,1.9885468799547117,0.9104031142390822,0.5123824569792854,1.0914097522101531,1.7369179831559654,3,2,0.5123824569792854,1.776803834398038,2,0.5123824569792854,1.776803834398038,2,0.5123824569792854,1.776803834398038,0.9332885933395608,14.98994025249677,26.018746989311754,0.0055982240707569,0.00633557998959,,,,,0.9210325964791628,0.442923053145858,0.7238005064222028,5.875246324779337e-05,0.6548561138357356,0.0390761341904723,0.001468874244292,5.875246324779337e-05,0.7238005064222028,0.0078207688539136,0.1586181407382836,0.0546786520624425,0.014478171025145,1.3862943611198906,-2.5610055330055563,2.0,0.6931471805599453,0.6686839465103607,3.2588173162488863,-9.742177478196927,0.0874702112350695,11,0.3108977554709748,22,independent_profile_kmeans_holdout_v1,0.9220705875296484,0.5268316474677556,1.1278087463163051,1.7479137695354865,3,2,0.5268316474677556,1.750218674146912,2,0.5268316474677556,1.750218674146912,2,0.5268316474677556,1.750218674146912,project://predictive_profile_confirmatory64_v1/selected_hmms/confirm_K4_i000216.npz,0.0065569166110591,,
confirm_K4_i000247,GRU,0.0344706553193303,0.0268697344965088,256,0.0236734321250226,256.0,256.0,0.0187741769648759,1.1117423191442577,4,bank,independent_confirmatory64,4,247,0.2,2.0,0.5,2026721077,8,0.0156623869176249,0.0205536495159308,1.7046654596345898,1.6919807615888236,1.6838037364034888,1.6785561619155438,0.026109297719046,0.0447814718802708,0.3046071934149332,0.0469727450127204,0.0950584680329494,1.123053423623227,3,1,0.3046071934149332,1.0,1,0.3046071934149332,1.0,2,0.0469727450127204,6.484764587048167,0.3920268279477063,0.0626814621598519,0.1577771542249873,1.132767318508217,3,1,0.3920268279477063,1.0,1,0.3920268279477063,1.0,2,0.0626814621598519,6.254270631848844,0.9091621232620654,11.00862367011262,19.6853927827428,0.0081539547948779,0.0127732022511932,,,,,1.7240070460152843,0.829072138581294,0.3440009040679508,0.0205536495159308,0.3041876848927886,0.0346728221099655,0.2141206806838718,0.3440009040679508,0.0413958682807134,0.1873561074529947,0.0440281154190282,0.0205536495159308,0.1138718524695443,1.3862943611198906,-3.105960799207651,1.0,0.0,0.9364250028913836,2.9798768775998754,-3.884716761791387,-1.84657165782601,13,0.1826324605591023,30,independent_profile_kmeans_holdout_v1,0.4394723289755243,0.0702754140405488,0.1982916589524196,1.1332529766904702,3,1,0.4394723289755243,1.0,1,0.4394723289755243,1.0,2,0.0702754140405488,6.25357153672477,project://predictive_profile_confirmatory64_v1/selected_hmms/confirm_K4_i000247.npz,0.0147342186313923,,
confirm_K4_i000247,Transformer,0.0331747750678261,0.0165446672010912,32,0.0180653611729503,32.0,32.0,0.0452587159521548,0.4395313876543889,4,bank,independent_confirmatory64,4,247,0.2,2.0,0.5,2026721077,8,0.0156623869176249,0.0205536495159308,1.7046654596345898,1.6919807615888236,1.6838037364034888,1.6785561619155438,0.026109297719046,0.0447814718802708,0.3046071934149332,0.0469727450127204,0.0950584680329494,1.123053423623227,3,1,0.3046071934149332,1.0,1,0.3046071934149332,1.0,2,0.0469727450127204,6.484764587048167,0.3920268279477063,0.0626814621598519,0.1577771542249873,1.132767318508217,3,1,0.3920268279477063,1.0,1,0.3920268279477063,1.0,2,0.0626814621598519,6.254270631848844,0.9091621232620654,11.00862367011262,19.6853927827428,0.0081539547948779,0.0127732022511932,,,,,1.7240070460152843,0.829072138581294,0.3440009040679508,0.0205536495159308,0.3041876848927886,0.0346728221099655,0.2141206806838718,0.3440009040679508,0.0413958682807134,0.1873561074529947,0.0440281154190282,0.0205536495159308,0.1138718524695443,1.3862943611198906,-3.105960799207651,1.0,0.0,0.9364250028913836,2.9798768775998754,-3.884716761791387,-1.84657165782601,13,0.1826324605591023,30,independent_profile_kmeans_holdout_v1,0.4394723289755243,0.0702754140405488,0.1982916589524196,1.1332529766904702,3,1,0.4394723289755243,1.0,1,0.4394723289755243,1.0,2,0.0702754140405488,6.25357153672477,project://predictive_profile_confirmatory64_v1/selected_hmms/confirm_K4_i000247.npz,0.0147342186313923,,
confirm_K4_i000363,GRU,0.0436543506431113,0.0366717237854421,128,0.0096398944805995,128.0,128.0,0.0515756369190608,0.1150831546932759,4,bank,independent_confirmatory64,4,363,1.0,2.0,0.1,2026838189,8,0.1756562936473578,0.0001162555270067,1.5102436348393646,1.5042667582415783,1.5033820293447686,1.5032439324451292,0.0069997023942354,0.0081606250903238,0.3787423929141196,0.13585174868096,0.1634627241807893,1.4997870548959638,3,2,0.13585174868096,2.7879095896187107,2,0.13585174868096,2.7879095896187107,2,0.13585174868096,2.7879095896187107,0.3840179220208164,0.1556622332260881,0.1743957800886695,1.6168577015719947,3,2,0.1556622332260881,2.4669948134629305,2,0.1556622332260881,2.4669948134629305,3,0.0519161323920671,7.396890028724391,0.4939453938487946,1.9760713327075368,1.8987067919291227,0.0395123571911533,0.0519161323920671,,,,,1.5897060864978036,0.7644870291537943,0.3861598222362916,0.0001162555270067,0.3639283410971676,0.0355877417184663,0.1035218446021214,0.2904481142678072,0.0823677319651742,0.0001162555270067,0.0481479399981262,0.3861598222362916,0.0536505496850062,1.3862943611198906,-4.808434508733715,2.0,0.6931471805599453,1.860066790733251,0.6411730186078943,-9.059719970482613,-1.7464279645392835,9,0.1409011839432293,51,independent_profile_kmeans_holdout_v1,0.3844629898853892,0.1593447559168374,0.1759859365764552,1.6346714816683596,3,2,0.1593447559168374,2.41277466379905,2,0.1593447559168374,2.41277466379905,3,0.0527578880040304,7.287308200358932,project://predictive_profile_confirmatory64_v1/selected_hmms/confirm_K4_i000363.npz,0.0527578880040304,,
confirm_K4_i000363,Transformer,0.0438031954056792,0.0224686328178488,8,0.0,,,0.048084378670374,-1.9374064438087817,4,bank,independent_confirmatory64,4,363,1.0,2.0,0.1,2026838189,8,0.1756562936473578,0.0001162555270067,1.5102436348393646,1.5042667582415783,1.5033820293447686,1.5032439324451292,0.0069997023942354,0.0081606250903238,0.3787423929141196,0.13585174868096,0.1634627241807893,1.4997870548959638,3,2,0.13585174868096,2.7879095896187107,2,0.13585174868096,2.7879095896187107,2,0.13585174868096,2.7879095896187107,0.3840179220208164,0.1556622332260881,0.1743957800886695,1.6168577015719947,3,2,0.1556622332260881,2.4669948134629305,2,0.1556622332260881,2.4669948134629305,3,0.0519161323920671,7.396890028724391,0.4939453938487946,1.9760713327075368,1.8987067919291227,0.0395123571911533,0.0519161323920671,,,,,1.5897060864978036,0.7644870291537943,0.3861598222362916,0.0001162555270067,0.3639283410971676,0.0355877417184663,0.1035218446021214,0.2904481142678072,0.0823677319651742,0.0001162555270067,0.0481479399981262,0.3861598222362916,0.0536505496850062,1.3862943611198906,-4.808434508733715,2.0,0.6931471805599453,1.860066790733251,0.6411730186078943,-9.059719970482613,-1.7464279645392835,9,0.1409011839432293,51,independent_profile_kmeans_holdout_v1,0.3844629898853892,0.1593447559168374,0.1759859365764552,1.6346714816683596,3,2,0.1593447559168374,2.41277466379905,2,0.1593447559168374,2.41277466379905,3,0.0527578880040304,7.287308200358932,project://predictive_profile_confirmatory64_v1/selected_hmms/confirm_K4_i000363.npz,0.0527578880040304,,
confirm_K4_i000373,GRU,0.0264367305373406,0.0199020456136864,8,0.0,,,0.0145196660953044,33.4259590876074,4,bank,independent_confirmatory64,4,373,5.0,2.0,0.5,2026848279,8,0.2087647373315237,0.0430546285533773,1.9683485060948225,1.968173948236204,1.9681637927149251,1.9681631215316773,0.0001853845631449,0.0001968824509197,0.0835841509221959,0.035247335679676,0.0082314310579112,1.5330658971983682,3,2,0.035247335679676,2.3713608223271043,2,0.035247335679676,2.3713608223271043,2,0.035247335679676,2.3713608223271043,0.0848659201359208,0.0373599300629196,0.0086008565524773,1.562642771643538,3,2,0.0373599300629196,2.271575990452718,2,0.0373599300629196,2.271575990452718,2,0.0373599300629196,2.271575990452718,0.248586815244349,1.330825729821584,1.5765334738963883,0.0016571360870572,0.0016934514030738,,,,,1.9722679324817465,0.9484603884985816,0.2317225341273762,0.0430546285533773,0.1614815134451477,0.1675715503171367,0.0934231934204124,0.0430546285533773,0.1502223789295083,0.106400538564817,0.2317225341273762,0.0632974311470736,0.1443077449402983,1.3862943611198906,-8.532903703158901,2.0,0.6931471805599453,3.287156537600774,0.4552284328231605,-3.1452855381299085,-4.755893481557069,1,0.1151574860041887,169,independent_profile_kmeans_holdout_v1,0.0849200796366303,0.0375268306666521,0.0086225570349639,1.565307146072635,3,2,0.0375268306666521,2.262916375511927,2,0.0375268306666521,2.262916375511927,2,0.0375268306666521,2.262916375511927,project://predictive_profile_confirmatory64_v1/selected_hmms/confirm_K4_i000373.npz,0.0016953140088754,,
confirm_K4_i000373,Transformer,0.0217210425366079,0.0179831252925285,8,0.0,,,0.0263066187100887,-11.182365789900626,4,bank,independent_confirmatory64,4,373,5.0,2.0,0.5,2026848279,8,0.2087647373315237,0.0430546285533773,1.9683485060948225,1.968173948236204,1.9681637927149251,1.9681631215316773,0.0001853845631449,0.0001968824509197,0.0835841509221959,0.035247335679676,0.0082314310579112,1.5330658971983682,3,2,0.035247335679676,2.3713608223271043,2,0.035247335679676,2.3713608223271043,2,0.035247335679676,2.3713608223271043,0.0848659201359208,0.0373599300629196,0.0086008565524773,1.562642771643538,3,2,0.0373599300629196,2.271575990452718,2,0.0373599300629196,2.271575990452718,2,0.0373599300629196,2.271575990452718,0.248586815244349,1.330825729821584,1.5765334738963883,0.0016571360870572,0.0016934514030738,,,,,1.9722679324817465,0.9484603884985816,0.2317225341273762,0.0430546285533773,0.1614815134451477,0.1675715503171367,0.0934231934204124,0.0430546285533773,0.1502223789295083,0.106400538564817,0.2317225341273762,0.0632974311470736,0.1443077449402983,1.3862943611198906,-8.532903703158901,2.0,0.6931471805599453,3.287156537600774,0.4552284328231605,-3.1452855381299085,-4.755893481557069,1,0.1151574860041887,169,independent_profile_kmeans_holdout_v1,0.0849200796366303,0.0375268306666521,0.0086225570349639,1.565307146072635,3,2,0.0375268306666521,2.262916375511927,2,0.0375268306666521,2.262916375511927,2,0.0375268306666521,2.262916375511927,project://predictive_profile_confirmatory64_v1/selected_hmms/confirm_K4_i000373.npz,0.0016953140088754,,
confirm_K4_i000423,GRU,0.0415493646375662,0.0294074403402375,8,0.0,,,0.0378017721964933,-1.3904767149518549,4,bank,independent_confirmatory64,4,423,5.0,0.0,0.1,2026898763,8,0.198644038515125,0.0001799444372173,1.1659071436205055,1.1652840971786282,1.1652308969993277,1.16522769180248,0.0006794518180255,0.0007390623910215,0.2175031782110523,0.053851320964886,0.0502442271570368,1.254317821265453,3,1,0.2175031782110523,1.0,2,0.053851320964886,4.03895715674043,2,0.053851320964886,4.03895715674043,0.2189407779898012,0.0610513790709248,0.0517022459384928,1.3037707778346128,3,1,0.2189407779898012,1.0,2,0.0610513790709248,3.586172520942608,2,0.0610513790709248,3.586172520942608,0.2818856474872512,1.392535877469803,1.3956833973025198,0.0060522603599692,0.0063174983380849,,,,,1.1911035432374557,0.57279972500465,0.4715983741744058,0.0001799444372173,0.4993535112380466,0.072382927573528,0.0422323883523125,0.3799700756930486,0.0077633982214494,0.0041678820628625,0.0217050094851756,0.4715983741744058,0.0001799444372173,1.3862943611198906,-7.210128214298978,2.0,0.6931471805599453,2.7960394894762177,0.333384185855575,-8.62286243685227,-2.962254056660973,0,0.3593221290900175,25,independent_profile_kmeans_holdout_v1,0.2190975491522789,0.0614401140401695,0.0518187469608482,1.3063098343041282,3,1,0.2190975491522789,1.0,2,0.0614401140401695,3.5660342200705024,2,0.0614401140401695,3.5660342200705024,project://predictive_profile_confirmatory64_v1/selected_hmms/confirm_K4_i000423.npz,0.0063342957812184,,
confirm_K4_i000423,Transformer,0.0411977816327116,0.0331096305464136,32,0.0049161631746293,32.0,32.0,0.0337626409052827,-25.21056090923264,4,bank,independent_confirmatory64,4,423,5.0,0.0,0.1,2026898763,8,0.198644038515125,0.0001799444372173,1.1659071436205055,1.1652840971786282,1.1652308969993277,1.16522769180248,0.0006794518180255,0.0007390623910215,0.2175031782110523,0.053851320964886,0.0502442271570368,1.254317821265453,3,1,0.2175031782110523,1.0,2,0.053851320964886,4.03895715674043,2,0.053851320964886,4.03895715674043,0.2189407779898012,0.0610513790709248,0.0517022459384928,1.3037707778346128,3,1,0.2189407779898012,1.0,2,0.0610513790709248,3.586172520942608,2,0.0610513790709248,3.586172520942608,0.2818856474872512,1.392535877469803,1.3956833973025198,0.0060522603599692,0.0063174983380849,,,,,1.1911035432374557,0.57279972500465,0.4715983741744058,0.0001799444372173,0.4993535112380466,0.072382927573528,0.0422323883523125,0.3799700756930486,0.0077633982214494,0.0041678820628625,0.0217050094851756,0.4715983741744058,0.0001799444372173,1.3862943611198906,-7.210128214298978,2.0,0.6931471805599453,2.7960394894762177,0.333384185855575,-8.62286243685227,-2.962254056660973,0,0.3593221290900175,25,independent_profile_kmeans_holdout_v1,0.2190975491522789,0.0614401140401695,0.0518187469608482,1.3063098343041282,3,1,0.2190975491522789,1.0,2,0.0614401140401695,3.5660342200705024,2,0.0614401140401695,3.5660342200705024,project://predictive_profile_confirmatory64_v1/selected_hmms/confirm_K4_i000423.npz,0.0063342957812184,,
confirm_K4_i000448,GRU,0.0431876727684712,0.0410417647186646,256,0.0069691596987932,32.0,32.0,0.0287967159943226,0.4146350080455862,4,bank,independent_confirmatory64,4,448,1.0,8.0,0.5,2026924005,8,0.0877005973656993,0.0332189193412185,1.780835314116302,1.7651722341368257,1.7618563633873392,1.7610978633566257,0.0197374507596763,0.0245703215705899,0.3766936806686127,0.2100193286143088,0.1878234471001547,1.816579548613432,3,2,0.2100193286143088,1.793614345660508,2,0.2100193286143088,1.793614345660508,2,0.2100193286143088,1.793614345660508,0.4136961618692675,0.2371899375359942,0.2307922469697224,1.8734750238573772,3,2,0.2371899375359942,1.7441556170842532,2,0.2371899375359942,1.7441556170842532,3,0.0582122509101849,7.106685541288467,0.6740011663135997,3.067495636999628,5.594733182542929,0.0426286248063778,0.0582122509101849,,,,,1.8527804059275828,0.8909990344959882,0.3520225539083215,0.0332189193412185,0.2623918152068392,0.0817656681078879,0.0332189193412185,0.1092586432158584,0.3520225539083215,0.076065175601394,0.145679522242452,0.1383758855799971,0.0636136320028703,1.3862943611198906,-3.7062160045985983,2.0,0.6931471805599453,1.4388940346133978,1.7218256520732107,-3.404635705692802,-1.4662373368980208,3,0.1879558895486056,86,independent_profile_kmeans_holdout_v1,0.4209532569555657,0.2423304350153221,0.2399872820079213,1.891652805559428,3,2,0.2423304350153221,1.7371043671379929,2,0.2423304350153221,1.7371043671379929,3,0.0637306655520521,6.605191602961551,project://predictive_profile_confirmatory64_v1/selected_hmms/confirm_K4_i000448.npz,0.0637306655520521,,
confirm_K4_i000448,Transformer,0.0338688056671667,0.026541628480236,128,0.0144156611667689,128.0,128.0,0.0418787981913927,0.5529057474179632,4,bank,independent_confirmatory64,4,448,1.0,8.0,0.5,2026924005,8,0.0877005973656993,0.0332189193412185,1.780835314116302,1.7651722341368257,1.7618563633873392,1.7610978633566257,0.0197374507596763,0.0245703215705899,0.3766936806686127,0.2100193286143088,0.1878234471001547,1.816579548613432,3,2,0.2100193286143088,1.793614345660508,2,0.2100193286143088,1.793614345660508,2,0.2100193286143088,1.793614345660508,0.4136961618692675,0.2371899375359942,0.2307922469697224,1.8734750238573772,3,2,0.2371899375359942,1.7441556170842532,2,0.2371899375359942,1.7441556170842532,3,0.0582122509101849,7.106685541288467,0.6740011663135997,3.067495636999628,5.594733182542929,0.0426286248063778,0.0582122509101849,,,,,1.8527804059275828,0.8909990344959882,0.3520225539083215,0.0332189193412185,0.2623918152068392,0.0817656681078879,0.0332189193412185,0.1092586432158584,0.3520225539083215,0.076065175601394,0.145679522242452,0.1383758855799971,0.0636136320028703,1.3862943611198906,-3.7062160045985983,2.0,0.6931471805599453,1.4388940346133978,1.7218256520732107,-3.404635705692802,-1.4662373368980208,3,0.1879558895486056,86,independent_profile_kmeans_holdout_v1,0.4209532569555657,0.2423304350153221,0.2399872820079213,1.891652805559428,3,2,0.2423304350153221,1.7371043671379929,2,0.2423304350153221,1.7371043671379929,3,0.0637306655520521,6.605191602961551,project://predictive_profile_confirmatory64_v1/selected_hmms/confirm_K4_i000448.npz,0.0637306655520521,,
confirm_K4_i000599,GRU,0.0228672337957654,0.0159817425446586,8,0.0,,,0.0173469166943982,1.1453536723016196,4,bank,independent_confirmatory64,4,599,0.2,2.0,2.0,2027076466,8,0.0747669801707973,0.0652369950650868,1.9718188387495408,1.9644980681047328,1.9603139633890787,1.957782720427756,0.0140361183217851,0.0232827089600846,0.2365033154769752,0.0572871770696383,0.0592786170594893,1.2489311135956331,3,1,0.2365033154769752,1.0,2,0.0572871770696383,4.128381386108122,2,0.0572871770696383,4.128381386108122,0.292858045569676,0.0764090030432785,0.0918470294199137,1.290241463440058,3,1,0.292858045569676,1.0,2,0.0764090030432785,3.83276883489501,2,0.0764090030432785,3.83276883489501,0.8764692634816166,8.095151281245567,13.872643683070631,0.0079358787339287,0.015583928226077,,,,,1.9859524403874116,0.9550412457294176,0.2471754620390944,0.0652369950650868,0.1600681311526594,0.1467471782092896,0.1702015822597367,0.0896283888855866,0.0652369950650868,0.2471754620390944,0.078996911669003,0.0943570958814976,0.107656385990705,1.3862943611198906,-3.7600442986238902,2.0,0.6931471805599453,2.5716547488717443,2.6299188205671027,-2.7297285619914105,-2.387630809488929,8,0.1446272876810174,58,independent_profile_kmeans_holdout_v1,0.3220446013376896,0.086688645860799,0.1116536269190591,1.3118004290978873,3,1,0.3220446013376896,1.0,2,0.086688645860799,3.7149571104711376,2,0.086688645860799,3.7149571104711376,project://predictive_profile_confirmatory64_v1/selected_hmms/confirm_K4_i000599.npz,0.0206392913426957,,
confirm_K4_i000599,Transformer,0.0227185747348567,0.0173581420744162,8,0.0,,,0.0333623140791609,0.4234732637318378,4,bank,independent_confirmatory64,4,599,0.2,2.0,2.0,2027076466,8,0.0747669801707973,0.0652369950650868,1.9718188387495408,1.9644980681047328,1.9603139633890787,1.957782720427756,0.0140361183217851,0.0232827089600846,0.2365033154769752,0.0572871770696383,0.0592786170594893,1.2489311135956331,3,1,0.2365033154769752,1.0,2,0.0572871770696383,4.128381386108122,2,0.0572871770696383,4.128381386108122,0.292858045569676,0.0764090030432785,0.0918470294199137,1.290241463440058,3,1,0.292858045569676,1.0,2,0.0764090030432785,3.83276883489501,2,0.0764090030432785,3.83276883489501,0.8764692634816166,8.095151281245567,13.872643683070631,0.0079358787339287,0.015583928226077,,,,,1.9859524403874116,0.9550412457294176,0.2471754620390944,0.0652369950650868,0.1600681311526594,0.1467471782092896,0.1702015822597367,0.0896283888855866,0.0652369950650868,0.2471754620390944,0.078996911669003,0.0943570958814976,0.107656385990705,1.3862943611198906,-3.7600442986238902,2.0,0.6931471805599453,2.5716547488717443,2.6299188205671027,-2.7297285619914105,-2.387630809488929,8,0.1446272876810174,58,independent_profile_kmeans_holdout_v1,0.3220446013376896,0.086688645860799,0.1116536269190591,1.3118004290978873,3,1,0.3220446013376896,1.0,2,0.086688645860799,3.7149571104711376,2,0.086688645860799,3.7149571104711376,project://predictive_profile_confirmatory64_v1/selected_hmms/confirm_K4_i000599.npz,0.0206392913426957,,
confirm_K4_i000654,GRU,0.0451838726635394,0.0374070770236131,32,0.0029466543140709,32.0,32.0,0.038626970080474,1.275771803885827,4,bank,independent_confirmatory64,4,654,0.2,8.0,0.1,2027131995,8,0.036975388292194,0.0008750505820566,0.8856753496562095,0.853664133064591,0.8470754111606197,0.8458633863275855,0.039811963328624,0.0488247348986636,0.9221943937348132,0.679244855054067,1.5699008352427744,2.687936492753027,3,3,0.5080204349132367,1.8152702733155053,3,0.5080204349132367,1.8152702733155053,3,0.5080204349132367,1.8152702733155053,0.9301243137626312,0.7688017148515045,1.8544111885427772,2.859025164504702,3,3,0.6310498179476463,1.4739316727602592,3,0.6310498179476463,1.4739316727602592,3,0.6310498179476463,1.4739316727602592,0.9326355451964689,14.844623962540847,31.079555652077545,0.5080204349132367,0.6310498179476463,,,,,1.367808522723022,0.6577768575393876,0.5711196468175382,0.0008750505820566,0.4939783547974652,0.1092095593193136,0.5711196468175382,0.0154671026159428,0.0517475484972917,0.1478769757806929,0.0325186856928465,0.0711854306943173,0.0008750505820566,1.3862943611198906,-3.019518231856998,3.0,1.0986122886681098,0.4603704687687105,3.436550228488543,-7.041228865212722,0.6175672270961373,14,0.3498719853045614,27,independent_profile_kmeans_holdout_v1,0.932367517381034,0.7946713891813378,1.9267120148595496,2.881586360064727,3,3,0.652610305319246,1.428674217648058,3,0.652610305319246,1.428674217648058,3,0.652610305319246,1.428674217648058,project://predictive_profile_confirmatory64_v1/selected_hmms/confirm_K4_i000654.npz,0.652610305319246,,
confirm_K4_i000654,Transformer,0.0550602598366054,0.0451590850243146,128,0.0319560889194276,128.0,128.0,0.0466452841738254,0.7501488032909909,4,bank,independent_confirmatory64,4,654,0.2,8.0,0.1,2027131995,8,0.036975388292194,0.0008750505820566,0.8856753496562095,0.853664133064591,0.8470754111606197,0.8458633863275855,0.039811963328624,0.0488247348986636,0.9221943937348132,0.679244855054067,1.5699008352427744,2.687936492753027,3,3,0.5080204349132367,1.8152702733155053,3,0.5080204349132367,1.8152702733155053,3,0.5080204349132367,1.8152702733155053,0.9301243137626312,0.7688017148515045,1.8544111885427772,2.859025164504702,3,3,0.6310498179476463,1.4739316727602592,3,0.6310498179476463,1.4739316727602592,3,0.6310498179476463,1.4739316727602592,0.9326355451964689,14.844623962540847,31.079555652077545,0.5080204349132367,0.6310498179476463,,,,,1.367808522723022,0.6577768575393876,0.5711196468175382,0.0008750505820566,0.4939783547974652,0.1092095593193136,0.5711196468175382,0.0154671026159428,0.0517475484972917,0.1478769757806929,0.0325186856928465,0.0711854306943173,0.0008750505820566,1.3862943611198906,-3.019518231856998,3.0,1.0986122886681098,0.4603704687687105,3.436550228488543,-7.041228865212722,0.6175672270961373,14,0.3498719853045614,27,independent_profile_kmeans_holdout_v1,0.932367517381034,0.7946713891813378,1.9267120148595496,2.881586360064727,3,3,0.652610305319246,1.428674217648058,3,0.652610305319246,1.428674217648058,3,0.652610305319246,1.428674217648058,project://predictive_profile_confirmatory64_v1/selected_hmms/confirm_K4_i000654.npz,0.652610305319246,,
confirm_K4_i000678,GRU,0.0500700105312289,0.0287909307153397,8,0.0,,,0.0032058491155844,2.51890592458912,4,bank,independent_confirmatory64,4,678,0.2,2.0,0.1,2027156228,8,0.0548365161656122,0.0008064685082749,1.2733638444690638,1.2595491688538774,1.2566802598706246,1.255164811129834,0.0181990333392296,0.0240988398040633,0.6540236410368723,0.3433199334093739,0.5552359370005097,1.822552824179028,3,2,0.3433199334093739,1.904997576289915,2,0.3433199334093739,1.904997576289915,3,0.0980838278676215,6.668006900378858,0.6599268244879971,0.3771736486033505,0.6007792820080791,2.012349872132763,3,2,0.3771736486033505,1.749663124483015,2,0.3771736486033505,1.749663124483015,3,0.1517099440659823,4.349924644365954,0.7649275981062426,4.254008517988244,5.40722077303836,0.0980838278676215,0.1517099440659823,,,,,1.515325658447748,0.7287176042581232,0.3836758822690306,0.0008064685082749,0.3849901476811941,0.0472116984215508,0.136726851221699,0.061061205519543,0.3154085379717751,0.0141967728349897,0.0409125832531366,0.0008064685082749,0.3836758822690306,1.3862943611198906,-3.725591580554573,2.0,0.6931471805599453,0.9750495912057447,1.687735240533268,-7.122845708557639,-0.5095276631346569,4,0.2235278725985363,64,independent_profile_kmeans_holdout_v1,0.6602455409093215,0.3848654393860158,0.6202333775307729,2.1289325627327584,3,2,0.3848654393860158,1.7155230720706582,3,0.1902309039203127,3.4707585744632565,3,0.1902309039203127,3.4707585744632565,project://predictive_profile_confirmatory64_v1/selected_hmms/confirm_K4_i000678.npz,0.1902309039203127,,
confirm_K4_i000678,Transformer,0.056503694843652,0.0297754064758623,8,0.0,,,0.0480366154358129,-0.9175782079064384,4,bank,independent_confirmatory64,4,678,0.2,2.0,0.1,2027156228,8,0.0548365161656122,0.0008064685082749,1.2733638444690638,1.2595491688538774,1.2566802598706246,1.255164811129834,0.0181990333392296,0.0240988398040633,0.6540236410368723,0.3433199334093739,0.5552359370005097,1.822552824179028,3,2,0.3433199334093739,1.904997576289915,2,0.3433199334093739,1.904997576289915,3,0.0980838278676215,6.668006900378858,0.6599268244879971,0.3771736486033505,0.6007792820080791,2.012349872132763,3,2,0.3771736486033505,1.749663124483015,2,0.3771736486033505,1.749663124483015,3,0.1517099440659823,4.349924644365954,0.7649275981062426,4.254008517988244,5.40722077303836,0.0980838278676215,0.1517099440659823,,,,,1.515325658447748,0.7287176042581232,0.3836758822690306,0.0008064685082749,0.3849901476811941,0.0472116984215508,0.136726851221699,0.061061205519543,0.3154085379717751,0.0141967728349897,0.0409125832531366,0.0008064685082749,0.3836758822690306,1.3862943611198906,-3.725591580554573,2.0,0.6931471805599453,0.9750495912057447,1.687735240533268,-7.122845708557639,-0.5095276631346569,4,0.2235278725985363,64,independent_profile_kmeans_holdout_v1,0.6602455409093215,0.3848654393860158,0.6202333775307729,2.1289325627327584,3,2,0.3848654393860158,1.7155230720706582,3,0.1902309039203127,3.4707585744632565,3,0.1902309039203127,3.4707585744632565,project://predictive_profile_confirmatory64_v1/selected_hmms/confirm_K4_i000678.npz,0.1902309039203127,,
confirm_K4_i000767,GRU,0.0191585818314849,0.0102163646457741,32,0.0108794474871359,32.0,32.0,0.0223379332191485,15.058388146108555,4,bank,independent_confirmatory64,4,767,1.0,0.0,2.0,2027246080,8,0.0145825816794294,0.0401278750943647,1.9702833566089573,1.970174153356505,1.9701666221910847,1.970165983253048,0.0001173733559092,0.0001261823974032,0.0522546716300886,0.0018057874070134,0.0027350069604037,1.013120487637952,3,1,0.0522546716300886,1.0,1,0.0522546716300886,1.0,1,0.0522546716300886,1.0,0.0546142193290844,0.0021803014586504,0.0029887605934449,1.0157459943122638,3,1,0.0546142193290844,1.0,1,0.0546142193290844,1.0,1,0.0546142193290844,1.0,0.3059283164559371,1.4407733721303957,1.7298939271589422,0.0010933366709214,0.0011375087116081,,,,,1.9714820137724984,0.9480824414904568,0.2355762618818833,0.0401278750943647,0.1658479257126096,0.1984065324755124,0.0916872626722557,0.0931944261552029,0.1242697568780551,0.1059629320224796,0.2355762618818833,0.0401278750943647,0.1107749528202458,1.3862943611198906,-8.97778209933484,1.0,0.0,2.9074610028639643,0.5480600928489626,-3.21568404665683,-5.812896494758064,7,0.0986655186914094,33,independent_profile_kmeans_holdout_v1,0.054775976595229,0.0021905968759756,0.003006509410372,1.015786337002348,3,1,0.054775976595229,1.0,1,0.054775976595229,1.0,1,0.054775976595229,1.0,project://predictive_profile_confirmatory64_v1/selected_hmms/confirm_K4_i000767.npz,0.0011415269326478,,
confirm_K4_i000767,Transformer,0.0254351335658568,0.0171511510124844,8,0.0,,,0.0359642758584755,-106.18275670184252,4,bank,independent_confirmatory64,4,767,1.0,0.0,2.0,2027246080,8,0.0145825816794294,0.0401278750943647,1.9702833566089573,1.970174153356505,1.9701666221910847,1.970165983253048,0.0001173733559092,0.0001261823974032,0.0522546716300886,0.0018057874070134,0.0027350069604037,1.013120487637952,3,1,0.0522546716300886,1.0,1,0.0522546716300886,1.0,1,0.0522546716300886,1.0,0.0546142193290844,0.0021803014586504,0.0029887605934449,1.0157459943122638,3,1,0.0546142193290844,1.0,1,0.0546142193290844,1.0,1,0.0546142193290844,1.0,0.3059283164559371,1.4407733721303957,1.7298939271589422,0.0010933366709214,0.0011375087116081,,,,,1.9714820137724984,0.9480824414904568,0.2355762618818833,0.0401278750943647,0.1658479257126096,0.1984065324755124,0.0916872626722557,0.0931944261552029,0.1242697568780551,0.1059629320224796,0.2355762618818833,0.0401278750943647,0.1107749528202458,1.3862943611198906,-8.97778209933484,1.0,0.0,2.9074610028639643,0.5480600928489626,-3.21568404665683,-5.812896494758064,7,0.0986655186914094,33,independent_profile_kmeans_holdout_v1,0.054775976595229,0.0021905968759756,0.003006509410372,1.015786337002348,3,1,0.054775976595229,1.0,1,0.054775976595229,1.0,1,0.054775976595229,1.0,project://predictive_profile_confirmatory64_v1/selected_hmms/confirm_K4_i000767.npz,0.0011415269326478,,
confirm_K4_i000909,GRU,0.0441646410428403,0.0353074949795856,8,0.0,,,0.0113016836843931,119.39447243834417,4,bank,independent_confirmatory64,4,909,5.0,0.0,0.1,2027389443,8,0.1812827223026565,0.0006455071918116,1.6318533017249228,1.6316537487975449,1.6316514294605773,1.6316514066853085,0.0002018950396145,0.0002042599271201,0.1474397420096561,0.0460941807927691,0.0239777963997907,1.389830758974261,3,1,0.1474397420096561,1.0,2,0.0460941807927691,3.19866281326308,2,0.0460941807927691,3.19866281326308,0.1479618696717982,0.0479774253335949,0.0243472364896259,1.4195716541414534,3,2,0.0479774253335949,3.083989368812413,2,0.0479774253335949,3.083989368812413,2,0.0479774253335949,3.083989368812413,0.1386254574625499,1.1609351688688,1.3785049655042427,0.0107072579571208,0.0123567095624635,,,,,1.6435890179982904,0.7903992418418984,0.4107469967112578,0.0006455071918116,0.3484506044516484,0.0562699870338674,0.4107469967112578,0.1351118004148271,0.0006455071918116,0.0859846314403777,0.0407203171211885,0.0623201311596895,0.20820062892698,1.3862943611198906,-8.496117222613842,2.0,0.6931471805599453,3.037024684252694,0.3209995535820405,-7.34547420628085,-3.7153369270799423,5,0.1310262139681117,51,independent_profile_kmeans_holdout_v1,0.1479739462474971,0.0479879861700179,0.0243519910023133,1.4196854537116963,3,2,0.0479879861700179,3.083562325854565,2,0.0479879861700179,3.083562325854565,2,0.0479879861700179,3.083562325854565,project://predictive_profile_confirmatory64_v1/selected_hmms/confirm_K4_i000909.npz,0.0123634710984545,,
confirm_K4_i000909,Transformer,0.0432516254351612,0.0336563531495495,32,0.0227186630599379,32.0,32.0,0.0132461675010167,-14.51860270365836,4,bank,independent_confirmatory64,4,909,5.0,0.0,0.1,2027389443,8,0.1812827223026565,0.0006455071918116,1.6318533017249228,1.6316537487975449,1.6316514294605773,1.6316514066853085,0.0002018950396145,0.0002042599271201,0.1474397420096561,0.0460941807927691,0.0239777963997907,1.389830758974261,3,1,0.1474397420096561,1.0,2,0.0460941807927691,3.19866281326308,2,0.0460941807927691,3.19866281326308,0.1479618696717982,0.0479774253335949,0.0243472364896259,1.4195716541414534,3,2,0.0479774253335949,3.083989368812413,2,0.0479774253335949,3.083989368812413,2,0.0479774253335949,3.083989368812413,0.1386254574625499,1.1609351688688,1.3785049655042427,0.0107072579571208,0.0123567095624635,,,,,1.6435890179982904,0.7903992418418984,0.4107469967112578,0.0006455071918116,0.3484506044516484,0.0562699870338674,0.4107469967112578,0.1351118004148271,0.0006455071918116,0.0859846314403777,0.0407203171211885,0.0623201311596895,0.20820062892698,1.3862943611198906,-8.496117222613842,2.0,0.6931471805599453,3.037024684252694,0.3209995535820405,-7.34547420628085,-3.7153369270799423,5,0.1310262139681117,51,independent_profile_kmeans_holdout_v1,0.1479739462474971,0.0479879861700179,0.0243519910023133,1.4196854537116963,3,2,0.0479879861700179,3.083562325854565,2,0.0479879861700179,3.083562325854565,2,0.0479879861700179,3.083562325854565,project://predictive_profile_confirmatory64_v1/selected_hmms/confirm_K4_i000909.npz,0.0123634710984545,,
confirm_K4_i000949,GRU,0.02944357783964,0.0230247154681758,256,0.0083714260716669,256.0,256.0,0.037953174840189,0.8836666190147714,4,bank,independent_confirmatory64,4,949,0.2,2.0,0.5,2027429837,8,0.0576530240418994,0.0335724938352986,1.689159613779617,1.6243038248553816,1.5971255324174294,1.5844376962822904,0.1047219174973266,0.1572758822055568,0.6663506983316465,0.2963947772311776,0.5352416206245512,1.6217330458067116,3,2,0.2963947772311776,2.248186370071954,2,0.2963947772311776,2.248186370071954,2,0.2963947772311776,2.248186370071954,0.782285183354753,0.3925244848991546,0.778216038395113,1.7765238312338878,3,2,0.3925244848991546,1.9929589451107328,2,0.3925244848991546,1.9929589451107328,3,0.1103198035412806,7.091067589347448,0.9672293051266896,30.51506853504149,43.57440976617328,0.0580388101838658,0.1103198035412806,,,,,1.8501412878641423,0.8897298869818395,0.2900944374353712,0.0335724938352986,0.2411724277175181,0.0474480061007984,0.1479333481709954,0.2900944374353712,0.038617686283244,0.0335724938352986,0.1159512384857954,0.2158591175555536,0.1105236721329431,1.3862943611198906,-1.8497538042233408,2.0,0.6931471805599453,0.9351563617966702,3.774470046074491,-3.3940481831325013,-0.2507511090384138,2,0.2340562543988222,47,independent_profile_kmeans_holdout_v1,0.82002024880691,0.4479212916860107,0.893959909215781,1.891415552323576,3,2,0.4479212916860107,1.8307239776887807,2,0.4479212916860107,1.8307239776887807,3,0.144544862298077,5.673119305450536,project://predictive_profile_confirmatory64_v1/selected_hmms/confirm_K4_i000949.npz,0.144544862298077,,
confirm_K4_i000949,Transformer,0.0415877769247626,0.0377352008636264,128,0.0053533149087508,128.0,128.0,0.062579436581112,0.7094589772887618,4,bank,independent_confirmatory64,4,949,0.2,2.0,0.5,2027429837,8,0.0576530240418994,0.0335724938352986,1.689159613779617,1.6243038248553816,1.5971255324174294,1.5844376962822904,0.1047219174973266,0.1572758822055568,0.6663506983316465,0.2963947772311776,0.5352416206245512,1.6217330458067116,3,2,0.2963947772311776,2.248186370071954,2,0.2963947772311776,2.248186370071954,2,0.2963947772311776,2.248186370071954,0.782285183354753,0.3925244848991546,0.778216038395113,1.7765238312338878,3,2,0.3925244848991546,1.9929589451107328,2,0.3925244848991546,1.9929589451107328,3,0.1103198035412806,7.091067589347448,0.9672293051266896,30.51506853504149,43.57440976617328,0.0580388101838658,0.1103198035412806,,,,,1.8501412878641423,0.8897298869818395,0.2900944374353712,0.0335724938352986,0.2411724277175181,0.0474480061007984,0.1479333481709954,0.2900944374353712,0.038617686283244,0.0335724938352986,0.1159512384857954,0.2158591175555536,0.1105236721329431,1.3862943611198906,-1.8497538042233408,2.0,0.6931471805599453,0.9351563617966702,3.774470046074491,-3.3940481831325013,-0.2507511090384138,2,0.2340562543988222,47,independent_profile_kmeans_holdout_v1,0.82002024880691,0.4479212916860107,0.893959909215781,1.891415552323576,3,2,0.4479212916860107,1.8307239776887807,2,0.4479212916860107,1.8307239776887807,3,0.144544862298077,5.673119305450536,project://predictive_profile_confirmatory64_v1/selected_hmms/confirm_K4_i000949.npz,0.144544862298077,,
confirm_K4_i001008,GRU,0.0378058378918572,0.0334037849769909,8,0.0,,,0.0219959626020997,18.33175440103617,4,bank,independent_confirmatory64,4,1008,1.0,0.0,0.1,2027489402,8,0.1616715595213982,0.0060951481352764,1.6121583926377874,1.6112024288978564,1.6111797657977962,1.61117935012559,0.0009790425121973,0.0010025369566699,0.281498276988986,0.1504838136351066,0.10200927976087,1.713265172023915,3,2,0.1504838136351066,1.870621631583337,2,0.1504838136351066,1.870621631583337,2,0.1504838136351066,1.870621631583337,0.2838702954428783,0.1519356961895413,0.1038387254861403,1.718852474455929,3,2,0.1519356961895413,1.8683581446768585,2,0.1519356961895413,1.8683581446768585,2,0.1519356961895413,1.8683581446768585,0.1901764480975059,1.2348368945935568,1.6901411426917243,0.0110734658954011,0.0131120202376569,,,,,1.6642667602744683,0.800343133921439,0.3783806021959253,0.0060951481352764,0.326608305051404,0.1990469860846203,0.3783806021959253,0.0060951481352764,0.1653226084069363,0.0777444935353377,0.1164940914100941,0.0166705984581972,0.0402454717736123,1.3862943611198906,-6.905221534954337,2.0,0.6931471805599453,1.8842978990319403,0.5248120418333186,-5.10026221195106,-2.2649162999254453,6,0.1896930690655289,67,independent_profile_kmeans_holdout_v1,0.2839333451402617,0.1519605220060365,0.1038828223344674,1.718874875864583,3,2,0.1519605220060365,1.8684678190891093,2,0.1519605220060365,1.8684678190891093,2,0.1519605220060365,1.8684678190891093,project://predictive_profile_confirmatory64_v1/selected_hmms/confirm_K4_i001008.npz,0.0131406850499253,,
confirm_K4_i001008,Transformer,0.03454220886285,0.0326983206753351,128,0.0021622743987343,128.0,128.0,0.0383405910851567,1.2866259127563808,4,bank,independent_confirmatory64,4,1008,1.0,0.0,0.1,2027489402,8,0.1616715595213982,0.0060951481352764,1.6121583926377874,1.6112024288978564,1.6111797657977962,1.61117935012559,0.0009790425121973,0.0010025369566699,0.281498276988986,0.1504838136351066,0.10200927976087,1.713265172023915,3,2,0.1504838136351066,1.870621631583337,2,0.1504838136351066,1.870621631583337,2,0.1504838136351066,1.870621631583337,0.2838702954428783,0.1519356961895413,0.1038387254861403,1.718852474455929,3,2,0.1519356961895413,1.8683581446768585,2,0.1519356961895413,1.8683581446768585,2,0.1519356961895413,1.8683581446768585,0.1901764480975059,1.2348368945935568,1.6901411426917243,0.0110734658954011,0.0131120202376569,,,,,1.6642667602744683,0.800343133921439,0.3783806021959253,0.0060951481352764,0.326608305051404,0.1990469860846203,0.3783806021959253,0.0060951481352764,0.1653226084069363,0.0777444935353377,0.1164940914100941,0.0166705984581972,0.0402454717736123,1.3862943611198906,-6.905221534954337,2.0,0.6931471805599453,1.8842978990319403,0.5248120418333186,-5.10026221195106,-2.2649162999254453,6,0.1896930690655289,67,independent_profile_kmeans_holdout_v1,0.2839333451402617,0.1519605220060365,0.1038828223344674,1.718874875864583,3,2,0.1519605220060365,1.8684678190891093,2,0.1519605220060365,1.8684678190891093,2,0.1519605220060365,1.8684678190891093,project://predictive_profile_confirmatory64_v1/selected_hmms/confirm_K4_i001008.npz,0.0131406850499253,,
confirm_K4_i001076,GRU,0.0165108468156554,0.0119004077359415,32,0.0065402254955347,32.0,32.0,0.0121425579677046,269.8639751055923,4,bank,independent_confirmatory64,4,1076,5.0,2.0,2.0,2027558048,8,0.2295126748939245,0.0706224891569414,2.020199036589233,2.020176681845177,2.0201757117213326,2.020175664182502,2.337240673089269e-05,2.4437608236560493e-05,0.0284730262471939,0.0133494677146055,0.0010207235828973,1.81438461581086,3,2,0.0133494677146055,2.132895996747636,2,0.0133494677146055,2.132895996747636,3,0.0056393324924735,5.049006471101831,0.0291153012889582,0.0135160003080542,0.001067380038655,1.825148796871415,3,2,0.0135160003080542,2.1541358852743118,2,0.0135160003080542,2.1541358852743118,3,0.0060825163527071,4.786719771990379,0.2232733200279918,1.2874541660343617,1.3934069301182923,0.0056393324924735,0.0060825163527071,,,,,2.0206840420475647,0.9717436155551624,0.191946433315244,0.0706224891569414,0.1201538116973669,0.0785729451831692,0.1570952876021984,0.191946433315244,0.1486080308516099,0.1069654357326158,0.0848665849367482,0.1613227932214729,0.0706224891569414,1.3862943611198906,-10.619387291110932,2.0,0.6931471805599453,4.303881087338276,0.3317517771326549,-2.650406641907632,-6.84254819514328,10,0.0937141795712608,92,independent_profile_kmeans_holdout_v1,0.0291432340828395,0.0135212971472115,0.001069412199681,1.825633779302905,3,2,0.0135212971472115,2.155357859940948,2,0.0135212971472115,2.155357859940948,3,0.0061039847911582,4.77446046802971,project://predictive_profile_confirmatory64_v1/selected_hmms/confirm_K4_i001076.npz,0.0061039847911582,,
confirm_K4_i001076,Transformer,0.0196871881093641,0.0137529739248977,8,0.0,,,0.0183820697853983,-543.6981556381567,4,bank,independent_confirmatory64,4,1076,5.0,2.0,2.0,2027558048,8,0.2295126748939245,0.0706224891569414,2.020199036589233,2.020176681845177,2.0201757117213326,2.020175664182502,2.337240673089269e-05,2.4437608236560493e-05,0.0284730262471939,0.0133494677146055,0.0010207235828973,1.81438461581086,3,2,0.0133494677146055,2.132895996747636,2,0.0133494677146055,2.132895996747636,3,0.0056393324924735,5.049006471101831,0.0291153012889582,0.0135160003080542,0.001067380038655,1.825148796871415,3,2,0.0135160003080542,2.1541358852743118,2,0.0135160003080542,2.1541358852743118,3,0.0060825163527071,4.786719771990379,0.2232733200279918,1.2874541660343617,1.3934069301182923,0.0056393324924735,0.0060825163527071,,,,,2.0206840420475647,0.9717436155551624,0.191946433315244,0.0706224891569414,0.1201538116973669,0.0785729451831692,0.1570952876021984,0.191946433315244,0.1486080308516099,0.1069654357326158,0.0848665849367482,0.1613227932214729,0.0706224891569414,1.3862943611198906,-10.619387291110932,2.0,0.6931471805599453,4.303881087338276,0.3317517771326549,-2.650406641907632,-6.84254819514328,10,0.0937141795712608,92,independent_profile_kmeans_holdout_v1,0.0291432340828395,0.0135212971472115,0.001069412199681,1.825633779302905,3,2,0.0135212971472115,2.155357859940948,2,0.0135212971472115,2.155357859940948,3,0.0061039847911582,4.77446046802971,project://predictive_profile_confirmatory64_v1/selected_hmms/confirm_K4_i001076.npz,0.0061039847911582,,
confirm_K4_i001198,GRU,0.0319586567455355,0.0274805935590788,32,0.0127923375187948,32.0,32.0,0.0153127498278942,5.965664231556617,4,bank,independent_confirmatory64,4,1198,1.0,0.0,0.5,2027681231,8,0.1058261987612438,0.0470945777603066,1.8947870038971075,1.892609665557461,1.891680105268227,1.8912844218959484,0.0035025820011589,0.0052235090349501,0.1295206031554161,0.0671971836350203,0.0212937100431702,1.678477013896491,3,2,0.0671971836350203,1.9274707085776657,2,0.0671971836350203,1.9274707085776657,2,0.0671971836350203,1.9274707085776657,0.1533771592283263,0.0709859673456693,0.0285667675080221,1.5951898842426102,3,2,0.0709859673456693,2.1606687203605923,2,0.0709859673456693,2.1606687203605923,2,0.0709859673456693,2.1606687203605923,0.6958810695434937,3.2881872841618964,2.8378259737225657,0.0016315369897048,0.0017908029122035,,,,,1.901856395877464,0.914599596938458,0.2836041794849246,0.0470945777603066,0.2177805619007925,0.0564230753477317,0.2836041794849246,0.0587365217042883,0.1937857239379508,0.1226820591568168,0.1527292160297269,0.0470945777603066,0.084944646578254,1.3862943611198906,-5.254585874014585,2.0,0.6931471805599453,2.645273064493518,1.043038256816321,-3.055597406448649,-3.555511212016962,12,0.1643079742278259,138,independent_profile_kmeans_holdout_v1,0.1625883773133416,0.0721689151493409,0.0316465899573736,1.5655141524032166,3,2,0.0721689151493409,2.2528865367713147,2,0.0721689151493409,2.2528865367713147,2,0.0721689151493409,2.2528865367713147,project://predictive_profile_confirmatory64_v1/selected_hmms/confirm_K4_i001198.npz,0.0018047731589701,,
confirm_K4_i001198,Transformer,0.0346484128834542,0.0251241481359413,32,0.0023865076618248,32.0,32.0,0.0310555002937641,1.031545374246416,4,bank,independent_confirmatory64,4,1198,1.0,0.0,0.5,2027681231,8,0.1058261987612438,0.0470945777603066,1.8947870038971075,1.892609665557461,1.891680105268227,1.8912844218959484,0.0035025820011589,0.0052235090349501,0.1295206031554161,0.0671971836350203,0.0212937100431702,1.678477013896491,3,2,0.0671971836350203,1.9274707085776657,2,0.0671971836350203,1.9274707085776657,2,0.0671971836350203,1.9274707085776657,0.1533771592283263,0.0709859673456693,0.0285667675080221,1.5951898842426102,3,2,0.0709859673456693,2.1606687203605923,2,0.0709859673456693,2.1606687203605923,2,0.0709859673456693,2.1606687203605923,0.6958810695434937,3.2881872841618964,2.8378259737225657,0.0016315369897048,0.0017908029122035,,,,,1.901856395877464,0.914599596938458,0.2836041794849246,0.0470945777603066,0.2177805619007925,0.0564230753477317,0.2836041794849246,0.0587365217042883,0.1937857239379508,0.1226820591568168,0.1527292160297269,0.0470945777603066,0.084944646578254,1.3862943611198906,-5.254585874014585,2.0,0.6931471805599453,2.645273064493518,1.043038256816321,-3.055597406448649,-3.555511212016962,12,0.1643079742278259,138,independent_profile_kmeans_holdout_v1,0.1625883773133416,0.0721689151493409,0.0316465899573736,1.5655141524032166,3,2,0.0721689151493409,2.2528865367713147,2,0.0721689151493409,2.2528865367713147,2,0.0721689151493409,2.2528865367713147,project://predictive_profile_confirmatory64_v1/selected_hmms/confirm_K4_i001198.npz,0.0018047731589701,,
confirm_K5_i000202,GRU,0.0340765003933458,0.0244878538445907,8,0.0,,,0.0097163548674061,4.589930188816664,5,bank,independent_confirmatory64,5,202,1.0,2.0,0.5,2026775638,8,0.1081436946263339,0.0384551471914732,1.8935646414575609,1.8905818784768589,1.8901325682445256,1.8900558607671785,0.0035087806903826,0.0041115058774108,0.206208968261029,0.0894560789950301,0.0520533721524411,1.7761261906388426,4,2,0.0894560789950301,2.3051420381669683,2,0.0894560789950301,2.3051420381669683,3,0.0329007557535477,6.267605820537818,0.2193694899183534,0.0966755813374158,0.0591621549057999,1.7846742183178803,4,2,0.0966755813374158,2.2691302900234223,2,0.0966755813374158,2.2691302900234223,3,0.033813683551485,6.487595164967445,0.4745926775999163,1.9032852367415745,2.5033684244341545,0.0329007557535477,0.033813683551485,0.0211277959769438,0.0234445852280238,,,1.9159851337940776,0.9213940836472312,0.2710324881624765,0.0384551471914732,0.2035270653948649,0.2710324881624765,0.114123328410497,0.0443993811652045,0.1437554231193921,0.184316675629848,0.1249911005399973,0.0384551471914732,0.0789264557811109,1.6094379124341005,-5.493965924049098,2.0,0.6931471805599453,2.3363944281899087,0.9176371947596812,-3.2582627248514444,-2.827473216755586,4,0.1033473781454425,87,independent_profile_kmeans_holdout_v1,0.2209740619872549,0.0984119904630159,0.0602401177927751,1.793277820913758,4,2,0.0984119904630159,2.245397750290385,2,0.0984119904630159,2.245397750290385,3,0.0339691726151802,6.505135243962497,project://predictive_profile_confirmatory64_v1/selected_hmms/confirm_K5_i000202.npz,0.0339691726151802,0.0239114442595034,
confirm_K5_i000202,Transformer,0.0286868020934458,0.0148959775356026,32,0.0203379213896157,32.0,32.0,0.0211106954123452,0.6467526221064039,5,bank,independent_confirmatory64,5,202,1.0,2.0,0.5,2026775638,8,0.1081436946263339,0.0384551471914732,1.8935646414575609,1.8905818784768589,1.8901325682445256,1.8900558607671785,0.0035087806903826,0.0041115058774108,0.206208968261029,0.0894560789950301,0.0520533721524411,1.7761261906388426,4,2,0.0894560789950301,2.3051420381669683,2,0.0894560789950301,2.3051420381669683,3,0.0329007557535477,6.267605820537818,0.2193694899183534,0.0966755813374158,0.0591621549057999,1.7846742183178803,4,2,0.0966755813374158,2.2691302900234223,2,0.0966755813374158,2.2691302900234223,3,0.033813683551485,6.487595164967445,0.4745926775999163,1.9032852367415745,2.5033684244341545,0.0329007557535477,0.033813683551485,0.0211277959769438,0.0234445852280238,,,1.9159851337940776,0.9213940836472312,0.2710324881624765,0.0384551471914732,0.2035270653948649,0.2710324881624765,0.114123328410497,0.0443993811652045,0.1437554231193921,0.184316675629848,0.1249911005399973,0.0384551471914732,0.0789264557811109,1.6094379124341005,-5.493965924049098,2.0,0.6931471805599453,2.3363944281899087,0.9176371947596812,-3.2582627248514444,-2.827473216755586,4,0.1033473781454425,87,independent_profile_kmeans_holdout_v1,0.2209740619872549,0.0984119904630159,0.0602401177927751,1.793277820913758,4,2,0.0984119904630159,2.245397750290385,2,0.0984119904630159,2.245397750290385,3,0.0339691726151802,6.505135243962497,project://predictive_profile_confirmatory64_v1/selected_hmms/confirm_K5_i000202.npz,0.0339691726151802,0.0239114442595034,
confirm_K5_i000246,GRU,0.0497439732638511,0.0426669831084218,32,0.0013833518742585,32.0,32.0,0.0139386174644483,1.6871583755298447,5,bank,independent_confirmatory64,5,246,0.2,2.0,0.1,2026820068,8,0.0590198571473624,0.0004853448086321,1.0344651570009795,1.0269224428647448,1.023309567462301,1.0211877681870805,0.013277388813899,0.0211338627667838,0.5382805159920186,0.1295419547457316,0.3083885761409119,1.2831768261695644,4,1,0.5382805159920186,1.0,2,0.1295419547457316,4.155260101243415,2,0.1295419547457316,4.155260101243415,0.5495435146455683,0.1767468560474894,0.3431215465988717,1.5693736140809116,4,2,0.1767468560474894,3.1092123895992443,2,0.1767468560474894,3.1092123895992443,3,0.082269397991606,6.6798047398090645,0.7889032218988078,4.737163726490586,5.033334549522694,0.0416559913855627,0.082269397991606,0.0112393321251221,0.0558190571516089,,,1.1806825487028467,0.5677882859592464,0.5692588797689462,0.0004853448086321,0.5249240518651689,0.0367145954430955,0.0004853448086321,0.004856290277125,0.018676020490732,0.1102682370533845,0.5692588797689462,0.0097093166736828,0.2500313154844015,1.6094379124341005,-3.8568786544648455,2.0,0.6931471805599453,1.7330367619309006,1.616082696779765,-7.630650973995699,-1.0696705313260122,7,0.1633043134770203,24,independent_profile_kmeans_holdout_v1,0.5543314158103986,0.2011697797277015,0.3619298464038681,1.707193534588054,4,2,0.2011697797277015,2.755540203706183,2,0.2011697797277015,2.755540203706183,4,0.0654512185459793,8.469382665824353,project://predictive_profile_confirmatory64_v1/selected_hmms/confirm_K5_i000246.npz,0.0994654993686837,0.0654512185459793,
confirm_K5_i000246,Transformer,0.0443364266157046,0.0350599723176557,128,0.0028749730229088,128.0,128.0,0.0343955834771646,-1.1343552044233016,5,bank,independent_confirmatory64,5,246,0.2,2.0,0.1,2026820068,8,0.0590198571473624,0.0004853448086321,1.0344651570009795,1.0269224428647448,1.023309567462301,1.0211877681870805,0.013277388813899,0.0211338627667838,0.5382805159920186,0.1295419547457316,0.3083885761409119,1.2831768261695644,4,1,0.5382805159920186,1.0,2,0.1295419547457316,4.155260101243415,2,0.1295419547457316,4.155260101243415,0.5495435146455683,0.1767468560474894,0.3431215465988717,1.5693736140809116,4,2,0.1767468560474894,3.1092123895992443,2,0.1767468560474894,3.1092123895992443,3,0.082269397991606,6.6798047398090645,0.7889032218988078,4.737163726490586,5.033334549522694,0.0416559913855627,0.082269397991606,0.0112393321251221,0.0558190571516089,,,1.1806825487028467,0.5677882859592464,0.5692588797689462,0.0004853448086321,0.5249240518651689,0.0367145954430955,0.0004853448086321,0.004856290277125,0.018676020490732,0.1102682370533845,0.5692588797689462,0.0097093166736828,0.2500313154844015,1.6094379124341005,-3.8568786544648455,2.0,0.6931471805599453,1.7330367619309006,1.616082696779765,-7.630650973995699,-1.0696705313260122,7,0.1633043134770203,24,independent_profile_kmeans_holdout_v1,0.5543314158103986,0.2011697797277015,0.3619298464038681,1.707193534588054,4,2,0.2011697797277015,2.755540203706183,2,0.2011697797277015,2.755540203706183,4,0.0654512185459793,8.469382665824353,project://predictive_profile_confirmatory64_v1/selected_hmms/confirm_K5_i000246.npz,0.0994654993686837,0.0654512185459793,
confirm_K5_i000312,GRU,0.0456291387767429,0.0435921956391048,128,0.0001934997981967,128.0,128.0,0.0500207182173252,0.8472137036688516,5,bank,independent_confirmatory64,5,312,1.0,8.0,0.1,2026886696,8,0.1279210621968441,0.0127980272569954,1.4227544818611757,1.386183937594926,1.3749062794422358,1.3706369785438657,0.0521175033173098,0.0719337632667402,0.620003150738927,0.2773243954402042,0.5117014846577763,2.1285060625503216,4,2,0.2773243954402042,2.235660334731028,3,0.2153142118022607,2.879527298961216,3,0.2153142118022607,2.879527298961216,0.6586767063480008,0.3721369489083842,0.6318801766036871,2.360755846233193,4,2,0.3721369489083842,1.769984701277699,3,0.2198378097905858,2.996193907569613,4,0.1058801292116394,6.220966212001868,0.8458972901283287,6.489178553918668,7.76568444969773,0.2153142118022607,0.2198378097905858,0.0634708407166327,0.1058801292116394,,,1.6311408809270187,0.784412953301555,0.3775687262219803,0.0127980272569954,0.3392093217594621,0.0413656861933723,0.2044133783336718,0.014255899803557,0.1970234278058983,0.0363870679764805,0.0127980272569954,0.1161877864080442,0.3775687262219803,1.6094379124341005,-2.632009538012652,3.0,1.0986122886681098,1.5148652327407492,2.0497145982019287,-4.358464240481591,-0.4590554967919983,14,0.1559288010790869,57,independent_profile_kmeans_holdout_v1,0.6705681795089848,0.3978588098446526,0.675335247968816,2.4596518170110504,4,2,0.3978588098446526,1.6854425814293617,3,0.220192976477502,3.045365888759396,4,0.137466305463545,4.878054860409513,project://predictive_profile_confirmatory64_v1/selected_hmms/confirm_K5_i000312.npz,0.220192976477502,0.137466305463545,
confirm_K5_i000312,Transformer,0.056164426211536,0.0405054214872988,128,0.0140770278935382,128.0,128.0,0.0800838366304159,0.128960614236736,5,bank,independent_confirmatory64,5,312,1.0,8.0,0.1,2026886696,8,0.1279210621968441,0.0127980272569954,1.4227544818611757,1.386183937594926,1.3749062794422358,1.3706369785438657,0.0521175033173098,0.0719337632667402,0.620003150738927,0.2773243954402042,0.5117014846577763,2.1285060625503216,4,2,0.2773243954402042,2.235660334731028,3,0.2153142118022607,2.879527298961216,3,0.2153142118022607,2.879527298961216,0.6586767063480008,0.3721369489083842,0.6318801766036871,2.360755846233193,4,2,0.3721369489083842,1.769984701277699,3,0.2198378097905858,2.996193907569613,4,0.1058801292116394,6.220966212001868,0.8458972901283287,6.489178553918668,7.76568444969773,0.2153142118022607,0.2198378097905858,0.0634708407166327,0.1058801292116394,,,1.6311408809270187,0.784412953301555,0.3775687262219803,0.0127980272569954,0.3392093217594621,0.0413656861933723,0.2044133783336718,0.014255899803557,0.1970234278058983,0.0363870679764805,0.0127980272569954,0.1161877864080442,0.3775687262219803,1.6094379124341005,-2.632009538012652,3.0,1.0986122886681098,1.5148652327407492,2.0497145982019287,-4.358464240481591,-0.4590554967919983,14,0.1559288010790869,57,independent_profile_kmeans_holdout_v1,0.6705681795089848,0.3978588098446526,0.675335247968816,2.4596518170110504,4,2,0.3978588098446526,1.6854425814293617,3,0.220192976477502,3.045365888759396,4,0.137466305463545,4.878054860409513,project://predictive_profile_confirmatory64_v1/selected_hmms/confirm_K5_i000312.npz,0.220192976477502,0.137466305463545,
confirm_K5_i000511,GRU,0.0266159549591425,0.0210812161260007,32,0.0036991429939587,32.0,32.0,0.0223815848860827,0.9769032304632166,5,bank,independent_confirmatory64,5,511,5.0,8.0,0.5,2027087606,8,0.1708315936960361,0.038960733670702,1.914118235902952,1.9129262460257896,1.9127540996446897,1.9127275506224544,0.001390685280497,0.0016159297060671,0.1190699290794425,0.0960946200529967,0.0251974333841312,2.409765258804996,4,2,0.0960946200529967,1.2390904820038289,3,0.0422378549086338,2.81903352660799,3,0.0422378549086338,2.81903352660799,0.1220681177422094,0.1058317738845835,0.0280202598667345,2.4269631212373337,4,2,0.1058317738845835,1.153416533255246,3,0.043783278195993,2.788007722852076,3,0.043783278195993,2.788007722852076,0.4193246974258391,1.7221328263264393,1.9668425832057663,0.0422378549086338,0.043783278195993,0.0012541860847413,0.001514821594557,,,1.924884688703968,0.9256738648921036,0.2664170763805642,0.038960733670702,0.1991123490400068,0.1630750516485493,0.0694535729000664,0.0739723168113952,0.038960733670702,0.2664170763805642,0.0727925101953183,0.1465806175130006,0.1687481208804036,1.6094379124341005,-6.427844818550144,3.0,1.0986122886681098,3.1285033108420714,0.6764295073309109,-3.245200969001587,-3.574827463785998,6,0.075253854731877,100,independent_profile_kmeans_holdout_v1,0.1223660572362042,0.1072804100021719,0.0284133992982229,2.4278430850243256,4,2,0.1072804100021719,1.1406188439597396,3,0.0439147934297758,2.786442737841402,3,0.0439147934297758,2.786442737841402,project://predictive_profile_confirmatory64_v1/selected_hmms/confirm_K5_i000511.npz,0.0439147934297758,0.0015335848443746,
confirm_K5_i000511,Transformer,0.0358271401721575,0.0303524116389648,256,0.0094546678855637,256.0,256.0,0.0285807737890568,-1.3974751967074432,5,bank,independent_confirmatory64,5,511,5.0,8.0,0.5,2027087606,8,0.1708315936960361,0.038960733670702,1.914118235902952,1.9129262460257896,1.9127540996446897,1.9127275506224544,0.001390685280497,0.0016159297060671,0.1190699290794425,0.0960946200529967,0.0251974333841312,2.409765258804996,4,2,0.0960946200529967,1.2390904820038289,3,0.0422378549086338,2.81903352660799,3,0.0422378549086338,2.81903352660799,0.1220681177422094,0.1058317738845835,0.0280202598667345,2.4269631212373337,4,2,0.1058317738845835,1.153416533255246,3,0.043783278195993,2.788007722852076,3,0.043783278195993,2.788007722852076,0.4193246974258391,1.7221328263264393,1.9668425832057663,0.0422378549086338,0.043783278195993,0.0012541860847413,0.001514821594557,,,1.924884688703968,0.9256738648921036,0.2664170763805642,0.038960733670702,0.1991123490400068,0.1630750516485493,0.0694535729000664,0.0739723168113952,0.038960733670702,0.2664170763805642,0.0727925101953183,0.1465806175130006,0.1687481208804036,1.6094379124341005,-6.427844818550144,3.0,1.0986122886681098,3.1285033108420714,0.6764295073309109,-3.245200969001587,-3.574827463785998,6,0.075253854731877,100,independent_profile_kmeans_holdout_v1,0.1223660572362042,0.1072804100021719,0.0284133992982229,2.4278430850243256,4,2,0.1072804100021719,1.1406188439597396,3,0.0439147934297758,2.786442737841402,3,0.0439147934297758,2.786442737841402,project://predictive_profile_confirmatory64_v1/selected_hmms/confirm_K5_i000511.npz,0.0439147934297758,0.0015335848443746,
confirm_K5_i000543,GRU,0.0545781893479044,0.0431671236016962,32,0.0185521706314366,32.0,32.0,0.0632447208218864,0.8919825208924497,5,bank,independent_confirmatory64,5,543,0.2,2.0,0.1,2027119928,8,0.0514940254307765,0.0003276250276485,1.1187185978462848,0.9932208792737128,0.9479340748269844,0.9301750150568197,0.1885435827894652,0.2693485067765235,0.7877701575425622,0.6427004576241893,1.1937369957310855,2.655807399714418,4,3,0.4001136787930654,1.9688658481231,3,0.4001136787930654,1.9688658481231,3,0.4001136787930654,1.9688658481231,0.874691457988592,0.7846345795126771,1.6522320510202593,2.805508379679023,4,3,0.5179910608440477,1.6886226888999087,3,0.5179910608440477,1.6886226888999087,3,0.5179910608440477,1.6886226888999087,0.9748434434708898,39.75106842793999,46.02264126620212,0.4001136787930654,0.5179910608440477,0.0005834627579509,0.0563980661075615,,,1.5083153460569885,0.7253463566177127,0.3622500529536314,0.0003276250276485,0.3619733192907824,0.0603721808174414,0.0008523847973412,0.3622500529536314,0.094880629977921,0.0003276250276485,0.2776874651138389,0.0172312412624897,0.1863984200496876,1.6094379124341005,-1.311749173674475,3.0,1.0986122886681098,0.6577972939293818,3.829133476836875,-8.023640811929845,0.5021271319535457,3,0.2872291182331306,28,independent_profile_kmeans_holdout_v1,0.908075780204891,0.8255510938187612,1.8167936969718437,2.892499570252925,4,3,0.543343427847597,1.6712740665735966,3,0.543343427847597,1.6712740665735966,3,0.543343427847597,1.6712740665735966,project://predictive_profile_confirmatory64_v1/selected_hmms/confirm_K5_i000543.npz,0.543343427847597,0.1242392260382848,
confirm_K5_i000543,Transformer,0.0503888236241697,0.0455187788980324,32,0.0013560171050682,32.0,32.0,0.0856713439278892,0.8630697761877224,5,bank,independent_confirmatory64,5,543,0.2,2.0,0.1,2027119928,8,0.0514940254307765,0.0003276250276485,1.1187185978462848,0.9932208792737128,0.9479340748269844,0.9301750150568197,0.1885435827894652,0.2693485067765235,0.7877701575425622,0.6427004576241893,1.1937369957310855,2.655807399714418,4,3,0.4001136787930654,1.9688658481231,3,0.4001136787930654,1.9688658481231,3,0.4001136787930654,1.9688658481231,0.874691457988592,0.7846345795126771,1.6522320510202593,2.805508379679023,4,3,0.5179910608440477,1.6886226888999087,3,0.5179910608440477,1.6886226888999087,3,0.5179910608440477,1.6886226888999087,0.9748434434708898,39.75106842793999,46.02264126620212,0.4001136787930654,0.5179910608440477,0.0005834627579509,0.0563980661075615,,,1.5083153460569885,0.7253463566177127,0.3622500529536314,0.0003276250276485,0.3619733192907824,0.0603721808174414,0.0008523847973412,0.3622500529536314,0.094880629977921,0.0003276250276485,0.2776874651138389,0.0172312412624897,0.1863984200496876,1.6094379124341005,-1.311749173674475,3.0,1.0986122886681098,0.6577972939293818,3.829133476836875,-8.023640811929845,0.5021271319535457,3,0.2872291182331306,28,independent_profile_kmeans_holdout_v1,0.908075780204891,0.8255510938187612,1.8167936969718437,2.892499570252925,4,3,0.543343427847597,1.6712740665735966,3,0.543343427847597,1.6712740665735966,3,0.543343427847597,1.6712740665735966,project://predictive_profile_confirmatory64_v1/selected_hmms/confirm_K5_i000543.npz,0.543343427847597,0.1242392260382848,
confirm_K5_i000626,GRU,0.0223283199612375,0.0167272831107285,32,0.0105816135310942,32.0,32.0,0.0237848584757886,1.1688469634136511,5,bank,independent_confirmatory64,5,626,0.2,2.0,2.0,2027203726,8,0.058877032608551,0.0630084587697976,1.9760507053474323,1.9720614503617304,1.968815369018794,1.9662392615122952,0.0098114438351371,0.0182097401910712,0.1461507224467839,0.0855430424415201,0.0292146273797757,1.9209938129689412,4,2,0.0855430424415201,1.708505078559686,2,0.0855430424415201,1.708505078559686,3,0.0225809627169407,6.472298115843335,0.198327076315533,0.1191954740670082,0.0542793544285795,1.9093140008035432,4,2,0.1191954740670082,1.663880930613517,2,0.1191954740670082,1.663880930613517,3,0.0259363529754904,7.646683267418119,0.9183532049431232,12.24787818435958,18.92914125360626,0.0225809627169407,0.0259363529754904,0.0052040100579517,0.0080913401228847,,,1.980770769991408,0.9525493890014728,0.2234890807473434,0.0630084587697976,0.1604602275621833,0.075731126946609,0.1980897386582935,0.0803191369166361,0.158247673369663,0.0630084587697976,0.1088710321886824,0.0922437524029746,0.2234890807473434,1.6094379124341005,-4.005798652721048,2.0,0.6931471805599453,2.126990494308245,2.940702599881953,-2.7644862954162384,-2.913611337443241,10,0.1965902747238294,62,independent_profile_kmeans_holdout_v1,0.2320371937414141,0.1412517349580798,0.0746761054932625,1.9066411368088765,4,2,0.1412517349580798,1.6427210172694675,2,0.1412517349580798,1.6427210172694675,3,0.0278334700836389,8.336624684027813,project://predictive_profile_confirmatory64_v1/selected_hmms/confirm_K5_i000626.npz,0.0278334700836389,0.0103967075705505,
confirm_K5_i000626,Transformer,0.0260154243976163,0.0214839770583674,128,0.0084300197855771,128.0,128.0,0.0378511985050282,-0.8250765432903835,5,bank,independent_confirmatory64,5,626,0.2,2.0,2.0,2027203726,8,0.058877032608551,0.0630084587697976,1.9760507053474323,1.9720614503617304,1.968815369018794,1.9662392615122952,0.0098114438351371,0.0182097401910712,0.1461507224467839,0.0855430424415201,0.0292146273797757,1.9209938129689412,4,2,0.0855430424415201,1.708505078559686,2,0.0855430424415201,1.708505078559686,3,0.0225809627169407,6.472298115843335,0.198327076315533,0.1191954740670082,0.0542793544285795,1.9093140008035432,4,2,0.1191954740670082,1.663880930613517,2,0.1191954740670082,1.663880930613517,3,0.0259363529754904,7.646683267418119,0.9183532049431232,12.24787818435958,18.92914125360626,0.0225809627169407,0.0259363529754904,0.0052040100579517,0.0080913401228847,,,1.980770769991408,0.9525493890014728,0.2234890807473434,0.0630084587697976,0.1604602275621833,0.075731126946609,0.1980897386582935,0.0803191369166361,0.158247673369663,0.0630084587697976,0.1088710321886824,0.0922437524029746,0.2234890807473434,1.6094379124341005,-4.005798652721048,2.0,0.6931471805599453,2.126990494308245,2.940702599881953,-2.7644862954162384,-2.913611337443241,10,0.1965902747238294,62,independent_profile_kmeans_holdout_v1,0.2320371937414141,0.1412517349580798,0.0746761054932625,1.9066411368088765,4,2,0.1412517349580798,1.6427210172694675,2,0.1412517349580798,1.6427210172694675,3,0.0278334700836389,8.336624684027813,project://predictive_profile_confirmatory64_v1/selected_hmms/confirm_K5_i000626.npz,0.0278334700836389,0.0103967075705505,
confirm_K5_i000634,GRU,0.0268866537173832,0.0187846507237735,8,0.0,,,0.0206083573393429,0.1428882627819887,5,bank,independent_confirmatory64,5,634,1.0,2.0,0.5,2027211798,8,0.0179577864262817,0.0356735263849775,1.8978302926469808,1.893253901400629,1.891310317548108,1.8904788307853135,0.0073514618616674,0.0109580192397773,0.1884111220634341,0.0347462894744115,0.0370417316937415,1.2177193188357336,4,1,0.1884111220634341,1.0,1,0.1884111220634341,1.0,2,0.0347462894744115,5.422481793406657,0.2238998557938124,0.0386394405101641,0.052101775099149,1.201705682723186,4,1,0.2238998557938124,1.0,1,0.2238998557938124,1.0,2,0.0386394405101641,5.7945936286245,0.755749686919848,4.094160565812028,6.386693395167277,0.0177877071119903,0.0212952763381975,0.0043901731170572,0.0049126894264036,,,1.9091257146995044,0.9180954003435244,0.2525496215886849,0.0356735263849775,0.2078175772325079,0.0827480483847156,0.1950053510411576,0.1981168120606746,0.0356735263849775,0.0633343143422105,0.0936277103605383,0.2525496215886849,0.0789446158370408,1.6094379124341005,-4.51368374009292,1.0,0.0,1.4965563994427875,1.854216668912916,-3.3333464231303336,-2.9545562598022785,9,0.1207723211038262,27,independent_profile_kmeans_holdout_v1,0.2374148639133548,0.0400790722221774,0.0585057286907616,1.1962629050969884,4,1,0.2374148639133548,1.0,1,0.2374148639133548,1.0,2,0.0400790722221774,5.92366167054095,project://predictive_profile_confirmatory64_v1/selected_hmms/confirm_K5_i000634.npz,0.0225387530916101,0.0050580295224272,
confirm_K5_i000634,Transformer,0.033886419733812,0.0259837521892766,256,0.0058764698812536,256.0,256.0,0.0213732663534487,1.0644865882233043,5,bank,independent_confirmatory64,5,634,1.0,2.0,0.5,2027211798,8,0.0179577864262817,0.0356735263849775,1.8978302926469808,1.893253901400629,1.891310317548108,1.8904788307853135,0.0073514618616674,0.0109580192397773,0.1884111220634341,0.0347462894744115,0.0370417316937415,1.2177193188357336,4,1,0.1884111220634341,1.0,1,0.1884111220634341,1.0,2,0.0347462894744115,5.422481793406657,0.2238998557938124,0.0386394405101641,0.052101775099149,1.201705682723186,4,1,0.2238998557938124,1.0,1,0.2238998557938124,1.0,2,0.0386394405101641,5.7945936286245,0.755749686919848,4.094160565812028,6.386693395167277,0.0177877071119903,0.0212952763381975,0.0043901731170572,0.0049126894264036,,,1.9091257146995044,0.9180954003435244,0.2525496215886849,0.0356735263849775,0.2078175772325079,0.0827480483847156,0.1950053510411576,0.1981168120606746,0.0356735263849775,0.0633343143422105,0.0936277103605383,0.2525496215886849,0.0789446158370408,1.6094379124341005,-4.51368374009292,1.0,0.0,1.4965563994427875,1.854216668912916,-3.3333464231303336,-2.9545562598022785,9,0.1207723211038262,27,independent_profile_kmeans_holdout_v1,0.2374148639133548,0.0400790722221774,0.0585057286907616,1.1962629050969884,4,1,0.2374148639133548,1.0,1,0.2374148639133548,1.0,2,0.0400790722221774,5.92366167054095,project://predictive_profile_confirmatory64_v1/selected_hmms/confirm_K5_i000634.npz,0.0225387530916101,0.0050580295224272,
confirm_K5_i000723,GRU,0.033101695864803,0.0269016206355846,32,0.0009026151343711,32.0,32.0,0.0212174381234013,-8.972212551812666,5,bank,independent_confirmatory64,5,723,5.0,2.0,0.1,2027301650,8,0.1699298000335843,0.0005429435884044,1.4414097195787998,1.441108902823147,1.4410887337307825,1.4410870385251675,0.000322681053632,0.0003462405572258,0.1628043338586118,0.0332488622505027,0.0279447959648847,1.260656827385151,4,1,0.1628043338586118,1.0,2,0.0332488622505027,4.896538493017158,3,0.0181673892495661,8.96135001139472,0.1642007490560425,0.0354796284395587,0.0286005040253498,1.287596804254347,4,1,0.1642007490560425,1.0,2,0.0354796284395587,4.6280289923488445,3,0.0190777725800949,8.606914060154168,0.2654967933193818,1.36146444413663,1.4110145661456708,0.0181673892495661,0.0190777725800949,0.0020009919140759,0.0039815316095038,,,1.4551216894590278,0.6997656150908366,0.3817681454789952,0.0005429435884044,0.38787955252073,0.1549931355245598,0.1129163634313935,0.3817681454789952,0.0275655040317866,0.3032719758416966,0.0005429435884044,0.012404534170082,0.0065373979330818,1.6094379124341005,-7.968376772384423,2.0,0.6931471805599453,3.338796593986836,0.3443089960956848,-7.518505132185036,-3.554330938047636,2,0.3170410341265881,33,independent_profile_kmeans_holdout_v1,0.1642945796097247,0.0356274963570515,0.0286435168955705,1.2891402291140082,4,1,0.1642945796097247,1.0,2,0.0356274963570515,4.611454533969989,3,0.0190942458080914,8.60440266984007,project://predictive_profile_confirmatory64_v1/selected_hmms/confirm_K5_i000723.npz,0.0190942458080914,0.0041108742115113,
confirm_K5_i000723,Transformer,0.0350410682739735,0.0232747910845385,32,0.0205761680866423,32.0,32.0,0.0156802530505025,9.355258838387094,5,bank,independent_confirmatory64,5,723,5.0,2.0,0.1,2027301650,8,0.1699298000335843,0.0005429435884044,1.4414097195787998,1.441108902823147,1.4410887337307825,1.4410870385251675,0.000322681053632,0.0003462405572258,0.1628043338586118,0.0332488622505027,0.0279447959648847,1.260656827385151,4,1,0.1628043338586118,1.0,2,0.0332488622505027,4.896538493017158,3,0.0181673892495661,8.96135001139472,0.1642007490560425,0.0354796284395587,0.0286005040253498,1.287596804254347,4,1,0.1642007490560425,1.0,2,0.0354796284395587,4.6280289923488445,3,0.0190777725800949,8.606914060154168,0.2654967933193818,1.36146444413663,1.4110145661456708,0.0181673892495661,0.0190777725800949,0.0020009919140759,0.0039815316095038,,,1.4551216894590278,0.6997656150908366,0.3817681454789952,0.0005429435884044,0.38787955252073,0.1549931355245598,0.1129163634313935,0.3817681454789952,0.0275655040317866,0.3032719758416966,0.0005429435884044,0.012404534170082,0.0065373979330818,1.6094379124341005,-7.968376772384423,2.0,0.6931471805599453,3.338796593986836,0.3443089960956848,-7.518505132185036,-3.554330938047636,2,0.3170410341265881,33,independent_profile_kmeans_holdout_v1,0.1642945796097247,0.0356274963570515,0.0286435168955705,1.2891402291140082,4,1,0.1642945796097247,1.0,2,0.0356274963570515,4.611454533969989,3,0.0190942458080914,8.60440266984007,project://predictive_profile_confirmatory64_v1/selected_hmms/confirm_K5_i000723.npz,0.0190942458080914,0.0041108742115113,
confirm_K5_i000744,GRU,0.0418751556343111,0.0327498228190377,8,0.0,,,0.0338762332357444,1.1840535586181422,5,bank,independent_confirmatory64,5,744,1.0,8.0,0.1,2027322856,8,0.1153116685719948,0.0004520671988742,1.4622670528680597,1.447852050977226,1.4440206349740503,1.4422519893713317,0.0200150634967279,0.027383770705341,0.490411528824224,0.3658920151473449,0.3901689331865039,2.268627505571821,4,2,0.3658920151473449,1.3403176580028264,2,0.3658920151473449,1.3403176580028264,4,0.0668673566825437,7.334094738520592,0.4964197164943422,0.4031077253449148,0.4456232495500877,2.586159593171008,4,2,0.4031077253449148,1.2314815253654243,3,0.162122427657938,3.062005199809477,4,0.102035262744357,4.865178009470028,0.7250559899737513,3.637104150421501,3.687214437075379,0.1063825899501222,0.162122427657938,0.0668673566825437,0.102035262744357,,,1.6201846131133597,0.7791441022210827,0.3582046813940619,0.0004520671988742,0.3334855097617978,0.0144904709101934,0.3582046813940619,0.0527318706801808,0.1347055903944335,0.2567210740929373,0.1370158403273713,0.0004520671988742,0.0456784050019474,1.6094379124341005,-3.5978047510970423,3.0,1.0986122886681098,1.8194035028835032,1.3048712778741278,-7.701679719106642,-0.8082814158996361,11,0.1035002119544307,42,independent_profile_kmeans_holdout_v1,0.4979111892347521,0.4099887673204427,0.4646718461384194,2.725613514013088,4,3,0.1854523358674318,2.684847224521763,3,0.1854523358674318,2.684847224521763,4,0.1194693917521617,4.1676883252880765,project://predictive_profile_confirmatory64_v1/selected_hmms/confirm_K5_i000744.npz,0.1854523358674318,0.1194693917521617,
confirm_K5_i000744,Transformer,0.0497973443130532,0.0394803840173194,8,0.0,,,0.0405352790512123,0.4124692453082716,5,bank,independent_confirmatory64,5,744,1.0,8.0,0.1,2027322856,8,0.1153116685719948,0.0004520671988742,1.4622670528680597,1.447852050977226,1.4440206349740503,1.4422519893713317,0.0200150634967279,0.027383770705341,0.490411528824224,0.3658920151473449,0.3901689331865039,2.268627505571821,4,2,0.3658920151473449,1.3403176580028264,2,0.3658920151473449,1.3403176580028264,4,0.0668673566825437,7.334094738520592,0.4964197164943422,0.4031077253449148,0.4456232495500877,2.586159593171008,4,2,0.4031077253449148,1.2314815253654243,3,0.162122427657938,3.062005199809477,4,0.102035262744357,4.865178009470028,0.7250559899737513,3.637104150421501,3.687214437075379,0.1063825899501222,0.162122427657938,0.0668673566825437,0.102035262744357,,,1.6201846131133597,0.7791441022210827,0.3582046813940619,0.0004520671988742,0.3334855097617978,0.0144904709101934,0.3582046813940619,0.0527318706801808,0.1347055903944335,0.2567210740929373,0.1370158403273713,0.0004520671988742,0.0456784050019474,1.6094379124341005,-3.5978047510970423,3.0,1.0986122886681098,1.8194035028835032,1.3048712778741278,-7.701679719106642,-0.8082814158996361,11,0.1035002119544307,42,independent_profile_kmeans_holdout_v1,0.4979111892347521,0.4099887673204427,0.4646718461384194,2.725613514013088,4,3,0.1854523358674318,2.684847224521763,3,0.1854523358674318,2.684847224521763,4,0.1194693917521617,4.1676883252880765,project://predictive_profile_confirmatory64_v1/selected_hmms/confirm_K5_i000744.npz,0.1854523358674318,0.1194693917521617,
confirm_K5_i000807,GRU,0.0368866938847902,0.0281553056933962,128,0.0194805656254889,128.0,128.0,0.0173479453062143,3.6014133825284618,5,bank,independent_confirmatory64,5,807,5.0,8.0,0.1,2027386457,8,0.1553200366274001,0.006502431292419,1.66241229049339,1.6601688842786495,1.6599375311887845,1.6599069349134836,0.0025053555799063,0.0027979012203731,0.289016944735226,0.0927382161695482,0.0966761087468392,1.6487513674089809,4,2,0.0927382161695482,3.116481604593643,2,0.0927382161695482,3.116481604593643,3,0.0641333012954108,4.506503468517173,0.2938983074948732,0.0984820096499115,0.1017177822761626,1.715782512954937,4,2,0.0984820096499115,2.984284221449548,3,0.0717386392657754,4.096792335383537,3,0.0717386392657754,4.096792335383537,0.4517462528249895,1.8239729416400792,2.121756974087698,0.0641333012954108,0.0717386392657754,0.0207811772861094,0.0222806763681271,,,1.708623789804752,0.8216743560987408,0.3616879395708334,0.006502431292419,0.3092144244099856,0.1805672371972979,0.0412584283000383,0.0395755927220335,0.1268116185420265,0.006502431292419,0.0580440628270145,0.1855526895483366,0.3616879395708334,1.6094379124341005,-5.878885707017092,3.0,1.0986122886681098,2.63472577463838,0.752244506812971,-5.035579127030392,-2.285553140905739,8,0.1511778827128652,77,independent_profile_kmeans_holdout_v1,0.294211078693317,0.0994820736805903,0.1022606169086359,1.7275439457813246,4,2,0.0994820736805903,2.9574280853648864,3,0.0727951520310215,4.041630115257389,3,0.0727951520310215,4.041630115257389,project://predictive_profile_confirmatory64_v1/selected_hmms/confirm_K5_i000807.npz,0.0727951520310215,0.0224642146477637,
confirm_K5_i000807,Transformer,0.0400020860465765,0.0360319516069072,32,0.0007954606060594,32.0,32.0,0.0079058137123908,4.770661838626685,5,bank,independent_confirmatory64,5,807,5.0,8.0,0.1,2027386457,8,0.1553200366274001,0.006502431292419,1.66241229049339,1.6601688842786495,1.6599375311887845,1.6599069349134836,0.0025053555799063,0.0027979012203731,0.289016944735226,0.0927382161695482,0.0966761087468392,1.6487513674089809,4,2,0.0927382161695482,3.116481604593643,2,0.0927382161695482,3.116481604593643,3,0.0641333012954108,4.506503468517173,0.2938983074948732,0.0984820096499115,0.1017177822761626,1.715782512954937,4,2,0.0984820096499115,2.984284221449548,3,0.0717386392657754,4.096792335383537,3,0.0717386392657754,4.096792335383537,0.4517462528249895,1.8239729416400792,2.121756974087698,0.0641333012954108,0.0717386392657754,0.0207811772861094,0.0222806763681271,,,1.708623789804752,0.8216743560987408,0.3616879395708334,0.006502431292419,0.3092144244099856,0.1805672371972979,0.0412584283000383,0.0395755927220335,0.1268116185420265,0.006502431292419,0.0580440628270145,0.1855526895483366,0.3616879395708334,1.6094379124341005,-5.878885707017092,3.0,1.0986122886681098,2.63472577463838,0.752244506812971,-5.035579127030392,-2.285553140905739,8,0.1511778827128652,77,independent_profile_kmeans_holdout_v1,0.294211078693317,0.0994820736805903,0.1022606169086359,1.7275439457813246,4,2,0.0994820736805903,2.9574280853648864,3,0.0727951520310215,4.041630115257389,3,0.0727951520310215,4.041630115257389,project://predictive_profile_confirmatory64_v1/selected_hmms/confirm_K5_i000807.npz,0.0727951520310215,0.0224642146477637,
confirm_K5_i000834,GRU,0.0454244064385952,0.0343148367041021,128,0.0008237638223448,128.0,128.0,0.0510189164940557,-2.548274759390785,5,bank,independent_confirmatory64,5,834,5.0,8.0,0.1,2027413717,8,0.1663399225025158,0.0025951604426658,1.5936006217124508,1.590645103631183,1.5902305696346928,1.5901675238694706,0.0034330978429801,0.0039737233699148,0.3118628091581975,0.1846862085916953,0.1352464952928722,1.987939263408165,4,2,0.1846862085916953,1.6886090820547646,2,0.1846862085916953,1.6886090820547646,3,0.0621652766359644,5.016672104339603,0.3174990548075332,0.1929052622659433,0.1423159624250648,2.024985005929802,4,2,0.1929052622659433,1.645880734812834,2,0.1929052622659433,1.645880734812834,3,0.0643103484287146,4.936982345220343,0.515606985201261,2.06443934872903,2.010700117754748,0.0621652766359644,0.0643103484287146,0.0038165814060101,0.0127299448731244,,,1.6533471812180625,0.7950919264036818,0.3433200861559285,0.0025951604426658,0.3154589469698272,0.3433200861559285,0.2425171403487323,0.0739691674133152,0.0059330921429983,0.0593246174526891,0.0025951604426658,0.1654413403668032,0.1068993956768671,1.6094379124341005,-5.528051747261594,2.0,0.6931471805599453,1.645556079681299,0.698482978713519,-5.954106936658625,-1.9497056057215827,5,0.1999927846826351,61,independent_profile_kmeans_holdout_v1,0.318220857301273,0.194198454182754,0.1433200863240733,2.0298358269696326,4,2,0.194198454182754,1.638637437359853,2,0.194198454182754,1.638637437359853,3,0.0644994649106291,4.933697632099763,project://predictive_profile_confirmatory64_v1/selected_hmms/confirm_K5_i000834.npz,0.0644994649106291,0.0135037669480578,
confirm_K5_i000834,Transformer,0.0360785866962694,0.0281357992913317,128,0.0066719259408592,128.0,128.0,0.0253645469013891,4.562607364690305,5,bank,independent_confirmatory64,5,834,5.0,8.0,0.1,2027413717,8,0.1663399225025158,0.0025951604426658,1.5936006217124508,1.590645103631183,1.5902305696346928,1.5901675238694706,0.0034330978429801,0.0039737233699148,0.3118628091581975,0.1846862085916953,0.1352464952928722,1.987939263408165,4,2,0.1846862085916953,1.6886090820547646,2,0.1846862085916953,1.6886090820547646,3,0.0621652766359644,5.016672104339603,0.3174990548075332,0.1929052622659433,0.1423159624250648,2.024985005929802,4,2,0.1929052622659433,1.645880734812834,2,0.1929052622659433,1.645880734812834,3,0.0643103484287146,4.936982345220343,0.515606985201261,2.06443934872903,2.010700117754748,0.0621652766359644,0.0643103484287146,0.0038165814060101,0.0127299448731244,,,1.6533471812180625,0.7950919264036818,0.3433200861559285,0.0025951604426658,0.3154589469698272,0.3433200861559285,0.2425171403487323,0.0739691674133152,0.0059330921429983,0.0593246174526891,0.0025951604426658,0.1654413403668032,0.1068993956768671,1.6094379124341005,-5.528051747261594,2.0,0.6931471805599453,1.645556079681299,0.698482978713519,-5.954106936658625,-1.9497056057215827,5,0.1999927846826351,61,independent_profile_kmeans_holdout_v1,0.318220857301273,0.194198454182754,0.1433200863240733,2.0298358269696326,4,2,0.194198454182754,1.638637437359853,2,0.194198454182754,1.638637437359853,3,0.0644994649106291,4.933697632099763,project://predictive_profile_confirmatory64_v1/selected_hmms/confirm_K5_i000834.npz,0.0644994649106291,0.0135037669480578,
confirm_K5_i000841,GRU,0.0385227745601724,0.0323895298073655,128,0.0007567071475391,128.0,128.0,0.0549479138721704,0.8463244805297374,5,bank,independent_confirmatory64,5,841,0.2,2.0,0.5,2027420797,8,0.020185637765119,0.0200032686502312,1.7605353065569882,1.7126393763285472,1.6899480451916542,1.6784659481923103,0.0820693583646778,0.1277248835002586,0.4279891358292287,0.407606654028451,0.3743987983843685,2.521660326779337,4,2,0.407606654028451,1.0500052724834934,3,0.1416408091839467,3.02165130441613,4,0.0708434524989144,6.041336506514658,0.5812398540486376,0.5478166697890026,0.677563659742819,2.4576090613972514,4,2,0.5478166697890026,1.0610116232361246,3,0.1826986204140342,3.181413481565562,3,0.1826986204140342,3.181413481565562,0.9566204447339842,23.05233407460532,23.40302701803129,0.1416408091839467,0.1826986204140342,0.0708434524989144,0.0790063428367166,,,1.8331664689666671,0.8815667246340476,0.2447425584016354,0.0200032686502312,0.2301325572233041,0.1712971426875064,0.0294383825307782,0.0368574961123308,0.183184348583997,0.2447425584016354,0.11793316410094,0.0200032686502312,0.1965436389325806,1.6094379124341005,-2.05787667587954,3.0,1.0986122886681098,1.6999173667266627,3.1528653737423324,-3.911859586270221,-0.3892517679224729,0,0.2325571387751708,40,independent_profile_kmeans_holdout_v1,0.6575415465297563,0.5810853861288003,0.8162207414960165,2.429960074721095,4,2,0.5810853861288003,1.1315747431032606,3,0.1985492126927978,3.311730817825639,3,0.1985492126927978,3.311730817825639,project://predictive_profile_confirmatory64_v1/selected_hmms/confirm_K5_i000841.npz,0.1985492126927978,0.0823276396472408,
confirm_K5_i000841,Transformer,0.049255507281379,0.0428774215762806,8,0.0,,,0.0995651130248785,0.2522805877574001,5,bank,independent_confirmatory64,5,841,0.2,2.0,0.5,2027420797,8,0.020185637765119,0.0200032686502312,1.7605353065569882,1.7126393763285472,1.6899480451916542,1.6784659481923103,0.0820693583646778,0.1277248835002586,0.4279891358292287,0.407606654028451,0.3743987983843685,2.521660326779337,4,2,0.407606654028451,1.0500052724834934,3,0.1416408091839467,3.02165130441613,4,0.0708434524989144,6.041336506514658,0.5812398540486376,0.5478166697890026,0.677563659742819,2.4576090613972514,4,2,0.5478166697890026,1.0610116232361246,3,0.1826986204140342,3.181413481565562,3,0.1826986204140342,3.181413481565562,0.9566204447339842,23.05233407460532,23.40302701803129,0.1416408091839467,0.1826986204140342,0.0708434524989144,0.0790063428367166,,,1.8331664689666671,0.8815667246340476,0.2447425584016354,0.0200032686502312,0.2301325572233041,0.1712971426875064,0.0294383825307782,0.0368574961123308,0.183184348583997,0.2447425584016354,0.11793316410094,0.0200032686502312,0.1965436389325806,1.6094379124341005,-2.05787667587954,3.0,1.0986122886681098,1.6999173667266627,3.1528653737423324,-3.911859586270221,-0.3892517679224729,0,0.2325571387751708,40,independent_profile_kmeans_holdout_v1,0.6575415465297563,0.5810853861288003,0.8162207414960165,2.429960074721095,4,2,0.5810853861288003,1.1315747431032606,3,0.1985492126927978,3.311730817825639,3,0.1985492126927978,3.311730817825639,project://predictive_profile_confirmatory64_v1/selected_hmms/confirm_K5_i000841.npz,0.1985492126927978,0.0823276396472408,
confirm_K5_i000848,GRU,0.0194233614807613,0.0133869237116072,32,0.0071566494031996,32.0,32.0,0.0115738291250902,74.20750394606449,5,bank,independent_confirmatory64,5,848,1.0,0.0,2.0,2027427860,8,0.1038162243391641,0.0670866352995387,2.0181754540386674,2.018126611251597,2.018121076623209,2.018120491136388,5.496290227924305e-05,6.166850430888715e-05,0.0349473339381654,0.0163556680856925,0.0015326339485113,1.807003064304152,4,2,0.0163556680856925,2.1367108793762046,2,0.0163556680856925,2.1367108793762046,3,0.0064983915776427,5.3778436587907406,0.035963338833915,0.0172826503091602,0.0016435054850688,1.8517182300061936,4,2,0.0172826503091602,2.0808925824792994,2,0.0172826503091602,2.0808925824792994,3,0.0068553399146361,5.246032914740427,0.2771758051357652,1.3834622680108626,1.5727040393438392,0.0064983915776427,0.0068553399146361,0.0012573096277368,0.0021114113601826,,,2.018886115298863,0.9708789955537512,0.2099301162850367,0.0670866352995387,0.1244064569916359,0.1548061838364093,0.2099301162850367,0.0921569335572046,0.0829821479882595,0.1221464687176444,0.0670866352995387,0.1136405025599007,0.1572510117560059,1.6094379124341005,-9.693737222394484,2.0,0.6931471805599453,4.058052152994176,0.4527964559246984,-2.701770430706452,-6.410923827433983,15,0.049314024535734,82,independent_profile_kmeans_holdout_v1,0.0360799965233774,0.0173758120319167,0.0016559457101104,1.8558026460644983,4,2,0.0173758120319167,2.0764495182788494,2,0.0173758120319167,2.0764495182788494,3,0.0068849546360075,5.240411655682244,project://predictive_profile_confirmatory64_v1/selected_hmms/confirm_K5_i000848.npz,0.0068849546360075,0.0022041136257343,
confirm_K5_i000848,Transformer,0.0233076122958292,0.0188527205868161,32,0.0040530208845448,32.0,32.0,0.0184589054393011,-88.47735740412257,5,bank,independent_confirmatory64,5,848,1.0,0.0,2.0,2027427860,8,0.1038162243391641,0.0670866352995387,2.0181754540386674,2.018126611251597,2.018121076623209,2.018120491136388,5.496290227924305e-05,6.166850430888715e-05,0.0349473339381654,0.0163556680856925,0.0015326339485113,1.807003064304152,4,2,0.0163556680856925,2.1367108793762046,2,0.0163556680856925,2.1367108793762046,3,0.0064983915776427,5.3778436587907406,0.035963338833915,0.0172826503091602,0.0016435054850688,1.8517182300061936,4,2,0.0172826503091602,2.0808925824792994,2,0.0172826503091602,2.0808925824792994,3,0.0068553399146361,5.246032914740427,0.2771758051357652,1.3834622680108626,1.5727040393438392,0.0064983915776427,0.0068553399146361,0.0012573096277368,0.0021114113601826,,,2.018886115298863,0.9708789955537512,0.2099301162850367,0.0670866352995387,0.1244064569916359,0.1548061838364093,0.2099301162850367,0.0921569335572046,0.0829821479882595,0.1221464687176444,0.0670866352995387,0.1136405025599007,0.1572510117560059,1.6094379124341005,-9.693737222394484,2.0,0.6931471805599453,4.058052152994176,0.4527964559246984,-2.701770430706452,-6.410923827433983,15,0.049314024535734,82,independent_profile_kmeans_holdout_v1,0.0360799965233774,0.0173758120319167,0.0016559457101104,1.8558026460644983,4,2,0.0173758120319167,2.0764495182788494,2,0.0173758120319167,2.0764495182788494,3,0.0068849546360075,5.240411655682244,project://predictive_profile_confirmatory64_v1/selected_hmms/confirm_K5_i000848.npz,0.0068849546360075,0.0022041136257343,
confirm_K5_i000922,GRU,0.0302213988729519,0.0203199152478626,8,0.0,,,0.0487721475032768,0.1795283988916002,5,bank,independent_confirmatory64,5,922,0.2,2.0,0.5,2027502577,8,0.0849711793527227,0.0270275221105892,1.8715824272785957,1.8502535112974845,1.8421741949512147,1.838843305576066,0.0327391217025292,0.0474802167990962,0.3576003444197579,0.1983284047660202,0.1840758905588958,2.253035933912892,4,2,0.1983284047660202,1.8030717528416575,3,0.1282723642522064,2.7878206385644506,3,0.1282723642522064,2.7878206385644506,0.4108989659910989,0.2449283384298682,0.2537666767489288,2.352426154348186,4,2,0.2449283384298682,1.6776293369121682,3,0.1550093196815358,2.6508016862165715,3,0.1550093196815358,2.6508016862165715,0.6234016481315168,2.655348848550519,5.1506725432799145,0.1282723642522064,0.1550093196815358,0.020246695085402,0.0301817219890766,,,1.930088606091752,0.928176420161621,0.1963109054594635,0.0270275221105892,0.1823778168310501,0.0884823675250784,0.0544709008118698,0.0842221622981461,0.1889993477795586,0.1945176869588358,0.0270275221105892,0.1659691070564583,0.1963109054594635,1.6094379124341005,-3.047442143137021,3.0,1.0986122886681098,1.864270036892794,1.6391272970775306,-3.6108995947201983,-1.3713400296076377,13,0.1082453643150279,79,independent_profile_kmeans_holdout_v1,0.4288227354475338,0.2607101001530286,0.2801392553495737,2.3799158884828424,4,3,0.1651179032088468,2.59706989438416,3,0.1651179032088468,2.59706989438416,3,0.1651179032088468,2.59706989438416,project://predictive_profile_confirmatory64_v1/selected_hmms/confirm_K5_i000922.npz,0.1651179032088468,0.0318847711451685,
confirm_K5_i000922,Transformer,0.0299920971590183,0.0256778362294771,32,0.0116480693103056,32.0,32.0,0.0527363242773018,0.3026818122843633,5,bank,independent_confirmatory64,5,922,0.2,2.0,0.5,2027502577,8,0.0849711793527227,0.0270275221105892,1.8715824272785957,1.8502535112974845,1.8421741949512147,1.838843305576066,0.0327391217025292,0.0474802167990962,0.3576003444197579,0.1983284047660202,0.1840758905588958,2.253035933912892,4,2,0.1983284047660202,1.8030717528416575,3,0.1282723642522064,2.7878206385644506,3,0.1282723642522064,2.7878206385644506,0.4108989659910989,0.2449283384298682,0.2537666767489288,2.352426154348186,4,2,0.2449283384298682,1.6776293369121682,3,0.1550093196815358,2.6508016862165715,3,0.1550093196815358,2.6508016862165715,0.6234016481315168,2.655348848550519,5.1506725432799145,0.1282723642522064,0.1550093196815358,0.020246695085402,0.0301817219890766,,,1.930088606091752,0.928176420161621,0.1963109054594635,0.0270275221105892,0.1823778168310501,0.0884823675250784,0.0544709008118698,0.0842221622981461,0.1889993477795586,0.1945176869588358,0.0270275221105892,0.1659691070564583,0.1963109054594635,1.6094379124341005,-3.047442143137021,3.0,1.0986122886681098,1.864270036892794,1.6391272970775306,-3.6108995947201983,-1.3713400296076377,13,0.1082453643150279,79,independent_profile_kmeans_holdout_v1,0.4288227354475338,0.2607101001530286,0.2801392553495737,2.3799158884828424,4,3,0.1651179032088468,2.59706989438416,3,0.1651179032088468,2.59706989438416,3,0.1651179032088468,2.59706989438416,project://predictive_profile_confirmatory64_v1/selected_hmms/confirm_K5_i000922.npz,0.1651179032088468,0.0318847711451685,
confirm_K5_i000940,GRU,0.0246873978424149,0.0232995491099467,128,0.0017897986159583,128.0,128.0,0.0274193152686562,-93.28234594327046,5,bank,independent_confirmatory64,5,940,5.0,2.0,0.5,2027520739,8,0.1451830967886204,0.0510944738335452,1.983919535478593,1.9838193477283572,1.9838151191616031,1.983814947316984,0.0001045881616092,0.0001091604176024,0.0571257894989042,0.035127947270356,0.0048150591136726,2.306624058703849,4,2,0.035127947270356,1.6262205434107984,3,0.0140216612530307,4.074109940899956,4,0.0110056178416246,5.190602683190337,0.0578459085713878,0.0364193225787618,0.0050229415170803,2.348395570618246,4,2,0.0364193225787618,1.588330163096472,3,0.0149257966600578,3.875565900357356,4,0.0112980491943363,5.119990856508718,0.2113781938700523,1.2680349341433528,1.4005783440953103,0.0140216612530307,0.0149257966600578,0.0110056178416246,0.0112980491943363,,,1.9862214792419015,0.9551706260698112,0.1801292978828147,0.0510944738335452,0.1474600851781303,0.0667772190813605,0.0510944738335452,0.1801292978828147,0.0751667446110065,0.1762684160592284,0.1797114477550265,0.107760693277411,0.163091707499607,1.6094379124341005,-9.12269203653188,3.0,1.0986122886681098,4.204664243569689,0.3368852542429131,-2.9740789317781062,-5.293739557308029,12,0.0979685156115956,98,independent_profile_kmeans_holdout_v1,0.0578867003417682,0.0364651558377287,0.0050317354109482,2.348985916781846,4,2,0.0364651558377287,1.587452432655605,3,0.0149427905057941,3.873888235221011,4,0.0113079952299554,5.1190948673575125,project://predictive_profile_confirmatory64_v1/selected_hmms/confirm_K5_i000940.npz,0.0149427905057941,0.0113079952299554,
confirm_K5_i000940,Transformer,0.0209241900436041,0.0164800589779837,8,0.0,,,0.0192301358928885,-5.8536669591734105,5,bank,independent_confirmatory64,5,940,5.0,2.0,0.5,2027520739,8,0.1451830967886204,0.0510944738335452,1.983919535478593,1.9838193477283572,1.9838151191616031,1.983814947316984,0.0001045881616092,0.0001091604176024,0.0571257894989042,0.035127947270356,0.0048150591136726,2.306624058703849,4,2,0.035127947270356,1.6262205434107984,3,0.0140216612530307,4.074109940899956,4,0.0110056178416246,5.190602683190337,0.0578459085713878,0.0364193225787618,0.0050229415170803,2.348395570618246,4,2,0.0364193225787618,1.588330163096472,3,0.0149257966600578,3.875565900357356,4,0.0112980491943363,5.119990856508718,0.2113781938700523,1.2680349341433528,1.4005783440953103,0.0140216612530307,0.0149257966600578,0.0110056178416246,0.0112980491943363,,,1.9862214792419015,0.9551706260698112,0.1801292978828147,0.0510944738335452,0.1474600851781303,0.0667772190813605,0.0510944738335452,0.1801292978828147,0.0751667446110065,0.1762684160592284,0.1797114477550265,0.107760693277411,0.163091707499607,1.6094379124341005,-9.12269203653188,3.0,1.0986122886681098,4.204664243569689,0.3368852542429131,-2.9740789317781062,-5.293739557308029,12,0.0979685156115956,98,independent_profile_kmeans_holdout_v1,0.0578867003417682,0.0364651558377287,0.0050317354109482,2.348985916781846,4,2,0.0364651558377287,1.587452432655605,3,0.0149427905057941,3.873888235221011,4,0.0113079952299554,5.1190948673575125,project://predictive_profile_confirmatory64_v1/selected_hmms/confirm_K5_i000940.npz,0.0149427905057941,0.0113079952299554,
confirm_K5_i001133,GRU,0.0214246724699721,0.0158281807255543,32,0.0120283113852332,32.0,32.0,0.0223442723044438,5.2286621345352895,5,bank,independent_confirmatory64,5,1133,5.0,8.0,2.0,2027715595,8,0.1587090195419914,0.0522431996318605,1.9961229025123617,1.9957124017581005,1.9956758346947976,1.9956723245790915,0.0004505779332701,0.0004941652279855,0.0893381004323583,0.0414706794654362,0.0099223082581222,1.7625689494746133,4,2,0.0414706794654362,2.154247328086756,2,0.0414706794654362,2.154247328086756,3,0.0146372509586931,6.103475350970878,0.0936737469856812,0.0432867134494821,0.0109076289461128,1.7700121382641445,4,2,0.0432867134494821,2.164030011079574,2,0.0432867134494821,2.164030011079574,3,0.0157140549684155,5.961144158777652,0.3921525002473902,1.64514948306441,2.0145681771566,0.0146372509586931,0.0157140549684155,0.0026354692765036,0.003490986532125,,,2.0004917784281053,0.9620331893591236,0.1777731934835722,0.0522431996318605,0.1334609631654341,0.1381720251182941,0.0886484865360587,0.1658353063516897,0.1480906469765379,0.0522431996318605,0.1685726421649196,0.1777731934835722,0.0606644997370669,1.6094379124341005,-7.612640627092545,2.0,0.6931471805599453,3.139909539803152,0.7004048682915877,-2.9518455471939395,-4.518292831252029,1,0.1098171960172099,103,independent_profile_kmeans_holdout_v1,0.0940227442238289,0.043479774219126,0.0109963057049847,1.773377243499188,4,2,0.043479774219126,2.1624478487395127,2,0.043479774219126,2.1624478487395127,3,0.0158803542881964,5.920695629172082,project://predictive_profile_confirmatory64_v1/selected_hmms/confirm_K5_i001133.npz,0.0158803542881964,0.0036541558724803,
confirm_K5_i001133,Transformer,0.0232890752292462,0.0196521156534759,8,0.0,,,0.0280708041974587,-0.9740275767378392,5,bank,independent_confirmatory64,5,1133,5.0,8.0,2.0,2027715595,8,0.1587090195419914,0.0522431996318605,1.9961229025123617,1.9957124017581005,1.9956758346947976,1.9956723245790915,0.0004505779332701,0.0004941652279855,0.0893381004323583,0.0414706794654362,0.0099223082581222,1.7625689494746133,4,2,0.0414706794654362,2.154247328086756,2,0.0414706794654362,2.154247328086756,3,0.0146372509586931,6.103475350970878,0.0936737469856812,0.0432867134494821,0.0109076289461128,1.7700121382641445,4,2,0.0432867134494821,2.164030011079574,2,0.0432867134494821,2.164030011079574,3,0.0157140549684155,5.961144158777652,0.3921525002473902,1.64514948306441,2.0145681771566,0.0146372509586931,0.0157140549684155,0.0026354692765036,0.003490986532125,,,2.0004917784281053,0.9620331893591236,0.1777731934835722,0.0522431996318605,0.1334609631654341,0.1381720251182941,0.0886484865360587,0.1658353063516897,0.1480906469765379,0.0522431996318605,0.1685726421649196,0.1777731934835722,0.0606644997370669,1.6094379124341005,-7.612640627092545,2.0,0.6931471805599453,3.139909539803152,0.7004048682915877,-2.9518455471939395,-4.518292831252029,1,0.1098171960172099,103,independent_profile_kmeans_holdout_v1,0.0940227442238289,0.043479774219126,0.0109963057049847,1.773377243499188,4,2,0.043479774219126,2.1624478487395127,2,0.043479774219126,2.1624478487395127,3,0.0158803542881964,5.920695629172082,project://predictive_profile_confirmatory64_v1/selected_hmms/confirm_K5_i001133.npz,0.0158803542881964,0.0036541558724803,
confirm_K6_i000105,GRU,0.0436713357615834,0.0294293218165293,128,0.0008696637163423,128.0,128.0,0.0293956710108033,-1.0377682280610792,6,bank,independent_confirmatory64,6,105,5.0,8.0,0.1,2026777697,8,0.1433084212137182,0.0091391877180171,1.665917028461244,1.6649296774886695,1.664889762841668,1.6648880569181927,0.0010289715430511,0.001072298037003,0.2156110227389465,0.1640199264291768,0.0792449725501907,2.509654380720285,5,2,0.1640199264291768,1.3145416379152353,3,0.0628634520859734,3.429831095563635,4,0.0433778026539104,4.970538145032329,0.2185211915011222,0.1660051774351706,0.0814738589330166,2.523028285765341,5,2,0.1660051774351706,1.316351663709166,3,0.0641157654649053,3.4082286925316825,4,0.0449257938794568,4.864047413106378,0.3398231423018779,1.5147456145111773,1.512878839579895,0.0628634520859734,0.0641157654649053,0.0433778026539104,0.0449257938794568,0.0045690027989232,0.0059557137115404,1.7010399840543493,0.8180273164496837,0.3478255541540422,0.0091391877180171,0.3213777210105599,0.0570798231548753,0.2784253859587251,0.0520423223815529,0.0544279786881193,0.1171938714646242,0.0838658764800436,0.3478255541540422,0.0091391877180171,1.791759469228055,-6.837951235381425,3.0,1.0986122886681098,2.747064994205957,0.4140143520093898,-4.695183768579445,-2.5074730594745147,3,0.1248287255547907,87,independent_profile_kmeans_holdout_v1,0.2186433666872777,0.1660711012544815,0.0815631266027463,2.5236551780881817,5,2,0.1660711012544815,1.3165648028806431,3,0.0641802555808063,3.4067076347490413,4,0.0449756817148564,4.861368596333143,project://predictive_profile_confirmatory64_v1/selected_hmms/confirm_K6_i000105.npz,0.0641802555808063,0.0449756817148564,0.0060561524410271
confirm_K6_i000105,Transformer,0.0428219412281717,0.0301916323426462,32,0.0105576907185258,32.0,32.0,0.0350897012360802,-17.667353813343947,6,bank,independent_confirmatory64,6,105,5.0,8.0,0.1,2026777697,8,0.1433084212137182,0.0091391877180171,1.665917028461244,1.6649296774886695,1.664889762841668,1.6648880569181927,0.0010289715430511,0.001072298037003,0.2156110227389465,0.1640199264291768,0.0792449725501907,2.509654380720285,5,2,0.1640199264291768,1.3145416379152353,3,0.0628634520859734,3.429831095563635,4,0.0433778026539104,4.970538145032329,0.2185211915011222,0.1660051774351706,0.0814738589330166,2.523028285765341,5,2,0.1660051774351706,1.316351663709166,3,0.0641157654649053,3.4082286925316825,4,0.0449257938794568,4.864047413106378,0.3398231423018779,1.5147456145111773,1.512878839579895,0.0628634520859734,0.0641157654649053,0.0433778026539104,0.0449257938794568,0.0045690027989232,0.0059557137115404,1.7010399840543493,0.8180273164496837,0.3478255541540422,0.0091391877180171,0.3213777210105599,0.0570798231548753,0.2784253859587251,0.0520423223815529,0.0544279786881193,0.1171938714646242,0.0838658764800436,0.3478255541540422,0.0091391877180171,1.791759469228055,-6.837951235381425,3.0,1.0986122886681098,2.747064994205957,0.4140143520093898,-4.695183768579445,-2.5074730594745147,3,0.1248287255547907,87,independent_profile_kmeans_holdout_v1,0.2186433666872777,0.1660711012544815,0.0815631266027463,2.5236551780881817,5,2,0.1660711012544815,1.3165648028806431,3,0.0641802555808063,3.4067076347490413,4,0.0449756817148564,4.861368596333143,project://predictive_profile_confirmatory64_v1/selected_hmms/confirm_K6_i000105.npz,0.0641802555808063,0.0449756817148564,0.0060561524410271
confirm_K6_i000109,GRU,0.0236429937846483,0.0189509792032342,128,0.0051853684054125,128.0,128.0,0.0229796942363315,-0.1213491932459792,6,bank,independent_confirmatory64,6,109,0.2,0.0,0.5,2026781750,8,0.0188298306225978,0.0563737076599453,1.952803873596944,1.9457541396331988,1.9448452780690932,1.9447166029324,0.0080872706645438,0.0092534825020358,0.3271182542999945,0.0502757658857057,0.1105742987410861,1.1822668558063287,5,1,0.3271182542999945,1.0,1,0.3271182542999945,1.0,2,0.0502757658857057,6.506479782797296,0.3476372183930282,0.0541833699847489,0.1262534643585863,1.2455576539688136,5,1,0.3476372183930282,1.0,1,0.3476372183930282,1.0,3,0.0382905499852158,9.07892988027731,0.4936401112612057,1.9748799662839207,3.648270660567937,0.0278813365858095,0.0382905499852158,0.0161558627331335,0.0315578259581933,0.0013831048235219,0.0019820611146592,2.001980264890161,0.9627490000382029,0.2075831396622882,0.0563737076599453,0.137290216322223,0.0794820336104271,0.0563737076599453,0.1468171288910774,0.0777961396703357,0.1533979895208609,0.2075831396622882,0.1650527372621583,0.1134971237229068,1.791759469228055,-4.682755311604564,1.0,0.0,1.0565958188456823,1.2942532636944606,-2.875752405414153,-2.0694637707391,9,0.3130146526968542,9,independent_profile_kmeans_holdout_v1,0.3499337395374354,0.0553364241415086,0.1282852254385317,1.260206056110701,5,1,0.3499337395374354,1.0,1,0.3499337395374354,1.0,3,0.0401059050798635,8.725242301367013,project://predictive_profile_confirmatory64_v1/selected_hmms/confirm_K6_i000109.npz,0.0401059050798635,0.0340092639707597,0.002090425076696
confirm_K6_i000109,Transformer,0.0284572817274676,0.0228471116746718,256,0.0030967950604596,256.0,256.0,0.0264957055489355,0.3750278589428632,6,bank,independent_confirmatory64,6,109,0.2,0.0,0.5,2026781750,8,0.0188298306225978,0.0563737076599453,1.952803873596944,1.9457541396331988,1.9448452780690932,1.9447166029324,0.0080872706645438,0.0092534825020358,0.3271182542999945,0.0502757658857057,0.1105742987410861,1.1822668558063287,5,1,0.3271182542999945,1.0,1,0.3271182542999945,1.0,2,0.0502757658857057,6.506479782797296,0.3476372183930282,0.0541833699847489,0.1262534643585863,1.2455576539688136,5,1,0.3476372183930282,1.0,1,0.3476372183930282,1.0,3,0.0382905499852158,9.07892988027731,0.4936401112612057,1.9748799662839207,3.648270660567937,0.0278813365858095,0.0382905499852158,0.0161558627331335,0.0315578259581933,0.0013831048235219,0.0019820611146592,2.001980264890161,0.9627490000382029,0.2075831396622882,0.0563737076599453,0.137290216322223,0.0794820336104271,0.0563737076599453,0.1468171288910774,0.0777961396703357,0.1533979895208609,0.2075831396622882,0.1650527372621583,0.1134971237229068,1.791759469228055,-4.682755311604564,1.0,0.0,1.0565958188456823,1.2942532636944606,-2.875752405414153,-2.0694637707391,9,0.3130146526968542,9,independent_profile_kmeans_holdout_v1,0.3499337395374354,0.0553364241415086,0.1282852254385317,1.260206056110701,5,1,0.3499337395374354,1.0,1,0.3499337395374354,1.0,3,0.0401059050798635,8.725242301367013,project://predictive_profile_confirmatory64_v1/selected_hmms/confirm_K6_i000109.npz,0.0401059050798635,0.0340092639707597,0.002090425076696
confirm_K6_i000150,GRU,0.0467301316651623,0.0404199196939379,128,0.0006557987287367,128.0,128.0,0.0268011158062724,1.1066043401324066,6,bank,independent_confirmatory64,6,150,1.0,8.0,0.1,2026823136,8,0.0629734414120463,0.0008428619692976,1.1910759295070603,1.1658809366178071,1.1609147089853504,1.1593734136120768,0.0317025158949837,0.0397513342739879,0.6615499147291592,0.3423383382081582,0.5830153611080733,2.0306077725940472,5,2,0.3423383382081582,1.932444721767928,2,0.3423383382081582,1.932444721767928,3,0.1517957912854657,4.358157160530587,0.6915304035588324,0.3721022610115195,0.6625212860398534,2.22787141258016,5,2,0.3721022610115195,1.8584418210171103,3,0.1694932803584054,4.079987136342767,4,0.1245622724989295,5.551684227379326,0.8328777119777158,5.983642348569684,6.794500551714908,0.1517957912854657,0.1694932803584054,0.0705138511814932,0.1245622724989295,0.0125446467612909,0.0400395120721543,1.4049892238507884,0.6756569952506555,0.5091964077480751,0.0008428619692976,0.446288014675116,0.1740847882484377,0.001579333352402,0.036621069835618,0.0380706584002032,0.080511442425912,0.5091964077480751,0.0008428619692976,0.1590934380200541,1.791759469228055,-3.225111871803938,3.0,1.0986122886681098,1.7749419968506852,1.9161135425786335,-7.078707350856847,-0.4117025917664362,7,0.231036078693623,38,independent_profile_kmeans_holdout_v1,0.6956151975284792,0.3776794991510156,0.6789112458170187,2.2918126790739457,5,2,0.3776794991510156,1.841813492901124,3,0.1753399399045054,3.9672375723827034,4,0.1397747265227293,4.976687952348542,project://predictive_profile_confirmatory64_v1/selected_hmms/confirm_K6_i000150.npz,0.1753399399045054,0.1397747265227293,0.0459115454461315
confirm_K6_i000150,Transformer,0.0533667282846201,0.043868593496259,32,0.0149709651821348,32.0,32.0,0.0286140115662126,0.391304061743049,6,bank,independent_confirmatory64,6,150,1.0,8.0,0.1,2026823136,8,0.0629734414120463,0.0008428619692976,1.1910759295070603,1.1658809366178071,1.1609147089853504,1.1593734136120768,0.0317025158949837,0.0397513342739879,0.6615499147291592,0.3423383382081582,0.5830153611080733,2.0306077725940472,5,2,0.3423383382081582,1.932444721767928,2,0.3423383382081582,1.932444721767928,3,0.1517957912854657,4.358157160530587,0.6915304035588324,0.3721022610115195,0.6625212860398534,2.22787141258016,5,2,0.3721022610115195,1.8584418210171103,3,0.1694932803584054,4.079987136342767,4,0.1245622724989295,5.551684227379326,0.8328777119777158,5.983642348569684,6.794500551714908,0.1517957912854657,0.1694932803584054,0.0705138511814932,0.1245622724989295,0.0125446467612909,0.0400395120721543,1.4049892238507884,0.6756569952506555,0.5091964077480751,0.0008428619692976,0.446288014675116,0.1740847882484377,0.001579333352402,0.036621069835618,0.0380706584002032,0.080511442425912,0.5091964077480751,0.0008428619692976,0.1590934380200541,1.791759469228055,-3.225111871803938,3.0,1.0986122886681098,1.7749419968506852,1.9161135425786335,-7.078707350856847,-0.4117025917664362,7,0.231036078693623,38,independent_profile_kmeans_holdout_v1,0.6956151975284792,0.3776794991510156,0.6789112458170187,2.2918126790739457,5,2,0.3776794991510156,1.841813492901124,3,0.1753399399045054,3.9672375723827034,4,0.1397747265227293,4.976687952348542,project://predictive_profile_confirmatory64_v1/selected_hmms/confirm_K6_i000150.npz,0.1753399399045054,0.1397747265227293,0.0459115454461315
confirm_K6_i000225,GRU,0.033819566951597,0.0284463809109834,256,0.0023443156448781,256.0,256.0,0.0285921821947857,3.997035235932774,6,bank,independent_confirmatory64,6,225,1.0,0.0,0.1,2026898862,8,0.0908533602952701,0.0002056832569646,1.6837610111951211,1.6809379635305497,1.6806619425298703,1.6806296301428512,0.0031313810522701,0.0034720268269878,0.2045125454971627,0.1092343374881297,0.0638563818866548,2.6052592735632603,5,3,0.090959012607007,2.248403315246719,3,0.090959012607007,2.248403315246719,4,0.0426632449818094,4.793647215169912,0.208691723772611,0.115468043494288,0.069614274296843,2.769224985370761,5,3,0.0994349518622269,2.098776334319204,3,0.0994349518622269,2.098776334319204,4,0.0532294974309345,3.920602933427826,0.3315757561206982,1.4960558494951468,1.4882317103051863,0.090959012607007,0.0994349518622269,0.0426632449818094,0.0532294974309345,0.0022728149145045,0.0029121484624239,1.7131559933201326,0.8238538852773872,0.3743483888481447,0.0002056832569646,0.3085501180386785,0.1203361380776105,0.1916250551040503,0.0681307469595585,0.0422173717891764,0.3743483888481447,0.1316442235710378,0.0714923923934569,0.0002056832569646,1.791759469228055,-5.663016755546867,3.0,1.0986122886681098,2.308251598733759,0.3975886435790298,-8.48917316002597,-2.664785642198056,15,0.235827184084712,40,independent_profile_kmeans_holdout_v1,0.2091584554253568,0.1165019838547151,0.070189037431853,2.7783050037431667,5,3,0.0999169146214995,2.093323800256252,3,0.0999169146214995,2.093323800256252,4,0.0536386055288297,3.899401436022386,project://predictive_profile_confirmatory64_v1/selected_hmms/confirm_K6_i000225.npz,0.0999169146214995,0.0536386055288297,0.0029284609081012
confirm_K6_i000225,Transformer,0.0337801149944159,0.0239624475297452,128,0.0079689227873702,128.0,128.0,0.0363568300958439,-1.1807981848609972,6,bank,independent_confirmatory64,6,225,1.0,0.0,0.1,2026898862,8,0.0908533602952701,0.0002056832569646,1.6837610111951211,1.6809379635305497,1.6806619425298703,1.6806296301428512,0.0031313810522701,0.0034720268269878,0.2045125454971627,0.1092343374881297,0.0638563818866548,2.6052592735632603,5,3,0.090959012607007,2.248403315246719,3,0.090959012607007,2.248403315246719,4,0.0426632449818094,4.793647215169912,0.208691723772611,0.115468043494288,0.069614274296843,2.769224985370761,5,3,0.0994349518622269,2.098776334319204,3,0.0994349518622269,2.098776334319204,4,0.0532294974309345,3.920602933427826,0.3315757561206982,1.4960558494951468,1.4882317103051863,0.090959012607007,0.0994349518622269,0.0426632449818094,0.0532294974309345,0.0022728149145045,0.0029121484624239,1.7131559933201326,0.8238538852773872,0.3743483888481447,0.0002056832569646,0.3085501180386785,0.1203361380776105,0.1916250551040503,0.0681307469595585,0.0422173717891764,0.3743483888481447,0.1316442235710378,0.0714923923934569,0.0002056832569646,1.791759469228055,-5.663016755546867,3.0,1.0986122886681098,2.308251598733759,0.3975886435790298,-8.48917316002597,-2.664785642198056,15,0.235827184084712,40,independent_profile_kmeans_holdout_v1,0.2091584554253568,0.1165019838547151,0.070189037431853,2.7783050037431667,5,3,0.0999169146214995,2.093323800256252,3,0.0999169146214995,2.093323800256252,4,0.0536386055288297,3.899401436022386,project://predictive_profile_confirmatory64_v1/selected_hmms/confirm_K6_i000225.npz,0.0999169146214995,0.0536386055288297,0.0029284609081012
confirm_K6_i000420,GRU,0.0474923749832806,0.0406188310918416,8,0.0,,,0.0490735438257857,0.131415103230621,6,bank,independent_confirmatory64,6,420,1.0,8.0,0.1,2027095736,8,0.1017339181289834,0.011177272719637,1.5899701047444412,1.5725368943683211,1.570153928773791,1.5697610210090474,0.0202090837353938,0.0233778648594111,0.4869471697514564,0.3787989295499726,0.4710800616160073,3.2515783610002,5,3,0.243769996601104,1.9975681032981196,4,0.1595291833860352,3.052401820255807,5,0.0748365877370887,6.506806155595559,0.5018140614709077,0.3940193672625731,0.5202783999156453,3.43116574780091,5,3,0.2608205109317313,1.923982357362437,4,0.1909575696459012,2.627882531189717,5,0.0933683753738936,5.374561348651441,0.6187649244341447,2.6230535018734336,3.8080574117751183,0.243769996601104,0.2608205109317313,0.1595291833860352,0.1909575696459012,0.0748365877370887,0.0933683753738936,1.7701485754283288,0.8512615238023711,0.3241388841839907,0.011177272719637,0.2724197257628355,0.0562178950144518,0.3241388841839907,0.1505232917615723,0.011177272719637,0.1650839891049738,0.1782536331014884,0.0934245888538222,0.0211804452600634,1.791759469228055,-3.7559656504869263,4.0,1.3862943611198906,1.655704024064908,1.337119193437085,-4.493872783801447,-0.6533912262206233,12,0.246885271114788,62,independent_profile_kmeans_holdout_v1,0.5029668313076657,0.3959229718808653,0.5270992084914025,3.468245813028892,5,3,0.2629895949155773,1.9124970760501907,4,0.1966865791621559,2.5571995478806957,5,0.0975676072084462,5.15505961146626,project://predictive_profile_confirmatory64_v1/selected_hmms/confirm_K6_i000420.npz,0.2629895949155773,0.1966865791621559,0.0975676072084462
confirm_K6_i000420,Transformer,0.0398751419024874,0.0265627736394344,8,0.0,,,0.0539649304539367,1.2815575040640674,6,bank,independent_confirmatory64,6,420,1.0,8.0,0.1,2027095736,8,0.1017339181289834,0.011177272719637,1.5899701047444412,1.5725368943683211,1.570153928773791,1.5697610210090474,0.0202090837353938,0.0233778648594111,0.4869471697514564,0.3787989295499726,0.4710800616160073,3.2515783610002,5,3,0.243769996601104,1.9975681032981196,4,0.1595291833860352,3.052401820255807,5,0.0748365877370887,6.506806155595559,0.5018140614709077,0.3940193672625731,0.5202783999156453,3.43116574780091,5,3,0.2608205109317313,1.923982357362437,4,0.1909575696459012,2.627882531189717,5,0.0933683753738936,5.374561348651441,0.6187649244341447,2.6230535018734336,3.8080574117751183,0.243769996601104,0.2608205109317313,0.1595291833860352,0.1909575696459012,0.0748365877370887,0.0933683753738936,1.7701485754283288,0.8512615238023711,0.3241388841839907,0.011177272719637,0.2724197257628355,0.0562178950144518,0.3241388841839907,0.1505232917615723,0.011177272719637,0.1650839891049738,0.1782536331014884,0.0934245888538222,0.0211804452600634,1.791759469228055,-3.7559656504869263,4.0,1.3862943611198906,1.655704024064908,1.337119193437085,-4.493872783801447,-0.6533912262206233,12,0.246885271114788,62,independent_profile_kmeans_holdout_v1,0.5029668313076657,0.3959229718808653,0.5270992084914025,3.468245813028892,5,3,0.2629895949155773,1.9124970760501907,4,0.1966865791621559,2.5571995478806957,5,0.0975676072084462,5.15505961146626,project://predictive_profile_confirmatory64_v1/selected_hmms/confirm_K6_i000420.npz,0.2629895949155773,0.1966865791621559,0.0975676072084462
confirm_K6_i000446,GRU,0.0173509033119662,0.0141690598604223,256,0.0053513007418398,256.0,256.0,0.0110918894416236,3.490005265387147,6,bank,independent_confirmatory64,6,446,1.0,2.0,2.0,2027121987,8,0.088698097394504,0.0616158384252255,2.0086360865515718,2.006620272541489,2.00585759524501,2.0055383440101004,0.0030977425414708,0.0044989223077687,0.1145745348849771,0.068670139369574,0.0180965370011501,1.910190904127527,5,2,0.068670139369574,1.6684768071949212,2,0.068670139369574,1.6684768071949212,3,0.0152471203311229,7.514503224002497,0.1327990871004825,0.0814163710187878,0.0246564501515607,1.94116076969341,5,2,0.0814163710187878,1.6311103705400658,2,0.0814163710187878,1.6311103705400658,3,0.018983655478616,6.995443382865459,0.6334404884551244,2.728069981830429,4.193707259078094,0.0152471203311229,0.018983655478616,0.0045793190684207,0.0056119903807161,0.0004243518380848,0.0005945886024936,2.0145628568186336,0.9687999476971152,0.1959257084753716,0.0616158384252255,0.1267743846359537,0.0616158384252255,0.1095535279019719,0.0759714994042028,0.1457180399393518,0.1840890805613369,0.103588444823251,0.1235378604692883,0.1959257084753716,1.791759469228055,-5.403917398050001,2.0,0.6931471805599453,2.508178908028263,1.433585130109907,-2.786836324199026,-3.7027167432884016,14,0.1141250969596837,91,independent_profile_kmeans_holdout_v1,0.1396494354489775,0.0852520163137935,0.0272333833691258,1.945913772203023,5,2,0.0852520163137935,1.6380778014089332,2,0.0852520163137935,1.6380778014089332,3,0.0206739543666518,6.75484878085244,project://predictive_profile_confirmatory64_v1/selected_hmms/confirm_K6_i000446.npz,0.0206739543666518,0.0059733224589175,0.0006475275961754
confirm_K6_i000446,Transformer,0.0210745153510541,0.0142532942006225,8,0.0,,,0.0284184813505553,-1.8437719783288025,6,bank,independent_confirmatory64,6,446,1.0,2.0,2.0,2027121987,8,0.088698097394504,0.0616158384252255,2.0086360865515718,2.006620272541489,2.00585759524501,2.0055383440101004,0.0030977425414708,0.0044989223077687,0.1145745348849771,0.068670139369574,0.0180965370011501,1.910190904127527,5,2,0.068670139369574,1.6684768071949212,2,0.068670139369574,1.6684768071949212,3,0.0152471203311229,7.514503224002497,0.1327990871004825,0.0814163710187878,0.0246564501515607,1.94116076969341,5,2,0.0814163710187878,1.6311103705400658,2,0.0814163710187878,1.6311103705400658,3,0.018983655478616,6.995443382865459,0.6334404884551244,2.728069981830429,4.193707259078094,0.0152471203311229,0.018983655478616,0.0045793190684207,0.0056119903807161,0.0004243518380848,0.0005945886024936,2.0145628568186336,0.9687999476971152,0.1959257084753716,0.0616158384252255,0.1267743846359537,0.0616158384252255,0.1095535279019719,0.0759714994042028,0.1457180399393518,0.1840890805613369,0.103588444823251,0.1235378604692883,0.1959257084753716,1.791759469228055,-5.403917398050001,2.0,0.6931471805599453,2.508178908028263,1.433585130109907,-2.786836324199026,-3.7027167432884016,14,0.1141250969596837,91,independent_profile_kmeans_holdout_v1,0.1396494354489775,0.0852520163137935,0.0272333833691258,1.945913772203023,5,2,0.0852520163137935,1.6380778014089332,2,0.0852520163137935,1.6380778014089332,3,0.0206739543666518,6.75484878085244,project://predictive_profile_confirmatory64_v1/selected_hmms/confirm_K6_i000446.npz,0.0206739543666518,0.0059733224589175,0.0006475275961754
confirm_K6_i000453,GRU,0.0352720731029336,0.0264923477967419,128,0.0083000358606118,128.0,128.0,0.0191428050224337,103.14412910512154,6,bank,independent_confirmatory64,6,453,5.0,2.0,0.1,2027129050,8,0.1387766401594861,0.0030341576818008,1.540360983600155,1.540139075454286,1.5401344181890746,1.5401342380966392,0.0002267455035158,0.0002317629535981,0.1231032797665108,0.0888568442423954,0.023438484821938,2.048128294462105,5,2,0.0888568442423954,1.385411341310901,2,0.0888568442423954,1.385411341310901,3,0.0196702501507977,6.25834846139556,0.1235273877387376,0.0901154247336861,0.0238683885337672,2.0925164691061715,5,2,0.0901154247336861,1.3707685238547382,2,0.0901154247336861,1.3707685238547382,3,0.0211652401875424,5.836332904525428,0.1846524289574816,1.2264708150431864,1.3095004159837358,0.0196702501507977,0.0211652401875424,0.0011610695979164,0.0063483707466406,0.0005116056515517,0.0005603873169299,1.5518599306054597,0.7462868753462626,0.3826691636903676,0.0030341576818008,0.3491224598862377,0.1727363876930425,0.1544665950861359,0.0696952616982533,0.0085159704867584,0.3826691636903676,0.2044360200568408,0.0044464436068004,0.0030341576818008,1.791759469228055,-8.36979546037413,2.0,0.6931471805599453,2.406663933307771,0.2696457026316621,-5.797821427817341,-3.7352003510164153,5,0.1847461383204161,32,independent_profile_kmeans_holdout_v1,0.1235380685587863,0.0901452721805299,0.0238778973943478,2.0931413535747083,5,2,0.0901452721805299,1.3704331416447668,2,0.0901452721805299,1.3704331416447668,3,0.0211889372558653,5.830309801148204,project://predictive_profile_confirmatory64_v1/selected_hmms/confirm_K6_i000453.npz,0.0211889372558653,0.0063852291986271,0.000575065786316
confirm_K6_i000453,Transformer,0.0276853074276103,0.0225104484470022,256,0.0078242605334343,256.0,256.0,0.0214063171122822,-14.981364315750838,6,bank,independent_confirmatory64,6,453,5.0,2.0,0.1,2027129050,8,0.1387766401594861,0.0030341576818008,1.540360983600155,1.540139075454286,1.5401344181890746,1.5401342380966392,0.0002267455035158,0.0002317629535981,0.1231032797665108,0.0888568442423954,0.023438484821938,2.048128294462105,5,2,0.0888568442423954,1.385411341310901,2,0.0888568442423954,1.385411341310901,3,0.0196702501507977,6.25834846139556,0.1235273877387376,0.0901154247336861,0.0238683885337672,2.0925164691061715,5,2,0.0901154247336861,1.3707685238547382,2,0.0901154247336861,1.3707685238547382,3,0.0211652401875424,5.836332904525428,0.1846524289574816,1.2264708150431864,1.3095004159837358,0.0196702501507977,0.0211652401875424,0.0011610695979164,0.0063483707466406,0.0005116056515517,0.0005603873169299,1.5518599306054597,0.7462868753462626,0.3826691636903676,0.0030341576818008,0.3491224598862377,0.1727363876930425,0.1544665950861359,0.0696952616982533,0.0085159704867584,0.3826691636903676,0.2044360200568408,0.0044464436068004,0.0030341576818008,1.791759469228055,-8.36979546037413,2.0,0.6931471805599453,2.406663933307771,0.2696457026316621,-5.797821427817341,-3.7352003510164153,5,0.1847461383204161,32,independent_profile_kmeans_holdout_v1,0.1235380685587863,0.0901452721805299,0.0238778973943478,2.0931413535747083,5,2,0.0901452721805299,1.3704331416447668,2,0.0901452721805299,1.3704331416447668,3,0.0211889372558653,5.830309801148204,project://predictive_profile_confirmatory64_v1/selected_hmms/confirm_K6_i000453.npz,0.0211889372558653,0.0063852291986271,0.000575065786316
confirm_K6_i000482,GRU,0.0118648241301255,0.0089430755355866,32,0.0006358696951501,32.0,32.0,0.0173325939256902,7.469989562179178,6,bank,independent_confirmatory64,6,482,5.0,2.0,2.0,2027158328,8,0.12760663437437,0.0608410701135861,2.0378222977866747,2.0377449595659285,2.0377405929566432,2.0377403629790787,8.19348075959958e-05,8.676137201035772e-05,0.0489131601385723,0.0233284396897224,0.002957027481686,1.685121372542212,5,2,0.0233284396897224,2.0967180312587077,2,0.0233284396897224,2.0967180312587077,2,0.0233284396897224,2.0967180312587077,0.0503941801094151,0.0235930014771356,0.0031201995456392,1.6786351267148032,5,2,0.0235930014771356,2.1359800345137514,2,0.0235930014771356,2.1359800345137514,2,0.0235930014771356,2.1359800345137514,0.203697617948875,1.2558043559083527,1.6009269223994258,0.0035497702323392,0.0039233708458946,0.0027628612048364,0.0028793458776888,0.0002826266934161,0.0005594341437206,2.039199361590363,0.9806476021167856,0.1644941057316485,0.0608410701135861,0.0965207083965239,0.1644941057316485,0.1612448142819232,0.1392895420486437,0.1159513897665214,0.0951364671285812,0.1084620978597781,0.0608410701135861,0.1545805130693175,1.791759469228055,-9.352349058272203,2.0,0.6931471805599453,3.7468051585085,0.4705827880005629,-2.799490222765023,-5.769858322270251,11,0.0496446525036029,82,independent_profile_kmeans_holdout_v1,0.0504800519540191,0.0236004782771016,0.0031293538593022,1.6778066713382758,5,2,0.0236004782771016,2.1389419045374747,2,0.0236004782771016,2.1389419045374747,2,0.0236004782771016,2.1389419045374747,project://predictive_profile_confirmatory64_v1/selected_hmms/confirm_K6_i000482.npz,0.003930194995331,0.0028933956645802,0.000563442934759
confirm_K6_i000482,Transformer,0.0179228783271051,0.013720853087062,8,0.0,,,0.0140274794925209,32.474264052072684,6,bank,independent_confirmatory64,6,482,5.0,2.0,2.0,2027158328,8,0.12760663437437,0.0608410701135861,2.0378222977866747,2.0377449595659285,2.0377405929566432,2.0377403629790787,8.19348075959958e-05,8.676137201035772e-05,0.0489131601385723,0.0233284396897224,0.002957027481686,1.685121372542212,5,2,0.0233284396897224,2.0967180312587077,2,0.0233284396897224,2.0967180312587077,2,0.0233284396897224,2.0967180312587077,0.0503941801094151,0.0235930014771356,0.0031201995456392,1.6786351267148032,5,2,0.0235930014771356,2.1359800345137514,2,0.0235930014771356,2.1359800345137514,2,0.0235930014771356,2.1359800345137514,0.203697617948875,1.2558043559083527,1.6009269223994258,0.0035497702323392,0.0039233708458946,0.0027628612048364,0.0028793458776888,0.0002826266934161,0.0005594341437206,2.039199361590363,0.9806476021167856,0.1644941057316485,0.0608410701135861,0.0965207083965239,0.1644941057316485,0.1612448142819232,0.1392895420486437,0.1159513897665214,0.0951364671285812,0.1084620978597781,0.0608410701135861,0.1545805130693175,1.791759469228055,-9.352349058272203,2.0,0.6931471805599453,3.7468051585085,0.4705827880005629,-2.799490222765023,-5.769858322270251,11,0.0496446525036029,82,independent_profile_kmeans_holdout_v1,0.0504800519540191,0.0236004782771016,0.0031293538593022,1.6778066713382758,5,2,0.0236004782771016,2.1389419045374747,2,0.0236004782771016,2.1389419045374747,2,0.0236004782771016,2.1389419045374747,project://predictive_profile_confirmatory64_v1/selected_hmms/confirm_K6_i000482.npz,0.003930194995331,0.0028933956645802,0.000563442934759
confirm_K6_i000578,GRU,0.0133590715141862,0.0110137630738415,256,0.0017813422426805,256.0,256.0,0.0167608300345341,13.614756010762536,6,bank,independent_confirmatory64,6,578,1.0,0.0,2.0,2027255260,8,0.0661836679169821,0.0666057509449471,2.0331529362538943,2.0330688694226358,2.0330618159110445,2.033061473990758,9.14622631360551e-05,9.91996152994723e-05,0.0338282111124642,0.0246221954762383,0.0020182818577419,2.709042452423002,5,3,0.0156178667161508,2.165994352959965,3,0.0156178667161508,2.165994352959965,4,0.004354780119148,7.768064101266715,0.0350197550589874,0.0250377459378278,0.0021977533727098,2.8073786145214386,5,3,0.0176503461271751,1.984083190587951,3,0.0176503461271751,1.984083190587951,4,0.0048416132577294,7.2330756701972145,0.2006338239085521,1.2509911351135272,1.4001225640726689,0.0156178667161508,0.0176503461271751,0.004354780119148,0.0048416132577294,0.0021908012125356,0.0030830941154351,2.034071269230995,0.978181510978092,0.1882314241056575,0.0666057509449471,0.1051883496108518,0.0831517612932855,0.1454144522385973,0.0666057509449471,0.1882314241056575,0.1198577076455412,0.1608890429096079,0.1118469849217208,0.1240028759406425,1.791759469228055,-9.21837642171048,3.0,1.0986122886681098,4.036999885190292,0.336559778555498,-2.708964354639054,-6.120319634614745,1,0.1033456595670557,160,independent_profile_kmeans_holdout_v1,0.0351736837660297,0.0250687779681118,0.0022123864181032,2.807057240612434,5,3,0.0176955211239204,1.987716751584263,3,0.0176955211239204,1.987716751584263,4,0.0048629950816722,7.232926041523865,project://predictive_profile_confirmatory64_v1/selected_hmms/confirm_K6_i000578.npz,0.0176955211239204,0.0048629950816722,0.0031582543603361
confirm_K6_i000578,Transformer,0.0162054833486431,0.0128778683043594,32,0.0046200132851391,32.0,32.0,0.0209222821640174,63.30900890525944,6,bank,independent_confirmatory64,6,578,1.0,0.0,2.0,2027255260,8,0.0661836679169821,0.0666057509449471,2.0331529362538943,2.0330688694226358,2.0330618159110445,2.033061473990758,9.14622631360551e-05,9.91996152994723e-05,0.0338282111124642,0.0246221954762383,0.0020182818577419,2.709042452423002,5,3,0.0156178667161508,2.165994352959965,3,0.0156178667161508,2.165994352959965,4,0.004354780119148,7.768064101266715,0.0350197550589874,0.0250377459378278,0.0021977533727098,2.8073786145214386,5,3,0.0176503461271751,1.984083190587951,3,0.0176503461271751,1.984083190587951,4,0.0048416132577294,7.2330756701972145,0.2006338239085521,1.2509911351135272,1.4001225640726689,0.0156178667161508,0.0176503461271751,0.004354780119148,0.0048416132577294,0.0021908012125356,0.0030830941154351,2.034071269230995,0.978181510978092,0.1882314241056575,0.0666057509449471,0.1051883496108518,0.0831517612932855,0.1454144522385973,0.0666057509449471,0.1882314241056575,0.1198577076455412,0.1608890429096079,0.1118469849217208,0.1240028759406425,1.791759469228055,-9.21837642171048,3.0,1.0986122886681098,4.036999885190292,0.336559778555498,-2.708964354639054,-6.120319634614745,1,0.1033456595670557,160,independent_profile_kmeans_holdout_v1,0.0351736837660297,0.0250687779681118,0.0022123864181032,2.807057240612434,5,3,0.0176955211239204,1.987716751584263,3,0.0176955211239204,1.987716751584263,4,0.0048629950816722,7.232926041523865,project://predictive_profile_confirmatory64_v1/selected_hmms/confirm_K6_i000578.npz,0.0176955211239204,0.0048629950816722,0.0031582543603361
confirm_K6_i000596,GRU,0.0188185829350745,0.0132917480500286,8,0.0,,,0.0133463179883555,1.272939442672257,6,bank,independent_confirmatory64,6,596,0.2,0.0,2.0,2027273439,8,0.0563033755018889,0.0832384148076125,2.026473281544685,2.024129670049831,2.0232184032190457,2.022858585956971,0.0036146955877143,0.0052455969426485,0.1269986108797336,0.0453181286984165,0.0192060773660908,1.720771624497763,5,2,0.0453181286984165,2.802379853874483,3,0.0319630641338586,3.973292746523742,3,0.0319630641338586,3.973292746523742,0.1503596713554861,0.0501841808607399,0.0266457796244456,1.6932602610098717,5,2,0.0501841808607399,2.9961567325913103,3,0.0389365952123839,3.861654326356289,3,0.0389365952123839,3.861654326356289,0.6977424595917759,3.3084369000337146,4.162980994060516,0.0319630641338586,0.0389365952123839,0.0013716277704121,0.0014594999443527,0.0004225877623126,0.0010527387291298,2.032568458865664,0.9774588119576054,0.1988140422615212,0.0832384148076125,0.1108572265692278,0.0859962712595636,0.1988140422615212,0.1309986216715294,0.1248653547665766,0.1733825874066428,0.0832384148076125,0.0950202015204244,0.1076845063061293,1.791759469228055,-5.250366231856161,3.0,1.0986122886681098,3.2458207196255646,1.4262314027593506,-2.486046321275559,-3.6251245039712368,4,0.0819661244142451,62,independent_profile_kmeans_holdout_v1,0.1588261308481236,0.0522004570510359,0.0295445434616376,1.670667279381423,5,2,0.0522004570510359,3.0426195443622377,3,0.0398787059271467,3.982730310714661,3,0.0398787059271467,3.982730310714661,project://predictive_profile_confirmatory64_v1/selected_hmms/confirm_K6_i000596.npz,0.0398787059271467,0.0014932434720254,0.0011725794748057
confirm_K6_i000596,Transformer,0.020670377311004,0.0135196675474664,8,0.0,,,0.0313253628280953,-4.150340300365747,6,bank,independent_confirmatory64,6,596,0.2,0.0,2.0,2027273439,8,0.0563033755018889,0.0832384148076125,2.026473281544685,2.024129670049831,2.0232184032190457,2.022858585956971,0.0036146955877143,0.0052455969426485,0.1269986108797336,0.0453181286984165,0.0192060773660908,1.720771624497763,5,2,0.0453181286984165,2.802379853874483,3,0.0319630641338586,3.973292746523742,3,0.0319630641338586,3.973292746523742,0.1503596713554861,0.0501841808607399,0.0266457796244456,1.6932602610098717,5,2,0.0501841808607399,2.9961567325913103,3,0.0389365952123839,3.861654326356289,3,0.0389365952123839,3.861654326356289,0.6977424595917759,3.3084369000337146,4.162980994060516,0.0319630641338586,0.0389365952123839,0.0013716277704121,0.0014594999443527,0.0004225877623126,0.0010527387291298,2.032568458865664,0.9774588119576054,0.1988140422615212,0.0832384148076125,0.1108572265692278,0.0859962712595636,0.1988140422615212,0.1309986216715294,0.1248653547665766,0.1733825874066428,0.0832384148076125,0.0950202015204244,0.1076845063061293,1.791759469228055,-5.250366231856161,3.0,1.0986122886681098,3.2458207196255646,1.4262314027593506,-2.486046321275559,-3.6251245039712368,4,0.0819661244142451,62,independent_profile_kmeans_holdout_v1,0.1588261308481236,0.0522004570510359,0.0295445434616376,1.670667279381423,5,2,0.0522004570510359,3.0426195443622377,3,0.0398787059271467,3.982730310714661,3,0.0398787059271467,3.982730310714661,project://predictive_profile_confirmatory64_v1/selected_hmms/confirm_K6_i000596.npz,0.0398787059271467,0.0014932434720254,0.0011725794748057
confirm_K6_i000708,GRU,0.0445759924289535,0.0379001486345493,8,0.0,,,0.0831101584721746,0.8955606793847892,6,bank,independent_confirmatory64,6,708,0.2,8.0,0.1,2027386515,8,0.0248453503539126,0.000874056493677,0.9298769313895604,0.8619101999506146,0.8481094692100614,0.844288412713593,0.0855885186759672,0.1070313624094572,0.840441600707353,0.7929066276475756,1.925511286785928,3.5191472026309856,5,3,0.6887888496002278,1.2201730634796777,4,0.3334659379433083,2.5203221831017544,4,0.3334659379433083,2.5203221831017544,0.879028471198671,0.8451413550453045,2.2183367909147247,3.7237922979066136,5,3,0.7377506962005657,1.191497989396268,4,0.4081130321306778,2.1538848358001124,4,0.4081130321306778,2.1538848358001124,0.9603105769374366,25.19562953645549,16.905410433055927,0.6887888496002278,0.7377506962005657,0.3334659379433083,0.4081130321306778,0.0695605586300417,0.1433509364801065,1.405715919956283,0.6760064622065323,0.5471045012130241,0.000874056493677,0.4713755718291713,0.1156119148343287,0.031072522579213,0.000874056493677,0.0229773900978346,0.0286474268936889,0.1251766120266899,0.5471045012130241,0.1285355758615437,1.791759469228055,-2.2346333808371464,4.0,1.3862943611198906,0.8962111034103662,2.827633714661689,-7.042365546323267,0.7967577218169953,6,0.3168854877520529,21,independent_profile_kmeans_holdout_v1,0.8853232643358392,0.8493538293708833,2.27543551485456,3.822740637132904,5,3,0.743966683832535,1.190003912238526,4,0.4267942285765587,2.074356223814374,5,0.1860015183117364,4.759763642638914,project://predictive_profile_confirmatory64_v1/selected_hmms/confirm_K6_i000708.npz,0.743966683832535,0.4267942285765587,0.1860015183117364
confirm_K6_i000708,Transformer,0.0573530351576486,0.0499476748324878,8,0.0,,,0.072653818084711,0.4456333700538858,6,bank,independent_confirmatory64,6,708,0.2,8.0,0.1,2027386515,8,0.0248453503539126,0.000874056493677,0.9298769313895604,0.8619101999506146,0.8481094692100614,0.844288412713593,0.0855885186759672,0.1070313624094572,0.840441600707353,0.7929066276475756,1.925511286785928,3.5191472026309856,5,3,0.6887888496002278,1.2201730634796777,4,0.3334659379433083,2.5203221831017544,4,0.3334659379433083,2.5203221831017544,0.879028471198671,0.8451413550453045,2.2183367909147247,3.7237922979066136,5,3,0.7377506962005657,1.191497989396268,4,0.4081130321306778,2.1538848358001124,4,0.4081130321306778,2.1538848358001124,0.9603105769374366,25.19562953645549,16.905410433055927,0.6887888496002278,0.7377506962005657,0.3334659379433083,0.4081130321306778,0.0695605586300417,0.1433509364801065,1.405715919956283,0.6760064622065323,0.5471045012130241,0.000874056493677,0.4713755718291713,0.1156119148343287,0.031072522579213,0.000874056493677,0.0229773900978346,0.0286474268936889,0.1251766120266899,0.5471045012130241,0.1285355758615437,1.791759469228055,-2.2346333808371464,4.0,1.3862943611198906,0.8962111034103662,2.827633714661689,-7.042365546323267,0.7967577218169953,6,0.3168854877520529,21,independent_profile_kmeans_holdout_v1,0.8853232643358392,0.8493538293708833,2.27543551485456,3.822740637132904,5,3,0.743966683832535,1.190003912238526,4,0.4267942285765587,2.074356223814374,5,0.1860015183117364,4.759763642638914,project://predictive_profile_confirmatory64_v1/selected_hmms/confirm_K6_i000708.npz,0.743966683832535,0.4267942285765587,0.1860015183117364
confirm_K6_i000737,GRU,0.0296753038750178,0.021181153206204,256,0.0040767936040052,256.0,256.0,0.023443892874497,0.806266760692482,6,bank,independent_confirmatory64,6,737,0.2,8.0,2.0,2027415793,8,0.0215230115173086,0.0396879772731211,1.9385578680177296,1.9212138857311656,1.90992747322648,1.9023990266986908,0.0361588413190387,0.062502146879303,0.3466297765345041,0.1525565096903501,0.1485942365632285,1.8278605167153743,5,2,0.1525565096903501,2.27214018751525,2,0.1525565096903501,2.27214018751525,4,0.0444940459905945,7.790475530316503,0.4395883353962467,0.2178310632068383,0.2522424098742902,1.9987501001539003,5,2,0.2178310632068383,2.018024100533549,2,0.2178310632068383,2.018024100533549,4,0.0670443581566514,6.5566790030136985,0.9434478694615324,17.682799754463474,29.67527565192124,0.0562395622207718,0.0833590654216881,0.0444940459905945,0.0670443581566514,0.0050928819512376,0.010509681793989,1.9656774972873003,0.9452910591078058,0.2256445743344086,0.0396879772731211,0.1658417524964563,0.0396879772731211,0.2256445743344086,0.1361267933398391,0.1405070133625341,0.0641011864053332,0.1078643072193463,0.1934274723909829,0.0926406756744342,1.791759469228055,-2.7725543727608835,2.0,0.6931471805599453,1.524035456031987,3.3903142294811057,-3.2267069766221046,-1.3773647098967017,10,0.2745068725736438,46,independent_profile_kmeans_holdout_v1,0.4878208267812643,0.2606595115233785,0.3241156186682257,2.130271551313892,5,2,0.2606595115233785,1.871486768045722,3,0.1058580784358868,4.6082531818930965,4,0.0824746883552112,5.914794423717772,project://predictive_profile_confirmatory64_v1/selected_hmms/confirm_K6_i000737.npz,0.1058580784358868,0.0824746883552112,0.0139668067086056
confirm_K6_i000737,Transformer,0.0288821549091862,0.0158271125912253,32,0.0188034842676062,32.0,32.0,0.0374744030616461,0.5246921483195447,6,bank,independent_confirmatory64,6,737,0.2,8.0,2.0,2027415793,8,0.0215230115173086,0.0396879772731211,1.9385578680177296,1.9212138857311656,1.90992747322648,1.9023990266986908,0.0361588413190387,0.062502146879303,0.3466297765345041,0.1525565096903501,0.1485942365632285,1.8278605167153743,5,2,0.1525565096903501,2.27214018751525,2,0.1525565096903501,2.27214018751525,4,0.0444940459905945,7.790475530316503,0.4395883353962467,0.2178310632068383,0.2522424098742902,1.9987501001539003,5,2,0.2178310632068383,2.018024100533549,2,0.2178310632068383,2.018024100533549,4,0.0670443581566514,6.5566790030136985,0.9434478694615324,17.682799754463474,29.67527565192124,0.0562395622207718,0.0833590654216881,0.0444940459905945,0.0670443581566514,0.0050928819512376,0.010509681793989,1.9656774972873003,0.9452910591078058,0.2256445743344086,0.0396879772731211,0.1658417524964563,0.0396879772731211,0.2256445743344086,0.1361267933398391,0.1405070133625341,0.0641011864053332,0.1078643072193463,0.1934274723909829,0.0926406756744342,1.791759469228055,-2.7725543727608835,2.0,0.6931471805599453,1.524035456031987,3.3903142294811057,-3.2267069766221046,-1.3773647098967017,10,0.2745068725736438,46,independent_profile_kmeans_holdout_v1,0.4878208267812643,0.2606595115233785,0.3241156186682257,2.130271551313892,5,2,0.2606595115233785,1.871486768045722,3,0.1058580784358868,4.6082531818930965,4,0.0824746883552112,5.914794423717772,project://predictive_profile_confirmatory64_v1/selected_hmms/confirm_K6_i000737.npz,0.1058580784358868,0.0824746883552112,0.0139668067086056
confirm_K6_i000814,GRU,0.0407520268792896,0.0321344579430331,8,0.0,,,0.045323067298925,0.8198751378348119,6,bank,independent_confirmatory64,6,814,0.2,2.0,0.5,2027493537,8,0.0556571217871186,0.0205461752825835,1.6831226631750231,1.6185437512256662,1.5965959977740365,1.5899693625505804,0.0931533006244429,0.1283543245229845,0.5856705162236754,0.392989197392126,0.5562177675244706,2.523853701093884,5,3,0.2311595373443935,2.5336203859549733,3,0.2311595373443935,2.5336203859549733,3,0.2311595373443935,2.5336203859549733,0.7319752930562716,0.4319291663674506,0.8060230811196634,2.4435786459464937,5,3,0.2690316269063749,2.7207778560213844,3,0.2690316269063749,2.7207778560213844,4,0.0948857559427645,7.714280039016628,0.920849840117469,12.634213266077134,16.53833645939336,0.2311595373443935,0.2690316269063749,0.0706396564837606,0.0948857559427645,0.0185097787787721,0.0478656845688742,1.8415642942092825,0.8856052249113052,0.2955668867105057,0.0205461752825835,0.2435016860741363,0.2955668867105057,0.0205461752825835,0.0496939584817714,0.0604533820215655,0.1570825812504468,0.1947016715706573,0.0711576107280102,0.1507977339544595,1.791759469228055,-2.052960679026634,3.0,1.0986122886681098,1.312926334148703,2.8056811077171258,-3.885080472997768,-0.2156429002606365,13,0.2770024218315347,36,independent_profile_kmeans_holdout_v1,0.771458714228328,0.4444490964932907,0.8848015298015555,2.43638072437006,5,3,0.2787706569217842,2.7673598173741047,3,0.2787706569217842,2.7673598173741047,4,0.1067387534751229,7.227540973748842,project://predictive_profile_confirmatory64_v1/selected_hmms/confirm_K6_i000814.npz,0.2787706569217842,0.1067387534751229,0.0548793405117243
confirm_K6_i000814,Transformer,0.0532502703834009,0.0480360395802667,32,0.0074812892416704,32.0,32.0,0.0827093341861129,0.5052273882550424,6,bank,independent_confirmatory64,6,814,0.2,2.0,0.5,2027493537,8,0.0556571217871186,0.0205461752825835,1.6831226631750231,1.6185437512256662,1.5965959977740365,1.5899693625505804,0.0931533006244429,0.1283543245229845,0.5856705162236754,0.392989197392126,0.5562177675244706,2.523853701093884,5,3,0.2311595373443935,2.5336203859549733,3,0.2311595373443935,2.5336203859549733,3,0.2311595373443935,2.5336203859549733,0.7319752930562716,0.4319291663674506,0.8060230811196634,2.4435786459464937,5,3,0.2690316269063749,2.7207778560213844,3,0.2690316269063749,2.7207778560213844,4,0.0948857559427645,7.714280039016628,0.920849840117469,12.634213266077134,16.53833645939336,0.2311595373443935,0.2690316269063749,0.0706396564837606,0.0948857559427645,0.0185097787787721,0.0478656845688742,1.8415642942092825,0.8856052249113052,0.2955668867105057,0.0205461752825835,0.2435016860741363,0.2955668867105057,0.0205461752825835,0.0496939584817714,0.0604533820215655,0.1570825812504468,0.1947016715706573,0.0711576107280102,0.1507977339544595,1.791759469228055,-2.052960679026634,3.0,1.0986122886681098,1.312926334148703,2.8056811077171258,-3.885080472997768,-0.2156429002606365,13,0.2770024218315347,36,independent_profile_kmeans_holdout_v1,0.771458714228328,0.4444490964932907,0.8848015298015555,2.43638072437006,5,3,0.2787706569217842,2.7673598173741047,3,0.2787706569217842,2.7673598173741047,4,0.1067387534751229,7.227540973748842,project://predictive_profile_confirmatory64_v1/selected_hmms/confirm_K6_i000814.npz,0.2787706569217842,0.1067387534751229,0.0548793405117243
confirm_K6_i000997,GRU,0.0270387000897788,0.0190501492057429,32,0.0115772894439564,32.0,32.0,0.0240027999338454,-5.829274825151472,6,bank,independent_confirmatory64,6,997,5.0,8.0,0.5,2027678286,8,0.1293400148326444,0.0411091391574285,1.9211584169593383,1.920335681857932,1.9202479202023408,1.920236335152691,0.0009220818066473,0.0010330135615379,0.1564422516317385,0.07486802126575,0.0328341300757907,2.1938599288885654,5,2,0.07486802126575,2.089573745730961,3,0.0422934428763096,3.698971778894088,4,0.0308088889776744,5.077828406766098,0.1585874038756436,0.0800906994650257,0.0348307290623431,2.302425793476845,5,2,0.0800906994650257,1.980097626003331,3,0.0457545608698384,3.466045807472387,4,0.0337970795001861,4.692340469086105,0.3161652305706298,1.4623415548677874,1.6924981748367292,0.0422934428763096,0.0457545608698384,0.0308088889776744,0.0337970795001861,0.0040998075032136,0.0055246565862457,1.9363883587551955,0.9312059608037464,0.2452309068373284,0.0411091391574285,0.1869647329412437,0.0411091391574285,0.0516337463774395,0.1422963842115531,0.179993027592878,0.2452309068373284,0.1002586955573048,0.1649561452309631,0.0745219550351042,1.791759469228055,-6.875274960626887,3.0,1.0986122886681098,3.084463801085429,0.526205647420686,-3.1915248182714397,-3.357255262800813,8,0.0828300035963312,124,independent_profile_kmeans_holdout_v1,0.1586973850798096,0.0807648290348376,0.035053228266987,2.3189143423430028,5,2,0.0807648290348376,1.964931851850464,3,0.0463595959028501,3.423183097030686,4,0.0341206641141352,4.651063782022511,project://predictive_profile_confirmatory64_v1/selected_hmms/confirm_K6_i000997.npz,0.0463595959028501,0.0341206641141352,0.0056549778890734
confirm_K6_i000997,Transformer,0.0276850403545044,0.0211310421006627,8,0.0,,,0.0217928463426178,-9.825780954484395,6,bank,independent_confirmatory64,6,997,5.0,8.0,0.5,2027678286,8,0.1293400148326444,0.0411091391574285,1.9211584169593383,1.920335681857932,1.9202479202023408,1.920236335152691,0.0009220818066473,0.0010330135615379,0.1564422516317385,0.07486802126575,0.0328341300757907,2.1938599288885654,5,2,0.07486802126575,2.089573745730961,3,0.0422934428763096,3.698971778894088,4,0.0308088889776744,5.077828406766098,0.1585874038756436,0.0800906994650257,0.0348307290623431,2.302425793476845,5,2,0.0800906994650257,1.980097626003331,3,0.0457545608698384,3.466045807472387,4,0.0337970795001861,4.692340469086105,0.3161652305706298,1.4623415548677874,1.6924981748367292,0.0422934428763096,0.0457545608698384,0.0308088889776744,0.0337970795001861,0.0040998075032136,0.0055246565862457,1.9363883587551955,0.9312059608037464,0.2452309068373284,0.0411091391574285,0.1869647329412437,0.0411091391574285,0.0516337463774395,0.1422963842115531,0.179993027592878,0.2452309068373284,0.1002586955573048,0.1649561452309631,0.0745219550351042,1.791759469228055,-6.875274960626887,3.0,1.0986122886681098,3.084463801085429,0.526205647420686,-3.1915248182714397,-3.357255262800813,8,0.0828300035963312,124,independent_profile_kmeans_holdout_v1,0.1586973850798096,0.0807648290348376,0.035053228266987,2.3189143423430028,5,2,0.0807648290348376,1.964931851850464,3,0.0463595959028501,3.423183097030686,4,0.0341206641141352,4.651063782022511,project://predictive_profile_confirmatory64_v1/selected_hmms/confirm_K6_i000997.npz,0.0463595959028501,0.0341206641141352,0.0056549778890734
confirm_K6_i001146,GRU,0.044672364347936,0.0366434655005323,8,0.0,,,0.032863706943005,-1.720159840164515,6,bank,independent_confirmatory64,6,1146,1.0,2.0,0.1,2027828729,8,0.0867746483848274,0.0055017291779193,1.6061418116150867,1.6015991942358865,1.6010169025578267,1.60096119135955,0.0051806202555366,0.0058743343301497,0.3406250418061058,0.2557493436328898,0.187180954402318,2.1884783813516484,5,2,0.2557493436328898,1.3318706393047448,2,0.2557493436328898,1.3318706393047448,3,0.0704137828938385,4.837476809329493,0.3462431353077271,0.2616327175270594,0.1967309083120629,2.283416104092709,5,2,0.2616327175270594,1.3233938728321195,2,0.2616327175270594,1.3233938728321195,3,0.0815476811119908,4.245897989818074,0.4125293288862112,1.7022126365969803,1.994743436120412,0.0704137828938385,0.0815476811119908,0.0280572238657566,0.0417390603748152,0.0015811058721392,0.0016574764035978,1.6927042186987131,0.8140186606694871,0.3109674088884261,0.0055017291779193,0.2997891052063281,0.0522601276665191,0.064335737267766,0.2571987927218416,0.1237535195265499,0.1720842278513721,0.3109674088884261,0.0138984568996055,0.0055017291779193,1.791759469228055,-5.137162530877898,2.0,0.6931471805599453,1.340813600219856,0.690515438623279,-5.202692840170436,-1.6259184316555542,2,0.2570184413511555,24,independent_profile_kmeans_holdout_v1,0.3471015625096276,0.2622070219305428,0.1978627962407489,2.290265299914096,5,2,0.2622070219305428,1.3237691346098768,2,0.2622070219305428,1.3237691346098768,3,0.0824465254881673,4.210020500614588,project://predictive_profile_confirmatory64_v1/selected_hmms/confirm_K6_i001146.npz,0.0824465254881673,0.0427853567783149,0.0016621897368099
confirm_K6_i001146,Transformer,0.0356080087893929,0.0278568830274414,8,0.0,,,0.0341370528902706,-0.996671901495016,6,bank,independent_confirmatory64,6,1146,1.0,2.0,0.1,2027828729,8,0.0867746483848274,0.0055017291779193,1.6061418116150867,1.6015991942358865,1.6010169025578267,1.60096119135955,0.0051806202555366,0.0058743343301497,0.3406250418061058,0.2557493436328898,0.187180954402318,2.1884783813516484,5,2,0.2557493436328898,1.3318706393047448,2,0.2557493436328898,1.3318706393047448,3,0.0704137828938385,4.837476809329493,0.3462431353077271,0.2616327175270594,0.1967309083120629,2.283416104092709,5,2,0.2616327175270594,1.3233938728321195,2,0.2616327175270594,1.3233938728321195,3,0.0815476811119908,4.245897989818074,0.4125293288862112,1.7022126365969803,1.994743436120412,0.0704137828938385,0.0815476811119908,0.0280572238657566,0.0417390603748152,0.0015811058721392,0.0016574764035978,1.6927042186987131,0.8140186606694871,0.3109674088884261,0.0055017291779193,0.2997891052063281,0.0522601276665191,0.064335737267766,0.2571987927218416,0.1237535195265499,0.1720842278513721,0.3109674088884261,0.0138984568996055,0.0055017291779193,1.791759469228055,-5.137162530877898,2.0,0.6931471805599453,1.340813600219856,0.690515438623279,-5.202692840170436,-1.6259184316555542,2,0.2570184413511555,24,independent_profile_kmeans_holdout_v1,0.3471015625096276,0.2622070219305428,0.1978627962407489,2.290265299914096,5,2,0.2622070219305428,1.3237691346098768,2,0.2622070219305428,1.3237691346098768,3,0.0824465254881673,4.210020500614588,project://predictive_profile_confirmatory64_v1/selected_hmms/confirm_K6_i001146.npz,0.0824465254881673,0.0427853567783149,0.0016621897368099
confirm_K6_i001189,GRU,0.0373822460562307,0.0319091526686662,8,0.0,,,0.0584145185442968,-0.0813126653715474,6,bank,independent_confirmatory64,6,1189,0.2,0.0,0.5,2027872150,8,0.0838637021688096,0.0381085270756196,1.8624529402197152,1.8472838516984629,1.840946805328344,1.839227609252711,0.0232253309670045,0.0330007694883898,0.3599513242323237,0.1813546553885782,0.1780833042307666,2.175412296968525,5,2,0.1813546553885782,1.984792303572669,3,0.1218148304905387,2.954905595507771,3,0.1218148304905387,2.954905595507771,0.3781163879470703,0.2416179580590896,0.2234264580637801,2.4466805045498705,5,2,0.2416179580590896,1.564934953446626,3,0.1432258458828159,2.640001080925271,3,0.1432258458828159,2.640001080925271,0.6060001999041801,2.538072353734195,3.498779271773245,0.1218148304905387,0.1432258458828159,0.0233043642359308,0.0323488395147482,0.0157127675211481,0.0226964143907711,1.9276530152916909,0.9270051485719932,0.2553526371246528,0.0381085270756196,0.2008468676021494,0.0908003964928421,0.0806187628150457,0.1144309581026963,0.0381085270756196,0.0785489211682045,0.1156445408220927,0.2553526371246528,0.226495256398846,1.791759469228055,-3.411224399957519,3.0,1.0986122886681098,1.9433325527331016,1.2524141281642955,-3.2673172141316567,-1.4986729657707518,0,0.1235906743470361,86,independent_profile_kmeans_holdout_v1,0.391046182656359,0.2525287900214377,0.2403466506043259,2.45534392614705,5,2,0.2525287900214377,1.5485211908834724,3,0.1480886148749514,2.640622866157301,3,0.1480886148749514,2.640622866157301,project://predictive_profile_confirmatory64_v1/selected_hmms/confirm_K6_i001189.npz,0.1480886148749514,0.0338959051012639,0.0240743350127997
confirm_K6_i001189,Transformer,0.0395550550361539,0.0346427294739578,8,0.0,,,0.0718951092006966,-0.2027753359237035,6,bank,independent_confirmatory64,6,1189,0.2,0.0,0.5,2027872150,8,0.0838637021688096,0.0381085270756196,1.8624529402197152,1.8472838516984629,1.840946805328344,1.839227609252711,0.0232253309670045,0.0330007694883898,0.3599513242323237,0.1813546553885782,0.1780833042307666,2.175412296968525,5,2,0.1813546553885782,1.984792303572669,3,0.1218148304905387,2.954905595507771,3,0.1218148304905387,2.954905595507771,0.3781163879470703,0.2416179580590896,0.2234264580637801,2.4466805045498705,5,2,0.2416179580590896,1.564934953446626,3,0.1432258458828159,2.640001080925271,3,0.1432258458828159,2.640001080925271,0.6060001999041801,2.538072353734195,3.498779271773245,0.1218148304905387,0.1432258458828159,0.0233043642359308,0.0323488395147482,0.0157127675211481,0.0226964143907711,1.9276530152916909,0.9270051485719932,0.2553526371246528,0.0381085270756196,0.2008468676021494,0.0908003964928421,0.0806187628150457,0.1144309581026963,0.0381085270756196,0.0785489211682045,0.1156445408220927,0.2553526371246528,0.226495256398846,1.791759469228055,-3.411224399957519,3.0,1.0986122886681098,1.9433325527331016,1.2524141281642955,-3.2673172141316567,-1.4986729657707518,0,0.1235906743470361,86,independent_profile_kmeans_holdout_v1,0.391046182656359,0.2525287900214377,0.2403466506043259,2.45534392614705,5,2,0.2525287900214377,1.5485211908834724,3,0.1480886148749514,2.640622866157301,3,0.1480886148749514,2.640622866157301,project://predictive_profile_confirmatory64_v1/selected_hmms/confirm_K6_i001189.npz,0.1480886148749514,0.0338959051012639,0.0240743350127997
