status,hmm_id,architecture,dimension,seed,n_train,best_epoch,best_val_ce,final_batch_size,epochs_completed,parameter_count,device,test_ce_h1,test_ce_h2,test_ce_h3,test_ce_h4,result_file,bayes_ce_h1,bayes_ce_h2,bayes_ce_h3,bayes_ce_h4,shape_rmse,excess_ce_H,recovery_ratio
done,bank_K3_i000535,GRU,128,1,64,9,1.9343904741108415,16,17,101256,cpu,1.922149121761322,1.89182648062706,1.943165197968483,1.914487585425377,project://predictive_profile_experiment_v2/sample_size_runs/bank_K3_i000535/gru/d128/n64/seed1/DONE.json,1.865914553978806,1.8656205015312584,1.865602084406048,1.8656009560481293,0.0186463457627772,0.0488866293772476,24.4310806497072
done,bank_K3_i000535,GRU,128,2,64,13,1.8842184729874132,16,21,101256,cpu,1.9299397841095924,1.902789890766144,1.850956737995148,1.943123497068882,project://predictive_profile_experiment_v2/sample_size_runs/bank_K3_i000535/gru/d128/n64/seed2/DONE.json,1.865914553978806,1.8656205015312584,1.865602084406048,1.8656009560481293,0.0507579396102903,0.0775225410207527,-42.04017842477015
done,bank_K3_i000535,GRU,128,3,64,28,1.8596677146852016,16,36,101256,cpu,1.964698202908039,1.9042001739144323,1.9036548510193825,1.889104276895523,project://predictive_profile_experiment_v2/sample_size_runs/bank_K3_i000535/gru/d128/n64/seed3/DONE.json,1.865914553978806,1.8656205015312584,1.865602084406048,1.8656009560481293,0.0390708028578753,0.0235033208473938,241.0536506072644
done,bank_K3_i000535,GRU,128,4,64,19,1.9123740680515768,16,27,101256,cpu,1.927259922027588,1.8761784881353376,1.8908810466527937,1.8991515040397644,project://predictive_profile_experiment_v2/sample_size_runs/bank_K3_i000535/gru/d128/n64/seed4/DONE.json,1.865914553978806,1.8656205015312584,1.865602084406048,1.8656009560481293,0.0185042497274595,0.0335505479916351,89.63202635669315
done,bank_K3_i000535,GRU,128,5,64,19,1.8665112555027008,16,27,101256,cpu,1.896299734711647,1.8755293563008308,1.8688734620809555,1.8987598940730093,project://predictive_profile_experiment_v2/sample_size_runs/bank_K3_i000535/gru/d128/n64/seed5/DONE.json,1.865914553978806,1.8656205015312584,1.865602084406048,1.8656009560481293,0.0189837191072189,0.0331589380248802,-7.844947688440853
done,bank_K3_i000535,GRU,128,1,128,10,1.88507379218936,16,18,101256,cpu,1.9080572128295896,1.8732389211654663,1.8783082962036133,1.901160404086113,project://predictive_profile_experiment_v2/sample_size_runs/bank_K3_i000535/gru/d128/n128/seed1/DONE.json,1.865914553978806,1.8656205015312584,1.865602084406048,1.8656009560481293,0.0183460495715477,0.0355594480379837,21.992519939762623
done,bank_K3_i000535,GRU,128,2,128,12,1.882412377744913,16,20,101256,cpu,1.911091670393944,1.877955824136734,1.895423300564289,1.953548103570938,project://predictive_profile_experiment_v2/sample_size_runs/bank_K3_i000535/gru/d128/n128/seed2/DONE.json,1.865914553978806,1.8656205015312584,1.865602084406048,1.8656009560481293,0.052261476072914,0.0879471475228088,-135.38492771738535
done,bank_K3_i000535,GRU,128,3,128,14,1.8645904324948788,16,22,101256,cpu,1.8517015874385836,1.90657477080822,1.9550256207585333,1.9186442121863363,project://predictive_profile_experiment_v2/sample_size_runs/bank_K3_i000535/gru/d128/n128/seed3/DONE.json,1.865914553978806,1.8656205015312584,1.865602084406048,1.8656009560481293,0.0387074536774615,0.0530432561382072,-213.46641096543053
done,bank_K3_i000535,GRU,128,4,128,13,1.878040362149477,16,21,101256,cpu,1.9267109408974648,1.8495838716626167,1.865832880139351,1.875078186392784,project://predictive_profile_experiment_v2/sample_size_runs/bank_K3_i000535/gru/d128/n128/seed4/DONE.json,1.865914553978806,1.8656205015312584,1.865602084406048,1.8656009560481293,0.029026321879773,0.0094772303446548,164.64634952550583
done,bank_K3_i000535,GRU,128,5,128,7,1.836855247616768,16,15,101256,cpu,1.8930859416723247,1.8910800516605375,1.8516224846243856,1.935204304754734,project://predictive_profile_experiment_v2/sample_size_runs/bank_K3_i000535/gru/d128/n128/seed5/DONE.json,1.865914553978806,1.8656205015312584,1.865602084406048,1.8656009560481293,0.051805539149409,0.0696033487066047,-134.3068909654978
done,bank_K3_i000535,GRU,128,1,256,24,1.8593814000487328,16,32,101256,cpu,1.907830998301506,1.8976235091686249,1.878853380680084,1.9028135240077968,project://predictive_profile_experiment_v2/sample_size_runs/bank_K3_i000535/gru/d128/n256/seed1/DONE.json,1.865914553978806,1.8656205015312584,1.865602084406048,1.8656009560481293,0.0124840749795795,0.0372125679596679,15.99970472662525
done,bank_K3_i000535,GRU,128,2,256,19,1.8840490244328976,16,27,101256,cpu,1.874810054898262,1.8550744578242304,1.8493170216679573,1.880834311246872,project://predictive_profile_experiment_v2/sample_size_runs/bank_K3_i000535/gru/d128/n256/seed2/DONE.json,1.865914553978806,1.8656205015312584,1.865602084406048,1.8656009560481293,0.0206043470780393,0.0152333551987426,-19.21012787172843
done,bank_K3_i000535,GRU,128,3,256,14,1.8725121468305588,16,22,101256,cpu,1.8553072959184649,1.8619957715272903,1.867214135825634,1.9233051016926763,project://predictive_profile_experiment_v2/sample_size_runs/bank_K3_i000535/gru/d128/n256/seed3/DONE.json,1.865914553978806,1.8656205015312584,1.865602084406048,1.8656009560481293,0.0537912676439802,0.0577041456445472,-216.83116858414832
done,bank_K3_i000535,GRU,128,4,256,5,1.8627834506332877,16,13,101256,cpu,1.8918034881353376,1.8619571849703789,1.886808142066002,1.90898122638464,project://predictive_profile_experiment_v2/sample_size_runs/bank_K3_i000535/gru/d128/n256/seed4/DONE.json,1.865914553978806,1.8656205015312584,1.865602084406048,1.8656009560481293,0.0274351126175858,0.0433802703365104,-54.77631249744434
done,bank_K3_i000535,GRU,128,5,256,7,1.880941767245531,16,15,101256,cpu,1.892690792679787,1.956237718462944,1.8503569066524503,1.8781523331999777,project://predictive_profile_experiment_v2/sample_size_runs/bank_K3_i000535/gru/d128/n256/seed5/DONE.json,1.865914553978806,1.8656205015312584,1.865602084406048,1.8656009560481293,0.0420394769568873,0.0125513771518486,46.360189457992405
done,bank_K3_i000535,GRU,128,1,512,24,1.8658337146043775,16,32,101256,cpu,1.875797003507614,1.899195984005928,1.8772249594330788,1.87542612105608,project://predictive_profile_experiment_v2/sample_size_runs/bank_K3_i000535/gru/d128/n512/seed1/DONE.json,1.865914553978806,1.8656205015312584,1.865602084406048,1.8656009560481293,0.0119091626762649,0.0098251650079506,1.1826686825831163
done,bank_K3_i000535,GRU,128,2,512,15,1.84426811337471,16,23,101256,cpu,1.9135861098766327,1.8812936544418333,1.8394260928034785,1.9286879152059555,project://predictive_profile_experiment_v2/sample_size_runs/bank_K3_i000535/gru/d128/n512/seed2/DONE.json,1.865914553978806,1.8656205015312584,1.865602084406048,1.8656009560481293,0.0511213704309977,0.0630869591578262,-48.1565847604049
done,bank_K3_i000535,GRU,128,3,512,6,1.872627511620521,16,14,101256,cpu,1.9014514312148092,1.8590338677167888,1.8737402632832527,1.927944265305996,project://predictive_profile_experiment_v2/sample_size_runs/bank_K3_i000535/gru/d128/n512/seed3/DONE.json,1.865914553978806,1.8656205015312584,1.865602084406048,1.8656009560481293,0.0458478952877959,0.0623433092578666,-84.48025799792092
done,bank_K3_i000535,GRU,128,4,512,23,1.848030187189579,16,31,101256,cpu,1.8513070791959765,1.8738966658711436,1.8604975119233127,1.845823548734188,project://predictive_profile_experiment_v2/sample_size_runs/bank_K3_i000535/gru/d128/n512/seed4/DONE.json,1.865914553978806,1.8656205015312584,1.865602084406048,1.8656009560481293,0.0160391954824459,-0.0197774073139411,17.485863028351314
done,bank_K3_i000535,GRU,128,5,512,17,1.8292067907750609,16,25,101256,cpu,1.9378343671560287,1.86364171653986,1.828837864100933,1.8290580362081528,project://predictive_profile_experiment_v2/sample_size_runs/bank_K3_i000535/gru/d128/n512/seed5/DONE.json,1.865914553978806,1.8656205015312584,1.865602084406048,1.8656009560481293,0.0569185664903965,-0.0365429198399764,346.8655890462427
done,bank_K3_i000535,GRU,128,1,1024,22,1.884973492473364,16,30,101256,cpu,1.8745246231555937,1.8701653108000755,1.840000502765179,1.9041030704975128,project://predictive_profile_experiment_v2/sample_size_runs/bank_K3_i000535/gru/d128/n1024/seed1/DONE.json,1.865914553978806,1.8656205015312584,1.865602084406048,1.8656009560481293,0.0392298253824069,0.0385021144493835,-94.31965089210726
done,bank_K3_i000535,GRU,128,2,1024,18,1.8702891804277897,16,26,101256,cpu,1.8796739503741264,1.870721511542797,1.853652320802212,1.8634248450398443,project://predictive_profile_experiment_v2/sample_size_runs/bank_K3_i000535/gru/d128/n1024/seed2/DONE.json,1.865914553978806,1.8656205015312584,1.865602084406048,1.8656009560481293,0.0100302189857206,-0.0021761110082847,51.81509106012184
done,bank_K3_i000535,GRU,128,3,1024,17,1.8799626119434836,16,25,101256,cpu,1.8595551177859304,1.8654793798923488,1.876830019056797,1.8916589096188543,project://predictive_profile_experiment_v2/sample_size_runs/bank_K3_i000535/gru/d128/n1024/seed3/DONE.json,1.865914553978806,1.8656205015312584,1.865602084406048,1.8656009560481293,0.0221201727055426,0.0260579535707252,-102.37246069718204
done,bank_K3_i000535,GRU,128,4,1024,20,1.8598914295434952,16,28,101256,cpu,1.8899691477417944,1.8593063801527023,1.911994531750679,1.8842810541391373,project://predictive_profile_experiment_v2/sample_size_runs/bank_K3_i000535/gru/d128/n1024/seed4/DONE.json,1.865914553978806,1.8656205015312584,1.865602084406048,1.8656009560481293,0.0188518600658903,0.018680098091008,18.138173266584342
done,bank_K3_i000535,GRU,128,5,1024,6,1.8700497187674048,16,14,101256,cpu,1.8915872871875763,1.8955227136611936,1.8720477744936943,1.89654204249382,project://predictive_profile_experiment_v2/sample_size_runs/bank_K3_i000535/gru/d128/n1024/seed5/DONE.json,1.865914553978806,1.8656205015312584,1.865602084406048,1.8656009560481293,0.0125385330921386,0.0309410864456909,-15.799706635663506
done,bank_K3_i000535,Transformer,128,1,64,13,1.9467341862618923,16,21,201224,cpu,1.921905793249607,1.928561471402645,1.917487606406212,1.9552495554089544,project://predictive_profile_experiment_v2/sample_size_runs/bank_K3_i000535/transformer/d128/n64/seed1/DONE.json,1.865914553978806,1.8656205015312584,1.865602084406048,1.8656009560481293,0.0286014220490957,0.0896485993608253,-106.32647379844116
done,bank_K3_i000535,Transformer,128,2,64,17,1.9166616164147852,16,25,201224,cpu,1.925003558397293,1.9128172919154167,1.8801058903336525,1.8990298435091968,project://predictive_profile_experiment_v2/sample_size_runs/bank_K3_i000535/transformer/d128/n64/seed2/DONE.json,1.865914553978806,1.8656205015312584,1.865602084406048,1.8656009560481293,0.017364874490018,0.0334288874610679,82.82489247312174
done,bank_K3_i000535,Transformer,128,3,64,20,1.8896148651838305,16,28,201224,cpu,1.9353335425257685,1.8901333436369896,1.88566442579031,1.8765951097011568,project://predictive_profile_experiment_v2/sample_size_runs/bank_K3_i000535/transformer/d128/n64/seed3/DONE.json,1.865914553978806,1.8656205015312584,1.865602084406048,1.8656009560481293,0.0303251063419146,0.0109941536530273,187.3049120504457
done,bank_K3_i000535,Transformer,128,4,64,17,1.921171147376299,16,25,201224,cpu,1.910783477127552,1.9025752022862437,1.911393105983734,1.884569227695465,project://predictive_profile_experiment_v2/sample_size_runs/bank_K3_i000535/transformer/d128/n64/seed4/DONE.json,1.865914553978806,1.8656205015312584,1.865602084406048,1.8656009560481293,0.0206991261534641,0.0189682716473358,83.59190819759417
done,bank_K3_i000535,Transformer,128,5,64,28,1.869001399725676,16,36,201224,cpu,1.894003488123417,1.89792325347662,1.9088232666254044,1.9028581157326696,project://predictive_profile_experiment_v2/sample_size_runs/bank_K3_i000535/transformer/d128/n64/seed5/DONE.json,1.865914553978806,1.8656205015312584,1.865602084406048,1.8656009560481293,0.0060035839378001,0.0372571596845405,-28.235605988037918
done,bank_K3_i000535,Transformer,128,1,128,40,1.8623882718384264,16,48,201224,cpu,1.849592126905918,1.8727817460894585,1.863499641418457,1.891993872821331,project://predictive_profile_experiment_v2/sample_size_runs/bank_K3_i000535/transformer/d128/n128/seed1/DONE.json,1.865914553978806,1.8656205015312584,1.865602084406048,1.8656009560481293,0.0274155218077823,0.0263929167732017,-135.21054116622602
done,bank_K3_i000535,Transformer,128,2,128,13,1.894884865731001,16,21,201224,cpu,1.893873006105423,1.8791071847081184,1.8756095468997955,1.9615335166454315,project://predictive_profile_experiment_v2/sample_size_runs/bank_K3_i000535/transformer/d128/n128/seed2/DONE.json,1.865914553978806,1.8656205015312584,1.865602084406048,1.8656009560481293,0.0685582318363677,0.0959325605973022,-215.7556027043753
done,bank_K3_i000535,Transformer,128,3,128,19,1.9169885367155075,16,27,201224,cpu,1.8819616436958315,1.873943716287613,1.9204813316464424,1.8896432369947436,project://predictive_profile_experiment_v2/sample_size_runs/bank_K3_i000535/transformer/d128/n128/seed3/DONE.json,1.865914553978806,1.8656205015312584,1.865602084406048,1.8656009560481293,0.0177618313730256,0.024042280946614,-24.495038224056096
done,bank_K3_i000535,Transformer,128,4,128,5,1.8725485354661944,16,13,201224,cpu,1.926153503358364,1.9435850009322169,1.9074521884322169,1.991900809109211,project://predictive_profile_experiment_v2/sample_size_runs/bank_K3_i000535/transformer/d128/n128/seed4/DONE.json,1.865914553978806,1.8656205015312584,1.865602084406048,1.8656009560481293,0.0588049945173209,0.1262998530610817,-209.6547818697706
done,bank_K3_i000535,Transformer,128,5,128,27,1.8700836524367328,16,35,201224,cpu,1.9015257358551023,1.89925803989172,1.8484562635421755,1.8913859874010088,project://predictive_profile_experiment_v2/sample_size_runs/bank_K3_i000535/transformer/d128/n128/seed5/DONE.json,1.865914553978806,1.8656205015312584,1.865602084406048,1.8656009560481293,0.022367795893145,0.0257850313528793,32.3335949067392
done,bank_K3_i000535,Transformer,128,1,256,6,1.88400723785162,16,14,201224,cpu,1.9122844114899635,1.891728200018406,1.855745330452919,1.909323275089264,project://predictive_profile_experiment_v2/sample_size_runs/bank_K3_i000535/transformer/d128/n256/seed1/DONE.json,1.865914553978806,1.8656205015312584,1.865602084406048,1.8656009560481293,0.0282311945378505,0.0437223190411346,9.44246154402029
done,bank_K3_i000535,Transformer,128,2,256,14,1.8952887915074823,16,22,201224,cpu,1.875867523252964,1.916377440094948,1.883768439292908,1.907724425196648,project://predictive_profile_experiment_v2/sample_size_runs/bank_K3_i000535/transformer/d128/n256/seed2/DONE.json,1.865914553978806,1.8656205015312584,1.865602084406048,1.8656009560481293,0.0205147579808725,0.0421234691485183,-101.5851790696934
done,bank_K3_i000535,Transformer,128,3,256,20,1.8601658567786217,16,28,201224,cpu,1.832499608397484,1.8466267809271808,1.852947972714901,1.8780816718935969,project://predictive_profile_experiment_v2/sample_size_runs/bank_K3_i000535/transformer/d128/n256/seed3/DONE.json,1.865914553978806,1.8656205015312584,1.865602084406048,1.8656009560481293,0.0305319973262243,0.0124807158454673,-145.35192690125518
done,bank_K3_i000535,Transformer,128,4,256,34,1.8473975472152235,16,42,201224,cpu,1.8719262853264809,1.866246871650219,1.8764373511075971,1.8450307697057724,project://predictive_profile_experiment_v2/sample_size_runs/bank_K3_i000535/transformer/d128/n256/seed4/DONE.json,1.865914553978806,1.8656205015312584,1.865602084406048,1.8656009560481293,0.0231419253455197,-0.0205701863423568,85.76432747074219
done,bank_K3_i000535,Transformer,128,5,256,31,1.8642031252384184,16,39,201224,cpu,1.8777684420347212,1.9426785111427307,1.8625022768974304,1.877739064395428,project://predictive_profile_experiment_v2/sample_size_runs/bank_K3_i000535/transformer/d128/n256/seed5/DONE.json,1.865914553978806,1.8656205015312584,1.865602084406048,1.8656009560481293,0.0333424220811719,0.0121381083472984,0.0936793148802753
done,bank_K3_i000535,Transformer,128,1,512,11,1.8958395048975945,16,19,201224,cpu,1.91008934378624,1.8798700645565989,1.9130207672715187,1.9281252771615984,project://predictive_profile_experiment_v2/sample_size_runs/bank_K3_i000535/transformer/d128/n512/seed1/DONE.json,1.865914553978806,1.8656205015312584,1.865602084406048,1.8656009560481293,0.0269041719557483,0.0625243211134689,-57.51292215620278
done,bank_K3_i000535,Transformer,128,2,512,19,1.905226040631533,16,27,201224,cpu,1.8927516117691996,1.8772502467036247,1.88420619815588,1.9055794104933736,project://predictive_profile_experiment_v2/sample_size_runs/bank_K3_i000535/transformer/d128/n512/seed2/DONE.json,1.865914553978806,1.8656205015312584,1.865602084406048,1.8656009560481293,0.0189288672643259,0.0399784544452446,-40.90524033909154
done,bank_K3_i000535,Transformer,128,3,512,9,1.8517778925597668,16,17,201224,cpu,1.8842527121305463,1.899361066520214,1.913038618862629,1.8896113336086275,project://predictive_profile_experiment_v2/sample_size_runs/bank_K3_i000535/transformer/d128/n512/seed3/DONE.json,1.865914553978806,1.8656205015312584,1.865602084406048,1.8656009560481293,0.0129964942131896,0.024010377560498,-17.087553691813696
done,bank_K3_i000535,Transformer,128,4,512,28,1.8862364999949928,16,36,201224,cpu,1.8625812977552412,1.8519811928272247,1.8822394609451292,1.8854605704545973,project://predictive_profile_experiment_v2/sample_size_runs/bank_K3_i000535/transformer/d128/n512/seed4/DONE.json,1.865914553978806,1.8656205015312584,1.865602084406048,1.8656009560481293,0.0204356912930464,0.0198596144064682,-72.95734589186131
done,bank_K3_i000535,Transformer,128,5,512,30,1.846060194075108,16,38,201224,cpu,1.857584461569786,1.84723249822855,1.859780304133892,1.8840280398726463,project://predictive_profile_experiment_v2/sample_size_runs/bank_K3_i000535/transformer/d128/n512/seed5/DONE.json,1.865914553978806,1.8656205015312584,1.865602084406048,1.8656009560481293,0.0257842225506058,0.018427083824517,-84.32319130994894
done,bank_K3_i000535,Transformer,128,1,1024,15,1.869709987193346,16,23,201224,cpu,1.912098243832588,1.8875916376709936,1.8624873533844948,1.8902864083647728,project://predictive_profile_experiment_v2/sample_size_runs/bank_K3_i000535/transformer/d128/n1024/seed1/DONE.json,1.865914553978806,1.8656205015312584,1.865602084406048,1.8656009560481293,0.0176237901935765,0.0246854523166435,69.55350572863985
done,bank_K3_i000535,Transformer,128,2,1024,10,1.867805551737547,16,18,201224,cpu,1.8752503916621208,1.8581565618515012,1.864844635128975,1.8806777819991112,project://predictive_profile_experiment_v2/sample_size_runs/bank_K3_i000535/transformer/d128/n1024/seed2/DONE.json,1.865914553978806,1.8656205015312584,1.865602084406048,1.8656009560481293,0.0140691980360217,0.0150768259509819,-17.306843591977263
done,bank_K3_i000535,Transformer,128,3,1024,17,1.8472552672028544,16,25,201224,cpu,1.9094788283109665,1.8842369243502617,1.861653909087181,1.8787414580583568,project://predictive_profile_experiment_v2/sample_size_runs/bank_K3_i000535/transformer/d128/n1024/seed3/DONE.json,1.865914553978806,1.8656205015312584,1.865602084406048,1.8656009560481293,0.0176607936108396,0.0131405020102279,98.01522027354198
done,bank_K3_i000535,Transformer,128,4,1024,22,1.8411232084035876,16,30,201224,cpu,1.876919269561768,1.8652313947677608,1.8669365793466568,1.8517782986164093,project://predictive_profile_experiment_v2/sample_size_runs/bank_K3_i000535/transformer/d128/n1024/seed4/DONE.json,1.865914553978806,1.8656205015312584,1.865602084406048,1.8656009560481293,0.0160202840362135,-0.0138226574317199,80.16944145997097
done,bank_K3_i000535,Transformer,128,5,1024,23,1.8594807982444763,16,31,201224,cpu,1.8566477969288824,1.8552116453647611,1.8890085518360136,1.8844843581318853,project://predictive_profile_experiment_v2/sample_size_runs/bank_K3_i000535/transformer/d128/n1024/seed5/DONE.json,1.865914553978806,1.8656205015312584,1.865602084406048,1.8656009560481293,0.0204384806968197,0.0188834020837562,-88.76513037866843
done,bank_K3_i000588,GRU,128,1,64,13,1.6291798949241638,16,21,101256,cpu,1.6658889576792717,1.6221575140953064,1.5509551018476486,1.6928019672632215,project://predictive_profile_experiment_v2/sample_size_runs/bank_K3_i000588/gru/d128/n64/seed1/DONE.json,1.5801255645898418,1.5798156500843423,1.5798024172088625,1.5798018977313997,0.0803976043673697,0.113000069531822,-83.15034079636803
done,bank_K3_i000588,GRU,128,2,64,19,1.5910368785262108,16,27,101256,cpu,1.6465951800346377,1.5954814180731771,1.6265671625733376,1.6308445557951927,project://predictive_profile_experiment_v2/sample_size_runs/bank_K3_i000588/gru/d128/n64/seed2/DONE.json,1.5801255645898418,1.5798156500843423,1.5798024172088625,1.5798018977313997,0.0194153026146512,0.051042658063793,48.66307386322208
done,bank_K3_i000588,GRU,128,3,64,28,1.5626196935772896,16,36,101256,cpu,1.6535000875592232,1.6710927113890648,1.5809368416666985,1.5985504388809204,project://predictive_profile_experiment_v2/sample_size_runs/bank_K3_i000588/gru/d128/n64/seed3/DONE.json,1.5801255645898418,1.5798156500843423,1.5798024172088625,1.5798018977313997,0.046245651775371,0.0187485411495207,169.77224341964364
done,bank_K3_i000588,GRU,128,4,64,34,1.6069602482020855,16,42,101256,cpu,1.6493147537112236,1.6710843443870544,1.5808010622859,1.656911388039589,project://predictive_profile_experiment_v2/sample_size_runs/bank_K3_i000588/gru/d128/n64/seed4/DONE.json,1.5801255645898418,1.5798156500843423,1.5798024172088625,1.5798018977313997,0.0389103938249426,0.0771094903081892,-23.470534996787062
done,bank_K3_i000588,GRU,128,5,64,16,1.603393580764532,16,24,101256,cpu,1.6445609480142591,1.6099256575107574,1.6124030277132988,1.702463112771511,project://predictive_profile_experiment_v2/sample_size_runs/bank_K3_i000588/gru/d128/n64/seed5/DONE.json,1.5801255645898418,1.5798156500843423,1.5798024172088625,1.5798018977313997,0.0708288182652794,0.1226612150401114,-178.8943268271334
done,bank_K3_i000588,GRU,128,1,128,27,1.6156972646713257,16,35,101256,cpu,1.6199646070599556,1.568850688636303,1.5333369672298431,1.587466262280941,project://predictive_profile_experiment_v2/sample_size_runs/bank_K3_i000588/gru/d128/n128/seed1/DONE.json,1.5801255645898418,1.5798156500843423,1.5798024172088625,1.5798018977313997,0.0328340467628994,0.0076643645495413,100.40677298701128
done,bank_K3_i000588,GRU,128,2,128,28,1.6211442165076733,16,36,101256,cpu,1.578026860952377,1.6378807574510574,1.5757446810603142,1.586193934082985,project://predictive_profile_experiment_v2/sample_size_runs/bank_K3_i000588/gru/d128/n128/seed2/DONE.json,1.5801255645898418,1.5798156500843423,1.5798024172088625,1.5798018977313997,0.0266992353776321,0.0063920363515852,-25.23296073598066
done,bank_K3_i000588,GRU,128,3,128,30,1.5523663945496082,16,38,101256,cpu,1.6206119582057,1.5868236795067787,1.6188818588852882,1.5775260925292969,project://predictive_profile_experiment_v2/sample_size_runs/bank_K3_i000588/gru/d128/n128/seed3/DONE.json,1.5801255645898418,1.5798156500843423,1.5798024172088625,1.5798018977313997,0.0301042010252168,-0.0022758052021027,133.11794072395332
done,bank_K3_i000588,GRU,128,4,128,28,1.5850708559155464,16,36,101256,cpu,1.601384088397026,1.6160530596971512,1.5941731333732605,1.5978582948446274,project://predictive_profile_experiment_v2/sample_size_runs/bank_K3_i000588/gru/d128/n128/seed4/DONE.json,1.5801255645898418,1.5798156500843423,1.5798024172088625,1.5798018977313997,0.0094125856560595,0.0180563971132277,10.89327949537179
done,bank_K3_i000588,GRU,128,5,128,15,1.5167806558310986,16,23,101256,cpu,1.6602360606193542,1.6708160862326622,1.6445035487413406,1.551495909690857,project://predictive_profile_experiment_v2/sample_size_runs/bank_K3_i000588/gru/d128/n128/seed5/DONE.json,1.5801255645898418,1.5798156500843423,1.5798024172088625,1.5798018977313997,0.0930570808188656,-0.0283059880405427,335.9631920669787
done,bank_K3_i000588,GRU,128,1,256,13,1.5931119732558727,16,21,101256,cpu,1.5869078636169434,1.6498206108808515,1.6449851915240288,1.5981309860944748,project://predictive_profile_experiment_v2/sample_size_runs/bank_K3_i000588/gru/d128/n256/seed1/DONE.json,1.5801255645898418,1.5798156500843423,1.5798024172088625,1.5798018977313997,0.0353517751429228,0.0183290883630751,-34.67492016807544
done,bank_K3_i000588,GRU,128,2,256,21,1.5728881657123566,16,29,101256,cpu,1.6170031279325483,1.5829617232084274,1.6213272958993912,1.672031819820404,project://predictive_profile_experiment_v2/sample_size_runs/bank_K3_i000588/gru/d128/n256/seed2/DONE.json,1.5801255645898418,1.5798156500843423,1.5798024172088625,1.5798018977313997,0.0582469252219048,0.0922299220890043,-170.016455044934
done,bank_K3_i000588,GRU,128,3,256,24,1.606064334511757,16,32,101256,cpu,1.5726051703095436,1.5742482766509056,1.6421341001987455,1.6199623495340347,project://predictive_profile_experiment_v2/sample_size_runs/bank_K3_i000588/gru/d128/n256/seed3/DONE.json,1.5801255645898418,1.5798156500843423,1.5798024172088625,1.5798018977313997,0.0348427201017785,0.040160451802635,-146.31457620479054
done,bank_K3_i000588,GRU,128,4,256,18,1.548061270266771,16,26,101256,cpu,1.5807815790176392,1.6178646013140678,1.6164508908987043,1.6301946491003036,project://predictive_profile_experiment_v2/sample_size_runs/bank_K3_i000588/gru/d128/n256/seed4/DONE.json,1.5801255645898418,1.5798156500843423,1.5798024172088625,1.5798018977313997,0.0265283695896674,0.0503927513689039,-152.66644944899286
done,bank_K3_i000588,GRU,128,5,256,12,1.591147392988205,16,20,101256,cpu,1.6161716058850288,1.590024560689926,1.633416324853897,1.56958419829607,project://predictive_profile_experiment_v2/sample_size_runs/bank_K3_i000588/gru/d128/n256/seed5/DONE.json,1.5801255645898418,1.5798156500843423,1.5798024172088625,1.5798018977313997,0.0407187124262482,-0.0102176994353295,143.9362924372231
done,bank_K3_i000588,GRU,128,1,512,26,1.5444619879126549,16,34,101256,cpu,1.5857450738549232,1.5957420468330383,1.6227591186761856,1.6531162485480309,project://predictive_profile_experiment_v2/sample_size_runs/bank_K3_i000588/gru/d128/n512/seed1/DONE.json,1.5801255645898418,1.5798156500843423,1.5798024172088625,1.5798018977313997,0.0468976431145756,0.0733143508166311,-208.1497469879525
done,bank_K3_i000588,GRU,128,2,512,16,1.6180724911391735,16,24,101256,cpu,1.6198026537895205,1.6018575355410576,1.6053358986973765,1.5796665623784063,project://predictive_profile_experiment_v2/sample_size_runs/bank_K3_i000588/gru/d128/n512/seed2/DONE.json,1.5801255645898418,1.5798156500843423,1.5798024172088625,1.5798018977313997,0.0261521816950687,-0.0001353353529931,124.00432841440934
done,bank_K3_i000588,GRU,128,3,512,16,1.5625859797000885,16,24,101256,cpu,1.6596607118844986,1.545133762061596,1.6051114350557327,1.611733190715313,project://predictive_profile_experiment_v2/sample_size_runs/bank_K3_i000588/gru/d128/n512/seed3/DONE.json,1.5801255645898418,1.5798156500843423,1.5798024172088625,1.5798018977313997,0.0410709671089421,0.0319312929839132,148.0767026932415
done,bank_K3_i000588,GRU,128,4,512,11,1.5655113011598587,16,19,101256,cpu,1.5548045188188553,1.5823737978935242,1.6381106451153755,1.6588328033685684,project://predictive_profile_experiment_v2/sample_size_runs/bank_K3_i000588/gru/d128/n512/seed4/DONE.json,1.5801255645898418,1.5798156500843423,1.5798024172088625,1.5798018977313997,0.065511147572067,0.0790309056371687,-321.40542609284165
done,bank_K3_i000588,GRU,128,5,512,4,1.6347501911222937,16,12,101256,cpu,1.6114619746804235,1.594854786992073,1.5743829756975174,1.6045891791582108,project://predictive_profile_experiment_v2/sample_size_runs/bank_K3_i000588/gru/d128/n512/seed5/DONE.json,1.5801255645898418,1.5798156500843423,1.5798024172088625,1.5798018977313997,0.0162046561092948,0.024787281426811,21.23416513909946
done,bank_K3_i000588,GRU,128,1,1024,8,1.6167538464069366,16,16,101256,cpu,1.5939335450530052,1.6105649918317797,1.5885561108589172,1.5972034707665443,project://predictive_profile_experiment_v2/sample_size_runs/bank_K3_i000588/gru/d128/n1024/seed1/DONE.json,1.5801255645898418,1.5798156500843423,1.5798024172088625,1.5798018977313997,0.008152647653206,0.0174015730351446,-10.10275111044191
done,bank_K3_i000588,GRU,128,2,1024,17,1.5930239297449589,16,25,101256,cpu,1.6668601334095,1.574490137398243,1.590630203485489,1.6146858111023903,project://predictive_profile_experiment_v2/sample_size_runs/bank_K3_i000588/gru/d128/n1024/seed2/DONE.json,1.5801255645898418,1.5798156500843423,1.5798024172088625,1.5798018977313997,0.0349427591393312,0.0348839133709906,161.19760471690034
done,bank_K3_i000588,GRU,128,3,1024,25,1.5709054917097092,16,33,101256,cpu,1.5678173303604126,1.6385346949100494,1.5723982378840446,1.6456030756235125,project://predictive_profile_experiment_v2/sample_size_runs/bank_K3_i000588/gru/d128/n1024/seed3/DONE.json,1.5801255645898418,1.5798156500843423,1.5798024172088625,1.5798018977313997,0.0536429426765569,0.0658011778921126,-240.32656799496104
done,bank_K3_i000588,GRU,128,4,1024,33,1.5161263532936573,16,41,101256,cpu,1.543484948575497,1.6522616669535637,1.5607114881277084,1.618722803890705,project://predictive_profile_experiment_v2/sample_size_runs/bank_K3_i000588/gru/d128/n1024/seed4/DONE.json,1.5801255645898418,1.5798156500843423,1.5798024172088625,1.5798018977313997,0.0504946772176963,0.0389209061593054,-232.45461607453583
done,bank_K3_i000588,GRU,128,5,1024,17,1.5709496140480042,16,25,101256,cpu,1.6194801330566406,1.5700358226895332,1.6072278693318367,1.5853107199072838,project://predictive_profile_experiment_v2/sample_size_runs/bank_K3_i000588/gru/d128/n1024/seed5/DONE.json,1.5801255645898418,1.5798156500843423,1.5798024172088625,1.5798018977313997,0.0215616326835546,0.0055088221758841,105.569700011377
done,bank_K3_i000588,Transformer,128,1,64,35,1.563674844801426,16,43,201224,cpu,1.6537625789642334,1.6185994371771812,1.5435664355754852,1.5970410108566284,project://predictive_profile_experiment_v2/sample_size_runs/bank_K3_i000588/transformer/d128/n64/seed1/DONE.json,1.5801255645898418,1.5798156500843423,1.5798024172088625,1.5798018977313997,0.0403251844419923,0.0172391131252287,175.2467595249718
done,bank_K3_i000588,Transformer,128,2,64,12,1.601026277989149,16,20,201224,cpu,1.6855699121952057,1.6619453355669975,1.583938106894493,1.5983331575989723,project://predictive_profile_experiment_v2/sample_size_runs/bank_K3_i000588/transformer/d128/n64/seed2/DONE.json,1.5801255645898418,1.5798156500843423,1.5798024172088625,1.5798018977313997,0.0543274263187972,0.0185312598675726,269.526373556223
done,bank_K3_i000588,Transformer,128,3,64,23,1.6709297113120556,16,31,201224,cpu,1.6325660943984983,1.650797702372074,1.6341519951820374,1.688121311366558,project://predictive_profile_experiment_v2/sample_size_runs/bank_K3_i000588/transformer/d128/n64/seed3/DONE.json,1.5801255645898418,1.5798156500843423,1.5798024172088625,1.5798018977313997,0.0430966105728323,0.1083194136351584,-171.64320510126765
done,bank_K3_i000588,Transformer,128,4,64,28,1.5678878799080849,16,36,201224,cpu,1.5809908360242844,1.6540886238217354,1.685856655240059,1.7024457454681396,project://predictive_profile_experiment_v2/sample_size_runs/bank_K3_i000588/transformer/d128/n64/seed4/DONE.json,1.5801255645898418,1.5798156500843423,1.5798024172088625,1.5798018977313997,0.0660397195781778,0.1226438477367399,-375.2466657490167
done,bank_K3_i000588,Transformer,128,5,64,17,1.56478163972497,16,25,201224,cpu,1.5295412093400955,1.6124290376901629,1.6789508908987043,1.6774711534380913,project://predictive_profile_experiment_v2/sample_size_runs/bank_K3_i000588/transformer/d128/n64/seed5/DONE.json,1.5801255645898418,1.5798156500843423,1.5798024172088625,1.5798018977313997,0.0809530530953318,0.0976692557066916,-457.04384072569695
done,bank_K3_i000588,Transformer,128,1,128,8,1.5728362239897251,16,16,201224,cpu,1.6662238761782646,1.6833796426653862,1.641095906496048,1.6294787675142288,project://predictive_profile_experiment_v2/sample_size_runs/bank_K3_i000588/transformer/d128/n128/seed1/DONE.json,1.5801255645898418,1.5798156500843423,1.5798024172088625,1.5798018977313997,0.033035167910036,0.0496768697828291,113.52755991423064
done,bank_K3_i000588,Transformer,128,2,128,12,1.6138056628406048,16,20,201224,cpu,1.6526387259364128,1.6442601382732391,1.6661599054932594,1.6077736914157867,project://predictive_profile_experiment_v2/sample_size_runs/bank_K3_i000588/transformer/d128/n128/seed2/DONE.json,1.5801255645898418,1.5798156500843423,1.5798024172088625,1.5798018977313997,0.040997195671054,0.027971793684387,138.61485459640443
done,bank_K3_i000588,Transformer,128,3,128,17,1.5942659191787245,16,25,201224,cpu,1.5884305611252785,1.6175127625465393,1.657106801867485,1.6204970255494118,project://predictive_profile_experiment_v2/sample_size_runs/bank_K3_i000588/transformer/d128/n128/seed3/DONE.json,1.5801255645898418,1.5798156500843423,1.5798024172088625,1.5798018977313997,0.0244864574152631,0.0406951278180121,-99.07243694482254
done,bank_K3_i000588,Transformer,128,4,128,30,1.5743090957403183,16,38,201224,cpu,1.584621250629425,1.550062969326973,1.6511178687214851,1.634075090289116,project://predictive_profile_experiment_v2/sample_size_runs/bank_K3_i000588/transformer/d128/n128/seed4/DONE.json,1.5801255645898418,1.5798156500843423,1.5798024172088625,1.5798018977313997,0.0495696129998301,0.0542731925577162,-152.79241099236066
done,bank_K3_i000588,Transformer,128,5,128,26,1.5769169181585312,16,34,201224,cpu,1.620329700410366,1.614412397146225,1.6139600798487663,1.605911947786808,project://predictive_profile_experiment_v2/sample_size_runs/bank_K3_i000588/transformer/d128/n128/seed5/DONE.json,1.5801255645898418,1.5798156500843423,1.5798024172088625,1.5798018977313997,0.0091573924774505,0.0261100500554083,44.54503835503877
done,bank_K3_i000588,Transformer,128,1,256,13,1.5788620822131634,16,21,201224,cpu,1.6450448334217072,1.571056291460991,1.5852892398834229,1.610202893614769,project://predictive_profile_experiment_v2/sample_size_runs/bank_K3_i000588/transformer/d128/n256/seed1/DONE.json,1.5801255645898418,1.5798156500843423,1.5798024172088625,1.5798018977313997,0.0289212748643514,0.0304009958833693,107.64753603332376
done,bank_K3_i000588,Transformer,128,2,256,8,1.582968894392252,16,16,201224,cpu,1.654704712331295,1.6669032499194143,1.6227822452783585,1.5439354479312897,project://predictive_profile_experiment_v2/sample_size_runs/bank_K3_i000588/transformer/d128/n256/seed2/DONE.json,1.5801255645898418,1.5798156500843423,1.5798024172088625,1.5798018977313997,0.0915596306675257,-0.03586644980011,342.23233399048223
done,bank_K3_i000588,Transformer,128,3,256,19,1.6193774789571762,16,27,201224,cpu,1.618709817528725,1.617240883409977,1.66025011241436,1.642092615365982,project://predictive_profile_experiment_v2/sample_size_runs/bank_K3_i000588/transformer/d128/n256/seed3/DONE.json,1.5801255645898418,1.5798156500843423,1.5798024172088625,1.5798018977313997,0.0194291315606083,0.0622907176345823,-72.24341086327382
done,bank_K3_i000588,Transformer,128,4,256,16,1.5742905251681805,16,24,201224,cpu,1.5733091160655022,1.5837080106139183,1.595538191497326,1.6007901206612587,project://predictive_profile_experiment_v2/sample_size_runs/bank_K3_i000588/transformer/d128/n256/seed4/DONE.json,1.5801255645898418,1.5798156500843423,1.5798024172088625,1.5798018977313997,0.0165299461781931,0.020988222929859,-84.90521620913168
done,bank_K3_i000588,Transformer,128,5,256,13,1.5939504988491535,16,21,201224,cpu,1.6287040412425997,1.6278556510806084,1.6310071274638176,1.652502492070198,project://predictive_profile_experiment_v2/sample_size_runs/bank_K3_i000588/transformer/d128/n256/seed5/DONE.json,1.5801255645898418,1.5798156500843423,1.5798024172088625,1.5798018977313997,0.0203229824226845,0.0727005943387983,-73.52761089642472
done,bank_K3_i000588,Transformer,128,1,512,9,1.5826666541397572,16,17,201224,cpu,1.6172963827848434,1.622948244214058,1.6085708290338516,1.6178208738565445,project://predictive_profile_experiment_v2/sample_size_runs/bank_K3_i000588/transformer/d128/n512/seed1/DONE.json,1.5801255645898418,1.5798156500843423,1.5798024172088625,1.5798018977313997,0.0053019194836031,0.0380189761251448,-1.6204657907379856
done,bank_K3_i000588,Transformer,128,2,512,14,1.5649734400212765,16,22,201224,cpu,1.648153118789196,1.6240346431732178,1.6566557884216309,1.5831569507718086,project://predictive_profile_experiment_v2/sample_size_runs/bank_K3_i000588/transformer/d128/n512/seed2/DONE.json,1.5801255645898418,1.5798156500843423,1.5798024172088625,1.5798018977313997,0.0530433708784703,0.0033550530404089,200.8119346238698
done,bank_K3_i000588,Transformer,128,3,512,30,1.6105156131088734,16,38,201224,cpu,1.6371978893876076,1.6282835379242897,1.6088139861822128,1.57538291066885,project://predictive_profile_experiment_v2/sample_size_runs/bank_K3_i000588/transformer/d128/n512/seed3/DONE.json,1.5801255645898418,1.5798156500843423,1.5798024172088625,1.5798018977313997,0.0438628688303797,-0.0044189870625497,190.98334323227115
done,bank_K3_i000588,Transformer,128,4,512,20,1.6199749447405338,16,28,201224,cpu,1.6022834107279778,1.653507612645626,1.5562562048435211,1.6226263716816902,project://predictive_profile_experiment_v2/sample_size_runs/bank_K3_i000588/transformer/d128/n512/seed4/DONE.json,1.5801255645898418,1.5798156500843423,1.5798024172088625,1.5798018977313997,0.0380295258985826,0.0428244739502905,-62.85154140164108
done,bank_K3_i000588,Transformer,128,5,512,42,1.592717446386814,16,48,201224,cpu,1.5924572125077248,1.5875224024057388,1.6391888409852982,1.5933114066720009,project://predictive_profile_experiment_v2/sample_size_runs/bank_K3_i000588/transformer/d128/n512/seed5/DONE.json,1.5801255645898418,1.5798156500843423,1.5798024172088625,1.5798018977313997,0.023128719462094,0.0135095089406012,-2.639115318718799
done,bank_K3_i000588,Transformer,128,1,1024,4,1.5724008828401566,16,12,201224,cpu,1.584787778556347,1.636399671435356,1.6053107902407646,1.5892155766487122,project://predictive_profile_experiment_v2/sample_size_runs/bank_K3_i000588/transformer/d128/n1024/seed1/DONE.json,1.5801255645898418,1.5798156500843423,1.5798024172088625,1.5798018977313997,0.0250332618886032,0.0094136789173124,-13.680109584520238
done,bank_K3_i000588,Transformer,128,2,1024,13,1.557929139584303,16,21,201224,cpu,1.6129312738776207,1.552415668964386,1.518477514386177,1.6409043297171593,project://predictive_profile_experiment_v2/sample_size_runs/bank_K3_i000588/transformer/d128/n1024/seed2/DONE.json,1.5801255645898418,1.5798156500843423,1.5798024172088625,1.5798018977313997,0.0768469809902775,0.0611024319857596,-86.4254560203698
done,bank_K3_i000588,Transformer,128,3,1024,14,1.5587995015084743,16,22,201224,cpu,1.5925203114748,1.5610800087451937,1.606720857322216,1.6209312230348587,project://predictive_profile_experiment_v2/sample_size_runs/bank_K3_i000588/transformer/d128/n1024/seed3/DONE.json,1.5801255645898418,1.5798156500843423,1.5798024172088625,1.5798018977313997,0.0339537902372323,0.041129325303459,-87.77825353145126
done,bank_K3_i000588,Transformer,128,4,1024,7,1.538159430027008,16,15,201224,cpu,1.6165916919708252,1.5908426195383072,1.6066393703222277,1.594558946788311,project://predictive_profile_experiment_v2/sample_size_runs/bank_K3_i000588/transformer/d128/n1024/seed4/DONE.json,1.5801255645898418,1.5798156500843423,1.5798024172088625,1.5798018977313997,0.0125610674062571,0.0147570490569113,68.07229287720197
done,bank_K3_i000588,Transformer,128,5,1024,18,1.6167053282260897,16,26,201224,cpu,1.6246458664536476,1.56457532197237,1.5842218101024628,1.5676128715276718,project://predictive_profile_experiment_v2/sample_size_runs/bank_K3_i000588/transformer/d128/n1024/seed5/DONE.json,1.5801255645898418,1.5798156500843423,1.5798024172088625,1.5798018977313997,0.0295850381025566,-0.0121890262037278,176.20894273974332
done,bank_K3_i001156,GRU,128,1,64,28,1.7080419100821018,16,36,101256,cpu,1.6877438947558403,1.7159652337431908,1.6901488155126572,1.6823854967951777,project://predictive_profile_experiment_v2/sample_size_runs/bank_K3_i001156/gru/d128/n64/seed1/DONE.json,1.7001812578450106,1.699595122759297,1.6995457904136493,1.6995416419415323,0.017367221115587,-0.0171561451463548,8.377524591748754
done,bank_K3_i001156,GRU,128,2,64,21,1.7328853532671928,16,29,101256,cpu,1.7057815939188004,1.7198391258716583,1.694023422896862,1.6911661624908447,project://predictive_profile_experiment_v2/sample_size_runs/bank_K3_i001156/gru/d128/n64/seed2/DONE.json,1.7001812578450106,1.699595122759297,1.6995457904136493,1.6995416419415323,0.0159885775591377,-0.0083754794506876,22.850325247505456
done,bank_K3_i001156,GRU,128,3,64,22,1.7649432197213173,16,30,101256,cpu,1.754941165447235,1.7548824772238731,1.6612190455198288,1.7840863168239594,project://predictive_profile_experiment_v2/sample_size_runs/bank_K3_i001156/gru/d128/n64/seed3/DONE.json,1.7001812578450106,1.699595122759297,1.6995457904136493,1.6995416419415323,0.0648854932897166,0.084544674882427,-45.56664588580575
done,bank_K3_i001156,GRU,128,4,64,24,1.7406662330031395,16,32,101256,cpu,1.7561433240771294,1.723652884364128,1.716544359922409,1.7116410061717031,project://predictive_profile_experiment_v2/sample_size_runs/bank_K3_i001156/gru/d128/n64/seed4/DONE.json,1.7001812578450106,1.699595122759297,1.6995457904136493,1.6995416419415323,0.022863410217221,0.0120993642301709,69.57662819735941
done,bank_K3_i001156,GRU,128,5,64,19,1.7443204931914806,16,27,101256,cpu,1.7543575018644333,1.6807222366333008,1.7244574129581451,1.7227021977305412,project://predictive_profile_experiment_v2/sample_size_runs/bank_K3_i001156/gru/d128/n64/seed5/DONE.json,1.7001812578450106,1.699595122759297,1.6995457904136493,1.6995416419415323,0.0261335483163428,0.0231605557890088,49.49111484212381
done,bank_K3_i001156,GRU,128,1,128,18,1.7493693493306637,16,26,101256,cpu,1.789182424545288,1.7505880743265152,1.7035004422068596,1.7330496162176132,project://predictive_profile_experiment_v2/sample_size_runs/bank_K3_i001156/gru/d128/n128/seed1/DONE.json,1.7001812578450106,1.699595122759297,1.6995457904136493,1.6995416419415323,0.032629042684689,0.0335079742760808,87.76018235697528
done,bank_K3_i001156,GRU,128,2,128,11,1.7140828482806685,16,19,101256,cpu,1.7665831223130226,1.7213592156767843,1.699670471251011,1.776840217411518,project://predictive_profile_experiment_v2/sample_size_runs/bank_K3_i001156/gru/d128/n128/seed2/DONE.json,1.7001812578450106,1.699595122759297,1.6995457904136493,1.6995416419415323,0.0478503580859162,0.0772985754699857,-16.036335311108914
done,bank_K3_i001156,GRU,128,3,128,21,1.6854272782802582,16,29,101256,cpu,1.729911431670189,1.7290392890572548,1.79274170845747,1.7203083038330078,project://predictive_profile_experiment_v2/sample_size_runs/bank_K3_i001156/gru/d128/n128/seed3/DONE.json,1.7001812578450106,1.699595122759297,1.6995457904136493,1.6995416419415323,0.036747927750052,0.0207666618914754,15.01389784862858
done,bank_K3_i001156,GRU,128,4,128,20,1.7398976385593414,16,28,101256,cpu,1.751478560268879,1.7307953387498856,1.6809843555092812,1.7559184283018112,project://predictive_profile_experiment_v2/sample_size_runs/bank_K3_i001156/gru/d128/n128/seed4/DONE.json,1.7001812578450106,1.699595122759297,1.6995457904136493,1.6995416419415323,0.0396087044061952,0.0563767863602788,-6.941459724168801
done,bank_K3_i001156,GRU,128,5,128,24,1.7385517582297323,16,32,101256,cpu,1.7570011243224144,1.6748154684901235,1.7551555037498474,1.7514255940914154,project://predictive_profile_experiment_v2/sample_size_runs/bank_K3_i001156/gru/d128/n128/seed5/DONE.json,1.7001812578450106,1.699595122759297,1.6995457904136493,1.6995416419415323,0.0384563164377519,0.051883952149883,8.716997499091068
done,bank_K3_i001156,GRU,128,1,256,17,1.7101266160607338,16,25,101256,cpu,1.76105385273695,1.6994720101356506,1.699759505689144,1.7046720832586288,project://predictive_profile_experiment_v2/sample_size_runs/bank_K3_i001156/gru/d128/n256/seed1/DONE.json,1.7001812578450106,1.699595122759297,1.6995457904136493,1.6995416419415323,0.028102320674358,0.0051304413170965,88.14941775480129
done,bank_K3_i001156,GRU,128,2,256,29,1.682177770882845,16,37,101256,cpu,1.66885207593441,1.720501944422722,1.782216593623161,1.6490515321493149,project://predictive_profile_experiment_v2/sample_size_runs/bank_K3_i001156/gru/d128/n256/seed2/DONE.json,1.7001812578450106,1.699595122759297,1.6995457904136493,1.6995416419415323,0.0761519726107282,-0.0504901097922174,30.956928490080564
done,bank_K3_i001156,GRU,128,3,256,19,1.7271915413439274,16,27,101256,cpu,1.686119057238102,1.7228598445653915,1.6849706768989563,1.7333718538284302,project://predictive_profile_experiment_v2/sample_size_runs/bank_K3_i001156/gru/d128/n256/seed3/DONE.json,1.7001812578450106,1.699595122759297,1.6995457904136493,1.6995416419415323,0.0344542750698601,0.0338302118868978,-73.8768319132847
done,bank_K3_i001156,GRU,128,4,256,3,1.7263149432837963,16,12,101256,cpu,1.7107589170336723,1.6963151842355728,1.7109073847532272,1.700068511068821,project://predictive_profile_experiment_v2/sample_size_runs/bank_K3_i001156/gru/d128/n256/seed4/DONE.json,1.7001812578450106,1.699595122759297,1.6995457904136493,1.6995416419415323,0.0076305543012192,0.0005268691272886,16.71379011484272
done,bank_K3_i001156,GRU,128,5,256,6,1.7120935395359993,16,14,101256,cpu,1.738067664206028,1.7283020690083504,1.7859317660331726,1.7060847207903862,project://predictive_profile_experiment_v2/sample_size_runs/bank_K3_i001156/gru/d128/n256/seed5/DONE.json,1.7001812578450106,1.699595122759297,1.6995457904136493,1.6995416419415323,0.0442959630282494,0.0065430788488538,50.003358643392666
done,bank_K3_i001156,GRU,128,1,512,5,1.687897901982069,16,13,101256,cpu,1.7736439481377602,1.7129935398697853,1.7540321946144104,1.720691204071045,project://predictive_profile_experiment_v2/sample_size_runs/bank_K3_i001156/gru/d128/n512/seed1/DONE.json,1.7001812578450106,1.699595122759297,1.6995457904136493,1.6995416419415323,0.0312573538011959,0.0211495621295125,82.78834809884283
done,bank_K3_i001156,GRU,128,2,512,16,1.691394880414009,16,24,101256,cpu,1.7005430981516838,1.7108684107661247,1.70149827003479,1.681335374712944,project://predictive_profile_experiment_v2/sample_size_runs/bank_K3_i001156/gru/d128/n512/seed2/DONE.json,1.7001812578450106,1.699595122759297,1.6995457904136493,1.6995416419415323,0.0201258159391765,-0.0182062672285883,30.030090456298662
done,bank_K3_i001156,GRU,128,3,512,4,1.7688090950250626,16,12,101256,cpu,1.7785661220550537,1.7616093009710312,1.703245759010315,1.635856777429581,project://predictive_profile_experiment_v2/sample_size_runs/bank_K3_i001156/gru/d128/n512/seed3/DONE.json,1.7001812578450106,1.699595122759297,1.6995457904136493,1.6995416419415323,0.1006538286577669,-0.0636848645119516,223.11725497976204
done,bank_K3_i001156,GRU,128,4,512,16,1.7298150397837162,16,24,101256,cpu,1.6800910532474518,1.726511187851429,1.7095634937286377,1.7749193012714386,project://predictive_profile_experiment_v2/sample_size_runs/bank_K3_i001156/gru/d128/n512/seed4/DONE.json,1.7001812578450106,1.699595122759297,1.6995457904136493,1.6995416419415323,0.0627187432296192,0.0753776593299062,-148.25811476591562
done,bank_K3_i001156,GRU,128,5,512,7,1.7205719202756882,16,15,101256,cpu,1.6980524584650991,1.7009807601571083,1.7362058460712433,1.7209357842803,project://predictive_profile_experiment_v2/sample_size_runs/bank_K3_i001156/gru/d128/n512/seed5/DONE.json,1.7001812578450106,1.699595122759297,1.6995457904136493,1.6995416419415323,0.0172243807329216,0.0213941423387677,-35.77666798270608
done,bank_K3_i001156,GRU,128,1,1024,3,1.7513469122350216,16,12,101256,cpu,1.6917274072766304,1.6913656815886495,1.6922696605324743,1.7499321401119232,project://predictive_profile_experiment_v2/sample_size_runs/bank_K3_i001156/gru/d128/n1024/seed1/DONE.json,1.7001812578450106,1.699595122759297,1.6995457904136493,1.6995416419415323,0.0505578744056618,0.0503904981703908,-90.99950848434436
done,bank_K3_i001156,GRU,128,2,1024,13,1.700928185135126,16,21,101256,cpu,1.7229289710521698,1.6705929040908811,1.684178277850151,1.6085675731301308,project://predictive_profile_experiment_v2/sample_size_runs/bank_K3_i001156/gru/d128/n1024/seed2/DONE.json,1.7001812578450106,1.699595122759297,1.6995457904136493,1.6995416419415323,0.0749825067320524,-0.0909740688114015,178.7969894121363
done,bank_K3_i001156,GRU,128,3,1024,5,1.7308632917702198,16,13,101256,cpu,1.7001280188560486,1.7273579388856888,1.6965422928333282,1.67325808852911,project://predictive_profile_experiment_v2/sample_size_runs/bank_K3_i001156/gru/d128/n1024/seed3/DONE.json,1.7001812578450106,1.699595122759297,1.6995457904136493,1.6995416419415323,0.0322141290997654,-0.0262835534124223,42.00947815840434
done,bank_K3_i001156,GRU,128,4,1024,9,1.7007353566586971,16,17,101256,cpu,1.737419992685318,1.672998145222664,1.7580718621611595,1.7170885354280472,project://predictive_profile_experiment_v2/sample_size_runs/bank_K3_i001156/gru/d128/n1024/seed4/DONE.json,1.7001812578450106,1.699595122759297,1.6995457904136493,1.6995416419415323,0.0316849452254445,0.0175468934865148,31.7869789458126
done,bank_K3_i001156,GRU,128,5,1024,15,1.733652465045452,16,23,101256,cpu,1.775871492922306,1.7170369401574137,1.6789356097579002,1.7075369879603386,project://predictive_profile_experiment_v2/sample_size_runs/bank_K3_i001156/gru/d128/n1024/seed5/DONE.json,1.7001812578450106,1.699595122759297,1.6995457904136493,1.6995416419415323,0.0370476381922315,0.0079953460188062,106.83678218499544
done,bank_K3_i001156,Transformer,128,1,64,14,1.7561313584446907,16,22,201224,cpu,1.7199736014008522,1.755000777542591,1.7497883513569832,1.7517689242959025,project://predictive_profile_experiment_v2/sample_size_runs/bank_K3_i001156/transformer/d128/n64/seed1/DONE.json,1.7001812578450106,1.699595122759297,1.6995457904136493,1.6995416419415323,0.0163253363306904,0.0522272823543699,-49.71002553586448
done,bank_K3_i001156,Transformer,128,2,64,29,1.7056967094540596,16,37,201224,cpu,1.7041582316160202,1.7253494635224342,1.8005379363894465,1.7128786742687223,project://predictive_profile_experiment_v2/sample_size_runs/bank_K3_i001156/transformer/d128/n64/seed2/DONE.json,1.7001812578450106,1.699595122759297,1.6995457904136493,1.6995416419415323,0.0445118500899444,0.0133370323271901,-13.633874025458054
done,bank_K3_i001156,Transformer,128,3,64,26,1.7030954025685787,16,34,201224,cpu,1.7274206280708313,1.7238159999251366,1.6995547711849213,1.7394879534840584,project://predictive_profile_experiment_v2/sample_size_runs/bank_K3_i001156/transformer/d128/n64/seed3/DONE.json,1.7001812578450106,1.699595122759297,1.6995457904136493,1.6995416419415323,0.0223816109400899,0.039946311542526,-18.866518714753887
done,bank_K3_i001156,Transformer,128,4,64,25,1.6909549981355667,16,33,201224,cpu,1.721893131732941,1.834346055984497,1.712050437927246,1.703053593635559,project://predictive_profile_experiment_v2/sample_size_runs/bank_K3_i001156/transformer/d128/n64/seed4/DONE.json,1.7001812578450106,1.699595122759297,1.6995457904136493,1.6995416419415323,0.0663998795543092,0.0035119516940267,29.45445539257375
done,bank_K3_i001156,Transformer,128,5,64,6,1.771463368088007,16,14,201224,cpu,1.8311868160963056,1.775820940732956,1.7753429412841797,1.7686441764235497,project://predictive_profile_experiment_v2/sample_size_runs/bank_K3_i001156/transformer/d128/n64/seed5/DONE.json,1.7001812578450106,1.699595122759297,1.6995457904136493,1.6995416419415323,0.0313350578748126,0.0691025344820173,97.78155817052875
done,bank_K3_i001156,Transformer,128,1,128,8,1.7413392961025238,16,16,201224,cpu,1.7326981127262115,1.697618693113327,1.7418818920850754,1.7379054725170135,project://predictive_profile_experiment_v2/sample_size_runs/bank_K3_i001156/transformer/d128/n128/seed1/DONE.json,1.7001812578450106,1.699595122759297,1.6995457904136493,1.6995416419415323,0.0204774428162037,0.0383638305754812,-8.141385732412262
done,bank_K3_i001156,Transformer,128,2,128,23,1.6676085442304611,16,31,201224,cpu,1.7051097676157951,1.698948435485363,1.7425851002335548,1.7509958893060684,project://predictive_profile_experiment_v2/sample_size_runs/bank_K3_i001156/transformer/d128/n128/seed2/DONE.json,1.7001812578450106,1.699595122759297,1.6995457904136493,1.6995416419415323,0.0351779860947325,0.051454247364536,-71.74012003257182
done,bank_K3_i001156,Transformer,128,3,128,15,1.6884739510715008,16,23,201224,cpu,1.7457008436322212,1.7419612929224968,1.7897474467754364,1.6970546320080755,project://predictive_profile_experiment_v2/sample_size_runs/bank_K3_i001156/transformer/d128/n128/seed3/DONE.json,1.7001812578450106,1.699595122759297,1.6995457904136493,1.6995416419415323,0.056805875261855,-0.0024870099334566,76.05535034323587
done,bank_K3_i001156,Transformer,128,4,128,18,1.734297875314951,16,26,201224,cpu,1.695979617536068,1.673087142407894,1.6826624870300293,1.6909399926662445,project://predictive_profile_experiment_v2/sample_size_runs/bank_K3_i001156/transformer/d128/n128/seed4/DONE.json,1.7001812578450106,1.699595122759297,1.6995457904136493,1.6995416419415323,0.0101067126985164,-0.0086016492752878,7.879142532913324
done,bank_K3_i001156,Transformer,128,5,128,16,1.6911643855273724,16,24,201224,cpu,1.7422562688589096,1.763741299510002,1.7154042646288872,1.7210921049118042,project://predictive_profile_experiment_v2/sample_size_runs/bank_K3_i001156/transformer/d128/n128/seed5/DONE.json,1.7001812578450106,1.699595122759297,1.6995457904136493,1.6995416419415323,0.0238120276375574,0.0215504629702718,33.08886447634159
done,bank_K3_i001156,Transformer,128,1,256,15,1.6991077028214931,16,23,201224,cpu,1.674352042376995,1.737774908542633,1.7732272371649742,1.6984430328011513,project://predictive_profile_experiment_v2/sample_size_runs/bank_K3_i001156/transformer/d128/n256/seed1/DONE.json,1.7001812578450106,1.699595122759297,1.6995457904136493,1.6995416419415323,0.0440069652335928,-0.001098609140381,-37.66477708441544
done,bank_K3_i001156,Transformer,128,2,256,10,1.7235888950526714,16,18,201224,cpu,1.6602886691689491,1.760304480791092,1.734194628894329,1.7151712030172348,project://predictive_profile_experiment_v2/sample_size_runs/bank_K3_i001156/transformer/d128/n256/seed2/DONE.json,1.7001812578450106,1.699595122759297,1.6995457904136493,1.6995416419415323,0.0370021287214239,0.0156295610757024,-85.8054553519241
done,bank_K3_i001156,Transformer,128,3,256,25,1.7386179454624653,16,33,201224,cpu,1.7128709480166435,1.7366812527179718,1.706002600491047,1.7662158012390137,project://predictive_profile_experiment_v2/sample_size_runs/bank_K3_i001156/transformer/d128/n256/seed3/DONE.json,1.7001812578450106,1.699595122759297,1.6995457904136493,1.6995416419415323,0.0430578202364195,0.0666741592974813,-83.40138657009189
done,bank_K3_i001156,Transformer,128,4,256,19,1.708228379487991,16,27,201224,cpu,1.7680936381220818,1.7308365553617475,1.6385488882660866,1.7487075254321098,project://predictive_profile_experiment_v2/sample_size_runs/bank_K3_i001156/transformer/d128/n256/seed4/DONE.json,1.7001812578450106,1.699595122759297,1.6995457904136493,1.6995416419415323,0.0565874465340187,0.0491658834905774,30.308991043763815
done,bank_K3_i001156,Transformer,128,5,256,17,1.7019146792590618,16,25,201224,cpu,1.7652871757745745,1.6598991751670835,1.8388253226876257,1.6562717035412788,project://predictive_profile_experiment_v2/sample_size_runs/bank_K3_i001156/transformer/d128/n256/seed5/DONE.json,1.7001812578450106,1.699595122759297,1.6995457904136493,1.6995416419415323,0.106163092561585,-0.0432699384002535,170.43896444797878
done,bank_K3_i001156,Transformer,128,1,512,12,1.7042591869831083,16,20,201224,cpu,1.751122198998928,1.711523212492466,1.7156727761030195,1.7098447531461716,project://predictive_profile_experiment_v2/sample_size_runs/bank_K3_i001156/transformer/d128/n512/seed1/DONE.json,1.7001812578450106,1.699595122759297,1.6995457904136493,1.6995416419415323,0.0205425855980846,0.0103031112046392,64.53473972158442
done,bank_K3_i001156,Transformer,128,2,512,45,1.7069598361849785,16,48,201224,cpu,1.7516821175813675,1.692809261381626,1.693510316312313,1.7607354670763016,project://predictive_profile_experiment_v2/sample_size_runs/bank_K3_i001156/transformer/d128/n512/seed2/DONE.json,1.7001812578450106,1.699595122759297,1.6995457904136493,1.6995416419415323,0.0480493757303938,0.0611938251347692,-14.154353332525591
done,bank_K3_i001156,Transformer,128,3,512,18,1.6709143184125423,16,26,201224,cpu,1.7145969942212105,1.674988053739071,1.7163827493786812,1.6765538454055786,project://predictive_profile_experiment_v2/sample_size_runs/bank_K3_i001156/transformer/d128/n512/seed3/DONE.json,1.7001812578450106,1.699595122759297,1.6995457904136493,1.6995416419415323,0.0273297341205607,-0.0229877965359537,59.47811586414699
done,bank_K3_i001156,Transformer,128,4,512,19,1.69508134201169,16,27,201224,cpu,1.7247609794139862,1.6780371069908142,1.7279212474822998,1.7420673295855522,project://predictive_profile_experiment_v2/sample_size_runs/bank_K3_i001156/transformer/d128/n512/seed4/DONE.json,1.7001812578450106,1.699595122759297,1.6995457904136493,1.6995416419415323,0.0340184059251912,0.0425256876440198,-27.057410670142676
done,bank_K3_i001156,Transformer,128,5,512,21,1.7064926847815514,16,29,201224,cpu,1.648520715534687,1.623571366071701,1.7160995155572891,1.7183423563838005,project://predictive_profile_experiment_v2/sample_size_runs/bank_K3_i001156/transformer/d128/n512/seed5/DONE.json,1.7001812578450106,1.699595122759297,1.6995457904136493,1.6995416419415323,0.0590794337928208,0.0188007144422681,-109.16182738643406
done,bank_K3_i001156,Transformer,128,1,1024,6,1.655023068189621,16,14,201224,cpu,1.706944726407528,1.7447730153799057,1.7342717498540878,1.716978207230568,project://predictive_profile_experiment_v2/sample_size_runs/bank_K3_i001156/transformer/d128/n1024/seed1/DONE.json,1.7001812578450106,1.699595122759297,1.6995457904136493,1.6995416419415323,0.0171931627833106,0.0174365652890355,-15.686728188710228
done,bank_K3_i001156,Transformer,128,2,1024,29,1.6912148147821426,16,37,201224,cpu,1.7125502303242683,1.664103865623474,1.708879254758358,1.75166754424572,project://predictive_profile_experiment_v2/sample_size_runs/bank_K3_i001156/transformer/d128/n1024/seed2/DONE.json,1.7001812578450106,1.699595122759297,1.6995457904136493,1.6995416419415323,0.0526511463406933,0.0521259023041875,-61.15750672978732
done,bank_K3_i001156,Transformer,128,3,1024,13,1.757109321653843,16,21,201224,cpu,1.7045370861887932,1.6795003712177277,1.6634243056178093,1.7578752040863037,project://predictive_profile_experiment_v2/sample_size_runs/bank_K3_i001156/transformer/d128/n1024/seed3/DONE.json,1.7001812578450106,1.699595122759297,1.6995457904136493,1.6995416419415323,0.0670566030054582,0.0583335621447713,-83.3908563052517
done,bank_K3_i001156,Transformer,128,4,1024,3,1.6570983082056046,16,12,201224,cpu,1.7063586860895157,1.7211401611566544,1.7283079624176023,1.7047503218054771,project://predictive_profile_experiment_v2/sample_size_runs/bank_K3_i001156/transformer/d128/n1024/seed4/DONE.json,1.7001812578450106,1.699595122759297,1.6995457904136493,1.6995416419415323,0.0143403458426434,0.0052086798639447,2.5145783200388703
done,bank_K3_i001156,Transformer,128,5,1024,12,1.7061969228088856,16,20,201224,cpu,1.7163858637213707,1.6977064236998558,1.729381024837494,1.8145037665963173,project://predictive_profile_experiment_v2/sample_size_runs/bank_K3_i001156/transformer/d128/n1024/seed5/DONE.json,1.7001812578450106,1.699595122759297,1.6995457904136493,1.6995416419415323,0.087541061734415,0.1149621246547849,-153.40128714963905
done,bank_K3_i000981,GRU,128,1,64,14,1.039691872894764,16,22,101256,cpu,1.0506835095584393,1.0861258506774902,1.0780231095850468,1.0366084948182106,project://predictive_profile_experiment_v2/sample_size_runs/bank_K3_i000981/gru/d128/n64/seed1/DONE.json,1.0163926370182246,1.0157455118100809,1.015725835054195,1.0157253312063814,0.0329577972572616,0.0208831636118291,21.09230054710938
done,bank_K3_i000981,GRU,128,2,64,30,1.0718514919281006,16,38,101256,cpu,1.022813867777586,1.0225940011441708,1.00545784085989,1.012412954121828,project://predictive_profile_experiment_v2/sample_size_runs/bank_K3_i000981/gru/d128/n64/seed2/DONE.json,1.0163926370182246,1.0157455118100809,1.015725835054195,1.0157253312063814,0.0078480401600351,-0.0033123770845533,15.586427498705127
done,bank_K3_i000981,GRU,128,3,64,21,1.0318162944167852,16,29,101256,cpu,1.073014106601477,0.997190359979868,1.000529795885086,0.971011757850647,project://predictive_profile_experiment_v2/sample_size_runs/bank_K3_i000981/gru/d128/n64/seed3/DONE.json,1.0163926370182246,1.0157455118100809,1.015725835054195,1.0157253312063814,0.0543698877334957,-0.0447135733557344,152.8569764274802
done,bank_K3_i000981,GRU,128,4,64,47,1.021022355183959,16,48,101256,cpu,1.051566667854786,0.98765866458416,1.0026384107768536,0.9954399056732656,project://predictive_profile_experiment_v2/sample_size_runs/bank_K3_i000981/gru/d128/n64/seed4/DONE.json,1.0163926370182246,1.0157455118100809,1.015725835054195,1.0157253312063814,0.0282330688348222,-0.0202854255331159,84.10950599470067
done,bank_K3_i000981,GRU,128,5,64,26,1.1010138057172298,16,34,101256,cpu,1.0415788553655148,1.0309332460165024,1.0428830869495869,1.0566792041063309,project://predictive_profile_experiment_v2/sample_size_runs/bank_K3_i000981/gru/d128/n64/seed5/DONE.json,1.0163926370182246,1.0157455118100809,1.015725835054195,1.0157253312063814,0.0166046648897945,0.0409538728999494,-22.62882845139273
done,bank_K3_i000981,GRU,128,1,128,17,1.0018089041113851,16,25,101256,cpu,1.0177158191800115,0.9917452149093152,1.0755015835165975,1.0482946075499058,project://predictive_profile_experiment_v2/sample_size_runs/bank_K3_i000981/gru/d128/n128/seed1/DONE.json,1.0163926370182246,1.0157455118100809,1.015725835054195,1.0157253312063814,0.035059332366042,0.0325692763435243,-45.82425003227954
done,bank_K3_i000981,GRU,128,2,128,17,0.9586598817259072,16,25,101256,cpu,1.047454658895731,1.0286938063800335,1.0882668904960155,0.9765195436775684,project://predictive_profile_experiment_v2/sample_size_runs/bank_K3_i000981/gru/d128/n128/seed2/DONE.json,1.0163926370182246,1.0157455118100809,1.015725835054195,1.0157253312063814,0.070966488979361,-0.0392057875288129,106.30076039984388
done,bank_K3_i000981,GRU,128,3,128,28,0.9564097169786692,16,36,101256,cpu,1.1078061014413834,1.0065100975334644,1.0261780768632889,1.0489006079733372,project://predictive_profile_experiment_v2/sample_size_runs/bank_K3_i000981/gru/d128/n128/seed3/DONE.json,1.0163926370182246,1.0157455118100809,1.015725835054195,1.0157253312063814,0.0377713169414592,0.0331752767669557,88.27361072331173
done,bank_K3_i000981,GRU,128,4,128,13,1.0132350511848929,16,21,101256,cpu,1.014960441738367,1.0053365156054497,1.0802323035895824,1.0792476572096348,project://predictive_profile_experiment_v2/sample_size_runs/bank_K3_i000981/gru/d128/n128/seed4/DONE.json,1.0163926370182246,1.0157455118100809,1.015725835054195,1.0157253312063814,0.0492084819290528,0.0635223260032533,-96.33846181213522
done,bank_K3_i000981,GRU,128,5,128,11,1.1239668391644957,16,19,101256,cpu,1.0627818778157234,1.0918606035411358,1.0277531929314137,1.0469330996274948,project://predictive_profile_experiment_v2/sample_size_runs/bank_K3_i000981/gru/d128/n128/seed5/DONE.json,1.0163926370182246,1.0157455118100809,1.015725835054195,1.0157253312063814,0.0255686963835219,0.0312077684211133,23.75039735447971
done,bank_K3_i000981,GRU,128,1,256,31,0.9798529874533416,16,39,101256,cpu,1.0229331701993942,1.0714736431837082,1.0092367939651012,1.0089548639953136,project://predictive_profile_experiment_v2/sample_size_runs/bank_K3_i000981/gru/d128/n256/seed1/DONE.json,1.0163926370182246,1.0157455118100809,1.015725835054195,1.0157253312063814,0.0319504959161635,-0.0067704672110677,20.9473766839694
done,bank_K3_i000981,GRU,128,2,256,37,1.0091249886900189,16,45,101256,cpu,1.0039290487766266,1.0238900780677795,0.9954956583678722,1.0097513645887377,project://predictive_profile_experiment_v2/sample_size_runs/bank_K3_i000981/gru/d128/n256/seed2/DONE.json,1.0163926370182246,1.0157455118100809,1.015725835054195,1.0157253312063814,0.010543809616269,-0.0059739666176439,-8.725108801359262
done,bank_K3_i000981,GRU,128,3,256,16,0.9829097986221312,16,24,101256,cpu,0.9709547199308872,1.0313014648854733,0.9607542492449284,0.9259275309741496,project://predictive_profile_experiment_v2/sample_size_runs/bank_K3_i000981/gru/d128/n256/seed3/DONE.json,1.0163926370182246,1.0157455118100809,1.015725835054195,1.0157253312063814,0.0597496397053295,-0.0897978002322317,67.4760929061424
done,bank_K3_i000981,GRU,128,4,256,11,0.9576017297804356,16,19,101256,cpu,1.071684543043375,1.0823983885347843,1.0903509445488453,1.0732351951301098,project://predictive_profile_experiment_v2/sample_size_runs/bank_K3_i000981/gru/d128/n256/seed4/DONE.json,1.0163926370182246,1.0157455118100809,1.015725835054195,1.0157253312063814,0.0097653168314145,0.0575098639237283,-2.323750309399733
done,bank_K3_i000981,GRU,128,5,256,12,1.0354150906205175,16,20,101256,cpu,1.0376748852431774,1.133244849741459,1.013250920921564,1.0163381695747375,project://predictive_profile_experiment_v2/sample_size_runs/bank_K3_i000981/gru/d128/n256/seed5/DONE.json,1.0163926370182246,1.0157455118100809,1.015725835054195,1.0157253312063814,0.0593700524242307,0.0006128383683561,31.97441905909084
done,bank_K3_i000981,GRU,128,1,512,20,1.0034566018730402,16,28,101256,cpu,1.0478019826114178,1.053629644215107,1.0493021197617054,1.0208690613508224,project://predictive_profile_experiment_v2/sample_size_runs/bank_K3_i000981/gru/d128/n512/seed1/DONE.json,1.0163926370182246,1.0157455118100809,1.015725835054195,1.0157253312063814,0.0253487014167816,0.005143730144441,40.36068738290217
done,bank_K3_i000981,GRU,128,2,512,23,1.0122206881642342,16,31,101256,cpu,1.0077517591416836,1.1204716823995111,1.0292804352939129,1.017030980437994,project://predictive_profile_experiment_v2/sample_size_runs/bank_K3_i000981/gru/d128/n512/seed2/DONE.json,1.0163926370182246,1.0157455118100809,1.015725835054195,1.0157253312063814,0.0523086380061531,0.0013056492316125,-13.90550049411443
done,bank_K3_i000981,GRU,128,3,512,8,1.0103764608502388,16,16,101256,cpu,1.0227083340287209,1.0160267688333988,0.9922180958092212,1.062416736036539,project://predictive_profile_experiment_v2/sample_size_runs/bank_K3_i000981/gru/d128/n512/seed3/DONE.json,1.0163926370182246,1.0157455118100809,1.015725835054195,1.0157253312063814,0.0466690996010003,0.0466914048301576,-59.50555398002642
done,bank_K3_i000981,GRU,128,4,512,16,0.9770154282450676,16,24,101256,cpu,1.0261805467307568,1.02988151460886,1.0001247338950634,1.048791080713272,project://predictive_profile_experiment_v2/sample_size_runs/bank_K3_i000981/gru/d128/n512/seed4/DONE.json,1.0163926370182246,1.0157455118100809,1.015725835054195,1.0157253312063814,0.0285860782972846,0.0330657495068906,-33.883316436377385
done,bank_K3_i000981,GRU,128,5,512,35,1.0440840646624563,16,43,101256,cpu,0.9957701377570628,0.9961835332214832,0.984328117221594,1.087064802646637,project://predictive_profile_experiment_v2/sample_size_runs/bank_K3_i000981/gru/d128/n512/seed5/DONE.json,1.0163926370182246,1.0157455118100809,1.015725835054195,1.0157253312063814,0.0825757345294656,0.0713394714402555,-136.81083435705506
done,bank_K3_i000981,GRU,128,1,1024,25,0.9808117784559728,16,33,101256,cpu,1.00862180814147,1.069378700107336,1.0712748542428017,0.9475237317383288,project://predictive_profile_experiment_v2/sample_size_runs/bank_K3_i000981/gru/d128/n1024/seed1/DONE.json,1.0163926370182246,1.0157455118100809,1.015725835054195,1.0157253312063814,0.0919372192884655,-0.0682015994680524,91.55933504367805
done,bank_K3_i000981,GRU,128,2,1024,7,1.020144898444414,16,15,101256,cpu,1.0574256554245949,1.0077828727662563,0.9871180951595306,1.1158174462616444,project://predictive_profile_experiment_v2/sample_size_runs/bank_K3_i000981/gru/d128/n1024/seed2/DONE.json,1.0163926370182246,1.0157455118100809,1.015725835054195,1.0157253312063814,0.0890610176291088,0.1000921150552629,-87.50379481300547
done,bank_K3_i000981,GRU,128,3,1024,7,1.037244604900479,16,15,101256,cpu,1.0684227012097836,1.0366551838815212,1.1525426469743252,0.9939214438199996,project://predictive_profile_experiment_v2/sample_size_runs/bank_K3_i000981/gru/d128/n1024/seed3/DONE.json,1.0163926370182246,1.0157455118100809,1.015725835054195,1.0157253312063814,0.0900505785873383,-0.0218038873863817,111.64485018346396
done,bank_K3_i000981,GRU,128,4,1024,16,0.9658057913184166,16,24,101256,cpu,0.9913706853985786,1.0603695139288902,1.0277809984982014,1.077701922506094,project://predictive_profile_experiment_v2/sample_size_runs/bank_K3_i000981/gru/d128/n1024/seed4/DONE.json,1.0163926370182246,1.0157455118100809,1.015725835054195,1.0157253312063814,0.0508969738307816,0.0619765912997125,-129.37282363697858
done,bank_K3_i000981,GRU,128,5,1024,17,0.928653022274375,16,25,101256,cpu,1.0286434814333916,0.9477074593305588,1.0393110141158104,1.00096545368433,project://predictive_profile_experiment_v2/sample_size_runs/bank_K3_i000981/gru/d128/n1024/seed5/DONE.json,1.0163926370182246,1.0157455118100809,1.015725835054195,1.0157253312063814,0.0354911481596933,-0.0147598775220514,41.477276621662455
done,bank_K3_i000981,Transformer,128,1,64,7,0.9864657558500768,16,15,201224,cpu,1.098967544734478,1.0957374647259712,0.980962499976158,1.0180028080940249,project://predictive_profile_experiment_v2/sample_size_runs/bank_K3_i000981/transformer/d128/n64/seed1/DONE.json,1.0163926370182246,1.0157455118100809,1.015725835054195,1.0157253312063814,0.0588626344404862,0.0022774768876432,121.33078298362469
done,bank_K3_i000981,Transformer,128,2,64,15,1.0024491511285305,16,23,201224,cpu,0.960785236209631,1.052020438015461,0.9904337860643864,1.069291327148676,project://predictive_profile_experiment_v2/sample_size_runs/bank_K3_i000981/transformer/d128/n64/seed2/DONE.json,1.0163926370182246,1.0157455118100809,1.015725835054195,1.0157253312063814,0.0678903581174956,0.0535659959422945,-162.60324578822704
done,bank_K3_i000981,Transformer,128,3,64,12,1.0492244493216276,16,20,201224,cpu,1.0655841901898384,0.973784390836954,1.0781211480498314,0.9224287122488022,project://predictive_profile_experiment_v2/sample_size_runs/bank_K3_i000981/transformer/d128/n64/seed3/DONE.json,1.0163926370182246,1.0157455118100809,1.015725835054195,1.0157253312063814,0.1086027051059906,-0.0932966189575792,214.5275455426181
done,bank_K3_i000981,Transformer,128,4,64,9,1.020324006676674,16,17,201224,cpu,1.0823536328971386,1.1108563169836998,1.1490298099815843,1.0200068205595016,project://predictive_profile_experiment_v2/sample_size_runs/bank_K3_i000981/transformer/d128/n64/seed4/DONE.json,1.0163926370182246,1.0157455118100809,1.015725835054195,1.0157253312063814,0.084707036191582,0.0042814893531202,93.4306448874314
done,bank_K3_i000981,Transformer,128,5,64,9,0.9878981113433838,16,17,201224,cpu,0.9463026784360408,1.045098453760147,0.9762686677277088,1.0441670939326286,project://predictive_profile_experiment_v2/sample_size_runs/bank_K3_i000981/transformer/d128/n64/seed5/DONE.json,1.0163926370182246,1.0157455118100809,1.015725835054195,1.0157253312063814,0.0598322552096403,0.0284417627262472,-146.65602151175327
done,bank_K3_i000981,Transformer,128,1,128,12,0.9863026831299068,16,20,201224,cpu,0.9998789802193642,1.1118295900523665,1.0634500235319138,1.0417919121682644,project://predictive_profile_experiment_v2/sample_size_runs/bank_K3_i000981/transformer/d128/n128/seed1/DONE.json,1.0163926370182246,1.0157455118100809,1.015725835054195,1.0157253312063814,0.0423809465930227,0.0260665809618829,-62.809181645118834
done,bank_K3_i000981,Transformer,128,2,128,13,1.0070753153413534,16,21,201224,cpu,0.9961627647280692,1.0584595948457718,1.007882609963417,1.0715287290513515,project://predictive_profile_experiment_v2/sample_size_runs/bank_K3_i000981/transformer/d128/n128/seed2/DONE.json,1.0163926370182246,1.0157455118100809,1.015725835054195,1.0157253312063814,0.0500082016791811,0.0558033978449701,-112.9406682599018
done,bank_K3_i000981,Transformer,128,3,128,4,1.0839822012931108,16,12,201224,cpu,1.0647868476808071,1.1333930045366287,1.1041242815554142,0.9768764190375804,project://predictive_profile_experiment_v2/sample_size_runs/bank_K3_i000981/transformer/d128/n128/seed3/DONE.json,1.0163926370182246,1.0157455118100809,1.015725835054195,1.0157253312063814,0.1098799088949358,-0.0388489121688009,131.73934211723792
done,bank_K3_i000981,Transformer,128,4,128,7,1.0939439944922924,16,15,201224,cpu,1.0173101499676704,1.0149343870580196,1.031765479594469,1.0173453874886036,project://predictive_profile_experiment_v2/sample_size_runs/bank_K3_i000981/transformer/d128/n128/seed4/DONE.json,1.0163926370182246,1.0157455118100809,1.015725835054195,1.0157253312063814,0.007319985209815,0.0016200562822221,-0.0528056556795485
done,bank_K3_i000981,Transformer,128,5,128,4,1.0366522558033466,16,12,201224,cpu,0.9612445794045924,1.0101071670651436,1.0347892716526983,1.0597549676895142,project://predictive_profile_experiment_v2/sample_size_runs/bank_K3_i000981/transformer/d128/n128/seed5/DONE.json,1.0163926370182246,1.0157455118100809,1.015725835054195,1.0157253312063814,0.0568472393839459,0.0440296364831327,-147.62405262562842
done,bank_K3_i000981,Transformer,128,1,256,15,1.058198606595397,16,23,201224,cpu,0.9965361766517162,1.0444619879126549,1.036492459475994,1.082589030265808,project://predictive_profile_experiment_v2/sample_size_runs/bank_K3_i000981/transformer/d128/n256/seed1/DONE.json,1.0163926370182246,1.0157455118100809,1.015725835054195,1.0157253312063814,0.0526795428993228,0.0668636990594266,-128.95564835020184
done,bank_K3_i000981,Transformer,128,2,256,4,0.9902236182242632,16,12,201224,cpu,0.9945932254195212,0.9993457719683648,1.046974778175354,1.0937470048666,project://predictive_profile_experiment_v2/sample_size_runs/bank_K3_i000981/transformer/d128/n256/seed2/DONE.json,1.0163926370182246,1.0157455118100809,1.015725835054195,1.0157253312063814,0.0725729645116756,0.0780216736602186,-148.58821500925876
done,bank_K3_i000981,Transformer,128,3,256,23,1.0170586593449116,16,31,201224,cpu,1.0209671407938004,1.005723100155592,0.98884616792202,0.9643939509987832,project://predictive_profile_experiment_v2/sample_size_runs/bank_K3_i000981/transformer/d128/n256/seed3/DONE.json,1.0163926370182246,1.0157455118100809,1.015725835054195,1.0157253312063814,0.0368435374902598,-0.0513313802075983,84.77850603272479
done,bank_K3_i000981,Transformer,128,4,256,10,0.9906980972737074,16,18,201224,cpu,0.9898865781724452,0.98504101857543,1.0147598460316658,1.0786351151764393,project://predictive_profile_experiment_v2/sample_size_runs/bank_K3_i000981/transformer/d128/n256/seed4/DONE.json,1.0163926370182246,1.0157455118100809,1.015725835054195,1.0157253312063814,0.0721784944052365,0.0629097839700578,-132.99530054872895
done,bank_K3_i000981,Transformer,128,5,256,19,1.0236321222037077,16,27,201224,cpu,1.0211482606828213,0.972871158272028,1.0192469097673893,1.0020812191069126,project://predictive_profile_experiment_v2/sample_size_runs/bank_K3_i000981/transformer/d128/n256/seed5/DONE.json,1.0163926370182246,1.0157455118100809,1.015725835054195,1.0157253312063814,0.0192847149904982,-0.0136441120994688,28.573168759378667
done,bank_K3_i000981,Transformer,128,1,512,10,0.9628278389573096,16,18,201224,cpu,0.9213182777166368,1.003338187932968,0.986111506819725,1.0652575865387917,project://predictive_profile_experiment_v2/sample_size_runs/bank_K3_i000981/transformer/d128/n512/seed1/DONE.json,1.0163926370182246,1.0157455118100809,1.015725835054195,1.0157253312063814,0.0880507895462436,0.0495322553324102,-215.70216573505095
done,bank_K3_i000981,Transformer,128,2,512,7,1.0531160030514002,16,15,201224,cpu,1.0156779251992702,1.038045633584261,1.0171018280088902,1.0225725136697292,project://predictive_profile_experiment_v2/sample_size_runs/bank_K3_i000981/transformer/d128/n512/seed2/DONE.json,1.0163926370182246,1.0157455118100809,1.015725835054195,1.0157253312063814,0.0090264817775333,0.0068471824633478,-10.331977255548766
done,bank_K3_i000981,Transformer,128,3,512,19,0.9757126104086636,16,27,201224,cpu,1.0744414776563644,0.994028963148594,1.0631495527923107,1.0269310921430588,project://predictive_profile_experiment_v2/sample_size_runs/bank_K3_i000981/transformer/d128/n512/seed3/DONE.json,1.0163926370182246,1.0157455118100809,1.015725835054195,1.0157253312063814,0.0338743744594119,0.0112057609366773,71.19732013434434
done,bank_K3_i000981,Transformer,128,4,512,22,0.954250656068325,16,30,201224,cpu,1.0633719824254513,1.0587743632495403,1.0384547747671604,1.0809788964688778,project://predictive_profile_experiment_v2/sample_size_runs/bank_K3_i000981/transformer/d128/n512/seed4/DONE.json,1.0163926370182246,1.0157455118100809,1.015725835054195,1.0157253312063814,0.0256721093502385,0.0652535652624963,-26.385075224797948
done,bank_K3_i000981,Transformer,128,5,512,14,0.973029600456357,16,22,201224,cpu,1.0960332676768303,1.054223969578743,1.0194003991782663,0.9892770498991011,project://predictive_profile_experiment_v2/sample_size_runs/bank_K3_i000981/transformer/d128/n512/seed5/DONE.json,1.0163926370182246,1.0157455118100809,1.015725835054195,1.0157253312063814,0.0639877420019297,-0.0264482813072801,159.98095008772563
done,bank_K3_i000981,Transformer,128,1,1024,5,0.9875226859003304,16,13,201224,cpu,1.0069225244224072,0.9852981120347976,1.054164431989193,1.0093137808144093,project://predictive_profile_experiment_v2/sample_size_runs/bank_K3_i000981/transformer/d128/n1024/seed1/DONE.json,1.0163926370182246,1.0157455118100809,1.015725835054195,1.0157253312063814,0.0254882942425682,-0.0064115503919721,-3.583449071719086
done,bank_K3_i000981,Transformer,128,2,1024,14,0.9942150488495828,16,22,201224,cpu,1.031111117452383,0.9703273810446262,1.0780098140239716,0.935070812702179,project://predictive_profile_experiment_v2/sample_size_runs/bank_K3_i000981/transformer/d128/n1024/seed2/DONE.json,1.0163926370182246,1.0157455118100809,1.015725835054195,1.0157253312063814,0.0877055100998374,-0.0806545185042024,143.92247609073362
done,bank_K3_i000981,Transformer,128,3,1024,9,1.057903602719307,16,17,201224,cpu,0.9902127757668496,1.0160408467054367,1.051845207810402,1.04880366101861,project://predictive_profile_experiment_v2/sample_size_runs/bank_K3_i000981/transformer/d128/n1024/seed3/DONE.json,1.0163926370182246,1.0157455118100809,1.015725835054195,1.0157253312063814,0.0338950804175081,0.0330783298122285,-87.80215039627407
done,bank_K3_i000981,Transformer,128,4,1024,16,1.0319053921848536,16,24,201224,cpu,1.0077922604978085,1.014238815754652,1.0497058853507042,0.970259804278612,project://predictive_profile_experiment_v2/sample_size_runs/bank_K3_i000981/transformer/d128/n1024/seed4/DONE.json,1.0163926370182246,1.0157455118100809,1.015725835054195,1.0157253312063814,0.0489974944938989,-0.0454655269277692,56.24476147679352
done,bank_K3_i000981,Transformer,128,5,1024,9,1.0351257789880035,16,17,201224,cpu,1.0398674942553043,0.9926433116197586,1.0250446796417236,0.9953732453286648,project://predictive_profile_experiment_v2/sample_size_runs/bank_K3_i000981/transformer/d128/n1024/seed5/DONE.json,1.0163926370182246,1.0157455118100809,1.015725835054195,1.0157253312063814,0.0264987178283848,-0.0203520858777166,66.67744853554126
done,bank_K4_i001162,GRU,128,1,64,19,2.002426654100418,16,27,101256,cpu,1.9945945665240288,2.0030487030744557,1.9998460337519648,2.004333734512329,project://predictive_profile_experiment_v2/sample_size_runs/bank_K4_i001162/gru/d128/n64/seed1/DONE.json,1.965853749075896,1.9571595901911056,1.9548428240947384,1.9542489967861827,0.0111690210870391,0.0500847377261464,-0.8392396274527679
done,bank_K4_i001162,GRU,128,2,64,47,1.965813759714365,16,48,101256,cpu,2.0005050376057625,1.9850328639149664,2.0228460878133774,1.9907522946596143,project://predictive_profile_experiment_v2/sample_size_runs/bank_K4_i001162/gru/d128/n64/seed2/DONE.json,1.965853749075896,1.9571595901911056,1.9548428240947384,1.9542489967861827,0.0163566126053047,0.0365032978734318,0.8404094032057264
done,bank_K4_i001162,GRU,128,3,64,8,1.978467419743538,16,16,101256,cpu,2.005055315792561,2.013165444135666,2.0187808349728584,2.0266922265291214,project://predictive_profile_experiment_v2/sample_size_runs/bank_K4_i001162/gru/d128/n64/seed3/DONE.json,1.965853749075896,1.9571595901911056,1.9548428240947384,1.9542489967861827,0.0190232373153724,0.0724432297429387,-1.8644870822224235
done,bank_K4_i001162,GRU,128,4,64,31,1.9826065227389336,16,39,101256,cpu,1.9746437072753904,2.011405646800995,2.007322818040848,2.018483936786652,project://predictive_profile_experiment_v2/sample_size_runs/bank_K4_i001162/gru/d128/n64/seed4/DONE.json,1.965853749075896,1.9571595901911056,1.9548428240947384,1.9542489967861827,0.0287754346406871,0.0642349400004689,-3.7777824478100537
done,bank_K4_i001162,GRU,128,5,64,15,2.010386906564236,16,23,101256,cpu,2.003545418381691,1.996402569115162,1.998910702764988,2.0563515722751617,project://predictive_profile_experiment_v2/sample_size_runs/bank_K4_i001162/gru/d128/n64/seed5/DONE.json,1.965853749075896,1.9571595901911056,1.9548428240947384,1.9542489967861827,0.0535446536791619,0.102102575488979,-4.550390441360908
done,bank_K4_i001162,GRU,128,1,128,14,1.967510346323252,16,22,101256,cpu,1.9739668741822245,1.978378623723984,1.9924002587795255,2.0043258741498,project://predictive_profile_experiment_v2/sample_size_runs/bank_K4_i001162/gru/d128/n128/seed1/DONE.json,1.965853749075896,1.9571595901911056,1.9548428240947384,1.9542489967861827,0.0262224526840016,0.0500768773636166,-2.6160834121799343
done,bank_K4_i001162,GRU,128,2,128,37,1.9901288114488125,16,45,101256,cpu,1.9720176607370377,2.000623367726803,2.013078287243843,1.972172237932682,project://predictive_profile_experiment_v2/sample_size_runs/bank_K4_i001162/gru/d128/n128/seed2/DONE.json,1.965853749075896,1.9571595901911056,1.9548428240947384,1.9542489967861827,0.02457476384312,0.0179232411464993,-0.0133201633076997
done,bank_K4_i001162,GRU,128,3,128,29,1.971599280834198,16,37,101256,cpu,1.981200285255909,2.000832185149193,2.000260710716248,2.0084070339798927,project://predictive_profile_experiment_v2/sample_size_runs/bank_K4_i001162/gru/d128/n128/seed3/DONE.json,1.965853749075896,1.9571595901911056,1.9548428240947384,1.9542489967861827,0.0205710193101697,0.05415803719371,-2.3444488985862546
done,bank_K4_i001162,GRU,128,4,128,28,1.9844637624919412,16,36,101256,cpu,1.988050289452076,1.9935373365879057,1.990475371479988,1.9988979771733284,project://predictive_profile_experiment_v2/sample_size_runs/bank_K4_i001162/gru/d128/n128/seed4/DONE.json,1.965853749075896,1.9571595901911056,1.9548428240947384,1.9542489967861827,0.0127849661541077,0.0446489803871457,-0.93476253955618
done,bank_K4_i001162,GRU,128,5,128,7,2.01262030005455,16,15,101256,cpu,2.0056815147399902,1.989270620048046,1.978406444191933,2.042623721063137,project://predictive_profile_experiment_v2/sample_size_runs/bank_K4_i001162/gru/d128/n128/seed5/DONE.json,1.965853749075896,1.9571595901911056,1.9548428240947384,1.9542489967861827,0.0493023572594331,0.0883747242769543,-3.183368795893593
done,bank_K4_i001162,GRU,128,1,256,39,1.9753730073571203,16,47,101256,cpu,1.9809151589870453,1.9587379097938535,1.9779390096664429,1.9703384414315224,project://predictive_profile_experiment_v2/sample_size_runs/bank_K4_i001162/gru/d128/n256/seed1/DONE.json,1.965853749075896,1.9571595901911056,1.9548428240947384,1.9542489967861827,0.0080734754571006,0.0160894446453396,0.9114126085137292
done,bank_K4_i001162,GRU,128,2,256,26,1.954063031822443,16,34,101256,cpu,1.988134860992432,1.9831759855151176,1.969080612063408,2.012162543833256,project://predictive_profile_experiment_v2/sample_size_runs/bank_K4_i001162/gru/d128/n256/seed2/DONE.json,1.965853749075896,1.9571595901911056,1.9548428240947384,1.9542489967861827,0.0323831385617988,0.057913547047073,-2.07050372476486
done,bank_K4_i001162,GRU,128,3,256,18,1.9753516539931295,16,26,101256,cpu,1.9776498228311536,1.9854411110281944,1.9772496074438093,1.9721548035740848,project://predictive_profile_experiment_v2/sample_size_runs/bank_K4_i001162/gru/d128/n256/seed3/DONE.json,1.965853749075896,1.9571595901911056,1.9548428240947384,1.9542489967861827,0.006427345287225,0.0179058067879025,0.4735145671260659
done,bank_K4_i001162,GRU,128,4,256,16,1.953904177993536,16,24,101256,cpu,1.9934256970882416,1.99072739481926,1.972970850765705,2.0160912796854973,project://predictive_profile_experiment_v2/sample_size_runs/bank_K4_i001162/gru/d128/n256/seed4/DONE.json,1.965853749075896,1.9571595901911056,1.9548428240947384,1.9542489967861827,0.0311642349993102,0.0618422828993145,-1.9531293759150476
done,bank_K4_i001162,GRU,128,5,256,19,1.9799812287092209,16,27,101256,cpu,2.0006193295121197,1.9666823223233223,2.0151692926883698,1.9682269021868704,project://predictive_profile_experiment_v2/sample_size_runs/bank_K4_i001162/gru/d128/n256/seed5/DONE.json,1.965853749075896,1.9571595901911056,1.9548428240947384,1.9542489967861827,0.0254959080652436,0.0139779054006878,2.791307088386809
done,bank_K4_i001162,GRU,128,1,512,22,1.965234626084566,16,30,101256,cpu,1.9871253073215485,1.9850787743926048,1.946013420820236,1.9831269308924675,project://predictive_profile_experiment_v2/sample_size_runs/bank_K4_i001162/gru/d128/n512/seed1/DONE.json,1.965853749075896,1.9571595901911056,1.9548428240947384,1.9542489967861827,0.0192394090830618,0.0288779341062848,0.3445464693481946
done,bank_K4_i001162,GRU,128,2,512,22,1.950392421334982,16,30,101256,cpu,1.982557900249958,1.9789452031254768,1.9518777951598167,1.981742441654205,project://predictive_profile_experiment_v2/sample_size_runs/bank_K4_i001162/gru/d128/n512/seed2/DONE.json,1.965853749075896,1.9571595901911056,1.9548428240947384,1.9542489967861827,0.0164066056072087,0.0274934448680226,0.0702693668416845
done,bank_K4_i001162,GRU,128,3,512,32,1.969877392053604,16,40,101256,cpu,1.9816024377942083,1.970405757427216,1.9785993173718448,1.9867637008428571,project://predictive_profile_experiment_v2/sample_size_runs/bank_K4_i001162/gru/d128/n512/seed3/DONE.json,1.965853749075896,1.9571595901911056,1.9548428240947384,1.9542489967861827,0.0135007595859545,0.0325147040566746,-0.4447542627190809
done,bank_K4_i001162,GRU,128,4,512,26,1.9434216991066933,16,34,101256,cpu,2.0128793194890022,1.9728785529732704,1.970916524529457,1.9925840720534325,project://predictive_profile_experiment_v2/sample_size_runs/bank_K4_i001162/gru/d128/n512/seed4/DONE.json,1.965853749075896,1.9571595901911056,1.9548428240947384,1.9542489967861827,0.0164513073891759,0.0383350752672497,1.7488738172860936
done,bank_K4_i001162,GRU,128,5,512,9,1.9903917536139488,16,17,101256,cpu,1.9780974462628365,1.9993312433362007,1.973800860345364,1.99735227227211,project://predictive_profile_experiment_v2/sample_size_runs/bank_K4_i001162/gru/d128/n512/seed5/DONE.json,1.965853749075896,1.9571595901911056,1.9548428240947384,1.9542489967861827,0.0195970282868804,0.0431032754859272,-1.659219044799608
done,bank_K4_i001162,GRU,128,1,1024,20,1.959726795554161,16,28,101256,cpu,1.9984245896339417,1.987769953906536,1.9821230992674828,1.9750773683190344,project://predictive_profile_experiment_v2/sample_size_runs/bank_K4_i001162/gru/d128/n1024/seed1/DONE.json,1.965853749075896,1.9571595901911056,1.9548428240947384,1.9542489967861827,0.0082945766987552,0.0208283715328518,2.011867270583908
done,bank_K4_i001162,GRU,128,2,1024,23,1.9386127479374409,16,31,101256,cpu,1.9805229008197784,1.989630214869976,1.9808429852128029,1.9669488072395325,project://predictive_profile_experiment_v2/sample_size_runs/bank_K4_i001162/gru/d128/n1024/seed2/DONE.json,1.965853749075896,1.9571595901911056,1.9548428240947384,1.9542489967861827,0.0119547347112245,0.0126998104533497,1.1697012776635298
done,bank_K4_i001162,GRU,128,3,1024,12,1.964150182902813,16,20,101256,cpu,1.9669749736785889,2.0004772171378136,1.9842079356312752,1.9851988703012464,project://predictive_profile_experiment_v2/sample_size_runs/bank_K4_i001162/gru/d128/n1024/seed3/DONE.json,1.965853749075896,1.9571595901911056,1.9548428240947384,1.9542489967861827,0.0161649396179818,0.0309498735150639,-1.570382216500427
done,bank_K4_i001162,GRU,128,4,1024,19,1.948601629585028,16,27,101256,cpu,1.971139676868916,1.976651787757873,1.968456506729126,1.9711287692189217,project://predictive_profile_experiment_v2/sample_size_runs/bank_K4_i001162/gru/d128/n1024/seed4/DONE.json,1.965853749075896,1.9571595901911056,1.9548428240947384,1.9542489967861827,0.0061625753784789,0.0168797724327389,0.0009399295841554
done,bank_K4_i001162,GRU,128,5,1024,27,1.9484459236264229,16,35,101256,cpu,1.9900258034467695,1.9961428865790367,1.9555478245019915,1.978035718202591,project://predictive_profile_experiment_v2/sample_size_runs/bank_K4_i001162/gru/d128/n1024/seed5/DONE.json,1.965853749075896,1.9571595901911056,1.9548428240947384,1.9542489967861827,0.0138189201558532,0.0237867214164082,1.0332047548147525
done,bank_K4_i001162,Transformer,128,1,64,22,2.000818010419607,16,30,201224,cpu,2.0337986424565315,2.079857222735882,2.03407134860754,2.013820141553879,project://predictive_profile_experiment_v2/sample_size_runs/bank_K4_i001162/transformer/d128/n64/seed1/DONE.json,1.965853749075896,1.9571595901911056,1.9548428240947384,1.9542489967861827,0.0333222362070204,0.059571144767696,1.7215792637265313
done,bank_K4_i001162,Transformer,128,2,64,36,1.9557505957782269,16,44,201224,cpu,1.9717598408460617,2.0175590738654137,2.000283434987068,1.9967718571424484,project://predictive_profile_experiment_v2/sample_size_runs/bank_K4_i001162/transformer/d128/n64/seed2/DONE.json,1.965853749075896,1.9571595901911056,1.9548428240947384,1.9542489967861827,0.0204259312586589,0.0425228603562657,-2.1553253074224368
done,bank_K4_i001162,Transformer,128,3,64,19,2.010164838284254,16,27,201224,cpu,2.011314243078232,2.0264135003089905,2.079501435160637,2.055936925113201,project://predictive_profile_experiment_v2/sample_size_runs/bank_K4_i001162/transformer/d128/n64/seed3/DONE.json,1.965853749075896,1.9571595901911056,1.9548428240947384,1.9542489967861827,0.0344279761727913,0.1016879283270184,-3.8452076288199017
done,bank_K4_i001162,Transformer,128,4,64,21,1.998688254505396,16,29,201224,cpu,2.075784958899021,2.0484399795532227,2.040774494409561,2.00338838994503,project://predictive_profile_experiment_v2/sample_size_runs/bank_K4_i001162/transformer/d128/n64/seed4/DONE.json,1.965853749075896,1.9571595901911056,1.9548428240947384,1.9542489967861827,0.0413073243888698,0.0491393931588475,6.238527729555003
done,bank_K4_i001162,Transformer,128,5,64,15,2.0073243975639343,16,23,201224,cpu,2.0485948473215103,2.022834911942482,2.023837685585022,2.0411466136574745,project://predictive_profile_experiment_v2/sample_size_runs/bank_K4_i001162/transformer/d128/n64/seed5/DONE.json,1.965853749075896,1.9571595901911056,1.9548428240947384,1.9542489967861827,0.0140371926277532,0.0868976168712918,0.6418261655303333
done,bank_K4_i001162,Transformer,128,1,128,8,1.9931126199662683,16,16,201224,cpu,2.0111149325966835,2.0123527720570564,2.047380305826664,2.038483075797558,project://predictive_profile_experiment_v2/sample_size_runs/bank_K4_i001162/transformer/d128/n128/seed1/DONE.json,1.965853749075896,1.9571595901911056,1.9548428240947384,1.9542489967861827,0.024653634552896,0.0842340790113751,-2.358356517884052
done,bank_K4_i001162,Transformer,128,2,128,31,1.9903977066278455,16,39,201224,cpu,1.9885191544890404,1.9980027228593824,2.015759713947773,2.012918196618557,project://predictive_profile_experiment_v2/sample_size_runs/bank_K4_i001162/transformer/d128/n128/seed2/DONE.json,1.965853749075896,1.9571595901911056,1.9548428240947384,1.9542489967861827,0.0201189835326615,0.0586691998323742,-2.102504346529244
done,bank_K4_i001162,Transformer,128,3,128,3,2.0214000046253204,16,12,201224,cpu,2.036439508199692,2.049633376300335,2.023796871304512,2.074292324483394,project://predictive_profile_experiment_v2/sample_size_runs/bank_K4_i001162/transformer/d128/n128/seed3/DONE.json,1.965853749075896,1.9571595901911056,1.9548428240947384,1.9542489967861827,0.0381321560277207,0.1200433276972119,-3.261837507488863
done,bank_K4_i001162,Transformer,128,4,128,23,1.9759874157607555,16,31,201224,cpu,2.0104735046625137,2.0041112676262856,1.977218978106976,2.004456177353859,project://predictive_profile_experiment_v2/sample_size_runs/bank_K4_i001162/transformer/d128/n128/seed4/DONE.json,1.965853749075896,1.9571595901911056,1.9548428240947384,1.9542489967861827,0.0142862141389364,0.0502071805676762,0.5185226843651692
done,bank_K4_i001162,Transformer,128,5,128,43,1.9931094869971275,16,48,201224,cpu,1.9988946467638016,2.0054133757948875,2.0087089017033577,1.97345070540905,project://predictive_profile_experiment_v2/sample_size_runs/bank_K4_i001162/transformer/d128/n128/seed5/DONE.json,1.965853749075896,1.9571595901911056,1.9548428240947384,1.9542489967861827,0.0236493382997455,0.0192017086228672,2.1925449780868207
done,bank_K4_i001162,Transformer,128,1,256,34,1.9808885864913464,16,42,201224,cpu,2.0052571669220924,1.947498805820942,1.9711029753088951,1.9818334802985191,project://predictive_profile_experiment_v2/sample_size_runs/bank_K4_i001162/transformer/d128/n256/seed1/DONE.json,1.965853749075896,1.9571595901911056,1.9548428240947384,1.9542489967861827,0.0203416917341386,0.0275844835123364,2.0184564080990626
done,bank_K4_i001162,Transformer,128,2,256,29,1.962425660341978,16,37,201224,cpu,1.995437577366829,2.002383753657341,1.997562386095524,1.962882049381733,project://predictive_profile_experiment_v2/sample_size_runs/bank_K4_i001162/transformer/d128/n256/seed2/DONE.json,1.965853749075896,1.9571595901911056,1.9548428240947384,1.9542489967861827,0.0271096593505996,0.0086330525955502,2.8053617321892315
done,bank_K4_i001162,Transformer,128,3,256,20,2.01059477776289,16,28,201224,cpu,1.98720283806324,1.967600241303444,1.979571916162968,1.991748541593552,project://predictive_profile_experiment_v2/sample_size_runs/bank_K4_i001162/transformer/d128/n256/seed3/DONE.json,1.965853749075896,1.9571595901911056,1.9548428240947384,1.9542489967861827,0.0170007750878903,0.0374995448073689,-0.3917105179695342
done,bank_K4_i001162,Transformer,128,4,256,17,1.999985568225384,16,25,201224,cpu,1.953029103577137,1.984444916248321,1.9955491423606877,1.994581438601017,project://predictive_profile_experiment_v2/sample_size_runs/bank_K4_i001162/transformer/d128/n256/seed4/DONE.json,1.965853749075896,1.9571595901911056,1.9548428240947384,1.9542489967861827,0.0273680605124766,0.0403324418148343,-3.580630933476646
done,bank_K4_i001162,Transformer,128,5,256,13,2.000856582075357,16,21,201224,cpu,2.0386337488889694,2.025435149669647,2.0463214367628098,2.0082492604851723,project://predictive_profile_experiment_v2/sample_size_runs/bank_K4_i001162/transformer/d128/n256/seed5/DONE.json,1.965853749075896,1.9571595901911056,1.9548428240947384,1.9542489967861827,0.0221420933944637,0.0540002636989895,2.618279791351653
done,bank_K4_i001162,Transformer,128,1,512,19,1.9600672163069248,16,27,201224,cpu,2.0142166763544083,1.955849938094616,2.001402370631695,2.0314959585666656,project://predictive_profile_experiment_v2/sample_size_runs/bank_K4_i001162/transformer/d128/n512/seed1/DONE.json,1.965853749075896,1.9571595901911056,1.9548428240947384,1.9542489967861827,0.0445733846798047,0.0772469617804829,-1.488983287267121
done,bank_K4_i001162,Transformer,128,2,512,8,2.0045617520809174,16,16,201224,cpu,1.973927617073059,2.016568146646023,1.9976471737027168,1.9759856313467024,project://predictive_profile_experiment_v2/sample_size_runs/bank_K4_i001162/transformer/d128/n512/seed2/DONE.json,1.965853749075896,1.9571595901911056,1.9548428240947384,1.9542489967861827,0.0226367704559598,0.0217366345605198,-0.1773423699416513
done,bank_K4_i001162,Transformer,128,3,512,10,1.970538590103388,16,18,201224,cpu,2.030526362359524,1.9957243651151657,2.0583837255835533,1.9940809980034828,project://predictive_profile_experiment_v2/sample_size_runs/bank_K4_i001162/transformer/d128/n512/seed3/DONE.json,1.965853749075896,1.9571595901911056,1.9548428240947384,1.9542489967861827,0.0341960737662744,0.0398320012173001,3.1405551317409945
done,bank_K4_i001162,Transformer,128,4,512,15,1.9721207283437248,16,23,201224,cpu,1.9815417528152464,1.9936194643378256,2.0275846272706985,1.99426481872797,project://predictive_profile_experiment_v2/sample_size_runs/bank_K4_i001162/transformer/d128/n512/seed4/DONE.json,1.965853749075896,1.9571595901911056,1.9548428240947384,1.9542489967861827,0.0204662976069896,0.0400158219417874,-1.0963668672188684
done,bank_K4_i001162,Transformer,128,5,512,19,1.9554728642106056,16,27,201224,cpu,1.94849655777216,1.9983605220913887,1.9787540882825847,1.968541942536831,project://predictive_profile_experiment_v2/sample_size_runs/bank_K4_i001162/transformer/d128/n512/seed5/DONE.json,1.965853749075896,1.9571595901911056,1.9548428240947384,1.9542489967861827,0.0213206645285132,0.0142929457506482,-1.727342752713528
done,bank_K4_i001162,Transformer,128,1,1024,27,1.9754606261849403,16,35,201224,cpu,1.9906218871474264,1.926820531487465,1.970285177230835,1.9831098765134807,project://predictive_profile_experiment_v2/sample_size_runs/bank_K4_i001162/transformer/d128/n1024/seed1/DONE.json,1.965853749075896,1.9571595901911056,1.9548428240947384,1.9542489967861827,0.0304197308517294,0.0288608797272984,0.6473219286726628
done,bank_K4_i001162,Transformer,128,2,1024,12,1.9649267829954624,16,20,201224,cpu,2.004972487688065,2.0018222257494926,1.996117688715458,1.9862319827079773,project://predictive_profile_experiment_v2/sample_size_runs/bank_K4_i001162/transformer/d128/n1024/seed2/DONE.json,1.965853749075896,1.9571595901911056,1.9548428240947384,1.9542489967861827,0.0086317942966752,0.0319829859217946,1.6148991820101048
done,bank_K4_i001162,Transformer,128,3,1024,22,1.970286976546049,16,30,201224,cpu,2.0008516386151314,1.955131694674492,1.9980366826057436,1.9762858003377917,project://predictive_profile_experiment_v2/sample_size_runs/bank_K4_i001162/transformer/d128/n1024/seed3/DONE.json,1.965853749075896,1.9571595901911056,1.9548428240947384,1.9542489967861827,0.0172823643187042,0.0220368035516087,2.116877436420287
done,bank_K4_i001162,Transformer,128,4,1024,26,1.9633218124508856,16,34,201224,cpu,1.988788515329361,2.0053141489624977,2.020988672971725,1.977948620915413,project://predictive_profile_experiment_v2/sample_size_runs/bank_K4_i001162/transformer/d128/n1024/seed4/DONE.json,1.965853749075896,1.9571595901911056,1.9548428240947384,1.9542489967861827,0.0244964835806061,0.0236996241292302,0.9340909778450964
done,bank_K4_i001162,Transformer,128,5,1024,13,1.958098765462637,16,21,201224,cpu,1.9723273068666456,1.9527274146676064,1.9877748265862465,1.9780373647809029,project://predictive_profile_experiment_v2/sample_size_runs/bank_K4_i001162/transformer/d128/n1024/seed5/DONE.json,1.965853749075896,1.9571595901911056,1.9548428240947384,1.9542489967861827,0.0171741650501128,0.0237883679947201,-0.4920447909361026
done,bank_K4_i000177,GRU,128,1,64,17,1.3684473261237144,16,25,101256,cpu,1.4215032309293747,1.3478658497333529,1.315644584596157,1.3946250826120377,project://predictive_profile_experiment_v2/sample_size_runs/bank_K4_i000177/gru/d128/n64/seed1/DONE.json,1.3458382887716254,1.3332258587201695,1.332148566073693,1.3320581336162651,0.0466925121733956,0.0625669489957723,1.9504967842747647
done,bank_K4_i000177,GRU,128,2,64,29,1.347265275195241,16,37,101256,cpu,1.3718190416693687,1.3338058479130268,1.3590830229222777,1.3935349360108376,project://predictive_profile_experiment_v2/sample_size_runs/bank_K4_i000177/gru/d128/n64/seed2/DONE.json,1.3458382887716254,1.3332258587201695,1.332148566073693,1.3320581336162651,0.039247818486587,0.0614768023945722,-1.5758817006513932
done,bank_K4_i000177,GRU,128,3,64,23,1.3599462695419788,16,31,101256,cpu,1.3379124104976654,1.3918270096182823,1.3931248858571053,1.3399347513914108,project://predictive_profile_experiment_v2/sample_size_runs/bank_K4_i000177/gru/d128/n64/seed3/DONE.json,1.3458382887716254,1.3332258587201695,1.332148566073693,1.3320581336162651,0.0375575408383313,0.0078766177751454,-0.1467574835656911
done,bank_K4_i000177,GRU,128,4,64,7,1.4760003294795752,16,15,101256,cpu,1.4165656492114067,1.3977399319410324,1.4223333597183228,1.4433240741491318,project://predictive_profile_experiment_v2/sample_size_runs/bank_K4_i000177/gru/d128/n64/seed4/DONE.json,1.3458382887716254,1.3332258587201695,1.332148566073693,1.3320581336162651,0.0326861145107753,0.1112659405328664,-1.941808683287353
done,bank_K4_i000177,GRU,128,5,64,38,1.3180808387696743,16,46,101256,cpu,1.3660680428147316,1.407949224114418,1.329034510999918,1.2719954773783684,project://predictive_profile_experiment_v2/sample_size_runs/bank_K4_i000177/gru/d128/n64/seed5/DONE.json,1.3458382887716254,1.3332258587201695,1.332148566073693,1.3320581336162651,0.0834525103737214,-0.0600626562378969,6.826669538606185
done,bank_K4_i000177,GRU,128,1,128,17,1.3631438575685024,16,25,101256,cpu,1.3976474553346634,1.3152853846549988,1.2761222682893276,1.378685675561428,project://predictive_profile_experiment_v2/sample_size_runs/bank_K4_i000177/gru/d128/n128/seed1/DONE.json,1.3458382887716254,1.3332258587201695,1.332148566073693,1.3320581336162651,0.0606912035150212,0.0466275419451627,1.37602077476318
done,bank_K4_i000177,GRU,128,2,128,20,1.3460516184568403,16,28,101256,cpu,1.3242235742509365,1.2981372326612473,1.3042827770113945,1.3149297945201397,project://predictive_profile_experiment_v2/sample_size_runs/bank_K4_i000177/gru/d128/n128/seed2/DONE.json,1.3458382887716254,1.3332258587201695,1.332148566073693,1.3320581336162651,0.0107003773766652,-0.0171283390961256,0.6744321545016745
done,bank_K4_i000177,GRU,128,3,128,16,1.3669699728488922,16,24,101256,cpu,1.35603529214859,1.3595258221030235,1.422854520380497,1.3905851133167744,project://predictive_profile_experiment_v2/sample_size_runs/bank_K4_i000177/gru/d128/n128/seed3/DONE.json,1.3458382887716254,1.3332258587201695,1.332148566073693,1.3320581336162651,0.0332033642831767,0.058526979700509,-2.507215686518998
done,bank_K4_i000177,GRU,128,4,128,13,1.3539577145129442,16,21,101256,cpu,1.3728376403450966,1.3675984591245651,1.3166583627462387,1.3443573415279388,project://predictive_profile_experiment_v2/sample_size_runs/bank_K4_i000177/gru/d128/n128/seed4/DONE.json,1.3458382887716254,1.3332258587201695,1.332148566073693,1.3320581336162651,0.0192066411485233,0.0122992079116734,2.066761839476086
done,bank_K4_i000177,GRU,128,5,128,29,1.358248621225357,16,37,101256,cpu,1.4058735519647598,1.319277748465538,1.337863303720951,1.3569116219878197,project://predictive_profile_experiment_v2/sample_size_runs/bank_K4_i000177/gru/d128/n128/seed5/DONE.json,1.3458382887716254,1.3332258587201695,1.332148566073693,1.3320581336162651,0.0278819525626827,0.0248534883715543,3.553075377231555
done,bank_K4_i000177,GRU,128,1,256,17,1.3710152432322502,16,25,101256,cpu,1.3506764769554138,1.2989269085228443,1.3247885257005692,1.5109839290380478,project://predictive_profile_experiment_v2/sample_size_runs/bank_K4_i000177/gru/d128/n256/seed1/DONE.json,1.3458382887716254,1.3332258587201695,1.332148566073693,1.3320581336162651,0.1661879205568128,0.1789257954217824,-11.63321096716968
done,bank_K4_i000177,GRU,128,2,256,16,1.2827436961233616,16,24,101256,cpu,1.3682543486356735,1.3493501767516136,1.3524419739842417,1.336307480931282,project://predictive_profile_experiment_v2/sample_size_runs/bank_K4_i000177/gru/d128/n256/seed2/DONE.json,1.3458382887716254,1.3332258587201695,1.332148566073693,1.3320581336162651,0.0134949643825784,0.0042493473150166,2.318324238313472
done,bank_K4_i000177,GRU,128,3,256,10,1.3771007359027865,16,18,101256,cpu,1.377214141190052,1.3640023544430733,1.2922169007360935,1.3179435208439827,project://predictive_profile_experiment_v2/sample_size_runs/bank_K4_i000177/gru/d128/n256/seed3/DONE.json,1.3458382887716254,1.3332258587201695,1.332148566073693,1.3320581336162651,0.0344641634468111,-0.0141146127722826,4.301157692191517
done,bank_K4_i000177,GRU,128,4,256,12,1.3643725253641603,16,20,101256,cpu,1.3742177337408066,1.4427404254674911,1.27222965285182,1.3957901373505592,project://predictive_profile_experiment_v2/sample_size_runs/bank_K4_i000177/gru/d128/n256/seed4/DONE.json,1.3458382887716254,1.3332258587201695,1.332148566073693,1.3320581336162651,0.068255761206259,0.0637320037342938,-1.5654688475232237
done,bank_K4_i000177,GRU,128,5,256,17,1.3242825902998447,16,25,101256,cpu,1.348572462797165,1.359553474932909,1.426783666014671,1.414977215230465,project://predictive_profile_experiment_v2/sample_size_runs/bank_K4_i000177/gru/d128/n256/seed5/DONE.json,1.3458382887716254,1.3332258587201695,1.332148566073693,1.3320581336162651,0.0494203360134268,0.0829190816141995,-4.818868269960719
done,bank_K4_i000177,GRU,128,1,512,6,1.3272137884050608,16,14,101256,cpu,1.4006748497486117,1.382142886519432,1.3545624762773514,1.3463737182319164,project://predictive_profile_experiment_v2/sample_size_runs/bank_K4_i000177/gru/d128/n512/seed1/DONE.json,1.3458382887716254,1.3332258587201695,1.332148566073693,1.3320581336162651,0.0269480624210439,0.014315584615651,3.9405312135091375
done,bank_K4_i000177,GRU,128,2,512,18,1.3034846149384975,16,26,101256,cpu,1.4370663687586784,1.40428426861763,1.3241663724184036,1.4034468680620191,project://predictive_profile_experiment_v2/sample_size_runs/bank_K4_i000177/gru/d128/n512/seed2/DONE.json,1.3458382887716254,1.3332258587201695,1.332148566073693,1.3320581336162651,0.0409067628071302,0.071388734445754,2.439704075725318
done,bank_K4_i000177,GRU,128,3,512,29,1.32519674859941,16,37,101256,cpu,1.4616927951574326,1.373081848025322,1.3330654427409172,1.3670260719954967,project://predictive_profile_experiment_v2/sample_size_runs/bank_K4_i000177/gru/d128/n512/seed3/DONE.json,1.3458382887716254,1.3332258587201695,1.332148566073693,1.3320581336162651,0.0439488473382741,0.0349679383792314,6.869786449763857
done,bank_K4_i000177,GRU,128,4,512,27,1.3384008668363094,16,35,101256,cpu,1.3481304123997688,1.4035034030675888,1.366693485528231,1.364003974944353,project://predictive_profile_experiment_v2/sample_size_runs/bank_K4_i000177/gru/d128/n512/seed4/DONE.json,1.3458382887716254,1.3332258587201695,1.332148566073693,1.3320581336162651,0.0242663225319453,0.0319458413280877,-1.1519146457803118
done,bank_K4_i000177,GRU,128,5,512,16,1.391411241143942,16,24,101256,cpu,1.3895206972956655,1.3886870592832563,1.26967279240489,1.3254318684339523,project://predictive_profile_experiment_v2/sample_size_runs/bank_K4_i000177/gru/d128/n512/seed5/DONE.json,1.3458382887716254,1.3332258587201695,1.332148566073693,1.3320581336162651,0.0487467528430382,-0.006626265182313,4.6508060423967725
done,bank_K4_i000177,GRU,128,1,1024,14,1.3900183774530888,16,22,101256,cpu,1.3748669028282166,1.4024533331394196,1.345483422279358,1.3108856156468391,project://predictive_profile_experiment_v2/sample_size_runs/bank_K4_i000177/gru/d128/n1024/seed1/DONE.json,1.3458382887716254,1.3332258587201695,1.332148566073693,1.3320581336162651,0.0545047501439692,-0.0211725179694262,4.643001944465831
done,bank_K4_i000177,GRU,128,2,1024,14,1.3762740567326546,16,22,101256,cpu,1.4480260983109474,1.3352703973650932,1.3259619027376175,1.268125269562006,project://predictive_profile_experiment_v2/sample_size_runs/bank_K4_i000177/gru/d128/n1024/seed2/DONE.json,1.3458382887716254,1.3332258587201695,1.332148566073693,1.3320581336162651,0.0939198056315867,-0.0639328640542593,13.055065543218214
done,bank_K4_i000177,GRU,128,3,1024,20,1.3586390614509585,16,28,101256,cpu,1.3483162708580494,1.2953005582094193,1.3306208811700344,1.321437392383814,project://predictive_profile_experiment_v2/sample_size_runs/bank_K4_i000177/gru/d128/n1024/seed3/DONE.json,1.3458382887716254,1.3332258587201695,1.332148566073693,1.3320581336162651,0.0158098006262349,-0.0106207412324514,1.950549770390688
done,bank_K4_i000177,GRU,128,4,1024,20,1.3288265597075224,16,28,101256,cpu,1.295641452074051,1.31491781771183,1.2662542834877968,1.3530876897275448,project://predictive_profile_experiment_v2/sample_size_runs/bank_K4_i000177/gru/d128/n1024/seed4/DONE.json,1.3458382887716254,1.3332258587201695,1.332148566073693,1.3320581336162651,0.059532342708731,0.0210295561112794,-4.168765663799454
done,bank_K4_i000177,GRU,128,5,1024,10,1.3381202798336744,16,18,101256,cpu,1.4221398383378985,1.4389757923781872,1.3726105839014051,1.324282169342041,project://predictive_profile_experiment_v2/sample_size_runs/bank_K4_i000177/gru/d128/n1024/seed5/DONE.json,1.3458382887716254,1.3332258587201695,1.332148566073693,1.3320581336162651,0.07463923357087,-0.0077759642742243,7.101347400852296
done,bank_K4_i000177,Transformer,128,1,64,6,1.436281006783247,16,14,201224,cpu,1.416126787662506,1.5412990003824234,1.4460713863372805,1.3905680552124975,project://predictive_profile_experiment_v2/sample_size_runs/bank_K4_i000177/transformer/d128/n64/seed1/DONE.json,1.3458382887716254,1.3332258587201695,1.332148566073693,1.3320581336162651,0.0799663695223211,0.0585099215962323,1.8547492507779857
done,bank_K4_i000177,Transformer,128,2,64,8,1.4499904811382294,16,16,201224,cpu,1.425066664814949,1.3899416141211989,1.3933700323104858,1.3992864415049553,project://predictive_profile_experiment_v2/sample_size_runs/bank_K4_i000177/transformer/d128/n64/seed2/DONE.json,1.3458382887716254,1.3332258587201695,1.332148566073693,1.3320581336162651,0.008523460889695,0.0672283078886899,1.8708224268408256
done,bank_K4_i000177,Transformer,128,3,64,18,1.44283077865839,16,26,201224,cpu,1.4670962989330292,1.3070493564009666,1.4302622824907305,1.3831055276095867,project://predictive_profile_experiment_v2/sample_size_runs/bank_K4_i000177/transformer/d128/n64/seed3/DONE.json,1.3458382887716254,1.3332258587201695,1.332148566073693,1.3320581336162651,0.057245741088055,0.0510473939933213,6.095052659169288
done,bank_K4_i000177,Transformer,128,4,64,28,1.3696876950562,16,36,201224,cpu,1.296381525695324,1.411500208079815,1.3279689252376556,1.4939207956194878,project://predictive_profile_experiment_v2/sample_size_runs/bank_K4_i000177/transformer/d128/n64/seed4/DONE.json,1.3458382887716254,1.3332258587201695,1.332148566073693,1.3320581336162651,0.1407239778420022,0.1618626620032224,-14.335054119280192
done,bank_K4_i000177,Transformer,128,5,64,27,1.388416351750493,16,35,201224,cpu,1.4019434303045273,1.335068017244339,1.4257824122905731,1.2889007404446602,project://predictive_profile_experiment_v2/sample_size_runs/bank_K4_i000177/transformer/d128/n64/seed5/DONE.json,1.3458382887716254,1.3332258587201695,1.332148566073693,1.3320581336162651,0.0874497764751603,-0.0431573931716051,8.203295868979913
done,bank_K4_i000177,Transformer,128,1,128,10,1.3447426967322826,16,18,201224,cpu,1.3921019732952118,1.3673602566123009,1.3713374808430672,1.4461137056350708,project://predictive_profile_experiment_v2/sample_size_runs/bank_K4_i000177/transformer/d128/n128/seed1/DONE.json,1.3458382887716254,1.3332258587201695,1.332148566073693,1.3320581336162651,0.0643974969460274,0.1140555720188054,-3.919530058328135
done,bank_K4_i000177,Transformer,128,2,128,21,1.375934161245823,16,29,201224,cpu,1.403661534190178,1.2666917070746422,1.4462678357958794,1.3766749799251556,project://predictive_profile_experiment_v2/sample_size_runs/bank_K4_i000177/transformer/d128/n128/seed2/DONE.json,1.3458382887716254,1.3332258587201695,1.332148566073693,1.3320581336162651,0.0658778038948396,0.0446168463088902,1.9583636004653704
done,bank_K4_i000177,Transformer,128,3,128,11,1.4291709661483765,16,19,201224,cpu,1.3481057733297348,1.4670018926262856,1.3666586875915527,1.435850515961647,project://predictive_profile_experiment_v2/sample_size_runs/bank_K4_i000177/transformer/d128/n128/seed3/DONE.json,1.3458382887716254,1.3332258587201695,1.332148566073693,1.3320581336162651,0.0632581139005194,0.1037923823453816,-6.367471312380867
done,bank_K4_i000177,Transformer,128,4,128,10,1.337821263819933,16,18,201224,cpu,1.367367222905159,1.4034619331359863,1.5049369409680369,1.4672298282384872,project://predictive_profile_experiment_v2/sample_size_runs/bank_K4_i000177/transformer/d128/n128/seed4/DONE.json,1.3458382887716254,1.3332258587201695,1.332148566073693,1.3320581336162651,0.0680924489531969,0.1351716946222219,-7.246841868430272
done,bank_K4_i000177,Transformer,128,5,128,28,1.344183910638094,16,36,201224,cpu,1.4067261070013046,1.456774115562439,1.4496513828635216,1.3488950058817863,project://predictive_profile_experiment_v2/sample_size_runs/bank_K4_i000177/transformer/d128/n128/seed5/DONE.json,1.3458382887716254,1.3332258587201695,1.332148566073693,1.3320581336162651,0.0765856347913804,0.0168368722655209,4.19669448330006
done,bank_K4_i000177,Transformer,128,1,256,4,1.4747844859957695,16,12,201224,cpu,1.421690545976162,1.425235666334629,1.4374398440122604,1.4237121269106865,project://predictive_profile_experiment_v2/sample_size_runs/bank_K4_i000177/transformer/d128/n256/seed1/DONE.json,1.3458382887716254,1.3332258587201695,1.332148566073693,1.3320581336162651,0.0104378757387479,0.0916539932944211,-0.1467023347511591
done,bank_K4_i000177,Transformer,128,2,256,8,1.4011860471218824,16,16,201224,cpu,1.2892532125115397,1.3287014067173004,1.3548905476927755,1.3946745246648788,project://predictive_profile_experiment_v2/sample_size_runs/bank_K4_i000177/transformer/d128/n256/seed2/DONE.json,1.3458382887716254,1.3332258587201695,1.332148566073693,1.3320581336162651,0.0712510546265187,0.0626163910486135,-7.650226790975864
done,bank_K4_i000177,Transformer,128,3,256,13,1.4050767123699188,16,21,201224,cpu,1.37802367284894,1.4015634506940842,1.4586442485451698,1.3354713208973408,project://predictive_profile_experiment_v2/sample_size_runs/bank_K4_i000177/transformer/d128/n256/seed3/DONE.json,1.3458382887716254,1.3332258587201695,1.332148566073693,1.3320581336162651,0.0710498385914708,0.0034131872810754,3.08794432804682
done,bank_K4_i000177,Transformer,128,4,256,6,1.3617255352437496,16,14,201224,cpu,1.382253348827362,1.38594052195549,1.4060892313718796,1.3761501349508762,project://predictive_profile_experiment_v2/sample_size_runs/bank_K4_i000177/transformer/d128/n256/seed4/DONE.json,1.3458382887716254,1.3332258587201695,1.332148566073693,1.3320581336162651,0.0160017847915763,0.0440920013346108,0.4428987778205007
done,bank_K4_i000177,Transformer,128,5,256,11,1.3790838178247211,16,19,201224,cpu,1.2693193890154362,1.382591724395752,1.4249820411205292,1.4255254864692688,project://predictive_profile_experiment_v2/sample_size_runs/bank_K4_i000177/transformer/d128/n256/seed5/DONE.json,1.3458382887716254,1.3332258587201695,1.332148566073693,1.3320581336162651,0.0878075581149619,0.0934673528530034,-11.335583358295766
done,bank_K4_i000177,Transformer,128,1,512,16,1.3960555866360664,16,24,201224,cpu,1.3324076533317566,1.4235665127635002,1.3810725510120392,1.3602594397962091,project://predictive_profile_experiment_v2/sample_size_runs/bank_K4_i000177/transformer/d128/n512/seed1/DONE.json,1.3458382887716254,1.3332258587201695,1.332148566073693,1.3320581336162651,0.038807043596641,0.0282013061799439,-2.0211518774967736
done,bank_K4_i000177,Transformer,128,2,512,13,1.3336736261844635,16,21,201224,cpu,1.347678728401661,1.345971267670393,1.290280744433403,1.349852666258812,project://predictive_profile_experiment_v2/sample_size_runs/bank_K4_i000177/transformer/d128/n512/seed2/DONE.json,1.3458382887716254,1.3332258587201695,1.332148566073693,1.3320581336162651,0.0309823467981483,0.0177945326425466,-0.1577585907155365
done,bank_K4_i000177,Transformer,128,3,512,26,1.3373140282928944,16,34,201224,cpu,1.255378641188145,1.3734795525670052,1.3927303478121758,1.41373323649168,project://predictive_profile_experiment_v2/sample_size_runs/bank_K4_i000177/transformer/d128/n512/seed3/DONE.json,1.3458382887716254,1.3332258587201695,1.332148566073693,1.3320581336162651,0.0891502013991623,0.0816751028754148,-11.491495815411108
done,bank_K4_i000177,Transformer,128,4,512,16,1.389504760503769,16,24,201224,cpu,1.33211712539196,1.351947583258152,1.4273516461253166,1.3962858319282532,project://predictive_profile_experiment_v2/sample_size_runs/bank_K4_i000177/transformer/d128/n512/seed4/DONE.json,1.3458382887716254,1.3332258587201695,1.332148566073693,1.3320581336162651,0.0477134492623964,0.0642276983119878,-4.656602615343815
done,bank_K4_i000177,Transformer,128,5,512,18,1.3794689364731312,16,26,201224,cpu,1.356350664049387,1.372753657400608,1.305967502295971,1.2941922843456268,project://predictive_profile_experiment_v2/sample_size_runs/bank_K4_i000177/transformer/d128/n512/seed5/DONE.json,1.3458382887716254,1.3332258587201695,1.332148566073693,1.3320581336162651,0.0460075090763619,-0.0378658492706385,4.510716969654919
done,bank_K4_i000177,Transformer,128,1,1024,13,1.3503671772778034,16,21,201224,cpu,1.4144194200634956,1.3670928105711937,1.345225527882576,1.4064674600958824,project://predictive_profile_experiment_v2/sample_size_runs/bank_K4_i000177/transformer/d128/n1024/seed1/DONE.json,1.3458382887716254,1.3332258587201695,1.332148566073693,1.3320581336162651,0.03687584221335,0.074409326479617,0.5770588123255037
done,bank_K4_i000177,Transformer,128,2,1024,33,1.3689376562833786,16,41,201224,cpu,1.3366737589240074,1.3971934989094734,1.3785873502492905,1.3419404476881027,project://predictive_profile_experiment_v2/sample_size_runs/bank_K4_i000177/transformer/d128/n1024/seed2/DONE.json,1.3458382887716254,1.3332258587201695,1.332148566073693,1.3320581336162651,0.0340013980263013,0.0098823140718373,-0.3821937202243141
done,bank_K4_i000177,Transformer,128,3,1024,28,1.3304633107036352,16,36,201224,cpu,1.2878882065415382,1.4405014216899872,1.2754565700888634,1.3733059391379356,project://predictive_profile_experiment_v2/sample_size_runs/bank_K4_i000177/transformer/d128/n1024/seed3/DONE.json,1.3458382887716254,1.3332258587201695,1.332148566073693,1.3320581336162651,0.0771234244687925,0.0412478055216702,-6.198604560934335
done,bank_K4_i000177,Transformer,128,4,1024,8,1.3754366990178823,16,16,201224,cpu,1.322546936571598,1.3180928826332092,1.3718837946653366,1.431481085717678,project://predictive_profile_experiment_v2/sample_size_runs/bank_K4_i000177/transformer/d128/n1024/seed4/DONE.json,1.3458382887716254,1.3332258587201695,1.332148566073693,1.3320581336162651,0.0890849110414676,0.0994229521014127,-7.905146779403879
done,bank_K4_i000177,Transformer,128,5,1024,9,1.3138391207903624,16,17,201224,cpu,1.396204598248005,1.3435267731547356,1.3308564387261868,1.3170720636844635,project://predictive_profile_experiment_v2/sample_size_runs/bank_K4_i000177/transformer/d128/n1024/seed5/DONE.json,1.3458382887716254,1.3332258587201695,1.332148566073693,1.3320581336162651,0.0356997518764409,-0.0149860699318018,5.742499534394684
done,bank_K4_i000388,GRU,128,1,64,7,1.8937774635851383,16,15,101256,cpu,1.9569193422794344,1.9914711192250247,1.9589953497052195,1.930947445333004,project://predictive_profile_experiment_v2/sample_size_runs/bank_K4_i000388/gru/d128/n64/seed1/DONE.json,1.898133266637632,1.8974009907580516,1.8973057315902209,1.8972940932058144,0.0355944969942427,0.0336533521271897,30.949379427066987
done,bank_K4_i000388,GRU,128,2,64,12,1.909973319619894,16,20,101256,cpu,1.9347336292266848,1.8967886418104167,1.907065972685814,1.9410332590341568,project://predictive_profile_experiment_v2/sample_size_runs/bank_K4_i000388/gru/d128/n64/seed2/DONE.json,1.898133266637632,1.8974009907580516,1.8973057315902209,1.8972940932058144,0.0281628598539229,0.0437391658283425,-7.506946202800069
done,bank_K4_i000388,GRU,128,3,64,10,1.9577028267085552,16,18,101256,cpu,1.934392273426056,1.888574741780758,1.954679675400257,1.9183598682284355,project://predictive_profile_experiment_v2/sample_size_runs/bank_K4_i000388/gru/d128/n64/seed3/DONE.json,1.898133266637632,1.8974009907580516,1.8973057315902209,1.8972940932058144,0.0247115889361465,0.0210657750226213,19.104996166167037
done,bank_K4_i000388,GRU,128,4,64,37,1.940541125833988,16,45,101256,cpu,1.9002596214413645,1.9015917778015137,1.9168532639741895,1.994903154671192,project://predictive_profile_experiment_v2/sample_size_runs/bank_K4_i000388/gru/d128/n64/seed4/DONE.json,1.898133266637632,1.8974009907580516,1.8973057315902209,1.8972940932058144,0.0773587803515699,0.0976090614653779,-112.78185133299527
done,bank_K4_i000388,GRU,128,5,64,22,1.921627052128315,16,30,101256,cpu,1.923486389219761,1.965886414051056,1.9398939684033396,1.9972807690501213,project://predictive_profile_experiment_v2/sample_size_runs/bank_K4_i000388/gru/d128/n64/seed5/DONE.json,1.898133266637632,1.8974009907580516,1.8973057315902209,1.8972940932058144,0.0496414065777157,0.0999866758443071,-87.93698302691134
done,bank_K4_i000388,GRU,128,1,128,4,1.9411867298185823,16,12,101256,cpu,1.913374565541744,1.9208479970693588,1.950383231043816,1.9497260972857475,project://predictive_profile_experiment_v2/sample_size_runs/bank_K4_i000388/gru/d128/n128/seed1/DONE.json,1.898133266637632,1.8974009907580516,1.8973057315902209,1.8972940932058144,0.0235780369804161,0.0524320040799333,-43.31825861702664
done,bank_K4_i000388,GRU,128,2,128,17,1.9225626811385157,16,25,101256,cpu,1.943793684244156,1.8740744516253471,1.9057386368513107,1.9378351420164108,project://predictive_profile_experiment_v2/sample_size_runs/bank_K4_i000388/gru/d128/n128/seed2/DONE.json,1.898133266637632,1.8974009907580516,1.8973057315902209,1.8972940932058144,0.0358336769281345,0.0405410488105966,7.100489603014154
done,bank_K4_i000388,GRU,128,3,128,15,1.9338723719120023,16,23,101256,cpu,1.9496603235602377,1.916121765971184,1.957584299147129,1.9078189432621,project://predictive_profile_experiment_v2/sample_size_runs/bank_K4_i000388/gru/d128/n128/seed3/DONE.json,1.898133266637632,1.8974009907580516,1.8973057315902209,1.8972940932058144,0.0324953325964548,0.010524850056286,49.86022997358529
done,bank_K4_i000388,GRU,128,4,128,5,1.929373636841774,16,13,101256,cpu,1.927001751959324,1.893832966685295,1.9585577920079231,1.9903825223445888,project://predictive_profile_experiment_v2/sample_size_runs/bank_K4_i000388/gru/d128/n128/seed4/DONE.json,1.898133266637632,1.8974009907580516,1.8973057315902209,1.8972940932058144,0.0601669043258964,0.093088429138775,-75.52761798952871
done,bank_K4_i000388,GRU,128,5,128,8,1.9112967737019064,16,16,101256,cpu,1.920479841530323,1.8868099376559255,1.9374878481030464,1.985283881425857,project://predictive_profile_experiment_v2/sample_size_runs/bank_K4_i000388/gru/d128/n128/seed5/DONE.json,1.898133266637632,1.8974009907580516,1.8973057315902209,1.8972940932058144,0.0638607610465768,0.0879897882200433,-77.22365537144012
done,bank_K4_i000388,GRU,128,1,256,7,1.9198142997920515,16,15,101256,cpu,1.9304696097970009,1.9267580807209013,1.9430231750011444,1.8991346880793567,project://predictive_profile_experiment_v2/sample_size_runs/bank_K4_i000388/gru/d128/n256/seed1/DONE.json,1.898133266637632,1.8974009907580516,1.8973057315902209,1.8972940932058144,0.0300513144599558,0.0018405948735429,37.34022137686383
done,bank_K4_i000388,GRU,128,2,256,14,1.915536992251873,16,22,101256,cpu,1.8990539982914925,1.941848337650299,1.9312823191285131,1.9137010648846624,project://predictive_profile_experiment_v2/sample_size_runs/bank_K4_i000388/gru/d128/n256/seed2/DONE.json,1.898133266637632,1.8974009907580516,1.8973057315902209,1.8972940932058144,0.0182673046292288,0.0164069716788484,-17.45415910206931
done,bank_K4_i000388,GRU,128,3,256,10,1.8984887450933456,16,18,101256,cpu,1.92347951233387,1.8721761777997017,1.9435235485434528,1.925225786864757,project://predictive_profile_experiment_v2/sample_size_runs/bank_K4_i000388/gru/d128/n256/seed3/DONE.json,1.898133266637632,1.8974009907580516,1.8973057315902209,1.8972940932058144,0.0281366355578279,0.0279316936589433,-2.080945922114957
done,bank_K4_i000388,GRU,128,4,256,7,1.8929592929780483,16,15,101256,cpu,1.923394724726677,1.9623520001769064,1.9536797553300855,1.8882943093776705,project://predictive_profile_experiment_v2/sample_size_runs/bank_K4_i000388/gru/d128/n256/seed4/DONE.json,1.898133266637632,1.8974009907580516,1.8973057315902209,1.8972940932058144,0.0522405188419574,-0.0089997838281439,41.8273672856756
done,bank_K4_i000388,GRU,128,5,256,34,1.9009957909584043,16,42,101256,cpu,1.883377484977245,1.9534761011600492,1.8816266730427744,1.907769814133644,project://predictive_profile_experiment_v2/sample_size_runs/bank_K4_i000388/gru/d128/n256/seed5/DONE.json,1.898133266637632,1.8974009907580516,1.8973057315902209,1.8972940932058144,0.0291547831953711,0.0104757209278298,-29.06708939005928
done,bank_K4_i000388,GRU,128,1,512,18,1.941878728568554,16,26,101256,cpu,1.928925074636936,1.9260338470339773,1.9105114117264748,1.8862216994166372,project://predictive_profile_experiment_v2/sample_size_runs/bank_K4_i000388/gru/d128/n512/seed1/DONE.json,1.898133266637632,1.8974009907580516,1.8973057315902209,1.8972940932058144,0.0312991339642478,-0.0110723937891767,50.88742517481359
done,bank_K4_i000388,GRU,128,2,512,21,1.888595014810562,16,29,101256,cpu,1.8938933983445168,1.910903327167034,1.920643761754036,1.8950708359479904,project://predictive_profile_experiment_v2/sample_size_runs/bank_K4_i000388/gru/d128/n512/seed2/DONE.json,1.898133266637632,1.8974009907580516,1.8973057315902209,1.8972940932058144,0.0150394517095272,-0.0022232572578237,-1.403092088990119
done,bank_K4_i000388,GRU,128,3,512,46,1.9082937762141228,16,48,101256,cpu,1.9050299897789955,1.9084816500544548,1.9179441928863523,1.8656726628541944,project://predictive_profile_experiment_v2/sample_size_runs/bank_K4_i000388/gru/d128/n512/seed3/DONE.json,1.898133266637632,1.8974009907580516,1.8973057315902209,1.8972940932058144,0.0388529692682925,-0.0316214303516195,46.90011079064463
done,bank_K4_i000388,GRU,128,4,512,19,1.8857039846479893,16,27,101256,cpu,1.9064043164253237,1.922093980014324,1.942977495491505,1.9186861217021944,project://predictive_profile_experiment_v2/sample_size_runs/bank_K4_i000388/gru/d128/n512/seed4/DONE.json,1.898133266637632,1.8974009907580516,1.8973057315902209,1.8972940932058144,0.0138974995551749,0.02139202849638,-14.635598329504065
done,bank_K4_i000388,GRU,128,5,512,23,1.9196177795529368,16,31,101256,cpu,1.9396087154746056,1.867352701723576,1.913862682878971,1.9148357287049291,project://predictive_profile_experiment_v2/sample_size_runs/bank_K4_i000388/gru/d128/n512/seed5/DONE.json,1.898133266637632,1.8974009907580516,1.8973057315902209,1.8972940932058144,0.0266392470848862,0.0175416354991151,29.52069957222752
done,bank_K4_i000388,GRU,128,1,1024,11,1.8843823075294492,16,19,101256,cpu,1.9476784765720367,1.9147598072886467,1.8984344974160197,1.8877106085419653,project://predictive_profile_experiment_v2/sample_size_runs/bank_K4_i000388/gru/d128/n1024/seed1/DONE.json,1.898133266637632,1.8974009907580516,1.8973057315902209,1.8972940932058144,0.0329273534811813,-0.0095834846638487,71.46063704638468
done,bank_K4_i000388,GRU,128,2,1024,20,1.901457104831934,16,28,101256,cpu,1.9155162200331688,1.8763389363884928,1.8961721435189247,1.8886782303452487,project://predictive_profile_experiment_v2/sample_size_runs/bank_K4_i000388/gru/d128/n1024/seed2/DONE.json,1.898133266637632,1.8974009907580516,1.8973057315902209,1.8972940932058144,0.0148898502831563,-0.008615862860565,31.98145778971692
done,bank_K4_i000388,GRU,128,3,1024,8,1.9060612469911573,16,16,101256,cpu,1.9153535068035128,1.9174624383449557,1.8506741374731064,1.9233196377754207,project://predictive_profile_experiment_v2/sample_size_runs/bank_K4_i000388/gru/d128/n1024/seed3/DONE.json,1.898133266637632,1.8974009907580516,1.8973057315902209,1.8972940932058144,0.0367156766266223,0.0260255445696069,-9.492830289748843
done,bank_K4_i000388,GRU,128,4,1024,5,1.9010886549949648,16,13,101256,cpu,1.941802114248276,1.9250239059329035,1.9481237977743149,1.9575040936470032,project://predictive_profile_experiment_v2/sample_size_runs/bank_K4_i000388/gru/d128/n1024/seed4/DONE.json,1.898133266637632,1.8974009907580516,1.8973057315902209,1.8972940932058144,0.0188662151225977,0.0602100004411889,-18.71124466455267
done,bank_K4_i000388,GRU,128,5,1024,19,1.904715280979872,16,27,101256,cpu,1.9116886854171755,1.893198259174824,1.8980092406272888,1.9461640268564224,project://predictive_profile_experiment_v2/sample_size_runs/bank_K4_i000388/gru/d128/n1024/seed5/DONE.json,1.898133266637632,1.8974009907580516,1.8973057315902209,1.8972940932058144,0.0399494280799277,0.0488699336506082,-41.08249872089536
done,bank_K4_i000388,Transformer,128,1,64,19,1.963495187461376,16,27,201224,cpu,1.9246480762958529,1.888783685863018,1.9730203822255132,2.0081541016697884,project://predictive_profile_experiment_v2/sample_size_runs/bank_K4_i000388/transformer/d128/n64/seed1/DONE.json,1.898133266637632,1.8974009907580516,1.8973057315902209,1.8972940932058144,0.0752066106568673,0.1108600084639741,-99.50985363429332
done,bank_K4_i000388,Transformer,128,2,64,20,1.9574714377522469,16,28,201224,cpu,1.9576662853360176,1.93120938539505,1.9795047119259837,1.9747973158955572,project://predictive_profile_experiment_v2/sample_size_runs/bank_K4_i000388/transformer/d128/n64/seed2/DONE.json,1.898133266637632,1.8974009907580516,1.8973057315902209,1.8972940932058144,0.0237392942708921,0.0775032226897431,-20.414171743306227
done,bank_K4_i000388,Transformer,128,3,64,15,1.946870129555464,16,23,201224,cpu,1.949219286441803,1.9991282522678373,1.941851727664471,1.954863086342812,project://predictive_profile_experiment_v2/sample_size_runs/bank_K4_i000388/transformer/d128/n64/seed3/DONE.json,1.898133266637632,1.8974009907580516,1.8973057315902209,1.8972940932058144,0.0232463979006087,0.0575689931369973,-6.725427291931667
done,bank_K4_i000388,Transformer,128,4,64,11,1.9149188622832296,16,19,201224,cpu,1.9472768232226367,1.965460553765297,1.91832634806633,1.974782578647137,project://predictive_profile_experiment_v2/sample_size_runs/bank_K4_i000388/transformer/d128/n64/seed4/DONE.json,1.898133266637632,1.8974009907580516,1.8973057315902209,1.8972940932058144,0.0319411951702264,0.0774884854413224,-32.77720001803523
done,bank_K4_i000388,Transformer,128,5,64,20,1.950958464294672,16,28,201224,cpu,1.8934289440512655,1.941928692162037,1.96696375310421,1.9411585703492165,project://predictive_profile_experiment_v2/sample_size_runs/bank_K4_i000388/transformer/d128/n64/seed5/DONE.json,1.898133266637632,1.8974009907580516,1.8973057315902209,1.8972940932058144,0.0274985231640155,0.0438644771434022,-56.8769511620302
done,bank_K4_i000388,Transformer,128,1,128,10,1.9371987581253047,16,18,201224,cpu,1.8949013948440552,2.016309604048729,1.8512213453650477,1.964571788907051,project://predictive_profile_experiment_v2/sample_size_runs/bank_K4_i000388/transformer/d128/n128/seed1/DONE.json,1.898133266637632,1.8974009907580516,1.8973057315902209,1.8972940932058144,0.0715686949338245,0.0672776957012368,-83.0226403999847
done,bank_K4_i000388,Transformer,128,2,128,19,1.903647318482399,16,27,201224,cpu,1.927436277270317,1.9550410881638527,1.9397868141531944,1.8998011648654936,project://predictive_profile_experiment_v2/sample_size_runs/bank_K4_i000388/transformer/d128/n128/seed2/DONE.json,1.898133266637632,1.8974009907580516,1.8973057315902209,1.8972940932058144,0.0365909634372486,0.0025070716596795,32.93134810640314
done,bank_K4_i000388,Transformer,128,3,128,27,1.916421115398407,16,35,201224,cpu,1.9626807048916817,1.898067563772201,1.9022522941231728,1.9096951186656952,project://predictive_profile_experiment_v2/sample_size_runs/bank_K4_i000388/transformer/d128/n128/seed3/DONE.json,1.898133266637632,1.8974009907580516,1.8973057315902209,1.8972940932058144,0.026983859800953,0.0124010254598809,63.1402094215928
done,bank_K4_i000388,Transformer,128,4,128,17,1.8649250827729704,16,25,201224,cpu,1.9594537392258644,1.9754646345973013,1.924634799361229,1.9065579771995544,project://predictive_profile_experiment_v2/sample_size_runs/bank_K4_i000388/transformer/d128/n128/seed4/DONE.json,1.898133266637632,1.8974009907580516,1.8973057315902209,1.8972940932058144,0.044072798401629,0.0092638839937402,63.03317052323066
done,bank_K4_i000388,Transformer,128,5,128,15,1.9508227966725824,16,23,201224,cpu,1.982297256588936,2.0607445687055588,2.0335266813635826,1.881550416350365,project://predictive_profile_experiment_v2/sample_size_runs/bank_K4_i000388/transformer/d128/n128/seed5/DONE.json,1.898133266637632,1.8974009907580516,1.8973057315902209,1.8972940932058144,0.1276195855522014,-0.0157436768554495,120.05484971132267
done,bank_K4_i000388,Transformer,128,1,256,16,1.959854744374752,16,24,201224,cpu,1.914487041532993,1.9685501009225843,1.9690046682953837,1.9234357178211208,project://predictive_profile_experiment_v2/sample_size_runs/bank_K4_i000388/transformer/d128/n256/seed1/DONE.json,1.898133266637632,1.8974009907580516,1.8973057315902209,1.8972940932058144,0.0323919142783216,0.026141624615307,-10.663679221526207
done,bank_K4_i000388,Transformer,128,2,256,12,1.932860802859068,16,20,201224,cpu,1.90223391354084,1.9327831864356997,1.9434866085648537,1.898822970688343,project://predictive_profile_experiment_v2/sample_size_runs/bank_K4_i000388/transformer/d128/n256/seed2/DONE.json,1.898133266637632,1.8974009907580516,1.8973057315902209,1.8972940932058144,0.0280466674019214,0.0015288774825288,4.064645904136968
done,bank_K4_i000388,Transformer,128,3,256,32,1.912742268294096,16,40,201224,cpu,1.9407295137643812,1.9074326530098915,1.9402205795049667,1.9221861734986303,project://predictive_profile_experiment_v2/sample_size_runs/bank_K4_i000388/transformer/d128/n256/seed3/DONE.json,1.898133266637632,1.8974009907580516,1.8973057315902209,1.8972940932058144,0.0146551160042355,0.0248920802928163,22.097148888033598
done,bank_K4_i000388,Transformer,128,4,256,33,1.898336574435234,16,41,201224,cpu,1.845615342259407,1.9156174436211584,1.8940723687410357,1.9021136090159416,project://predictive_profile_experiment_v2/sample_size_runs/bank_K4_i000388/transformer/d128/n256/seed4/DONE.json,1.898133266637632,1.8974009907580516,1.8973057315902209,1.8972940932058144,0.0297149323760628,0.0048195158101274,-67.3260909061159
done,bank_K4_i000388,Transformer,128,5,256,23,1.8588659428060053,16,31,201224,cpu,1.912547767162323,1.995419517159462,1.901641979813576,1.972857192158699,project://predictive_profile_experiment_v2/sample_size_runs/bank_K4_i000388/transformer/d128/n256/seed5/DONE.json,1.898133266637632,1.8974009907580516,1.8973057315902209,1.8972940932058144,0.0482614276013338,0.0755630989528848,-71.86765299011525
done,bank_K4_i000388,Transformer,128,1,512,47,1.9052783213555813,16,48,201224,cpu,1.9193184450268743,1.889032490551472,1.913409180939197,1.9388887733221052,project://predictive_profile_experiment_v2/sample_size_runs/bank_K4_i000388/transformer/d128/n512/seed1/DONE.json,1.898133266637632,1.8974009907580516,1.8973057315902209,1.8972940932058144,0.0298440529869627,0.0415946801162911,-23.320957925047367
done,bank_K4_i000388,Transformer,128,2,512,22,1.897170312702656,16,30,201224,cpu,1.9407985508441925,1.9026119858026505,1.910007819533348,1.9378350600600245,project://predictive_profile_experiment_v2/sample_size_runs/bank_K4_i000388/transformer/d128/n512/seed2/DONE.json,1.898133266637632,1.8974009907580516,1.8973057315902209,1.8972940932058144,0.0225151216480575,0.04054096685421,3.5314401907961424
done,bank_K4_i000388,Transformer,128,3,512,15,1.9036549665033815,16,23,201224,cpu,1.890282951295376,1.883182056248188,1.91216553747654,1.896434545516968,project://predictive_profile_experiment_v2/sample_size_runs/bank_K4_i000388/transformer/d128/n512/seed3/DONE.json,1.898133266637632,1.8974009907580516,1.8973057315902209,1.8972940932058144,0.0108908462187125,-0.0008595476888464,-7.330539776824832
done,bank_K4_i000388,Transformer,128,4,512,19,1.906902484595776,16,27,201224,cpu,1.9171700179576876,1.8711931928992271,1.9166717529296875,1.9494608491659164,project://predictive_profile_experiment_v2/sample_size_runs/bank_K4_i000388/transformer/d128/n512/seed4/DONE.json,1.898133266637632,1.8974009907580516,1.8973057315902209,1.8972940932058144,0.0455962062166871,0.0521667559601022,-38.47932975940059
done,bank_K4_i000388,Transformer,128,5,512,20,1.9259688593447208,16,28,201224,cpu,1.931832641363144,1.9254861548542976,1.9233598560094836,1.930555708706379,project://predictive_profile_experiment_v2/sample_size_runs/bank_K4_i000388/transformer/d128/n512/seed5/DONE.json,1.898133266637632,1.8974009907580516,1.8973057315902209,1.8972940932058144,0.0044422744728164,0.0332616155005647,1.5216552483073125
done,bank_K4_i000388,Transformer,128,1,1024,17,1.8882321864366527,16,25,201224,cpu,1.9393948912620544,1.9027835130691528,1.9081300869584084,1.94857294857502,project://predictive_profile_experiment_v2/sample_size_runs/bank_K4_i000388/transformer/d128/n1024/seed1/DONE.json,1.898133266637632,1.8974009907580516,1.8973057315902209,1.8972940932058144,0.0309975195390978,0.0512788553692056,-10.937020840958471
done,bank_K4_i000388,Transformer,128,2,1024,17,1.913683857768774,16,25,201224,cpu,1.9116574600338936,1.9213137701153755,1.9387389793992045,1.930165141820908,project://predictive_profile_experiment_v2/sample_size_runs/bank_K4_i000388/transformer/d128/n1024/seed2/DONE.json,1.898133266637632,1.8974009907580516,1.8973057315902209,1.8972940932058144,0.0114876308478834,0.0328710486150933,-22.05465650519009
done,bank_K4_i000388,Transformer,128,3,1024,10,1.9028359949588776,16,18,201224,cpu,1.91146307438612,1.8992747217416763,1.927952751517296,1.929633043706417,project://predictive_profile_experiment_v2/sample_size_runs/bank_K4_i000388/transformer/d128/n1024/seed3/DONE.json,1.898133266637632,1.8974009907580516,1.8973057315902209,1.8972940932058144,0.0179745635374934,0.0323389505006028,-21.652221854720537
done,bank_K4_i000388,Transformer,128,4,1024,22,1.8996632806956768,16,30,201224,cpu,1.896666958928108,1.903209328651428,1.9343196675181389,1.9072736203670504,project://predictive_profile_experiment_v2/sample_size_runs/bank_K4_i000388/transformer/d128/n1024/seed4/DONE.json,1.898133266637632,1.8974009907580516,1.8973057315902209,1.8972940932058144,0.014826203266186,0.0099795271612359,-12.639415211193304
done,bank_K4_i000388,Transformer,128,5,1024,17,1.909425612539053,16,25,201224,cpu,1.9063497260212896,1.9211470410227776,1.8878074884414675,1.8714611306786535,project://predictive_profile_experiment_v2/sample_size_runs/bank_K4_i000388/transformer/d128/n1024/seed5/DONE.json,1.898133266637632,1.8974009907580516,1.8973057315902209,1.8972940932058144,0.0311619347082715,-0.0258329625271604,41.57495223255385
done,bank_K4_i000342,GRU,128,1,64,23,1.4410773403942585,16,31,101256,cpu,1.4572945684194565,1.4752951338887217,1.4321013987064362,1.4439072012901306,project://predictive_profile_experiment_v2/sample_size_runs/bank_K4_i000342/gru/d128/n64/seed1/DONE.json,1.4416146853783782,1.4405934671741103,1.4405590475688133,1.4405577820695386,0.017849444092677,0.003349419220592,12.666595910295
done,bank_K4_i000342,GRU,128,2,64,26,1.4614580310881138,16,34,101256,cpu,1.4916249588131905,1.4090460389852524,1.4132767915725708,1.534184604883194,project://predictive_profile_experiment_v2/sample_size_runs/bank_K4_i000342/gru/d128/n64/seed2/DONE.json,1.4416146853783782,1.4405934671741103,1.4405590475688133,1.4405577820695386,0.0897078617407852,0.0936268228136554,-40.26824943591841
done,bank_K4_i000342,GRU,128,3,64,15,1.439038269221783,16,23,101256,cpu,1.5090877339243889,1.462341606616974,1.505335912108421,1.5149751380085943,project://predictive_profile_experiment_v2/sample_size_runs/bank_K4_i000342/gru/d128/n64/seed3/DONE.json,1.4416146853783782,1.4405934671741103,1.4405590475688133,1.4405577820695386,0.0269963370011318,0.0744173559390559,-5.570428283235427
done,bank_K4_i000342,GRU,128,4,64,12,1.518751084804535,16,20,101256,cpu,1.4709340259432793,1.495883226394653,1.5208230391144753,1.5022216066718102,project://predictive_profile_experiment_v2/sample_size_runs/bank_K4_i000342/gru/d128/n64/seed4/DONE.json,1.4416146853783782,1.4405934671741103,1.4405590475688133,1.4405577820695386,0.0189259119163137,0.0616638246022716,-29.603068196351938
done,bank_K4_i000342,GRU,128,5,64,33,1.4462439119815826,16,41,101256,cpu,1.4865910559892654,1.4283752217888832,1.4844520762562752,1.4981833323836329,project://predictive_profile_experiment_v2/sample_size_runs/bank_K4_i000342/gru/d128/n64/seed5/DONE.json,1.4416146853783782,1.4405934671741103,1.4405590475688133,1.4405577820695386,0.0361480970974906,0.0576255503140941,-10.968152240051031
done,bank_K4_i000342,GRU,128,1,128,26,1.4313111752271652,16,34,101256,cpu,1.437066063284874,1.49478530138731,1.4690535962581637,1.480274111032486,project://predictive_profile_experiment_v2/sample_size_runs/bank_K4_i000342/gru/d128/n128/seed1/DONE.json,1.4416146853783782,1.4405934671741103,1.4405590475688133,1.4405577820695386,0.023952319808262,0.0397163289629474,-40.88174139131814
done,bank_K4_i000342,GRU,128,2,128,19,1.4681586176156998,16,27,101256,cpu,1.478394441306591,1.4899297058582306,1.4158125072717669,1.4767774641513824,project://predictive_profile_experiment_v2/sample_size_runs/bank_K4_i000342/gru/d128/n128/seed2/DONE.json,1.4416146853783782,1.4405934671741103,1.4405590475688133,1.4405577820695386,0.0311818777937058,0.0362196820818438,1.5299196640644386
done,bank_K4_i000342,GRU,128,3,128,15,1.4725583009421823,16,23,101256,cpu,1.4979157745838163,1.4760850369930267,1.452107071876526,1.40910916775465,project://predictive_profile_experiment_v2/sample_size_runs/bank_K4_i000342/gru/d128/n128/seed3/DONE.json,1.4416146853783782,1.4405934671741103,1.4405590475688133,1.4405577820695386,0.0592235376615908,-0.0314486143148884,84.02528981261601
done,bank_K4_i000342,GRU,128,4,128,18,1.4884862937033176,16,26,101256,cpu,1.480275683104992,1.4668832421302795,1.4161299988627434,1.4765943065285685,project://predictive_profile_experiment_v2/sample_size_runs/bank_K4_i000342/gru/d128/n128/seed4/DONE.json,1.4416146853783782,1.4405934671741103,1.4405590475688133,1.4405577820695386,0.0306511521968905,0.0360365244590297,3.483172533980673
done,bank_K4_i000342,GRU,128,5,128,12,1.4584872238337994,16,20,101256,cpu,1.447174534201622,1.4844666197896004,1.3936783000826836,1.439593717455864,project://predictive_profile_experiment_v2/sample_size_runs/bank_K4_i000342/gru/d128/n128/seed5/DONE.json,1.4416146853783782,1.4405934671741103,1.4405590475688133,1.4405577820695386,0.0322539891385442,-0.0009640646136745,7.172668192401337
done,bank_K4_i000342,GRU,128,1,256,7,1.4443410895764828,16,15,101256,cpu,1.51023717969656,1.452285535633564,1.465469241142273,1.493048645555973,project://predictive_profile_experiment_v2/sample_size_runs/bank_K4_i000342/gru/d128/n256/seed1/DONE.json,1.4416146853783782,1.4405934671741103,1.4405590475688133,1.4405577820695386,0.0259107339812761,0.0524908634864345,16.26310940350576
done,bank_K4_i000342,GRU,128,2,256,11,1.4077914990484717,16,19,101256,cpu,1.5147882029414177,1.4645912125706673,1.5038531348109243,1.3857096284627914,project://predictive_profile_experiment_v2/sample_size_runs/bank_K4_i000342/gru/d128/n256/seed2/DONE.json,1.4416146853783782,1.4405934671741103,1.4405590475688133,1.4405577820695386,0.095608332732474,-0.0548481536067471,122.12902864343924
done,bank_K4_i000342,GRU,128,3,256,10,1.4640338867902756,16,18,101256,cpu,1.492503896355629,1.4854996800422668,1.5050667077302933,1.440439574420452,project://predictive_profile_experiment_v2/sample_size_runs/bank_K4_i000342/gru/d128/n256/seed3/DONE.json,1.4416146853783782,1.4405934671741103,1.4405590475688133,1.4405577820695386,0.0469187009307183,-0.0001182076490864,49.26119683770874
done,bank_K4_i000342,GRU,128,4,256,9,1.481284011155367,16,17,101256,cpu,1.459652841091156,1.46978297829628,1.4791903495788574,1.466930627822876,project://predictive_profile_experiment_v2/sample_size_runs/bank_K4_i000342/gru/d128/n256/seed4/DONE.json,1.4416146853783782,1.4405934671741103,1.4405590475688133,1.4405577820695386,0.0075443755816796,0.0263728457533374,-6.8859532095797125
done,bank_K4_i000342,GRU,128,5,256,10,1.4689964093267918,16,18,101256,cpu,1.3975811749696732,1.487890675663948,1.4878443330526352,1.470220610499382,project://predictive_profile_experiment_v2/sample_size_runs/bank_K4_i000342/gru/d128/n256/seed5/DONE.json,1.4416146853783782,1.4405934671741103,1.4405590475688133,1.4405577820695386,0.0388994624349932,0.0296628284298434,-68.7285534278972
done,bank_K4_i000342,GRU,128,1,512,7,1.466898277401924,16,15,101256,cpu,1.445195622742176,1.4054989740252497,1.4733622074127195,1.5149129927158356,project://predictive_profile_experiment_v2/sample_size_runs/bank_K4_i000342/gru/d128/n512/seed1/DONE.json,1.4416146853783782,1.4405934671741103,1.4405590475688133,1.4405577820695386,0.0684010386350202,0.074355210646297,-65.96381087140227
done,bank_K4_i000342,GRU,128,2,512,17,1.4388141594827175,16,25,101256,cpu,1.4578754976391792,1.4517044126987455,1.4880946278572085,1.5002934336662292,project://predictive_profile_experiment_v2/sample_size_runs/bank_K4_i000342/gru/d128/n512/seed2/DONE.json,1.4416146853783782,1.4405934671741103,1.4405590475688133,1.4405577820695386,0.0331785526952378,0.0597356515966907,-40.13416901269686
done,bank_K4_i000342,GRU,128,3,512,13,1.4764844104647636,16,21,101256,cpu,1.4747579768300056,1.4499442279338837,1.4328821897506714,1.4343045502901075,project://predictive_profile_experiment_v2/sample_size_runs/bank_K4_i000342/gru/d128/n512/seed3/DONE.json,1.4416146853783782,1.4405934671741103,1.4405590475688133,1.4405577820695386,0.0211990408801727,-0.0062532317794308,38.27542803731961
done,bank_K4_i000342,GRU,128,4,512,17,1.4463649727404118,16,25,101256,cpu,1.4741130024194715,1.5022316500544548,1.4738730639219284,1.4853144735097883,project://predictive_profile_experiment_v2/sample_size_runs/bank_K4_i000342/gru/d128/n512/seed4/DONE.json,1.4416146853783782,1.4405934671741103,1.4405590475688133,1.4405577820695386,0.0118973453898507,0.0447566914402499,-10.598387758492644
done,bank_K4_i000342,GRU,128,5,512,11,1.490733865648508,16,19,101256,cpu,1.4379556700587273,1.3813710808753967,1.4676100835204124,1.46777905523777,project://predictive_profile_experiment_v2/sample_size_runs/bank_K4_i000342/gru/d128/n512/seed5/DONE.json,1.4416146853783782,1.4405934671741103,1.4405590475688133,1.4405577820695386,0.0458969701065384,0.0272212731682315,-28.21770442916349
done,bank_K4_i000342,GRU,128,1,1024,5,1.421934299170971,16,13,101256,cpu,1.4344269409775734,1.448723390698433,1.3996266573667526,1.4078358188271525,project://predictive_profile_experiment_v2/sample_size_runs/bank_K4_i000342/gru/d128/n1024/seed1/DONE.json,1.4416146853783782,1.4405934671741103,1.4405590475688133,1.4405577820695386,0.024435036807369,-0.0327219632423863,25.15946532480282
done,bank_K4_i000342,GRU,128,2,1024,6,1.4337549656629562,16,14,101256,cpu,1.4031808599829674,1.4698831737041471,1.5245195850729942,1.4748492538928986,project://predictive_profile_experiment_v2/sample_size_runs/bank_K4_i000342/gru/d128/n1024/seed2/DONE.json,1.4416146853783782,1.4405934671741103,1.4405590475688133,1.4405577820695386,0.0441049957408844,0.03429147182336,-67.80979235329734
done,bank_K4_i000342,GRU,128,3,1024,5,1.4226745516061785,16,13,101256,cpu,1.470929577946663,1.4753959998488426,1.4767779782414436,1.508026584982872,project://predictive_profile_experiment_v2/sample_size_runs/bank_K4_i000342/gru/d128/n1024/seed3/DONE.json,1.4416146853783782,1.4405934671741103,1.4405590475688133,1.4405577820695386,0.0295776968380721,0.0674688029133334,-35.09971699959594
done,bank_K4_i000342,GRU,128,4,1024,15,1.43857429549098,16,23,101256,cpu,1.454101100564003,1.45439725369215,1.4670947268605232,1.4420185014605522,project://predictive_profile_experiment_v2/sample_size_runs/bank_K4_i000342/gru/d128/n1024/seed4/DONE.json,1.4416146853783782,1.4405934671741103,1.4405590475688133,1.4405577820695386,0.0150222409103893,0.0014607193910136,11.43207614395276
done,bank_K4_i000342,GRU,128,5,1024,9,1.4435169212520125,16,17,101256,cpu,1.46160576492548,1.4583885744214058,1.439278408885002,1.449622668325901,project://predictive_profile_experiment_v2/sample_size_runs/bank_K4_i000342/gru/d128/n1024/seed5/DONE.json,1.4416146853783782,1.4405934671741103,1.4405590475688133,1.4405577820695386,0.0086981081946719,0.0090648862563624,11.337930820497244
done,bank_K4_i000342,Transformer,128,1,64,4,1.5453443713486197,16,12,201224,cpu,1.5113956332206726,1.529465176165104,1.5439810827374458,1.543227531015873,project://predictive_profile_experiment_v2/sample_size_runs/bank_K4_i000342/transformer/d128/n64/seed1/DONE.json,1.4416146853783782,1.4405934671741103,1.4405590475688133,1.4405577820695386,0.0178369355497976,0.1026697489463344,-30.11807942028977
done,bank_K4_i000342,Transformer,128,2,64,22,1.441208478063345,16,30,201224,cpu,1.50156931579113,1.4946351200342178,1.4791031628847122,1.5041693449020386,project://predictive_profile_experiment_v2/sample_size_runs/bank_K4_i000342/transformer/d128/n64/seed2/DONE.json,1.4416146853783782,1.4405934671741103,1.4405590475688133,1.4405577820695386,0.0135400632993336,0.0636115628325,-2.4600444422517342
done,bank_K4_i000342,Transformer,128,3,64,10,1.4732205793261528,16,18,201224,cpu,1.4593295529484749,1.5192716643214226,1.4087335467338562,1.4895757585763931,project://predictive_profile_experiment_v2/sample_size_runs/bank_K4_i000342/transformer/d128/n64/seed3/DONE.json,1.4416146853783782,1.4405934671741103,1.4405590475688133,1.4405577820695386,0.0458128834124833,0.0490179765068545,-28.6177603712152
done,bank_K4_i000342,Transformer,128,4,64,18,1.4605623297393322,16,26,201224,cpu,1.4731785953044891,1.4457886889576912,1.501772552728653,1.504601038992405,project://predictive_profile_experiment_v2/sample_size_runs/bank_K4_i000342/transformer/d128/n64/seed4/DONE.json,1.4416146853783782,1.4405934671741103,1.4405590475688133,1.4405577820695386,0.0336378013406442,0.0640432569228663,-29.730670180617636
done,bank_K4_i000342,Transformer,128,5,64,17,1.4665002785623074,16,25,201224,cpu,1.4914538264274595,1.45161934196949,1.5259368494153025,1.4342056289315224,project://predictive_profile_experiment_v2/sample_size_runs/bank_K4_i000342/transformer/d128/n64/seed5/DONE.json,1.4416146853783782,1.4405934671741103,1.4405590475688133,1.4405577820695386,0.0544835801841577,-0.0063521531380161,54.16597433003359
done,bank_K4_i000342,Transformer,128,1,128,9,1.5006735287606716,16,17,201224,cpu,1.5184217244386673,1.4668918177485466,1.464112974703312,1.5084617212414742,project://predictive_profile_experiment_v2/sample_size_runs/bank_K4_i000342/transformer/d128/n128/seed1/DONE.json,1.4416146853783782,1.4405934671741103,1.4405590475688133,1.4405577820695386,0.0307295206515134,0.0679039391719356,9.423760067633603
done,bank_K4_i000342,Transformer,128,2,128,10,1.4475393928587437,16,18,201224,cpu,1.4645787179470062,1.4684575349092484,1.4559908732771871,1.4716673120856285,project://predictive_profile_experiment_v2/sample_size_runs/bank_K4_i000342/transformer/d128/n128/seed2/DONE.json,1.4416146853783782,1.4405934671741103,1.4405590475688133,1.4405577820695386,0.0089815445003053,0.0311095300160899,-6.706946680301842
done,bank_K4_i000342,Transformer,128,3,128,6,1.440344251692295,16,14,201224,cpu,1.568908542394638,1.486154593527317,1.4481861144304276,1.4417175129055977,project://predictive_profile_experiment_v2/sample_size_runs/bank_K4_i000342/transformer/d128/n128/seed3/DONE.json,1.4416146853783782,1.4405934671741103,1.4405590475688133,1.4405577820695386,0.066938643821003,0.0011597308360591,120.34310842368129
done,bank_K4_i000342,Transformer,128,4,128,18,1.4510104656219482,16,26,201224,cpu,1.4517634212970734,1.4775318503379822,1.484150417149067,1.4987368881702423,project://predictive_profile_experiment_v2/sample_size_runs/bank_K4_i000342/transformer/d128/n128/seed4/DONE.json,1.4416146853783782,1.4405934671741103,1.4405590475688133,1.4405577820695386,0.0272529210704564,0.0581791061007037,-44.44443165263526
done,bank_K4_i000342,Transformer,128,5,128,12,1.4541151598095894,16,20,201224,cpu,1.4824904277920723,1.4993554130196571,1.5207966342568398,1.5124763697385788,project://predictive_profile_experiment_v2/sample_size_runs/bank_K4_i000342/transformer/d128/n128/seed5/DONE.json,1.4416146853783782,1.4405934671741103,1.4405590475688133,1.4405577820695386,0.0173634761086091,0.0719185876690402,-28.37150919645308
done,bank_K4_i000342,Transformer,128,1,256,6,1.4498367868363855,16,14,201224,cpu,1.4589141830801964,1.552106224000454,1.4801358804106712,1.4641489535570145,project://predictive_profile_experiment_v2/sample_size_runs/bank_K4_i000342/transformer/d128/n256/seed1/DONE.json,1.4416146853783782,1.4405934671741103,1.4405590475688133,1.4405577820695386,0.0447921078329149,0.0235911714874759,-4.95293224369323
done,bank_K4_i000342,Transformer,128,2,256,26,1.4231117069721222,16,34,201224,cpu,1.5052314177155497,1.4550887271761894,1.4595680385828018,1.4729883298277855,project://predictive_profile_experiment_v2/sample_size_runs/bank_K4_i000342/transformer/d128/n256/seed2/DONE.json,1.4416146853783782,1.4405934671741103,1.4405590475688133,1.4405577820695386,0.0191988986723628,0.0324305477582469,30.507131180393596
done,bank_K4_i000342,Transformer,128,3,256,20,1.4444583989679811,16,28,201224,cpu,1.4809597432613373,1.4577349945902824,1.4237802401185036,1.460167981684208,project://predictive_profile_experiment_v2/sample_size_runs/bank_K4_i000342/transformer/d128/n256/seed3/DONE.json,1.4416146853783782,1.4405934671741103,1.4405590475688133,1.4405577820695386,0.0207347462515713,0.0196101996146693,19.672340320285016
done,bank_K4_i000342,Transformer,128,4,256,23,1.4781792722642422,16,31,201224,cpu,1.4067594334483149,1.5153277665376663,1.486762672662735,1.4314990937709808,project://predictive_profile_experiment_v2/sample_size_runs/bank_K4_i000342/transformer/d128/n256/seed4/DONE.json,1.4416146853783782,1.4405934671741103,1.4405590475688133,1.4405577820695386,0.0518185554556137,-0.0090586882985577,-23.407685561914565
done,bank_K4_i000342,Transformer,128,5,256,29,1.443113014101982,16,37,201224,cpu,1.4470942616462708,1.4387810751795769,1.5124150440096855,1.463921956717968,project://predictive_profile_experiment_v2/sample_size_runs/bank_K4_i000342/transformer/d128/n256/seed5/DONE.json,1.4416146853783782,1.4405934671741103,1.4405590475688133,1.4405577820695386,0.0287453263501681,0.0233641746484294,-15.921697785364676
done,bank_K4_i000342,Transformer,128,1,512,17,1.4472711868584156,16,25,201224,cpu,1.4385976120829582,1.4945133104920387,1.4168057665228844,1.4784664660692215,project://predictive_profile_experiment_v2/sample_size_runs/bank_K4_i000342/transformer/d128/n512/seed1/DONE.json,1.4416146853783782,1.4405934671741103,1.4405590475688133,1.4405577820695386,0.0378598493333576,0.0379086839996829,-37.72232866792088
done,bank_K4_i000342,Transformer,128,2,512,18,1.4515078663825989,16,26,201224,cpu,1.4808607921004295,1.4520803019404411,1.478965163230896,1.4063381552696228,project://predictive_profile_experiment_v2/sample_size_runs/bank_K4_i000342/transformer/d128/n512/seed2/DONE.json,1.4416146853783782,1.4405934671741103,1.4405590475688133,1.4405577820695386,0.0564818402209594,-0.0342196267999157,70.510363821854
done,bank_K4_i000342,Transformer,128,3,512,4,1.470656543970108,16,12,201224,cpu,1.5155167430639267,1.4067842811346054,1.4908342882990837,1.4570549130439758,project://predictive_profile_experiment_v2/sample_size_runs/bank_K4_i000342/transformer/d128/n512/seed3/DONE.json,1.4416146853783782,1.4405934671741103,1.4405590475688133,1.4405577820695386,0.0417343139421639,0.0164971309744372,55.31426529843439
done,bank_K4_i000342,Transformer,128,4,512,14,1.4472812674939632,16,22,201224,cpu,1.4361152723431587,1.451370432972908,1.395508050918579,1.4395658373832705,project://predictive_profile_experiment_v2/sample_size_runs/bank_K4_i000342/transformer/d128/n512/seed4/DONE.json,1.4416146853783782,1.4405934671741103,1.4405590475688133,1.4405577820695386,0.022913012595934,-0.0009919446862682,-3.2647878110058715
done,bank_K4_i000342,Transformer,128,5,512,9,1.4647171460092068,16,17,201224,cpu,1.5411210730671885,1.4191972687840462,1.4852801486849785,1.4273486509919169,project://predictive_profile_experiment_v2/sample_size_runs/bank_K4_i000342/transformer/d128/n512/seed5/DONE.json,1.4416146853783782,1.4405934671741103,1.4405590475688133,1.4405577820695386,0.0634974961002211,-0.0132091310776218,107.64695419505988
done,bank_K4_i000342,Transformer,128,1,1024,3,1.4381254576146605,16,12,201224,cpu,1.3800881132483482,1.5423258990049362,1.4658280164003372,1.4757953584194183,project://predictive_profile_experiment_v2/sample_size_runs/bank_K4_i000342/transformer/d128/n1024/seed1/DONE.json,1.4416146853783782,1.4405934671741103,1.4405590475688133,1.4405577820695386,0.0589157011592176,0.0352375763498797,-90.5544001713295
done,bank_K4_i000342,Transformer,128,2,1024,12,1.4680578298866749,16,20,201224,cpu,1.487953007221222,1.4472671374678612,1.46213711053133,1.4158951118588448,project://predictive_profile_experiment_v2/sample_size_runs/bank_K4_i000342/transformer/d128/n1024/seed2/DONE.json,1.4416146853783782,1.4405934671741103,1.4405590475688133,1.4405577820695386,0.0451699914578059,-0.0246626702106937,68.17832318217098
done,bank_K4_i000342,Transformer,128,3,1024,23,1.4148348309099674,16,31,201224,cpu,1.5031171441078186,1.477416768670082,1.408017337322235,1.4607795923948288,project://predictive_profile_experiment_v2/sample_size_runs/bank_K4_i000342/transformer/d128/n1024/seed3/DONE.json,1.4416146853783782,1.4405934671741103,1.4405590475688133,1.4405577820695386,0.0345097469742073,0.0202218103252902,40.0581125623216
done,bank_K4_i000342,Transformer,128,4,1024,8,1.4222393967211246,16,16,201224,cpu,1.4756257981061935,1.4679535329341888,1.4443011060357094,1.4498334601521492,project://predictive_profile_experiment_v2/sample_size_runs/bank_K4_i000342/transformer/d128/n1024/seed4/DONE.json,1.4416146853783782,1.4405934671741103,1.4405590475688133,1.4405577820695386,0.0155684597087152,0.0092756780826106,24.403687393467028
done,bank_K4_i000342,Transformer,128,5,1024,23,1.4276222996413708,16,31,201224,cpu,1.5243961960077286,1.4492037668824196,1.4502616673707962,1.449336864054203,project://predictive_profile_experiment_v2/sample_size_runs/bank_K4_i000342/transformer/d128/n1024/seed5/DONE.json,1.4416146853783782,1.4405934671741103,1.4405590475688133,1.4405577820695386,0.0370041918398059,0.0087790819846644,71.01816346466903
