source,pair_id,contrast,K,hmm_low,hmm_high,n_train,method,alpha,beta,outcome,value_low,value_high,effect_high_minus_low
count_predictor,occupancy_K3_p01,occupancy_contrast,3,confirm_K3_i000079,confirm_K3_i000322,64,additive,0.1,,shape_rmse,0.1811758517212367,0.306117879673338,0.1249420279521012
count_predictor,occupancy_K3_p01,occupancy_contrast,3,confirm_K3_i000079,confirm_K3_i000322,64,additive,0.1,,excess_ce_H,0.2378568145499795,0.3820630948552186,0.1442062803052391
count_predictor,occupancy_K3_p01,occupancy_contrast,3,confirm_K3_i000079,confirm_K3_i000322,64,interpolated_backoff,0.1,1.0,shape_rmse,0.1179434043702879,0.1948168568098652,0.0768734524395773
count_predictor,occupancy_K3_p01,occupancy_contrast,3,confirm_K3_i000079,confirm_K3_i000322,64,interpolated_backoff,0.1,1.0,excess_ce_H,0.1596047792280712,0.2464853920726744,0.0868806128446031
count_predictor,occupancy_K3_p01,occupancy_contrast,3,confirm_K3_i000079,confirm_K3_i000322,64,interpolated_backoff,0.1,5.0,shape_rmse,0.0684925016063054,0.0966082630176254,0.0281157614113199
count_predictor,occupancy_K3_p01,occupancy_contrast,3,confirm_K3_i000079,confirm_K3_i000322,64,interpolated_backoff,0.1,5.0,excess_ce_H,0.0964749682800132,0.1237538594944831,0.0272788912144699
count_predictor,occupancy_K3_p01,occupancy_contrast,3,confirm_K3_i000079,confirm_K3_i000322,64,interpolated_backoff,0.1,20.0,shape_rmse,0.0329250449173672,0.0362891434082642,0.003364098490897
count_predictor,occupancy_K3_p01,occupancy_contrast,3,confirm_K3_i000079,confirm_K3_i000322,64,interpolated_backoff,0.1,20.0,excess_ce_H,0.0496154789009111,0.0454764006579744,-0.0041390782429367
count_predictor,occupancy_K3_p01,occupancy_contrast,3,confirm_K3_i000079,confirm_K3_i000322,64,additive,0.5,,shape_rmse,0.1028075487298524,0.1242013134626858,0.0213937647328334
count_predictor,occupancy_K3_p01,occupancy_contrast,3,confirm_K3_i000079,confirm_K3_i000322,64,additive,0.5,,excess_ce_H,0.1382914121607779,0.1573594632617332,0.0190680511009553
count_predictor,occupancy_K3_p01,occupancy_contrast,3,confirm_K3_i000079,confirm_K3_i000322,64,interpolated_backoff,0.5,1.0,shape_rmse,0.0734564360295481,0.0907506934035942,0.017294257374046
count_predictor,occupancy_K3_p01,occupancy_contrast,3,confirm_K3_i000079,confirm_K3_i000322,64,interpolated_backoff,0.5,1.0,excess_ce_H,0.1022047317307692,0.116329749849801,0.0141250181190318
count_predictor,occupancy_K3_p01,occupancy_contrast,3,confirm_K3_i000079,confirm_K3_i000322,64,interpolated_backoff,0.5,5.0,shape_rmse,0.0476379336731322,0.0539912340620567,0.0063533003889244
count_predictor,occupancy_K3_p01,occupancy_contrast,3,confirm_K3_i000079,confirm_K3_i000322,64,interpolated_backoff,0.5,5.0,excess_ce_H,0.0692070304822736,0.0694849178395538,0.0002778873572801
count_predictor,occupancy_K3_p01,occupancy_contrast,3,confirm_K3_i000079,confirm_K3_i000322,64,interpolated_backoff,0.5,20.0,shape_rmse,0.0253623985479372,0.0244958994445461,-0.0008664991033911
count_predictor,occupancy_K3_p01,occupancy_contrast,3,confirm_K3_i000079,confirm_K3_i000322,64,interpolated_backoff,0.5,20.0,excess_ce_H,0.039647740310887,0.0300303726537349,-0.009617367657152
count_predictor,occupancy_K3_p01,occupancy_contrast,3,confirm_K3_i000079,confirm_K3_i000322,64,additive,1.0,,shape_rmse,0.0969200506105167,0.0925914272020793,-0.0043286234084373
count_predictor,occupancy_K3_p01,occupancy_contrast,3,confirm_K3_i000079,confirm_K3_i000322,64,additive,1.0,,excess_ce_H,0.1305601161241405,0.1169366071369675,-0.013623508987173
count_predictor,occupancy_K3_p01,occupancy_contrast,3,confirm_K3_i000079,confirm_K3_i000322,64,interpolated_backoff,1.0,1.0,shape_rmse,0.0717486152273294,0.069042863352039,-0.0027057518752903
count_predictor,occupancy_K3_p01,occupancy_contrast,3,confirm_K3_i000079,confirm_K3_i000322,64,interpolated_backoff,1.0,1.0,excess_ce_H,0.0996309492481748,0.0880709797447629,-0.0115599695034118
count_predictor,occupancy_K3_p01,occupancy_contrast,3,confirm_K3_i000079,confirm_K3_i000322,64,interpolated_backoff,1.0,5.0,shape_rmse,0.0479093639227415,0.043179954843128,-0.0047294090796135
count_predictor,occupancy_K3_p01,occupancy_contrast,3,confirm_K3_i000079,confirm_K3_i000322,64,interpolated_backoff,1.0,5.0,excess_ce_H,0.0692551347512853,0.0550303078661322,-0.014224826885153
count_predictor,occupancy_K3_p01,occupancy_contrast,3,confirm_K3_i000079,confirm_K3_i000322,64,interpolated_backoff,1.0,20.0,shape_rmse,0.0257812760761613,0.0208730748531833,-0.0049082012229779
count_predictor,occupancy_K3_p01,occupancy_contrast,3,confirm_K3_i000079,confirm_K3_i000322,64,interpolated_backoff,1.0,20.0,excess_ce_H,0.0400806035855809,0.0250140512947898,-0.0150665522907911
count_predictor,occupancy_K3_p01,occupancy_contrast,3,confirm_K3_i000079,confirm_K3_i000322,128,additive,0.1,,shape_rmse,0.1321875022494619,0.2430517189291226,0.1108642166796607
count_predictor,occupancy_K3_p01,occupancy_contrast,3,confirm_K3_i000079,confirm_K3_i000322,128,additive,0.1,,excess_ce_H,0.1697107548960583,0.2909507070788153,0.121239952182757
count_predictor,occupancy_K3_p01,occupancy_contrast,3,confirm_K3_i000079,confirm_K3_i000322,128,interpolated_backoff,0.1,1.0,shape_rmse,0.0899027022545949,0.1636454335117506,0.0737427312571556
count_predictor,occupancy_K3_p01,occupancy_contrast,3,confirm_K3_i000079,confirm_K3_i000322,128,interpolated_backoff,0.1,1.0,excess_ce_H,0.1184261032344342,0.1966865749277901,0.0782604716933559
count_predictor,occupancy_K3_p01,occupancy_contrast,3,confirm_K3_i000079,confirm_K3_i000322,128,interpolated_backoff,0.1,5.0,shape_rmse,0.0551471130160675,0.0873488714899304,0.0322017584738629
count_predictor,occupancy_K3_p01,occupancy_contrast,3,confirm_K3_i000079,confirm_K3_i000322,128,interpolated_backoff,0.1,5.0,excess_ce_H,0.0752444916759558,0.1045099379819862,0.0292654463060303
count_predictor,occupancy_K3_p01,occupancy_contrast,3,confirm_K3_i000079,confirm_K3_i000322,128,interpolated_backoff,0.1,20.0,shape_rmse,0.02846795255005,0.036229077435921,0.0077611248858709
count_predictor,occupancy_K3_p01,occupancy_contrast,3,confirm_K3_i000079,confirm_K3_i000322,128,interpolated_backoff,0.1,20.0,excess_ce_H,0.0411622400648383,0.040792541268289,-0.0003696987965493
count_predictor,occupancy_K3_p01,occupancy_contrast,3,confirm_K3_i000079,confirm_K3_i000322,128,additive,0.5,,shape_rmse,0.0759541254077672,0.1059741928995855,0.0300200674918182
count_predictor,occupancy_K3_p01,occupancy_contrast,3,confirm_K3_i000079,confirm_K3_i000322,128,additive,0.5,,excess_ce_H,0.1000040361723473,0.1266749426648414,0.026670906492494
count_predictor,occupancy_K3_p01,occupancy_contrast,3,confirm_K3_i000079,confirm_K3_i000322,128,interpolated_backoff,0.5,1.0,shape_rmse,0.0571193373661214,0.0827108109642411,0.0255914735981196
count_predictor,occupancy_K3_p01,occupancy_contrast,3,confirm_K3_i000079,confirm_K3_i000322,128,interpolated_backoff,0.5,1.0,excess_ce_H,0.0772178477752481,0.0988250276357751,0.021607179860527
count_predictor,occupancy_K3_p01,occupancy_contrast,3,confirm_K3_i000079,confirm_K3_i000322,128,interpolated_backoff,0.5,5.0,shape_rmse,0.0390250811042294,0.0528076390827008,0.0137825579784714
count_predictor,occupancy_K3_p01,occupancy_contrast,3,confirm_K3_i000079,confirm_K3_i000322,128,interpolated_backoff,0.5,5.0,excess_ce_H,0.0547091829183272,0.0621032616343664,0.0073940787160391
count_predictor,occupancy_K3_p01,occupancy_contrast,3,confirm_K3_i000079,confirm_K3_i000322,128,interpolated_backoff,0.5,20.0,shape_rmse,0.0222614424235852,0.0260124130928274,0.0037509706692421
count_predictor,occupancy_K3_p01,occupancy_contrast,3,confirm_K3_i000079,confirm_K3_i000322,128,interpolated_backoff,0.5,20.0,excess_ce_H,0.0331684238100189,0.0279190300501435,-0.0052493937598754
count_predictor,occupancy_K3_p01,occupancy_contrast,3,confirm_K3_i000079,confirm_K3_i000322,128,additive,1.0,,shape_rmse,0.0709278425909616,0.0777707638979934,0.0068429213070317
count_predictor,occupancy_K3_p01,occupancy_contrast,3,confirm_K3_i000079,confirm_K3_i000322,128,additive,1.0,,excess_ce_H,0.0936136215222904,0.0921088249180654,-0.001504796604225
count_predictor,occupancy_K3_p01,occupancy_contrast,3,confirm_K3_i000079,confirm_K3_i000322,128,interpolated_backoff,1.0,1.0,shape_rmse,0.0549564101854559,0.0622808055157628,0.0073243953303069
count_predictor,occupancy_K3_p01,occupancy_contrast,3,confirm_K3_i000079,confirm_K3_i000322,128,interpolated_backoff,1.0,1.0,excess_ce_H,0.0742805681246761,0.0735012499902016,-0.0007793181344744
count_predictor,occupancy_K3_p01,occupancy_contrast,3,confirm_K3_i000079,confirm_K3_i000322,128,interpolated_backoff,1.0,5.0,shape_rmse,0.0383890226806968,0.0419252594206251,0.0035362367399282
count_predictor,occupancy_K3_p01,occupancy_contrast,3,confirm_K3_i000079,confirm_K3_i000322,128,interpolated_backoff,1.0,5.0,excess_ce_H,0.0536965803314597,0.0483347738128381,-0.0053618065186216
count_predictor,occupancy_K3_p01,occupancy_contrast,3,confirm_K3_i000079,confirm_K3_i000322,128,interpolated_backoff,1.0,20.0,shape_rmse,0.0220516242262708,0.022048996238974,-2.6279872967979734e-06
count_predictor,occupancy_K3_p01,occupancy_contrast,3,confirm_K3_i000079,confirm_K3_i000322,128,interpolated_backoff,1.0,20.0,excess_ce_H,0.0327915815511832,0.0227472755573558,-0.0100443059938274
count_predictor,occupancy_K3_p01,occupancy_contrast,3,confirm_K3_i000079,confirm_K3_i000322,256,additive,0.1,,shape_rmse,0.0891961615792105,0.1604224144450253,0.0712262528658148
count_predictor,occupancy_K3_p01,occupancy_contrast,3,confirm_K3_i000079,confirm_K3_i000322,256,additive,0.1,,excess_ce_H,0.1126396410344259,0.185052157153075,0.072412516118649
count_predictor,occupancy_K3_p01,occupancy_contrast,3,confirm_K3_i000079,confirm_K3_i000322,256,interpolated_backoff,0.1,1.0,shape_rmse,0.0633735275686994,0.11681686351532,0.0534433359466205
count_predictor,occupancy_K3_p01,occupancy_contrast,3,confirm_K3_i000079,confirm_K3_i000322,256,interpolated_backoff,0.1,1.0,excess_ce_H,0.081863053377778,0.1338637542884091,0.0520007009106311
count_predictor,occupancy_K3_p01,occupancy_contrast,3,confirm_K3_i000079,confirm_K3_i000322,256,interpolated_backoff,0.1,5.0,shape_rmse,0.0401285771330935,0.0684298466975986,0.0283012695645051
count_predictor,occupancy_K3_p01,occupancy_contrast,3,confirm_K3_i000079,confirm_K3_i000322,256,interpolated_backoff,0.1,5.0,excess_ce_H,0.0536768791852284,0.0764969147883132,0.0228200356030848
count_predictor,occupancy_K3_p01,occupancy_contrast,3,confirm_K3_i000079,confirm_K3_i000322,256,interpolated_backoff,0.1,20.0,shape_rmse,0.0214593055829001,0.0311126294507044,0.0096533238678042
count_predictor,occupancy_K3_p01,occupancy_contrast,3,confirm_K3_i000079,confirm_K3_i000322,256,interpolated_backoff,0.1,20.0,excess_ce_H,0.0305252186301669,0.0314023428409788,0.0008771242108118
count_predictor,occupancy_K3_p01,occupancy_contrast,3,confirm_K3_i000079,confirm_K3_i000322,256,additive,0.5,,shape_rmse,0.0515037824751006,0.0795860260300344,0.0280822435549337
count_predictor,occupancy_K3_p01,occupancy_contrast,3,confirm_K3_i000079,confirm_K3_i000322,256,additive,0.5,,excess_ce_H,0.0670550525954261,0.0895316058692139,0.0224765532737877
count_predictor,occupancy_K3_p01,occupancy_contrast,3,confirm_K3_i000079,confirm_K3_i000322,256,interpolated_backoff,0.5,1.0,shape_rmse,0.040578669467698,0.0663957875377494,0.0258171180700513
count_predictor,occupancy_K3_p01,occupancy_contrast,3,confirm_K3_i000079,confirm_K3_i000322,256,interpolated_backoff,0.5,1.0,excess_ce_H,0.0540150040917497,0.0739781016030816,0.0199630975113319
count_predictor,occupancy_K3_p01,occupancy_contrast,3,confirm_K3_i000079,confirm_K3_i000322,256,interpolated_backoff,0.5,5.0,shape_rmse,0.0286752051990818,0.0453609359451354,0.0166857307460536
count_predictor,occupancy_K3_p01,occupancy_contrast,3,confirm_K3_i000079,confirm_K3_i000322,256,interpolated_backoff,0.5,5.0,excess_ce_H,0.0395233424689935,0.0488583168103105,0.0093349743413169
count_predictor,occupancy_K3_p01,occupancy_contrast,3,confirm_K3_i000079,confirm_K3_i000322,256,interpolated_backoff,0.5,20.0,shape_rmse,0.0170225480723543,0.0236434162927628,0.0066208682204084
count_predictor,occupancy_K3_p01,occupancy_contrast,3,confirm_K3_i000079,confirm_K3_i000322,256,interpolated_backoff,0.5,20.0,excess_ce_H,0.0249619819468671,0.02230967934178,-0.0026523026050871
count_predictor,occupancy_K3_p01,occupancy_contrast,3,confirm_K3_i000079,confirm_K3_i000322,256,additive,1.0,,shape_rmse,0.0476279154003158,0.0600761239729347,0.0124482085726188
count_predictor,occupancy_K3_p01,occupancy_contrast,3,confirm_K3_i000079,confirm_K3_i000322,256,additive,1.0,,excess_ce_H,0.0623361910308175,0.0662029485956798,0.0038667575648622
count_predictor,occupancy_K3_p01,occupancy_contrast,3,confirm_K3_i000079,confirm_K3_i000322,256,interpolated_backoff,1.0,1.0,shape_rmse,0.0384571537590936,0.0513711229775355,0.0129139692184419
count_predictor,occupancy_K3_p01,occupancy_contrast,3,confirm_K3_i000079,confirm_K3_i000322,256,interpolated_backoff,1.0,1.0,excess_ce_H,0.0513672248644081,0.0559158045210836,0.0045485796566755
count_predictor,occupancy_K3_p01,occupancy_contrast,3,confirm_K3_i000079,confirm_K3_i000322,256,interpolated_backoff,1.0,5.0,shape_rmse,0.0277351232411386,0.0367645267842426,0.009029403543104
count_predictor,occupancy_K3_p01,occupancy_contrast,3,confirm_K3_i000079,confirm_K3_i000322,256,interpolated_backoff,1.0,5.0,excess_ce_H,0.0382951043895085,0.0384071383133666,0.000112033923858
count_predictor,occupancy_K3_p01,occupancy_contrast,3,confirm_K3_i000079,confirm_K3_i000322,256,interpolated_backoff,1.0,20.0,shape_rmse,0.0166063419787259,0.0202772337240825,0.0036708917453566
count_predictor,occupancy_K3_p01,occupancy_contrast,3,confirm_K3_i000079,confirm_K3_i000322,256,interpolated_backoff,1.0,20.0,excess_ce_H,0.024390005576091,0.0181359042100421,-0.0062541013660489
count_predictor,occupancy_K3_p01,occupancy_contrast,3,confirm_K3_i000079,confirm_K3_i000322,512,additive,0.1,,shape_rmse,0.057094758047774,0.0948726721094812,0.0377779140617071
count_predictor,occupancy_K3_p01,occupancy_contrast,3,confirm_K3_i000079,confirm_K3_i000322,512,additive,0.1,,excess_ce_H,0.0717350423206726,0.1043355590288603,0.0326005167081877
count_predictor,occupancy_K3_p01,occupancy_contrast,3,confirm_K3_i000079,confirm_K3_i000322,512,interpolated_backoff,0.1,1.0,shape_rmse,0.0432005488971471,0.0744080504294909,0.0312075015323438
count_predictor,occupancy_K3_p01,occupancy_contrast,3,confirm_K3_i000079,confirm_K3_i000322,512,interpolated_backoff,0.1,1.0,excess_ce_H,0.0552760468869244,0.0804981990192617,0.0252221521323373
count_predictor,occupancy_K3_p01,occupancy_contrast,3,confirm_K3_i000079,confirm_K3_i000322,512,interpolated_backoff,0.1,5.0,shape_rmse,0.0289875206978763,0.0484803857625447,0.0194928650646684
count_predictor,occupancy_K3_p01,occupancy_contrast,3,confirm_K3_i000079,confirm_K3_i000322,512,interpolated_backoff,0.1,5.0,excess_ce_H,0.0382287270333578,0.050132874542399,0.0119041475090412
count_predictor,occupancy_K3_p01,occupancy_contrast,3,confirm_K3_i000079,confirm_K3_i000322,512,interpolated_backoff,0.1,20.0,shape_rmse,0.0166457124590833,0.0249895718305751,0.0083438593714918
count_predictor,occupancy_K3_p01,occupancy_contrast,3,confirm_K3_i000079,confirm_K3_i000322,512,interpolated_backoff,0.1,20.0,excess_ce_H,0.0231714730123444,0.0223077407895968,-0.0008637322227476
count_predictor,occupancy_K3_p01,occupancy_contrast,3,confirm_K3_i000079,confirm_K3_i000322,512,additive,0.5,,shape_rmse,0.0347300359127225,0.0540478756198752,0.0193178397071527
count_predictor,occupancy_K3_p01,occupancy_contrast,3,confirm_K3_i000079,confirm_K3_i000322,512,additive,0.5,,excess_ce_H,0.044964343365613,0.0566243559876249,0.0116600126220118
count_predictor,occupancy_K3_p01,occupancy_contrast,3,confirm_K3_i000079,confirm_K3_i000322,512,interpolated_backoff,0.5,1.0,shape_rmse,0.0290494473632209,0.0475859823960449,0.0185365350328239
count_predictor,occupancy_K3_p01,occupancy_contrast,3,confirm_K3_i000079,confirm_K3_i000322,512,interpolated_backoff,0.5,1.0,excess_ce_H,0.038224094250377,0.0490705230663248,0.0108464288159478
count_predictor,occupancy_K3_p01,occupancy_contrast,3,confirm_K3_i000079,confirm_K3_i000322,512,interpolated_backoff,0.5,5.0,shape_rmse,0.0215712748660496,0.0352810154504675,0.0137097405844179
count_predictor,occupancy_K3_p01,occupancy_contrast,3,confirm_K3_i000079,confirm_K3_i000322,512,interpolated_backoff,0.5,5.0,excess_ce_H,0.0292297509188863,0.0345938111023753,0.0053640601834889
count_predictor,occupancy_K3_p01,occupancy_contrast,3,confirm_K3_i000079,confirm_K3_i000322,512,interpolated_backoff,0.5,20.0,shape_rmse,0.0136664444232881,0.020292386888718,0.0066259424654299
count_predictor,occupancy_K3_p01,occupancy_contrast,3,confirm_K3_i000079,confirm_K3_i000322,512,interpolated_backoff,0.5,20.0,excess_ce_H,0.0195294645601871,0.0167234514625918,-0.0028060130975953
count_predictor,occupancy_K3_p01,occupancy_contrast,3,confirm_K3_i000079,confirm_K3_i000322,512,additive,1.0,,shape_rmse,0.03210169081611,0.0425972808918415,0.0104955900757314
count_predictor,occupancy_K3_p01,occupancy_contrast,3,confirm_K3_i000079,confirm_K3_i000322,512,additive,1.0,,excess_ce_H,0.0418031898455115,0.0431572216157045,0.0013540317701929
count_predictor,occupancy_K3_p01,occupancy_contrast,3,confirm_K3_i000079,confirm_K3_i000322,512,interpolated_backoff,1.0,1.0,shape_rmse,0.0273479600999372,0.0383204129236857,0.0109724528237485
count_predictor,occupancy_K3_p01,occupancy_contrast,3,confirm_K3_i000079,confirm_K3_i000322,512,interpolated_backoff,1.0,1.0,excess_ce_H,0.0361568297810928,0.0381473177443267,0.0019904879632338
count_predictor,occupancy_K3_p01,occupancy_contrast,3,confirm_K3_i000079,confirm_K3_i000322,512,interpolated_backoff,1.0,5.0,shape_rmse,0.020689266798207,0.0295221413227501,0.0088328745245431
count_predictor,occupancy_K3_p01,occupancy_contrast,3,confirm_K3_i000079,confirm_K3_i000322,512,interpolated_backoff,1.0,5.0,excess_ce_H,0.0281421356075257,0.0277680130413338,-0.0003741225661918
count_predictor,occupancy_K3_p01,occupancy_contrast,3,confirm_K3_i000079,confirm_K3_i000322,512,interpolated_backoff,1.0,20.0,shape_rmse,0.013251574628194,0.0177887352145001,0.0045371605863061
count_predictor,occupancy_K3_p01,occupancy_contrast,3,confirm_K3_i000079,confirm_K3_i000322,512,interpolated_backoff,1.0,20.0,excess_ce_H,0.0190138846027645,0.0137232687268162,-0.0052906158759483
count_predictor,occupancy_K3_p01,occupancy_contrast,3,confirm_K3_i000079,confirm_K3_i000322,1024,additive,0.1,,shape_rmse,0.0309243258205068,0.0499858191239994,0.0190614933034926
count_predictor,occupancy_K3_p01,occupancy_contrast,3,confirm_K3_i000079,confirm_K3_i000322,1024,additive,0.1,,excess_ce_H,0.0395978635332632,0.0506155045029441,0.0110176409696809
count_predictor,occupancy_K3_p01,occupancy_contrast,3,confirm_K3_i000079,confirm_K3_i000322,1024,interpolated_backoff,0.1,1.0,shape_rmse,0.0248026040413808,0.0424533825673997,0.0176507785260189
count_predictor,occupancy_K3_p01,occupancy_contrast,3,confirm_K3_i000079,confirm_K3_i000322,1024,interpolated_backoff,0.1,1.0,excess_ce_H,0.0324175342260968,0.0418521376610112,0.0094346034349144
count_predictor,occupancy_K3_p01,occupancy_contrast,3,confirm_K3_i000079,confirm_K3_i000322,1024,interpolated_backoff,0.1,5.0,shape_rmse,0.0181520614523574,0.0314762154722574,0.0133241540199
count_predictor,occupancy_K3_p01,occupancy_contrast,3,confirm_K3_i000079,confirm_K3_i000322,1024,interpolated_backoff,0.1,5.0,excess_ce_H,0.0245061157198955,0.0290190116700785,0.004512895950183
count_predictor,occupancy_K3_p01,occupancy_contrast,3,confirm_K3_i000079,confirm_K3_i000322,1024,interpolated_backoff,0.1,20.0,shape_rmse,0.0116961987876046,0.0192040903566302,0.0075078915690256
count_predictor,occupancy_K3_p01,occupancy_contrast,3,confirm_K3_i000079,confirm_K3_i000322,1024,interpolated_backoff,0.1,20.0,excess_ce_H,0.0166960640335838,0.014545556866641,-0.0021505071669427
count_predictor,occupancy_K3_p01,occupancy_contrast,3,confirm_K3_i000079,confirm_K3_i000322,1024,additive,0.5,,shape_rmse,0.020388188488554,0.0330060095362706,0.0126178210477166
count_predictor,occupancy_K3_p01,occupancy_contrast,3,confirm_K3_i000079,confirm_K3_i000322,1024,additive,0.5,,excess_ce_H,0.0271064586240146,0.0307952593359643,0.0036888007119496
count_predictor,occupancy_K3_p01,occupancy_contrast,3,confirm_K3_i000079,confirm_K3_i000322,1024,interpolated_backoff,0.5,1.0,shape_rmse,0.0179015096093874,0.0304536787791368,0.0125521691697494
count_predictor,occupancy_K3_p01,occupancy_contrast,3,confirm_K3_i000079,confirm_K3_i000322,1024,interpolated_backoff,0.5,1.0,excess_ce_H,0.0241779929583085,0.0278161044866522,0.0036381115283436
count_predictor,occupancy_K3_p01,occupancy_contrast,3,confirm_K3_i000079,confirm_K3_i000322,1024,interpolated_backoff,0.5,5.0,shape_rmse,0.0143587676760817,0.0249152734241485,0.0105565057480667
count_predictor,occupancy_K3_p01,occupancy_contrast,3,confirm_K3_i000079,confirm_K3_i000322,1024,interpolated_backoff,0.5,5.0,excess_ce_H,0.0199472434443606,0.0213183039427318,0.0013710604983711
count_predictor,occupancy_K3_p01,occupancy_contrast,3,confirm_K3_i000079,confirm_K3_i000322,1024,interpolated_backoff,0.5,20.0,shape_rmse,0.0101197067551499,0.0165388437311429,0.006419136975993
count_predictor,occupancy_K3_p01,occupancy_contrast,3,confirm_K3_i000079,confirm_K3_i000322,1024,interpolated_backoff,0.5,20.0,excess_ce_H,0.0147890319329846,0.011396712663698,-0.0033923192692866
count_predictor,occupancy_K3_p01,occupancy_contrast,3,confirm_K3_i000079,confirm_K3_i000322,1024,additive,1.0,,shape_rmse,0.0193688616716641,0.0275773140663942,0.0082084523947301
count_predictor,occupancy_K3_p01,occupancy_contrast,3,confirm_K3_i000079,confirm_K3_i000322,1024,additive,1.0,,excess_ce_H,0.0258852128688755,0.0244195098598301,-0.0014657030090454
count_predictor,occupancy_K3_p01,occupancy_contrast,3,confirm_K3_i000079,confirm_K3_i000322,1024,interpolated_backoff,1.0,1.0,shape_rmse,0.0172313087962044,0.0258253435486009,0.0085940347523965
count_predictor,occupancy_K3_p01,occupancy_contrast,3,confirm_K3_i000079,confirm_K3_i000322,1024,interpolated_backoff,1.0,1.0,excess_ce_H,0.0233635883928213,0.0223711632610352,-0.0009924251317861
count_predictor,occupancy_K3_p01,occupancy_contrast,3,confirm_K3_i000079,confirm_K3_i000322,1024,interpolated_backoff,1.0,5.0,shape_rmse,0.0139630099013878,0.0217227299495088,0.007759720048121
count_predictor,occupancy_K3_p01,occupancy_contrast,3,confirm_K3_i000079,confirm_K3_i000322,1024,interpolated_backoff,1.0,5.0,excess_ce_H,0.0194584513043769,0.0175488867198256,-0.0019095645845512
count_predictor,occupancy_K3_p01,occupancy_contrast,3,confirm_K3_i000079,confirm_K3_i000322,1024,interpolated_backoff,1.0,20.0,shape_rmse,0.0099061247623636,0.014926566137603,0.0050204413752394
count_predictor,occupancy_K3_p01,occupancy_contrast,3,confirm_K3_i000079,confirm_K3_i000322,1024,interpolated_backoff,1.0,20.0,excess_ce_H,0.014524606739954,0.0094801690440695,-0.0050444376958845
count_predictor,occupancy_K3_p01,occupancy_contrast,3,confirm_K3_i000079,confirm_K3_i000322,2048,additive,0.1,,shape_rmse,0.0190678667733361,0.0248329066725994,0.0057650398992633
count_predictor,occupancy_K3_p01,occupancy_contrast,3,confirm_K3_i000079,confirm_K3_i000322,2048,additive,0.1,,excess_ce_H,0.0252983456873781,0.0204102065325899,-0.0048881391547881
count_predictor,occupancy_K3_p01,occupancy_contrast,3,confirm_K3_i000079,confirm_K3_i000322,2048,interpolated_backoff,0.1,1.0,shape_rmse,0.016302867970252,0.022331255483061,0.006028387512809
count_predictor,occupancy_K3_p01,occupancy_contrast,3,confirm_K3_i000079,confirm_K3_i000322,2048,interpolated_backoff,0.1,1.0,excess_ce_H,0.0220408921955472,0.0174992279286354,-0.0045416642669117
count_predictor,occupancy_K3_p01,occupancy_contrast,3,confirm_K3_i000079,confirm_K3_i000322,2048,interpolated_backoff,0.1,5.0,shape_rmse,0.0126118816001894,0.0181907808492502,0.0055788992490608
count_predictor,occupancy_K3_p01,occupancy_contrast,3,confirm_K3_i000079,confirm_K3_i000322,2048,interpolated_backoff,0.1,5.0,excess_ce_H,0.0176464953739121,0.0126659214499016,-0.0049805739240105
count_predictor,occupancy_K3_p01,occupancy_contrast,3,confirm_K3_i000079,confirm_K3_i000322,2048,interpolated_backoff,0.1,20.0,shape_rmse,0.0086166735554394,0.0127492786816318,0.0041326051261924
count_predictor,occupancy_K3_p01,occupancy_contrast,3,confirm_K3_i000079,confirm_K3_i000322,2048,interpolated_backoff,0.1,20.0,excess_ce_H,0.0128355164642712,0.0062787879644563,-0.0065567284998149
count_predictor,occupancy_K3_p01,occupancy_contrast,3,confirm_K3_i000079,confirm_K3_i000322,2048,additive,0.5,,shape_rmse,0.013229275240108,0.0189737469421851,0.0057444717020771
count_predictor,occupancy_K3_p01,occupancy_contrast,3,confirm_K3_i000079,confirm_K3_i000322,2048,additive,0.5,,excess_ce_H,0.0183494351418118,0.0135730661085635,-0.0047763690332482
count_predictor,occupancy_K3_p01,occupancy_contrast,3,confirm_K3_i000079,confirm_K3_i000322,2048,interpolated_backoff,0.5,1.0,shape_rmse,0.0120904165880999,0.0180634477879958,0.0059730311998959
count_predictor,occupancy_K3_p01,occupancy_contrast,3,confirm_K3_i000079,confirm_K3_i000322,2048,interpolated_backoff,0.5,1.0,excess_ce_H,0.0170060863788323,0.0125120734592658,-0.0044940129195665
count_predictor,occupancy_K3_p01,occupancy_contrast,3,confirm_K3_i000079,confirm_K3_i000322,2048,interpolated_backoff,0.5,5.0,shape_rmse,0.0101129259908952,0.0157345093963617,0.0056215834054665
count_predictor,occupancy_K3_p01,occupancy_contrast,3,confirm_K3_i000079,confirm_K3_i000322,2048,interpolated_backoff,0.5,5.0,excess_ce_H,0.0146495898254361,0.009790066356363,-0.0048595234690731
count_predictor,occupancy_K3_p01,occupancy_contrast,3,confirm_K3_i000079,confirm_K3_i000322,2048,interpolated_backoff,0.5,20.0,shape_rmse,0.0075200919017936,0.0116454609153695,0.0041253690135759
count_predictor,occupancy_K3_p01,occupancy_contrast,3,confirm_K3_i000079,confirm_K3_i000322,2048,interpolated_backoff,0.5,20.0,excess_ce_H,0.011514455201447,0.0049823040619094,-0.0065321511395375
count_predictor,occupancy_K3_p01,occupancy_contrast,3,confirm_K3_i000079,confirm_K3_i000322,2048,additive,1.0,,shape_rmse,0.0124261126934395,0.016809669166241,0.0043835564728015
count_predictor,occupancy_K3_p01,occupancy_contrast,3,confirm_K3_i000079,confirm_K3_i000322,2048,additive,1.0,,excess_ce_H,0.0173743430825625,0.0110421022669224,-0.00633224081564
count_predictor,occupancy_K3_p01,occupancy_contrast,3,confirm_K3_i000079,confirm_K3_i000322,2048,interpolated_backoff,1.0,1.0,shape_rmse,0.0114270656843918,0.0161724084204154,0.0047453427360235
count_predictor,occupancy_K3_p01,occupancy_contrast,3,confirm_K3_i000079,confirm_K3_i000322,2048,interpolated_backoff,1.0,1.0,excess_ce_H,0.0161966582162018,0.0102985071096963,-0.0058981511065054
count_predictor,occupancy_K3_p01,occupancy_contrast,3,confirm_K3_i000079,confirm_K3_i000322,2048,interpolated_backoff,1.0,5.0,shape_rmse,0.0096393804904941,0.0143772397793203,0.0047378592888262
count_predictor,occupancy_K3_p01,occupancy_contrast,3,confirm_K3_i000079,confirm_K3_i000322,2048,interpolated_backoff,1.0,5.0,excess_ce_H,0.0140691738889813,0.0081983063296242,-0.0058708675593571
count_predictor,occupancy_K3_p01,occupancy_contrast,3,confirm_K3_i000079,confirm_K3_i000322,2048,interpolated_backoff,1.0,20.0,shape_rmse,0.0072487497581713,0.0109101059328957,0.0036613561747244
count_predictor,occupancy_K3_p01,occupancy_contrast,3,confirm_K3_i000079,confirm_K3_i000322,2048,interpolated_backoff,1.0,20.0,excess_ce_H,0.0111815087546602,0.0041172029169396,-0.0070643058377206
count_predictor,occupancy_K3_p02,occupancy_contrast,3,confirm_K3_i001129,confirm_K3_i000505,64,additive,0.1,,shape_rmse,0.2122061359645686,0.3937548894265548,0.1815487534619861
count_predictor,occupancy_K3_p02,occupancy_contrast,3,confirm_K3_i001129,confirm_K3_i000505,64,additive,0.1,,excess_ce_H,0.2887287141466639,0.5015657181541857,0.2128370040075218
count_predictor,occupancy_K3_p02,occupancy_contrast,3,confirm_K3_i001129,confirm_K3_i000505,64,interpolated_backoff,0.1,1.0,shape_rmse,0.139898033725242,0.2474122665463542,0.1075142328211122
count_predictor,occupancy_K3_p02,occupancy_contrast,3,confirm_K3_i001129,confirm_K3_i000505,64,interpolated_backoff,0.1,1.0,excess_ce_H,0.1982132226815876,0.3245996616660402,0.1263864389844526
count_predictor,occupancy_K3_p02,occupancy_contrast,3,confirm_K3_i001129,confirm_K3_i000505,64,interpolated_backoff,0.1,5.0,shape_rmse,0.0786744704101468,0.1172454951049882,0.0385710246948414
count_predictor,occupancy_K3_p02,occupancy_contrast,3,confirm_K3_i001129,confirm_K3_i000505,64,interpolated_backoff,0.1,5.0,excess_ce_H,0.1194588911479535,0.1629256726446311,0.0434667814966776
count_predictor,occupancy_K3_p02,occupancy_contrast,3,confirm_K3_i001129,confirm_K3_i000505,64,interpolated_backoff,0.1,20.0,shape_rmse,0.035023490527897,0.0425389834749685,0.0075154929470714
count_predictor,occupancy_K3_p02,occupancy_contrast,3,confirm_K3_i001129,confirm_K3_i000505,64,interpolated_backoff,0.1,20.0,excess_ce_H,0.0613822066976672,0.0657987408124722,0.0044165341148049
count_predictor,occupancy_K3_p02,occupancy_contrast,3,confirm_K3_i001129,confirm_K3_i000505,64,additive,0.5,,shape_rmse,0.1034092261234654,0.1325899493133979,0.0291807231899325
count_predictor,occupancy_K3_p02,occupancy_contrast,3,confirm_K3_i001129,confirm_K3_i000505,64,additive,0.5,,excess_ce_H,0.1495650831959376,0.1823404475656533,0.0327753643697157
count_predictor,occupancy_K3_p02,occupancy_contrast,3,confirm_K3_i001129,confirm_K3_i000505,64,interpolated_backoff,0.5,1.0,shape_rmse,0.072355638115761,0.0995044392882662,0.0271488011725052
count_predictor,occupancy_K3_p02,occupancy_contrast,3,confirm_K3_i001129,confirm_K3_i000505,64,interpolated_backoff,0.5,1.0,excess_ce_H,0.1109202374017503,0.1413286056787459,0.0304083682769955
count_predictor,occupancy_K3_p02,occupancy_contrast,3,confirm_K3_i001129,confirm_K3_i000505,64,interpolated_backoff,0.5,5.0,shape_rmse,0.0457206093728859,0.0587546369775338,0.0130340276046479
count_predictor,occupancy_K3_p02,occupancy_contrast,3,confirm_K3_i001129,confirm_K3_i000505,64,interpolated_backoff,0.5,5.0,excess_ce_H,0.0763386811348973,0.0887161750804459,0.0123774939455486
count_predictor,occupancy_K3_p02,occupancy_contrast,3,confirm_K3_i001129,confirm_K3_i000505,64,interpolated_backoff,0.5,20.0,shape_rmse,0.023805574250572,0.0269637264791163,0.0031581522285442
count_predictor,occupancy_K3_p02,occupancy_contrast,3,confirm_K3_i001129,confirm_K3_i000505,64,interpolated_backoff,0.5,20.0,excess_ce_H,0.0463885932775705,0.0452384625884967,-0.0011501306890737
count_predictor,occupancy_K3_p02,occupancy_contrast,3,confirm_K3_i001129,confirm_K3_i000505,64,additive,1.0,,shape_rmse,0.0904299054146401,0.0814372916818747,-0.0089926137327654
count_predictor,occupancy_K3_p02,occupancy_contrast,3,confirm_K3_i001129,confirm_K3_i000505,64,additive,1.0,,excess_ce_H,0.1318014248010017,0.1171781105349185,-0.0146233142660832
count_predictor,occupancy_K3_p02,occupancy_contrast,3,confirm_K3_i001129,confirm_K3_i000505,64,interpolated_backoff,1.0,1.0,shape_rmse,0.0637012942097009,0.0630690847305,-0.0006322094792008
count_predictor,occupancy_K3_p02,occupancy_contrast,3,confirm_K3_i001129,confirm_K3_i000505,64,interpolated_backoff,1.0,1.0,excess_ce_H,0.0986868334718644,0.0940794984981696,-0.0046073349736947
count_predictor,occupancy_K3_p02,occupancy_contrast,3,confirm_K3_i001129,confirm_K3_i000505,64,interpolated_backoff,1.0,5.0,shape_rmse,0.0403957934830822,0.0401792046887766,-0.0002165887943055
count_predictor,occupancy_K3_p02,occupancy_contrast,3,confirm_K3_i001129,confirm_K3_i000505,64,interpolated_backoff,1.0,5.0,excess_ce_H,0.0686226548579433,0.0638693287035052,-0.0047533261544381
count_predictor,occupancy_K3_p02,occupancy_contrast,3,confirm_K3_i001129,confirm_K3_i000505,64,interpolated_backoff,1.0,20.0,shape_rmse,0.0210181802714813,0.020339015433925,-0.0006791648375563
count_predictor,occupancy_K3_p02,occupancy_contrast,3,confirm_K3_i001129,confirm_K3_i000505,64,interpolated_backoff,1.0,20.0,excess_ce_H,0.0423055232723403,0.036015454299874,-0.0062900689724662
count_predictor,occupancy_K3_p02,occupancy_contrast,3,confirm_K3_i001129,confirm_K3_i000505,128,additive,0.1,,shape_rmse,0.1611785272746304,0.310380970220359,0.1492024429457286
count_predictor,occupancy_K3_p02,occupancy_contrast,3,confirm_K3_i001129,confirm_K3_i000505,128,additive,0.1,,excess_ce_H,0.2157006548142968,0.3810001929871998,0.165299538172903
count_predictor,occupancy_K3_p02,occupancy_contrast,3,confirm_K3_i001129,confirm_K3_i000505,128,interpolated_backoff,0.1,1.0,shape_rmse,0.1116659930277376,0.2080057913509971,0.0963397983232594
count_predictor,occupancy_K3_p02,occupancy_contrast,3,confirm_K3_i001129,confirm_K3_i000505,128,interpolated_backoff,0.1,1.0,excess_ce_H,0.1554520137803619,0.2606200338028079,0.105168020022446
count_predictor,occupancy_K3_p02,occupancy_contrast,3,confirm_K3_i001129,confirm_K3_i000505,128,interpolated_backoff,0.1,5.0,shape_rmse,0.0669056472779274,0.1045959127743103,0.0376902654963828
count_predictor,occupancy_K3_p02,occupancy_contrast,3,confirm_K3_i001129,confirm_K3_i000505,128,interpolated_backoff,0.1,5.0,excess_ce_H,0.099514625685054,0.137491357586978,0.037976731901924
count_predictor,occupancy_K3_p02,occupancy_contrast,3,confirm_K3_i001129,confirm_K3_i000505,128,interpolated_backoff,0.1,20.0,shape_rmse,0.0322621892992364,0.0397861451085553,0.0075239558093188
count_predictor,occupancy_K3_p02,occupancy_contrast,3,confirm_K3_i001129,confirm_K3_i000505,128,interpolated_backoff,0.1,20.0,excess_ce_H,0.0550324394343249,0.0577919906790693,0.0027595512447444
count_predictor,occupancy_K3_p02,occupancy_contrast,3,confirm_K3_i001129,confirm_K3_i000505,128,additive,0.5,,shape_rmse,0.0800813332900302,0.1233267620448295,0.0432454287547992
count_predictor,occupancy_K3_p02,occupancy_contrast,3,confirm_K3_i001129,confirm_K3_i000505,128,additive,0.5,,excess_ce_H,0.1151437266832924,0.1598363764306514,0.044692649747359
count_predictor,occupancy_K3_p02,occupancy_contrast,3,confirm_K3_i001129,confirm_K3_i000505,128,interpolated_backoff,0.5,1.0,shape_rmse,0.0606426171919851,0.0979970484023147,0.0373544312103296
count_predictor,occupancy_K3_p02,occupancy_contrast,3,confirm_K3_i001129,confirm_K3_i000505,128,interpolated_backoff,0.5,1.0,excess_ce_H,0.0914889368817362,0.1296689629230476,0.0381800260413114
count_predictor,occupancy_K3_p02,occupancy_contrast,3,confirm_K3_i001129,confirm_K3_i000505,128,interpolated_backoff,0.5,5.0,shape_rmse,0.0412841799225643,0.0598952754919245,0.0186110955693602
count_predictor,occupancy_K3_p02,occupancy_contrast,3,confirm_K3_i001129,confirm_K3_i000505,128,interpolated_backoff,0.5,5.0,excess_ce_H,0.0670352240089968,0.0834269703368533,0.0163917463278565
count_predictor,occupancy_K3_p02,occupancy_contrast,3,confirm_K3_i001129,confirm_K3_i000505,128,interpolated_backoff,0.5,20.0,shape_rmse,0.0231856237906084,0.0274072143995163,0.0042215906089079
count_predictor,occupancy_K3_p02,occupancy_contrast,3,confirm_K3_i001129,confirm_K3_i000505,128,interpolated_backoff,0.5,20.0,excess_ce_H,0.0432993290368597,0.0423010642427481,-0.0009982647941116
count_predictor,occupancy_K3_p02,occupancy_contrast,3,confirm_K3_i001129,confirm_K3_i000505,128,additive,1.0,,shape_rmse,0.0689835238514555,0.0788180689051366,0.0098345450536811
count_predictor,occupancy_K3_p02,occupancy_contrast,3,confirm_K3_i001129,confirm_K3_i000505,128,additive,1.0,,excess_ce_H,0.1006679248378101,0.1061040196098512,0.0054360947720411
count_predictor,occupancy_K3_p02,occupancy_contrast,3,confirm_K3_i001129,confirm_K3_i000505,128,interpolated_backoff,1.0,1.0,shape_rmse,0.052687923669762,0.0648472978473725,0.0121593741776105
count_predictor,occupancy_K3_p02,occupancy_contrast,3,confirm_K3_i001129,confirm_K3_i000505,128,interpolated_backoff,1.0,1.0,excess_ce_H,0.0808711843897589,0.0893022734652904,0.0084310890755315
count_predictor,occupancy_K3_p02,occupancy_contrast,3,confirm_K3_i001129,confirm_K3_i000505,128,interpolated_backoff,1.0,5.0,shape_rmse,0.0360122773192183,0.0424790883296654,0.006466811010447
count_predictor,occupancy_K3_p02,occupancy_contrast,3,confirm_K3_i001129,confirm_K3_i000505,128,interpolated_backoff,1.0,5.0,excess_ce_H,0.0598786510708493,0.061761861526596,0.0018832104557467
count_predictor,occupancy_K3_p02,occupancy_contrast,3,confirm_K3_i001129,confirm_K3_i000505,128,interpolated_backoff,1.0,20.0,shape_rmse,0.0203714872881075,0.0213220104549775,0.0009505231668699
count_predictor,occupancy_K3_p02,occupancy_contrast,3,confirm_K3_i001129,confirm_K3_i000505,128,interpolated_backoff,1.0,20.0,excess_ce_H,0.0394250563387184,0.0344207531562088,-0.0050043031825095
count_predictor,occupancy_K3_p02,occupancy_contrast,3,confirm_K3_i001129,confirm_K3_i000505,256,additive,0.1,,shape_rmse,0.1106758080724138,0.1950547715553545,0.0843789634829407
count_predictor,occupancy_K3_p02,occupancy_contrast,3,confirm_K3_i001129,confirm_K3_i000505,256,additive,0.1,,excess_ce_H,0.1471575079414706,0.2375523668738957,0.0903948589324251
count_predictor,occupancy_K3_p02,occupancy_contrast,3,confirm_K3_i001129,confirm_K3_i000505,256,interpolated_backoff,0.1,1.0,shape_rmse,0.0806760072647092,0.1434259734671606,0.0627499662024514
count_predictor,occupancy_K3_p02,occupancy_contrast,3,confirm_K3_i001129,confirm_K3_i000505,256,interpolated_backoff,0.1,1.0,excess_ce_H,0.1114489737597486,0.1775089188042677,0.066059945044519
count_predictor,occupancy_K3_p02,occupancy_contrast,3,confirm_K3_i001129,confirm_K3_i000505,256,interpolated_backoff,0.1,5.0,shape_rmse,0.0504941212109778,0.0822707351768641,0.0317766139658863
count_predictor,occupancy_K3_p02,occupancy_contrast,3,confirm_K3_i001129,confirm_K3_i000505,256,interpolated_backoff,0.1,5.0,excess_ce_H,0.0747939563791293,0.1058816478839603,0.0310876915048309
count_predictor,occupancy_K3_p02,occupancy_contrast,3,confirm_K3_i001129,confirm_K3_i000505,256,interpolated_backoff,0.1,20.0,shape_rmse,0.0257539679095461,0.0354645169674946,0.0097105490579484
count_predictor,occupancy_K3_p02,occupancy_contrast,3,confirm_K3_i001129,confirm_K3_i000505,256,interpolated_backoff,0.1,20.0,excess_ce_H,0.0441480204895681,0.0499386962508756,0.0057906757613075
count_predictor,occupancy_K3_p02,occupancy_contrast,3,confirm_K3_i001129,confirm_K3_i000505,256,additive,0.5,,shape_rmse,0.0570575941958584,0.0926765073992394,0.0356189132033809
count_predictor,occupancy_K3_p02,occupancy_contrast,3,confirm_K3_i001129,confirm_K3_i000505,256,additive,0.5,,excess_ce_H,0.0824749735877363,0.1181298897402545,0.0356549161525182
count_predictor,occupancy_K3_p02,occupancy_contrast,3,confirm_K3_i001129,confirm_K3_i000505,256,interpolated_backoff,0.5,1.0,shape_rmse,0.0460137586466609,0.0787484784146449,0.032734719767984
count_predictor,occupancy_K3_p02,occupancy_contrast,3,confirm_K3_i001129,confirm_K3_i000505,256,interpolated_backoff,0.5,1.0,excess_ce_H,0.0693043004801547,0.1017921583288479,0.0324878578486931
count_predictor,occupancy_K3_p02,occupancy_contrast,3,confirm_K3_i001129,confirm_K3_i000505,256,interpolated_backoff,0.5,5.0,shape_rmse,0.0330101428985441,0.0533659055211801,0.0203557626226359
count_predictor,occupancy_K3_p02,occupancy_contrast,3,confirm_K3_i001129,confirm_K3_i000505,256,interpolated_backoff,0.5,5.0,excess_ce_H,0.053373395144713,0.0717255631171984,0.0183521679724853
count_predictor,occupancy_K3_p02,occupancy_contrast,3,confirm_K3_i001129,confirm_K3_i000505,256,interpolated_backoff,0.5,20.0,shape_rmse,0.0195685962923251,0.0265060145061721,0.006937418213847
count_predictor,occupancy_K3_p02,occupancy_contrast,3,confirm_K3_i001129,confirm_K3_i000505,256,interpolated_backoff,0.5,20.0,excess_ce_H,0.036454888171699,0.0391024471138661,0.0026475589421671
count_predictor,occupancy_K3_p02,occupancy_contrast,3,confirm_K3_i001129,confirm_K3_i000505,256,additive,1.0,,shape_rmse,0.0488144746948735,0.06342189630279,0.0146074216079165
count_predictor,occupancy_K3_p02,occupancy_contrast,3,confirm_K3_i001129,confirm_K3_i000505,256,additive,1.0,,excess_ce_H,0.0722293053609608,0.0835812890761897,0.0113519837152289
count_predictor,occupancy_K3_p02,occupancy_contrast,3,confirm_K3_i001129,confirm_K3_i000505,256,interpolated_backoff,1.0,1.0,shape_rmse,0.0396524805500665,0.0555132757147161,0.0158607951646495
count_predictor,occupancy_K3_p02,occupancy_contrast,3,confirm_K3_i001129,confirm_K3_i000505,256,interpolated_backoff,1.0,1.0,excess_ce_H,0.0613059699707601,0.0742382548100488,0.0129322848392886
count_predictor,occupancy_K3_p02,occupancy_contrast,3,confirm_K3_i001129,confirm_K3_i000505,256,interpolated_backoff,1.0,5.0,shape_rmse,0.0287143638479976,0.0398225279405546,0.011108164092557
count_predictor,occupancy_K3_p02,occupancy_contrast,3,confirm_K3_i001129,confirm_K3_i000505,256,interpolated_backoff,1.0,5.0,excess_ce_H,0.0479121295846007,0.0554771384279502,0.0075650088433494
count_predictor,occupancy_K3_p02,occupancy_contrast,3,confirm_K3_i001129,confirm_K3_i000505,256,interpolated_backoff,1.0,20.0,shape_rmse,0.0173098708990689,0.0212695356369619,0.0039596647378929
count_predictor,occupancy_K3_p02,occupancy_contrast,3,confirm_K3_i001129,confirm_K3_i000505,256,interpolated_backoff,1.0,20.0,excess_ce_H,0.0335417937219539,0.0326423907206794,-0.0008994030012745
count_predictor,occupancy_K3_p02,occupancy_contrast,3,confirm_K3_i001129,confirm_K3_i000505,512,additive,0.1,,shape_rmse,0.0714864453999842,0.1015059734249811,0.0300195280249969
count_predictor,occupancy_K3_p02,occupancy_contrast,3,confirm_K3_i001129,confirm_K3_i000505,512,additive,0.1,,excess_ce_H,0.097165436389325,0.1243413382432976,0.0271759018539726
count_predictor,occupancy_K3_p02,occupancy_contrast,3,confirm_K3_i001129,confirm_K3_i000505,512,interpolated_backoff,0.1,1.0,shape_rmse,0.0542416863578079,0.0819145341947076,0.0276728478368996
count_predictor,occupancy_K3_p02,occupancy_contrast,3,confirm_K3_i001129,confirm_K3_i000505,512,interpolated_backoff,0.1,1.0,excess_ce_H,0.0769078870629398,0.101632252290519,0.0247243652275792
count_predictor,occupancy_K3_p02,occupancy_contrast,3,confirm_K3_i001129,confirm_K3_i000505,512,interpolated_backoff,0.1,5.0,shape_rmse,0.0355709260372888,0.0544379969626084,0.0188670709253196
count_predictor,occupancy_K3_p02,occupancy_contrast,3,confirm_K3_i001129,confirm_K3_i000505,512,interpolated_backoff,0.1,5.0,excess_ce_H,0.054649533767348,0.0696472733662516,0.0149977395989035
count_predictor,occupancy_K3_p02,occupancy_contrast,3,confirm_K3_i001129,confirm_K3_i000505,512,interpolated_backoff,0.1,20.0,shape_rmse,0.0192505178264256,0.0278864866513957,0.0086359688249701
count_predictor,occupancy_K3_p02,occupancy_contrast,3,confirm_K3_i001129,confirm_K3_i000505,512,interpolated_backoff,0.1,20.0,excess_ce_H,0.0348444291879539,0.038366775570009,0.003522346382055
count_predictor,occupancy_K3_p02,occupancy_contrast,3,confirm_K3_i001129,confirm_K3_i000505,512,additive,0.5,,shape_rmse,0.0387680995739493,0.0593571001129951,0.0205890005390458
count_predictor,occupancy_K3_p02,occupancy_contrast,3,confirm_K3_i001129,confirm_K3_i000505,512,additive,0.5,,excess_ce_H,0.0582796720492695,0.0753917353637523,0.0171120633144827
count_predictor,occupancy_K3_p02,occupancy_contrast,3,confirm_K3_i001129,confirm_K3_i000505,512,interpolated_backoff,0.5,1.0,shape_rmse,0.032406618725552,0.0533277808028802,0.0209211620773282
count_predictor,occupancy_K3_p02,occupancy_contrast,3,confirm_K3_i001129,confirm_K3_i000505,512,interpolated_backoff,0.5,1.0,excess_ce_H,0.0507896934185028,0.0683656694621821,0.0175759760436793
count_predictor,occupancy_K3_p02,occupancy_contrast,3,confirm_K3_i001129,confirm_K3_i000505,512,interpolated_backoff,0.5,5.0,shape_rmse,0.0241434747749412,0.0401937050928198,0.0160502303178785
count_predictor,occupancy_K3_p02,occupancy_contrast,3,confirm_K3_i001129,confirm_K3_i000505,512,interpolated_backoff,0.5,5.0,excess_ce_H,0.0408800725021956,0.052984829409127,0.0121047569069314
count_predictor,occupancy_K3_p02,occupancy_contrast,3,confirm_K3_i001129,confirm_K3_i000505,512,interpolated_backoff,0.5,20.0,shape_rmse,0.0150003462421495,0.0228069851754918,0.0078066389333423
count_predictor,occupancy_K3_p02,occupancy_contrast,3,confirm_K3_i001129,confirm_K3_i000505,512,interpolated_backoff,0.5,20.0,excess_ce_H,0.0296497221780094,0.0323464336092769,0.0026967114312675
count_predictor,occupancy_K3_p02,occupancy_contrast,3,confirm_K3_i001129,confirm_K3_i000505,512,additive,1.0,,shape_rmse,0.0328678086431664,0.0447781352568136,0.0119103266136472
count_predictor,occupancy_K3_p02,occupancy_contrast,3,confirm_K3_i001129,confirm_K3_i000505,512,additive,1.0,,excess_ce_H,0.0511144101492471,0.0583496212376637,0.0072352110884165
count_predictor,occupancy_K3_p02,occupancy_contrast,3,confirm_K3_i001129,confirm_K3_i000505,512,interpolated_backoff,1.0,1.0,shape_rmse,0.0277051994608849,0.0411213741421141,0.0134161746812292
count_predictor,occupancy_K3_p02,occupancy_contrast,3,confirm_K3_i001129,confirm_K3_i000505,512,interpolated_backoff,1.0,1.0,excess_ce_H,0.0450323804052608,0.0540699878114092,0.0090376074061483
count_predictor,occupancy_K3_p02,occupancy_contrast,3,confirm_K3_i001129,confirm_K3_i000505,512,interpolated_backoff,1.0,5.0,shape_rmse,0.0208789524169427,0.0323593898720755,0.0114804374551327
count_predictor,occupancy_K3_p02,occupancy_contrast,3,confirm_K3_i001129,confirm_K3_i000505,512,interpolated_backoff,1.0,5.0,excess_ce_H,0.0368407761063822,0.0437575504439879,0.0069167743376057
count_predictor,occupancy_K3_p02,occupancy_contrast,3,confirm_K3_i001129,confirm_K3_i000505,512,interpolated_backoff,1.0,20.0,shape_rmse,0.013242866049961,0.0193842349959818,0.0061413689460208
count_predictor,occupancy_K3_p02,occupancy_contrast,3,confirm_K3_i001129,confirm_K3_i000505,512,interpolated_backoff,1.0,20.0,excess_ce_H,0.0274402285882682,0.0282546629084956,0.0008144343202274
count_predictor,occupancy_K3_p02,occupancy_contrast,3,confirm_K3_i001129,confirm_K3_i000505,1024,additive,0.1,,shape_rmse,0.0451602203224058,0.0513670747372882,0.0062068544148824
count_predictor,occupancy_K3_p02,occupancy_contrast,3,confirm_K3_i001129,confirm_K3_i000505,1024,additive,0.1,,excess_ce_H,0.0642354880185402,0.0638699790240724,-0.0003655089944678
count_predictor,occupancy_K3_p02,occupancy_contrast,3,confirm_K3_i001129,confirm_K3_i000505,1024,interpolated_backoff,0.1,1.0,shape_rmse,0.0365214032179646,0.0452505332126573,0.0087291299946926
count_predictor,occupancy_K3_p02,occupancy_contrast,3,confirm_K3_i001129,confirm_K3_i000505,1024,interpolated_backoff,0.1,1.0,excess_ce_H,0.0541710069384619,0.0567868891234737,0.0026158821850117
count_predictor,occupancy_K3_p02,occupancy_contrast,3,confirm_K3_i001129,confirm_K3_i000505,1024,interpolated_backoff,0.1,5.0,shape_rmse,0.0255765368066894,0.034876848325916,0.0093003115192265
count_predictor,occupancy_K3_p02,occupancy_contrast,3,confirm_K3_i001129,confirm_K3_i000505,1024,interpolated_backoff,0.1,5.0,excess_ce_H,0.0413276522774117,0.0447427982635315,0.0034151459861198
count_predictor,occupancy_K3_p02,occupancy_contrast,3,confirm_K3_i001129,confirm_K3_i000505,1024,interpolated_backoff,0.1,20.0,shape_rmse,0.0149151238260684,0.0216622514968039,0.0067471276707355
count_predictor,occupancy_K3_p02,occupancy_contrast,3,confirm_K3_i001129,confirm_K3_i000505,1024,interpolated_backoff,0.1,20.0,excess_ce_H,0.0286760296693271,0.0293000767857112,0.000624047116384
count_predictor,occupancy_K3_p02,occupancy_contrast,3,confirm_K3_i001129,confirm_K3_i000505,1024,additive,0.5,,shape_rmse,0.026563603308564,0.0364709216565439,0.0099073183479799
count_predictor,occupancy_K3_p02,occupancy_contrast,3,confirm_K3_i001129,confirm_K3_i000505,1024,additive,0.5,,excess_ce_H,0.0424369108640103,0.0466009351136862,0.0041640242496759
count_predictor,occupancy_K3_p02,occupancy_contrast,3,confirm_K3_i001129,confirm_K3_i000505,1024,interpolated_backoff,0.5,1.0,shape_rmse,0.0234127045476054,0.0342657405049266,0.0108530359573212
count_predictor,occupancy_K3_p02,occupancy_contrast,3,confirm_K3_i001129,confirm_K3_i000505,1024,interpolated_backoff,0.5,1.0,excess_ce_H,0.0387570222299804,0.044038137111519,0.0052811148815386
count_predictor,occupancy_K3_p02,occupancy_contrast,3,confirm_K3_i001129,confirm_K3_i000505,1024,interpolated_backoff,0.5,5.0,shape_rmse,0.0184166764792794,0.0285605312910216,0.0101438548117421
count_predictor,occupancy_K3_p02,occupancy_contrast,3,confirm_K3_i001129,confirm_K3_i000505,1024,interpolated_backoff,0.5,5.0,excess_ce_H,0.0328663611466186,0.0373915903041246,0.004525229157506
count_predictor,occupancy_K3_p02,occupancy_contrast,3,confirm_K3_i001129,confirm_K3_i000505,1024,interpolated_backoff,0.5,20.0,shape_rmse,0.012102219162148,0.0189075107633638,0.0068052916012158
count_predictor,occupancy_K3_p02,occupancy_contrast,3,confirm_K3_i001129,confirm_K3_i000505,1024,interpolated_backoff,0.5,20.0,excess_ce_H,0.0253161641581662,0.0260726421161003,0.000756477957934
count_predictor,occupancy_K3_p02,occupancy_contrast,3,confirm_K3_i001129,confirm_K3_i000505,1024,additive,1.0,,shape_rmse,0.022447280150224,0.0301241355171555,0.0076768553669314
count_predictor,occupancy_K3_p02,occupancy_contrast,3,confirm_K3_i001129,confirm_K3_i000505,1024,additive,1.0,,excess_ce_H,0.0375467079542528,0.0392133298592654,0.0016666219050125
count_predictor,occupancy_K3_p02,occupancy_contrast,3,confirm_K3_i001129,confirm_K3_i000505,1024,interpolated_backoff,1.0,1.0,shape_rmse,0.0199082017465695,0.028656868459496,0.0087486667129264
count_predictor,occupancy_K3_p02,occupancy_contrast,3,confirm_K3_i001129,confirm_K3_i000505,1024,interpolated_backoff,1.0,1.0,excess_ce_H,0.0345802878399732,0.0375039502847873,0.002923662444814
count_predictor,occupancy_K3_p02,occupancy_contrast,3,confirm_K3_i001129,confirm_K3_i000505,1024,interpolated_backoff,1.0,5.0,shape_rmse,0.0158622051318441,0.0245101559523991,0.008647950820555
count_predictor,occupancy_K3_p02,occupancy_contrast,3,confirm_K3_i001129,confirm_K3_i000505,1024,interpolated_backoff,1.0,5.0,excess_ce_H,0.0298058957308864,0.0326609141878067,0.0028550184569203
count_predictor,occupancy_K3_p02,occupancy_contrast,3,confirm_K3_i001129,confirm_K3_i000505,1024,interpolated_backoff,1.0,20.0,shape_rmse,0.0106972634767604,0.0167800238105246,0.0060827603337642
count_predictor,occupancy_K3_p02,occupancy_contrast,3,confirm_K3_i001129,confirm_K3_i000505,1024,interpolated_backoff,1.0,20.0,excess_ce_H,0.0236142318747445,0.0235710820635155,-4.314981122899991e-05
count_predictor,occupancy_K3_p02,occupancy_contrast,3,confirm_K3_i001129,confirm_K3_i000505,2048,additive,0.1,,shape_rmse,0.0238252989568343,0.0261695454637424,0.0023442465069081
count_predictor,occupancy_K3_p02,occupancy_contrast,3,confirm_K3_i001129,confirm_K3_i000505,2048,additive,0.1,,excess_ce_H,0.0386853803605051,0.0336713271442024,-0.0050140532163027
count_predictor,occupancy_K3_p02,occupancy_contrast,3,confirm_K3_i001129,confirm_K3_i000505,2048,interpolated_backoff,0.1,1.0,shape_rmse,0.0203345047189817,0.0246835689241187,0.004349064205137
count_predictor,occupancy_K3_p02,occupancy_contrast,3,confirm_K3_i001129,confirm_K3_i000505,2048,interpolated_backoff,0.1,1.0,excess_ce_H,0.0346332546758296,0.0319500235685246,-0.0026832311073049
count_predictor,occupancy_K3_p02,occupancy_contrast,3,confirm_K3_i001129,confirm_K3_i000505,2048,interpolated_backoff,0.1,5.0,shape_rmse,0.0151949232776859,0.0215501155375175,0.0063551922598316
count_predictor,occupancy_K3_p02,occupancy_contrast,3,confirm_K3_i001129,confirm_K3_i000505,2048,interpolated_backoff,0.1,5.0,excess_ce_H,0.0286405432232152,0.0283135723120149,-0.0003269709112003
count_predictor,occupancy_K3_p02,occupancy_contrast,3,confirm_K3_i001129,confirm_K3_i000505,2048,interpolated_backoff,0.1,20.0,shape_rmse,0.0096429636680507,0.0161502920792204,0.0065073284111697
count_predictor,occupancy_K3_p02,occupancy_contrast,3,confirm_K3_i001129,confirm_K3_i000505,2048,interpolated_backoff,0.1,20.0,excess_ce_H,0.0221029705265478,0.0220218022269205,-8.116829962730165e-05
count_predictor,occupancy_K3_p02,occupancy_contrast,3,confirm_K3_i001129,confirm_K3_i000505,2048,additive,0.5,,shape_rmse,0.0152794099099689,0.0221016739751669,0.006822264065198
count_predictor,occupancy_K3_p02,occupancy_contrast,3,confirm_K3_i001129,confirm_K3_i000505,2048,additive,0.5,,excess_ce_H,0.0287215993493676,0.0289571688637626,0.000235569514395
count_predictor,occupancy_K3_p02,occupancy_contrast,3,confirm_K3_i001129,confirm_K3_i000505,2048,interpolated_backoff,0.5,1.0,shape_rmse,0.014016627513914,0.0214100839564981,0.007393456442584
count_predictor,occupancy_K3_p02,occupancy_contrast,3,confirm_K3_i001129,confirm_K3_i000505,2048,interpolated_backoff,0.5,1.0,excess_ce_H,0.0272503252115512,0.0281540820018819,0.0009037567903307
count_predictor,occupancy_K3_p02,occupancy_contrast,3,confirm_K3_i001129,confirm_K3_i000505,2048,interpolated_backoff,0.5,5.0,shape_rmse,0.0116259338426494,0.0193432910384769,0.0077173571958275
count_predictor,occupancy_K3_p02,occupancy_contrast,3,confirm_K3_i001129,confirm_K3_i000505,2048,interpolated_backoff,0.5,5.0,excess_ce_H,0.0244486709186311,0.0257507555599612,0.00130208464133
count_predictor,occupancy_K3_p02,occupancy_contrast,3,confirm_K3_i001129,confirm_K3_i000505,2048,interpolated_backoff,0.5,20.0,shape_rmse,0.0081636343501003,0.0149484668358388,0.0067848324857384
count_predictor,occupancy_K3_p02,occupancy_contrast,3,confirm_K3_i001129,confirm_K3_i000505,2048,interpolated_backoff,0.5,20.0,excess_ce_H,0.0203464328149467,0.0206215927938127,0.0002751599788659
count_predictor,occupancy_K3_p02,occupancy_contrast,3,confirm_K3_i001129,confirm_K3_i000505,2048,additive,1.0,,shape_rmse,0.0131757180489242,0.019835372595747,0.0066596545468228
count_predictor,occupancy_K3_p02,occupancy_contrast,3,confirm_K3_i001129,confirm_K3_i000505,2048,additive,1.0,,excess_ce_H,0.0262366221272054,0.0263250899821199,8.846785491449863e-05
count_predictor,occupancy_K3_p02,occupancy_contrast,3,confirm_K3_i001129,confirm_K3_i000505,2048,interpolated_backoff,1.0,1.0,shape_rmse,0.0121482984126453,0.0193175630194591,0.0071692646068138
count_predictor,occupancy_K3_p02,occupancy_contrast,3,confirm_K3_i001129,confirm_K3_i000505,2048,interpolated_backoff,1.0,1.0,excess_ce_H,0.0250386987484343,0.0257229311400641,0.0006842323916298
count_predictor,occupancy_K3_p02,occupancy_contrast,3,confirm_K3_i001129,confirm_K3_i000505,2048,interpolated_backoff,1.0,5.0,shape_rmse,0.01019363312515,0.0176653916998343,0.0074717585746843
count_predictor,occupancy_K3_p02,occupancy_contrast,3,confirm_K3_i001129,confirm_K3_i000505,2048,interpolated_backoff,1.0,5.0,excess_ce_H,0.0227455839586954,0.0237991096851049,0.0010535257264094
count_predictor,occupancy_K3_p02,occupancy_contrast,3,confirm_K3_i001129,confirm_K3_i000505,2048,interpolated_backoff,1.0,20.0,shape_rmse,0.0073323974435353,0.0138967513562418,0.0065643539127065
count_predictor,occupancy_K3_p02,occupancy_contrast,3,confirm_K3_i001129,confirm_K3_i000505,2048,interpolated_backoff,1.0,20.0,excess_ce_H,0.0193480277735151,0.0193946903053952,4.666253188010186e-05
count_predictor,occupancy_K3_p03,occupancy_contrast,3,confirm_K3_i000325,confirm_K3_i000796,64,additive,0.1,,shape_rmse,0.145901870118027,0.2666006221063787,0.1206987519883517
count_predictor,occupancy_K3_p03,occupancy_contrast,3,confirm_K3_i000325,confirm_K3_i000796,64,additive,0.1,,excess_ce_H,0.1869620903592428,0.3412834018847581,0.1543213115255153
count_predictor,occupancy_K3_p03,occupancy_contrast,3,confirm_K3_i000325,confirm_K3_i000796,64,interpolated_backoff,0.1,1.0,shape_rmse,0.094057863501324,0.1753829638116286,0.0813251003103046
count_predictor,occupancy_K3_p03,occupancy_contrast,3,confirm_K3_i000325,confirm_K3_i000796,64,interpolated_backoff,0.1,1.0,excess_ce_H,0.122224493568023,0.2302671134525087,0.1080426198844857
count_predictor,occupancy_K3_p03,occupancy_contrast,3,confirm_K3_i000325,confirm_K3_i000796,64,interpolated_backoff,0.1,5.0,shape_rmse,0.0537299939942175,0.0919119374396445,0.038181943445427
count_predictor,occupancy_K3_p03,occupancy_contrast,3,confirm_K3_i000325,confirm_K3_i000796,64,interpolated_backoff,0.1,5.0,excess_ce_H,0.0706374996199772,0.1267212906574277,0.0560837910374505
count_predictor,occupancy_K3_p03,occupancy_contrast,3,confirm_K3_i000325,confirm_K3_i000796,64,interpolated_backoff,0.1,20.0,shape_rmse,0.0263026724078936,0.038344481713927,0.0120418093060334
count_predictor,occupancy_K3_p03,occupancy_contrast,3,confirm_K3_i000325,confirm_K3_i000796,64,interpolated_backoff,0.1,20.0,excess_ce_H,0.0343511493162436,0.0576320838902488,0.0232809345740052
count_predictor,occupancy_K3_p03,occupancy_contrast,3,confirm_K3_i000325,confirm_K3_i000796,64,additive,0.5,,shape_rmse,0.0917450928934514,0.1285753730234548,0.0368302801300033
count_predictor,occupancy_K3_p03,occupancy_contrast,3,confirm_K3_i000325,confirm_K3_i000796,64,additive,0.5,,excess_ce_H,0.1168952294967347,0.1715383616150085,0.0546431321182737
count_predictor,occupancy_K3_p03,occupancy_contrast,3,confirm_K3_i000325,confirm_K3_i000796,64,interpolated_backoff,0.5,1.0,shape_rmse,0.0652769935414305,0.0986493657064995,0.033372372165069
count_predictor,occupancy_K3_p03,occupancy_contrast,3,confirm_K3_i000325,confirm_K3_i000796,64,interpolated_backoff,0.5,1.0,excess_ce_H,0.0840878958206192,0.1347891674591934,0.0507012716385742
count_predictor,occupancy_K3_p03,occupancy_contrast,3,confirm_K3_i000325,confirm_K3_i000796,64,interpolated_backoff,0.5,5.0,shape_rmse,0.0423918790804691,0.0618084797722595,0.0194166006917904
count_predictor,occupancy_K3_p03,occupancy_contrast,3,confirm_K3_i000325,confirm_K3_i000796,64,interpolated_backoff,0.5,5.0,excess_ce_H,0.0548946603666571,0.0883657568776894,0.0334710965110323
count_predictor,occupancy_K3_p03,occupancy_contrast,3,confirm_K3_i000325,confirm_K3_i000796,64,interpolated_backoff,0.5,20.0,shape_rmse,0.0227529780546283,0.0302450452075957,0.0074920671529674
count_predictor,occupancy_K3_p03,occupancy_contrast,3,confirm_K3_i000325,confirm_K3_i000796,64,interpolated_backoff,0.5,20.0,excess_ce_H,0.0290959322391402,0.0468825152192717,0.0177865829801315
count_predictor,occupancy_K3_p03,occupancy_contrast,3,confirm_K3_i000325,confirm_K3_i000796,64,additive,1.0,,shape_rmse,0.0917056221059869,0.1063516362715632,0.0146460141655763
count_predictor,occupancy_K3_p03,occupancy_contrast,3,confirm_K3_i000325,confirm_K3_i000796,64,additive,1.0,,excess_ce_H,0.1166570891576803,0.1437784800304249,0.0271213908727445
count_predictor,occupancy_K3_p03,occupancy_contrast,3,confirm_K3_i000325,confirm_K3_i000796,64,interpolated_backoff,1.0,1.0,shape_rmse,0.0685087150135703,0.0848894910769685,0.0163807760633982
count_predictor,occupancy_K3_p03,occupancy_contrast,3,confirm_K3_i000325,confirm_K3_i000796,64,interpolated_backoff,1.0,1.0,excess_ce_H,0.0878982680708109,0.1173417422207356,0.0294434741499246
count_predictor,occupancy_K3_p03,occupancy_contrast,3,confirm_K3_i000325,confirm_K3_i000796,64,interpolated_backoff,1.0,5.0,shape_rmse,0.0468421007203248,0.0568947155662366,0.0100526148459118
count_predictor,occupancy_K3_p03,occupancy_contrast,3,confirm_K3_i000325,confirm_K3_i000796,64,interpolated_backoff,1.0,5.0,excess_ce_H,0.0603106462784346,0.081903855614271,0.0215932093358364
count_predictor,occupancy_K3_p03,occupancy_contrast,3,confirm_K3_i000325,confirm_K3_i000796,64,interpolated_backoff,1.0,20.0,shape_rmse,0.0261630795304128,0.0298413261071449,0.003678246576732
count_predictor,occupancy_K3_p03,occupancy_contrast,3,confirm_K3_i000325,confirm_K3_i000796,64,interpolated_backoff,1.0,20.0,excess_ce_H,0.0333382340453412,0.0462574297940807,0.0129191957487395
count_predictor,occupancy_K3_p03,occupancy_contrast,3,confirm_K3_i000325,confirm_K3_i000796,128,additive,0.1,,shape_rmse,0.1036791104271952,0.183379731552477,0.0797006211252818
count_predictor,occupancy_K3_p03,occupancy_contrast,3,confirm_K3_i000325,confirm_K3_i000796,128,additive,0.1,,excess_ce_H,0.1283476338117757,0.2314228872943484,0.1030752534825727
count_predictor,occupancy_K3_p03,occupancy_contrast,3,confirm_K3_i000325,confirm_K3_i000796,128,interpolated_backoff,0.1,1.0,shape_rmse,0.0704839564906868,0.1305825230778138,0.0600985665871269
count_predictor,occupancy_K3_p03,occupancy_contrast,3,confirm_K3_i000325,confirm_K3_i000796,128,interpolated_backoff,0.1,1.0,excess_ce_H,0.0874913753168373,0.1676360505561431,0.0801446752393058
count_predictor,occupancy_K3_p03,occupancy_contrast,3,confirm_K3_i000325,confirm_K3_i000796,128,interpolated_backoff,0.1,5.0,shape_rmse,0.0432016152875169,0.0750315055405368,0.0318298902530198
count_predictor,occupancy_K3_p03,occupancy_contrast,3,confirm_K3_i000325,confirm_K3_i000796,128,interpolated_backoff,0.1,5.0,excess_ce_H,0.0532414409472439,0.0999005724636306,0.0466591315163867
count_predictor,occupancy_K3_p03,occupancy_contrast,3,confirm_K3_i000325,confirm_K3_i000796,128,interpolated_backoff,0.1,20.0,shape_rmse,0.0230624332823075,0.03443822383104,0.0113757905487324
count_predictor,occupancy_K3_p03,occupancy_contrast,3,confirm_K3_i000325,confirm_K3_i000796,128,interpolated_backoff,0.1,20.0,excess_ce_H,0.0273191029603292,0.0491196681184162,0.021800565158087
count_predictor,occupancy_K3_p03,occupancy_contrast,3,confirm_K3_i000325,confirm_K3_i000796,128,additive,0.5,,shape_rmse,0.0654323309809693,0.0959819044864679,0.0305495735054985
count_predictor,occupancy_K3_p03,occupancy_contrast,3,confirm_K3_i000325,confirm_K3_i000796,128,additive,0.5,,excess_ce_H,0.0800005520611262,0.1250431630785107,0.0450426110173845
count_predictor,occupancy_K3_p03,occupancy_contrast,3,confirm_K3_i000325,confirm_K3_i000796,128,interpolated_backoff,0.5,1.0,shape_rmse,0.049094183741069,0.0784666184264634,0.0293724346853943
count_predictor,occupancy_K3_p03,occupancy_contrast,3,confirm_K3_i000325,confirm_K3_i000796,128,interpolated_backoff,0.5,1.0,excess_ce_H,0.0599970181609144,0.103781354550857,0.0437843363899426
count_predictor,occupancy_K3_p03,occupancy_contrast,3,confirm_K3_i000325,confirm_K3_i000796,128,interpolated_backoff,0.5,5.0,shape_rmse,0.0335584791317587,0.0525922802175983,0.0190338010858395
count_predictor,occupancy_K3_p03,occupancy_contrast,3,confirm_K3_i000325,confirm_K3_i000796,128,interpolated_backoff,0.5,5.0,excess_ce_H,0.0405235984636624,0.0719513590080938,0.0314277605444313
count_predictor,occupancy_K3_p03,occupancy_contrast,3,confirm_K3_i000325,confirm_K3_i000796,128,interpolated_backoff,0.5,20.0,shape_rmse,0.0193674128862344,0.0273701394649813,0.0080027265787469
count_predictor,occupancy_K3_p03,occupancy_contrast,3,confirm_K3_i000325,confirm_K3_i000796,128,interpolated_backoff,0.5,20.0,excess_ce_H,0.0223306362611086,0.0400631806347169,0.0177325443736083
count_predictor,occupancy_K3_p03,occupancy_contrast,3,confirm_K3_i000325,confirm_K3_i000796,128,additive,1.0,,shape_rmse,0.0650004729988949,0.0803246903117092,0.0153242173128143
count_predictor,occupancy_K3_p03,occupancy_contrast,3,confirm_K3_i000325,confirm_K3_i000796,128,additive,1.0,,excess_ce_H,0.0793142489925293,0.1057683836613174,0.0264541346687881
count_predictor,occupancy_K3_p03,occupancy_contrast,3,confirm_K3_i000325,confirm_K3_i000796,128,interpolated_backoff,1.0,1.0,shape_rmse,0.050681155359115,0.0677375471613592,0.0170563918022442
count_predictor,occupancy_K3_p03,occupancy_contrast,3,confirm_K3_i000325,confirm_K3_i000796,128,interpolated_backoff,1.0,1.0,excess_ce_H,0.0617903363340148,0.0904750882293399,0.0286847518953251
count_predictor,occupancy_K3_p03,occupancy_contrast,3,confirm_K3_i000325,confirm_K3_i000796,128,interpolated_backoff,1.0,5.0,shape_rmse,0.036043118867454,0.0480605646926259,0.0120174458251718
count_predictor,occupancy_K3_p03,occupancy_contrast,3,confirm_K3_i000325,confirm_K3_i000796,128,interpolated_backoff,1.0,5.0,excess_ce_H,0.0434814670728025,0.0661936665703881,0.0227121994975855
count_predictor,occupancy_K3_p03,occupancy_contrast,3,confirm_K3_i000325,confirm_K3_i000796,128,interpolated_backoff,1.0,20.0,shape_rmse,0.0213714880799124,0.0265510381743001,0.0051795500943877
count_predictor,occupancy_K3_p03,occupancy_contrast,3,confirm_K3_i000325,confirm_K3_i000796,128,interpolated_backoff,1.0,20.0,excess_ce_H,0.0247794561858163,0.0389360071438225,0.0141565509580061
count_predictor,occupancy_K3_p03,occupancy_contrast,3,confirm_K3_i000325,confirm_K3_i000796,256,additive,0.1,,shape_rmse,0.0722146072260807,0.113163970958205,0.0409493637321243
count_predictor,occupancy_K3_p03,occupancy_contrast,3,confirm_K3_i000325,confirm_K3_i000796,256,additive,0.1,,excess_ce_H,0.0866501469112444,0.1405206863231223,0.0538705394118779
count_predictor,occupancy_K3_p03,occupancy_contrast,3,confirm_K3_i000325,confirm_K3_i000796,256,interpolated_backoff,0.1,1.0,shape_rmse,0.0527117501380004,0.0848677357839671,0.0321559856459667
count_predictor,occupancy_K3_p03,occupancy_contrast,3,confirm_K3_i000325,confirm_K3_i000796,256,interpolated_backoff,0.1,1.0,excess_ce_H,0.0630540268813322,0.1066811253881112,0.043627098506779
count_predictor,occupancy_K3_p03,occupancy_contrast,3,confirm_K3_i000325,confirm_K3_i000796,256,interpolated_backoff,0.1,5.0,shape_rmse,0.0350853112187133,0.053534940649997,0.0184496294312837
count_predictor,occupancy_K3_p03,occupancy_contrast,3,confirm_K3_i000325,confirm_K3_i000796,256,interpolated_backoff,0.1,5.0,excess_ce_H,0.0412739400076114,0.0689283699351248,0.0276544299275134
count_predictor,occupancy_K3_p03,occupancy_contrast,3,confirm_K3_i000325,confirm_K3_i000796,256,interpolated_backoff,0.1,20.0,shape_rmse,0.0207841034298522,0.0273021818072817,0.0065180783774295
count_predictor,occupancy_K3_p03,occupancy_contrast,3,confirm_K3_i000325,confirm_K3_i000796,256,interpolated_backoff,0.1,20.0,excess_ce_H,0.023150701167476,0.0367977343176579,0.0136470331501818
count_predictor,occupancy_K3_p03,occupancy_contrast,3,confirm_K3_i000325,confirm_K3_i000796,256,additive,0.5,,shape_rmse,0.0464557502500248,0.0632479606919642,0.0167922104419393
count_predictor,occupancy_K3_p03,occupancy_contrast,3,confirm_K3_i000325,confirm_K3_i000796,256,additive,0.5,,excess_ce_H,0.0546957612798997,0.0805039062361643,0.0258081449562645
count_predictor,occupancy_K3_p03,occupancy_contrast,3,confirm_K3_i000325,confirm_K3_i000796,256,interpolated_backoff,0.5,1.0,shape_rmse,0.0373977280013979,0.0537579962487657,0.0163602682473677
count_predictor,occupancy_K3_p03,occupancy_contrast,3,confirm_K3_i000325,confirm_K3_i000796,256,interpolated_backoff,0.5,1.0,excess_ce_H,0.043740675779281,0.0691067274412264,0.0253660516619453
count_predictor,occupancy_K3_p03,occupancy_contrast,3,confirm_K3_i000325,confirm_K3_i000796,256,interpolated_backoff,0.5,5.0,shape_rmse,0.0273825205210103,0.039031924892667,0.0116494043716566
count_predictor,occupancy_K3_p03,occupancy_contrast,3,confirm_K3_i000325,confirm_K3_i000796,256,interpolated_backoff,0.5,5.0,excess_ce_H,0.031350840506036,0.051225810645255,0.0198749701392189
count_predictor,occupancy_K3_p03,occupancy_contrast,3,confirm_K3_i000325,confirm_K3_i000796,256,interpolated_backoff,0.5,20.0,shape_rmse,0.0173966733735859,0.0222562293901532,0.0048595560165673
count_predictor,occupancy_K3_p03,occupancy_contrast,3,confirm_K3_i000325,confirm_K3_i000796,256,interpolated_backoff,0.5,20.0,excess_ce_H,0.0187224650430681,0.0305112280972099,0.0117887630541418
count_predictor,occupancy_K3_p03,occupancy_contrast,3,confirm_K3_i000325,confirm_K3_i000796,256,additive,1.0,,shape_rmse,0.0456276318181947,0.0540320004848782,0.0084043686666834
count_predictor,occupancy_K3_p03,occupancy_contrast,3,confirm_K3_i000325,confirm_K3_i000796,256,additive,1.0,,excess_ce_H,0.0535706595264613,0.0693081690234431,0.0157375094969818
count_predictor,occupancy_K3_p03,occupancy_contrast,3,confirm_K3_i000325,confirm_K3_i000796,256,interpolated_backoff,1.0,1.0,shape_rmse,0.0377194921623812,0.0471494655024763,0.009429973340095
count_predictor,occupancy_K3_p03,occupancy_contrast,3,confirm_K3_i000325,confirm_K3_i000796,256,interpolated_backoff,1.0,1.0,excess_ce_H,0.0439953633627154,0.061034935837976,0.0170395724752605
count_predictor,occupancy_K3_p03,occupancy_contrast,3,confirm_K3_i000325,confirm_K3_i000796,256,interpolated_backoff,1.0,5.0,shape_rmse,0.0283561735770152,0.0358312715402908,0.0074750979632756
count_predictor,occupancy_K3_p03,occupancy_contrast,3,confirm_K3_i000325,confirm_K3_i000796,256,interpolated_backoff,1.0,5.0,excess_ce_H,0.032423535716322,0.0472538229304055,0.0148302872140834
count_predictor,occupancy_K3_p03,occupancy_contrast,3,confirm_K3_i000325,confirm_K3_i000796,256,interpolated_backoff,1.0,20.0,shape_rmse,0.0182738058309741,0.0214734464399629,0.0031996406089888
count_predictor,occupancy_K3_p03,occupancy_contrast,3,confirm_K3_i000325,confirm_K3_i000796,256,interpolated_backoff,1.0,20.0,excess_ce_H,0.0197352793659781,0.0294817981223911,0.009746518756413
count_predictor,occupancy_K3_p03,occupancy_contrast,3,confirm_K3_i000325,confirm_K3_i000796,512,additive,0.1,,shape_rmse,0.0439464132147137,0.0700966164489187,0.0261502032342049
count_predictor,occupancy_K3_p03,occupancy_contrast,3,confirm_K3_i000325,confirm_K3_i000796,512,additive,0.1,,excess_ce_H,0.05026412690039,0.0864986754517675,0.0362345485513775
count_predictor,occupancy_K3_p03,occupancy_contrast,3,confirm_K3_i000325,confirm_K3_i000796,512,interpolated_backoff,0.1,1.0,shape_rmse,0.0335485579935599,0.0550371992745207,0.0214886412809608
count_predictor,occupancy_K3_p03,occupancy_contrast,3,confirm_K3_i000325,confirm_K3_i000796,512,interpolated_backoff,0.1,1.0,excess_ce_H,0.0377302212623498,0.0687173246609345,0.0309871033985846
count_predictor,occupancy_K3_p03,occupancy_contrast,3,confirm_K3_i000325,confirm_K3_i000796,512,interpolated_backoff,0.1,5.0,shape_rmse,0.0231942223582784,0.0379489815519747,0.0147547591936963
count_predictor,occupancy_K3_p03,occupancy_contrast,3,confirm_K3_i000325,confirm_K3_i000796,512,interpolated_backoff,0.1,5.0,excess_ce_H,0.0250364061939556,0.0483323110100544,0.0232959048160988
count_predictor,occupancy_K3_p03,occupancy_contrast,3,confirm_K3_i000325,confirm_K3_i000796,512,interpolated_backoff,0.1,20.0,shape_rmse,0.0141105759163133,0.0217991142488799,0.0076885383325666
count_predictor,occupancy_K3_p03,occupancy_contrast,3,confirm_K3_i000325,confirm_K3_i000796,512,interpolated_backoff,0.1,20.0,excess_ce_H,0.0136644183009286,0.0288074632848125,0.0151430449838838
count_predictor,occupancy_K3_p03,occupancy_contrast,3,confirm_K3_i000325,confirm_K3_i000796,512,additive,0.5,,shape_rmse,0.0287371685934882,0.0420046888496551,0.0132675202561669
count_predictor,occupancy_K3_p03,occupancy_contrast,3,confirm_K3_i000325,confirm_K3_i000796,512,additive,0.5,,excess_ce_H,0.0315229359907205,0.0531660148265478,0.0216430788358273
count_predictor,occupancy_K3_p03,occupancy_contrast,3,confirm_K3_i000325,confirm_K3_i000796,512,interpolated_backoff,0.5,1.0,shape_rmse,0.0240155908568893,0.0369483356740236,0.0129327448171343
count_predictor,occupancy_K3_p03,occupancy_contrast,3,confirm_K3_i000325,confirm_K3_i000796,512,interpolated_backoff,0.5,1.0,excess_ce_H,0.0258293876006163,0.0471593352405796,0.0213299476399633
count_predictor,occupancy_K3_p03,occupancy_contrast,3,confirm_K3_i000325,confirm_K3_i000796,512,interpolated_backoff,0.5,5.0,shape_rmse,0.018256893984564,0.0286885417851932,0.0104316478006292
count_predictor,occupancy_K3_p03,occupancy_contrast,3,confirm_K3_i000325,confirm_K3_i000796,512,interpolated_backoff,0.5,5.0,excess_ce_H,0.0187560937281756,0.037230767746921,0.0184746740187454
count_predictor,occupancy_K3_p03,occupancy_contrast,3,confirm_K3_i000325,confirm_K3_i000796,512,interpolated_backoff,0.5,20.0,shape_rmse,0.0120054920793298,0.0181317802029823,0.0061262881236525
count_predictor,occupancy_K3_p03,occupancy_contrast,3,confirm_K3_i000325,confirm_K3_i000796,512,interpolated_backoff,0.5,20.0,excess_ce_H,0.0109426607759519,0.0243673400362158,0.0134246792602638
count_predictor,occupancy_K3_p03,occupancy_contrast,3,confirm_K3_i000325,confirm_K3_i000796,512,additive,1.0,,shape_rmse,0.0282838765060549,0.0361756286481453,0.0078917521420904
count_predictor,occupancy_K3_p03,occupancy_contrast,3,confirm_K3_i000325,confirm_K3_i000796,512,additive,1.0,,excess_ce_H,0.0308876933707111,0.0461904617854247,0.0153027684147135
count_predictor,occupancy_K3_p03,occupancy_contrast,3,confirm_K3_i000325,confirm_K3_i000796,512,interpolated_backoff,1.0,1.0,shape_rmse,0.024160234658098,0.0325723352019836,0.0084121005438855
count_predictor,occupancy_K3_p03,occupancy_contrast,3,confirm_K3_i000325,confirm_K3_i000796,512,interpolated_backoff,1.0,1.0,excess_ce_H,0.025915394969816,0.0418972930188477,0.0159818980490317
count_predictor,occupancy_K3_p03,occupancy_contrast,3,confirm_K3_i000325,confirm_K3_i000796,512,interpolated_backoff,1.0,5.0,shape_rmse,0.0188301894363881,0.0262142789767316,0.0073840895403434
count_predictor,occupancy_K3_p03,occupancy_contrast,3,confirm_K3_i000325,confirm_K3_i000796,512,interpolated_backoff,1.0,5.0,excess_ce_H,0.0193734056804517,0.0342301454897584,0.0148567398093066
count_predictor,occupancy_K3_p03,occupancy_contrast,3,confirm_K3_i000325,confirm_K3_i000796,512,interpolated_backoff,1.0,20.0,shape_rmse,0.0125946530862391,0.0172095977240445,0.0046149446378054
count_predictor,occupancy_K3_p03,occupancy_contrast,3,confirm_K3_i000325,confirm_K3_i000796,512,interpolated_backoff,1.0,20.0,excess_ce_H,0.011613606504975,0.0232295311146546,0.0116159246096796
count_predictor,occupancy_K3_p03,occupancy_contrast,3,confirm_K3_i000325,confirm_K3_i000796,1024,additive,0.1,,shape_rmse,0.0265151705811533,0.0366774776020376,0.0101623070208843
count_predictor,occupancy_K3_p03,occupancy_contrast,3,confirm_K3_i000325,confirm_K3_i000796,1024,additive,0.1,,excess_ce_H,0.0278114672729807,0.0445175939601827,0.016706126687202
count_predictor,occupancy_K3_p03,occupancy_contrast,3,confirm_K3_i000325,confirm_K3_i000796,1024,interpolated_backoff,0.1,1.0,shape_rmse,0.0210486450712319,0.0303529186744755,0.0093042736032436
count_predictor,occupancy_K3_p03,occupancy_contrast,3,confirm_K3_i000325,confirm_K3_i000796,1024,interpolated_backoff,0.1,1.0,excess_ce_H,0.0213246682002341,0.037092251910981,0.0157675837107468
count_predictor,occupancy_K3_p03,occupancy_contrast,3,confirm_K3_i000325,confirm_K3_i000796,1024,interpolated_backoff,0.1,5.0,shape_rmse,0.0152028530835075,0.0226542378979113,0.0074513848144038
count_predictor,occupancy_K3_p03,occupancy_contrast,3,confirm_K3_i000325,confirm_K3_i000796,1024,interpolated_backoff,0.1,5.0,excess_ce_H,0.0143253392353803,0.027978702059819,0.0136533628244387
count_predictor,occupancy_K3_p03,occupancy_contrast,3,confirm_K3_i000325,confirm_K3_i000796,1024,interpolated_backoff,0.1,20.0,shape_rmse,0.0098082137226167,0.0144164905530029,0.0046082768303861
count_predictor,occupancy_K3_p03,occupancy_contrast,3,confirm_K3_i000325,confirm_K3_i000796,1024,interpolated_backoff,0.1,20.0,excess_ce_H,0.0077469867135271,0.0181450641392746,0.0103980774257475
count_predictor,occupancy_K3_p03,occupancy_contrast,3,confirm_K3_i000325,confirm_K3_i000796,1024,additive,0.5,,shape_rmse,0.017972112597128,0.0236988409632555,0.0057267283661274
count_predictor,occupancy_K3_p03,occupancy_contrast,3,confirm_K3_i000325,confirm_K3_i000796,1024,additive,0.5,,excess_ce_H,0.0175838185066095,0.0292318253820145,0.011648006875405
count_predictor,occupancy_K3_p03,occupancy_contrast,3,confirm_K3_i000325,confirm_K3_i000796,1024,interpolated_backoff,0.5,1.0,shape_rmse,0.0156097666884119,0.0214808041023955,0.0058710374139836
count_predictor,occupancy_K3_p03,occupancy_contrast,3,confirm_K3_i000325,confirm_K3_i000796,1024,interpolated_backoff,0.5,1.0,excess_ce_H,0.0147678523192225,0.026616237782773,0.0118483854635505
count_predictor,occupancy_K3_p03,occupancy_contrast,3,confirm_K3_i000325,confirm_K3_i000796,1024,interpolated_backoff,0.5,5.0,shape_rmse,0.0123240297515772,0.0176714652621126,0.0053474355105354
count_predictor,occupancy_K3_p03,occupancy_contrast,3,confirm_K3_i000325,confirm_K3_i000796,1024,interpolated_backoff,0.5,5.0,excess_ce_H,0.0108111973294493,0.022080729727147,0.0112695323976977
count_predictor,occupancy_K3_p03,occupancy_contrast,3,confirm_K3_i000325,confirm_K3_i000796,1024,interpolated_backoff,0.5,20.0,shape_rmse,0.0085896505340159,0.0121843309767829,0.0035946804427669
count_predictor,occupancy_K3_p03,occupancy_contrast,3,confirm_K3_i000325,confirm_K3_i000796,1024,interpolated_backoff,0.5,20.0,excess_ce_H,0.0062354927929155,0.0154958457496197,0.0092603529567042
count_predictor,occupancy_K3_p03,occupancy_contrast,3,confirm_K3_i000325,confirm_K3_i000796,1024,additive,1.0,,shape_rmse,0.0177556047544048,0.0209826403041211,0.0032270355497163
count_predictor,occupancy_K3_p03,occupancy_contrast,3,confirm_K3_i000325,confirm_K3_i000796,1024,additive,1.0,,excess_ce_H,0.0173386462362856,0.0260246875708074,0.0086860413345217
count_predictor,occupancy_K3_p03,occupancy_contrast,3,confirm_K3_i000325,confirm_K3_i000796,1024,interpolated_backoff,1.0,1.0,shape_rmse,0.0157071882215709,0.0193558232863085,0.0036486350647375
count_predictor,occupancy_K3_p03,occupancy_contrast,3,confirm_K3_i000325,confirm_K3_i000796,1024,interpolated_backoff,1.0,1.0,excess_ce_H,0.0148913973971125,0.0241025232128371,0.0092111258157246
count_predictor,occupancy_K3_p03,occupancy_contrast,3,confirm_K3_i000325,confirm_K3_i000796,1024,interpolated_backoff,1.0,5.0,shape_rmse,0.0126496922071338,0.0163384953297889,0.003688803122655
count_predictor,occupancy_K3_p03,occupancy_contrast,3,confirm_K3_i000325,confirm_K3_i000796,1024,interpolated_backoff,1.0,5.0,excess_ce_H,0.0112014549486538,0.020502047915534,0.0093005929668802
count_predictor,occupancy_K3_p03,occupancy_contrast,3,confirm_K3_i000325,confirm_K3_i000796,1024,interpolated_backoff,1.0,20.0,shape_rmse,0.0089276037961301,0.0115626434879536,0.0026350396918235
count_predictor,occupancy_K3_p03,occupancy_contrast,3,confirm_K3_i000325,confirm_K3_i000796,1024,interpolated_backoff,1.0,20.0,excess_ce_H,0.0066407098774048,0.0147609172765854,0.0081202073991806
count_predictor,occupancy_K3_p03,occupancy_contrast,3,confirm_K3_i000325,confirm_K3_i000796,2048,additive,0.1,,shape_rmse,0.0152535154780074,0.020316128909668,0.0050626134316606
count_predictor,occupancy_K3_p03,occupancy_contrast,3,confirm_K3_i000325,confirm_K3_i000796,2048,additive,0.1,,excess_ce_H,0.0140161474291553,0.0245044747572575,0.0104883273281022
count_predictor,occupancy_K3_p03,occupancy_contrast,3,confirm_K3_i000325,confirm_K3_i000796,2048,interpolated_backoff,0.1,1.0,shape_rmse,0.0125762452466279,0.0175532528421393,0.0049770075955114
count_predictor,occupancy_K3_p03,occupancy_contrast,3,confirm_K3_i000325,confirm_K3_i000796,2048,interpolated_backoff,0.1,1.0,excess_ce_H,0.0108375580205715,0.0212681753574812,0.0104306173369097
count_predictor,occupancy_K3_p03,occupancy_contrast,3,confirm_K3_i000325,confirm_K3_i000796,2048,interpolated_backoff,0.1,5.0,shape_rmse,0.0096396990285067,0.0137800928891093,0.0041403938606026
count_predictor,occupancy_K3_p03,occupancy_contrast,3,confirm_K3_i000325,confirm_K3_i000796,2048,interpolated_backoff,0.1,5.0,excess_ce_H,0.0073120867718337,0.0168401088139245,0.0095280220420908
count_predictor,occupancy_K3_p03,occupancy_contrast,3,confirm_K3_i000325,confirm_K3_i000796,2048,interpolated_backoff,0.1,20.0,shape_rmse,0.0066713335378412,0.0094336126981286,0.0027622791602873
count_predictor,occupancy_K3_p03,occupancy_contrast,3,confirm_K3_i000325,confirm_K3_i000796,2048,interpolated_backoff,0.1,20.0,excess_ce_H,0.0036979496633928,0.0117226470197828,0.00802469735639
count_predictor,occupancy_K3_p03,occupancy_contrast,3,confirm_K3_i000325,confirm_K3_i000796,2048,additive,0.5,,shape_rmse,0.0107286694248359,0.0140568471372103,0.0033281777123743
count_predictor,occupancy_K3_p03,occupancy_contrast,3,confirm_K3_i000325,confirm_K3_i000796,2048,additive,0.5,,excess_ce_H,0.0086002687660722,0.0172116744208568,0.0086114056547846
count_predictor,occupancy_K3_p03,occupancy_contrast,3,confirm_K3_i000325,confirm_K3_i000796,2048,interpolated_backoff,0.5,1.0,shape_rmse,0.0095860571436607,0.0130648224561627,0.003478765312502
count_predictor,occupancy_K3_p03,occupancy_contrast,3,confirm_K3_i000325,confirm_K3_i000796,2048,interpolated_backoff,0.5,1.0,excess_ce_H,0.0072406732662448,0.0160464811077987,0.0088058078415538
count_predictor,occupancy_K3_p03,occupancy_contrast,3,confirm_K3_i000325,confirm_K3_i000796,2048,interpolated_backoff,0.5,5.0,shape_rmse,0.0079461240314471,0.0111643158785742,0.0032181918471271
count_predictor,occupancy_K3_p03,occupancy_contrast,3,confirm_K3_i000325,confirm_K3_i000796,2048,interpolated_backoff,0.5,5.0,excess_ce_H,0.0052618266534503,0.013805448893551,0.0085436222401007
count_predictor,occupancy_K3_p03,occupancy_contrast,3,confirm_K3_i000325,confirm_K3_i000796,2048,interpolated_backoff,0.5,20.0,shape_rmse,0.0059220509608042,0.008228507145511,0.0023064561847068
count_predictor,occupancy_K3_p03,occupancy_contrast,3,confirm_K3_i000325,confirm_K3_i000796,2048,interpolated_backoff,0.5,20.0,excess_ce_H,0.0027818181654872,0.0103307406925228,0.0075489225270355
count_predictor,occupancy_K3_p03,occupancy_contrast,3,confirm_K3_i000325,confirm_K3_i000796,2048,additive,1.0,,shape_rmse,0.0105963796196887,0.012639216413954,0.0020428367942653
count_predictor,occupancy_K3_p03,occupancy_contrast,3,confirm_K3_i000325,confirm_K3_i000796,2048,additive,1.0,,excess_ce_H,0.008440387437901,0.0155728945923396,0.0071325071544385
count_predictor,occupancy_K3_p03,occupancy_contrast,3,confirm_K3_i000325,confirm_K3_i000796,2048,interpolated_backoff,1.0,1.0,shape_rmse,0.0096190149452823,0.0118974750627633,0.0022784601174809
count_predictor,occupancy_K3_p03,occupancy_contrast,3,confirm_K3_i000325,confirm_K3_i000796,2048,interpolated_backoff,1.0,1.0,excess_ce_H,0.0072760844710224,0.0147011175045104,0.007425033033488
count_predictor,occupancy_K3_p03,occupancy_contrast,3,confirm_K3_i000325,confirm_K3_i000796,2048,interpolated_backoff,1.0,5.0,shape_rmse,0.0080853195148374,0.0103864886290605,0.002301169114223
count_predictor,occupancy_K3_p03,occupancy_contrast,3,confirm_K3_i000325,confirm_K3_i000796,2048,interpolated_backoff,1.0,5.0,excess_ce_H,0.0054250630591008,0.0129161302629292,0.0074910672038284
count_predictor,occupancy_K3_p03,occupancy_contrast,3,confirm_K3_i000325,confirm_K3_i000796,2048,interpolated_backoff,1.0,20.0,shape_rmse,0.0060739765553911,0.0078331615631549,0.0017591850077637
count_predictor,occupancy_K3_p03,occupancy_contrast,3,confirm_K3_i000325,confirm_K3_i000796,2048,interpolated_backoff,1.0,20.0,excess_ce_H,0.0029632493212803,0.0098867750151334,0.0069235256938531
count_predictor,occupancy_K4_p04,occupancy_contrast,4,confirm_K4_i000541,confirm_K4_i000955,64,additive,0.1,,shape_rmse,0.2055084462982653,0.3767817604154126,0.1712733141171473
count_predictor,occupancy_K4_p04,occupancy_contrast,4,confirm_K4_i000541,confirm_K4_i000955,64,additive,0.1,,excess_ce_H,0.2713710236339024,0.4879299313558962,0.2165589077219937
count_predictor,occupancy_K4_p04,occupancy_contrast,4,confirm_K4_i000541,confirm_K4_i000955,64,interpolated_backoff,0.1,1.0,shape_rmse,0.1364250264332112,0.2449448789335099,0.1085198525002987
count_predictor,occupancy_K4_p04,occupancy_contrast,4,confirm_K4_i000541,confirm_K4_i000955,64,interpolated_backoff,0.1,1.0,excess_ce_H,0.1844535345020252,0.326865569043528,0.1424120345415027
count_predictor,occupancy_K4_p04,occupancy_contrast,4,confirm_K4_i000541,confirm_K4_i000955,64,interpolated_backoff,0.1,5.0,shape_rmse,0.0770309143794159,0.124649083774878,0.0476181693954621
count_predictor,occupancy_K4_p04,occupancy_contrast,4,confirm_K4_i000541,confirm_K4_i000955,64,interpolated_backoff,0.1,5.0,excess_ce_H,0.1071946075046259,0.1752515106337018,0.0680569031290759
count_predictor,occupancy_K4_p04,occupancy_contrast,4,confirm_K4_i000541,confirm_K4_i000955,64,interpolated_backoff,0.1,20.0,shape_rmse,0.0340031186182242,0.0484490068345061,0.0144458882162818
count_predictor,occupancy_K4_p04,occupancy_contrast,4,confirm_K4_i000541,confirm_K4_i000955,64,interpolated_backoff,0.1,20.0,excess_ce_H,0.049798559546295,0.0752630477046927,0.0254644881583977
count_predictor,occupancy_K4_p04,occupancy_contrast,4,confirm_K4_i000541,confirm_K4_i000955,64,additive,0.5,,shape_rmse,0.1030180369525023,0.1311936810334544,0.0281756440809521
count_predictor,occupancy_K4_p04,occupancy_contrast,4,confirm_K4_i000541,confirm_K4_i000955,64,additive,0.5,,excess_ce_H,0.1392214719158304,0.1840962277753073,0.0448747558594768
count_predictor,occupancy_K4_p04,occupancy_contrast,4,confirm_K4_i000541,confirm_K4_i000955,64,interpolated_backoff,0.5,1.0,shape_rmse,0.069612769340002,0.1010913223744886,0.0314785530344866
count_predictor,occupancy_K4_p04,occupancy_contrast,4,confirm_K4_i000541,confirm_K4_i000955,64,interpolated_backoff,0.5,1.0,excess_ce_H,0.0977881875799744,0.1463161519016145,0.0485279643216401
count_predictor,occupancy_K4_p04,occupancy_contrast,4,confirm_K4_i000541,confirm_K4_i000955,64,interpolated_backoff,0.5,5.0,shape_rmse,0.0441507829036064,0.0642222146671624,0.0200714317635559
count_predictor,occupancy_K4_p04,occupancy_contrast,4,confirm_K4_i000541,confirm_K4_i000955,64,interpolated_backoff,0.5,5.0,excess_ce_H,0.0643467011211285,0.0978906019238214,0.0335439008026929
count_predictor,occupancy_K4_p04,occupancy_contrast,4,confirm_K4_i000541,confirm_K4_i000955,64,interpolated_backoff,0.5,20.0,shape_rmse,0.0234999104700285,0.031690192918659,0.0081902824486305
count_predictor,occupancy_K4_p04,occupancy_contrast,4,confirm_K4_i000541,confirm_K4_i000955,64,interpolated_backoff,0.5,20.0,excess_ce_H,0.0358727984585229,0.0531206061305646,0.0172478076720417
count_predictor,occupancy_K4_p04,occupancy_contrast,4,confirm_K4_i000541,confirm_K4_i000955,64,additive,1.0,,shape_rmse,0.0922809411180538,0.0847192870927481,-0.0075616540253056
count_predictor,occupancy_K4_p04,occupancy_contrast,4,confirm_K4_i000541,confirm_K4_i000955,64,additive,1.0,,excess_ce_H,0.1242549460533168,0.123661396144362,-0.0005935499089547
count_predictor,occupancy_K4_p04,occupancy_contrast,4,confirm_K4_i000541,confirm_K4_i000955,64,interpolated_backoff,1.0,1.0,shape_rmse,0.0614498444714661,0.0664894031820944,0.0050395587106282
count_predictor,occupancy_K4_p04,occupancy_contrast,4,confirm_K4_i000541,confirm_K4_i000955,64,interpolated_backoff,1.0,1.0,excess_ce_H,0.0862565060822646,0.1005866250877081,0.0143301190054435
count_predictor,occupancy_K4_p04,occupancy_contrast,4,confirm_K4_i000541,confirm_K4_i000955,64,interpolated_backoff,1.0,5.0,shape_rmse,0.0382332045068638,0.0447607974568087,0.0065275929499448
count_predictor,occupancy_K4_p04,occupancy_contrast,4,confirm_K4_i000541,confirm_K4_i000955,64,interpolated_backoff,1.0,5.0,excess_ce_H,0.0560349382475469,0.0716055872968861,0.0155706490493391
count_predictor,occupancy_K4_p04,occupancy_contrast,4,confirm_K4_i000541,confirm_K4_i000955,64,interpolated_backoff,1.0,20.0,shape_rmse,0.0204843512956878,0.02405252577464,0.0035681744789522
count_predictor,occupancy_K4_p04,occupancy_contrast,4,confirm_K4_i000541,confirm_K4_i000955,64,interpolated_backoff,1.0,20.0,excess_ce_H,0.0316331224054118,0.0425417564977512,0.0109086340923394
count_predictor,occupancy_K4_p04,occupancy_contrast,4,confirm_K4_i000541,confirm_K4_i000955,128,additive,0.1,,shape_rmse,0.167797155527628,0.2983619524920138,0.1305647969643858
count_predictor,occupancy_K4_p04,occupancy_contrast,4,confirm_K4_i000541,confirm_K4_i000955,128,additive,0.1,,excess_ce_H,0.2118089992188814,0.3737238480728804,0.1619148488539989
count_predictor,occupancy_K4_p04,occupancy_contrast,4,confirm_K4_i000541,confirm_K4_i000955,128,interpolated_backoff,0.1,1.0,shape_rmse,0.115440996710922,0.2029642217145972,0.0875232250036751
count_predictor,occupancy_K4_p04,occupancy_contrast,4,confirm_K4_i000541,confirm_K4_i000955,128,interpolated_backoff,0.1,1.0,excess_ce_H,0.1484346009833328,0.2608236805340453,0.1123890795507125
count_predictor,occupancy_K4_p04,occupancy_contrast,4,confirm_K4_i000541,confirm_K4_i000955,128,interpolated_backoff,0.1,5.0,shape_rmse,0.0666911403560528,0.1068705723134803,0.0401794319574275
count_predictor,occupancy_K4_p04,occupancy_contrast,4,confirm_K4_i000541,confirm_K4_i000955,128,interpolated_backoff,0.1,5.0,excess_ce_H,0.0878174769176187,0.1448773331689388,0.0570598562513201
count_predictor,occupancy_K4_p04,occupancy_contrast,4,confirm_K4_i000541,confirm_K4_i000955,128,interpolated_backoff,0.1,20.0,shape_rmse,0.0305289975891612,0.0436020154874517,0.0130730178982904
count_predictor,occupancy_K4_p04,occupancy_contrast,4,confirm_K4_i000541,confirm_K4_i000955,128,interpolated_backoff,0.1,20.0,excess_ce_H,0.0418484283776985,0.0656341054305404,0.0237856770528418
count_predictor,occupancy_K4_p04,occupancy_contrast,4,confirm_K4_i000541,confirm_K4_i000955,128,additive,0.5,,shape_rmse,0.082267448366484,0.1151622208589656,0.0328947724924816
count_predictor,occupancy_K4_p04,occupancy_contrast,4,confirm_K4_i000541,confirm_K4_i000955,128,additive,0.5,,excess_ce_H,0.1064707370442972,0.1547325721507308,0.0482618351064336
count_predictor,occupancy_K4_p04,occupancy_contrast,4,confirm_K4_i000541,confirm_K4_i000955,128,interpolated_backoff,0.5,1.0,shape_rmse,0.0605331242258301,0.0927732617820774,0.0322401375562473
count_predictor,occupancy_K4_p04,occupancy_contrast,4,confirm_K4_i000541,confirm_K4_i000955,128,interpolated_backoff,0.5,1.0,excess_ce_H,0.0803039758318455,0.127775544729936,0.0474715688980904
count_predictor,occupancy_K4_p04,occupancy_contrast,4,confirm_K4_i000541,confirm_K4_i000955,128,interpolated_backoff,0.5,5.0,shape_rmse,0.0404542675435362,0.0599681091060514,0.0195138415625152
count_predictor,occupancy_K4_p04,occupancy_contrast,4,confirm_K4_i000541,confirm_K4_i000955,128,interpolated_backoff,0.5,5.0,excess_ce_H,0.0550864103779427,0.0871788704007294,0.0320924600227867
count_predictor,occupancy_K4_p04,occupancy_contrast,4,confirm_K4_i000541,confirm_K4_i000955,128,interpolated_backoff,0.5,20.0,shape_rmse,0.0222259982861558,0.0300418734502554,0.0078158751640995
count_predictor,occupancy_K4_p04,occupancy_contrast,4,confirm_K4_i000541,confirm_K4_i000955,128,interpolated_backoff,0.5,20.0,excess_ce_H,0.0313259084273589,0.0483941758533101,0.0170682674259512
count_predictor,occupancy_K4_p04,occupancy_contrast,4,confirm_K4_i000541,confirm_K4_i000955,128,additive,1.0,,shape_rmse,0.0710245784831325,0.074492606721176,0.0034680282380434
count_predictor,occupancy_K4_p04,occupancy_contrast,4,confirm_K4_i000541,confirm_K4_i000955,128,additive,1.0,,excess_ce_H,0.0921596347550988,0.1044777347512431,0.0123180999961443
count_predictor,occupancy_K4_p04,occupancy_contrast,4,confirm_K4_i000541,confirm_K4_i000955,128,interpolated_backoff,1.0,1.0,shape_rmse,0.0518357141155194,0.0618077224983107,0.0099720083827913
count_predictor,occupancy_K4_p04,occupancy_contrast,4,confirm_K4_i000541,confirm_K4_i000955,128,interpolated_backoff,1.0,1.0,excess_ce_H,0.0691143666360727,0.0890579180153534,0.0199435513792806
count_predictor,occupancy_K4_p04,occupancy_contrast,4,confirm_K4_i000541,confirm_K4_i000955,128,interpolated_backoff,1.0,5.0,shape_rmse,0.0345100656353662,0.0425237448347474,0.0080136791993812
count_predictor,occupancy_K4_p04,occupancy_contrast,4,confirm_K4_i000541,confirm_K4_i000955,128,interpolated_backoff,1.0,5.0,excess_ce_H,0.0474072509644196,0.064856611920339,0.0174493609559193
count_predictor,occupancy_K4_p04,occupancy_contrast,4,confirm_K4_i000541,confirm_K4_i000955,128,interpolated_backoff,1.0,20.0,shape_rmse,0.0193462602876827,0.0231973200611286,0.0038510597734458
count_predictor,occupancy_K4_p04,occupancy_contrast,4,confirm_K4_i000541,confirm_K4_i000955,128,interpolated_backoff,1.0,20.0,excess_ce_H,0.0275620585065086,0.0393444746940936,0.011782416187585
count_predictor,occupancy_K4_p04,occupancy_contrast,4,confirm_K4_i000541,confirm_K4_i000955,256,additive,0.1,,shape_rmse,0.1207378145797006,0.199505577471741,0.0787677628920403
count_predictor,occupancy_K4_p04,occupancy_contrast,4,confirm_K4_i000541,confirm_K4_i000955,256,additive,0.1,,excess_ce_H,0.148204109222148,0.2453840740244426,0.0971799648022946
count_predictor,occupancy_K4_p04,occupancy_contrast,4,confirm_K4_i000541,confirm_K4_i000955,256,interpolated_backoff,0.1,1.0,shape_rmse,0.0865544565670432,0.1458284343512352,0.0592739777841919
count_predictor,occupancy_K4_p04,occupancy_contrast,4,confirm_K4_i000541,confirm_K4_i000955,256,interpolated_backoff,0.1,1.0,excess_ce_H,0.1076213188697499,0.1829301388894801,0.0753088200197301
count_predictor,occupancy_K4_p04,occupancy_contrast,4,confirm_K4_i000541,confirm_K4_i000955,256,interpolated_backoff,0.1,5.0,shape_rmse,0.0518231632469687,0.083912792369523,0.0320896291225542
count_predictor,occupancy_K4_p04,occupancy_contrast,4,confirm_K4_i000541,confirm_K4_i000955,256,interpolated_backoff,0.1,5.0,excess_ce_H,0.0655832712173793,0.1102145701614598,0.0446312989440805
count_predictor,occupancy_K4_p04,occupancy_contrast,4,confirm_K4_i000541,confirm_K4_i000955,256,interpolated_backoff,0.1,20.0,shape_rmse,0.0245492682606854,0.0379748747534274,0.013425606492742
count_predictor,occupancy_K4_p04,occupancy_contrast,4,confirm_K4_i000541,confirm_K4_i000955,256,interpolated_backoff,0.1,20.0,excess_ce_H,0.0318962176443748,0.0548315054060335,0.0229352877616587
count_predictor,occupancy_K4_p04,occupancy_contrast,4,confirm_K4_i000541,confirm_K4_i000955,256,additive,0.5,,shape_rmse,0.060137233141774,0.09055565830147,0.030418425159696
count_predictor,occupancy_K4_p04,occupancy_contrast,4,confirm_K4_i000541,confirm_K4_i000955,256,additive,0.5,,excess_ce_H,0.075187035073263,0.1179886301478778,0.0428015950746148
count_predictor,occupancy_K4_p04,occupancy_contrast,4,confirm_K4_i000541,confirm_K4_i000955,256,interpolated_backoff,0.5,1.0,shape_rmse,0.0469265913523011,0.0769899293090153,0.0300633379567141
count_predictor,occupancy_K4_p04,occupancy_contrast,4,confirm_K4_i000541,confirm_K4_i000955,256,interpolated_backoff,0.5,1.0,excess_ce_H,0.0595461740008707,0.1020203323647379,0.0424741583638672
count_predictor,occupancy_K4_p04,occupancy_contrast,4,confirm_K4_i000541,confirm_K4_i000955,256,interpolated_backoff,0.5,5.0,shape_rmse,0.0326108880844768,0.0535067931897274,0.0208959051052506
count_predictor,occupancy_K4_p04,occupancy_contrast,4,confirm_K4_i000541,confirm_K4_i000955,256,interpolated_backoff,0.5,5.0,excess_ce_H,0.0421259557114928,0.0739995456202029,0.0318735899087101
count_predictor,occupancy_K4_p04,occupancy_contrast,4,confirm_K4_i000541,confirm_K4_i000955,256,interpolated_backoff,0.5,20.0,shape_rmse,0.0183567665508911,0.0286155270723398,0.0102587605214486
count_predictor,occupancy_K4_p04,occupancy_contrast,4,confirm_K4_i000541,confirm_K4_i000955,256,interpolated_backoff,0.5,20.0,excess_ce_H,0.0242443610968237,0.0433556990708294,0.0191113379740057
count_predictor,occupancy_K4_p04,occupancy_contrast,4,confirm_K4_i000541,confirm_K4_i000955,256,additive,1.0,,shape_rmse,0.0504581612065883,0.0616357531541381,0.0111775919475497
count_predictor,occupancy_K4_p04,occupancy_contrast,4,confirm_K4_i000541,confirm_K4_i000955,256,additive,1.0,,excess_ce_H,0.0632295010081922,0.083497548627105,0.0202680476189127
count_predictor,occupancy_K4_p04,occupancy_contrast,4,confirm_K4_i000541,confirm_K4_i000955,256,interpolated_backoff,1.0,1.0,shape_rmse,0.0391460605632014,0.0540279894992092,0.0148819289360078
count_predictor,occupancy_K4_p04,occupancy_contrast,4,confirm_K4_i000541,confirm_K4_i000955,256,interpolated_backoff,1.0,1.0,excess_ce_H,0.0498692678793684,0.0744642164708597,0.0245949485914913
count_predictor,occupancy_K4_p04,occupancy_contrast,4,confirm_K4_i000541,confirm_K4_i000955,256,interpolated_backoff,1.0,5.0,shape_rmse,0.0274788636255194,0.0399611737707236,0.0124823101452042
count_predictor,occupancy_K4_p04,occupancy_contrast,4,confirm_K4_i000541,confirm_K4_i000955,256,interpolated_backoff,1.0,5.0,excess_ce_H,0.0357075387146745,0.0574814249855788,0.0217738862709043
count_predictor,occupancy_K4_p04,occupancy_contrast,4,confirm_K4_i000541,confirm_K4_i000955,256,interpolated_backoff,1.0,20.0,shape_rmse,0.0159978301291537,0.0231301151989487,0.007132285069795
count_predictor,occupancy_K4_p04,occupancy_contrast,4,confirm_K4_i000541,confirm_K4_i000955,256,interpolated_backoff,1.0,20.0,excess_ce_H,0.0212683635581243,0.0364531759537378,0.0151848123956135
count_predictor,occupancy_K4_p04,occupancy_contrast,4,confirm_K4_i000541,confirm_K4_i000955,512,additive,0.1,,shape_rmse,0.0757254917583493,0.1109548894617028,0.0352293977033534
count_predictor,occupancy_K4_p04,occupancy_contrast,4,confirm_K4_i000541,confirm_K4_i000955,512,additive,0.1,,excess_ce_H,0.0919009353227211,0.1366334349860656,0.0447324996633444
count_predictor,occupancy_K4_p04,occupancy_contrast,4,confirm_K4_i000541,confirm_K4_i000955,512,interpolated_backoff,0.1,1.0,shape_rmse,0.0579030372782299,0.087653903893554,0.029750866615324
count_predictor,occupancy_K4_p04,occupancy_contrast,4,confirm_K4_i000541,confirm_K4_i000955,512,interpolated_backoff,0.1,1.0,excess_ce_H,0.0709291854453664,0.1096285211176852,0.0386993356723188
count_predictor,occupancy_K4_p04,occupancy_contrast,4,confirm_K4_i000541,confirm_K4_i000955,512,interpolated_backoff,0.1,5.0,shape_rmse,0.0375174403780739,0.0560675604093322,0.0185501200312583
count_predictor,occupancy_K4_p04,occupancy_contrast,4,confirm_K4_i000541,confirm_K4_i000955,512,interpolated_backoff,0.1,5.0,excess_ce_H,0.0466042945102818,0.0728653820981968,0.026261087587915
count_predictor,occupancy_K4_p04,occupancy_contrast,4,confirm_K4_i000541,confirm_K4_i000955,512,interpolated_backoff,0.1,20.0,shape_rmse,0.0197794321069836,0.0283196513239267,0.0085402192169431
count_predictor,occupancy_K4_p04,occupancy_contrast,4,confirm_K4_i000541,confirm_K4_i000955,512,interpolated_backoff,0.1,20.0,excess_ce_H,0.0249963039051581,0.040122068990742,0.0151257650855839
count_predictor,occupancy_K4_p04,occupancy_contrast,4,confirm_K4_i000541,confirm_K4_i000955,512,additive,0.5,,shape_rmse,0.0403281916263653,0.0601273995595066,0.0197992079331413
count_predictor,occupancy_K4_p04,occupancy_contrast,4,confirm_K4_i000541,confirm_K4_i000955,512,additive,0.5,,excess_ce_H,0.04979626233619,0.0775706626344994,0.0277744002983093
count_predictor,occupancy_K4_p04,occupancy_contrast,4,confirm_K4_i000541,confirm_K4_i000955,512,interpolated_backoff,0.5,1.0,shape_rmse,0.0338056744722364,0.0535661086782998,0.0197604342060634
count_predictor,occupancy_K4_p04,occupancy_contrast,4,confirm_K4_i000541,confirm_K4_i000955,512,interpolated_backoff,0.5,1.0,excess_ce_H,0.0421025334885283,0.0699224658812713,0.0278199323927429
count_predictor,occupancy_K4_p04,occupancy_contrast,4,confirm_K4_i000541,confirm_K4_i000955,512,interpolated_backoff,0.5,5.0,shape_rmse,0.0251973364788321,0.0398067025161155,0.0146093660372833
count_predictor,occupancy_K4_p04,occupancy_contrast,4,confirm_K4_i000541,confirm_K4_i000955,512,interpolated_backoff,0.5,5.0,excess_ce_H,0.0317459327490663,0.0537934937656539,0.0220475610165876
count_predictor,occupancy_K4_p04,occupancy_contrast,4,confirm_K4_i000541,confirm_K4_i000955,512,interpolated_backoff,0.5,20.0,shape_rmse,0.0154558116149601,0.0228094049117519,0.0073535932967918
count_predictor,occupancy_K4_p04,occupancy_contrast,4,confirm_K4_i000541,confirm_K4_i000955,512,interpolated_backoff,0.5,20.0,excess_ce_H,0.0197105099993324,0.0335393412719851,0.0138288312726527
count_predictor,occupancy_K4_p04,occupancy_contrast,4,confirm_K4_i000541,confirm_K4_i000955,512,additive,1.0,,shape_rmse,0.0337459127335011,0.0436279622285946,0.0098820494950934
count_predictor,occupancy_K4_p04,occupancy_contrast,4,confirm_K4_i000541,confirm_K4_i000955,512,additive,1.0,,excess_ce_H,0.0417324958469635,0.0582125148471006,0.016480019000137
count_predictor,occupancy_K4_p04,occupancy_contrast,4,confirm_K4_i000541,confirm_K4_i000955,512,interpolated_backoff,1.0,1.0,shape_rmse,0.0281385817564891,0.0398455513063306,0.0117069695498415
count_predictor,occupancy_K4_p04,occupancy_contrast,4,confirm_K4_i000541,confirm_K4_i000955,512,interpolated_backoff,1.0,1.0,excess_ce_H,0.0351323905611093,0.0537814825788305,0.0186490920177212
count_predictor,occupancy_K4_p04,occupancy_contrast,4,confirm_K4_i000541,confirm_K4_i000955,512,interpolated_backoff,1.0,5.0,shape_rmse,0.0212042219907923,0.0311888960018154,0.009984674011023
count_predictor,occupancy_K4_p04,occupancy_contrast,4,confirm_K4_i000541,confirm_K4_i000955,512,interpolated_backoff,1.0,5.0,excess_ce_H,0.0268067422548958,0.0435709155602612,0.0167641733053654
count_predictor,occupancy_K4_p04,occupancy_contrast,4,confirm_K4_i000541,confirm_K4_i000955,512,interpolated_backoff,1.0,20.0,shape_rmse,0.0135074870323953,0.0191220612894929,0.0056145742570976
count_predictor,occupancy_K4_p04,occupancy_contrast,4,confirm_K4_i000541,confirm_K4_i000955,512,interpolated_backoff,1.0,20.0,excess_ce_H,0.0172793592245845,0.0290708982237624,0.0117915389991778
count_predictor,occupancy_K4_p04,occupancy_contrast,4,confirm_K4_i000541,confirm_K4_i000955,1024,additive,0.1,,shape_rmse,0.0446330774005553,0.0527521355437999,0.0081190581432446
count_predictor,occupancy_K4_p04,occupancy_contrast,4,confirm_K4_i000541,confirm_K4_i000955,1024,additive,0.1,,excess_ce_H,0.0525359199912762,0.0671632675355109,0.0146273475442346
count_predictor,occupancy_K4_p04,occupancy_contrast,4,confirm_K4_i000541,confirm_K4_i000955,1024,interpolated_backoff,0.1,1.0,shape_rmse,0.0357750351868633,0.0457201976539332,0.0099451624670699
count_predictor,occupancy_K4_p04,occupancy_contrast,4,confirm_K4_i000541,confirm_K4_i000955,1024,interpolated_backoff,0.1,1.0,excess_ce_H,0.0422517844457732,0.059019839032739,0.0167680545869658
count_predictor,occupancy_K4_p04,occupancy_contrast,4,confirm_K4_i000541,confirm_K4_i000955,1024,interpolated_backoff,0.1,5.0,shape_rmse,0.0240040725570208,0.0338450514394919,0.0098409788824711
count_predictor,occupancy_K4_p04,occupancy_contrast,4,confirm_K4_i000541,confirm_K4_i000955,1024,interpolated_backoff,0.1,5.0,excess_ce_H,0.0285083247227804,0.0452321300117066,0.0167238052889262
count_predictor,occupancy_K4_p04,occupancy_contrast,4,confirm_K4_i000541,confirm_K4_i000955,1024,interpolated_backoff,0.1,20.0,shape_rmse,0.0133869063887501,0.0201128563186759,0.0067259499299258
count_predictor,occupancy_K4_p04,occupancy_contrast,4,confirm_K4_i000541,confirm_K4_i000955,1024,interpolated_backoff,0.1,20.0,excess_ce_H,0.0159258366314476,0.0291606183783628,0.0132347817469151
count_predictor,occupancy_K4_p04,occupancy_contrast,4,confirm_K4_i000541,confirm_K4_i000955,1024,additive,0.5,,shape_rmse,0.0254658628029172,0.0348920490851312,0.009426186282214
count_predictor,occupancy_K4_p04,occupancy_contrast,4,confirm_K4_i000541,confirm_K4_i000955,1024,additive,0.5,,excess_ce_H,0.0301936331607703,0.0464381887722202,0.0162445556114499
count_predictor,occupancy_K4_p04,occupancy_contrast,4,confirm_K4_i000541,confirm_K4_i000955,1024,interpolated_backoff,0.5,1.0,shape_rmse,0.0225220402544036,0.0325762960584098,0.0100542558040062
count_predictor,occupancy_K4_p04,occupancy_contrast,4,confirm_K4_i000541,confirm_K4_i000955,1024,interpolated_backoff,0.5,1.0,excess_ce_H,0.0267584460015699,0.0437454187028021,0.0169869727012322
count_predictor,occupancy_K4_p04,occupancy_contrast,4,confirm_K4_i000541,confirm_K4_i000955,1024,interpolated_backoff,0.5,5.0,shape_rmse,0.0172964400489033,0.0266061959291848,0.0093097558802815
count_predictor,occupancy_K4_p04,occupancy_contrast,4,confirm_K4_i000541,confirm_K4_i000955,1024,interpolated_backoff,0.5,5.0,excess_ce_H,0.0206131465505086,0.0367842579025197,0.0161711113520111
count_predictor,occupancy_K4_p04,occupancy_contrast,4,confirm_K4_i000541,confirm_K4_i000955,1024,interpolated_backoff,0.5,20.0,shape_rmse,0.0109409590332793,0.0171788079720321,0.0062378489387528
count_predictor,occupancy_K4_p04,occupancy_contrast,4,confirm_K4_i000541,confirm_K4_i000955,1024,interpolated_backoff,0.5,20.0,excess_ce_H,0.0130085477089652,0.0256961133752646,0.0126875656662994
count_predictor,occupancy_K4_p04,occupancy_contrast,4,confirm_K4_i000541,confirm_K4_i000955,1024,additive,1.0,,shape_rmse,0.0213746572102169,0.0274697256828097,0.0060950684725928
count_predictor,occupancy_K4_p04,occupancy_contrast,4,confirm_K4_i000541,confirm_K4_i000955,1024,additive,1.0,,excess_ce_H,0.025354874929542,0.0377704890465666,0.0124156141170246
count_predictor,occupancy_K4_p04,occupancy_contrast,4,confirm_K4_i000541,confirm_K4_i000955,1024,interpolated_backoff,1.0,1.0,shape_rmse,0.018975307773964,0.0260297706696141,0.0070544628956501
count_predictor,occupancy_K4_p04,occupancy_contrast,4,confirm_K4_i000541,confirm_K4_i000955,1024,interpolated_backoff,1.0,1.0,excess_ce_H,0.0225527171451336,0.0360904410855398,0.0135377239404061
count_predictor,occupancy_K4_p04,occupancy_contrast,4,confirm_K4_i000541,confirm_K4_i000955,1024,interpolated_backoff,1.0,5.0,shape_rmse,0.0147955898481594,0.0219964955400467,0.0072009056918873
count_predictor,occupancy_K4_p04,occupancy_contrast,4,confirm_K4_i000541,confirm_K4_i000955,1024,interpolated_backoff,1.0,5.0,excess_ce_H,0.0176297709091715,0.03137004238693,0.0137402714777585
count_predictor,occupancy_K4_p04,occupancy_contrast,4,confirm_K4_i000541,confirm_K4_i000955,1024,interpolated_backoff,1.0,20.0,shape_rmse,0.0096971408383451,0.0149116509559916,0.0052145101176465
count_predictor,occupancy_K4_p04,occupancy_contrast,4,confirm_K4_i000541,confirm_K4_i000955,1024,interpolated_backoff,1.0,20.0,excess_ce_H,0.0115085206537528,0.0229979697012718,0.011489449047519
count_predictor,occupancy_K4_p04,occupancy_contrast,4,confirm_K4_i000541,confirm_K4_i000955,2048,additive,0.1,,shape_rmse,0.0246096524379533,0.0204733980516295,-0.0041362543863238
count_predictor,occupancy_K4_p04,occupancy_contrast,4,confirm_K4_i000541,confirm_K4_i000955,2048,additive,0.1,,excess_ce_H,0.0282289616902562,0.028504269340924,0.0002753076506677
count_predictor,occupancy_K4_p04,occupancy_contrast,4,confirm_K4_i000541,confirm_K4_i000955,2048,interpolated_backoff,0.1,1.0,shape_rmse,0.0207554523370935,0.0191835559192451,-0.0015718964178483
count_predictor,occupancy_K4_p04,occupancy_contrast,4,confirm_K4_i000541,confirm_K4_i000955,2048,interpolated_backoff,0.1,1.0,excess_ce_H,0.0237652538515431,0.0270100077520147,0.0032447539004715
count_predictor,occupancy_K4_p04,occupancy_contrast,4,confirm_K4_i000541,confirm_K4_i000955,2048,interpolated_backoff,0.1,5.0,shape_rmse,0.0149014354786995,0.0163089197268166,0.0014074842481171
count_predictor,occupancy_K4_p04,occupancy_contrast,4,confirm_K4_i000541,confirm_K4_i000955,2048,interpolated_backoff,0.1,5.0,excess_ce_H,0.016964192106704,0.0236741786043874,0.0067099864976833
count_predictor,occupancy_K4_p04,occupancy_contrast,4,confirm_K4_i000541,confirm_K4_i000955,2048,interpolated_backoff,0.1,20.0,shape_rmse,0.0091269513970229,0.0115772464010507,0.0024502950040278
count_predictor,occupancy_K4_p04,occupancy_contrast,4,confirm_K4_i000541,confirm_K4_i000955,2048,interpolated_backoff,0.1,20.0,excess_ce_H,0.0101868840390537,0.0181591699989602,0.0079722859599064
count_predictor,occupancy_K4_p04,occupancy_contrast,4,confirm_K4_i000541,confirm_K4_i000955,2048,additive,0.5,,shape_rmse,0.0153750769016457,0.0164933528960346,0.0011182759943888
count_predictor,occupancy_K4_p04,occupancy_contrast,4,confirm_K4_i000541,confirm_K4_i000955,2048,additive,0.5,,excess_ce_H,0.0175109393086185,0.0238823532304772,0.0063714139218587
count_predictor,occupancy_K4_p04,occupancy_contrast,4,confirm_K4_i000541,confirm_K4_i000955,2048,interpolated_backoff,0.5,1.0,shape_rmse,0.0141927970669922,0.0159095624707195,0.0017167654037273
count_predictor,occupancy_K4_p04,occupancy_contrast,4,confirm_K4_i000541,confirm_K4_i000955,2048,interpolated_backoff,0.5,1.0,excess_ce_H,0.0161354024535476,0.0232042504336975,0.0070688479801499
count_predictor,occupancy_K4_p04,occupancy_contrast,4,confirm_K4_i000541,confirm_K4_i000955,2048,interpolated_backoff,0.5,5.0,shape_rmse,0.0115522743724663,0.0141169321447083,0.0025646577722419
count_predictor,occupancy_K4_p04,occupancy_contrast,4,confirm_K4_i000541,confirm_K4_i000955,2048,interpolated_backoff,0.5,5.0,excess_ce_H,0.0130511016279348,0.02111922458108,0.0080681229531451
count_predictor,occupancy_K4_p04,occupancy_contrast,4,confirm_K4_i000541,confirm_K4_i000955,2048,interpolated_backoff,0.5,20.0,shape_rmse,0.0078610780405577,0.0104384378314783,0.0025773597909205
count_predictor,occupancy_K4_p04,occupancy_contrast,4,confirm_K4_i000541,confirm_K4_i000955,2048,interpolated_backoff,0.5,20.0,excess_ce_H,0.0086906513778868,0.0168223046398299,0.0081316532619431
count_predictor,occupancy_K4_p04,occupancy_contrast,4,confirm_K4_i000541,confirm_K4_i000955,2048,additive,1.0,,shape_rmse,0.0130985780089878,0.0142285747117863,0.0011299967027985
count_predictor,occupancy_K4_p04,occupancy_contrast,4,confirm_K4_i000541,confirm_K4_i000955,2048,additive,1.0,,excess_ce_H,0.0148439919854372,0.0212402872822667,0.0063962952968295
count_predictor,occupancy_K4_p04,occupancy_contrast,4,confirm_K4_i000541,confirm_K4_i000955,2048,interpolated_backoff,1.0,1.0,shape_rmse,0.0122143167360504,0.0138095475086786,0.0015952307726281
count_predictor,occupancy_K4_p04,occupancy_contrast,4,confirm_K4_i000541,confirm_K4_i000955,2048,interpolated_backoff,1.0,1.0,excess_ce_H,0.0138133828027904,0.0207526649584448,0.0069392821556544
count_predictor,occupancy_K4_p04,occupancy_contrast,4,confirm_K4_i000541,confirm_K4_i000955,2048,interpolated_backoff,1.0,5.0,shape_rmse,0.0101666069156356,0.0124513849754746,0.0022847780598389
count_predictor,occupancy_K4_p04,occupancy_contrast,4,confirm_K4_i000541,confirm_K4_i000955,2048,interpolated_backoff,1.0,5.0,excess_ce_H,0.0114163341639412,0.0191700090575979,0.0077536748936567
count_predictor,occupancy_K4_p04,occupancy_contrast,4,confirm_K4_i000541,confirm_K4_i000955,2048,interpolated_backoff,1.0,20.0,shape_rmse,0.0071436524697275,0.0094529298921734,0.0023092774224458
count_predictor,occupancy_K4_p04,occupancy_contrast,4,confirm_K4_i000541,confirm_K4_i000955,2048,interpolated_backoff,1.0,20.0,excess_ce_H,0.0078348313299103,0.0156600899967949,0.0078252586668846
count_predictor,occupancy_K4_p05,occupancy_contrast,4,confirm_K4_i000499,confirm_K4_i000025,64,additive,0.1,,shape_rmse,0.2249709043402154,0.4304633257013747,0.2054924213611592
count_predictor,occupancy_K4_p05,occupancy_contrast,4,confirm_K4_i000499,confirm_K4_i000025,64,additive,0.1,,excess_ce_H,0.3048176275826493,0.5383318932244205,0.2335142656417712
count_predictor,occupancy_K4_p05,occupancy_contrast,4,confirm_K4_i000499,confirm_K4_i000025,64,interpolated_backoff,0.1,1.0,shape_rmse,0.1500369977212751,0.2682650762469344,0.1182280785256593
count_predictor,occupancy_K4_p05,occupancy_contrast,4,confirm_K4_i000499,confirm_K4_i000025,64,interpolated_backoff,0.1,1.0,excess_ce_H,0.210710182932204,0.3432378247339311,0.1325276418017271
count_predictor,occupancy_K4_p05,occupancy_contrast,4,confirm_K4_i000499,confirm_K4_i000025,64,interpolated_backoff,0.1,5.0,shape_rmse,0.0829278436430206,0.1247180795428447,0.0417902358998241
count_predictor,occupancy_K4_p05,occupancy_contrast,4,confirm_K4_i000499,confirm_K4_i000025,64,interpolated_backoff,0.1,5.0,excess_ce_H,0.1241540301820494,0.1661754321861837,0.0420214020041342
count_predictor,occupancy_K4_p05,occupancy_contrast,4,confirm_K4_i000499,confirm_K4_i000025,64,interpolated_backoff,0.1,20.0,shape_rmse,0.0359100020671589,0.0444408148417591,0.0085308127746002
count_predictor,occupancy_K4_p05,occupancy_contrast,4,confirm_K4_i000499,confirm_K4_i000025,64,interpolated_backoff,0.1,20.0,excess_ce_H,0.0615857039006266,0.0624401656090336,0.000854461708407
count_predictor,occupancy_K4_p05,occupancy_contrast,4,confirm_K4_i000499,confirm_K4_i000025,64,additive,0.5,,shape_rmse,0.1060140448243509,0.1415702690253893,0.0355562242010384
count_predictor,occupancy_K4_p05,occupancy_contrast,4,confirm_K4_i000499,confirm_K4_i000025,64,additive,0.5,,excess_ce_H,0.1519205689228489,0.1873380883208946,0.0354175193980457
count_predictor,occupancy_K4_p05,occupancy_contrast,4,confirm_K4_i000499,confirm_K4_i000025,64,interpolated_backoff,0.5,1.0,shape_rmse,0.0758373849180298,0.1063118930615801,0.0304745081435503
count_predictor,occupancy_K4_p05,occupancy_contrast,4,confirm_K4_i000499,confirm_K4_i000025,64,interpolated_backoff,0.5,1.0,excess_ce_H,0.1143911420511432,0.1438578875524263,0.029466745501283
count_predictor,occupancy_K4_p05,occupancy_contrast,4,confirm_K4_i000499,confirm_K4_i000025,64,interpolated_backoff,0.5,5.0,shape_rmse,0.0474172090902066,0.062067260033884,0.0146500509436773
count_predictor,occupancy_K4_p05,occupancy_contrast,4,confirm_K4_i000499,confirm_K4_i000025,64,interpolated_backoff,0.5,5.0,excess_ce_H,0.077471221845248,0.0871179433600128,0.0096467215147647
count_predictor,occupancy_K4_p05,occupancy_contrast,4,confirm_K4_i000499,confirm_K4_i000025,64,interpolated_backoff,0.5,20.0,shape_rmse,0.0239618689178638,0.0283200247555874,0.0043581558377236
count_predictor,occupancy_K4_p05,occupancy_contrast,4,confirm_K4_i000499,confirm_K4_i000025,64,interpolated_backoff,0.5,20.0,excess_ce_H,0.0455238076768054,0.0412100010649432,-0.0043138066118622
count_predictor,occupancy_K4_p05,occupancy_contrast,4,confirm_K4_i000499,confirm_K4_i000025,64,additive,1.0,,shape_rmse,0.0906466420236628,0.0833476499186824,-0.0072989921049803
count_predictor,occupancy_K4_p05,occupancy_contrast,4,confirm_K4_i000499,confirm_K4_i000025,64,additive,1.0,,excess_ce_H,0.1306942715362153,0.1136669881991925,-0.0170272833370227
count_predictor,occupancy_K4_p05,occupancy_contrast,4,confirm_K4_i000499,confirm_K4_i000025,64,interpolated_backoff,1.0,1.0,shape_rmse,0.0650068908312703,0.0650181289450975,1.1238113827194418e-05
count_predictor,occupancy_K4_p05,occupancy_contrast,4,confirm_K4_i000499,confirm_K4_i000025,64,interpolated_backoff,1.0,1.0,excess_ce_H,0.0990575875990367,0.0906713114558193,-0.0083862761432173
count_predictor,occupancy_K4_p05,occupancy_contrast,4,confirm_K4_i000499,confirm_K4_i000025,64,interpolated_backoff,1.0,5.0,shape_rmse,0.040917901836068,0.041311628442871,0.000393726606803
count_predictor,occupancy_K4_p05,occupancy_contrast,4,confirm_K4_i000499,confirm_K4_i000025,64,interpolated_backoff,1.0,5.0,excess_ce_H,0.0680290548796971,0.0594985573574162,-0.0085304975222808
count_predictor,occupancy_K4_p05,occupancy_contrast,4,confirm_K4_i000499,confirm_K4_i000025,64,interpolated_backoff,1.0,20.0,shape_rmse,0.0207034011587121,0.0210976267478835,0.0003942255891714
count_predictor,occupancy_K4_p05,occupancy_contrast,4,confirm_K4_i000499,confirm_K4_i000025,64,interpolated_backoff,1.0,20.0,excess_ce_H,0.0406998529002882,0.0311875731987472,-0.009512279701541
count_predictor,occupancy_K4_p05,occupancy_contrast,4,confirm_K4_i000499,confirm_K4_i000025,128,additive,0.1,,shape_rmse,0.1735856606639977,0.3467510616018255,0.1731654009378278
count_predictor,occupancy_K4_p05,occupancy_contrast,4,confirm_K4_i000499,confirm_K4_i000025,128,additive,0.1,,excess_ce_H,0.2294740691806829,0.4176076412647282,0.1881335720840453
count_predictor,occupancy_K4_p05,occupancy_contrast,4,confirm_K4_i000499,confirm_K4_i000025,128,interpolated_backoff,0.1,1.0,shape_rmse,0.119576209391297,0.2330576782747151,0.1134814688834181
count_predictor,occupancy_K4_p05,occupancy_contrast,4,confirm_K4_i000499,confirm_K4_i000025,128,interpolated_backoff,0.1,1.0,excess_ce_H,0.1636884589922762,0.2844977594823583,0.1208093004900821
count_predictor,occupancy_K4_p05,occupancy_contrast,4,confirm_K4_i000499,confirm_K4_i000025,128,interpolated_backoff,0.1,5.0,shape_rmse,0.0684416783179324,0.1175441512384098,0.0491024729204774
count_predictor,occupancy_K4_p05,occupancy_contrast,4,confirm_K4_i000499,confirm_K4_i000025,128,interpolated_backoff,0.1,5.0,excess_ce_H,0.0999450263133203,0.1474872352706144,0.047542208957294
count_predictor,occupancy_K4_p05,occupancy_contrast,4,confirm_K4_i000499,confirm_K4_i000025,128,interpolated_backoff,0.1,20.0,shape_rmse,0.0311073563716372,0.0450607797459512,0.013953423374314
count_predictor,occupancy_K4_p05,occupancy_contrast,4,confirm_K4_i000499,confirm_K4_i000025,128,interpolated_backoff,0.1,20.0,excess_ce_H,0.0520850330950044,0.0586235405749149,0.0065385074799104
count_predictor,occupancy_K4_p05,occupancy_contrast,4,confirm_K4_i000499,confirm_K4_i000025,128,additive,0.5,,shape_rmse,0.0817366906415413,0.1353388089259028,0.0536021182843615
count_predictor,occupancy_K4_p05,occupancy_contrast,4,confirm_K4_i000499,confirm_K4_i000025,128,additive,0.5,,excess_ce_H,0.1154900717928948,0.1686889633889055,0.0531988915960106
count_predictor,occupancy_K4_p05,occupancy_contrast,4,confirm_K4_i000499,confirm_K4_i000025,128,interpolated_backoff,0.5,1.0,shape_rmse,0.062125741831474,0.108292101547743,0.046166359716269
count_predictor,occupancy_K4_p05,occupancy_contrast,4,confirm_K4_i000499,confirm_K4_i000025,128,interpolated_backoff,0.5,1.0,excess_ce_H,0.0916276230841504,0.136593901786862,0.0449662787027116
count_predictor,occupancy_K4_p05,occupancy_contrast,4,confirm_K4_i000499,confirm_K4_i000025,128,interpolated_backoff,0.5,5.0,shape_rmse,0.0406798321933201,0.0669620544645542,0.026282222271234
count_predictor,occupancy_K4_p05,occupancy_contrast,4,confirm_K4_i000499,confirm_K4_i000025,128,interpolated_backoff,0.5,5.0,excess_ce_H,0.0646805548729958,0.0865669589638273,0.0218864040908314
count_predictor,occupancy_K4_p05,occupancy_contrast,4,confirm_K4_i000499,confirm_K4_i000025,128,interpolated_backoff,0.5,20.0,shape_rmse,0.0216383074901974,0.0313126615615337,0.0096743540713363
count_predictor,occupancy_K4_p05,occupancy_contrast,4,confirm_K4_i000499,confirm_K4_i000025,128,interpolated_backoff,0.5,20.0,excess_ce_H,0.0397813564680369,0.0414912661713633,0.0017099097033263
count_predictor,occupancy_K4_p05,occupancy_contrast,4,confirm_K4_i000499,confirm_K4_i000025,128,additive,1.0,,shape_rmse,0.0679631842095729,0.0836794279869635,0.0157162437773906
count_predictor,occupancy_K4_p05,occupancy_contrast,4,confirm_K4_i000499,confirm_K4_i000025,128,additive,1.0,,excess_ce_H,0.097503647950361,0.1065374676563362,0.0090338197059752
count_predictor,occupancy_K4_p05,occupancy_contrast,4,confirm_K4_i000499,confirm_K4_i000025,128,interpolated_backoff,1.0,1.0,shape_rmse,0.0519943807169059,0.0695803027177634,0.0175859220008575
count_predictor,occupancy_K4_p05,occupancy_contrast,4,confirm_K4_i000499,confirm_K4_i000025,128,interpolated_backoff,1.0,1.0,excess_ce_H,0.0781560631069924,0.08960387232809,0.0114478092210976
count_predictor,occupancy_K4_p05,occupancy_contrast,4,confirm_K4_i000499,confirm_K4_i000025,128,interpolated_backoff,1.0,5.0,shape_rmse,0.0344434398700126,0.0464056172940938,0.0119621774240811
count_predictor,occupancy_K4_p05,occupancy_contrast,4,confirm_K4_i000499,confirm_K4_i000025,128,interpolated_backoff,1.0,5.0,excess_ce_H,0.0562062560758755,0.0610689254301952,0.0048626693543196
count_predictor,occupancy_K4_p05,occupancy_contrast,4,confirm_K4_i000499,confirm_K4_i000025,128,interpolated_backoff,1.0,20.0,shape_rmse,0.018570291580915,0.024066264831486,0.0054959732505709
count_predictor,occupancy_K4_p05,occupancy_contrast,4,confirm_K4_i000499,confirm_K4_i000025,128,interpolated_backoff,1.0,20.0,excess_ce_H,0.0355116525066008,0.0321503313656545,-0.0033613211409463
count_predictor,occupancy_K4_p05,occupancy_contrast,4,confirm_K4_i000499,confirm_K4_i000025,256,additive,0.1,,shape_rmse,0.1227728946482485,0.2141730406262667,0.0914001459780181
count_predictor,occupancy_K4_p05,occupancy_contrast,4,confirm_K4_i000499,confirm_K4_i000025,256,additive,0.1,,excess_ce_H,0.1607924604705151,0.2536854093252936,0.0928929488547785
count_predictor,occupancy_K4_p05,occupancy_contrast,4,confirm_K4_i000499,confirm_K4_i000025,256,interpolated_backoff,0.1,1.0,shape_rmse,0.0886006523435579,0.1597219759867562,0.0711213236431982
count_predictor,occupancy_K4_p05,occupancy_contrast,4,confirm_K4_i000499,confirm_K4_i000025,256,interpolated_backoff,0.1,1.0,excess_ce_H,0.1200562552484614,0.1904264647613085,0.0703702095128471
count_predictor,occupancy_K4_p05,occupancy_contrast,4,confirm_K4_i000499,confirm_K4_i000025,256,interpolated_backoff,0.1,5.0,shape_rmse,0.0537810110809013,0.0928790492478371,0.0390980381669358
count_predictor,occupancy_K4_p05,occupancy_contrast,4,confirm_K4_i000499,confirm_K4_i000025,256,interpolated_backoff,0.1,5.0,excess_ce_H,0.0778150083599271,0.112310811858439,0.0344958034985119
count_predictor,occupancy_K4_p05,occupancy_contrast,4,confirm_K4_i000499,confirm_K4_i000025,256,interpolated_backoff,0.1,20.0,shape_rmse,0.0262943579386205,0.0406790754444853,0.0143847175058647
count_predictor,occupancy_K4_p05,occupancy_contrast,4,confirm_K4_i000499,confirm_K4_i000025,256,interpolated_backoff,0.1,20.0,excess_ce_H,0.0436945851982197,0.0501763467824001,0.0064817615841804
count_predictor,occupancy_K4_p05,occupancy_contrast,4,confirm_K4_i000499,confirm_K4_i000025,256,additive,0.5,,shape_rmse,0.0602613795485256,0.1036526014613933,0.0433912219128677
count_predictor,occupancy_K4_p05,occupancy_contrast,4,confirm_K4_i000499,confirm_K4_i000025,256,additive,0.5,,excess_ce_H,0.08522551827425,0.1249756627478659,0.0397501444736159
count_predictor,occupancy_K4_p05,occupancy_contrast,4,confirm_K4_i000499,confirm_K4_i000025,256,interpolated_backoff,0.5,1.0,shape_rmse,0.0486484254065726,0.0890314496129215,0.0403830242063489
count_predictor,occupancy_K4_p05,occupancy_contrast,4,confirm_K4_i000499,confirm_K4_i000025,256,interpolated_backoff,0.5,1.0,excess_ce_H,0.0713479157598255,0.1078577313111139,0.0365098155512883
count_predictor,occupancy_K4_p05,occupancy_contrast,4,confirm_K4_i000499,confirm_K4_i000025,256,interpolated_backoff,0.5,5.0,shape_rmse,0.0339492467635978,0.061236185761338,0.0272869389977402
count_predictor,occupancy_K4_p05,occupancy_contrast,4,confirm_K4_i000499,confirm_K4_i000025,256,interpolated_backoff,0.5,5.0,excess_ce_H,0.0533683254464518,0.0750419367013512,0.0216736112548994
count_predictor,occupancy_K4_p05,occupancy_contrast,4,confirm_K4_i000499,confirm_K4_i000025,256,interpolated_backoff,0.5,20.0,shape_rmse,0.0193162057918142,0.0310244438622122,0.011708238070398
count_predictor,occupancy_K4_p05,occupancy_contrast,4,confirm_K4_i000499,confirm_K4_i000025,256,interpolated_backoff,0.5,20.0,excess_ce_H,0.0349079285554816,0.0385558742608687,0.003647945705387
count_predictor,occupancy_K4_p05,occupancy_contrast,4,confirm_K4_i000499,confirm_K4_i000025,256,additive,1.0,,shape_rmse,0.0493206713269638,0.0704136847285961,0.0210930134016323
count_predictor,occupancy_K4_p05,occupancy_contrast,4,confirm_K4_i000499,confirm_K4_i000025,256,additive,1.0,,excess_ce_H,0.0715228917522052,0.0858258426185298,0.0143029508663245
count_predictor,occupancy_K4_p05,occupancy_contrast,4,confirm_K4_i000499,confirm_K4_i000025,256,interpolated_backoff,1.0,1.0,shape_rmse,0.0402530755857133,0.062327192025498,0.0220741164397847
count_predictor,occupancy_K4_p05,occupancy_contrast,4,confirm_K4_i000499,confirm_K4_i000025,256,interpolated_backoff,1.0,1.0,excess_ce_H,0.0607022959651968,0.0762944260686593,0.0155921301034624
count_predictor,occupancy_K4_p05,occupancy_contrast,4,confirm_K4_i000499,confirm_K4_i000025,256,interpolated_backoff,1.0,5.0,shape_rmse,0.0286020160468368,0.0454891483845817,0.0168871323377449
count_predictor,occupancy_K4_p05,occupancy_contrast,4,confirm_K4_i000499,confirm_K4_i000025,256,interpolated_backoff,1.0,5.0,excess_ce_H,0.0464682400692275,0.0562385616629694,0.0097703215937419
count_predictor,occupancy_K4_p05,occupancy_contrast,4,confirm_K4_i000499,confirm_K4_i000025,256,interpolated_backoff,1.0,20.0,shape_rmse,0.0167074873009447,0.0249519944316614,0.0082445071307167
count_predictor,occupancy_K4_p05,occupancy_contrast,4,confirm_K4_i000499,confirm_K4_i000025,256,interpolated_backoff,1.0,20.0,excess_ce_H,0.0314547601989356,0.0311203197697018,-0.0003344404292338
count_predictor,occupancy_K4_p05,occupancy_contrast,4,confirm_K4_i000499,confirm_K4_i000025,512,additive,0.1,,shape_rmse,0.0782876876801024,0.1107066794728385,0.0324189917927361
count_predictor,occupancy_K4_p05,occupancy_contrast,4,confirm_K4_i000499,confirm_K4_i000025,512,additive,0.1,,excess_ce_H,0.1039446632458835,0.129026851675245,0.0250821884293614
count_predictor,occupancy_K4_p05,occupancy_contrast,4,confirm_K4_i000499,confirm_K4_i000025,512,interpolated_backoff,0.1,1.0,shape_rmse,0.0589853997254465,0.09125568576326,0.0322702860378135
count_predictor,occupancy_K4_p05,occupancy_contrast,4,confirm_K4_i000499,confirm_K4_i000025,512,interpolated_backoff,0.1,1.0,excess_ce_H,0.0812431044568751,0.1065044608099015,0.0252613563530264
count_predictor,occupancy_K4_p05,occupancy_contrast,4,confirm_K4_i000499,confirm_K4_i000025,512,interpolated_backoff,0.1,5.0,shape_rmse,0.0377272912210277,0.0620301358689052,0.0243028446478775
count_predictor,occupancy_K4_p05,occupancy_contrast,4,confirm_K4_i000499,confirm_K4_i000025,512,interpolated_backoff,0.1,5.0,excess_ce_H,0.055889356972959,0.0725557081705741,0.0166663511976151
count_predictor,occupancy_K4_p05,occupancy_contrast,4,confirm_K4_i000499,confirm_K4_i000025,512,interpolated_backoff,0.1,20.0,shape_rmse,0.0195205993005557,0.0322428117604893,0.0127222124599335
count_predictor,occupancy_K4_p05,occupancy_contrast,4,confirm_K4_i000499,confirm_K4_i000025,512,interpolated_backoff,0.1,20.0,excess_ce_H,0.0337483522243136,0.0376179211028722,0.0038695688785586
count_predictor,occupancy_K4_p05,occupancy_contrast,4,confirm_K4_i000499,confirm_K4_i000025,512,additive,0.5,,shape_rmse,0.0402888659345519,0.0664839555977151,0.0261950896631631
count_predictor,occupancy_K4_p05,occupancy_contrast,4,confirm_K4_i000499,confirm_K4_i000025,512,additive,0.5,,excess_ce_H,0.0587356216558914,0.0777579654449631,0.0190223437890717
count_predictor,occupancy_K4_p05,occupancy_contrast,4,confirm_K4_i000499,confirm_K4_i000025,512,interpolated_backoff,0.5,1.0,shape_rmse,0.0339984288732462,0.0604353486349226,0.0264369197616764
count_predictor,occupancy_K4_p05,occupancy_contrast,4,confirm_K4_i000499,confirm_K4_i000025,512,interpolated_backoff,0.5,1.0,excess_ce_H,0.0513101313352808,0.0707218421493025,0.0194117108140216
count_predictor,occupancy_K4_p05,occupancy_contrast,4,confirm_K4_i000499,confirm_K4_i000025,512,interpolated_backoff,0.5,5.0,shape_rmse,0.0250019441063363,0.0463234561734393,0.0213215120671029
count_predictor,occupancy_K4_p05,occupancy_contrast,4,confirm_K4_i000499,confirm_K4_i000025,512,interpolated_backoff,0.5,5.0,excess_ce_H,0.0405004091248364,0.0542452872861423,0.0137448781613059
count_predictor,occupancy_K4_p05,occupancy_contrast,4,confirm_K4_i000499,confirm_K4_i000025,512,interpolated_backoff,0.5,20.0,shape_rmse,0.0149086179090146,0.0265528490722649,0.0116442311632502
count_predictor,occupancy_K4_p05,occupancy_contrast,4,confirm_K4_i000499,confirm_K4_i000025,512,interpolated_backoff,0.5,20.0,excess_ce_H,0.0280706615935129,0.0309112345364277,0.0028405729429148
count_predictor,occupancy_K4_p05,occupancy_contrast,4,confirm_K4_i000499,confirm_K4_i000025,512,additive,1.0,,shape_rmse,0.0325267456004348,0.0499371524995816,0.0174104068991467
count_predictor,occupancy_K4_p05,occupancy_contrast,4,confirm_K4_i000499,confirm_K4_i000025,512,additive,1.0,,excess_ce_H,0.0492464530405385,0.0584659976885015,0.0092195446479629
count_predictor,occupancy_K4_p05,occupancy_contrast,4,confirm_K4_i000499,confirm_K4_i000025,512,interpolated_backoff,1.0,1.0,shape_rmse,0.027835311042276,0.0463049759063501,0.018469664864074
count_predictor,occupancy_K4_p05,occupancy_contrast,4,confirm_K4_i000499,confirm_K4_i000025,512,interpolated_backoff,1.0,1.0,excess_ce_H,0.043709389891587,0.054224490771801,0.0105151008802139
count_predictor,occupancy_K4_p05,occupancy_contrast,4,confirm_K4_i000499,confirm_K4_i000025,512,interpolated_backoff,1.0,5.0,shape_rmse,0.0209242331763022,0.0369916870932747,0.0160674539169725
count_predictor,occupancy_K4_p05,occupancy_contrast,4,confirm_K4_i000499,confirm_K4_i000025,512,interpolated_backoff,1.0,5.0,excess_ce_H,0.0354070842576426,0.0433023876191822,0.0078953033615396
count_predictor,occupancy_K4_p05,occupancy_contrast,4,confirm_K4_i000499,confirm_K4_i000025,512,interpolated_backoff,1.0,20.0,shape_rmse,0.0128936614179667,0.0223999645179951,0.0095063031000284
count_predictor,occupancy_K4_p05,occupancy_contrast,4,confirm_K4_i000499,confirm_K4_i000025,512,interpolated_backoff,1.0,20.0,excess_ce_H,0.0255023731693992,0.0259812775233321,0.0004789043539328
count_predictor,occupancy_K4_p05,occupancy_contrast,4,confirm_K4_i000499,confirm_K4_i000025,1024,additive,0.1,,shape_rmse,0.0479181436569396,0.0493980975167152,0.0014799538597755
count_predictor,occupancy_K4_p05,occupancy_contrast,4,confirm_K4_i000499,confirm_K4_i000025,1024,additive,0.1,,excess_ce_H,0.0661307465501566,0.0552572669850599,-0.0108734795650967
count_predictor,occupancy_K4_p05,occupancy_contrast,4,confirm_K4_i000499,confirm_K4_i000025,1024,interpolated_backoff,0.1,1.0,shape_rmse,0.0379666064300748,0.0447238106194897,0.0067572041894148
count_predictor,occupancy_K4_p05,occupancy_contrast,4,confirm_K4_i000499,confirm_K4_i000025,1024,interpolated_backoff,0.1,1.0,excess_ce_H,0.0545289114451623,0.0498489788202545,-0.0046799326249078
count_predictor,occupancy_K4_p05,occupancy_contrast,4,confirm_K4_i000499,confirm_K4_i000025,1024,interpolated_backoff,0.1,5.0,shape_rmse,0.0252410695252802,0.035694227824814,0.0104531582995337
count_predictor,occupancy_K4_p05,occupancy_contrast,4,confirm_K4_i000499,confirm_K4_i000025,1024,interpolated_backoff,0.1,5.0,excess_ce_H,0.0395948240849794,0.0393850898215624,-0.0002097342634169
count_predictor,occupancy_K4_p05,occupancy_contrast,4,confirm_K4_i000499,confirm_K4_i000025,1024,interpolated_backoff,0.1,20.0,shape_rmse,0.013751241327479,0.0227483640156259,0.0089971226881469
count_predictor,occupancy_K4_p05,occupancy_contrast,4,confirm_K4_i000499,confirm_K4_i000025,1024,interpolated_backoff,0.1,20.0,excess_ce_H,0.0259348475348275,0.0243213165571716,-0.0016135309776558
count_predictor,occupancy_K4_p05,occupancy_contrast,4,confirm_K4_i000499,confirm_K4_i000025,1024,additive,0.5,,shape_rmse,0.0262168693024476,0.0374519727428419,0.0112351034403943
count_predictor,occupancy_K4_p05,occupancy_contrast,4,confirm_K4_i000499,confirm_K4_i000025,1024,additive,0.5,,excess_ce_H,0.0406452884025505,0.0414332415765836,0.0007879531740331
count_predictor,occupancy_K4_p05,occupancy_contrast,4,confirm_K4_i000499,confirm_K4_i000025,1024,interpolated_backoff,0.5,1.0,shape_rmse,0.023154602946524,0.0355250855354882,0.0123704825889641
count_predictor,occupancy_K4_p05,occupancy_contrast,4,confirm_K4_i000499,confirm_K4_i000025,1024,interpolated_backoff,0.5,1.0,excess_ce_H,0.0370640099656951,0.039198909451545,0.0021348994858498
count_predictor,occupancy_K4_p05,occupancy_contrast,4,confirm_K4_i000499,confirm_K4_i000025,1024,interpolated_backoff,0.5,5.0,shape_rmse,0.017679781201107,0.0301215776888861,0.0124417964877791
count_predictor,occupancy_K4_p05,occupancy_contrast,4,confirm_K4_i000499,confirm_K4_i000025,1024,interpolated_backoff,0.5,5.0,excess_ce_H,0.0306088892961249,0.0329245914543419,0.002315702158217
count_predictor,occupancy_K4_p05,occupancy_contrast,4,confirm_K4_i000499,confirm_K4_i000025,1024,interpolated_backoff,0.5,20.0,shape_rmse,0.0109670926558612,0.0202251766661911,0.0092580840103299
count_predictor,occupancy_K4_p05,occupancy_contrast,4,confirm_K4_i000499,confirm_K4_i000025,1024,interpolated_backoff,0.5,20.0,excess_ce_H,0.0225686000129048,0.0213861969269069,-0.0011824030859978
count_predictor,occupancy_K4_p05,occupancy_contrast,4,confirm_K4_i000499,confirm_K4_i000025,1024,additive,1.0,,shape_rmse,0.0210332462438017,0.0314528032777497,0.010419557033948
count_predictor,occupancy_K4_p05,occupancy_contrast,4,confirm_K4_i000499,confirm_K4_i000025,1024,additive,1.0,,excess_ce_H,0.0344492343524094,0.0344793458077075,3.0111455298097167e-05
count_predictor,occupancy_K4_p05,occupancy_contrast,4,confirm_K4_i000499,confirm_K4_i000025,1024,interpolated_backoff,1.0,1.0,shape_rmse,0.0188558800543315,0.0301209043327973,0.0112650242784658
count_predictor,occupancy_K4_p05,occupancy_contrast,4,confirm_K4_i000499,confirm_K4_i000025,1024,interpolated_backoff,1.0,1.0,excess_ce_H,0.0319012632653965,0.0329325212459248,0.0010312579805282
count_predictor,occupancy_K4_p05,occupancy_contrast,4,confirm_K4_i000499,confirm_K4_i000025,1024,interpolated_backoff,1.0,5.0,shape_rmse,0.0148129258711198,0.0261082059750577,0.0112952801039379
count_predictor,occupancy_K4_p05,occupancy_contrast,4,confirm_K4_i000499,confirm_K4_i000025,1024,interpolated_backoff,1.0,5.0,excess_ce_H,0.027130091851377,0.0282655953450259,0.0011355034936489
count_predictor,occupancy_K4_p05,occupancy_contrast,4,confirm_K4_i000499,confirm_K4_i000025,1024,interpolated_backoff,1.0,20.0,shape_rmse,0.0095572157783237,0.0181074386242034,0.0085502228458797
count_predictor,occupancy_K4_p05,occupancy_contrast,4,confirm_K4_i000499,confirm_K4_i000025,1024,interpolated_backoff,1.0,20.0,excess_ce_H,0.0208220474413198,0.0189196896253762,-0.0019023578159436
count_predictor,occupancy_K4_p05,occupancy_contrast,4,confirm_K4_i000499,confirm_K4_i000025,2048,additive,0.1,,shape_rmse,0.0273991597753256,0.0212934045308374,-0.0061057552444882
count_predictor,occupancy_K4_p05,occupancy_contrast,4,confirm_K4_i000499,confirm_K4_i000025,2048,additive,0.1,,excess_ce_H,0.0416888997531046,0.0220579994492315,-0.0196309003038731
count_predictor,occupancy_K4_p05,occupancy_contrast,4,confirm_K4_i000499,confirm_K4_i000025,2048,interpolated_backoff,0.1,1.0,shape_rmse,0.0230602512659344,0.0203462035132679,-0.0027140477526664
count_predictor,occupancy_K4_p05,occupancy_contrast,4,confirm_K4_i000499,confirm_K4_i000025,2048,interpolated_backoff,0.1,1.0,excess_ce_H,0.0366380712580036,0.0209618819285939,-0.0156761893294096
count_predictor,occupancy_K4_p05,occupancy_contrast,4,confirm_K4_i000499,confirm_K4_i000025,2048,interpolated_backoff,0.1,5.0,shape_rmse,0.0169039570015143,0.0180796289476135,0.0011756719460991
count_predictor,occupancy_K4_p05,occupancy_contrast,4,confirm_K4_i000499,confirm_K4_i000025,2048,interpolated_backoff,0.1,5.0,excess_ce_H,0.0294273379806708,0.0183364116652975,-0.0110909263153732
count_predictor,occupancy_K4_p05,occupancy_contrast,4,confirm_K4_i000499,confirm_K4_i000025,2048,interpolated_backoff,0.1,20.0,shape_rmse,0.0105435661122781,0.0136475693528256,0.0031040032405474
count_predictor,occupancy_K4_p05,occupancy_contrast,4,confirm_K4_i000499,confirm_K4_i000025,2048,interpolated_backoff,0.1,20.0,excess_ce_H,0.0218800100351532,0.0131917639212253,-0.0086882461139279
count_predictor,occupancy_K4_p05,occupancy_contrast,4,confirm_K4_i000499,confirm_K4_i000025,2048,additive,0.5,,shape_rmse,0.0165900424562112,0.0187311045058229,0.0021410620496116
count_predictor,occupancy_K4_p05,occupancy_contrast,4,confirm_K4_i000499,confirm_K4_i000025,2048,additive,0.5,,excess_ce_H,0.0290063997025102,0.0190949472995121,-0.0099114524029981
count_predictor,occupancy_K4_p05,occupancy_contrast,4,confirm_K4_i000499,confirm_K4_i000025,2048,interpolated_backoff,0.5,1.0,shape_rmse,0.0152517625162815,0.0182096871785762,0.0029579246622947
count_predictor,occupancy_K4_p05,occupancy_contrast,4,confirm_K4_i000499,confirm_K4_i000025,2048,interpolated_backoff,0.5,1.0,excess_ce_H,0.0274405091692766,0.0184908080183783,-0.0089497011508983
count_predictor,occupancy_K4_p05,occupancy_contrast,4,confirm_K4_i000499,confirm_K4_i000025,2048,interpolated_backoff,0.5,5.0,shape_rmse,0.012574977516679,0.0165524929274595,0.0039775154107805
count_predictor,occupancy_K4_p05,occupancy_contrast,4,confirm_K4_i000499,confirm_K4_i000025,2048,interpolated_backoff,0.5,5.0,excess_ce_H,0.0242864618726292,0.0165694164549798,-0.0077170454176494
count_predictor,occupancy_K4_p05,occupancy_contrast,4,confirm_K4_i000499,confirm_K4_i000025,2048,interpolated_backoff,0.5,20.0,shape_rmse,0.008740276327839,0.0127693070794698,0.0040290307516307
count_predictor,occupancy_K4_p05,occupancy_contrast,4,confirm_K4_i000499,confirm_K4_i000025,2048,interpolated_backoff,0.5,20.0,excess_ce_H,0.0197026095298435,0.0121745016592846,-0.0075281078705588
count_predictor,occupancy_K4_p05,occupancy_contrast,4,confirm_K4_i000499,confirm_K4_i000025,2048,additive,1.0,,shape_rmse,0.0135083400065421,0.017041365920575,0.0035330259140329
count_predictor,occupancy_K4_p05,occupancy_contrast,4,confirm_K4_i000499,confirm_K4_i000025,2048,additive,1.0,,excess_ce_H,0.0253232031617052,0.0171405789646512,-0.008182624197054
count_predictor,occupancy_K4_p05,occupancy_contrast,4,confirm_K4_i000499,confirm_K4_i000025,2048,interpolated_backoff,1.0,1.0,shape_rmse,0.0125752456176989,0.0166311647740557,0.0040559191563567
count_predictor,occupancy_K4_p05,occupancy_contrast,4,confirm_K4_i000499,confirm_K4_i000025,2048,interpolated_backoff,1.0,1.0,excess_ce_H,0.0242293405210893,0.0166649319503839,-0.0075644085707053
count_predictor,occupancy_K4_p05,occupancy_contrast,4,confirm_K4_i000499,confirm_K4_i000025,2048,interpolated_backoff,1.0,5.0,shape_rmse,0.0106447544879494,0.0152609134852441,0.0046161589972946
count_predictor,occupancy_K4_p05,occupancy_contrast,4,confirm_K4_i000499,confirm_K4_i000025,2048,interpolated_backoff,1.0,5.0,excess_ce_H,0.021949539799446,0.015075052306317,-0.006874487493129
count_predictor,occupancy_K4_p05,occupancy_contrast,4,confirm_K4_i000499,confirm_K4_i000025,2048,interpolated_backoff,1.0,20.0,shape_rmse,0.0076791935772463,0.0119551544655133,0.004275960888267
count_predictor,occupancy_K4_p05,occupancy_contrast,4,confirm_K4_i000499,confirm_K4_i000025,2048,interpolated_backoff,1.0,20.0,excess_ce_H,0.0183944382714289,0.0112317832108059,-0.007162655060623
count_predictor,occupancy_K4_p06,occupancy_contrast,4,confirm_K4_i000700,confirm_K4_i000647,64,additive,0.1,,shape_rmse,0.2084718270624768,0.4255018402678419,0.217030013205365
count_predictor,occupancy_K4_p06,occupancy_contrast,4,confirm_K4_i000700,confirm_K4_i000647,64,additive,0.1,,excess_ce_H,0.2784641063141131,0.5351455829091885,0.2566814765950753
count_predictor,occupancy_K4_p06,occupancy_contrast,4,confirm_K4_i000700,confirm_K4_i000647,64,interpolated_backoff,0.1,1.0,shape_rmse,0.138109161548436,0.2623834764791052,0.1242743149306692
count_predictor,occupancy_K4_p06,occupancy_contrast,4,confirm_K4_i000700,confirm_K4_i000647,64,interpolated_backoff,0.1,1.0,excess_ce_H,0.1900816384661983,0.3394292032938435,0.1493475648276452
count_predictor,occupancy_K4_p06,occupancy_contrast,4,confirm_K4_i000700,confirm_K4_i000647,64,interpolated_backoff,0.1,5.0,shape_rmse,0.0781757247655949,0.1154149852791616,0.0372392605135667
count_predictor,occupancy_K4_p06,occupancy_contrast,4,confirm_K4_i000700,confirm_K4_i000647,64,interpolated_backoff,0.1,5.0,excess_ce_H,0.1125841651099446,0.1592332533969531,0.0466490882870085
count_predictor,occupancy_K4_p06,occupancy_contrast,4,confirm_K4_i000700,confirm_K4_i000647,64,interpolated_backoff,0.1,20.0,shape_rmse,0.0360942598652413,0.039505646407451,0.0034113865422097
count_predictor,occupancy_K4_p06,occupancy_contrast,4,confirm_K4_i000700,confirm_K4_i000647,64,interpolated_backoff,0.1,20.0,excess_ce_H,0.0561798305333327,0.0610185615211249,0.0048387309877922
count_predictor,occupancy_K4_p06,occupancy_contrast,4,confirm_K4_i000700,confirm_K4_i000647,64,additive,0.5,,shape_rmse,0.1033821713924514,0.1357957242830063,0.0324135528905548
count_predictor,occupancy_K4_p06,occupancy_contrast,4,confirm_K4_i000700,confirm_K4_i000647,64,additive,0.5,,excess_ce_H,0.1429352670569639,0.1844137050493377,0.0414784379923738
count_predictor,occupancy_K4_p06,occupancy_contrast,4,confirm_K4_i000700,confirm_K4_i000647,64,interpolated_backoff,0.5,1.0,shape_rmse,0.074272281909059,0.1014325063785073,0.0271602244694482
count_predictor,occupancy_K4_p06,occupancy_contrast,4,confirm_K4_i000700,confirm_K4_i000647,64,interpolated_backoff,0.5,1.0,excess_ce_H,0.1067133086084495,0.1420865836961344,0.0353732750876848
count_predictor,occupancy_K4_p06,occupancy_contrast,4,confirm_K4_i000700,confirm_K4_i000647,64,interpolated_backoff,0.5,5.0,shape_rmse,0.0474692796521208,0.056501902243654,0.0090326225915332
count_predictor,occupancy_K4_p06,occupancy_contrast,4,confirm_K4_i000700,confirm_K4_i000647,64,interpolated_backoff,0.5,5.0,excess_ce_H,0.0718748162374214,0.0847293493451859,0.0128545331077645
count_predictor,occupancy_K4_p06,occupancy_contrast,4,confirm_K4_i000700,confirm_K4_i000647,64,interpolated_backoff,0.5,20.0,shape_rmse,0.0252830868890823,0.0248899995381259,-0.0003930873509563
count_predictor,occupancy_K4_p06,occupancy_contrast,4,confirm_K4_i000700,confirm_K4_i000647,64,interpolated_backoff,0.5,20.0,excess_ce_H,0.0415372392378965,0.0414975779927502,-3.966124514629549e-05
count_predictor,occupancy_K4_p06,occupancy_contrast,4,confirm_K4_i000700,confirm_K4_i000647,64,additive,1.0,,shape_rmse,0.0909825881456901,0.0776879319611173,-0.0132946561845728
count_predictor,occupancy_K4_p06,occupancy_contrast,4,confirm_K4_i000700,confirm_K4_i000647,64,additive,1.0,,excess_ce_H,0.125631277102977,0.1112417012810063,-0.0143895758219707
count_predictor,occupancy_K4_p06,occupancy_contrast,4,confirm_K4_i000700,confirm_K4_i000647,64,interpolated_backoff,1.0,1.0,shape_rmse,0.0666454397157472,0.0606739197871278,-0.0059715199286193
count_predictor,occupancy_K4_p06,occupancy_contrast,4,confirm_K4_i000700,confirm_K4_i000647,64,interpolated_backoff,1.0,1.0,excess_ce_H,0.0955618234805864,0.0898280788651271,-0.0057337446154592
count_predictor,occupancy_K4_p06,occupancy_contrast,4,confirm_K4_i000700,confirm_K4_i000647,64,interpolated_backoff,1.0,5.0,shape_rmse,0.0435391942306911,0.0375484553836737,-0.0059907388470174
count_predictor,occupancy_K4_p06,occupancy_contrast,4,confirm_K4_i000700,confirm_K4_i000647,64,interpolated_backoff,1.0,5.0,excess_ce_H,0.0657995569615448,0.0593816391910411,-0.0064179177705036
count_predictor,occupancy_K4_p06,occupancy_contrast,4,confirm_K4_i000700,confirm_K4_i000647,64,interpolated_backoff,1.0,20.0,shape_rmse,0.0233798810082082,0.0188959157739479,-0.0044839652342602
count_predictor,occupancy_K4_p06,occupancy_contrast,4,confirm_K4_i000700,confirm_K4_i000647,64,interpolated_backoff,1.0,20.0,excess_ce_H,0.0385308056244697,0.0330076714510818,-0.0055231341733879
count_predictor,occupancy_K4_p06,occupancy_contrast,4,confirm_K4_i000700,confirm_K4_i000647,128,additive,0.1,,shape_rmse,0.1608393660216852,0.3166247244548579,0.1557853584331727
count_predictor,occupancy_K4_p06,occupancy_contrast,4,confirm_K4_i000700,confirm_K4_i000647,128,additive,0.1,,excess_ce_H,0.2065700955503837,0.3875780287982366,0.1810079332478529
count_predictor,occupancy_K4_p06,occupancy_contrast,4,confirm_K4_i000700,confirm_K4_i000647,128,interpolated_backoff,0.1,1.0,shape_rmse,0.1102361036036969,0.2144357636636011,0.1041996600599041
count_predictor,occupancy_K4_p06,occupancy_contrast,4,confirm_K4_i000700,confirm_K4_i000647,128,interpolated_backoff,0.1,1.0,excess_ce_H,0.1449533346574549,0.2672363686368291,0.1222830339793741
count_predictor,occupancy_K4_p06,occupancy_contrast,4,confirm_K4_i000700,confirm_K4_i000647,128,interpolated_backoff,0.1,5.0,shape_rmse,0.0637723609618659,0.1061803673609036,0.0424080063990376
count_predictor,occupancy_K4_p06,occupancy_contrast,4,confirm_K4_i000700,confirm_K4_i000647,128,interpolated_backoff,0.1,5.0,excess_ce_H,0.0872761807626933,0.1384049859804501,0.0511288052177567
count_predictor,occupancy_K4_p06,occupancy_contrast,4,confirm_K4_i000700,confirm_K4_i000647,128,interpolated_backoff,0.1,20.0,shape_rmse,0.0300072640683142,0.0384819963748512,0.008474732306537
count_predictor,occupancy_K4_p06,occupancy_contrast,4,confirm_K4_i000700,confirm_K4_i000647,128,interpolated_backoff,0.1,20.0,excess_ce_H,0.0442973810907614,0.0553539760965104,0.011056595005749
count_predictor,occupancy_K4_p06,occupancy_contrast,4,confirm_K4_i000700,confirm_K4_i000647,128,additive,0.5,,shape_rmse,0.0802078954133826,0.1241855118796473,0.0439776164662647
count_predictor,occupancy_K4_p06,occupancy_contrast,4,confirm_K4_i000700,confirm_K4_i000647,128,additive,0.5,,excess_ce_H,0.1068442762809296,0.1597425608064462,0.0528982845255165
count_predictor,occupancy_K4_p06,occupancy_contrast,4,confirm_K4_i000700,confirm_K4_i000647,128,interpolated_backoff,0.5,1.0,shape_rmse,0.0610601080147207,0.1002108455266539,0.0391507375119331
count_predictor,occupancy_K4_p06,occupancy_contrast,4,confirm_K4_i000700,confirm_K4_i000647,128,interpolated_backoff,0.5,1.0,excess_ce_H,0.0835971683124978,0.1311630997024337,0.0475659313899358
count_predictor,occupancy_K4_p06,occupancy_contrast,4,confirm_K4_i000700,confirm_K4_i000647,128,interpolated_backoff,0.5,5.0,shape_rmse,0.040349311701602,0.0601404143304943,0.0197911026288923
count_predictor,occupancy_K4_p06,occupancy_contrast,4,confirm_K4_i000700,confirm_K4_i000647,128,interpolated_backoff,0.5,5.0,excess_ce_H,0.0577346761453174,0.0826691835255744,0.0249345073802569
count_predictor,occupancy_K4_p06,occupancy_contrast,4,confirm_K4_i000700,confirm_K4_i000647,128,interpolated_backoff,0.5,20.0,shape_rmse,0.0220001352160089,0.0260291283245548,0.0040289931085458
count_predictor,occupancy_K4_p06,occupancy_contrast,4,confirm_K4_i000700,confirm_K4_i000647,128,interpolated_backoff,0.5,20.0,excess_ce_H,0.0340082918460966,0.0396662785517509,0.0056579867056543
count_predictor,occupancy_K4_p06,occupancy_contrast,4,confirm_K4_i000700,confirm_K4_i000647,128,additive,1.0,,shape_rmse,0.068862354750866,0.0763152385007174,0.0074528837498514
count_predictor,occupancy_K4_p06,occupancy_contrast,4,confirm_K4_i000700,confirm_K4_i000647,128,additive,1.0,,excess_ce_H,0.0922384246978302,0.1019577733354473,0.0097193486376171
count_predictor,occupancy_K4_p06,occupancy_contrast,4,confirm_K4_i000700,confirm_K4_i000647,128,interpolated_backoff,1.0,1.0,shape_rmse,0.0534085169938998,0.0640967713092598,0.0106882543153599
count_predictor,occupancy_K4_p06,occupancy_contrast,4,confirm_K4_i000700,confirm_K4_i000647,128,interpolated_backoff,1.0,1.0,excess_ce_H,0.0735568063035843,0.0872321395261037,0.0136753332225194
count_predictor,occupancy_K4_p06,occupancy_contrast,4,confirm_K4_i000700,confirm_K4_i000647,128,interpolated_backoff,1.0,5.0,shape_rmse,0.0362375406149068,0.0415129686342411,0.0052754280193343
count_predictor,occupancy_K4_p06,occupancy_contrast,4,confirm_K4_i000700,confirm_K4_i000647,128,interpolated_backoff,1.0,5.0,excess_ce_H,0.0521980270206292,0.0594980929172748,0.0073000658966455
count_predictor,occupancy_K4_p06,occupancy_contrast,4,confirm_K4_i000700,confirm_K4_i000647,128,interpolated_backoff,1.0,20.0,shape_rmse,0.0202204863607971,0.0199563852643242,-0.0002641010964728
count_predictor,occupancy_K4_p06,occupancy_contrast,4,confirm_K4_i000700,confirm_K4_i000647,128,interpolated_backoff,1.0,20.0,excess_ce_H,0.0315450780869746,0.0317174858649962,0.0001724077780216
count_predictor,occupancy_K4_p06,occupancy_contrast,4,confirm_K4_i000700,confirm_K4_i000647,256,additive,0.1,,shape_rmse,0.11501460416575,0.1850867695511545,0.0700721653854044
count_predictor,occupancy_K4_p06,occupancy_contrast,4,confirm_K4_i000700,confirm_K4_i000647,256,additive,0.1,,excess_ce_H,0.145152294971858,0.2245815326560332,0.0794292376841752
count_predictor,occupancy_K4_p06,occupancy_contrast,4,confirm_K4_i000700,confirm_K4_i000647,256,interpolated_backoff,0.1,1.0,shape_rmse,0.0829187111610069,0.1380938335090627,0.0551751223480558
count_predictor,occupancy_K4_p06,occupancy_contrast,4,confirm_K4_i000700,confirm_K4_i000647,256,interpolated_backoff,0.1,1.0,excess_ce_H,0.1068726040516803,0.1697493841381341,0.0628767800864538
count_predictor,occupancy_K4_p06,occupancy_contrast,4,confirm_K4_i000700,confirm_K4_i000647,256,interpolated_backoff,0.1,5.0,shape_rmse,0.0504020677180049,0.0804726668775122,0.0300705991595073
count_predictor,occupancy_K4_p06,occupancy_contrast,4,confirm_K4_i000700,confirm_K4_i000647,256,interpolated_backoff,0.1,5.0,excess_ce_H,0.0674661224698949,0.1020113886095313,0.0345452661396363
count_predictor,occupancy_K4_p06,occupancy_contrast,4,confirm_K4_i000700,confirm_K4_i000647,256,interpolated_backoff,0.1,20.0,shape_rmse,0.0250266707913169,0.0340172526680328,0.0089905818767159
count_predictor,occupancy_K4_p06,occupancy_contrast,4,confirm_K4_i000700,confirm_K4_i000647,256,interpolated_backoff,0.1,20.0,excess_ce_H,0.036048406264491,0.046318887524952,0.010270481260461
count_predictor,occupancy_K4_p06,occupancy_contrast,4,confirm_K4_i000700,confirm_K4_i000647,256,additive,0.5,,shape_rmse,0.0594371712650872,0.089741122886945,0.0303039516218577
count_predictor,occupancy_K4_p06,occupancy_contrast,4,confirm_K4_i000700,confirm_K4_i000647,256,additive,0.5,,excess_ce_H,0.0780140266646662,0.1128665399603514,0.0348525132956852
count_predictor,occupancy_K4_p06,occupancy_contrast,4,confirm_K4_i000700,confirm_K4_i000647,256,interpolated_backoff,0.5,1.0,shape_rmse,0.0480138062526053,0.0771029188896624,0.0290891126370571
count_predictor,occupancy_K4_p06,occupancy_contrast,4,confirm_K4_i000700,confirm_K4_i000647,256,interpolated_backoff,0.5,1.0,excess_ce_H,0.0643733376012147,0.0979970325162109,0.0336236949149962
count_predictor,occupancy_K4_p06,occupancy_contrast,4,confirm_K4_i000700,confirm_K4_i000647,256,interpolated_backoff,0.5,5.0,shape_rmse,0.03338468932899,0.0524366607206137,0.0190519713916237
count_predictor,occupancy_K4_p06,occupancy_contrast,4,confirm_K4_i000700,confirm_K4_i000647,256,interpolated_backoff,0.5,5.0,excess_ce_H,0.0465527570437103,0.0687079909402572,0.0221552338965469
count_predictor,occupancy_K4_p06,occupancy_contrast,4,confirm_K4_i000700,confirm_K4_i000647,256,interpolated_backoff,0.5,20.0,shape_rmse,0.0191269958893458,0.0251596554175842,0.0060326595282384
count_predictor,occupancy_K4_p06,occupancy_contrast,4,confirm_K4_i000700,confirm_K4_i000647,256,interpolated_backoff,0.5,20.0,excess_ce_H,0.0286870423645304,0.0355412214080388,0.0068541790435084
count_predictor,occupancy_K4_p06,occupancy_contrast,4,confirm_K4_i000700,confirm_K4_i000647,256,additive,1.0,,shape_rmse,0.0500260656684235,0.0609201734646221,0.0108941077961986
count_predictor,occupancy_K4_p06,occupancy_contrast,4,confirm_K4_i000700,confirm_K4_i000647,256,additive,1.0,,excess_ce_H,0.0663552845804285,0.0786755343904448,0.0123202498100163
count_predictor,occupancy_K4_p06,occupancy_contrast,4,confirm_K4_i000700,confirm_K4_i000647,256,interpolated_backoff,1.0,1.0,shape_rmse,0.041135645587868,0.0539734233212248,0.0128377777333568
count_predictor,occupancy_K4_p06,occupancy_contrast,4,confirm_K4_i000700,confirm_K4_i000647,256,interpolated_backoff,1.0,1.0,excess_ce_H,0.0557554316094255,0.0704443238295264,0.0146888922201008
count_predictor,occupancy_K4_p06,occupancy_contrast,4,confirm_K4_i000700,confirm_K4_i000647,256,interpolated_backoff,1.0,5.0,shape_rmse,0.0294042916104647,0.0388436346851875,0.0094393430747228
count_predictor,occupancy_K4_p06,occupancy_contrast,4,confirm_K4_i000700,confirm_K4_i000647,256,interpolated_backoff,1.0,5.0,excess_ce_H,0.0414836376034009,0.0523235462964311,0.0108399086930301
count_predictor,occupancy_K4_p06,occupancy_contrast,4,confirm_K4_i000700,confirm_K4_i000647,256,interpolated_backoff,1.0,20.0,shape_rmse,0.0173593373456019,0.0200317924519217,0.0026724551063198
count_predictor,occupancy_K4_p06,occupancy_contrast,4,confirm_K4_i000700,confirm_K4_i000647,256,interpolated_backoff,1.0,20.0,excess_ce_H,0.0263939454966106,0.029169968929021,0.0027760234324104
count_predictor,occupancy_K4_p06,occupancy_contrast,4,confirm_K4_i000700,confirm_K4_i000647,512,additive,0.1,,shape_rmse,0.0745018672246134,0.0964474059792067,0.0219455387545933
count_predictor,occupancy_K4_p06,occupancy_contrast,4,confirm_K4_i000700,confirm_K4_i000647,512,additive,0.1,,excess_ce_H,0.0935509340693605,0.1167275709181914,0.0231766368488308
count_predictor,occupancy_K4_p06,occupancy_contrast,4,confirm_K4_i000700,confirm_K4_i000647,512,interpolated_backoff,0.1,1.0,shape_rmse,0.0562985691350748,0.0784866833129058,0.022188114177831
count_predictor,occupancy_K4_p06,occupancy_contrast,4,confirm_K4_i000700,confirm_K4_i000647,512,interpolated_backoff,0.1,1.0,excess_ce_H,0.0720717482177428,0.0958760696011915,0.0238043213834486
count_predictor,occupancy_K4_p06,occupancy_contrast,4,confirm_K4_i000700,confirm_K4_i000647,512,interpolated_backoff,0.1,5.0,shape_rmse,0.0362055407503628,0.0531810887674345,0.0169755480170716
count_predictor,occupancy_K4_p06,occupancy_contrast,4,confirm_K4_i000700,confirm_K4_i000647,512,interpolated_backoff,0.1,5.0,excess_ce_H,0.0481189512134605,0.0663633509929164,0.0182443997794559
count_predictor,occupancy_K4_p06,occupancy_contrast,4,confirm_K4_i000700,confirm_K4_i000647,512,interpolated_backoff,0.1,20.0,shape_rmse,0.0193484059983369,0.0272826178828571,0.0079342118845202
count_predictor,occupancy_K4_p06,occupancy_contrast,4,confirm_K4_i000700,confirm_K4_i000647,512,interpolated_backoff,0.1,20.0,excess_ce_H,0.0277028839032678,0.0358343571374879,0.0081314732342201
count_predictor,occupancy_K4_p06,occupancy_contrast,4,confirm_K4_i000700,confirm_K4_i000647,512,additive,0.5,,shape_rmse,0.0410332305717724,0.0573705588347196,0.0163373282629472
count_predictor,occupancy_K4_p06,occupancy_contrast,4,confirm_K4_i000700,confirm_K4_i000647,512,additive,0.5,,excess_ce_H,0.053631025330576,0.0712172453404198,0.0175862200098438
count_predictor,occupancy_K4_p06,occupancy_contrast,4,confirm_K4_i000700,confirm_K4_i000647,512,interpolated_backoff,0.5,1.0,shape_rmse,0.0345892894836086,0.0518250507201649,0.0172357612365562
count_predictor,occupancy_K4_p06,occupancy_contrast,4,confirm_K4_i000700,confirm_K4_i000647,512,interpolated_backoff,0.5,1.0,excess_ce_H,0.0460222722571617,0.0647487858518331,0.0187265135946713
count_predictor,occupancy_K4_p06,occupancy_contrast,4,confirm_K4_i000700,confirm_K4_i000647,512,interpolated_backoff,0.5,5.0,shape_rmse,0.0252488519866884,0.0394589552449817,0.0142101032582932
count_predictor,occupancy_K4_p06,occupancy_contrast,4,confirm_K4_i000700,confirm_K4_i000647,512,interpolated_backoff,0.5,5.0,excess_ce_H,0.0348569067866464,0.0502563092958148,0.0153994025091684
count_predictor,occupancy_K4_p06,occupancy_contrast,4,confirm_K4_i000700,confirm_K4_i000647,512,interpolated_backoff,0.5,20.0,shape_rmse,0.0153517490350751,0.0221144242920316,0.0067626752569565
count_predictor,occupancy_K4_p06,occupancy_contrast,4,confirm_K4_i000700,confirm_K4_i000647,512,interpolated_backoff,0.5,20.0,excess_ce_H,0.02278657609319,0.0296934807840236,0.0069069046908336
count_predictor,occupancy_K4_p06,occupancy_contrast,4,confirm_K4_i000700,confirm_K4_i000647,512,additive,1.0,,shape_rmse,0.034387859325059,0.0433675827142644,0.0089797233892053
count_predictor,occupancy_K4_p06,occupancy_contrast,4,confirm_K4_i000700,confirm_K4_i000647,512,additive,1.0,,excess_ce_H,0.0455502306303219,0.0547904638414475,0.0092402332111255
count_predictor,occupancy_K4_p06,occupancy_contrast,4,confirm_K4_i000700,confirm_K4_i000647,512,interpolated_backoff,1.0,1.0,shape_rmse,0.0294749985977626,0.0400328045440155,0.0105578059462528
count_predictor,occupancy_K4_p06,occupancy_contrast,4,confirm_K4_i000700,confirm_K4_i000647,512,interpolated_backoff,1.0,1.0,excess_ce_H,0.0397541906392289,0.0508865770865947,0.0111323864473657
count_predictor,occupancy_K4_p06,occupancy_contrast,4,confirm_K4_i000700,confirm_K4_i000647,512,interpolated_backoff,1.0,5.0,shape_rmse,0.0220797606197616,0.0317337169119277,0.0096539562921661
count_predictor,occupancy_K4_p06,occupancy_contrast,4,confirm_K4_i000700,confirm_K4_i000647,512,interpolated_backoff,1.0,5.0,excess_ce_H,0.0309221833268253,0.0411223056090617,0.0102001222822364
count_predictor,occupancy_K4_p06,occupancy_contrast,4,confirm_K4_i000700,confirm_K4_i000647,512,interpolated_backoff,1.0,20.0,shape_rmse,0.0138619498518302,0.0186214670739855,0.0047595172221553
count_predictor,occupancy_K4_p06,occupancy_contrast,4,confirm_K4_i000700,confirm_K4_i000647,512,interpolated_backoff,1.0,20.0,excess_ce_H,0.0208991506151769,0.0255037743817809,0.0046046237666039
count_predictor,occupancy_K4_p06,occupancy_contrast,4,confirm_K4_i000700,confirm_K4_i000647,1024,additive,0.1,,shape_rmse,0.0446428938530927,0.047059685752442,0.0024167918993493
count_predictor,occupancy_K4_p06,occupancy_contrast,4,confirm_K4_i000700,confirm_K4_i000647,1024,additive,0.1,,excess_ce_H,0.0567846956705091,0.0574857146390557,0.0007010189685465
count_predictor,occupancy_K4_p06,occupancy_contrast,4,confirm_K4_i000700,confirm_K4_i000647,1024,interpolated_backoff,0.1,1.0,shape_rmse,0.0357558927125398,0.0413064303396565,0.0055505376271167
count_predictor,occupancy_K4_p06,occupancy_contrast,4,confirm_K4_i000700,confirm_K4_i000647,1024,interpolated_backoff,0.1,1.0,excess_ce_H,0.0463615877532272,0.0508168770471639,0.0044552892939367
count_predictor,occupancy_K4_p06,occupancy_contrast,4,confirm_K4_i000700,confirm_K4_i000647,1024,interpolated_backoff,0.1,5.0,shape_rmse,0.0249478632781004,0.0319058527223552,0.0069579894442548
count_predictor,occupancy_K4_p06,occupancy_contrast,4,confirm_K4_i000700,confirm_K4_i000647,1024,interpolated_backoff,0.1,5.0,excess_ce_H,0.033581511790719,0.0398843327282381,0.0063028209375191
count_predictor,occupancy_K4_p06,occupancy_contrast,4,confirm_K4_i000700,confirm_K4_i000647,1024,interpolated_backoff,0.1,20.0,shape_rmse,0.0145940002417535,0.0199893778062184,0.0053953775644649
count_predictor,occupancy_K4_p06,occupancy_contrast,4,confirm_K4_i000700,confirm_K4_i000647,1024,interpolated_backoff,0.1,20.0,excess_ce_H,0.0211741869289676,0.0259272937876917,0.0047531068587241
count_predictor,occupancy_K4_p06,occupancy_contrast,4,confirm_K4_i000700,confirm_K4_i000647,1024,additive,0.5,,shape_rmse,0.0264616476621235,0.0332819002938007,0.0068202526316772
count_predictor,occupancy_K4_p06,occupancy_contrast,4,confirm_K4_i000700,confirm_K4_i000647,1024,additive,0.5,,excess_ce_H,0.0352523461262024,0.0414750289394354,0.006222682813233
count_predictor,occupancy_K4_p06,occupancy_contrast,4,confirm_K4_i000700,confirm_K4_i000647,1024,interpolated_backoff,0.5,1.0,shape_rmse,0.0232167488554923,0.0312427277661633,0.008025978910671
count_predictor,occupancy_K4_p06,occupancy_contrast,4,confirm_K4_i000700,confirm_K4_i000647,1024,interpolated_backoff,0.5,1.0,excess_ce_H,0.0314416580800687,0.039102590481157,0.0076609324010883
count_predictor,occupancy_K4_p06,occupancy_contrast,4,confirm_K4_i000700,confirm_K4_i000647,1024,interpolated_backoff,0.5,5.0,shape_rmse,0.0181490857554961,0.0260710234944707,0.0079219377389746
count_predictor,occupancy_K4_p06,occupancy_contrast,4,confirm_K4_i000700,confirm_K4_i000647,1024,interpolated_backoff,0.5,5.0,excess_ce_H,0.0254302037106373,0.0330683925257666,0.0076381888151292
count_predictor,occupancy_K4_p06,occupancy_contrast,4,confirm_K4_i000700,confirm_K4_i000647,1024,interpolated_backoff,0.5,20.0,shape_rmse,0.0118964899216138,0.0173607727470267,0.0054642828254129
count_predictor,occupancy_K4_p06,occupancy_contrast,4,confirm_K4_i000700,confirm_K4_i000647,1024,interpolated_backoff,0.5,20.0,excess_ce_H,0.0178923562488415,0.0228345376430687,0.0049421813942272
count_predictor,occupancy_K4_p06,occupancy_contrast,4,confirm_K4_i000700,confirm_K4_i000647,1024,additive,1.0,,shape_rmse,0.0222485726798394,0.0273988811595365,0.005150308479697
count_predictor,occupancy_K4_p06,occupancy_contrast,4,confirm_K4_i000700,confirm_K4_i000647,1024,additive,1.0,,excess_ce_H,0.030168950410607,0.0346039352460816,0.0044349848354746
count_predictor,occupancy_K4_p06,occupancy_contrast,4,confirm_K4_i000700,confirm_K4_i000647,1024,interpolated_backoff,1.0,1.0,shape_rmse,0.019772386779093,0.0260784260010212,0.0063060392219281
count_predictor,occupancy_K4_p06,occupancy_contrast,4,confirm_K4_i000700,confirm_K4_i000647,1024,interpolated_backoff,1.0,1.0,excess_ce_H,0.0272622312835355,0.0330636812726932,0.0058014499891577
count_predictor,occupancy_K4_p06,occupancy_contrast,4,confirm_K4_i000700,confirm_K4_i000647,1024,interpolated_backoff,1.0,5.0,shape_rmse,0.0158005273010326,0.0223559274114443,0.0065554001104117
count_predictor,occupancy_K4_p06,occupancy_contrast,4,confirm_K4_i000700,confirm_K4_i000647,1024,interpolated_backoff,1.0,5.0,excess_ce_H,0.0225522419246806,0.0287095142774096,0.006157272352729
count_predictor,occupancy_K4_p06,occupancy_contrast,4,confirm_K4_i000700,confirm_K4_i000647,1024,interpolated_backoff,1.0,20.0,shape_rmse,0.0106709046921585,0.0153785079867261,0.0047076032945675
count_predictor,occupancy_K4_p06,occupancy_contrast,4,confirm_K4_i000700,confirm_K4_i000647,1024,interpolated_backoff,1.0,20.0,excess_ce_H,0.016365477885496,0.0204904163626875,0.0041249384771915
count_predictor,occupancy_K4_p06,occupancy_contrast,4,confirm_K4_i000700,confirm_K4_i000647,2048,additive,0.1,,shape_rmse,0.025707104130651,0.022015534656874,-0.0036915694737769
count_predictor,occupancy_K4_p06,occupancy_contrast,4,confirm_K4_i000700,confirm_K4_i000647,2048,additive,0.1,,excess_ce_H,0.0334044847775663,0.0275995177960477,-0.0058049669815186
count_predictor,occupancy_K4_p06,occupancy_contrast,4,confirm_K4_i000700,confirm_K4_i000647,2048,interpolated_backoff,0.1,1.0,shape_rmse,0.0219302272718131,0.0205130424846104,-0.0014171847872027
count_predictor,occupancy_K4_p06,occupancy_contrast,4,confirm_K4_i000700,confirm_K4_i000647,2048,interpolated_backoff,0.1,1.0,excess_ce_H,0.0290084701826798,0.0258594114636387,-0.0031490587190411
count_predictor,occupancy_K4_p06,occupancy_contrast,4,confirm_K4_i000700,confirm_K4_i000647,2048,interpolated_backoff,0.1,5.0,shape_rmse,0.0167324239420888,0.0176237531631223,0.0008913292210335
count_predictor,occupancy_K4_p06,occupancy_contrast,4,confirm_K4_i000700,confirm_K4_i000647,2048,interpolated_backoff,0.1,5.0,excess_ce_H,0.0229239923028157,0.0225066408405623,-0.0004173514622533
count_predictor,occupancy_K4_p06,occupancy_contrast,4,confirm_K4_i000700,confirm_K4_i000647,2048,interpolated_backoff,0.1,20.0,shape_rmse,0.0111116951062068,0.013031106679836,0.0019194115736292
count_predictor,occupancy_K4_p06,occupancy_contrast,4,confirm_K4_i000700,confirm_K4_i000647,2048,interpolated_backoff,0.1,20.0,excess_ce_H,0.0162776546492731,0.0171552117624202,0.0008775571131471
count_predictor,occupancy_K4_p06,occupancy_contrast,4,confirm_K4_i000700,confirm_K4_i000647,2048,additive,0.5,,shape_rmse,0.0174001847224319,0.0182454584082223,0.0008452736857903
count_predictor,occupancy_K4_p06,occupancy_contrast,4,confirm_K4_i000700,confirm_K4_i000647,2048,additive,0.5,,excess_ce_H,0.0236655470297229,0.023227293872515,-0.0004382531572078
count_predictor,occupancy_K4_p06,occupancy_contrast,4,confirm_K4_i000700,confirm_K4_i000647,2048,interpolated_backoff,0.5,1.0,shape_rmse,0.0160334153818101,0.0175921171636199,0.0015587017818098
count_predictor,occupancy_K4_p06,occupancy_contrast,4,confirm_K4_i000700,confirm_K4_i000647,2048,interpolated_backoff,0.5,1.0,excess_ce_H,0.0220705608388138,0.0224687571323647,0.0003981962935509
count_predictor,occupancy_K4_p06,occupancy_contrast,4,confirm_K4_i000700,confirm_K4_i000647,2048,interpolated_backoff,0.5,5.0,shape_rmse,0.0134281505522812,0.0157393690863785,0.0023112185340973
count_predictor,occupancy_K4_p06,occupancy_contrast,4,confirm_K4_i000700,confirm_K4_i000647,2048,interpolated_backoff,0.5,5.0,excess_ce_H,0.0190120154773321,0.0203144522201932,0.001302436742861
count_predictor,occupancy_K4_p06,occupancy_contrast,4,confirm_K4_i000700,confirm_K4_i000647,2048,interpolated_backoff,0.5,20.0,shape_rmse,0.0096939737043134,0.0120302634798128,0.0023362897754993
count_predictor,occupancy_K4_p06,occupancy_contrast,4,confirm_K4_i000700,confirm_K4_i000647,2048,interpolated_backoff,0.5,20.0,excess_ce_H,0.0145788675719129,0.0159853182553191,0.0014064506834062
count_predictor,occupancy_K4_p06,occupancy_contrast,4,confirm_K4_i000700,confirm_K4_i000647,2048,additive,1.0,,shape_rmse,0.0151469365243586,0.0162679789680838,0.0011210424437251
count_predictor,occupancy_K4_p06,occupancy_contrast,4,confirm_K4_i000700,confirm_K4_i000647,2048,additive,1.0,,excess_ce_H,0.0209874026645384,0.0209261249295336,-6.127773500479855e-05
count_predictor,occupancy_K4_p06,occupancy_contrast,4,confirm_K4_i000700,confirm_K4_i000647,2048,interpolated_backoff,1.0,1.0,shape_rmse,0.0141247277129057,0.0157969623498856,0.0016722346369799
count_predictor,occupancy_K4_p06,occupancy_contrast,4,confirm_K4_i000700,confirm_K4_i000647,2048,interpolated_backoff,1.0,1.0,excess_ce_H,0.019793431984207,0.0203784451911395,0.0005850132069324
count_predictor,occupancy_K4_p06,occupancy_contrast,4,confirm_K4_i000700,confirm_K4_i000647,2048,interpolated_backoff,1.0,5.0,shape_rmse,0.0120656584985453,0.0143444364699455,0.0022787779714001
count_predictor,occupancy_K4_p06,occupancy_contrast,4,confirm_K4_i000700,confirm_K4_i000647,2048,interpolated_backoff,1.0,5.0,excess_ce_H,0.0173741684145996,0.0186871368878791,0.0013129684732795
count_predictor,occupancy_K4_p06,occupancy_contrast,4,confirm_K4_i000700,confirm_K4_i000647,2048,interpolated_backoff,1.0,20.0,shape_rmse,0.0089231147883663,0.0111781578738748,0.0022550430855084
count_predictor,occupancy_K4_p06,occupancy_contrast,4,confirm_K4_i000700,confirm_K4_i000647,2048,interpolated_backoff,1.0,20.0,excess_ce_H,0.0136400966020684,0.0149864808206214,0.001346384218553
count_predictor,occupancy_K5_p07,occupancy_contrast,5,confirm_K5_i001021,confirm_K5_i000095,64,additive,0.1,,shape_rmse,0.2015959711841526,0.4205141292058378,0.2189181580216852
count_predictor,occupancy_K5_p07,occupancy_contrast,5,confirm_K5_i001021,confirm_K5_i000095,64,additive,0.1,,excess_ce_H,0.2671279893482827,0.5364652058751376,0.2693372165268549
count_predictor,occupancy_K5_p07,occupancy_contrast,5,confirm_K5_i001021,confirm_K5_i000095,64,interpolated_backoff,0.1,1.0,shape_rmse,0.1340253975434024,0.2637507719873275,0.1297253744439251
count_predictor,occupancy_K5_p07,occupancy_contrast,5,confirm_K5_i001021,confirm_K5_i000095,64,interpolated_backoff,0.1,1.0,excess_ce_H,0.1822142936499831,0.347622991764644,0.1654086981146609
count_predictor,occupancy_K5_p07,occupancy_contrast,5,confirm_K5_i001021,confirm_K5_i000095,64,interpolated_backoff,0.1,5.0,shape_rmse,0.0758413796794379,0.1233463254999417,0.0475049458205038
count_predictor,occupancy_K5_p07,occupancy_contrast,5,confirm_K5_i001021,confirm_K5_i000095,64,interpolated_backoff,0.1,5.0,excess_ce_H,0.1072336815458701,0.1738343289361523,0.0666006473902822
count_predictor,occupancy_K5_p07,occupancy_contrast,5,confirm_K5_i001021,confirm_K5_i000095,64,interpolated_backoff,0.1,20.0,shape_rmse,0.0338279022541651,0.0457351651011893,0.0119072628470242
count_predictor,occupancy_K5_p07,occupancy_contrast,5,confirm_K5_i001021,confirm_K5_i000095,64,interpolated_backoff,0.1,20.0,excess_ce_H,0.051528402532148,0.0725965423097534,0.0210681397776054
count_predictor,occupancy_K5_p07,occupancy_contrast,5,confirm_K5_i001021,confirm_K5_i000095,64,additive,0.5,,shape_rmse,0.100978684007026,0.1345165709422804,0.0335378869352543
count_predictor,occupancy_K5_p07,occupancy_contrast,5,confirm_K5_i001021,confirm_K5_i000095,64,additive,0.5,,excess_ce_H,0.1375776459944404,0.1880577906827554,0.050480144688315
count_predictor,occupancy_K5_p07,occupancy_contrast,5,confirm_K5_i001021,confirm_K5_i000095,64,interpolated_backoff,0.5,1.0,shape_rmse,0.0711348237232425,0.1027303578903946,0.0315955341671521
count_predictor,occupancy_K5_p07,occupancy_contrast,5,confirm_K5_i001021,confirm_K5_i000095,64,interpolated_backoff,0.5,1.0,excess_ce_H,0.1004788072860043,0.1485208481585838,0.0480420408725794
count_predictor,occupancy_K5_p07,occupancy_contrast,5,confirm_K5_i001021,confirm_K5_i000095,64,interpolated_backoff,0.5,5.0,shape_rmse,0.0448869176063789,0.0611373117702256,0.0162503941638467
count_predictor,occupancy_K5_p07,occupancy_contrast,5,confirm_K5_i001021,confirm_K5_i000095,64,interpolated_backoff,0.5,5.0,excess_ce_H,0.0666228269304738,0.094626086324915,0.0280032593944411
count_predictor,occupancy_K5_p07,occupancy_contrast,5,confirm_K5_i001021,confirm_K5_i000095,64,interpolated_backoff,0.5,20.0,shape_rmse,0.0231189837106268,0.0292820580583917,0.0061630743477649
count_predictor,occupancy_K5_p07,occupancy_contrast,5,confirm_K5_i001021,confirm_K5_i000095,64,interpolated_backoff,0.5,20.0,excess_ce_H,0.0372388208579357,0.0506621676755782,0.0134233468176424
count_predictor,occupancy_K5_p07,occupancy_contrast,5,confirm_K5_i001021,confirm_K5_i000095,64,additive,1.0,,shape_rmse,0.0899958753823862,0.0772613322439547,-0.0127345431384314
count_predictor,occupancy_K5_p07,occupancy_contrast,5,confirm_K5_i001021,confirm_K5_i000095,64,additive,1.0,,excess_ce_H,0.1223126730338071,0.1150580651361261,-0.007254607897681
count_predictor,occupancy_K5_p07,occupancy_contrast,5,confirm_K5_i001021,confirm_K5_i000095,64,interpolated_backoff,1.0,1.0,shape_rmse,0.0640259313821405,0.0617755738603538,-0.0022503575217866
count_predictor,occupancy_K5_p07,occupancy_contrast,5,confirm_K5_i001021,confirm_K5_i000095,64,interpolated_backoff,1.0,1.0,excess_ce_H,0.0902153367280478,0.0952890210441959,0.0050736843161481
count_predictor,occupancy_K5_p07,occupancy_contrast,5,confirm_K5_i001021,confirm_K5_i000095,64,interpolated_backoff,1.0,5.0,shape_rmse,0.0406905664422082,0.04054378487061,-0.0001467815715981
count_predictor,occupancy_K5_p07,occupancy_contrast,5,confirm_K5_i001021,confirm_K5_i000095,64,interpolated_backoff,1.0,5.0,excess_ce_H,0.0603919443936529,0.0668532765288247,0.0064613321351717
count_predictor,occupancy_K5_p07,occupancy_contrast,5,confirm_K5_i001021,confirm_K5_i000095,64,interpolated_backoff,1.0,20.0,shape_rmse,0.0209608797540758,0.0219133695761455,0.0009524898220697
count_predictor,occupancy_K5_p07,occupancy_contrast,5,confirm_K5_i001021,confirm_K5_i000095,64,interpolated_backoff,1.0,20.0,excess_ce_H,0.0340189282992033,0.0402966707665335,0.0062777424673302
count_predictor,occupancy_K5_p07,occupancy_contrast,5,confirm_K5_i001021,confirm_K5_i000095,128,additive,0.1,,shape_rmse,0.1559814859128697,0.3276723401744937,0.171690854261624
count_predictor,occupancy_K5_p07,occupancy_contrast,5,confirm_K5_i001021,confirm_K5_i000095,128,additive,0.1,,excess_ce_H,0.1997763496567708,0.4050301089495058,0.205253759292735
count_predictor,occupancy_K5_p07,occupancy_contrast,5,confirm_K5_i001021,confirm_K5_i000095,128,interpolated_backoff,0.1,1.0,shape_rmse,0.1083334096528089,0.2201443328876542,0.1118109232348453
count_predictor,occupancy_K5_p07,occupancy_contrast,5,confirm_K5_i001021,confirm_K5_i000095,128,interpolated_backoff,0.1,1.0,excess_ce_H,0.1417593185583718,0.2788219699341558,0.137062651375784
count_predictor,occupancy_K5_p07,occupancy_contrast,5,confirm_K5_i001021,confirm_K5_i000095,128,interpolated_backoff,0.1,5.0,shape_rmse,0.0636027539388103,0.110692853401236,0.0470900994624256
count_predictor,occupancy_K5_p07,occupancy_contrast,5,confirm_K5_i001021,confirm_K5_i000095,128,interpolated_backoff,0.1,5.0,excess_ce_H,0.08608349627587,0.1484958017222144,0.0624123054463444
count_predictor,occupancy_K5_p07,occupancy_contrast,5,confirm_K5_i001021,confirm_K5_i000095,128,interpolated_backoff,0.1,20.0,shape_rmse,0.0298323321809805,0.0428468634302905,0.0130145312493099
count_predictor,occupancy_K5_p07,occupancy_contrast,5,confirm_K5_i001021,confirm_K5_i000095,128,interpolated_backoff,0.1,20.0,excess_ce_H,0.0429905244138082,0.0646965115832611,0.0217059871694529
count_predictor,occupancy_K5_p07,occupancy_contrast,5,confirm_K5_i001021,confirm_K5_i000095,128,additive,0.5,,shape_rmse,0.078548087714873,0.1253507906027602,0.0468027028878871
count_predictor,occupancy_K5_p07,occupancy_contrast,5,confirm_K5_i001021,confirm_K5_i000095,128,additive,0.5,,excess_ce_H,0.1039018098666235,0.1658567474608387,0.0619549375942151
count_predictor,occupancy_K5_p07,occupancy_contrast,5,confirm_K5_i001021,confirm_K5_i000095,128,interpolated_backoff,0.5,1.0,shape_rmse,0.0604837832916759,0.1006747575377282,0.0401909742460523
count_predictor,occupancy_K5_p07,occupancy_contrast,5,confirm_K5_i001021,confirm_K5_i000095,128,interpolated_backoff,0.5,1.0,excess_ce_H,0.0819412964220152,0.1364355000851747,0.0544942036631594
count_predictor,occupancy_K5_p07,occupancy_contrast,5,confirm_K5_i001021,confirm_K5_i000095,128,interpolated_backoff,0.5,5.0,shape_rmse,0.0405206104707676,0.0621883797812733,0.0216677693105057
count_predictor,occupancy_K5_p07,occupancy_contrast,5,confirm_K5_i001021,confirm_K5_i000095,128,interpolated_backoff,0.5,5.0,excess_ce_H,0.0569149982507157,0.0895664502182609,0.0326514519675452
count_predictor,occupancy_K5_p07,occupancy_contrast,5,confirm_K5_i001021,confirm_K5_i000095,128,interpolated_backoff,0.5,20.0,shape_rmse,0.0219532672048572,0.0293890465936685,0.0074357793888112
count_predictor,occupancy_K5_p07,occupancy_contrast,5,confirm_K5_i001021,confirm_K5_i000095,128,interpolated_backoff,0.5,20.0,excess_ce_H,0.0328724612316677,0.0476618135664219,0.0147893523347542
count_predictor,occupancy_K5_p07,occupancy_contrast,5,confirm_K5_i001021,confirm_K5_i000095,128,additive,1.0,,shape_rmse,0.0683523683502498,0.076030864241824,0.0076784958915741
count_predictor,occupancy_K5_p07,occupancy_contrast,5,confirm_K5_i001021,confirm_K5_i000095,128,additive,1.0,,excess_ce_H,0.090719300339376,0.1061211706572664,0.0154018703178903
count_predictor,occupancy_K5_p07,occupancy_contrast,5,confirm_K5_i001021,confirm_K5_i000095,128,interpolated_backoff,1.0,1.0,shape_rmse,0.0534108049639763,0.0636628596111432,0.0102520546471668
count_predictor,occupancy_K5_p07,occupancy_contrast,5,confirm_K5_i001021,confirm_K5_i000095,128,interpolated_backoff,1.0,1.0,excess_ce_H,0.0726017047796401,0.091149694292512,0.0185479895128719
count_predictor,occupancy_K5_p07,occupancy_contrast,5,confirm_K5_i001021,confirm_K5_i000095,128,interpolated_backoff,1.0,5.0,shape_rmse,0.0364146737638352,0.0426567658951139,0.0062420921312787
count_predictor,occupancy_K5_p07,occupancy_contrast,5,confirm_K5_i001021,confirm_K5_i000095,128,interpolated_backoff,1.0,5.0,excess_ce_H,0.0513744453323194,0.0650404882964021,0.0136660429640827
count_predictor,occupancy_K5_p07,occupancy_contrast,5,confirm_K5_i001021,confirm_K5_i000095,128,interpolated_backoff,1.0,20.0,shape_rmse,0.020078546455781,0.0224887431466823,0.0024101966909013
count_predictor,occupancy_K5_p07,occupancy_contrast,5,confirm_K5_i001021,confirm_K5_i000095,128,interpolated_backoff,1.0,20.0,excess_ce_H,0.0303033519771465,0.0385722657178475,0.008268913740701
count_predictor,occupancy_K5_p07,occupancy_contrast,5,confirm_K5_i001021,confirm_K5_i000095,256,additive,0.1,,shape_rmse,0.1088733489639041,0.2097499294042602,0.1008765804403561
count_predictor,occupancy_K5_p07,occupancy_contrast,5,confirm_K5_i001021,confirm_K5_i000095,256,additive,0.1,,excess_ce_H,0.1362403703577699,0.2564189999655131,0.1201786296077432
count_predictor,occupancy_K5_p07,occupancy_contrast,5,confirm_K5_i001021,confirm_K5_i000095,256,interpolated_backoff,0.1,1.0,shape_rmse,0.0795899312010336,0.154594494837884,0.0750045636368504
count_predictor,occupancy_K5_p07,occupancy_contrast,5,confirm_K5_i001021,confirm_K5_i000095,256,interpolated_backoff,0.1,1.0,excess_ce_H,0.1013220318042331,0.1923405018331245,0.0910184700288914
count_predictor,occupancy_K5_p07,occupancy_contrast,5,confirm_K5_i001021,confirm_K5_i000095,256,interpolated_backoff,0.1,5.0,shape_rmse,0.0492558882378134,0.0883814898694044,0.039125601631591
count_predictor,occupancy_K5_p07,occupancy_contrast,5,confirm_K5_i001021,confirm_K5_i000095,256,interpolated_backoff,0.1,5.0,excess_ce_H,0.0646062954813009,0.1148854938615016,0.0502791983802007
count_predictor,occupancy_K5_p07,occupancy_contrast,5,confirm_K5_i001021,confirm_K5_i000095,256,interpolated_backoff,0.1,20.0,shape_rmse,0.0245924931086206,0.0377857797934034,0.0131932866847827
count_predictor,occupancy_K5_p07,occupancy_contrast,5,confirm_K5_i001021,confirm_K5_i000095,256,interpolated_backoff,0.1,20.0,excess_ce_H,0.0341653374951576,0.0545058395365694,0.0203405020414118
count_predictor,occupancy_K5_p07,occupancy_contrast,5,confirm_K5_i001021,confirm_K5_i000095,256,additive,0.5,,shape_rmse,0.0578128517928287,0.098941679389677,0.0411288275968483
count_predictor,occupancy_K5_p07,occupancy_contrast,5,confirm_K5_i001021,confirm_K5_i000095,256,additive,0.5,,excess_ce_H,0.0746775630390459,0.1271936638359965,0.0525161007969506
count_predictor,occupancy_K5_p07,occupancy_contrast,5,confirm_K5_i001021,confirm_K5_i000095,256,interpolated_backoff,0.5,1.0,shape_rmse,0.0470835089126772,0.0844304246920697,0.0373469157793924
count_predictor,occupancy_K5_p07,occupancy_contrast,5,confirm_K5_i001021,confirm_K5_i000095,256,interpolated_backoff,0.5,1.0,excess_ce_H,0.0618544047233942,0.1101980455030107,0.0483436407796165
count_predictor,occupancy_K5_p07,occupancy_contrast,5,confirm_K5_i001021,confirm_K5_i000095,256,interpolated_backoff,0.5,5.0,shape_rmse,0.033294408809496,0.0570545015319145,0.0237600927224184
count_predictor,occupancy_K5_p07,occupancy_contrast,5,confirm_K5_i001021,confirm_K5_i000095,256,interpolated_backoff,0.5,5.0,excess_ce_H,0.0450422586808936,0.0778423642228824,0.0328001055419888
count_predictor,occupancy_K5_p07,occupancy_contrast,5,confirm_K5_i001021,confirm_K5_i000095,256,interpolated_backoff,0.5,20.0,shape_rmse,0.0190390814723949,0.0280609023460176,0.0090218208736226
count_predictor,occupancy_K5_p07,occupancy_contrast,5,confirm_K5_i001021,confirm_K5_i000095,256,interpolated_backoff,0.5,20.0,excess_ce_H,0.0272485189425697,0.0427126707669898,0.0154641518244201
count_predictor,occupancy_K5_p07,occupancy_contrast,5,confirm_K5_i001021,confirm_K5_i000095,256,additive,1.0,,shape_rmse,0.0498136012439527,0.0657741153949734,0.0159605141510206
count_predictor,occupancy_K5_p07,occupancy_contrast,5,confirm_K5_i001021,confirm_K5_i000095,256,additive,1.0,,excess_ce_H,0.0647860361177681,0.0880376048592426,0.0232515687414744
count_predictor,occupancy_K5_p07,occupancy_contrast,5,confirm_K5_i001021,confirm_K5_i000095,256,interpolated_backoff,1.0,1.0,shape_rmse,0.0411009627368719,0.0579621541961727,0.0168611914593007
count_predictor,occupancy_K5_p07,occupancy_contrast,5,confirm_K5_i001021,confirm_K5_i000095,256,interpolated_backoff,1.0,1.0,excess_ce_H,0.0543777189859548,0.0788176315253572,0.0244399125394024
count_predictor,occupancy_K5_p07,occupancy_contrast,5,confirm_K5_i001021,confirm_K5_i000095,256,interpolated_backoff,1.0,5.0,shape_rmse,0.0296594496898359,0.0416626680552384,0.0120032183654024
count_predictor,occupancy_K5_p07,occupancy_contrast,5,confirm_K5_i001021,confirm_K5_i000095,256,interpolated_backoff,1.0,5.0,excess_ce_H,0.0404334551719074,0.0593639185572563,0.0189304633853489
count_predictor,occupancy_K5_p07,occupancy_contrast,5,confirm_K5_i001021,confirm_K5_i000095,256,interpolated_backoff,1.0,20.0,shape_rmse,0.0174284472901614,0.0221637899138023,0.0047353426236408
count_predictor,occupancy_K5_p07,occupancy_contrast,5,confirm_K5_i001021,confirm_K5_i000095,256,interpolated_backoff,1.0,20.0,excess_ce_H,0.0251645676588485,0.0354087219266499,0.0102441542678014
count_predictor,occupancy_K5_p07,occupancy_contrast,5,confirm_K5_i001021,confirm_K5_i000095,512,additive,0.1,,shape_rmse,0.0711886620095982,0.1114863042657732,0.040297642256175
count_predictor,occupancy_K5_p07,occupancy_contrast,5,confirm_K5_i001021,confirm_K5_i000095,512,additive,0.1,,excess_ce_H,0.0878421327459695,0.1381015112419339,0.0502593784959644
count_predictor,occupancy_K5_p07,occupancy_contrast,5,confirm_K5_i001021,confirm_K5_i000095,512,interpolated_backoff,0.1,1.0,shape_rmse,0.0542766681393719,0.0912122368919593,0.0369355687525874
count_predictor,occupancy_K5_p07,occupancy_contrast,5,confirm_K5_i001021,confirm_K5_i000095,512,interpolated_backoff,0.1,1.0,excess_ce_H,0.0679600118496612,0.1145846505599434,0.0466246387102821
count_predictor,occupancy_K5_p07,occupancy_contrast,5,confirm_K5_i001021,confirm_K5_i000095,512,interpolated_backoff,0.1,5.0,shape_rmse,0.0356250429253258,0.0618647700278811,0.0262397271025553
count_predictor,occupancy_K5_p07,occupancy_contrast,5,confirm_K5_i001021,confirm_K5_i000095,512,interpolated_backoff,0.1,5.0,excess_ce_H,0.045778697664,0.0804203374665744,0.0346416398025744
count_predictor,occupancy_K5_p07,occupancy_contrast,5,confirm_K5_i001021,confirm_K5_i000095,512,interpolated_backoff,0.1,20.0,shape_rmse,0.0192722390096851,0.0325622840428239,0.0132900450331388
count_predictor,occupancy_K5_p07,occupancy_contrast,5,confirm_K5_i001021,confirm_K5_i000095,512,interpolated_backoff,0.1,20.0,excess_ce_H,0.026017489599166,0.0459429856606914,0.0199254960615254
count_predictor,occupancy_K5_p07,occupancy_contrast,5,confirm_K5_i001021,confirm_K5_i000095,512,additive,0.5,,shape_rmse,0.040098862744002,0.0653373775588043,0.0252385148148023
count_predictor,occupancy_K5_p07,occupancy_contrast,5,confirm_K5_i001021,confirm_K5_i000095,512,additive,0.5,,excess_ce_H,0.0509742366172449,0.0844546105127599,0.033480373895515
count_predictor,occupancy_K5_p07,occupancy_contrast,5,confirm_K5_i001021,confirm_K5_i000095,512,interpolated_backoff,0.5,1.0,shape_rmse,0.0340361504912637,0.0592730328933281,0.0252368824020644
count_predictor,occupancy_K5_p07,occupancy_contrast,5,confirm_K5_i001021,confirm_K5_i000095,512,interpolated_backoff,0.5,1.0,excess_ce_H,0.0438256048803222,0.0773850014598283,0.033559396579506
count_predictor,occupancy_K5_p07,occupancy_contrast,5,confirm_K5_i001021,confirm_K5_i000095,512,interpolated_backoff,0.5,5.0,shape_rmse,0.0253608365877189,0.0454386592868227,0.0200778226991037
count_predictor,occupancy_K5_p07,occupancy_contrast,5,confirm_K5_i001021,confirm_K5_i000095,512,interpolated_backoff,0.5,5.0,excess_ce_H,0.0334506161183714,0.0611883738745522,0.0277377577561808
count_predictor,occupancy_K5_p07,occupancy_contrast,5,confirm_K5_i001021,confirm_K5_i000095,512,interpolated_backoff,0.5,20.0,shape_rmse,0.0155430849572287,0.0264118989467563,0.0108688139895276
count_predictor,occupancy_K5_p07,occupancy_contrast,5,confirm_K5_i001021,confirm_K5_i000095,512,interpolated_backoff,0.5,20.0,excess_ce_H,0.0214772716344544,0.0386428128919691,0.0171655412575147
count_predictor,occupancy_K5_p07,occupancy_contrast,5,confirm_K5_i001021,confirm_K5_i000095,512,additive,1.0,,shape_rmse,0.0343460713914329,0.0485720802355261,0.0142260088440932
count_predictor,occupancy_K5_p07,occupancy_contrast,5,confirm_K5_i001021,confirm_K5_i000095,512,additive,1.0,,excess_ce_H,0.0440476917474743,0.0648151287388603,0.020767436991386
count_predictor,occupancy_K5_p07,occupancy_contrast,5,confirm_K5_i001021,confirm_K5_i000095,512,interpolated_backoff,1.0,1.0,shape_rmse,0.0296040371754308,0.0450242201708584,0.0154201829954275
count_predictor,occupancy_K5_p07,occupancy_contrast,5,confirm_K5_i001021,confirm_K5_i000095,512,interpolated_backoff,1.0,1.0,excess_ce_H,0.0384486852265637,0.0606616018166032,0.0222129165900394
count_predictor,occupancy_K5_p07,occupancy_contrast,5,confirm_K5_i001021,confirm_K5_i000095,512,interpolated_backoff,1.0,5.0,shape_rmse,0.022559522144043,0.0360173846271528,0.0134578624831098
count_predictor,occupancy_K5_p07,occupancy_contrast,5,confirm_K5_i001021,confirm_K5_i000095,512,interpolated_backoff,1.0,5.0,excess_ce_H,0.0300124490361477,0.0500659135385497,0.020053464502402
count_predictor,occupancy_K5_p07,occupancy_contrast,5,confirm_K5_i001021,confirm_K5_i000095,512,interpolated_backoff,1.0,20.0,shape_rmse,0.0142270791920881,0.0220723239161809,0.0078452447240927
count_predictor,occupancy_K5_p07,occupancy_contrast,5,confirm_K5_i001021,confirm_K5_i000095,512,interpolated_backoff,1.0,20.0,excess_ce_H,0.0198331756360958,0.0334388581625018,0.013605682526406
count_predictor,occupancy_K5_p07,occupancy_contrast,5,confirm_K5_i001021,confirm_K5_i000095,1024,additive,0.1,,shape_rmse,0.0407850192742495,0.0550588098671259,0.0142737905928764
count_predictor,occupancy_K5_p07,occupancy_contrast,5,confirm_K5_i001021,confirm_K5_i000095,1024,additive,0.1,,excess_ce_H,0.0507722198608853,0.0704695376055846,0.0196973177446992
count_predictor,occupancy_K5_p07,occupancy_contrast,5,confirm_K5_i001021,confirm_K5_i000095,1024,interpolated_backoff,0.1,1.0,shape_rmse,0.0329140192754179,0.0490561849353046,0.0161421656598867
count_predictor,occupancy_K5_p07,occupancy_contrast,5,confirm_K5_i001021,confirm_K5_i000095,1024,interpolated_backoff,0.1,1.0,excess_ce_H,0.0415436000060494,0.0635189210165134,0.0219753210104639
count_predictor,occupancy_K5_p07,occupancy_contrast,5,confirm_K5_i001021,confirm_K5_i000095,1024,interpolated_backoff,0.1,5.0,shape_rmse,0.0233233708932594,0.0383689534989436,0.0150455826056841
count_predictor,occupancy_K5_p07,occupancy_contrast,5,confirm_K5_i001021,confirm_K5_i000095,1024,interpolated_backoff,0.1,5.0,excess_ce_H,0.0301904404759574,0.0511160865382254,0.020925646062268
count_predictor,occupancy_K5_p07,occupancy_contrast,5,confirm_K5_i001021,confirm_K5_i000095,1024,interpolated_backoff,0.1,20.0,shape_rmse,0.0138686856496866,0.0244458070856168,0.0105771214359301
count_predictor,occupancy_K5_p07,occupancy_contrast,5,confirm_K5_i001021,confirm_K5_i000095,1024,interpolated_backoff,0.1,20.0,excess_ce_H,0.0188672942088732,0.0348573105252509,0.0159900163163777
count_predictor,occupancy_K5_p07,occupancy_contrast,5,confirm_K5_i001021,confirm_K5_i000095,1024,additive,0.5,,shape_rmse,0.0244107553559118,0.0390820106597272,0.0146712553038153
count_predictor,occupancy_K5_p07,occupancy_contrast,5,confirm_K5_i001021,confirm_K5_i000095,1024,additive,0.5,,excess_ce_H,0.0314297866459098,0.0519372206328565,0.0205074339869467
count_predictor,occupancy_K5_p07,occupancy_contrast,5,confirm_K5_i001021,confirm_K5_i000095,1024,interpolated_backoff,0.5,1.0,shape_rmse,0.0215557577048168,0.0369687775327277,0.0154130198279108
count_predictor,occupancy_K5_p07,occupancy_contrast,5,confirm_K5_i001021,confirm_K5_i000095,1024,interpolated_backoff,0.5,1.0,excess_ce_H,0.028076536820085,0.0494817313669861,0.0214051945469011
count_predictor,occupancy_K5_p07,occupancy_contrast,5,confirm_K5_i001021,confirm_K5_i000095,1024,interpolated_backoff,0.5,5.0,shape_rmse,0.0171363030203501,0.0312516986481148,0.0141153956277647
count_predictor,occupancy_K5_p07,occupancy_contrast,5,confirm_K5_i001021,confirm_K5_i000095,1024,interpolated_backoff,0.5,5.0,excess_ce_H,0.0228206543548015,0.0428244453683812,0.0200037910135797
count_predictor,occupancy_K5_p07,occupancy_contrast,5,confirm_K5_i001021,confirm_K5_i000095,1024,interpolated_backoff,0.5,20.0,shape_rmse,0.0114300759878235,0.0212622557674715,0.009832179779648
count_predictor,occupancy_K5_p07,occupancy_contrast,5,confirm_K5_i001021,confirm_K5_i000095,1024,interpolated_backoff,0.5,20.0,excess_ce_H,0.0159343318702371,0.0311178743656226,0.0151835424953854
count_predictor,occupancy_K5_p07,occupancy_contrast,5,confirm_K5_i001021,confirm_K5_i000095,1024,additive,1.0,,shape_rmse,0.0210469987993452,0.0319292595160567,0.0108822607167115
count_predictor,occupancy_K5_p07,occupancy_contrast,5,confirm_K5_i001021,confirm_K5_i000095,1024,additive,1.0,,excess_ce_H,0.0273892320300193,0.0435984797223119,0.0162092476922926
count_predictor,occupancy_K5_p07,occupancy_contrast,5,confirm_K5_i001021,confirm_K5_i000095,1024,interpolated_backoff,1.0,1.0,shape_rmse,0.0187907624959383,0.0305622467235925,0.0117714842276542
count_predictor,occupancy_K5_p07,occupancy_contrast,5,confirm_K5_i001021,confirm_K5_i000095,1024,interpolated_backoff,1.0,1.0,excess_ce_H,0.0247395751909615,0.042005849083885,0.0172662738929235
count_predictor,occupancy_K5_p07,occupancy_contrast,5,confirm_K5_i001021,confirm_K5_i000095,1024,interpolated_backoff,1.0,5.0,shape_rmse,0.0152249059583159,0.0265197881408401,0.0112948821825242
count_predictor,occupancy_K5_p07,occupancy_contrast,5,confirm_K5_i001021,confirm_K5_i000095,1024,interpolated_backoff,1.0,5.0,excess_ce_H,0.0204989219805571,0.0372856328474848,0.0167867108669276
count_predictor,occupancy_K5_p07,occupancy_contrast,5,confirm_K5_i001021,confirm_K5_i000095,1024,interpolated_backoff,1.0,20.0,shape_rmse,0.0104347718691785,0.0186970246610198,0.0082622527918413
count_predictor,occupancy_K5_p07,occupancy_contrast,5,confirm_K5_i001021,confirm_K5_i000095,1024,interpolated_backoff,1.0,20.0,excess_ce_H,0.0147121779597174,0.0280889942912287,0.0133768163315113
count_predictor,occupancy_K5_p07,occupancy_contrast,5,confirm_K5_i001021,confirm_K5_i000095,2048,additive,0.1,,shape_rmse,0.0225980164764513,0.0236662998216114,0.00106828334516
count_predictor,occupancy_K5_p07,occupancy_contrast,5,confirm_K5_i001021,confirm_K5_i000095,2048,additive,0.1,,excess_ce_H,0.0284773426407911,0.0327801696614922,0.004302827020701
count_predictor,occupancy_K5_p07,occupancy_contrast,5,confirm_K5_i001021,confirm_K5_i000095,2048,interpolated_backoff,0.1,1.0,shape_rmse,0.0190892936426483,0.0224207877946917,0.0033314941520433
count_predictor,occupancy_K5_p07,occupancy_contrast,5,confirm_K5_i001021,confirm_K5_i000095,2048,interpolated_backoff,0.1,1.0,excess_ce_H,0.0244044327773682,0.0313375074009067,0.0069330746235384
count_predictor,occupancy_K5_p07,occupancy_contrast,5,confirm_K5_i001021,confirm_K5_i000095,2048,interpolated_backoff,0.1,5.0,shape_rmse,0.0142135815959821,0.0195665577250663,0.0053529761290842
count_predictor,occupancy_K5_p07,occupancy_contrast,5,confirm_K5_i001021,confirm_K5_i000095,2048,interpolated_backoff,0.1,5.0,excess_ce_H,0.0187196036036458,0.028026628212197,0.0093070246085512
count_predictor,occupancy_K5_p07,occupancy_contrast,5,confirm_K5_i001021,confirm_K5_i000095,2048,interpolated_backoff,0.1,20.0,shape_rmse,0.0091514750437179,0.0145614259911348,0.0054099509474169
count_predictor,occupancy_K5_p07,occupancy_contrast,5,confirm_K5_i001021,confirm_K5_i000095,2048,interpolated_backoff,0.1,20.0,excess_ce_H,0.0127614524213079,0.0221999108218184,0.0094384584005105
count_predictor,occupancy_K5_p07,occupancy_contrast,5,confirm_K5_i001021,confirm_K5_i000095,2048,additive,0.5,,shape_rmse,0.0147680504405947,0.0196763348445822,0.0049082844039875
count_predictor,occupancy_K5_p07,occupancy_contrast,5,confirm_K5_i001021,confirm_K5_i000095,2048,additive,0.5,,excess_ce_H,0.0193664620644924,0.0281512951588776,0.0087848330943852
count_predictor,occupancy_K5_p07,occupancy_contrast,5,confirm_K5_i001021,confirm_K5_i000095,2048,interpolated_backoff,0.5,1.0,shape_rmse,0.0135377107673746,0.0190934486874325,0.0055557379200578
count_predictor,occupancy_K5_p07,occupancy_contrast,5,confirm_K5_i001021,confirm_K5_i000095,2048,interpolated_backoff,0.5,1.0,excess_ce_H,0.0179325597606554,0.0274745643068552,0.0095420045461998
count_predictor,occupancy_K5_p07,occupancy_contrast,5,confirm_K5_i001021,confirm_K5_i000095,2048,interpolated_backoff,0.5,5.0,shape_rmse,0.0111908590857994,0.0172669790303051,0.0060761199445057
count_predictor,occupancy_K5_p07,occupancy_contrast,5,confirm_K5_i001021,confirm_K5_i000095,2048,interpolated_backoff,0.5,5.0,excess_ce_H,0.0151818946866026,0.0253516839845748,0.0101697892979722
count_predictor,occupancy_K5_p07,occupancy_contrast,5,confirm_K5_i001021,confirm_K5_i000095,2048,interpolated_backoff,0.5,20.0,shape_rmse,0.0079308363962671,0.0132868456131768,0.0053560092169096
count_predictor,occupancy_K5_p07,occupancy_contrast,5,confirm_K5_i001021,confirm_K5_i000095,2048,interpolated_backoff,0.5,20.0,excess_ce_H,0.0113202298242152,0.020710062765298,0.0093898329410828
count_predictor,occupancy_K5_p07,occupancy_contrast,5,confirm_K5_i001021,confirm_K5_i000095,2048,additive,1.0,,shape_rmse,0.0129237458781736,0.0173265098278552,0.0044027639496816
count_predictor,occupancy_K5_p07,occupancy_contrast,5,confirm_K5_i001021,confirm_K5_i000095,2048,additive,1.0,,excess_ce_H,0.0172051021136792,0.0254160679272654,0.0082109658135861
count_predictor,occupancy_K5_p07,occupancy_contrast,5,confirm_K5_i001021,confirm_K5_i000095,2048,interpolated_backoff,1.0,1.0,shape_rmse,0.0119742596257372,0.0168972231869124,0.0049229635611752
count_predictor,occupancy_K5_p07,occupancy_contrast,5,confirm_K5_i001021,confirm_K5_i000095,2048,interpolated_backoff,1.0,1.0,excess_ce_H,0.0160967945243259,0.0249168846284342,0.0088200901041083
count_predictor,occupancy_K5_p07,occupancy_contrast,5,confirm_K5_i001021,confirm_K5_i000095,2048,interpolated_backoff,1.0,5.0,shape_rmse,0.0101001616608974,0.0154752132759538,0.0053750516150564
count_predictor,occupancy_K5_p07,occupancy_contrast,5,confirm_K5_i001021,confirm_K5_i000095,2048,interpolated_backoff,1.0,5.0,excess_ce_H,0.0138955753148259,0.023261554736238,0.0093659794214121
count_predictor,occupancy_K5_p07,occupancy_contrast,5,confirm_K5_i001021,confirm_K5_i000095,2048,interpolated_backoff,1.0,20.0,shape_rmse,0.007355172649435,0.0121456214068139,0.0047904487573789
count_predictor,occupancy_K5_p07,occupancy_contrast,5,confirm_K5_i001021,confirm_K5_i000095,2048,interpolated_backoff,1.0,20.0,excess_ce_H,0.0106348802439417,0.0193722638768134,0.0087373836328717
count_predictor,occupancy_K5_p08,occupancy_contrast,5,confirm_K5_i001171,confirm_K5_i000670,64,additive,0.1,,shape_rmse,0.2030303058186755,0.4147088493820406,0.2116785435633651
count_predictor,occupancy_K5_p08,occupancy_contrast,5,confirm_K5_i001171,confirm_K5_i000670,64,additive,0.1,,excess_ce_H,0.2711392626190445,0.5251451010654868,0.2540058384464423
count_predictor,occupancy_K5_p08,occupancy_contrast,5,confirm_K5_i001171,confirm_K5_i000670,64,interpolated_backoff,0.1,1.0,shape_rmse,0.1354683198799941,0.2607637910876166,0.1252954712076225
count_predictor,occupancy_K5_p08,occupancy_contrast,5,confirm_K5_i001171,confirm_K5_i000670,64,interpolated_backoff,0.1,1.0,excess_ce_H,0.1867016010404651,0.340371282845672,0.1536696818052068
count_predictor,occupancy_K5_p08,occupancy_contrast,5,confirm_K5_i001171,confirm_K5_i000670,64,interpolated_backoff,0.1,5.0,shape_rmse,0.0763226559909427,0.1202653251770328,0.04394266918609
count_predictor,occupancy_K5_p08,occupancy_contrast,5,confirm_K5_i001171,confirm_K5_i000670,64,interpolated_backoff,0.1,5.0,excess_ce_H,0.1107399576651688,0.1684305659863327,0.0576906083211638
count_predictor,occupancy_K5_p08,occupancy_contrast,5,confirm_K5_i001171,confirm_K5_i000670,64,interpolated_backoff,0.1,20.0,shape_rmse,0.0344403649796158,0.0438402196350218,0.009399854655406
count_predictor,occupancy_K5_p08,occupancy_contrast,5,confirm_K5_i001171,confirm_K5_i000670,64,interpolated_backoff,0.1,20.0,excess_ce_H,0.0551741027320726,0.0702646303940319,0.0150905276619593
count_predictor,occupancy_K5_p08,occupancy_contrast,5,confirm_K5_i001171,confirm_K5_i000670,64,additive,0.5,,shape_rmse,0.1068019618252513,0.1509990306291051,0.0441970688038538
count_predictor,occupancy_K5_p08,occupancy_contrast,5,confirm_K5_i001171,confirm_K5_i000670,64,additive,0.5,,excess_ce_H,0.1473966238679929,0.2056817297139614,0.0582851058459684
count_predictor,occupancy_K5_p08,occupancy_contrast,5,confirm_K5_i001171,confirm_K5_i000670,64,interpolated_backoff,0.5,1.0,shape_rmse,0.075918432710514,0.1139384784762748,0.0380200457657607
count_predictor,occupancy_K5_p08,occupancy_contrast,5,confirm_K5_i001171,confirm_K5_i000670,64,interpolated_backoff,0.5,1.0,excess_ce_H,0.1092224412199789,0.1603595551025645,0.0511371138825856
count_predictor,occupancy_K5_p08,occupancy_contrast,5,confirm_K5_i001171,confirm_K5_i000670,64,interpolated_backoff,0.5,5.0,shape_rmse,0.0481501690615229,0.0654262323617361,0.0172760633002132
count_predictor,occupancy_K5_p08,occupancy_contrast,5,confirm_K5_i001171,confirm_K5_i000670,64,interpolated_backoff,0.5,5.0,excess_ce_H,0.0735458245602926,0.0992649339252493,0.0257191093649566
count_predictor,occupancy_K5_p08,occupancy_contrast,5,confirm_K5_i001171,confirm_K5_i000670,64,interpolated_backoff,0.5,20.0,shape_rmse,0.0248692933740849,0.0294523419411125,0.0045830485670276
count_predictor,occupancy_K5_p08,occupancy_contrast,5,confirm_K5_i001171,confirm_K5_i000670,64,interpolated_backoff,0.5,20.0,excess_ce_H,0.0423021071123399,0.0512485357134373,0.0089464286010974
count_predictor,occupancy_K5_p08,occupancy_contrast,5,confirm_K5_i001171,confirm_K5_i000670,64,additive,1.0,,shape_rmse,0.0964802252980719,0.0965797349751194,9.950967704749902e-05
count_predictor,occupancy_K5_p08,occupancy_contrast,5,confirm_K5_i001171,confirm_K5_i000670,64,additive,1.0,,excess_ce_H,0.1331793962445633,0.137806701299779,0.0046273050552157
count_predictor,occupancy_K5_p08,occupancy_contrast,5,confirm_K5_i001171,confirm_K5_i000670,64,interpolated_backoff,1.0,1.0,shape_rmse,0.0692795331427879,0.0760078138154132,0.0067282806726253
count_predictor,occupancy_K5_p08,occupancy_contrast,5,confirm_K5_i001171,confirm_K5_i000670,64,interpolated_backoff,1.0,1.0,excess_ce_H,0.0996864300185218,0.1123255761198107,0.0126391461012888
count_predictor,occupancy_K5_p08,occupancy_contrast,5,confirm_K5_i001171,confirm_K5_i000670,64,interpolated_backoff,1.0,5.0,shape_rmse,0.0446329419393604,0.0479639195796364,0.003330977640276
count_predictor,occupancy_K5_p08,occupancy_contrast,5,confirm_K5_i001171,confirm_K5_i000670,64,interpolated_backoff,1.0,5.0,excess_ce_H,0.0682484267990843,0.0763302227681719,0.0080817959690876
count_predictor,occupancy_K5_p08,occupancy_contrast,5,confirm_K5_i001171,confirm_K5_i000670,64,interpolated_backoff,1.0,20.0,shape_rmse,0.0233098674078347,0.0240687906654466,0.0007589232576118
count_predictor,occupancy_K5_p08,occupancy_contrast,5,confirm_K5_i001171,confirm_K5_i000670,64,interpolated_backoff,1.0,20.0,excess_ce_H,0.0398923291328066,0.0437835825139401,0.0038912533811334
count_predictor,occupancy_K5_p08,occupancy_contrast,5,confirm_K5_i001171,confirm_K5_i000670,128,additive,0.1,,shape_rmse,0.1562478320616246,0.298853058224775,0.1426052261631503
count_predictor,occupancy_K5_p08,occupancy_contrast,5,confirm_K5_i001171,confirm_K5_i000670,128,additive,0.1,,excess_ce_H,0.2016258362702789,0.3721413244285343,0.1705154881582554
count_predictor,occupancy_K5_p08,occupancy_contrast,5,confirm_K5_i001171,confirm_K5_i000670,128,interpolated_backoff,0.1,1.0,shape_rmse,0.1084731365870121,0.2052224131968542,0.096749276609842
count_predictor,occupancy_K5_p08,occupancy_contrast,5,confirm_K5_i001171,confirm_K5_i000670,128,interpolated_backoff,0.1,1.0,excess_ce_H,0.1436383062467545,0.2615894210259846,0.11795111477923
count_predictor,occupancy_K5_p08,occupancy_contrast,5,confirm_K5_i001171,confirm_K5_i000670,128,interpolated_backoff,0.1,5.0,shape_rmse,0.0639304974776227,0.1075277424803488,0.0435972450027261
count_predictor,occupancy_K5_p08,occupancy_contrast,5,confirm_K5_i001171,confirm_K5_i000670,128,interpolated_backoff,0.1,5.0,excess_ce_H,0.0885711869532011,0.1447326628173479,0.0561614758641468
count_predictor,occupancy_K5_p08,occupancy_contrast,5,confirm_K5_i001171,confirm_K5_i000670,128,interpolated_backoff,0.1,20.0,shape_rmse,0.0303155155492158,0.0429732786221461,0.0126577630729303
count_predictor,occupancy_K5_p08,occupancy_contrast,5,confirm_K5_i001171,confirm_K5_i000670,128,interpolated_backoff,0.1,20.0,excess_ce_H,0.0459506623397356,0.065033410910464,0.0190827485707284
count_predictor,occupancy_K5_p08,occupancy_contrast,5,confirm_K5_i001171,confirm_K5_i000670,128,additive,0.5,,shape_rmse,0.082613343829329,0.1294931786576052,0.0468798348282762
count_predictor,occupancy_K5_p08,occupancy_contrast,5,confirm_K5_i001171,confirm_K5_i000670,128,additive,0.5,,excess_ce_H,0.1104741589649416,0.1705030437796004,0.0600288848146588
count_predictor,occupancy_K5_p08,occupancy_contrast,5,confirm_K5_i001171,confirm_K5_i000670,128,interpolated_backoff,0.5,1.0,shape_rmse,0.0626534715025144,0.1050240266838432,0.0423705551813288
count_predictor,occupancy_K5_p08,occupancy_contrast,5,confirm_K5_i001171,confirm_K5_i000670,128,interpolated_backoff,0.5,1.0,excess_ce_H,0.0863581435330558,0.1413076279308667,0.0549494843978109
count_predictor,occupancy_K5_p08,occupancy_contrast,5,confirm_K5_i001171,confirm_K5_i000670,128,interpolated_backoff,0.5,5.0,shape_rmse,0.042100754380543,0.065997184319256,0.023896429938713
count_predictor,occupancy_K5_p08,occupancy_contrast,5,confirm_K5_i001171,confirm_K5_i000670,128,interpolated_backoff,0.5,5.0,excess_ce_H,0.0609014424387615,0.0939686694761028,0.0330672270373413
count_predictor,occupancy_K5_p08,occupancy_contrast,5,confirm_K5_i001171,confirm_K5_i000670,128,interpolated_backoff,0.5,20.0,shape_rmse,0.022817812398353,0.0307947829886211,0.0079769705902681
count_predictor,occupancy_K5_p08,occupancy_contrast,5,confirm_K5_i001171,confirm_K5_i000670,128,interpolated_backoff,0.5,20.0,excess_ce_H,0.0362495096776156,0.0496120707121425,0.0133625610345268
count_predictor,occupancy_K5_p08,occupancy_contrast,5,confirm_K5_i001171,confirm_K5_i000670,128,additive,1.0,,shape_rmse,0.0730786637276182,0.0875807005111499,0.0145020367835316
count_predictor,occupancy_K5_p08,occupancy_contrast,5,confirm_K5_i001171,confirm_K5_i000670,128,additive,1.0,,excess_ce_H,0.0982203849725515,0.1197431851598405,0.021522800187289
count_predictor,occupancy_K5_p08,occupancy_contrast,5,confirm_K5_i001171,confirm_K5_i000670,128,interpolated_backoff,1.0,1.0,shape_rmse,0.0560948629297376,0.0737767705416732,0.0176819076119355
count_predictor,occupancy_K5_p08,occupancy_contrast,5,confirm_K5_i001171,confirm_K5_i000670,128,interpolated_backoff,1.0,1.0,excess_ce_H,0.0777193806858678,0.1031366398772326,0.0254172591913647
count_predictor,occupancy_K5_p08,occupancy_contrast,5,confirm_K5_i001171,confirm_K5_i000670,128,interpolated_backoff,1.0,5.0,shape_rmse,0.0384184636642345,0.0499427577969549,0.0115242941327204
count_predictor,occupancy_K5_p08,occupancy_contrast,5,confirm_K5_i001171,confirm_K5_i000670,128,interpolated_backoff,1.0,5.0,excess_ce_H,0.0558848130601474,0.0739079139432719,0.0180231008831244
count_predictor,occupancy_K5_p08,occupancy_contrast,5,confirm_K5_i001171,confirm_K5_i000670,128,interpolated_backoff,1.0,20.0,shape_rmse,0.0212458077834807,0.0254608067269386,0.0042149989434579
count_predictor,occupancy_K5_p08,occupancy_contrast,5,confirm_K5_i001171,confirm_K5_i000670,128,interpolated_backoff,1.0,20.0,excess_ce_H,0.0340168408548928,0.042636232581481,0.0086193917265881
count_predictor,occupancy_K5_p08,occupancy_contrast,5,confirm_K5_i001171,confirm_K5_i000670,256,additive,0.1,,shape_rmse,0.1098819661016937,0.1819914622555347,0.0721094961538409
count_predictor,occupancy_K5_p08,occupancy_contrast,5,confirm_K5_i001171,confirm_K5_i000670,256,additive,0.1,,excess_ce_H,0.1401702248293801,0.2271454280821214,0.0869752032527413
count_predictor,occupancy_K5_p08,occupancy_contrast,5,confirm_K5_i001171,confirm_K5_i000670,256,interpolated_backoff,0.1,1.0,shape_rmse,0.0808758961614712,0.1363325810610303,0.0554566848995591
count_predictor,occupancy_K5_p08,occupancy_contrast,5,confirm_K5_i001171,confirm_K5_i000670,256,interpolated_backoff,0.1,1.0,excess_ce_H,0.1053637365135897,0.1736885628736275,0.0683248263600378
count_predictor,occupancy_K5_p08,occupancy_contrast,5,confirm_K5_i001171,confirm_K5_i000670,256,interpolated_backoff,0.1,5.0,shape_rmse,0.0507477921234063,0.0832209574585257,0.0324731653351194
count_predictor,occupancy_K5_p08,occupancy_contrast,5,confirm_K5_i001171,confirm_K5_i000670,256,interpolated_backoff,0.1,5.0,excess_ce_H,0.0686616979865495,0.1110218408957877,0.0423601429092382
count_predictor,occupancy_K5_p08,occupancy_contrast,5,confirm_K5_i001171,confirm_K5_i000670,256,interpolated_backoff,0.1,20.0,shape_rmse,0.0259108468283114,0.0392992554862268,0.0133884086579154
count_predictor,occupancy_K5_p08,occupancy_contrast,5,confirm_K5_i001171,confirm_K5_i000670,256,interpolated_backoff,0.1,20.0,excess_ce_H,0.0379304777135032,0.0582367515280575,0.0203062738145543
count_predictor,occupancy_K5_p08,occupancy_contrast,5,confirm_K5_i001171,confirm_K5_i000670,256,additive,0.5,,shape_rmse,0.0595306218772651,0.0939161339640072,0.0343855120867421
count_predictor,occupancy_K5_p08,occupancy_contrast,5,confirm_K5_i001171,confirm_K5_i000670,256,additive,0.5,,excess_ce_H,0.0789379001656271,0.123383567831198,0.0444456676655709
count_predictor,occupancy_K5_p08,occupancy_contrast,5,confirm_K5_i001171,confirm_K5_i000670,256,interpolated_backoff,0.5,1.0,shape_rmse,0.0482633540930681,0.0807093814128682,0.0324460273198
count_predictor,occupancy_K5_p08,occupancy_contrast,5,confirm_K5_i001171,confirm_K5_i000670,256,interpolated_backoff,0.5,1.0,excess_ce_H,0.0654692842903728,0.1078335405138566,0.0423642562234838
count_predictor,occupancy_K5_p08,occupancy_contrast,5,confirm_K5_i001171,confirm_K5_i000670,256,interpolated_backoff,0.5,5.0,shape_rmse,0.0345773493337814,0.0570097897812691,0.0224324404474877
count_predictor,occupancy_K5_p08,occupancy_contrast,5,confirm_K5_i001171,confirm_K5_i000670,256,interpolated_backoff,0.5,5.0,excess_ce_H,0.0487561882050087,0.0796698905364232,0.0309137023314145
count_predictor,occupancy_K5_p08,occupancy_contrast,5,confirm_K5_i001171,confirm_K5_i000670,256,interpolated_backoff,0.5,20.0,shape_rmse,0.0203047166945267,0.0302481663849297,0.0099434496904029
count_predictor,occupancy_K5_p08,occupancy_contrast,5,confirm_K5_i001171,confirm_K5_i000670,256,interpolated_backoff,0.5,20.0,excess_ce_H,0.0309422892055057,0.0471731027558339,0.0162308135503281
count_predictor,occupancy_K5_p08,occupancy_contrast,5,confirm_K5_i001171,confirm_K5_i000670,256,additive,1.0,,shape_rmse,0.0518165637888768,0.0685965421172993,0.0167799783284225
count_predictor,occupancy_K5_p08,occupancy_contrast,5,confirm_K5_i001171,confirm_K5_i000670,256,additive,1.0,,excess_ce_H,0.069288736430338,0.0932466852036215,0.0239579487732835
count_predictor,occupancy_K5_p08,occupancy_contrast,5,confirm_K5_i001171,confirm_K5_i000670,256,interpolated_backoff,1.0,1.0,shape_rmse,0.0424062881691799,0.0607729793427186,0.0183666911735387
count_predictor,occupancy_K5_p08,occupancy_contrast,5,confirm_K5_i001171,confirm_K5_i000670,256,interpolated_backoff,1.0,1.0,excess_ce_H,0.0580663578543028,0.0839904894747878,0.0259241316204849
count_predictor,occupancy_K5_p08,occupancy_contrast,5,confirm_K5_i001171,confirm_K5_i000670,256,interpolated_backoff,1.0,5.0,shape_rmse,0.0310353025805874,0.0453035427311836,0.0142682401505962
count_predictor,occupancy_K5_p08,occupancy_contrast,5,confirm_K5_i001171,confirm_K5_i000670,256,interpolated_backoff,1.0,5.0,excess_ce_H,0.0442149039573585,0.0654975842479279,0.0212826802905694
count_predictor,occupancy_K5_p08,occupancy_contrast,5,confirm_K5_i001171,confirm_K5_i000670,256,interpolated_backoff,1.0,20.0,shape_rmse,0.0187581902381828,0.0255427757134531,0.0067845854752702
count_predictor,occupancy_K5_p08,occupancy_contrast,5,confirm_K5_i001171,confirm_K5_i000670,256,interpolated_backoff,1.0,20.0,excess_ce_H,0.0289160607270713,0.0413155266586082,0.0123994659315369
count_predictor,occupancy_K5_p08,occupancy_contrast,5,confirm_K5_i001171,confirm_K5_i000670,512,additive,0.1,,shape_rmse,0.0665813307487487,0.1004991329665675,0.0339178022178188
count_predictor,occupancy_K5_p08,occupancy_contrast,5,confirm_K5_i001171,confirm_K5_i000670,512,additive,0.1,,excess_ce_H,0.0850745201836302,0.1277742826173615,0.0426997624337313
count_predictor,occupancy_K5_p08,occupancy_contrast,5,confirm_K5_i001171,confirm_K5_i000670,512,interpolated_backoff,0.1,1.0,shape_rmse,0.0509035386457634,0.0810516508975676,0.0301481122518042
count_predictor,occupancy_K5_p08,occupancy_contrast,5,confirm_K5_i001171,confirm_K5_i000670,512,interpolated_backoff,0.1,1.0,excess_ce_H,0.0665908372610555,0.1050767365549458,0.0384858992938903
count_predictor,occupancy_K5_p08,occupancy_contrast,5,confirm_K5_i001171,confirm_K5_i000670,512,interpolated_backoff,0.1,5.0,shape_rmse,0.033360513318485,0.0558507904974595,0.0224902771789745
count_predictor,occupancy_K5_p08,occupancy_contrast,5,confirm_K5_i001171,confirm_K5_i000670,512,interpolated_backoff,0.1,5.0,excess_ce_H,0.0456611135766065,0.0754900171254528,0.0298289035488462
count_predictor,occupancy_K5_p08,occupancy_contrast,5,confirm_K5_i001171,confirm_K5_i000670,512,interpolated_backoff,0.1,20.0,shape_rmse,0.0181440028492087,0.0309770499250818,0.0128330470758731
count_predictor,occupancy_K5_p08,occupancy_contrast,5,confirm_K5_i001171,confirm_K5_i000670,512,interpolated_backoff,0.1,20.0,excess_ce_H,0.0272164441072091,0.0459478489443192,0.0187314048371101
count_predictor,occupancy_K5_p08,occupancy_contrast,5,confirm_K5_i001171,confirm_K5_i000670,512,additive,0.5,,shape_rmse,0.0370460537295569,0.0593636232542873,0.0223175695247303
count_predictor,occupancy_K5_p08,occupancy_contrast,5,confirm_K5_i001171,confirm_K5_i000670,512,additive,0.5,,excess_ce_H,0.0499232828422764,0.079452713225276,0.0295294303829996
count_predictor,occupancy_K5_p08,occupancy_contrast,5,confirm_K5_i001171,confirm_K5_i000670,512,interpolated_backoff,0.5,1.0,shape_rmse,0.0314318648940907,0.0532351084518548,0.0218032435577641
count_predictor,occupancy_K5_p08,occupancy_contrast,5,confirm_K5_i001171,confirm_K5_i000670,512,interpolated_backoff,0.5,1.0,excess_ce_H,0.0432962823307621,0.0722807477116176,0.0289844653808555
count_predictor,occupancy_K5_p08,occupancy_contrast,5,confirm_K5_i001171,confirm_K5_i000670,512,interpolated_backoff,0.5,5.0,shape_rmse,0.0234849990763285,0.0412393852761105,0.017754386199782
count_predictor,occupancy_K5_p08,occupancy_contrast,5,confirm_K5_i001171,confirm_K5_i000670,512,interpolated_backoff,0.5,5.0,excess_ce_H,0.0337671563168819,0.0581525913855718,0.0243854350686898
count_predictor,occupancy_K5_p08,occupancy_contrast,5,confirm_K5_i001171,confirm_K5_i000670,512,interpolated_backoff,0.5,20.0,shape_rmse,0.0146083319027987,0.0251556146109022,0.0105472827081035
count_predictor,occupancy_K5_p08,occupancy_contrast,5,confirm_K5_i001171,confirm_K5_i000670,512,interpolated_backoff,0.5,20.0,excess_ce_H,0.0229023278508369,0.0389591294913804,0.0160568016405434
count_predictor,occupancy_K5_p08,occupancy_contrast,5,confirm_K5_i001171,confirm_K5_i000670,512,additive,1.0,,shape_rmse,0.0321950765308321,0.0461461261986545,0.0139510496678224
count_predictor,occupancy_K5_p08,occupancy_contrast,5,confirm_K5_i001171,confirm_K5_i000670,512,additive,1.0,,excess_ce_H,0.0440260075238436,0.0638260543873299,0.0198000468634862
count_predictor,occupancy_K5_p08,occupancy_contrast,5,confirm_K5_i001171,confirm_K5_i000670,512,interpolated_backoff,1.0,1.0,shape_rmse,0.0276402632941874,0.0423193818157023,0.0146791185215149
count_predictor,occupancy_K5_p08,occupancy_contrast,5,confirm_K5_i001171,confirm_K5_i000670,512,interpolated_backoff,1.0,1.0,excess_ce_H,0.0386525500273682,0.0593369696926409,0.0206844196652727
count_predictor,occupancy_K5_p08,occupancy_contrast,5,confirm_K5_i001171,confirm_K5_i000670,512,interpolated_backoff,1.0,5.0,shape_rmse,0.0211104903290824,0.0341310969004487,0.0130206065713663
count_predictor,occupancy_K5_p08,occupancy_contrast,5,confirm_K5_i001171,confirm_K5_i000670,512,interpolated_backoff,1.0,5.0,excess_ce_H,0.0308237993052815,0.0496631073150379,0.0188393080097563
count_predictor,occupancy_K5_p08,occupancy_contrast,5,confirm_K5_i001171,confirm_K5_i000670,512,interpolated_backoff,1.0,20.0,shape_rmse,0.0135465218964492,0.0217812702419968,0.0082347483455476
count_predictor,occupancy_K5_p08,occupancy_contrast,5,confirm_K5_i001171,confirm_K5_i000670,512,interpolated_backoff,1.0,20.0,excess_ce_H,0.0215565456732724,0.0348667408317016,0.0133101951584291
count_predictor,occupancy_K5_p08,occupancy_contrast,5,confirm_K5_i001171,confirm_K5_i000670,1024,additive,0.1,,shape_rmse,0.0373716387364973,0.0556007961709892,0.0182291574344919
count_predictor,occupancy_K5_p08,occupancy_contrast,5,confirm_K5_i001171,confirm_K5_i000670,1024,additive,0.1,,excess_ce_H,0.0489883721995638,0.0732925462235041,0.0243041740239403
count_predictor,occupancy_K5_p08,occupancy_contrast,5,confirm_K5_i001171,confirm_K5_i000670,1024,interpolated_backoff,0.1,1.0,shape_rmse,0.0299893596583507,0.0474473637460133,0.0174580040876626
count_predictor,occupancy_K5_p08,occupancy_contrast,5,confirm_K5_i001171,confirm_K5_i000670,1024,interpolated_backoff,0.1,1.0,excess_ce_H,0.0403397607859499,0.0638123911493222,0.0234726303633723
count_predictor,occupancy_K5_p08,occupancy_contrast,5,confirm_K5_i001171,confirm_K5_i000670,1024,interpolated_backoff,0.1,5.0,shape_rmse,0.0208083921176451,0.0360550912591824,0.0152466991415373
count_predictor,occupancy_K5_p08,occupancy_contrast,5,confirm_K5_i001171,confirm_K5_i000670,1024,interpolated_backoff,0.1,5.0,excess_ce_H,0.0294890273056636,0.0505110429995245,0.0210220156938608
count_predictor,occupancy_K5_p08,occupancy_contrast,5,confirm_K5_i001171,confirm_K5_i000670,1024,interpolated_backoff,0.1,20.0,shape_rmse,0.0120674191778508,0.0232029167362843,0.0111354975584335
count_predictor,occupancy_K5_p08,occupancy_contrast,5,confirm_K5_i001171,confirm_K5_i000670,1024,interpolated_backoff,0.1,20.0,excess_ce_H,0.0190248873336498,0.0353843576569321,0.0163594703232822
count_predictor,occupancy_K5_p08,occupancy_contrast,5,confirm_K5_i001171,confirm_K5_i000670,1024,additive,0.5,,shape_rmse,0.0221197835892658,0.0374067728839542,0.0152869892946884
count_predictor,occupancy_K5_p08,occupancy_contrast,5,confirm_K5_i001171,confirm_K5_i000670,1024,additive,0.5,,excess_ce_H,0.0309691015580553,0.0520460314281265,0.0210769298700712
count_predictor,occupancy_K5_p08,occupancy_contrast,5,confirm_K5_i001171,confirm_K5_i000670,1024,interpolated_backoff,0.5,1.0,shape_rmse,0.0195145893888537,0.0346965910498964,0.0151820016610426
count_predictor,occupancy_K5_p08,occupancy_contrast,5,confirm_K5_i001171,confirm_K5_i000670,1024,interpolated_backoff,0.5,1.0,excess_ce_H,0.027912622945486,0.0488857140527851,0.0209730911072991
count_predictor,occupancy_K5_p08,occupancy_contrast,5,confirm_K5_i001171,confirm_K5_i000670,1024,interpolated_backoff,0.5,5.0,shape_rmse,0.015297360930488,0.0288480777669745,0.0135507168364865
count_predictor,occupancy_K5_p08,occupancy_contrast,5,confirm_K5_i001171,confirm_K5_i000670,1024,interpolated_backoff,0.5,5.0,excess_ce_H,0.0229094211549734,0.0420367388355167,0.0191273176805433
count_predictor,occupancy_K5_p08,occupancy_contrast,5,confirm_K5_i001171,confirm_K5_i000670,1024,interpolated_backoff,0.5,20.0,shape_rmse,0.0099989211266958,0.019971064628961,0.0099721435022652
count_predictor,occupancy_K5_p08,occupancy_contrast,5,confirm_K5_i001171,confirm_K5_i000670,1024,interpolated_backoff,0.5,20.0,excess_ce_H,0.0165250118201516,0.0315511611304055,0.0150261493102539
count_predictor,occupancy_K5_p08,occupancy_contrast,5,confirm_K5_i001171,confirm_K5_i000670,1024,additive,1.0,,shape_rmse,0.0193556698194434,0.0307652096041332,0.0114095397846897
count_predictor,occupancy_K5_p08,occupancy_contrast,5,confirm_K5_i001171,confirm_K5_i000670,1024,additive,1.0,,excess_ce_H,0.0276332656979092,0.0442437048208943,0.0166104391229851
count_predictor,occupancy_K5_p08,occupancy_contrast,5,confirm_K5_i001171,confirm_K5_i000670,1024,interpolated_backoff,1.0,1.0,shape_rmse,0.0172572608797066,0.0290303174872414,0.0117730566075348
count_predictor,occupancy_K5_p08,occupancy_contrast,5,confirm_K5_i001171,confirm_K5_i000670,1024,interpolated_backoff,1.0,1.0,excess_ce_H,0.0251731797955498,0.0422161888657774,0.0170430090702276
count_predictor,occupancy_K5_p08,occupancy_contrast,5,confirm_K5_i001171,confirm_K5_i000670,1024,interpolated_backoff,1.0,5.0,shape_rmse,0.0137874653874912,0.0249039189446151,0.0111164535571239
count_predictor,occupancy_K5_p08,occupancy_contrast,5,confirm_K5_i001171,confirm_K5_i000670,1024,interpolated_backoff,1.0,5.0,excess_ce_H,0.0210596139508045,0.0373721960083479,0.0163125820575434
count_predictor,occupancy_K5_p08,occupancy_contrast,5,confirm_K5_i001171,confirm_K5_i000670,1024,interpolated_backoff,1.0,20.0,shape_rmse,0.0092728402861012,0.0178538613426684,0.0085810210565672
count_predictor,occupancy_K5_p08,occupancy_contrast,5,confirm_K5_i001171,confirm_K5_i000670,1024,interpolated_backoff,1.0,20.0,excess_ce_H,0.015618884641112,0.0290223141591949,0.0134034295180829
count_predictor,occupancy_K5_p08,occupancy_contrast,5,confirm_K5_i001171,confirm_K5_i000670,2048,additive,0.1,,shape_rmse,0.0223103296665218,0.0275328761519043,0.0052225464853825
count_predictor,occupancy_K5_p08,occupancy_contrast,5,confirm_K5_i001171,confirm_K5_i000670,2048,additive,0.1,,excess_ce_H,0.0305103740868295,0.0393386993047073,0.0088283252178778
count_predictor,occupancy_K5_p08,occupancy_contrast,5,confirm_K5_i001171,confirm_K5_i000670,2048,interpolated_backoff,0.1,1.0,shape_rmse,0.0189320176874992,0.0250522918918131,0.0061202742043139
count_predictor,occupancy_K5_p08,occupancy_contrast,5,confirm_K5_i001171,confirm_K5_i000670,2048,interpolated_backoff,0.1,1.0,excess_ce_H,0.0265788014315822,0.036452983283898,0.0098741818523157
count_predictor,occupancy_K5_p08,occupancy_contrast,5,confirm_K5_i001171,confirm_K5_i000670,2048,interpolated_backoff,0.1,5.0,shape_rmse,0.0141025923607738,0.021140446209015,0.0070378538482412
count_predictor,occupancy_K5_p08,occupancy_contrast,5,confirm_K5_i001171,confirm_K5_i000670,2048,interpolated_backoff,0.1,5.0,excess_ce_H,0.0209236344645782,0.0318854753095321,0.0109618408449538
count_predictor,occupancy_K5_p08,occupancy_contrast,5,confirm_K5_i001171,confirm_K5_i000670,2048,interpolated_backoff,0.1,20.0,shape_rmse,0.0091199730174355,0.0156333489749894,0.0065133759575539
count_predictor,occupancy_K5_p08,occupancy_contrast,5,confirm_K5_i001171,confirm_K5_i000670,2048,interpolated_backoff,0.1,20.0,excess_ce_H,0.0150203042760337,0.0254253070741423,0.0104050027981086
count_predictor,occupancy_K5_p08,occupancy_contrast,5,confirm_K5_i001171,confirm_K5_i000670,2048,additive,0.5,,shape_rmse,0.0142732875968949,0.0211233411065946,0.0068500535096997
count_predictor,occupancy_K5_p08,occupancy_contrast,5,confirm_K5_i001171,confirm_K5_i000670,2048,additive,0.5,,excess_ce_H,0.0210969376122769,0.0318386166964381,0.0107416790841612
count_predictor,occupancy_K5_p08,occupancy_contrast,5,confirm_K5_i001171,confirm_K5_i000670,2048,interpolated_backoff,0.5,1.0,shape_rmse,0.0131675117354319,0.0201599761908826,0.0069924644554507
count_predictor,occupancy_K5_p08,occupancy_contrast,5,confirm_K5_i001171,confirm_K5_i000670,2048,interpolated_backoff,0.5,1.0,excess_ce_H,0.0198049914262918,0.0307166489986105,0.0109116575723186
count_predictor,occupancy_K5_p08,occupancy_contrast,5,confirm_K5_i001171,confirm_K5_i000670,2048,interpolated_backoff,0.5,5.0,shape_rmse,0.0109160536529999,0.0179358165734444,0.0070197629204445
count_predictor,occupancy_K5_p08,occupancy_contrast,5,confirm_K5_i001171,confirm_K5_i000670,2048,interpolated_backoff,0.5,5.0,excess_ce_H,0.0171570531562685,0.0281179002891429,0.0109608471328743
count_predictor,occupancy_K5_p08,occupancy_contrast,5,confirm_K5_i001171,confirm_K5_i000670,2048,interpolated_backoff,0.5,20.0,shape_rmse,0.0078023596548394,0.013928963604377,0.0061266039495376
count_predictor,occupancy_K5_p08,occupancy_contrast,5,confirm_K5_i001171,confirm_K5_i000670,2048,interpolated_backoff,0.5,20.0,excess_ce_H,0.013445996873544,0.0234115545422113,0.0099655576686673
count_predictor,occupancy_K5_p08,occupancy_contrast,5,confirm_K5_i001171,confirm_K5_i000670,2048,additive,1.0,,shape_rmse,0.0124906231259468,0.0184273728529822,0.0059367497270354
count_predictor,occupancy_K5_p08,occupancy_contrast,5,confirm_K5_i001171,confirm_K5_i000670,2048,additive,1.0,,excess_ce_H,0.0189754538878581,0.0286660907323748,0.0096906368445167
count_predictor,occupancy_K5_p08,occupancy_contrast,5,confirm_K5_i001171,confirm_K5_i000670,2048,interpolated_backoff,1.0,1.0,shape_rmse,0.0116348229306605,0.0177473648684807,0.0061125419378201
count_predictor,occupancy_K5_p08,occupancy_contrast,5,confirm_K5_i001171,confirm_K5_i000670,2048,interpolated_backoff,1.0,1.0,excess_ce_H,0.0179748408476196,0.0278735174583284,0.0098986766107088
count_predictor,occupancy_K5_p08,occupancy_contrast,5,confirm_K5_i001171,confirm_K5_i000670,2048,interpolated_backoff,1.0,5.0,shape_rmse,0.0098294508742437,0.0160595470212003,0.0062300961469565
count_predictor,occupancy_K5_p08,occupancy_contrast,5,confirm_K5_i001171,confirm_K5_i000670,2048,interpolated_backoff,1.0,5.0,excess_ce_H,0.015849775331995,0.0259000650309788,0.0100502896989837
count_predictor,occupancy_K5_p08,occupancy_contrast,5,confirm_K5_i001171,confirm_K5_i000670,2048,interpolated_backoff,1.0,20.0,shape_rmse,0.0072157703586139,0.0127429628447568,0.0055271924861429
count_predictor,occupancy_K5_p08,occupancy_contrast,5,confirm_K5_i001171,confirm_K5_i000670,2048,interpolated_backoff,1.0,20.0,excess_ce_H,0.012730426309236,0.0220014997657558,0.0092710734565198
count_predictor,occupancy_K5_p09,occupancy_contrast,5,confirm_K5_i000172,confirm_K5_i000796,64,additive,0.1,,shape_rmse,0.188446242130205,0.4202521600265747,0.2318059178963696
count_predictor,occupancy_K5_p09,occupancy_contrast,5,confirm_K5_i000172,confirm_K5_i000796,64,additive,0.1,,excess_ce_H,0.2451186200624158,0.5319051630930067,0.2867865430305909
count_predictor,occupancy_K5_p09,occupancy_contrast,5,confirm_K5_i000172,confirm_K5_i000796,64,interpolated_backoff,0.1,1.0,shape_rmse,0.1248981314800983,0.2614166000836176,0.1365184686035193
count_predictor,occupancy_K5_p09,occupancy_contrast,5,confirm_K5_i000172,confirm_K5_i000796,64,interpolated_backoff,0.1,1.0,excess_ce_H,0.1653038260942205,0.3410200091680266,0.1757161830738061
count_predictor,occupancy_K5_p09,occupancy_contrast,5,confirm_K5_i000172,confirm_K5_i000796,64,interpolated_backoff,0.1,5.0,shape_rmse,0.0701359939296713,0.118740586918064,0.0486045929883926
count_predictor,occupancy_K5_p09,occupancy_contrast,5,confirm_K5_i000172,confirm_K5_i000796,64,interpolated_backoff,0.1,5.0,excess_ce_H,0.0941851301472873,0.1654004052058866,0.0712152750585993
count_predictor,occupancy_K5_p09,occupancy_contrast,5,confirm_K5_i000172,confirm_K5_i000796,64,interpolated_backoff,0.1,20.0,shape_rmse,0.0308343856715121,0.0420489915255633,0.0112146058540512
count_predictor,occupancy_K5_p09,occupancy_contrast,5,confirm_K5_i000172,confirm_K5_i000796,64,interpolated_backoff,0.1,20.0,excess_ce_H,0.0415435369165511,0.0660410011879752,0.0244974642714241
count_predictor,occupancy_K5_p09,occupancy_contrast,5,confirm_K5_i000172,confirm_K5_i000796,64,additive,0.5,,shape_rmse,0.0961764498283901,0.1409651622577463,0.0447887124293562
count_predictor,occupancy_K5_p09,occupancy_contrast,5,confirm_K5_i000172,confirm_K5_i000796,64,additive,0.5,,excess_ce_H,0.1256172096353121,0.192459700502197,0.0668424908668849
count_predictor,occupancy_K5_p09,occupancy_contrast,5,confirm_K5_i000172,confirm_K5_i000796,64,interpolated_backoff,0.5,1.0,shape_rmse,0.0641195238018208,0.1053406573691278,0.041221133567307
count_predictor,occupancy_K5_p09,occupancy_contrast,5,confirm_K5_i000172,confirm_K5_i000796,64,interpolated_backoff,0.5,1.0,excess_ce_H,0.0859069032805057,0.1486582421450033,0.0627513388644976
count_predictor,occupancy_K5_p09,occupancy_contrast,5,confirm_K5_i000172,confirm_K5_i000796,64,interpolated_backoff,0.5,5.0,shape_rmse,0.0406627979721942,0.0594921521860236,0.0188293542138293
count_predictor,occupancy_K5_p09,occupancy_contrast,5,confirm_K5_i000172,confirm_K5_i000796,64,interpolated_backoff,0.5,5.0,excess_ce_H,0.0551746253081359,0.0901978470090552,0.0350232217009193
count_predictor,occupancy_K5_p09,occupancy_contrast,5,confirm_K5_i000172,confirm_K5_i000796,64,interpolated_backoff,0.5,20.0,shape_rmse,0.0212069827856744,0.0265454483632422,0.0053384655775678
count_predictor,occupancy_K5_p09,occupancy_contrast,5,confirm_K5_i000172,confirm_K5_i000796,64,interpolated_backoff,0.5,20.0,excess_ce_H,0.0284630786116792,0.0453588489632483,0.0168957703515691
count_predictor,occupancy_K5_p09,occupancy_contrast,5,confirm_K5_i000172,confirm_K5_i000796,64,additive,1.0,,shape_rmse,0.0884048636910061,0.0846850969157683,-0.0037197667752378
count_predictor,occupancy_K5_p09,occupancy_contrast,5,confirm_K5_i000172,confirm_K5_i000796,64,additive,1.0,,excess_ce_H,0.1143693953510873,0.1214451140688654,0.0070757187177781
count_predictor,occupancy_K5_p09,occupancy_contrast,5,confirm_K5_i000172,confirm_K5_i000796,64,interpolated_backoff,1.0,1.0,shape_rmse,0.0584428841784499,0.0657477600396083,0.0073048758611584
count_predictor,occupancy_K5_p09,occupancy_contrast,5,confirm_K5_i000172,confirm_K5_i000796,64,interpolated_backoff,1.0,1.0,excess_ce_H,0.0773761318881067,0.0977762413511214,0.0204001094630146
count_predictor,occupancy_K5_p09,occupancy_contrast,5,confirm_K5_i000172,confirm_K5_i000796,64,interpolated_backoff,1.0,5.0,shape_rmse,0.0365398491825666,0.0405735482731446,0.0040336990905779
count_predictor,occupancy_K5_p09,occupancy_contrast,5,confirm_K5_i000172,confirm_K5_i000796,64,interpolated_backoff,1.0,5.0,excess_ce_H,0.0489438718846,0.0648895330897474,0.0159456612051474
count_predictor,occupancy_K5_p09,occupancy_contrast,5,confirm_K5_i000172,confirm_K5_i000796,64,interpolated_backoff,1.0,20.0,shape_rmse,0.0190294207223465,0.0201908287599345,0.001161408037588
count_predictor,occupancy_K5_p09,occupancy_contrast,5,confirm_K5_i000172,confirm_K5_i000796,64,interpolated_backoff,1.0,20.0,excess_ce_H,0.0251564240613479,0.0363807028880009,0.011224278826653
count_predictor,occupancy_K5_p09,occupancy_contrast,5,confirm_K5_i000172,confirm_K5_i000796,128,additive,0.1,,shape_rmse,0.1504214692669101,0.3141311041716088,0.1637096349046986
count_predictor,occupancy_K5_p09,occupancy_contrast,5,confirm_K5_i000172,confirm_K5_i000796,128,additive,0.1,,excess_ce_H,0.1871262975702736,0.3871376663630799,0.2000113687928063
count_predictor,occupancy_K5_p09,occupancy_contrast,5,confirm_K5_i000172,confirm_K5_i000796,128,interpolated_backoff,0.1,1.0,shape_rmse,0.1043157270752288,0.2124343739535419,0.108118646878313
count_predictor,occupancy_K5_p09,occupancy_contrast,5,confirm_K5_i000172,confirm_K5_i000796,128,interpolated_backoff,0.1,1.0,excess_ce_H,0.1308380576064027,0.2675726523892536,0.1367345947828508
count_predictor,occupancy_K5_p09,occupancy_contrast,5,confirm_K5_i000172,confirm_K5_i000796,128,interpolated_backoff,0.1,5.0,shape_rmse,0.0603186532190157,0.1073620778088987,0.047043424589883
count_predictor,occupancy_K5_p09,occupancy_contrast,5,confirm_K5_i000172,confirm_K5_i000796,128,interpolated_backoff,0.1,5.0,excess_ce_H,0.0758682189915158,0.1423927355749481,0.0665245165834323
count_predictor,occupancy_K5_p09,occupancy_contrast,5,confirm_K5_i000172,confirm_K5_i000796,128,interpolated_backoff,0.1,20.0,shape_rmse,0.0274538157002258,0.040485538676126,0.0130317229759001
count_predictor,occupancy_K5_p09,occupancy_contrast,5,confirm_K5_i000172,confirm_K5_i000796,128,interpolated_backoff,0.1,20.0,excess_ce_H,0.03381576932896,0.0599949601557914,0.0261791908268314
count_predictor,occupancy_K5_p09,occupancy_contrast,5,confirm_K5_i000172,confirm_K5_i000796,128,additive,0.5,,shape_rmse,0.0758395372713422,0.1254753504885759,0.0496358132172336
count_predictor,occupancy_K5_p09,occupancy_contrast,5,confirm_K5_i000172,confirm_K5_i000796,128,additive,0.5,,excess_ce_H,0.0943260609894565,0.1637986057935276,0.069472544804071
count_predictor,occupancy_K5_p09,occupancy_contrast,5,confirm_K5_i000172,confirm_K5_i000796,128,interpolated_backoff,0.5,1.0,shape_rmse,0.0553813776179281,0.1007205390601487,0.0453391614422206
count_predictor,occupancy_K5_p09,occupancy_contrast,5,confirm_K5_i000172,confirm_K5_i000796,128,interpolated_backoff,0.5,1.0,excess_ce_H,0.0695276733527416,0.1343086811610283,0.0647810078082866
count_predictor,occupancy_K5_p09,occupancy_contrast,5,confirm_K5_i000172,confirm_K5_i000796,128,interpolated_backoff,0.5,5.0,shape_rmse,0.0369090738569106,0.0616938042952393,0.0247847304383287
count_predictor,occupancy_K5_p09,occupancy_contrast,5,confirm_K5_i000172,confirm_K5_i000796,128,interpolated_backoff,0.5,5.0,excess_ce_H,0.0462382445970275,0.0869271758423964,0.0406889312453688
count_predictor,occupancy_K5_p09,occupancy_contrast,5,confirm_K5_i000172,confirm_K5_i000796,128,interpolated_backoff,0.5,20.0,shape_rmse,0.0199089032906753,0.027694162515439,0.0077852592247637
count_predictor,occupancy_K5_p09,occupancy_contrast,5,confirm_K5_i000172,confirm_K5_i000796,128,interpolated_backoff,0.5,20.0,excess_ce_H,0.024048491916998,0.0438258205499555,0.0197773286329575
count_predictor,occupancy_K5_p09,occupancy_contrast,5,confirm_K5_i000172,confirm_K5_i000796,128,additive,1.0,,shape_rmse,0.0670933352060327,0.079598375075438,0.0125050398694053
count_predictor,occupancy_K5_p09,occupancy_contrast,5,confirm_K5_i000172,confirm_K5_i000796,128,additive,1.0,,excess_ce_H,0.082933111288892,0.1083059269924122,0.0253728157035202
count_predictor,occupancy_K5_p09,occupancy_contrast,5,confirm_K5_i000172,confirm_K5_i000796,128,interpolated_backoff,1.0,1.0,shape_rmse,0.0486055543149513,0.066303569172976,0.0176980148580246
count_predictor,occupancy_K5_p09,occupancy_contrast,5,confirm_K5_i000172,confirm_K5_i000796,128,interpolated_backoff,1.0,1.0,excess_ce_H,0.0605790033079591,0.0922924446845163,0.0317134413765572
count_predictor,occupancy_K5_p09,occupancy_contrast,5,confirm_K5_i000172,confirm_K5_i000796,128,interpolated_backoff,1.0,5.0,shape_rmse,0.0325216510027035,0.0436780722995888,0.0111564212968852
count_predictor,occupancy_K5_p09,occupancy_contrast,5,confirm_K5_i000172,confirm_K5_i000796,128,interpolated_backoff,1.0,5.0,excess_ce_H,0.0403447193561248,0.0643935383221951,0.0240488189660703
count_predictor,occupancy_K5_p09,occupancy_contrast,5,confirm_K5_i000172,confirm_K5_i000796,128,interpolated_backoff,1.0,20.0,shape_rmse,0.0178778657939776,0.0215048062997644,0.0036269405057868
count_predictor,occupancy_K5_p09,occupancy_contrast,5,confirm_K5_i000172,confirm_K5_i000796,128,interpolated_backoff,1.0,20.0,excess_ce_H,0.0212434893870934,0.0356887803303527,0.0144452909432593
count_predictor,occupancy_K5_p09,occupancy_contrast,5,confirm_K5_i000172,confirm_K5_i000796,256,additive,0.1,,shape_rmse,0.1061686179960325,0.1956273764481839,0.0894587584521514
count_predictor,occupancy_K5_p09,occupancy_contrast,5,confirm_K5_i000172,confirm_K5_i000796,256,additive,0.1,,excess_ce_H,0.1275504380262402,0.2384587356007856,0.1109082975745454
count_predictor,occupancy_K5_p09,occupancy_contrast,5,confirm_K5_i000172,confirm_K5_i000796,256,interpolated_backoff,0.1,1.0,shape_rmse,0.0774320939274275,0.1447636313003147,0.0673315373728871
count_predictor,occupancy_K5_p09,occupancy_contrast,5,confirm_K5_i000172,confirm_K5_i000796,256,interpolated_backoff,0.1,1.0,excess_ce_H,0.0931503136839948,0.1791686452207344,0.0860183315367395
count_predictor,occupancy_K5_p09,occupancy_contrast,5,confirm_K5_i000172,confirm_K5_i000796,256,interpolated_backoff,0.1,5.0,shape_rmse,0.048269545633588,0.0841735889821262,0.0359040433485381
count_predictor,occupancy_K5_p09,occupancy_contrast,5,confirm_K5_i000172,confirm_K5_i000796,256,interpolated_backoff,0.1,5.0,excess_ce_H,0.0575618277600347,0.1080526102868462,0.0504907825268115
count_predictor,occupancy_K5_p09,occupancy_contrast,5,confirm_K5_i000172,confirm_K5_i000796,256,interpolated_backoff,0.1,20.0,shape_rmse,0.0241112801818186,0.0366605902046555,0.0125493100228369
count_predictor,occupancy_K5_p09,occupancy_contrast,5,confirm_K5_i000172,confirm_K5_i000796,256,interpolated_backoff,0.1,20.0,excess_ce_H,0.0274743312456056,0.0512413690470081,0.0237670378014025
count_predictor,occupancy_K5_p09,occupancy_contrast,5,confirm_K5_i000172,confirm_K5_i000796,256,additive,0.5,,shape_rmse,0.0562793863593881,0.094474065367627,0.0381946790082388
count_predictor,occupancy_K5_p09,occupancy_contrast,5,confirm_K5_i000172,confirm_K5_i000796,256,additive,0.5,,excess_ce_H,0.0670399240159278,0.1200953465693017,0.0530554225533738
count_predictor,occupancy_K5_p09,occupancy_contrast,5,confirm_K5_i000172,confirm_K5_i000796,256,interpolated_backoff,0.5,1.0,shape_rmse,0.0441962284291418,0.0805280240476704,0.0363317956185285
count_predictor,occupancy_K5_p09,occupancy_contrast,5,confirm_K5_i000172,confirm_K5_i000796,256,interpolated_backoff,0.5,1.0,excess_ce_H,0.0525942854162975,0.1037236909768779,0.0511294055605804
count_predictor,occupancy_K5_p09,occupancy_contrast,5,confirm_K5_i000172,confirm_K5_i000796,256,interpolated_backoff,0.5,5.0,shape_rmse,0.0318574624525347,0.0550026376735334,0.0231451752209987
count_predictor,occupancy_K5_p09,occupancy_contrast,5,confirm_K5_i000172,confirm_K5_i000796,256,interpolated_backoff,0.5,5.0,excess_ce_H,0.0373787230998616,0.0734799344693768,0.0361012113695152
count_predictor,occupancy_K5_p09,occupancy_contrast,5,confirm_K5_i000172,confirm_K5_i000796,256,interpolated_backoff,0.5,20.0,shape_rmse,0.0187021542871202,0.0275257637218511,0.0088236094347309
count_predictor,occupancy_K5_p09,occupancy_contrast,5,confirm_K5_i000172,confirm_K5_i000796,256,interpolated_backoff,0.5,20.0,excess_ce_H,0.0207158562783544,0.0401581464715841,0.0194422901932296
count_predictor,occupancy_K5_p09,occupancy_contrast,5,confirm_K5_i000172,confirm_K5_i000796,256,additive,1.0,,shape_rmse,0.0490591646500751,0.0650745296101158,0.0160153649600406
count_predictor,occupancy_K5_p09,occupancy_contrast,5,confirm_K5_i000172,confirm_K5_i000796,256,additive,1.0,,excess_ce_H,0.058013519355218,0.0852960336766952,0.0272825143214771
count_predictor,occupancy_K5_p09,occupancy_contrast,5,confirm_K5_i000172,confirm_K5_i000796,256,interpolated_backoff,1.0,1.0,shape_rmse,0.0382666146081687,0.0571537933710396,0.0188871787628709
count_predictor,occupancy_K5_p09,occupancy_contrast,5,confirm_K5_i000172,confirm_K5_i000796,256,interpolated_backoff,1.0,1.0,excess_ce_H,0.0451397300333733,0.0759413928649377,0.0308016628315644
count_predictor,occupancy_K5_p09,occupancy_contrast,5,confirm_K5_i000172,confirm_K5_i000796,256,interpolated_backoff,1.0,5.0,shape_rmse,0.0278609094231787,0.0413479680936849,0.0134870586705061
count_predictor,occupancy_K5_p09,occupancy_contrast,5,confirm_K5_i000172,confirm_K5_i000796,256,interpolated_backoff,1.0,5.0,excess_ce_H,0.0323217994752609,0.0570620317876842,0.0247402323124233
count_predictor,occupancy_K5_p09,occupancy_contrast,5,confirm_K5_i000172,confirm_K5_i000796,256,interpolated_backoff,1.0,20.0,shape_rmse,0.0168814252956909,0.0222754148728823,0.0053939895771914
count_predictor,occupancy_K5_p09,occupancy_contrast,5,confirm_K5_i000172,confirm_K5_i000796,256,interpolated_backoff,1.0,20.0,excess_ce_H,0.0183769358352405,0.0336588593353837,0.0152819235001432
count_predictor,occupancy_K5_p09,occupancy_contrast,5,confirm_K5_i000172,confirm_K5_i000796,512,additive,0.1,,shape_rmse,0.0684633756330895,0.0983206156073599,0.0298572399742703
count_predictor,occupancy_K5_p09,occupancy_contrast,5,confirm_K5_i000172,confirm_K5_i000796,512,additive,0.1,,excess_ce_H,0.0788556202210013,0.1209921891758458,0.0421365689548444
count_predictor,occupancy_K5_p09,occupancy_contrast,5,confirm_K5_i000172,confirm_K5_i000796,512,interpolated_backoff,0.1,1.0,shape_rmse,0.0525596109479504,0.0791258871769179,0.0265662762289675
count_predictor,occupancy_K5_p09,occupancy_contrast,5,confirm_K5_i000172,confirm_K5_i000796,512,interpolated_backoff,0.1,1.0,excess_ce_H,0.0601550490321352,0.0986788278815153,0.0385237788493801
count_predictor,occupancy_K5_p09,occupancy_contrast,5,confirm_K5_i000172,confirm_K5_i000796,512,interpolated_backoff,0.1,5.0,shape_rmse,0.0340754768780774,0.0527524659816014,0.018676989103524
count_predictor,occupancy_K5_p09,occupancy_contrast,5,confirm_K5_i000172,confirm_K5_i000796,512,interpolated_backoff,0.1,5.0,excess_ce_H,0.0381309343845381,0.0678808923133926,0.0297499579288545
count_predictor,occupancy_K5_p09,occupancy_contrast,5,confirm_K5_i000172,confirm_K5_i000796,512,interpolated_backoff,0.1,20.0,shape_rmse,0.0182668060605185,0.0272299053507238,0.0089630992902053
count_predictor,occupancy_K5_p09,occupancy_contrast,5,confirm_K5_i000172,confirm_K5_i000796,512,interpolated_backoff,0.1,20.0,excess_ce_H,0.0188863898009388,0.0377238573299663,0.0188374675290274
count_predictor,occupancy_K5_p09,occupancy_contrast,5,confirm_K5_i000172,confirm_K5_i000796,512,additive,0.5,,shape_rmse,0.0378676111223485,0.056889471750912,0.0190218606285635
count_predictor,occupancy_K5_p09,occupancy_contrast,5,confirm_K5_i000172,confirm_K5_i000796,512,additive,0.5,,excess_ce_H,0.0425241675698406,0.0726994011450581,0.0301752335752175
count_predictor,occupancy_K5_p09,occupancy_contrast,5,confirm_K5_i000172,confirm_K5_i000796,512,interpolated_backoff,0.5,1.0,shape_rmse,0.0317837085010564,0.0511548604757837,0.0193711519747273
count_predictor,occupancy_K5_p09,occupancy_contrast,5,confirm_K5_i000172,confirm_K5_i000796,512,interpolated_backoff,0.5,1.0,excess_ce_H,0.0353499593465167,0.0659974113812342,0.0306474520347175
count_predictor,occupancy_K5_p09,occupancy_contrast,5,confirm_K5_i000172,confirm_K5_i000796,512,interpolated_backoff,0.5,5.0,shape_rmse,0.0237533718646319,0.03871069887364,0.0149573270090081
count_predictor,occupancy_K5_p09,occupancy_contrast,5,confirm_K5_i000172,confirm_K5_i000796,512,interpolated_backoff,0.5,5.0,excess_ce_H,0.0257002577418741,0.0513777407178088,0.0256774829759346
count_predictor,occupancy_K5_p09,occupancy_contrast,5,confirm_K5_i000172,confirm_K5_i000796,512,interpolated_backoff,0.5,20.0,shape_rmse,0.0147032961144556,0.0221005233545544,0.0073972272400987
count_predictor,occupancy_K5_p09,occupancy_contrast,5,confirm_K5_i000172,confirm_K5_i000796,512,interpolated_backoff,0.5,20.0,excess_ce_H,0.0145346080477124,0.0316047491061932,0.0170701410584808
count_predictor,occupancy_K5_p09,occupancy_contrast,5,confirm_K5_i000172,confirm_K5_i000796,512,additive,1.0,,shape_rmse,0.0327018746160686,0.0429074917306093,0.0102056171145407
count_predictor,occupancy_K5_p09,occupancy_contrast,5,confirm_K5_i000172,confirm_K5_i000796,512,additive,1.0,,excess_ce_H,0.0362711069926133,0.0562630339403704,0.019991926947757
count_predictor,occupancy_K5_p09,occupancy_contrast,5,confirm_K5_i000172,confirm_K5_i000796,512,interpolated_backoff,1.0,1.0,shape_rmse,0.0273463019848968,0.0394714293153741,0.0121251273304772
count_predictor,occupancy_K5_p09,occupancy_contrast,5,confirm_K5_i000172,confirm_K5_i000796,512,interpolated_backoff,1.0,1.0,excess_ce_H,0.0299585479357402,0.0522309297479357,0.0222723818121955
count_predictor,occupancy_K5_p09,occupancy_contrast,5,confirm_K5_i000172,confirm_K5_i000796,512,interpolated_backoff,1.0,5.0,shape_rmse,0.0207754911551895,0.0311715550960386,0.0103960639408491
count_predictor,occupancy_K5_p09,occupancy_contrast,5,confirm_K5_i000172,confirm_K5_i000796,512,interpolated_backoff,1.0,5.0,excess_ce_H,0.0220542155692995,0.0424350877561821,0.0203808721868826
count_predictor,occupancy_K5_p09,occupancy_contrast,5,confirm_K5_i000172,confirm_K5_i000796,512,interpolated_backoff,1.0,20.0,shape_rmse,0.013342700273772,0.0187269558081979,0.0053842555344259
count_predictor,occupancy_K5_p09,occupancy_contrast,5,confirm_K5_i000172,confirm_K5_i000796,512,interpolated_backoff,1.0,20.0,excess_ce_H,0.0128462852329367,0.0275335520491286,0.0146872668161919
count_predictor,occupancy_K5_p09,occupancy_contrast,5,confirm_K5_i000172,confirm_K5_i000796,1024,additive,0.1,,shape_rmse,0.0381548918037217,0.0487402204014566,0.0105853285977349
count_predictor,occupancy_K5_p09,occupancy_contrast,5,confirm_K5_i000172,confirm_K5_i000796,1024,additive,0.1,,excess_ce_H,0.0406410548471782,0.0616310864525457,0.0209900316053675
count_predictor,occupancy_K5_p09,occupancy_contrast,5,confirm_K5_i000172,confirm_K5_i000796,1024,interpolated_backoff,0.1,1.0,shape_rmse,0.031510253106794,0.0425192068728783,0.0110089537660843
count_predictor,occupancy_K5_p09,occupancy_contrast,5,confirm_K5_i000172,confirm_K5_i000796,1024,interpolated_backoff,0.1,1.0,excess_ce_H,0.03289434863964,0.054420163617133,0.021525814977493
count_predictor,occupancy_K5_p09,occupancy_contrast,5,confirm_K5_i000172,confirm_K5_i000796,1024,interpolated_backoff,0.1,5.0,shape_rmse,0.0220260288898918,0.0324394717903613,0.0104134429004695
count_predictor,occupancy_K5_p09,occupancy_contrast,5,confirm_K5_i000172,confirm_K5_i000796,1024,interpolated_backoff,0.1,5.0,excess_ce_H,0.0217678066668121,0.0426977132406558,0.0209299065738437
count_predictor,occupancy_K5_p09,occupancy_contrast,5,confirm_K5_i000172,confirm_K5_i000796,1024,interpolated_backoff,0.1,20.0,shape_rmse,0.0130602255593932,0.0202259406566442,0.0071657150972509
count_predictor,occupancy_K5_p09,occupancy_contrast,5,confirm_K5_i000172,confirm_K5_i000796,1024,interpolated_backoff,0.1,20.0,excess_ce_H,0.0111072286278648,0.0283810664789032,0.0172738378510384
count_predictor,occupancy_K5_p09,occupancy_contrast,5,confirm_K5_i000172,confirm_K5_i000796,1024,additive,0.5,,shape_rmse,0.0233426698204189,0.0332582328501284,0.0099155630297094
count_predictor,occupancy_K5_p09,occupancy_contrast,5,confirm_K5_i000172,confirm_K5_i000796,1024,additive,0.5,,excess_ce_H,0.0232941457416639,0.0436408298331771,0.0203466840915132
count_predictor,occupancy_K5_p09,occupancy_contrast,5,confirm_K5_i000172,confirm_K5_i000796,1024,interpolated_backoff,0.5,1.0,shape_rmse,0.0210972079042199,0.0312196906455585,0.0101224827413386
count_predictor,occupancy_K5_p09,occupancy_contrast,5,confirm_K5_i000172,confirm_K5_i000796,1024,interpolated_backoff,0.5,1.0,excess_ce_H,0.0206671394562365,0.0412662854822158,0.0205991460259793
count_predictor,occupancy_K5_p09,occupancy_contrast,5,confirm_K5_i000172,confirm_K5_i000796,1024,interpolated_backoff,0.5,5.0,shape_rmse,0.0167640841198699,0.0260566694479076,0.0092925853280377
count_predictor,occupancy_K5_p09,occupancy_contrast,5,confirm_K5_i000172,confirm_K5_i000796,1024,interpolated_backoff,0.5,5.0,excess_ce_H,0.0155585431950135,0.0352337609737802,0.0196752177787667
count_predictor,occupancy_K5_p09,occupancy_contrast,5,confirm_K5_i000172,confirm_K5_i000796,1024,interpolated_backoff,0.5,20.0,shape_rmse,0.0111609518352693,0.0174686720762164,0.006307720240947
count_predictor,occupancy_K5_p09,occupancy_contrast,5,confirm_K5_i000172,confirm_K5_i000796,1024,interpolated_backoff,0.5,20.0,excess_ce_H,0.0088491782271136,0.025122813150848,0.0162736349237344
count_predictor,occupancy_K5_p09,occupancy_contrast,5,confirm_K5_i000172,confirm_K5_i000796,1024,additive,1.0,,shape_rmse,0.0206906971931642,0.0271888112168381,0.0064981140236738
count_predictor,occupancy_K5_p09,occupancy_contrast,5,confirm_K5_i000172,confirm_K5_i000796,1024,additive,1.0,,excess_ce_H,0.0201608191906419,0.0365354029512814,0.0163745837606395
count_predictor,occupancy_K5_p09,occupancy_contrast,5,confirm_K5_i000172,confirm_K5_i000796,1024,interpolated_backoff,1.0,1.0,shape_rmse,0.0187275531258348,0.0258846981717927,0.0071571450459579
count_predictor,occupancy_K5_p09,occupancy_contrast,5,confirm_K5_i000172,confirm_K5_i000796,1024,interpolated_backoff,1.0,1.0,excess_ce_H,0.0178648193580777,0.0350115010291745,0.0171466816710967
count_predictor,occupancy_K5_p09,occupancy_contrast,5,confirm_K5_i000172,confirm_K5_i000796,1024,interpolated_backoff,1.0,5.0,shape_rmse,0.0151084756597183,0.0222247604319755,0.0071162847722572
count_predictor,occupancy_K5_p09,occupancy_contrast,5,confirm_K5_i000172,confirm_K5_i000796,1024,interpolated_backoff,1.0,5.0,excess_ce_H,0.013595702175613,0.0307218448138328,0.0171261426382198
count_predictor,occupancy_K5_p09,occupancy_contrast,5,confirm_K5_i000172,confirm_K5_i000796,1024,interpolated_backoff,1.0,20.0,shape_rmse,0.0103610631961024,0.0154395437605961,0.0050784805644937
count_predictor,occupancy_K5_p09,occupancy_contrast,5,confirm_K5_i000172,confirm_K5_i000796,1024,interpolated_backoff,1.0,20.0,excess_ce_H,0.0078980513625364,0.0227074070711488,0.0148093557086124
count_predictor,occupancy_K5_p09,occupancy_contrast,5,confirm_K5_i000172,confirm_K5_i000796,2048,additive,0.1,,shape_rmse,0.0203815978826902,0.0235519403811805,0.0031703424984903
count_predictor,occupancy_K5_p09,occupancy_contrast,5,confirm_K5_i000172,confirm_K5_i000796,2048,additive,0.1,,excess_ce_H,0.0190238029934413,0.0311722472090218,0.0121484442155805
count_predictor,occupancy_K5_p09,occupancy_contrast,5,confirm_K5_i000172,confirm_K5_i000796,2048,interpolated_backoff,0.1,1.0,shape_rmse,0.0174516146756904,0.0216806941999734,0.0042290795242829
count_predictor,occupancy_K5_p09,occupancy_contrast,5,confirm_K5_i000172,confirm_K5_i000796,2048,interpolated_backoff,0.1,1.0,excess_ce_H,0.0156251315836097,0.0290049472039548,0.0133798156203451
count_predictor,occupancy_K5_p09,occupancy_contrast,5,confirm_K5_i000172,confirm_K5_i000796,2048,interpolated_backoff,0.1,5.0,shape_rmse,0.0127353895357264,0.0182958154936391,0.0055604259579126
count_predictor,occupancy_K5_p09,occupancy_contrast,5,confirm_K5_i000172,confirm_K5_i000796,2048,interpolated_backoff,0.1,5.0,excess_ce_H,0.0101358135086186,0.0250767188300824,0.0149409053214638
count_predictor,occupancy_K5_p09,occupancy_contrast,5,confirm_K5_i000172,confirm_K5_i000796,2048,interpolated_backoff,0.1,20.0,shape_rmse,0.0078621124808563,0.0133808204293113,0.005518707948455
count_predictor,occupancy_K5_p09,occupancy_contrast,5,confirm_K5_i000172,confirm_K5_i000796,2048,interpolated_backoff,0.1,20.0,excess_ce_H,0.0044153731484766,0.0193456178150612,0.0149302446665846
count_predictor,occupancy_K5_p09,occupancy_contrast,5,confirm_K5_i000172,confirm_K5_i000796,2048,additive,0.5,,shape_rmse,0.0129895931471416,0.0183623453584881,0.0053727522113464
count_predictor,occupancy_K5_p09,occupancy_contrast,5,confirm_K5_i000172,confirm_K5_i000796,2048,additive,0.5,,excess_ce_H,0.0104215328918233,0.0251469242761581,0.0147253913843348
count_predictor,occupancy_K5_p09,occupancy_contrast,5,confirm_K5_i000172,confirm_K5_i000796,2048,interpolated_backoff,0.5,1.0,shape_rmse,0.0120785609534318,0.0176735523641693,0.0055949914107375
count_predictor,occupancy_K5_p09,occupancy_contrast,5,confirm_K5_i000172,confirm_K5_i000796,2048,interpolated_backoff,0.5,1.0,excess_ce_H,0.0093619790985972,0.0243467837551931,0.0149848046565959
count_predictor,occupancy_K5_p09,occupancy_contrast,5,confirm_K5_i000172,confirm_K5_i000796,2048,interpolated_backoff,0.5,5.0,shape_rmse,0.0099498387618139,0.0157830909165308,0.0058332521547169
count_predictor,occupancy_K5_p09,occupancy_contrast,5,confirm_K5_i000172,confirm_K5_i000796,2048,interpolated_backoff,0.5,5.0,excess_ce_H,0.0068776796200893,0.0221468594590255,0.0152691798389361
count_predictor,occupancy_K5_p09,occupancy_contrast,5,confirm_K5_i000172,confirm_K5_i000796,2048,interpolated_backoff,0.5,20.0,shape_rmse,0.0068373528387332,0.0121153949703205,0.0052780421315873
count_predictor,occupancy_K5_p09,occupancy_contrast,5,confirm_K5_i000172,confirm_K5_i000796,2048,interpolated_backoff,0.5,20.0,excess_ce_H,0.0032113711798924,0.0178597569002332,0.0146483857203408
count_predictor,occupancy_K5_p09,occupancy_contrast,5,confirm_K5_i000172,confirm_K5_i000796,2048,additive,1.0,,shape_rmse,0.0114430187607517,0.0159999120159367,0.004556893255185
count_predictor,occupancy_K5_p09,occupancy_contrast,5,confirm_K5_i000172,confirm_K5_i000796,2048,additive,1.0,,excess_ce_H,0.0086196140297456,0.0223888874063149,0.0137692733765693
count_predictor,occupancy_K5_p09,occupancy_contrast,5,confirm_K5_i000172,confirm_K5_i000796,2048,interpolated_backoff,1.0,1.0,shape_rmse,0.0107076348091977,0.0155341218873579,0.0048264870781602
count_predictor,occupancy_K5_p09,occupancy_contrast,5,confirm_K5_i000172,confirm_K5_i000796,2048,interpolated_backoff,1.0,1.0,excess_ce_H,0.0077637751199242,0.0218467406423354,0.0140829655224112
count_predictor,occupancy_K5_p09,occupancy_contrast,5,confirm_K5_i000172,confirm_K5_i000796,2048,interpolated_backoff,1.0,5.0,shape_rmse,0.0090097857458061,0.0141301561553928,0.0051203704095867
count_predictor,occupancy_K5_p09,occupancy_contrast,5,confirm_K5_i000172,confirm_K5_i000796,2048,interpolated_backoff,1.0,5.0,excess_ce_H,0.0057801166910687,0.0202098703166164,0.0144297536255477
count_predictor,occupancy_K5_p09,occupancy_contrast,5,confirm_K5_i000172,confirm_K5_i000796,2048,interpolated_backoff,1.0,20.0,shape_rmse,0.006402153201599,0.0111113718260169,0.0047092186244179
count_predictor,occupancy_K5_p09,occupancy_contrast,5,confirm_K5_i000172,confirm_K5_i000796,2048,interpolated_backoff,1.0,20.0,excess_ce_H,0.0027031339209599,0.0166748459397192,0.0139717120187592
count_predictor,occupancy_K6_p10,occupancy_contrast,6,confirm_K6_i000561,confirm_K6_i000835,64,additive,0.1,,shape_rmse,0.170458143015366,0.3435258314319664,0.1730676884166004
count_predictor,occupancy_K6_p10,occupancy_contrast,6,confirm_K6_i000561,confirm_K6_i000835,64,additive,0.1,,excess_ce_H,0.2258270897014005,0.4402353796936438,0.2144082899922433
count_predictor,occupancy_K6_p10,occupancy_contrast,6,confirm_K6_i000561,confirm_K6_i000835,64,interpolated_backoff,0.1,1.0,shape_rmse,0.1117458327189985,0.2159257872652097,0.1041799545462111
count_predictor,occupancy_K6_p10,occupancy_contrast,6,confirm_K6_i000561,confirm_K6_i000835,64,interpolated_backoff,0.1,1.0,excess_ce_H,0.1515463945036343,0.285963115604811,0.1344167211011767
count_predictor,occupancy_K6_p10,occupancy_contrast,6,confirm_K6_i000561,confirm_K6_i000835,64,interpolated_backoff,0.1,5.0,shape_rmse,0.0658170359025883,0.1041410323891239,0.0383239964865355
count_predictor,occupancy_K6_p10,occupancy_contrast,6,confirm_K6_i000561,confirm_K6_i000835,64,interpolated_backoff,0.1,5.0,excess_ce_H,0.091199845897387,0.1474788967984339,0.0562790509010469
count_predictor,occupancy_K6_p10,occupancy_contrast,6,confirm_K6_i000561,confirm_K6_i000835,64,interpolated_backoff,0.1,20.0,shape_rmse,0.0323925587341772,0.0392928938553556,0.0069003351211784
count_predictor,occupancy_K6_p10,occupancy_contrast,6,confirm_K6_i000561,confirm_K6_i000835,64,interpolated_backoff,0.1,20.0,excess_ce_H,0.0455500033183335,0.0633938817560686,0.0178438784377351
count_predictor,occupancy_K6_p10,occupancy_contrast,6,confirm_K6_i000561,confirm_K6_i000835,64,additive,0.5,,shape_rmse,0.0952122514022574,0.131173142740575,0.0359608913383176
count_predictor,occupancy_K6_p10,occupancy_contrast,6,confirm_K6_i000561,confirm_K6_i000835,64,additive,0.5,,excess_ce_H,0.1268454985174387,0.1803449168905515,0.0534994183731127
count_predictor,occupancy_K6_p10,occupancy_contrast,6,confirm_K6_i000561,confirm_K6_i000835,64,interpolated_backoff,0.5,1.0,shape_rmse,0.0653781786935726,0.096921423313284,0.0315432446197114
count_predictor,occupancy_K6_p10,occupancy_contrast,6,confirm_K6_i000561,confirm_K6_i000835,64,interpolated_backoff,0.5,1.0,excess_ce_H,0.0895596442372546,0.1383133296761285,0.0487536854388739
count_predictor,occupancy_K6_p10,occupancy_contrast,6,confirm_K6_i000561,confirm_K6_i000835,64,interpolated_backoff,0.5,5.0,shape_rmse,0.0421530058201423,0.0568781138984332,0.0147251080782908
count_predictor,occupancy_K6_p10,occupancy_contrast,6,confirm_K6_i000561,confirm_K6_i000835,64,interpolated_backoff,0.5,5.0,excess_ce_H,0.0591592442640298,0.0873565435117711,0.0281972992477413
count_predictor,occupancy_K6_p10,occupancy_contrast,6,confirm_K6_i000561,confirm_K6_i000835,64,interpolated_backoff,0.5,20.0,shape_rmse,0.0235619004483611,0.0260948740192256,0.0025329735708645
count_predictor,occupancy_K6_p10,occupancy_contrast,6,confirm_K6_i000561,confirm_K6_i000835,64,interpolated_backoff,0.5,20.0,excess_ce_H,0.0334832047436164,0.0459064619427074,0.012423257199091
count_predictor,occupancy_K6_p10,occupancy_contrast,6,confirm_K6_i000561,confirm_K6_i000835,64,additive,1.0,,shape_rmse,0.09065948121056,0.0911016364242067,0.0004421552136466
count_predictor,occupancy_K6_p10,occupancy_contrast,6,confirm_K6_i000561,confirm_K6_i000835,64,additive,1.0,,excess_ce_H,0.1197273864957939,0.1296789759071901,0.0099515894113962
count_predictor,occupancy_K6_p10,occupancy_contrast,6,confirm_K6_i000561,confirm_K6_i000835,64,interpolated_backoff,1.0,1.0,shape_rmse,0.0634875659438889,0.0694013662630977,0.0059138003192088
count_predictor,occupancy_K6_p10,occupancy_contrast,6,confirm_K6_i000561,confirm_K6_i000835,64,interpolated_backoff,1.0,1.0,excess_ce_H,0.0859329840270217,0.1028762331809851,0.0169432491539634
count_predictor,occupancy_K6_p10,occupancy_contrast,6,confirm_K6_i000561,confirm_K6_i000835,64,interpolated_backoff,1.0,5.0,shape_rmse,0.0411307055502286,0.0435156188834787,0.00238491333325
count_predictor,occupancy_K6_p10,occupancy_contrast,6,confirm_K6_i000561,confirm_K6_i000835,64,interpolated_backoff,1.0,5.0,excess_ce_H,0.0570022315524143,0.0695405287893231,0.0125382972369087
count_predictor,occupancy_K6_p10,occupancy_contrast,6,confirm_K6_i000561,confirm_K6_i000835,64,interpolated_backoff,1.0,20.0,shape_rmse,0.0227071453038967,0.0214636098304902,-0.0012435354734065
count_predictor,occupancy_K6_p10,occupancy_contrast,6,confirm_K6_i000561,confirm_K6_i000835,64,interpolated_backoff,1.0,20.0,excess_ce_H,0.0319812620680717,0.039423013025311,0.0074417509572393
count_predictor,occupancy_K6_p10,occupancy_contrast,6,confirm_K6_i000561,confirm_K6_i000835,128,additive,0.1,,shape_rmse,0.1309062290968181,0.2545344528287838,0.1236282237319656
count_predictor,occupancy_K6_p10,occupancy_contrast,6,confirm_K6_i000561,confirm_K6_i000835,128,additive,0.1,,excess_ce_H,0.1659769811664786,0.3214154646011666,0.155438483434688
count_predictor,occupancy_K6_p10,occupancy_contrast,6,confirm_K6_i000561,confirm_K6_i000835,128,interpolated_backoff,0.1,1.0,shape_rmse,0.0911560298744306,0.1734600925034656,0.082304062629035
count_predictor,occupancy_K6_p10,occupancy_contrast,6,confirm_K6_i000561,confirm_K6_i000835,128,interpolated_backoff,0.1,1.0,excess_ce_H,0.117089853391231,0.2249834551259446,0.1078936017347135
count_predictor,occupancy_K6_p10,occupancy_contrast,6,confirm_K6_i000561,confirm_K6_i000835,128,interpolated_backoff,0.1,5.0,shape_rmse,0.0561249708365896,0.0927107520876488,0.0365857812510592
count_predictor,occupancy_K6_p10,occupancy_contrast,6,confirm_K6_i000561,confirm_K6_i000835,128,interpolated_backoff,0.1,5.0,excess_ce_H,0.0728335239531248,0.1273595747110121,0.0545260507578873
count_predictor,occupancy_K6_p10,occupancy_contrast,6,confirm_K6_i000561,confirm_K6_i000835,128,interpolated_backoff,0.1,20.0,shape_rmse,0.0281957251340559,0.0385904988381876,0.0103947737041316
count_predictor,occupancy_K6_p10,occupancy_contrast,6,confirm_K6_i000561,confirm_K6_i000835,128,interpolated_backoff,0.1,20.0,excess_ce_H,0.0367061591297628,0.0597261225377996,0.0230199634080368
count_predictor,occupancy_K6_p10,occupancy_contrast,6,confirm_K6_i000561,confirm_K6_i000835,128,additive,0.5,,shape_rmse,0.0738712162563785,0.1092533404741463,0.0353821242177677
count_predictor,occupancy_K6_p10,occupancy_contrast,6,confirm_K6_i000561,confirm_K6_i000835,128,additive,0.5,,excess_ce_H,0.0940395474256876,0.1469189945497462,0.0528794471240585
count_predictor,occupancy_K6_p10,occupancy_contrast,6,confirm_K6_i000561,confirm_K6_i000835,128,interpolated_backoff,0.5,1.0,shape_rmse,0.0548547061862648,0.0871353100338752,0.0322806038476104
count_predictor,occupancy_K6_p10,occupancy_contrast,6,confirm_K6_i000561,confirm_K6_i000835,128,interpolated_backoff,0.5,1.0,excess_ce_H,0.0708692386795371,0.1203203789845843,0.0494511403050472
count_predictor,occupancy_K6_p10,occupancy_contrast,6,confirm_K6_i000561,confirm_K6_i000835,128,interpolated_backoff,0.5,5.0,shape_rmse,0.0374693668978171,0.0555542964271944,0.0180849295293773
count_predictor,occupancy_K6_p10,occupancy_contrast,6,confirm_K6_i000561,confirm_K6_i000835,128,interpolated_backoff,0.5,5.0,excess_ce_H,0.0489203360827461,0.0814941346445439,0.0325737985617978
count_predictor,occupancy_K6_p10,occupancy_contrast,6,confirm_K6_i000561,confirm_K6_i000835,128,interpolated_backoff,0.5,20.0,shape_rmse,0.0214950886524516,0.0270877010718223,0.0055926124193707
count_predictor,occupancy_K6_p10,occupancy_contrast,6,confirm_K6_i000561,confirm_K6_i000835,128,interpolated_backoff,0.5,20.0,excess_ce_H,0.0280355007593067,0.0450630806508729,0.0170275798915662
count_predictor,occupancy_K6_p10,occupancy_contrast,6,confirm_K6_i000561,confirm_K6_i000835,128,additive,1.0,,shape_rmse,0.0690581087952911,0.0774102156395365,0.0083521068442453
count_predictor,occupancy_K6_p10,occupancy_contrast,6,confirm_K6_i000561,confirm_K6_i000835,128,additive,1.0,,excess_ce_H,0.0874779034439421,0.1077666836339343,0.0202887801899921
count_predictor,occupancy_K6_p10,occupancy_contrast,6,confirm_K6_i000561,confirm_K6_i000835,128,interpolated_backoff,1.0,1.0,shape_rmse,0.0519027543085172,0.0636643236902495,0.0117615693817323
count_predictor,occupancy_K6_p10,occupancy_contrast,6,confirm_K6_i000561,confirm_K6_i000835,128,interpolated_backoff,1.0,1.0,excess_ce_H,0.0666432511238677,0.0911407677987845,0.0244975166749168
count_predictor,occupancy_K6_p10,occupancy_contrast,6,confirm_K6_i000561,confirm_K6_i000835,128,interpolated_backoff,1.0,5.0,shape_rmse,0.0355932413431831,0.0430080365024123,0.0074147951592292
count_predictor,occupancy_K6_p10,occupancy_contrast,6,confirm_K6_i000561,confirm_K6_i000835,128,interpolated_backoff,1.0,5.0,excess_ce_H,0.0461890189757612,0.065517134499593,0.0193281155238317
count_predictor,occupancy_K6_p10,occupancy_contrast,6,confirm_K6_i000561,confirm_K6_i000835,128,interpolated_backoff,1.0,20.0,shape_rmse,0.0204833112298053,0.0223174244283569,0.0018341131985516
count_predictor,occupancy_K6_p10,occupancy_contrast,6,confirm_K6_i000561,confirm_K6_i000835,128,interpolated_backoff,1.0,20.0,excess_ce_H,0.026585786208259,0.0387382581091653,0.0121524719009062
count_predictor,occupancy_K6_p10,occupancy_contrast,6,confirm_K6_i000561,confirm_K6_i000835,256,additive,0.1,,shape_rmse,0.0902171710517827,0.1618566119698148,0.0716394409180321
count_predictor,occupancy_K6_p10,occupancy_contrast,6,confirm_K6_i000561,confirm_K6_i000835,256,additive,0.1,,excess_ce_H,0.1107249222161794,0.2033180407496166,0.0925931185334372
count_predictor,occupancy_K6_p10,occupancy_contrast,6,confirm_K6_i000561,confirm_K6_i000835,256,interpolated_backoff,0.1,1.0,shape_rmse,0.0646812530457732,0.1192463384038983,0.0545650853581251
count_predictor,occupancy_K6_p10,occupancy_contrast,6,confirm_K6_i000561,confirm_K6_i000835,256,interpolated_backoff,0.1,1.0,excess_ce_H,0.0800689274859438,0.1531030512587443,0.0730341237728005
count_predictor,occupancy_K6_p10,occupancy_contrast,6,confirm_K6_i000561,confirm_K6_i000835,256,interpolated_backoff,0.1,5.0,shape_rmse,0.040881709797452,0.0711463089357976,0.0302645991383455
count_predictor,occupancy_K6_p10,occupancy_contrast,6,confirm_K6_i000561,confirm_K6_i000835,256,interpolated_backoff,0.1,5.0,excess_ce_H,0.05086375627998,0.0958014204503154,0.0449376641703353
count_predictor,occupancy_K6_p10,occupancy_contrast,6,confirm_K6_i000561,confirm_K6_i000835,256,interpolated_backoff,0.1,20.0,shape_rmse,0.0212669293237844,0.032909111557886,0.0116421822341016
count_predictor,occupancy_K6_p10,occupancy_contrast,6,confirm_K6_i000561,confirm_K6_i000835,256,interpolated_backoff,0.1,20.0,excess_ce_H,0.0262241748593663,0.0492581747793861,0.0230339999200198
count_predictor,occupancy_K6_p10,occupancy_contrast,6,confirm_K6_i000561,confirm_K6_i000835,256,additive,0.5,,shape_rmse,0.0513001091883958,0.0794794754167381,0.0281793662283422
count_predictor,occupancy_K6_p10,occupancy_contrast,6,confirm_K6_i000561,confirm_K6_i000835,256,additive,0.5,,excess_ce_H,0.063044681396654,0.1055365126292235,0.0424918312325695
count_predictor,occupancy_K6_p10,occupancy_contrast,6,confirm_K6_i000561,confirm_K6_i000835,256,interpolated_backoff,0.5,1.0,shape_rmse,0.0397513013737959,0.0671996642723573,0.0274483628985613
count_predictor,occupancy_K6_p10,occupancy_contrast,6,confirm_K6_i000561,confirm_K6_i000835,256,interpolated_backoff,0.5,1.0,excess_ce_H,0.0492377861980719,0.0909581392429557,0.0417203530448838
count_predictor,occupancy_K6_p10,occupancy_contrast,6,confirm_K6_i000561,confirm_K6_i000835,256,interpolated_backoff,0.5,5.0,shape_rmse,0.0279290460703629,0.0468360821379619,0.018907036067599
count_predictor,occupancy_K6_p10,occupancy_contrast,6,confirm_K6_i000561,confirm_K6_i000835,256,interpolated_backoff,0.5,5.0,excess_ce_H,0.0347097813193768,0.0664493207902801,0.0317395394709033
count_predictor,occupancy_K6_p10,occupancy_contrast,6,confirm_K6_i000561,confirm_K6_i000835,256,interpolated_backoff,0.5,20.0,shape_rmse,0.0164499582044153,0.0246937453809465,0.0082437871765311
count_predictor,occupancy_K6_p10,occupancy_contrast,6,confirm_K6_i000561,confirm_K6_i000835,256,interpolated_backoff,0.5,20.0,excess_ce_H,0.0201474202461782,0.0391343591702835,0.0189869389241053
count_predictor,occupancy_K6_p10,occupancy_contrast,6,confirm_K6_i000561,confirm_K6_i000835,256,additive,1.0,,shape_rmse,0.0473499364024025,0.0587005082153687,0.0113505718129661
count_predictor,occupancy_K6_p10,occupancy_contrast,6,confirm_K6_i000561,confirm_K6_i000835,256,additive,1.0,,excess_ce_H,0.0579796713795559,0.0804617489588779,0.0224820775793219
count_predictor,occupancy_K6_p10,occupancy_contrast,6,confirm_K6_i000561,confirm_K6_i000835,256,interpolated_backoff,1.0,1.0,shape_rmse,0.0371623134019438,0.0509424536724721,0.0137801402705282
count_predictor,occupancy_K6_p10,occupancy_contrast,6,confirm_K6_i000561,confirm_K6_i000835,256,interpolated_backoff,1.0,1.0,excess_ce_H,0.0458220953068531,0.0712183586784196,0.0253962633715664
count_predictor,occupancy_K6_p10,occupancy_contrast,6,confirm_K6_i000561,confirm_K6_i000835,256,interpolated_backoff,1.0,5.0,shape_rmse,0.0263567290613395,0.0372417449134288,0.0108850158520893
count_predictor,occupancy_K6_p10,occupancy_contrast,6,confirm_K6_i000561,confirm_K6_i000835,256,interpolated_backoff,1.0,5.0,excess_ce_H,0.0325877900767086,0.0546393351223382,0.0220515450456295
count_predictor,occupancy_K6_p10,occupancy_contrast,6,confirm_K6_i000561,confirm_K6_i000835,256,interpolated_backoff,1.0,20.0,shape_rmse,0.0156547461946622,0.0207038804562014,0.0050491342615392
count_predictor,occupancy_K6_p10,occupancy_contrast,6,confirm_K6_i000561,confirm_K6_i000835,256,interpolated_backoff,1.0,20.0,excess_ce_H,0.0190655786682381,0.0340956367412952,0.015030058073057
count_predictor,occupancy_K6_p10,occupancy_contrast,6,confirm_K6_i000561,confirm_K6_i000835,512,additive,0.1,,shape_rmse,0.058207929154767,0.0942847560556837,0.0360768269009167
count_predictor,occupancy_K6_p10,occupancy_contrast,6,confirm_K6_i000561,confirm_K6_i000835,512,additive,0.1,,excess_ce_H,0.0698492341800924,0.1186376314549992,0.0487883972749068
count_predictor,occupancy_K6_p10,occupancy_contrast,6,confirm_K6_i000561,confirm_K6_i000835,512,interpolated_backoff,0.1,1.0,shape_rmse,0.0435139872485919,0.0743554597032097,0.0308414724546177
count_predictor,occupancy_K6_p10,occupancy_contrast,6,confirm_K6_i000561,confirm_K6_i000835,512,interpolated_backoff,0.1,1.0,excess_ce_H,0.0524293109200999,0.095456433566645,0.0430271226465451
count_predictor,occupancy_K6_p10,occupancy_contrast,6,confirm_K6_i000561,confirm_K6_i000835,512,interpolated_backoff,0.1,5.0,shape_rmse,0.0287329373029883,0.049120410008309,0.0203874727053207
count_predictor,occupancy_K6_p10,occupancy_contrast,6,confirm_K6_i000561,confirm_K6_i000835,512,interpolated_backoff,0.1,5.0,excess_ce_H,0.0345814182326233,0.0659367300115114,0.0313553117788881
count_predictor,occupancy_K6_p10,occupancy_contrast,6,confirm_K6_i000561,confirm_K6_i000835,512,interpolated_backoff,0.1,20.0,shape_rmse,0.0158152637716671,0.0259271459310495,0.0101118821593823
count_predictor,occupancy_K6_p10,occupancy_contrast,6,confirm_K6_i000561,confirm_K6_i000835,512,interpolated_backoff,0.1,20.0,excess_ce_H,0.018625439406227,0.0384399785557811,0.0198145391495541
count_predictor,occupancy_K6_p10,occupancy_contrast,6,confirm_K6_i000561,confirm_K6_i000835,512,additive,0.5,,shape_rmse,0.0336431100749069,0.0538077161655527,0.0201646060906458
count_predictor,occupancy_K6_p10,occupancy_contrast,6,confirm_K6_i000561,confirm_K6_i000835,512,additive,0.5,,excess_ce_H,0.0402183705181595,0.0713828609291107,0.0311644904109512
count_predictor,occupancy_K6_p10,occupancy_contrast,6,confirm_K6_i000561,confirm_K6_i000835,512,interpolated_backoff,0.5,1.0,shape_rmse,0.0272686206491056,0.0477240487926312,0.0204554281435256
count_predictor,occupancy_K6_p10,occupancy_contrast,6,confirm_K6_i000561,confirm_K6_i000835,512,interpolated_backoff,0.5,1.0,excess_ce_H,0.0326703589723749,0.0642682288930676,0.0315978699206927
count_predictor,occupancy_K6_p10,occupancy_contrast,6,confirm_K6_i000561,confirm_K6_i000835,512,interpolated_backoff,0.5,5.0,shape_rmse,0.0200271668716489,0.0359749064619145,0.0159477395902656
count_predictor,occupancy_K6_p10,occupancy_contrast,6,confirm_K6_i000561,confirm_K6_i000835,512,interpolated_backoff,0.5,5.0,excess_ce_H,0.0239032505792944,0.0504359371007234,0.026532686521429
count_predictor,occupancy_K6_p10,occupancy_contrast,6,confirm_K6_i000561,confirm_K6_i000835,512,interpolated_backoff,0.5,20.0,shape_rmse,0.012395064576347,0.0211356261731375,0.0087405615967904
count_predictor,occupancy_K6_p10,occupancy_contrast,6,confirm_K6_i000561,confirm_K6_i000835,512,interpolated_backoff,0.5,20.0,excess_ce_H,0.0143827643921687,0.0327079790941831,0.0183252147020143
count_predictor,occupancy_K6_p10,occupancy_contrast,6,confirm_K6_i000561,confirm_K6_i000835,512,additive,1.0,,shape_rmse,0.0305889239807101,0.0419461099614722,0.0113571859807621
count_predictor,occupancy_K6_p10,occupancy_contrast,6,confirm_K6_i000561,confirm_K6_i000835,512,additive,1.0,,excess_ce_H,0.0363934284861902,0.0574143353972611,0.0210209069110709
count_predictor,occupancy_K6_p10,occupancy_contrast,6,confirm_K6_i000561,confirm_K6_i000835,512,interpolated_backoff,1.0,1.0,shape_rmse,0.025012068234048,0.0380678970319697,0.0130558287979217
count_predictor,occupancy_K6_p10,occupancy_contrast,6,confirm_K6_i000561,confirm_K6_i000835,512,interpolated_backoff,1.0,1.0,excess_ce_H,0.0297995300028672,0.0528631314121681,0.0230636014093009
count_predictor,occupancy_K6_p10,occupancy_contrast,6,confirm_K6_i000561,confirm_K6_i000835,512,interpolated_backoff,1.0,5.0,shape_rmse,0.0185544076072039,0.029899587706463,0.0113451800992591
count_predictor,occupancy_K6_p10,occupancy_contrast,6,confirm_K6_i000561,confirm_K6_i000835,512,interpolated_backoff,1.0,5.0,excess_ce_H,0.0219994525146531,0.0432054252071056,0.0212059726924525
count_predictor,occupancy_K6_p10,occupancy_contrast,6,confirm_K6_i000561,confirm_K6_i000835,512,interpolated_backoff,1.0,20.0,shape_rmse,0.0116142159549561,0.0183961486328235,0.0067819326778674
count_predictor,occupancy_K6_p10,occupancy_contrast,6,confirm_K6_i000561,confirm_K6_i000835,512,interpolated_backoff,1.0,20.0,excess_ce_H,0.0133627344251154,0.0293927972630656,0.0160300628379502
count_predictor,occupancy_K6_p10,occupancy_contrast,6,confirm_K6_i000561,confirm_K6_i000835,1024,additive,0.1,,shape_rmse,0.0356055871917879,0.0449967676547785,0.0093911804629906
count_predictor,occupancy_K6_p10,occupancy_contrast,6,confirm_K6_i000561,confirm_K6_i000835,1024,additive,0.1,,excess_ce_H,0.0408690688631578,0.0590699703156356,0.0182009014524778
count_predictor,occupancy_K6_p10,occupancy_contrast,6,confirm_K6_i000561,confirm_K6_i000835,1024,interpolated_backoff,0.1,1.0,shape_rmse,0.028081859839603,0.0384047386359942,0.0103228787963912
count_predictor,occupancy_K6_p10,occupancy_contrast,6,confirm_K6_i000561,confirm_K6_i000835,1024,interpolated_backoff,0.1,1.0,excess_ce_H,0.0320451212918262,0.0514126836716035,0.0193675623797773
count_predictor,occupancy_K6_p10,occupancy_contrast,6,confirm_K6_i000561,confirm_K6_i000835,1024,interpolated_backoff,0.1,5.0,shape_rmse,0.0195242060673739,0.0284752034276655,0.0089509973602916
count_predictor,occupancy_K6_p10,occupancy_contrast,6,confirm_K6_i000561,confirm_K6_i000835,1024,interpolated_backoff,0.1,5.0,excess_ce_H,0.0219077984044651,0.0398426468742982,0.0179348484698331
count_predictor,occupancy_K6_p10,occupancy_contrast,6,confirm_K6_i000561,confirm_K6_i000835,1024,interpolated_backoff,0.1,20.0,shape_rmse,0.0115008307107641,0.0175543204578315,0.0060534897470674
count_predictor,occupancy_K6_p10,occupancy_contrast,6,confirm_K6_i000561,confirm_K6_i000835,1024,interpolated_backoff,0.1,20.0,excess_ce_H,0.0122601914997857,0.027012211646854,0.0147520201470682
count_predictor,occupancy_K6_p10,occupancy_contrast,6,confirm_K6_i000561,confirm_K6_i000835,1024,additive,0.5,,shape_rmse,0.0217410258000646,0.0297136423916409,0.0079726165915763
count_predictor,occupancy_K6_p10,occupancy_contrast,6,confirm_K6_i000561,confirm_K6_i000835,1024,additive,0.5,,excess_ce_H,0.024488003178628,0.0412980924702646,0.0168100892916366
count_predictor,occupancy_K6_p10,occupancy_contrast,6,confirm_K6_i000561,confirm_K6_i000835,1024,interpolated_backoff,0.5,1.0,shape_rmse,0.0187013534078803,0.0275746184511722,0.0088732650432919
count_predictor,occupancy_K6_p10,occupancy_contrast,6,confirm_K6_i000561,confirm_K6_i000835,1024,interpolated_backoff,0.5,1.0,excess_ce_H,0.0209180122550669,0.0388030931110312,0.0178850808559643
count_predictor,occupancy_K6_p10,occupancy_contrast,6,confirm_K6_i000561,confirm_K6_i000835,1024,interpolated_backoff,0.5,5.0,shape_rmse,0.0145053720572899,0.0226533303870994,0.0081479583298095
count_predictor,occupancy_K6_p10,occupancy_contrast,6,confirm_K6_i000561,confirm_K6_i000835,1024,interpolated_backoff,0.5,5.0,excess_ce_H,0.0159242841510411,0.0330420167027079,0.0171177325516668
count_predictor,occupancy_K6_p10,occupancy_contrast,6,confirm_K6_i000561,confirm_K6_i000835,1024,interpolated_backoff,0.5,20.0,shape_rmse,0.0095890464644082,0.0152312128851606,0.0056421664207524
count_predictor,occupancy_K6_p10,occupancy_contrast,6,confirm_K6_i000561,confirm_K6_i000835,1024,interpolated_backoff,0.5,20.0,excess_ce_H,0.0099596127324761,0.0242767203125753,0.0143171075800992
count_predictor,occupancy_K6_p10,occupancy_contrast,6,confirm_K6_i000561,confirm_K6_i000835,1024,additive,1.0,,shape_rmse,0.0197174129043139,0.0247130793451561,0.0049956664408421
count_predictor,occupancy_K6_p10,occupancy_contrast,6,confirm_K6_i000561,confirm_K6_i000835,1024,additive,1.0,,excess_ce_H,0.0220587707724428,0.0354536915438798,0.0133949207714369
count_predictor,occupancy_K6_p10,occupancy_contrast,6,confirm_K6_i000561,confirm_K6_i000835,1024,interpolated_backoff,1.0,1.0,shape_rmse,0.0171189518487827,0.0232919347670457,0.006172982918263
count_predictor,occupancy_K6_p10,occupancy_contrast,6,confirm_K6_i000561,confirm_K6_i000835,1024,interpolated_backoff,1.0,1.0,excess_ce_H,0.0190085626156299,0.0337918280300615,0.0147832654144315
count_predictor,occupancy_K6_p10,occupancy_contrast,6,confirm_K6_i000561,confirm_K6_i000835,1024,interpolated_backoff,1.0,5.0,shape_rmse,0.0134385736054766,0.0197288243199543,0.0062902507144777
count_predictor,occupancy_K6_p10,occupancy_contrast,6,confirm_K6_i000561,confirm_K6_i000835,1024,interpolated_backoff,1.0,5.0,excess_ce_H,0.0146306536645821,0.0296083799722248,0.0149777263076427
count_predictor,occupancy_K6_p10,occupancy_contrast,6,confirm_K6_i000561,confirm_K6_i000835,1024,interpolated_backoff,1.0,20.0,shape_rmse,0.0090548282290872,0.0137761039614212,0.0047212757323339
count_predictor,occupancy_K6_p10,occupancy_contrast,6,confirm_K6_i000561,confirm_K6_i000835,1024,interpolated_backoff,1.0,20.0,excess_ce_H,0.009307035984206,0.0225538614934479,0.0132468255092418
count_predictor,occupancy_K6_p10,occupancy_contrast,6,confirm_K6_i000561,confirm_K6_i000835,2048,additive,0.1,,shape_rmse,0.0209343830277056,0.0222918011040454,0.0013574180763398
count_predictor,occupancy_K6_p10,occupancy_contrast,6,confirm_K6_i000561,confirm_K6_i000835,2048,additive,0.1,,excess_ce_H,0.0221244410636549,0.0314456973745482,0.0093212563108933
count_predictor,occupancy_K6_p10,occupancy_contrast,6,confirm_K6_i000561,confirm_K6_i000835,2048,interpolated_backoff,0.1,1.0,shape_rmse,0.0174208003023515,0.0202813438474789,0.0028605435451273
count_predictor,occupancy_K6_p10,occupancy_contrast,6,confirm_K6_i000561,confirm_K6_i000835,2048,interpolated_backoff,0.1,1.0,excess_ce_H,0.0180458745047329,0.0291185516207954,0.0110726771160625
count_predictor,occupancy_K6_p10,occupancy_contrast,6,confirm_K6_i000561,confirm_K6_i000835,2048,interpolated_backoff,0.1,5.0,shape_rmse,0.0127718405354704,0.0166907844228343,0.0039189438873638
count_predictor,occupancy_K6_p10,occupancy_contrast,6,confirm_K6_i000561,confirm_K6_i000835,2048,interpolated_backoff,0.1,5.0,excess_ce_H,0.0126222003354972,0.0249531672115896,0.0123309668760923
count_predictor,occupancy_K6_p10,occupancy_contrast,6,confirm_K6_i000561,confirm_K6_i000835,2048,interpolated_backoff,0.1,20.0,shape_rmse,0.0080813059122631,0.0116580568081566,0.0035767508958935
count_predictor,occupancy_K6_p10,occupancy_contrast,6,confirm_K6_i000561,confirm_K6_i000835,2048,interpolated_backoff,0.1,20.0,excess_ce_H,0.0071038625138817,0.0190841712072857,0.011980308693404
count_predictor,occupancy_K6_p10,occupancy_contrast,6,confirm_K6_i000561,confirm_K6_i000835,2048,additive,0.5,,shape_rmse,0.0141276533230887,0.0172468949786186,0.0031192416555299
count_predictor,occupancy_K6_p10,occupancy_contrast,6,confirm_K6_i000561,confirm_K6_i000835,2048,additive,0.5,,excess_ce_H,0.0141961339173826,0.025605994995735,0.0114098610783524
count_predictor,occupancy_K6_p10,occupancy_contrast,6,confirm_K6_i000561,confirm_K6_i000835,2048,interpolated_backoff,0.5,1.0,shape_rmse,0.0128009878908686,0.0164595880106262,0.0036586001197575
count_predictor,occupancy_K6_p10,occupancy_contrast,6,confirm_K6_i000561,confirm_K6_i000835,2048,interpolated_backoff,0.5,1.0,excess_ce_H,0.0126537938574864,0.0246920080902208,0.0120382142327344
count_predictor,occupancy_K6_p10,occupancy_contrast,6,confirm_K6_i000561,confirm_K6_i000835,2048,interpolated_backoff,0.5,5.0,shape_rmse,0.0103924117607948,0.0143784286605586,0.0039860168997638
count_predictor,occupancy_K6_p10,occupancy_contrast,6,confirm_K6_i000561,confirm_K6_i000835,2048,interpolated_backoff,0.5,5.0,excess_ce_H,0.0098396049653926,0.0222709550389779,0.0124313500735853
count_predictor,occupancy_K6_p10,occupancy_contrast,6,confirm_K6_i000561,confirm_K6_i000835,2048,interpolated_backoff,0.5,20.0,shape_rmse,0.0072114967075312,0.0105625883985275,0.0033510916909963
count_predictor,occupancy_K6_p10,occupancy_contrast,6,confirm_K6_i000561,confirm_K6_i000835,2048,interpolated_backoff,0.5,20.0,excess_ce_H,0.0060880582303208,0.0178095291913857,0.0117214709610648
count_predictor,occupancy_K6_p10,occupancy_contrast,6,confirm_K6_i000561,confirm_K6_i000835,2048,additive,1.0,,shape_rmse,0.0129455427480572,0.0151805592187195,0.0022350164706623
count_predictor,occupancy_K6_p10,occupancy_contrast,6,confirm_K6_i000561,confirm_K6_i000835,2048,additive,1.0,,excess_ce_H,0.012831763314844,0.0232099806844054,0.0103782173695614
count_predictor,occupancy_K6_p10,occupancy_contrast,6,confirm_K6_i000561,confirm_K6_i000835,2048,interpolated_backoff,1.0,1.0,shape_rmse,0.0118714047241565,0.0146118028405522,0.0027403981163956
count_predictor,occupancy_K6_p10,occupancy_contrast,6,confirm_K6_i000561,confirm_K6_i000835,2048,interpolated_backoff,1.0,1.0,excess_ce_H,0.0115818724171443,0.0225485935726097,0.0109667211554654
count_predictor,occupancy_K6_p10,occupancy_contrast,6,confirm_K6_i000561,confirm_K6_i000835,2048,interpolated_backoff,1.0,5.0,shape_rmse,0.0098188636264426,0.0129925886063227,0.0031737249798801
count_predictor,occupancy_K6_p10,occupancy_contrast,6,confirm_K6_i000561,confirm_K6_i000835,2048,interpolated_backoff,1.0,5.0,excess_ce_H,0.0091812319980775,0.020661646279843,0.0114804142817655
count_predictor,occupancy_K6_p10,occupancy_contrast,6,confirm_K6_i000561,confirm_K6_i000835,2048,interpolated_backoff,1.0,20.0,shape_rmse,0.0069754432680132,0.0097688321734792,0.002793388905466
count_predictor,occupancy_K6_p10,occupancy_contrast,6,confirm_K6_i000561,confirm_K6_i000835,2048,interpolated_backoff,1.0,20.0,excess_ce_H,0.0058233208919384,0.016885481269339,0.0110621603774006
count_predictor,occupancy_K6_p11,occupancy_contrast,6,confirm_K6_i000306,confirm_K6_i000268,64,additive,0.1,,shape_rmse,0.2013038031888682,0.3253825692533011,0.1240787660644329
count_predictor,occupancy_K6_p11,occupancy_contrast,6,confirm_K6_i000306,confirm_K6_i000268,64,additive,0.1,,excess_ce_H,0.2703766588442382,0.4147038833355003,0.144327224491262
count_predictor,occupancy_K6_p11,occupancy_contrast,6,confirm_K6_i000306,confirm_K6_i000268,64,interpolated_backoff,0.1,1.0,shape_rmse,0.1339427600218509,0.2109333274825883,0.0769905674607374
count_predictor,occupancy_K6_p11,occupancy_contrast,6,confirm_K6_i000306,confirm_K6_i000268,64,interpolated_backoff,0.1,1.0,excess_ce_H,0.1857628900466366,0.2751114800787475,0.0893485900321108
count_predictor,occupancy_K6_p11,occupancy_contrast,6,confirm_K6_i000306,confirm_K6_i000268,64,interpolated_backoff,0.1,5.0,shape_rmse,0.0763820995111238,0.1051695912861779,0.028787491775054
count_predictor,occupancy_K6_p11,occupancy_contrast,6,confirm_K6_i000306,confirm_K6_i000268,64,interpolated_backoff,0.1,5.0,excess_ce_H,0.1108218691399727,0.142881612942239,0.0320597438022663
count_predictor,occupancy_K6_p11,occupancy_contrast,6,confirm_K6_i000306,confirm_K6_i000268,64,interpolated_backoff,0.1,20.0,shape_rmse,0.0343024676153936,0.0405155998855273,0.0062131322701336
count_predictor,occupancy_K6_p11,occupancy_contrast,6,confirm_K6_i000306,confirm_K6_i000268,64,interpolated_backoff,0.1,20.0,excess_ce_H,0.0544456438047631,0.0585358733971619,0.0040902295923988
count_predictor,occupancy_K6_p11,occupancy_contrast,6,confirm_K6_i000306,confirm_K6_i000268,64,additive,0.5,,shape_rmse,0.1014211345669348,0.1271837213897045,0.0257625868227696
count_predictor,occupancy_K6_p11,occupancy_contrast,6,confirm_K6_i000306,confirm_K6_i000268,64,additive,0.5,,excess_ce_H,0.1414009853426836,0.1699322078247618,0.0285312224820781
count_predictor,occupancy_K6_p11,occupancy_contrast,6,confirm_K6_i000306,confirm_K6_i000268,64,interpolated_backoff,0.5,1.0,shape_rmse,0.0699083927518407,0.0964337095272661,0.0265253167754253
count_predictor,occupancy_K6_p11,occupancy_contrast,6,confirm_K6_i000306,confirm_K6_i000268,64,interpolated_backoff,0.5,1.0,excess_ce_H,0.1023771450159096,0.1319082668259088,0.0295311218099992
count_predictor,occupancy_K6_p11,occupancy_contrast,6,confirm_K6_i000306,confirm_K6_i000268,64,interpolated_backoff,0.5,5.0,shape_rmse,0.0457104281988998,0.0584213716468641,0.0127109434479643
count_predictor,occupancy_K6_p11,occupancy_contrast,6,confirm_K6_i000306,confirm_K6_i000268,64,interpolated_backoff,0.5,5.0,excess_ce_H,0.0705549051374567,0.0831903617870037,0.012635456649547
count_predictor,occupancy_K6_p11,occupancy_contrast,6,confirm_K6_i000306,confirm_K6_i000268,64,interpolated_backoff,0.5,20.0,shape_rmse,0.0244478733977463,0.0277259781384112,0.0032781047406649
count_predictor,occupancy_K6_p11,occupancy_contrast,6,confirm_K6_i000306,confirm_K6_i000268,64,interpolated_backoff,0.5,20.0,excess_ce_H,0.0412811761054701,0.0416745169718844,0.0003933408664143
count_predictor,occupancy_K6_p11,occupancy_contrast,6,confirm_K6_i000306,confirm_K6_i000268,64,additive,1.0,,shape_rmse,0.0914857840625154,0.0908935238622831,-0.0005922602002323
count_predictor,occupancy_K6_p11,occupancy_contrast,6,confirm_K6_i000306,confirm_K6_i000268,64,additive,1.0,,excess_ce_H,0.1273666076562927,0.1234595541579468,-0.0039070534983459
count_predictor,occupancy_K6_p11,occupancy_contrast,6,confirm_K6_i000306,confirm_K6_i000268,64,interpolated_backoff,1.0,1.0,shape_rmse,0.0628023402777109,0.070635949274436,0.0078336089967251
count_predictor,occupancy_K6_p11,occupancy_contrast,6,confirm_K6_i000306,confirm_K6_i000268,64,interpolated_backoff,1.0,1.0,excess_ce_H,0.0920781549862534,0.0983421632189369,0.0062640082326835
count_predictor,occupancy_K6_p11,occupancy_contrast,6,confirm_K6_i000306,confirm_K6_i000268,64,interpolated_backoff,1.0,5.0,shape_rmse,0.0408829275885282,0.0453513019419801,0.0044683743534519
count_predictor,occupancy_K6_p11,occupancy_contrast,6,confirm_K6_i000306,confirm_K6_i000268,64,interpolated_backoff,1.0,5.0,excess_ce_H,0.0635680562726488,0.0656959558393961,0.0021278995667472
count_predictor,occupancy_K6_p11,occupancy_contrast,6,confirm_K6_i000306,confirm_K6_i000268,64,interpolated_backoff,1.0,20.0,shape_rmse,0.0219940009204555,0.0230750358230612,0.0010810349026057
count_predictor,occupancy_K6_p11,occupancy_contrast,6,confirm_K6_i000306,confirm_K6_i000268,64,interpolated_backoff,1.0,20.0,excess_ce_H,0.0377485475306718,0.0352434360385829,-0.0025051114920889
count_predictor,occupancy_K6_p11,occupancy_contrast,6,confirm_K6_i000306,confirm_K6_i000268,128,additive,0.1,,shape_rmse,0.1516236393422346,0.2545552689801015,0.1029316296378669
count_predictor,occupancy_K6_p11,occupancy_contrast,6,confirm_K6_i000306,confirm_K6_i000268,128,additive,0.1,,excess_ce_H,0.1973820530312997,0.3130369028269684,0.1156548497956687
count_predictor,occupancy_K6_p11,occupancy_contrast,6,confirm_K6_i000306,confirm_K6_i000268,128,interpolated_backoff,0.1,1.0,shape_rmse,0.105671992040389,0.1732941335306493,0.0676221414902602
count_predictor,occupancy_K6_p11,occupancy_contrast,6,confirm_K6_i000306,confirm_K6_i000268,128,interpolated_backoff,0.1,1.0,excess_ce_H,0.1411953387251632,0.2168840696269878,0.0756887309018246
count_predictor,occupancy_K6_p11,occupancy_contrast,6,confirm_K6_i000306,confirm_K6_i000268,128,interpolated_backoff,0.1,5.0,shape_rmse,0.0608570460591325,0.0928743427367962,0.0320172966776637
count_predictor,occupancy_K6_p11,occupancy_contrast,6,confirm_K6_i000306,confirm_K6_i000268,128,interpolated_backoff,0.1,5.0,excess_ce_H,0.0850559659581253,0.1201965145162644,0.0351405485581391
count_predictor,occupancy_K6_p11,occupancy_contrast,6,confirm_K6_i000306,confirm_K6_i000268,128,interpolated_backoff,0.1,20.0,shape_rmse,0.027636238036917,0.0388266764085581,0.0111904383716411
count_predictor,occupancy_K6_p11,occupancy_contrast,6,confirm_K6_i000306,confirm_K6_i000268,128,interpolated_backoff,0.1,20.0,excess_ce_H,0.0424119042742983,0.0530575386050309,0.0106456343307326
count_predictor,occupancy_K6_p11,occupancy_contrast,6,confirm_K6_i000306,confirm_K6_i000268,128,additive,0.5,,shape_rmse,0.0750489316497065,0.1107783534482129,0.0357294217985064
count_predictor,occupancy_K6_p11,occupancy_contrast,6,confirm_K6_i000306,confirm_K6_i000268,128,additive,0.5,,excess_ce_H,0.1020047169208526,0.1414122724689444,0.0394075555480917
count_predictor,occupancy_K6_p11,occupancy_contrast,6,confirm_K6_i000306,confirm_K6_i000268,128,interpolated_backoff,0.5,1.0,shape_rmse,0.0563843033234797,0.0882561015120187,0.031871798188539
count_predictor,occupancy_K6_p11,occupancy_contrast,6,confirm_K6_i000306,confirm_K6_i000268,128,interpolated_backoff,0.5,1.0,excess_ce_H,0.0793442276384981,0.1145042992295464,0.0351600715910482
count_predictor,occupancy_K6_p11,occupancy_contrast,6,confirm_K6_i000306,confirm_K6_i000268,128,interpolated_backoff,0.5,5.0,shape_rmse,0.0380225918329773,0.0569091374676313,0.018886545634654
count_predictor,occupancy_K6_p11,occupancy_contrast,6,confirm_K6_i000306,confirm_K6_i000268,128,interpolated_backoff,0.5,5.0,excess_ce_H,0.0561303570453091,0.0761982908082152,0.0200679337629061
count_predictor,occupancy_K6_p11,occupancy_contrast,6,confirm_K6_i000306,confirm_K6_i000268,128,interpolated_backoff,0.5,20.0,shape_rmse,0.020590805118187,0.0284635095103775,0.0078727043921905
count_predictor,occupancy_K6_p11,occupancy_contrast,6,confirm_K6_i000306,confirm_K6_i000268,128,interpolated_backoff,0.5,20.0,excess_ce_H,0.0333114307714159,0.0400000268357083,0.0066885960642924
count_predictor,occupancy_K6_p11,occupancy_contrast,6,confirm_K6_i000306,confirm_K6_i000268,128,additive,1.0,,shape_rmse,0.0662727054022165,0.0796990803600442,0.0134263749578276
count_predictor,occupancy_K6_p11,occupancy_contrast,6,confirm_K6_i000306,confirm_K6_i000268,128,additive,1.0,,excess_ce_H,0.09040679749882,0.1035409740098465,0.0131341765110265
count_predictor,occupancy_K6_p11,occupancy_contrast,6,confirm_K6_i000306,confirm_K6_i000268,128,interpolated_backoff,1.0,1.0,shape_rmse,0.0495799189132484,0.0654675299765567,0.0158876110633082
count_predictor,occupancy_K6_p11,occupancy_contrast,6,confirm_K6_i000306,confirm_K6_i000268,128,interpolated_backoff,1.0,1.0,excess_ce_H,0.0702543701986078,0.086447322798105,0.0161929525994972
count_predictor,occupancy_K6_p11,occupancy_contrast,6,confirm_K6_i000306,confirm_K6_i000268,128,interpolated_backoff,1.0,5.0,shape_rmse,0.0337899688702267,0.0447620871404065,0.0109721182701797
count_predictor,occupancy_K6_p11,occupancy_contrast,6,confirm_K6_i000306,confirm_K6_i000268,128,interpolated_backoff,1.0,5.0,excess_ce_H,0.0504202566070861,0.0609273633328186,0.0105071067257324
count_predictor,occupancy_K6_p11,occupancy_contrast,6,confirm_K6_i000306,confirm_K6_i000268,128,interpolated_backoff,1.0,20.0,shape_rmse,0.0187855748262033,0.0240472356691502,0.0052616608429469
count_predictor,occupancy_K6_p11,occupancy_contrast,6,confirm_K6_i000306,confirm_K6_i000268,128,interpolated_backoff,1.0,20.0,excess_ce_H,0.030830092450939,0.0342613708437282,0.0034312783927891
count_predictor,occupancy_K6_p11,occupancy_contrast,6,confirm_K6_i000306,confirm_K6_i000268,256,additive,0.1,,shape_rmse,0.1158082870303809,0.1628115034411481,0.0470032164107671
count_predictor,occupancy_K6_p11,occupancy_contrast,6,confirm_K6_i000306,confirm_K6_i000268,256,additive,0.1,,excess_ce_H,0.1466801217331725,0.1967935723733045,0.050113450640132
count_predictor,occupancy_K6_p11,occupancy_contrast,6,confirm_K6_i000306,confirm_K6_i000268,256,interpolated_backoff,0.1,1.0,shape_rmse,0.0835084685650871,0.1200579746944486,0.0365495061293614
count_predictor,occupancy_K6_p11,occupancy_contrast,6,confirm_K6_i000306,confirm_K6_i000268,256,interpolated_backoff,0.1,1.0,excess_ce_H,0.1082861079467683,0.1466917686544164,0.0384056607076481
count_predictor,occupancy_K6_p11,occupancy_contrast,6,confirm_K6_i000306,confirm_K6_i000268,256,interpolated_backoff,0.1,5.0,shape_rmse,0.0503357014442064,0.0713386616000009,0.0210029601557944
count_predictor,occupancy_K6_p11,occupancy_contrast,6,confirm_K6_i000306,confirm_K6_i000268,256,interpolated_backoff,0.1,5.0,excess_ce_H,0.0680908134679576,0.0890557875382531,0.0209649740702955
count_predictor,occupancy_K6_p11,occupancy_contrast,6,confirm_K6_i000306,confirm_K6_i000268,256,interpolated_backoff,0.1,20.0,shape_rmse,0.0244860654816265,0.0329113404438521,0.0084252749622255
count_predictor,occupancy_K6_p11,occupancy_contrast,6,confirm_K6_i000306,confirm_K6_i000268,256,interpolated_backoff,0.1,20.0,excess_ce_H,0.0360111360500436,0.0426181688246936,0.00660703277465
count_predictor,occupancy_K6_p11,occupancy_contrast,6,confirm_K6_i000306,confirm_K6_i000268,256,additive,0.5,,shape_rmse,0.0586345655361792,0.0807544380792605,0.0221198725430813
count_predictor,occupancy_K6_p11,occupancy_contrast,6,confirm_K6_i000306,confirm_K6_i000268,256,additive,0.5,,excess_ce_H,0.0778090371636088,0.1000931097796644,0.0222840726160555
count_predictor,occupancy_K6_p11,occupancy_contrast,6,confirm_K6_i000306,confirm_K6_i000268,256,interpolated_backoff,0.5,1.0,shape_rmse,0.0466574512216276,0.0684925273966267,0.0218350761749991
count_predictor,occupancy_K6_p11,occupancy_contrast,6,confirm_K6_i000306,confirm_K6_i000268,256,interpolated_backoff,0.5,1.0,excess_ce_H,0.063566388947271,0.0856268350946904,0.0220604461474194
count_predictor,occupancy_K6_p11,occupancy_contrast,6,confirm_K6_i000306,confirm_K6_i000268,256,interpolated_backoff,0.5,5.0,shape_rmse,0.0328867308667623,0.047766340313611,0.0148796094468487
count_predictor,occupancy_K6_p11,occupancy_contrast,6,confirm_K6_i000306,confirm_K6_i000268,256,interpolated_backoff,0.5,5.0,excess_ce_H,0.0467191718230104,0.0608721038459634,0.014152932022953
count_predictor,occupancy_K6_p11,occupancy_contrast,6,confirm_K6_i000306,confirm_K6_i000268,256,interpolated_backoff,0.5,20.0,shape_rmse,0.01885843732284,0.0255478508639237,0.0066894135410837
count_predictor,occupancy_K6_p11,occupancy_contrast,6,confirm_K6_i000306,confirm_K6_i000268,256,interpolated_backoff,0.5,20.0,excess_ce_H,0.0290078861107692,0.0336330653852769,0.0046251792745076
count_predictor,occupancy_K6_p11,occupancy_contrast,6,confirm_K6_i000306,confirm_K6_i000268,256,additive,1.0,,shape_rmse,0.049924730213905,0.0601588087911841,0.0102340785772791
count_predictor,occupancy_K6_p11,occupancy_contrast,6,confirm_K6_i000306,confirm_K6_i000268,256,additive,1.0,,excess_ce_H,0.0669952367021315,0.0754934713087922,0.0084982346066607
count_predictor,occupancy_K6_p11,occupancy_contrast,6,confirm_K6_i000306,confirm_K6_i000268,256,interpolated_backoff,1.0,1.0,shape_rmse,0.0397869959416377,0.0524387204824526,0.0126517245408149
count_predictor,occupancy_K6_p11,occupancy_contrast,6,confirm_K6_i000306,confirm_K6_i000268,256,interpolated_backoff,1.0,1.0,excess_ce_H,0.0549609200933114,0.0663502732016356,0.0113893531083242
count_predictor,occupancy_K6_p11,occupancy_contrast,6,confirm_K6_i000306,confirm_K6_i000268,256,interpolated_backoff,1.0,5.0,shape_rmse,0.0285574273858608,0.0384132391382654,0.0098558117524046
count_predictor,occupancy_K6_p11,occupancy_contrast,6,confirm_K6_i000306,confirm_K6_i000268,256,interpolated_backoff,1.0,5.0,excess_ce_H,0.0412381601652946,0.0495070305668328,0.0082688704015382
count_predictor,occupancy_K6_p11,occupancy_contrast,6,confirm_K6_i000306,confirm_K6_i000268,256,interpolated_backoff,1.0,20.0,shape_rmse,0.0169710088181487,0.0218882502706352,0.0049172414524864
count_predictor,occupancy_K6_p11,occupancy_contrast,6,confirm_K6_i000306,confirm_K6_i000268,256,interpolated_backoff,1.0,20.0,excess_ce_H,0.0265816436719936,0.0290833004958046,0.002501656823811
count_predictor,occupancy_K6_p11,occupancy_contrast,6,confirm_K6_i000306,confirm_K6_i000268,512,additive,0.1,,shape_rmse,0.0758349652338815,0.0896450367019944,0.0138100714681129
count_predictor,occupancy_K6_p11,occupancy_contrast,6,confirm_K6_i000306,confirm_K6_i000268,512,additive,0.1,,excess_ce_H,0.0953549103420017,0.1069526991739937,0.011597788831992
count_predictor,occupancy_K6_p11,occupancy_contrast,6,confirm_K6_i000306,confirm_K6_i000268,512,interpolated_backoff,0.1,1.0,shape_rmse,0.0568674736439599,0.0717846237386782,0.0149171500947182
count_predictor,occupancy_K6_p11,occupancy_contrast,6,confirm_K6_i000306,confirm_K6_i000268,512,interpolated_backoff,0.1,1.0,excess_ce_H,0.0731144187353654,0.0861737408012091,0.0130593220658437
count_predictor,occupancy_K6_p11,occupancy_contrast,6,confirm_K6_i000306,confirm_K6_i000268,512,interpolated_backoff,0.1,5.0,shape_rmse,0.0352905969374154,0.0478319869107962,0.0125413899733808
count_predictor,occupancy_K6_p11,occupancy_contrast,6,confirm_K6_i000306,confirm_K6_i000268,512,interpolated_backoff,0.1,5.0,excess_ce_H,0.0475204801225437,0.0581467683847742,0.0106262882622304
count_predictor,occupancy_K6_p11,occupancy_contrast,6,confirm_K6_i000306,confirm_K6_i000268,512,interpolated_backoff,0.1,20.0,shape_rmse,0.0178576340158687,0.0253231256775895,0.0074654916617208
count_predictor,occupancy_K6_p11,occupancy_contrast,6,confirm_K6_i000306,confirm_K6_i000268,512,interpolated_backoff,0.1,20.0,excess_ce_H,0.0264329690136302,0.0314564664824481,0.0050234974688178
count_predictor,occupancy_K6_p11,occupancy_contrast,6,confirm_K6_i000306,confirm_K6_i000268,512,additive,0.5,,shape_rmse,0.0394240434172928,0.0520940342302343,0.0126699908129414
count_predictor,occupancy_K6_p11,occupancy_contrast,6,confirm_K6_i000306,confirm_K6_i000268,512,additive,0.5,,excess_ce_H,0.0522559222155825,0.0631071983349433,0.0108512761193607
count_predictor,occupancy_K6_p11,occupancy_contrast,6,confirm_K6_i000306,confirm_K6_i000268,512,interpolated_backoff,0.5,1.0,shape_rmse,0.0329981038587857,0.046698831674835,0.0137007278160492
count_predictor,occupancy_K6_p11,occupancy_contrast,6,confirm_K6_i000306,confirm_K6_i000268,512,interpolated_backoff,0.5,1.0,excess_ce_H,0.0446996429578741,0.0567996143208353,0.0120999713629612
count_predictor,occupancy_K6_p11,occupancy_contrast,6,confirm_K6_i000306,confirm_K6_i000268,512,interpolated_backoff,0.5,5.0,shape_rmse,0.0236789596086836,0.0355984190324576,0.0119194594237739
count_predictor,occupancy_K6_p11,occupancy_contrast,6,confirm_K6_i000306,confirm_K6_i000268,512,interpolated_backoff,0.5,5.0,excess_ce_H,0.0335740324291911,0.043738429789607,0.0101643973604158
count_predictor,occupancy_K6_p11,occupancy_contrast,6,confirm_K6_i000306,confirm_K6_i000268,512,interpolated_backoff,0.5,20.0,shape_rmse,0.013897747492392,0.0211815070304331,0.007283759538041
count_predictor,occupancy_K6_p11,occupancy_contrast,6,confirm_K6_i000306,confirm_K6_i000268,512,interpolated_backoff,0.5,20.0,excess_ce_H,0.0215995172050837,0.0265171606170409,0.0049176434119572
count_predictor,occupancy_K6_p11,occupancy_contrast,6,confirm_K6_i000306,confirm_K6_i000268,512,additive,1.0,,shape_rmse,0.0327799025088582,0.041318079051054,0.0085381765421958
count_predictor,occupancy_K6_p11,occupancy_contrast,6,confirm_K6_i000306,confirm_K6_i000268,512,additive,1.0,,excess_ce_H,0.0442227145307965,0.050432590241922,0.0062098757111255
count_predictor,occupancy_K6_p11,occupancy_contrast,6,confirm_K6_i000306,confirm_K6_i000268,512,interpolated_backoff,1.0,1.0,shape_rmse,0.0275962172201858,0.0378472186742272,0.0102510014540413
count_predictor,occupancy_K6_p11,occupancy_contrast,6,confirm_K6_i000306,confirm_K6_i000268,512,interpolated_backoff,1.0,1.0,excess_ce_H,0.0381286910566676,0.046362113659391,0.0082334226027233
count_predictor,occupancy_K6_p11,occupancy_contrast,6,confirm_K6_i000306,confirm_K6_i000268,512,interpolated_backoff,1.0,5.0,shape_rmse,0.0202165139015593,0.0300597650563776,0.0098432511548182
count_predictor,occupancy_K6_p11,occupancy_contrast,6,confirm_K6_i000306,confirm_K6_i000268,512,interpolated_backoff,1.0,5.0,excess_ce_H,0.0293140720175451,0.0371662048399406,0.0078521328223954
count_predictor,occupancy_K6_p11,occupancy_contrast,6,confirm_K6_i000306,confirm_K6_i000268,512,interpolated_backoff,1.0,20.0,shape_rmse,0.0123351363773055,0.0188615979123141,0.0065264615350086
count_predictor,occupancy_K6_p11,occupancy_contrast,6,confirm_K6_i000306,confirm_K6_i000268,512,interpolated_backoff,1.0,20.0,excess_ce_H,0.0196390595053528,0.0237277216751119,0.004088662169759
count_predictor,occupancy_K6_p11,occupancy_contrast,6,confirm_K6_i000306,confirm_K6_i000268,1024,additive,0.1,,shape_rmse,0.0424942723909968,0.0465526863037954,0.0040584139127986
count_predictor,occupancy_K6_p11,occupancy_contrast,6,confirm_K6_i000306,confirm_K6_i000268,1024,additive,0.1,,excess_ce_H,0.0537084469813839,0.054590057279424,0.0008816102980401
count_predictor,occupancy_K6_p11,occupancy_contrast,6,confirm_K6_i000306,confirm_K6_i000268,1024,interpolated_backoff,0.1,1.0,shape_rmse,0.0340511430083699,0.0396280922961818,0.0055769492878118
count_predictor,occupancy_K6_p11,occupancy_contrast,6,confirm_K6_i000306,confirm_K6_i000268,1024,interpolated_backoff,0.1,1.0,excess_ce_H,0.0439159806553046,0.0465520679070914,0.0026360872517867
count_predictor,occupancy_K6_p11,occupancy_contrast,6,confirm_K6_i000306,confirm_K6_i000268,1024,interpolated_backoff,0.1,5.0,shape_rmse,0.0225331255310374,0.0292128203490205,0.0066796948179831
count_predictor,occupancy_K6_p11,occupancy_contrast,6,confirm_K6_i000306,confirm_K6_i000268,1024,interpolated_backoff,0.1,5.0,excess_ce_H,0.0305082252460069,0.0344173866692707,0.0039091614232638
count_predictor,occupancy_K6_p11,occupancy_contrast,6,confirm_K6_i000306,confirm_K6_i000268,1024,interpolated_backoff,0.1,20.0,shape_rmse,0.0120600447708161,0.0175046221834431,0.0054445774126269
count_predictor,occupancy_K6_p11,occupancy_contrast,6,confirm_K6_i000306,confirm_K6_i000268,1024,interpolated_backoff,0.1,20.0,excess_ce_H,0.0182075632958742,0.0206695327791435,0.0024619694832693
count_predictor,occupancy_K6_p11,occupancy_contrast,6,confirm_K6_i000306,confirm_K6_i000268,1024,additive,0.5,,shape_rmse,0.0237049874645631,0.030720733966178,0.0070157465016148
count_predictor,occupancy_K6_p11,occupancy_contrast,6,confirm_K6_i000306,confirm_K6_i000268,1024,additive,0.5,,excess_ce_H,0.0318422207365005,0.036153918890698,0.0043116981541975
count_predictor,occupancy_K6_p11,occupancy_contrast,6,confirm_K6_i000306,confirm_K6_i000268,1024,interpolated_backoff,0.5,1.0,shape_rmse,0.0211035866068107,0.0284370891339381,0.0073335025271273
count_predictor,occupancy_K6_p11,occupancy_contrast,6,confirm_K6_i000306,confirm_K6_i000268,1024,interpolated_backoff,0.5,1.0,excess_ce_H,0.0288166048322411,0.0334955834017538,0.0046789785695126
count_predictor,occupancy_K6_p11,occupancy_contrast,6,confirm_K6_i000306,confirm_K6_i000268,1024,interpolated_backoff,0.5,5.0,shape_rmse,0.0160790594362708,0.0231962377622764,0.0071171783260055
count_predictor,occupancy_K6_p11,occupancy_contrast,6,confirm_K6_i000306,confirm_K6_i000268,1024,interpolated_backoff,0.5,5.0,excess_ce_H,0.0229452714451083,0.027372616561254,0.0044273451161457
count_predictor,occupancy_K6_p11,occupancy_contrast,6,confirm_K6_i000306,confirm_K6_i000268,1024,interpolated_backoff,0.5,20.0,shape_rmse,0.0097705285250284,0.0151601272442428,0.0053895987192144
count_predictor,occupancy_K6_p11,occupancy_contrast,6,confirm_K6_i000306,confirm_K6_i000268,1024,interpolated_backoff,0.5,20.0,excess_ce_H,0.0154964512276107,0.0179048420468164,0.0024083908192056
count_predictor,occupancy_K6_p11,occupancy_contrast,6,confirm_K6_i000306,confirm_K6_i000268,1024,additive,1.0,,shape_rmse,0.0197477664569969,0.0254867189466077,0.0057389524896108
count_predictor,occupancy_K6_p11,occupancy_contrast,6,confirm_K6_i000306,confirm_K6_i000268,1024,additive,1.0,,excess_ce_H,0.027201374604046,0.0300280794573029,0.0028267048532568
count_predictor,occupancy_K6_p11,occupancy_contrast,6,confirm_K6_i000306,confirm_K6_i000268,1024,interpolated_backoff,1.0,1.0,shape_rmse,0.0177367031987874,0.0239720710006919,0.0062353678019045
count_predictor,occupancy_K6_p11,occupancy_contrast,6,confirm_K6_i000306,confirm_K6_i000268,1024,interpolated_backoff,1.0,1.0,excess_ce_H,0.0248608510386785,0.0282620011567666,0.0034011501180881
count_predictor,occupancy_K6_p11,occupancy_contrast,6,confirm_K6_i000306,confirm_K6_i000268,1024,interpolated_backoff,1.0,5.0,shape_rmse,0.0138492898094159,0.0201552015580131,0.0063059117485971
count_predictor,occupancy_K6_p11,occupancy_contrast,6,confirm_K6_i000306,confirm_K6_i000268,1024,interpolated_backoff,1.0,5.0,excess_ce_H,0.0203125388816065,0.0237953849010967,0.0034828460194901
count_predictor,occupancy_K6_p11,occupancy_contrast,6,confirm_K6_i000306,confirm_K6_i000268,1024,interpolated_backoff,1.0,20.0,shape_rmse,0.0087379509002264,0.0137037347949722,0.0049657838947458
count_predictor,occupancy_K6_p11,occupancy_contrast,6,confirm_K6_i000306,confirm_K6_i000268,1024,interpolated_backoff,1.0,20.0,excess_ce_H,0.0142636351240852,0.0161794685987752,0.0019158334746899
count_predictor,occupancy_K6_p11,occupancy_contrast,6,confirm_K6_i000306,confirm_K6_i000268,2048,additive,0.1,,shape_rmse,0.0234552763425522,0.0203796943003152,-0.0030755820422369
count_predictor,occupancy_K6_p11,occupancy_contrast,6,confirm_K6_i000306,confirm_K6_i000268,2048,additive,0.1,,excess_ce_H,0.0310687670993412,0.022961322724337,-0.0081074443750042
count_predictor,occupancy_K6_p11,occupancy_contrast,6,confirm_K6_i000306,confirm_K6_i000268,2048,interpolated_backoff,0.1,1.0,shape_rmse,0.0199767201110951,0.0184260857623978,-0.0015506343486972
count_predictor,occupancy_K6_p11,occupancy_contrast,6,confirm_K6_i000306,confirm_K6_i000268,2048,interpolated_backoff,0.1,1.0,excess_ce_H,0.0270354941445718,0.0207005397351034,-0.0063349544094684
count_predictor,occupancy_K6_p11,occupancy_contrast,6,confirm_K6_i000306,confirm_K6_i000268,2048,interpolated_backoff,0.1,5.0,shape_rmse,0.0146242256040698,0.015043532540754,0.0004193069366842
count_predictor,occupancy_K6_p11,occupancy_contrast,6,confirm_K6_i000306,confirm_K6_i000268,2048,interpolated_backoff,0.1,5.0,excess_ce_H,0.020813859173995,0.0167788870859222,-0.0040349720880728
count_predictor,occupancy_K6_p11,occupancy_contrast,6,confirm_K6_i000306,confirm_K6_i000268,2048,interpolated_backoff,0.1,20.0,shape_rmse,0.0089250510679906,0.010362638735105,0.0014375876671143
count_predictor,occupancy_K6_p11,occupancy_contrast,6,confirm_K6_i000306,confirm_K6_i000268,2048,interpolated_backoff,0.1,20.0,excess_ce_H,0.0141464603700771,0.0113277573393413,-0.0028187030307358
count_predictor,occupancy_K6_p11,occupancy_contrast,6,confirm_K6_i000306,confirm_K6_i000268,2048,additive,0.5,,shape_rmse,0.0146088536252328,0.0156522398816635,0.0010433862564307
count_predictor,occupancy_K6_p11,occupancy_contrast,6,confirm_K6_i000306,confirm_K6_i000268,2048,additive,0.5,,excess_ce_H,0.0207797549146802,0.0174828605722279,-0.0032968943424523
count_predictor,occupancy_K6_p11,occupancy_contrast,6,confirm_K6_i000306,confirm_K6_i000268,2048,interpolated_backoff,0.5,1.0,shape_rmse,0.0134953002061787,0.0149059816671675,0.0014106814609887
count_predictor,occupancy_K6_p11,occupancy_contrast,6,confirm_K6_i000306,confirm_K6_i000268,2048,interpolated_backoff,0.5,1.0,excess_ce_H,0.0194857168339399,0.016617408401762,-0.0028683084321779
count_predictor,occupancy_K6_p11,occupancy_contrast,6,confirm_K6_i000306,confirm_K6_i000268,2048,interpolated_backoff,0.5,5.0,shape_rmse,0.0110859882390943,0.0129696127462595,0.0018836245071652
count_predictor,occupancy_K6_p11,occupancy_contrast,6,confirm_K6_i000306,confirm_K6_i000268,2048,interpolated_backoff,0.5,5.0,excess_ce_H,0.0166765953746625,0.014368017847361,-0.0023085775273015
count_predictor,occupancy_K6_p11,occupancy_contrast,6,confirm_K6_i000306,confirm_K6_i000268,2048,interpolated_backoff,0.5,20.0,shape_rmse,0.0075071003370253,0.0094391098750568,0.0019320095380315
count_predictor,occupancy_K6_p11,occupancy_contrast,6,confirm_K6_i000306,confirm_K6_i000268,2048,interpolated_backoff,0.5,20.0,excess_ce_H,0.0124735585004416,0.0102496171465495,-0.002223941353892
count_predictor,occupancy_K6_p11,occupancy_contrast,6,confirm_K6_i000306,confirm_K6_i000268,2048,additive,1.0,,shape_rmse,0.0123365416916395,0.0138297585266958,0.0014932168350563
count_predictor,occupancy_K6_p11,occupancy_contrast,6,confirm_K6_i000306,confirm_K6_i000268,2048,additive,1.0,,excess_ce_H,0.0181138529736053,0.0153648237121002,-0.0027490292615051
count_predictor,occupancy_K6_p11,occupancy_contrast,6,confirm_K6_i000306,confirm_K6_i000268,2048,interpolated_backoff,1.0,1.0,shape_rmse,0.0114823967866871,0.0133009348526252,0.0018185380659381
count_predictor,occupancy_K6_p11,occupancy_contrast,6,confirm_K6_i000306,confirm_K6_i000268,2048,interpolated_backoff,1.0,1.0,excess_ce_H,0.0171209388902493,0.0147508859492175,-0.0023700529410318
count_predictor,occupancy_K6_p11,occupancy_contrast,6,confirm_K6_i000306,confirm_K6_i000268,2048,interpolated_backoff,1.0,5.0,shape_rmse,0.0096552582834262,0.0118069985096955,0.0021517402262692
count_predictor,occupancy_K6_p11,occupancy_contrast,6,confirm_K6_i000306,confirm_K6_i000268,2048,interpolated_backoff,1.0,5.0,excess_ce_H,0.0149888028941833,0.0130137117879125,-0.0019750911062707
count_predictor,occupancy_K6_p11,occupancy_contrast,6,confirm_K6_i000306,confirm_K6_i000268,2048,interpolated_backoff,1.0,20.0,shape_rmse,0.0067686068757724,0.0088284554826702,0.0020598486068978
count_predictor,occupancy_K6_p11,occupancy_contrast,6,confirm_K6_i000306,confirm_K6_i000268,2048,interpolated_backoff,1.0,20.0,excess_ce_H,0.0115939725038805,0.0095358947744441,-0.0020580777294364
count_predictor,occupancy_K6_p12,occupancy_contrast,6,confirm_K6_i000775,confirm_K6_i000161,64,additive,0.1,,shape_rmse,0.2347362790173588,0.4839495629674093,0.2492132839500505
count_predictor,occupancy_K6_p12,occupancy_contrast,6,confirm_K6_i000775,confirm_K6_i000161,64,additive,0.1,,excess_ce_H,0.3212135828232112,0.605473669865122,0.2842600870419107
count_predictor,occupancy_K6_p12,occupancy_contrast,6,confirm_K6_i000775,confirm_K6_i000161,64,interpolated_backoff,0.1,1.0,shape_rmse,0.1569196720182285,0.301286971079662,0.1443672990614335
count_predictor,occupancy_K6_p12,occupancy_contrast,6,confirm_K6_i000775,confirm_K6_i000161,64,interpolated_backoff,0.1,1.0,excess_ce_H,0.223537787453651,0.3872778497913876,0.1637400623377365
count_predictor,occupancy_K6_p12,occupancy_contrast,6,confirm_K6_i000775,confirm_K6_i000161,64,interpolated_backoff,0.1,5.0,shape_rmse,0.0858031344566562,0.1350108776746762,0.04920774321802
count_predictor,occupancy_K6_p12,occupancy_contrast,6,confirm_K6_i000775,confirm_K6_i000161,64,interpolated_backoff,0.1,5.0,excess_ce_H,0.131849452574196,0.1841737508423433,0.0523242982681473
count_predictor,occupancy_K6_p12,occupancy_contrast,6,confirm_K6_i000775,confirm_K6_i000161,64,interpolated_backoff,0.1,20.0,shape_rmse,0.0354549021619588,0.0470697930914468,0.011614890929488
count_predictor,occupancy_K6_p12,occupancy_contrast,6,confirm_K6_i000775,confirm_K6_i000161,64,interpolated_backoff,0.1,20.0,excess_ce_H,0.0651568678046545,0.0711582728248885,0.0060014050202339
count_predictor,occupancy_K6_p12,occupancy_contrast,6,confirm_K6_i000775,confirm_K6_i000161,64,additive,0.5,,shape_rmse,0.1079867664742397,0.1551366500066719,0.0471498835324322
count_predictor,occupancy_K6_p12,occupancy_contrast,6,confirm_K6_i000775,confirm_K6_i000161,64,additive,0.5,,excess_ce_H,0.1584584188364008,0.2094695854717199,0.0510111666353191
count_predictor,occupancy_K6_p12,occupancy_contrast,6,confirm_K6_i000775,confirm_K6_i000161,64,interpolated_backoff,0.5,1.0,shape_rmse,0.0767433680630025,0.118439697021878,0.0416963289588755
count_predictor,occupancy_K6_p12,occupancy_contrast,6,confirm_K6_i000775,confirm_K6_i000161,64,interpolated_backoff,0.5,1.0,excess_ce_H,0.1196625703602478,0.164377557000602,0.0447149866403542
count_predictor,occupancy_K6_p12,occupancy_contrast,6,confirm_K6_i000775,confirm_K6_i000161,64,interpolated_backoff,0.5,5.0,shape_rmse,0.0473797155950249,0.0675639725254986,0.0201842569304737
count_predictor,occupancy_K6_p12,occupancy_contrast,6,confirm_K6_i000775,confirm_K6_i000161,64,interpolated_backoff,0.5,5.0,excess_ce_H,0.0816027679430428,0.0996658026708998,0.018063034727857
count_predictor,occupancy_K6_p12,occupancy_contrast,6,confirm_K6_i000775,confirm_K6_i000161,64,interpolated_backoff,0.5,20.0,shape_rmse,0.0229961701504937,0.0302825676940356,0.0072863975435418
count_predictor,occupancy_K6_p12,occupancy_contrast,6,confirm_K6_i000775,confirm_K6_i000161,64,interpolated_backoff,0.5,20.0,excess_ce_H,0.0485012932814976,0.049122804777709,0.0006215114962114
count_predictor,occupancy_K6_p12,occupancy_contrast,6,confirm_K6_i000775,confirm_K6_i000161,64,additive,1.0,,shape_rmse,0.0900610078887226,0.0858439248150472,-0.0042170830736753
count_predictor,occupancy_K6_p12,occupancy_contrast,6,confirm_K6_i000775,confirm_K6_i000161,64,additive,1.0,,excess_ce_H,0.1339419060889424,0.122755392262905,-0.0111865138260374
count_predictor,occupancy_K6_p12,occupancy_contrast,6,confirm_K6_i000775,confirm_K6_i000161,64,interpolated_backoff,1.0,1.0,shape_rmse,0.0635458453278678,0.0691268625094162,0.0055810171815483
count_predictor,occupancy_K6_p12,occupancy_contrast,6,confirm_K6_i000775,confirm_K6_i000161,64,interpolated_backoff,1.0,1.0,excess_ce_H,0.1012732975580941,0.1016547800228506,0.0003814824647564
count_predictor,occupancy_K6_p12,occupancy_contrast,6,confirm_K6_i000775,confirm_K6_i000161,64,interpolated_backoff,1.0,5.0,shape_rmse,0.0391824475891664,0.0440585534433382,0.0048761058541718
count_predictor,occupancy_K6_p12,occupancy_contrast,6,confirm_K6_i000775,confirm_K6_i000161,64,interpolated_backoff,1.0,5.0,excess_ce_H,0.0699945358496798,0.0686524082295299,-0.0013421276201499
count_predictor,occupancy_K6_p12,occupancy_contrast,6,confirm_K6_i000775,confirm_K6_i000161,64,interpolated_backoff,1.0,20.0,shape_rmse,0.0190517253257723,0.0226629255492526,0.0036112002234802
count_predictor,occupancy_K6_p12,occupancy_contrast,6,confirm_K6_i000775,confirm_K6_i000161,64,interpolated_backoff,1.0,20.0,excess_ce_H,0.0428206470908736,0.0385981638532788,-0.0042224832375947
count_predictor,occupancy_K6_p12,occupancy_contrast,6,confirm_K6_i000775,confirm_K6_i000161,128,additive,0.1,,shape_rmse,0.1891289092319331,0.363516144041333,0.1743872348093998
count_predictor,occupancy_K6_p12,occupancy_contrast,6,confirm_K6_i000775,confirm_K6_i000161,128,additive,0.1,,excess_ce_H,0.2523570544531663,0.4424558595381906,0.1900988050850243
count_predictor,occupancy_K6_p12,occupancy_contrast,6,confirm_K6_i000775,confirm_K6_i000161,128,interpolated_backoff,0.1,1.0,shape_rmse,0.1320526134412568,0.2471863530159568,0.1151337395747
count_predictor,occupancy_K6_p12,occupancy_contrast,6,confirm_K6_i000775,confirm_K6_i000161,128,interpolated_backoff,0.1,1.0,excess_ce_H,0.1829280109499498,0.3060936497249988,0.123165638775049
count_predictor,occupancy_K6_p12,occupancy_contrast,6,confirm_K6_i000775,confirm_K6_i000161,128,interpolated_backoff,0.1,5.0,shape_rmse,0.0764981804875656,0.1240416945462128,0.0475435140586472
count_predictor,occupancy_K6_p12,occupancy_contrast,6,confirm_K6_i000775,confirm_K6_i000161,128,interpolated_backoff,0.1,5.0,excess_ce_H,0.1137763306194477,0.1601968527282125,0.0464205221087647
count_predictor,occupancy_K6_p12,occupancy_contrast,6,confirm_K6_i000775,confirm_K6_i000161,128,interpolated_backoff,0.1,20.0,shape_rmse,0.0341318544646361,0.0459758711572585,0.0118440166926224
count_predictor,occupancy_K6_p12,occupancy_contrast,6,confirm_K6_i000775,confirm_K6_i000161,128,interpolated_backoff,0.1,20.0,excess_ce_H,0.059841588558342,0.0648960202068105,0.0050544316484684
count_predictor,occupancy_K6_p12,occupancy_contrast,6,confirm_K6_i000775,confirm_K6_i000161,128,additive,0.5,,shape_rmse,0.0897331531888823,0.1444271724410467,0.0546940192521644
count_predictor,occupancy_K6_p12,occupancy_contrast,6,confirm_K6_i000775,confirm_K6_i000161,128,additive,0.5,,excess_ce_H,0.1293829488805931,0.1846021593860234,0.0552192105054303
count_predictor,occupancy_K6_p12,occupancy_contrast,6,confirm_K6_i000775,confirm_K6_i000161,128,interpolated_backoff,0.5,1.0,shape_rmse,0.0687521029421952,0.1172181088248645,0.0484660058826692
count_predictor,occupancy_K6_p12,occupancy_contrast,6,confirm_K6_i000775,confirm_K6_i000161,128,interpolated_backoff,0.5,1.0,excess_ce_H,0.1039339595012065,0.1522860171310927,0.0483520576298861
count_predictor,occupancy_K6_p12,occupancy_contrast,6,confirm_K6_i000775,confirm_K6_i000161,128,interpolated_backoff,0.5,5.0,shape_rmse,0.0459441029830111,0.0716887736639847,0.0257446706809736
count_predictor,occupancy_K6_p12,occupancy_contrast,6,confirm_K6_i000775,confirm_K6_i000161,128,interpolated_backoff,0.5,5.0,excess_ce_H,0.0752895081885092,0.0973489976110193,0.02205948942251
count_predictor,occupancy_K6_p12,occupancy_contrast,6,confirm_K6_i000775,confirm_K6_i000161,128,interpolated_backoff,0.5,20.0,shape_rmse,0.024071448039821,0.0318717977015149,0.0078003496616939
count_predictor,occupancy_K6_p12,occupancy_contrast,6,confirm_K6_i000775,confirm_K6_i000161,128,interpolated_backoff,0.5,20.0,excess_ce_H,0.0469185081872907,0.0473742236425258,0.0004557154552351
count_predictor,occupancy_K6_p12,occupancy_contrast,6,confirm_K6_i000775,confirm_K6_i000161,128,additive,1.0,,shape_rmse,0.0730269226469393,0.0875249797455736,0.0144980570986343
count_predictor,occupancy_K6_p12,occupancy_contrast,6,confirm_K6_i000775,confirm_K6_i000161,128,additive,1.0,,excess_ce_H,0.1078393347880872,0.1163514028378229,0.0085120680497357
count_predictor,occupancy_K6_p12,occupancy_contrast,6,confirm_K6_i000775,confirm_K6_i000161,128,interpolated_backoff,1.0,1.0,shape_rmse,0.0558890439308695,0.0740839632465927,0.0181949193157231
count_predictor,occupancy_K6_p12,occupancy_contrast,6,confirm_K6_i000775,confirm_K6_i000161,128,interpolated_backoff,1.0,1.0,excess_ce_H,0.087138490416176,0.1001840919189231,0.013045601502747
count_predictor,occupancy_K6_p12,occupancy_contrast,6,confirm_K6_i000775,confirm_K6_i000161,128,interpolated_backoff,1.0,5.0,shape_rmse,0.0376653159538886,0.0490317033509139,0.0113663873970253
count_predictor,occupancy_K6_p12,occupancy_contrast,6,confirm_K6_i000775,confirm_K6_i000161,128,interpolated_backoff,1.0,5.0,excess_ce_H,0.0643497772397578,0.0694429917852539,0.0050932145454961
count_predictor,occupancy_K6_p12,occupancy_contrast,6,confirm_K6_i000775,confirm_K6_i000161,128,interpolated_backoff,1.0,20.0,shape_rmse,0.020161206134689,0.024246656012144,0.0040854498774549
count_predictor,occupancy_K6_p12,occupancy_contrast,6,confirm_K6_i000775,confirm_K6_i000161,128,interpolated_backoff,1.0,20.0,excess_ce_H,0.0416564946858839,0.0375863928637989,-0.004070101822085
count_predictor,occupancy_K6_p12,occupancy_contrast,6,confirm_K6_i000775,confirm_K6_i000161,256,additive,0.1,,shape_rmse,0.1322512021472794,0.2142361653055636,0.0819849631582842
count_predictor,occupancy_K6_p12,occupancy_contrast,6,confirm_K6_i000775,confirm_K6_i000161,256,additive,0.1,,excess_ce_H,0.1763967477624035,0.2585947348571751,0.0821979870947716
count_predictor,occupancy_K6_p12,occupancy_contrast,6,confirm_K6_i000775,confirm_K6_i000161,256,interpolated_backoff,0.1,1.0,shape_rmse,0.0954964715213392,0.1615321892998514,0.0660357177785121
count_predictor,occupancy_K6_p12,occupancy_contrast,6,confirm_K6_i000775,confirm_K6_i000161,256,interpolated_backoff,0.1,1.0,excess_ce_H,0.1327544008793348,0.1972580402795216,0.0645036394001868
count_predictor,occupancy_K6_p12,occupancy_contrast,6,confirm_K6_i000775,confirm_K6_i000161,256,interpolated_backoff,0.1,5.0,shape_rmse,0.0579898380278236,0.0956365752340671,0.0376467372062435
count_predictor,occupancy_K6_p12,occupancy_contrast,6,confirm_K6_i000775,confirm_K6_i000161,256,interpolated_backoff,0.1,5.0,excess_ce_H,0.0873709243717453,0.1201165086490716,0.0327455842773262
count_predictor,occupancy_K6_p12,occupancy_contrast,6,confirm_K6_i000775,confirm_K6_i000161,256,interpolated_backoff,0.1,20.0,shape_rmse,0.0280536524053978,0.0419571843852372,0.0139035319798393
count_predictor,occupancy_K6_p12,occupancy_contrast,6,confirm_K6_i000775,confirm_K6_i000161,256,interpolated_backoff,0.1,20.0,excess_ce_H,0.0503152389185543,0.0562182095295411,0.0059029706109867
count_predictor,occupancy_K6_p12,occupancy_contrast,6,confirm_K6_i000775,confirm_K6_i000161,256,additive,0.5,,shape_rmse,0.0650994996782923,0.1066698197528274,0.041570320074535
count_predictor,occupancy_K6_p12,occupancy_contrast,6,confirm_K6_i000775,confirm_K6_i000161,256,additive,0.5,,excess_ce_H,0.0955937735809491,0.1331060382503173,0.0375122646693682
count_predictor,occupancy_K6_p12,occupancy_contrast,6,confirm_K6_i000775,confirm_K6_i000161,256,interpolated_backoff,0.5,1.0,shape_rmse,0.0525724772339061,0.0924416973657539,0.0398692201318478
count_predictor,occupancy_K6_p12,occupancy_contrast,6,confirm_K6_i000775,confirm_K6_i000161,256,interpolated_backoff,0.5,1.0,excess_ce_H,0.0806739434745036,0.1164247450424622,0.0357508015679585
count_predictor,occupancy_K6_p12,occupancy_contrast,6,confirm_K6_i000775,confirm_K6_i000161,256,interpolated_backoff,0.5,5.0,shape_rmse,0.0371297771549738,0.0641163155246164,0.0269865383696426
count_predictor,occupancy_K6_p12,occupancy_contrast,6,confirm_K6_i000775,confirm_K6_i000161,256,interpolated_backoff,0.5,5.0,excess_ce_H,0.0617956946719042,0.0829619330966995,0.0211662384247953
count_predictor,occupancy_K6_p12,occupancy_contrast,6,confirm_K6_i000775,confirm_K6_i000161,256,interpolated_backoff,0.5,20.0,shape_rmse,0.0210748682310177,0.0320133100545433,0.0109384418235255
count_predictor,occupancy_K6_p12,occupancy_contrast,6,confirm_K6_i000775,confirm_K6_i000161,256,interpolated_backoff,0.5,20.0,excess_ce_H,0.0415760677076857,0.0442711628353951,0.0026950951277094
count_predictor,occupancy_K6_p12,occupancy_contrast,6,confirm_K6_i000775,confirm_K6_i000161,256,additive,1.0,,shape_rmse,0.0525603555113492,0.0726303706568293,0.02007001514548
count_predictor,occupancy_K6_p12,occupancy_contrast,6,confirm_K6_i000775,confirm_K6_i000161,256,additive,1.0,,excess_ce_H,0.0800246460803808,0.0929830215786777,0.0129583754982968
count_predictor,occupancy_K6_p12,occupancy_contrast,6,confirm_K6_i000775,confirm_K6_i000161,256,interpolated_backoff,1.0,1.0,shape_rmse,0.0427815042825738,0.0649178297360256,0.0221363254534517
count_predictor,occupancy_K6_p12,occupancy_contrast,6,confirm_K6_i000775,confirm_K6_i000161,256,interpolated_backoff,1.0,1.0,excess_ce_H,0.0683854262691952,0.083880994134494,0.0154955678652988
count_predictor,occupancy_K6_p12,occupancy_contrast,6,confirm_K6_i000775,confirm_K6_i000161,256,interpolated_backoff,1.0,5.0,shape_rmse,0.030697528480377,0.0477113794115703,0.0170138509311932
count_predictor,occupancy_K6_p12,occupancy_contrast,6,confirm_K6_i000775,confirm_K6_i000161,256,interpolated_backoff,1.0,5.0,excess_ce_H,0.0536205502310389,0.0633903487703144,0.0097697985392754
count_predictor,occupancy_K6_p12,occupancy_contrast,6,confirm_K6_i000775,confirm_K6_i000161,256,interpolated_backoff,1.0,20.0,shape_rmse,0.0179822408302684,0.0255943750978055,0.0076121342675371
count_predictor,occupancy_K6_p12,occupancy_contrast,6,confirm_K6_i000775,confirm_K6_i000161,256,interpolated_backoff,1.0,20.0,excess_ce_H,0.037564239331713,0.0364386141563284,-0.0011256251753845
count_predictor,occupancy_K6_p12,occupancy_contrast,6,confirm_K6_i000775,confirm_K6_i000161,512,additive,0.1,,shape_rmse,0.0769023251388965,0.1115763641194276,0.0346740389805311
count_predictor,occupancy_K6_p12,occupancy_contrast,6,confirm_K6_i000775,confirm_K6_i000161,512,additive,0.1,,excess_ce_H,0.1070911455932963,0.134721914327617,0.0276307687343206
count_predictor,occupancy_K6_p12,occupancy_contrast,6,confirm_K6_i000775,confirm_K6_i000161,512,interpolated_backoff,0.1,1.0,shape_rmse,0.0595837693661276,0.0920226851844783,0.0324389158183507
count_predictor,occupancy_K6_p12,occupancy_contrast,6,confirm_K6_i000775,confirm_K6_i000161,512,interpolated_backoff,0.1,1.0,excess_ce_H,0.0866866587141717,0.1120298983052512,0.0253432395910795
count_predictor,occupancy_K6_p12,occupancy_contrast,6,confirm_K6_i000775,confirm_K6_i000161,512,interpolated_backoff,0.1,5.0,shape_rmse,0.0385606986161384,0.0631514443630208,0.0245907457468823
count_predictor,occupancy_K6_p12,occupancy_contrast,6,confirm_K6_i000775,confirm_K6_i000161,512,interpolated_backoff,0.1,5.0,excess_ce_H,0.0615789065933582,0.0784211050334446,0.0168421984400864
count_predictor,occupancy_K6_p12,occupancy_contrast,6,confirm_K6_i000775,confirm_K6_i000161,512,interpolated_backoff,0.1,20.0,shape_rmse,0.0204533645838383,0.0333440711615104,0.0128907065776721
count_predictor,occupancy_K6_p12,occupancy_contrast,6,confirm_K6_i000775,confirm_K6_i000161,512,interpolated_backoff,0.1,20.0,excess_ce_H,0.0394750665833667,0.0433991689970407,0.003924102413674
count_predictor,occupancy_K6_p12,occupancy_contrast,6,confirm_K6_i000775,confirm_K6_i000161,512,additive,0.5,,shape_rmse,0.0404221873453762,0.0679777617066881,0.0275555743613118
count_predictor,occupancy_K6_p12,occupancy_contrast,6,confirm_K6_i000775,confirm_K6_i000161,512,additive,0.5,,excess_ce_H,0.0636157199718652,0.0840561468633649,0.0204404268914997
count_predictor,occupancy_K6_p12,occupancy_contrast,6,confirm_K6_i000775,confirm_K6_i000161,512,interpolated_backoff,0.5,1.0,shape_rmse,0.0349566275837379,0.0618363235048311,0.0268796959210931
count_predictor,occupancy_K6_p12,occupancy_contrast,6,confirm_K6_i000775,confirm_K6_i000161,512,interpolated_backoff,0.5,1.0,excess_ce_H,0.0571394970014518,0.0768995390370723,0.0197600420356205
count_predictor,occupancy_K6_p12,occupancy_contrast,6,confirm_K6_i000775,confirm_K6_i000161,512,interpolated_backoff,0.5,5.0,shape_rmse,0.0262194282077211,0.0475624876969395,0.0213430594892184
count_predictor,occupancy_K6_p12,occupancy_contrast,6,confirm_K6_i000775,confirm_K6_i000161,512,interpolated_backoff,0.5,5.0,excess_ce_H,0.0466090308125317,0.0602052298519444,0.0135961990394127
count_predictor,occupancy_K6_p12,occupancy_contrast,6,confirm_K6_i000775,confirm_K6_i000161,512,interpolated_backoff,0.5,20.0,shape_rmse,0.0161095651699745,0.0275035706377831,0.0113940054678086
count_predictor,occupancy_K6_p12,occupancy_contrast,6,confirm_K6_i000775,confirm_K6_i000161,512,interpolated_backoff,0.5,20.0,excess_ce_H,0.0340949513080859,0.0364994783590955,0.0024045270510095
count_predictor,occupancy_K6_p12,occupancy_contrast,6,confirm_K6_i000775,confirm_K6_i000161,512,additive,1.0,,shape_rmse,0.0329997272090932,0.0512161605996097,0.0182164333905164
count_predictor,occupancy_K6_p12,occupancy_contrast,6,confirm_K6_i000775,confirm_K6_i000161,512,additive,1.0,,excess_ce_H,0.0545062800646405,0.0644636471593473,0.0099573670947068
count_predictor,occupancy_K6_p12,occupancy_contrast,6,confirm_K6_i000775,confirm_K6_i000161,512,interpolated_backoff,1.0,1.0,shape_rmse,0.028774502896423,0.0475677976074124,0.0187932947109894
count_predictor,occupancy_K6_p12,occupancy_contrast,6,confirm_K6_i000775,confirm_K6_i000161,512,interpolated_backoff,1.0,1.0,excess_ce_H,0.0495001487617137,0.0601971855887839,0.0106970368270701
count_predictor,occupancy_K6_p12,occupancy_contrast,6,confirm_K6_i000775,confirm_K6_i000161,512,interpolated_backoff,1.0,5.0,shape_rmse,0.0220508342589329,0.0381134098080317,0.0160625755490987
count_predictor,occupancy_K6_p12,occupancy_contrast,6,confirm_K6_i000775,confirm_K6_i000161,512,interpolated_backoff,1.0,5.0,excess_ce_H,0.0413933406212705,0.0490951150573772,0.0077017744361067
count_predictor,occupancy_K6_p12,occupancy_contrast,6,confirm_K6_i000775,confirm_K6_i000161,512,interpolated_backoff,1.0,20.0,shape_rmse,0.0140415013578749,0.0231811623357097,0.0091396609778348
count_predictor,occupancy_K6_p12,occupancy_contrast,6,confirm_K6_i000775,confirm_K6_i000161,512,interpolated_backoff,1.0,20.0,excess_ce_H,0.031453414122315,0.0313546824368473,-9.873168546769424e-05
count_predictor,occupancy_K6_p12,occupancy_contrast,6,confirm_K6_i000775,confirm_K6_i000161,1024,additive,0.1,,shape_rmse,0.044032816507599,0.0516324248960657,0.0075996083884666
count_predictor,occupancy_K6_p12,occupancy_contrast,6,confirm_K6_i000775,confirm_K6_i000161,1024,additive,0.1,,excess_ce_H,0.0654693523075262,0.0631555175282656,-0.0023138347792605
count_predictor,occupancy_K6_p12,occupancy_contrast,6,confirm_K6_i000775,confirm_K6_i000161,1024,interpolated_backoff,0.1,1.0,shape_rmse,0.0353521507872063,0.0465165364753338,0.0111643856881274
count_predictor,occupancy_K6_p12,occupancy_contrast,6,confirm_K6_i000775,confirm_K6_i000161,1024,interpolated_backoff,0.1,1.0,excess_ce_H,0.0553824863987253,0.0572308189077936,0.0018483325090683
count_predictor,occupancy_K6_p12,occupancy_contrast,6,confirm_K6_i000775,confirm_K6_i000161,1024,interpolated_backoff,0.1,5.0,shape_rmse,0.023942960667571,0.0371469258266691,0.013203965159098
count_predictor,occupancy_K6_p12,occupancy_contrast,6,confirm_K6_i000775,confirm_K6_i000161,1024,interpolated_backoff,0.1,5.0,excess_ce_H,0.04203333182011,0.0463549156755811,0.0043215838554711
count_predictor,occupancy_K6_p12,occupancy_contrast,6,confirm_K6_i000775,confirm_K6_i000161,1024,interpolated_backoff,0.1,20.0,shape_rmse,0.0135770285287052,0.02422965244444,0.0106526239157347
count_predictor,occupancy_K6_p12,occupancy_contrast,6,confirm_K6_i000775,confirm_K6_i000161,1024,interpolated_backoff,0.1,20.0,excess_ce_H,0.0296822787306132,0.0312729228045491,0.0015906440739359
count_predictor,occupancy_K6_p12,occupancy_contrast,6,confirm_K6_i000775,confirm_K6_i000161,1024,additive,0.5,,shape_rmse,0.0249366802394806,0.0385321068590086,0.0135954266195279
count_predictor,occupancy_K6_p12,occupancy_contrast,6,confirm_K6_i000775,confirm_K6_i000161,1024,additive,0.5,,excess_ce_H,0.0431625691944483,0.0479646172300101,0.0048020480355618
count_predictor,occupancy_K6_p12,occupancy_contrast,6,confirm_K6_i000775,confirm_K6_i000161,1024,interpolated_backoff,0.5,1.0,shape_rmse,0.0222908307352891,0.0366038569080677,0.0143130261727786
count_predictor,occupancy_K6_p12,occupancy_contrast,6,confirm_K6_i000775,confirm_K6_i000161,1024,interpolated_backoff,0.5,1.0,excess_ce_H,0.0400629017294416,0.0457240322207033,0.0056611304912616
count_predictor,occupancy_K6_p12,occupancy_contrast,6,confirm_K6_i000775,confirm_K6_i000161,1024,interpolated_backoff,0.5,5.0,shape_rmse,0.0174543709261803,0.0312577062109942,0.0138033352848138
count_predictor,occupancy_K6_p12,occupancy_contrast,6,confirm_K6_i000775,confirm_K6_i000161,1024,interpolated_backoff,0.5,5.0,excess_ce_H,0.0343447493187367,0.0394994848643768,0.0051547355456401
count_predictor,occupancy_K6_p12,occupancy_contrast,6,confirm_K6_i000775,confirm_K6_i000161,1024,interpolated_backoff,0.5,20.0,shape_rmse,0.0112883135440734,0.0215238310978035,0.0102355175537301
count_predictor,occupancy_K6_p12,occupancy_contrast,6,confirm_K6_i000775,confirm_K6_i000161,1024,interpolated_backoff,0.5,20.0,excess_ce_H,0.0269083383085881,0.0281017578038316,0.0011934194952435
count_predictor,occupancy_K6_p12,occupancy_contrast,6,confirm_K6_i000775,confirm_K6_i000161,1024,additive,1.0,,shape_rmse,0.0204973297282258,0.0322497180840079,0.0117523883557821
count_predictor,occupancy_K6_p12,occupancy_contrast,6,confirm_K6_i000775,confirm_K6_i000161,1024,additive,1.0,,excess_ce_H,0.037873585977894,0.0406496786957544,0.0027760927178603
count_predictor,occupancy_K6_p12,occupancy_contrast,6,confirm_K6_i000775,confirm_K6_i000161,1024,interpolated_backoff,1.0,1.0,shape_rmse,0.0185755488696597,0.0309683779717969,0.0123928291021372
count_predictor,occupancy_K6_p12,occupancy_contrast,6,confirm_K6_i000775,confirm_K6_i000161,1024,interpolated_backoff,1.0,1.0,excess_ce_H,0.035615551500074,0.0391571644490622,0.0035416129489882
count_predictor,occupancy_K6_p12,occupancy_contrast,6,confirm_K6_i000775,confirm_K6_i000161,1024,interpolated_backoff,1.0,5.0,shape_rmse,0.014977090196871,0.02707882645603,0.0121017362591589
count_predictor,occupancy_K6_p12,occupancy_contrast,6,confirm_K6_i000775,confirm_K6_i000161,1024,interpolated_backoff,1.0,5.0,excess_ce_H,0.0313445614213234,0.0346176563027804,0.003273094881457
count_predictor,occupancy_K6_p12,occupancy_contrast,6,confirm_K6_i000775,confirm_K6_i000161,1024,interpolated_backoff,1.0,20.0,shape_rmse,0.0101022378017069,0.019240670723938,0.0091384329222311
count_predictor,occupancy_K6_p12,occupancy_contrast,6,confirm_K6_i000775,confirm_K6_i000161,1024,interpolated_backoff,1.0,20.0,excess_ce_H,0.0254365883459175,0.0254161138355915,-2.04745103259997e-05
count_predictor,occupancy_K6_p12,occupancy_contrast,6,confirm_K6_i000775,confirm_K6_i000161,2048,additive,0.1,,shape_rmse,0.022035111151591,0.0222183670052508,0.0001832558536597
count_predictor,occupancy_K6_p12,occupancy_contrast,6,confirm_K6_i000775,confirm_K6_i000161,2048,additive,0.1,,excess_ce_H,0.0385812900571407,0.0282299754332138,-0.0103513146239269
count_predictor,occupancy_K6_p12,occupancy_contrast,6,confirm_K6_i000775,confirm_K6_i000161,2048,interpolated_backoff,0.1,1.0,shape_rmse,0.0187784477693303,0.0211858479690766,0.0024074001997463
count_predictor,occupancy_K6_p12,occupancy_contrast,6,confirm_K6_i000775,confirm_K6_i000161,2048,interpolated_backoff,0.1,1.0,excess_ce_H,0.034806689954727,0.0270334590911973,-0.0077732308635297
count_predictor,occupancy_K6_p12,occupancy_contrast,6,confirm_K6_i000775,confirm_K6_i000161,2048,interpolated_backoff,0.1,5.0,shape_rmse,0.0138707917244472,0.0188481833425954,0.0049773916181482
count_predictor,occupancy_K6_p12,occupancy_contrast,6,confirm_K6_i000775,confirm_K6_i000161,2048,interpolated_backoff,0.1,5.0,excess_ce_H,0.0290982429070725,0.0243196817183504,-0.0047785611887221
count_predictor,occupancy_K6_p12,occupancy_contrast,6,confirm_K6_i000775,confirm_K6_i000161,2048,interpolated_backoff,0.1,20.0,shape_rmse,0.0087742927202506,0.0144640124385508,0.0056897197183002
count_predictor,occupancy_K6_p12,occupancy_contrast,6,confirm_K6_i000775,confirm_K6_i000161,2048,interpolated_backoff,0.1,20.0,excess_ce_H,0.0231067285214108,0.0192113178363113,-0.0038954106850995
count_predictor,occupancy_K6_p12,occupancy_contrast,6,confirm_K6_i000775,confirm_K6_i000161,2048,additive,0.5,,shape_rmse,0.0141617715939544,0.0191723272453333,0.0050105556513789
count_predictor,occupancy_K6_p12,occupancy_contrast,6,confirm_K6_i000775,confirm_K6_i000161,2048,additive,0.5,,excess_ce_H,0.0294224529625537,0.0246952786202965,-0.0047271743422572
count_predictor,occupancy_K6_p12,occupancy_contrast,6,confirm_K6_i000775,confirm_K6_i000161,2048,interpolated_backoff,0.5,1.0,shape_rmse,0.0131386486705865,0.0186536103526698,0.0055149616820833
count_predictor,occupancy_K6_p12,occupancy_contrast,6,confirm_K6_i000775,confirm_K6_i000161,2048,interpolated_backoff,0.5,1.0,excess_ce_H,0.0282305004911949,0.0240927358037126,-0.0041377646874822
count_predictor,occupancy_K6_p12,occupancy_contrast,6,confirm_K6_i000775,confirm_K6_i000161,2048,interpolated_backoff,0.5,5.0,shape_rmse,0.010894869791366,0.0170473389930006,0.0061524692016346
count_predictor,occupancy_K6_p12,occupancy_contrast,6,confirm_K6_i000775,confirm_K6_i000161,2048,interpolated_backoff,0.5,5.0,excess_ce_H,0.0256050116999202,0.0222245191639793,-0.0033804925359408
count_predictor,occupancy_K6_p12,occupancy_contrast,6,confirm_K6_i000775,confirm_K6_i000161,2048,interpolated_backoff,0.5,20.0,shape_rmse,0.0076133638650769,0.0134226290136436,0.0058092651485667
count_predictor,occupancy_K6_p12,occupancy_contrast,6,confirm_K6_i000775,confirm_K6_i000161,2048,interpolated_backoff,0.5,20.0,excess_ce_H,0.0217210708954742,0.017994565402204,-0.0037265054932702
count_predictor,occupancy_K6_p12,occupancy_contrast,6,confirm_K6_i000775,confirm_K6_i000161,2048,additive,1.0,,shape_rmse,0.0120164030330846,0.0172442629538902,0.0052278599208056
count_predictor,occupancy_K6_p12,occupancy_contrast,6,confirm_K6_i000775,confirm_K6_i000161,2048,additive,1.0,,excess_ce_H,0.0268933155545365,0.0224512754918064,-0.0044420400627301
count_predictor,occupancy_K6_p12,occupancy_contrast,6,confirm_K6_i000775,confirm_K6_i000161,2048,interpolated_backoff,1.0,1.0,shape_rmse,0.0112875867315454,0.0168532232621912,0.0055656365306458
count_predictor,occupancy_K6_p12,occupancy_contrast,6,confirm_K6_i000775,confirm_K6_i000161,2048,interpolated_backoff,1.0,1.0,excess_ce_H,0.0260422341301336,0.0219963523553397,-0.0040458817747939
count_predictor,occupancy_K6_p12,occupancy_contrast,6,confirm_K6_i000775,confirm_K6_i000161,2048,interpolated_backoff,1.0,5.0,shape_rmse,0.0096054727654616,0.0155653345605798,0.0059598617951181
count_predictor,occupancy_K6_p12,occupancy_contrast,6,confirm_K6_i000775,confirm_K6_i000161,2048,interpolated_backoff,1.0,5.0,excess_ce_H,0.0240684473138905,0.0204962992287423,-0.0035721480851482
count_predictor,occupancy_K6_p12,occupancy_contrast,6,confirm_K6_i000775,confirm_K6_i000161,2048,interpolated_backoff,1.0,20.0,shape_rmse,0.0069588640427914,0.0124571609618666,0.0054982969190752
count_predictor,occupancy_K6_p12,occupancy_contrast,6,confirm_K6_i000775,confirm_K6_i000161,2048,interpolated_backoff,1.0,20.0,excess_ce_H,0.0209253782475522,0.0168640259932986,-0.0040613522542535
count_predictor,gain_K3_p13,gain_contrast,3,confirm_K3_i000696,confirm_K3_i001038,64,additive,0.1,,shape_rmse,0.1261379873660517,0.1377878377668902,0.0116498504008384
count_predictor,gain_K3_p13,gain_contrast,3,confirm_K3_i000696,confirm_K3_i001038,64,additive,0.1,,excess_ce_H,0.1594880469438608,0.173358647911987,0.0138706009681262
count_predictor,gain_K3_p13,gain_contrast,3,confirm_K3_i000696,confirm_K3_i001038,64,interpolated_backoff,0.1,1.0,shape_rmse,0.0860917928995959,0.0908206814895099,0.004728888589914
count_predictor,gain_K3_p13,gain_contrast,3,confirm_K3_i000696,confirm_K3_i001038,64,interpolated_backoff,0.1,1.0,excess_ce_H,0.1100833149139097,0.1158488053266648,0.0057654904127551
count_predictor,gain_K3_p13,gain_contrast,3,confirm_K3_i000696,confirm_K3_i001038,64,interpolated_backoff,0.1,5.0,shape_rmse,0.0511277790497844,0.0544307097411671,0.0033029306913827
count_predictor,gain_K3_p13,gain_contrast,3,confirm_K3_i000696,confirm_K3_i001038,64,interpolated_backoff,0.1,5.0,excess_ce_H,0.0662929645398164,0.0702522018628442,0.0039592373230278
count_predictor,gain_K3_p13,gain_contrast,3,confirm_K3_i000696,confirm_K3_i001038,64,interpolated_backoff,0.1,20.0,shape_rmse,0.0247318727310925,0.0275913254790162,0.0028594527479237
count_predictor,gain_K3_p13,gain_contrast,3,confirm_K3_i000696,confirm_K3_i001038,64,interpolated_backoff,0.1,20.0,excess_ce_H,0.032407818212931,0.0355827125289398,0.0031748943160088
count_predictor,gain_K3_p13,gain_contrast,3,confirm_K3_i000696,confirm_K3_i001038,64,additive,0.5,,shape_rmse,0.088353028000433,0.0934872839475655,0.0051342559471325
count_predictor,gain_K3_p13,gain_contrast,3,confirm_K3_i000696,confirm_K3_i001038,64,additive,0.5,,excess_ce_H,0.113004032010743,0.1190819701080858,0.0060779380973428
count_predictor,gain_K3_p13,gain_contrast,3,confirm_K3_i000696,confirm_K3_i001038,64,interpolated_backoff,0.5,1.0,shape_rmse,0.0692488763285283,0.0705256349519236,0.0012767586233952
count_predictor,gain_K3_p13,gain_contrast,3,confirm_K3_i000696,confirm_K3_i001038,64,interpolated_backoff,0.5,1.0,excess_ce_H,0.0894338649594777,0.0909004984793526,0.0014666335198749
count_predictor,gain_K3_p13,gain_contrast,3,confirm_K3_i000696,confirm_K3_i001038,64,interpolated_backoff,0.5,5.0,shape_rmse,0.0481696567560352,0.0480685817918259,-0.0001010749642092
count_predictor,gain_K3_p13,gain_contrast,3,confirm_K3_i000696,confirm_K3_i001038,64,interpolated_backoff,0.5,5.0,excess_ce_H,0.0629298207541562,0.0625817338583456,-0.0003480868958105
count_predictor,gain_K3_p13,gain_contrast,3,confirm_K3_i000696,confirm_K3_i001038,64,interpolated_backoff,0.5,20.0,shape_rmse,0.0272944852398087,0.0274014680942524,0.0001069828544436
count_predictor,gain_K3_p13,gain_contrast,3,confirm_K3_i000696,confirm_K3_i001038,64,interpolated_backoff,0.5,20.0,excess_ce_H,0.036036871362082,0.0357512553907808,-0.0002856159713012
count_predictor,gain_K3_p13,gain_contrast,3,confirm_K3_i000696,confirm_K3_i001038,64,additive,1.0,,shape_rmse,0.0925910418987197,0.0960619413402242,0.0034708994415044
count_predictor,gain_K3_p13,gain_contrast,3,confirm_K3_i000696,confirm_K3_i001038,64,additive,1.0,,excess_ce_H,0.119221842438786,0.1233067787631474,0.0040849363243613
count_predictor,gain_K3_p13,gain_contrast,3,confirm_K3_i000696,confirm_K3_i001038,64,interpolated_backoff,1.0,1.0,shape_rmse,0.0761677012961044,0.0763936716073628,0.0002259703112583
count_predictor,gain_K3_p13,gain_contrast,3,confirm_K3_i000696,confirm_K3_i001038,64,interpolated_backoff,1.0,1.0,excess_ce_H,0.0989618001374956,0.0990745823821981,0.0001127822447025
count_predictor,gain_K3_p13,gain_contrast,3,confirm_K3_i000696,confirm_K3_i001038,64,interpolated_backoff,1.0,5.0,shape_rmse,0.0561998815167323,0.0546287976246753,-0.001571083892057
count_predictor,gain_K3_p13,gain_contrast,3,confirm_K3_i000696,confirm_K3_i001038,64,interpolated_backoff,1.0,5.0,excess_ce_H,0.0738766374161705,0.071567943084005,-0.0023086943321654
count_predictor,gain_K3_p13,gain_contrast,3,confirm_K3_i000696,confirm_K3_i001038,64,interpolated_backoff,1.0,20.0,shape_rmse,0.0341048931888237,0.0323057621188153,-0.0017991310700083
count_predictor,gain_K3_p13,gain_contrast,3,confirm_K3_i000696,confirm_K3_i001038,64,interpolated_backoff,1.0,20.0,excess_ce_H,0.0454777526044625,0.042654168608627,-0.0028235839958354
count_predictor,gain_K3_p13,gain_contrast,3,confirm_K3_i000696,confirm_K3_i001038,128,additive,0.1,,shape_rmse,0.0814348627028089,0.089995303057412,0.0085604403546031
count_predictor,gain_K3_p13,gain_contrast,3,confirm_K3_i000696,confirm_K3_i001038,128,additive,0.1,,excess_ce_H,0.0989850864592336,0.1106450361880875,0.0116599497288539
count_predictor,gain_K3_p13,gain_contrast,3,confirm_K3_i000696,confirm_K3_i001038,128,interpolated_backoff,0.1,1.0,shape_rmse,0.0592308535915551,0.0632823842300104,0.0040515306384553
count_predictor,gain_K3_p13,gain_contrast,3,confirm_K3_i000696,confirm_K3_i001038,128,interpolated_backoff,0.1,1.0,excess_ce_H,0.0721238471049587,0.0784965804231316,0.0063727333181728
count_predictor,gain_K3_p13,gain_contrast,3,confirm_K3_i000696,confirm_K3_i001038,128,interpolated_backoff,0.1,5.0,shape_rmse,0.0385056024653454,0.0404015202651401,0.0018959177997946
count_predictor,gain_K3_p13,gain_contrast,3,confirm_K3_i000696,confirm_K3_i001038,128,interpolated_backoff,0.1,5.0,excess_ce_H,0.0467907426597933,0.0504251542546168,0.0036344115948235
count_predictor,gain_K3_p13,gain_contrast,3,confirm_K3_i000696,confirm_K3_i001038,128,interpolated_backoff,0.1,20.0,shape_rmse,0.0209634595761976,0.0222366211252148,0.0012731615490171
count_predictor,gain_K3_p13,gain_contrast,3,confirm_K3_i000696,confirm_K3_i001038,128,interpolated_backoff,0.1,20.0,excess_ce_H,0.0249316702452049,0.0275482481902669,0.0026165779450619
count_predictor,gain_K3_p13,gain_contrast,3,confirm_K3_i000696,confirm_K3_i001038,128,additive,0.5,,shape_rmse,0.0596901957792189,0.0628734054907241,0.0031832097115051
count_predictor,gain_K3_p13,gain_contrast,3,confirm_K3_i000696,confirm_K3_i001038,128,additive,0.5,,excess_ce_H,0.0730018529673637,0.0782512928553365,0.0052494398879728
count_predictor,gain_K3_p13,gain_contrast,3,confirm_K3_i000696,confirm_K3_i001038,128,interpolated_backoff,0.5,1.0,shape_rmse,0.0494188125028595,0.0504977345154827,0.0010789220126232
count_predictor,gain_K3_p13,gain_contrast,3,confirm_K3_i000696,confirm_K3_i001038,128,interpolated_backoff,0.5,1.0,excess_ce_H,0.0605593168569231,0.0632535238434413,0.0026942069865181
count_predictor,gain_K3_p13,gain_contrast,3,confirm_K3_i000696,confirm_K3_i001038,128,interpolated_backoff,0.5,5.0,shape_rmse,0.0367436963571337,0.0364268089821759,-0.0003168873749577
count_predictor,gain_K3_p13,gain_contrast,3,confirm_K3_i000696,confirm_K3_i001038,128,interpolated_backoff,0.5,5.0,excess_ce_H,0.0449968780739016,0.0458546480253427,0.0008577699514411
count_predictor,gain_K3_p13,gain_contrast,3,confirm_K3_i000696,confirm_K3_i001038,128,interpolated_backoff,0.5,20.0,shape_rmse,0.0227170624596421,0.0224871994813152,-0.0002298629783268
count_predictor,gain_K3_p13,gain_contrast,3,confirm_K3_i000696,confirm_K3_i001038,128,interpolated_backoff,0.5,20.0,excess_ce_H,0.0274302417174485,0.0281674400503151,0.0007371983328666
count_predictor,gain_K3_p13,gain_contrast,3,confirm_K3_i000696,confirm_K3_i001038,128,additive,1.0,,shape_rmse,0.0631919947726279,0.0655676539711844,0.0023756591985565
count_predictor,gain_K3_p13,gain_contrast,3,confirm_K3_i000696,confirm_K3_i001038,128,additive,1.0,,excess_ce_H,0.0779844406867389,0.0822371294149824,0.0042526887282434
count_predictor,gain_K3_p13,gain_contrast,3,confirm_K3_i000696,confirm_K3_i001038,128,interpolated_backoff,1.0,1.0,shape_rmse,0.0544286071184585,0.0548996251203603,0.0004710180019018
count_predictor,gain_K3_p13,gain_contrast,3,confirm_K3_i000696,confirm_K3_i001038,128,interpolated_backoff,1.0,1.0,excess_ce_H,0.0673530864051858,0.0692554817661925,0.0019023953610067
count_predictor,gain_K3_p13,gain_contrast,3,confirm_K3_i000696,confirm_K3_i001038,128,interpolated_backoff,1.0,5.0,shape_rmse,0.0424531831340867,0.0412933327980721,-0.0011598503360146
count_predictor,gain_K3_p13,gain_contrast,3,confirm_K3_i000696,confirm_K3_i001038,128,interpolated_backoff,1.0,5.0,excess_ce_H,0.0526303238192051,0.0523823839251669,-0.0002479398940382
count_predictor,gain_K3_p13,gain_contrast,3,confirm_K3_i000696,confirm_K3_i001038,128,interpolated_backoff,1.0,20.0,shape_rmse,0.02770367976955,0.0263640373450423,-0.0013396424245076
count_predictor,gain_K3_p13,gain_contrast,3,confirm_K3_i000696,confirm_K3_i001038,128,interpolated_backoff,1.0,20.0,excess_ce_H,0.0341685689526491,0.0334501422328203,-0.0007184267198288
count_predictor,gain_K3_p13,gain_contrast,3,confirm_K3_i000696,confirm_K3_i001038,256,additive,0.1,,shape_rmse,0.0438098282107759,0.0523625299235843,0.0085527017128083
count_predictor,gain_K3_p13,gain_contrast,3,confirm_K3_i000696,confirm_K3_i001038,256,additive,0.1,,excess_ce_H,0.0519717190571256,0.0631592802154503,0.0111875611583246
count_predictor,gain_K3_p13,gain_contrast,3,confirm_K3_i000696,confirm_K3_i001038,256,interpolated_backoff,0.1,1.0,shape_rmse,0.0342117204461605,0.0388846384778116,0.0046729180316511
count_predictor,gain_K3_p13,gain_contrast,3,confirm_K3_i000696,confirm_K3_i001038,256,interpolated_backoff,0.1,1.0,excess_ce_H,0.0402820827845578,0.0470384599584849,0.0067563771739271
count_predictor,gain_K3_p13,gain_contrast,3,confirm_K3_i000696,confirm_K3_i001038,256,interpolated_backoff,0.1,5.0,shape_rmse,0.0239497468997405,0.0261953029325037,0.0022455560327632
count_predictor,gain_K3_p13,gain_contrast,3,confirm_K3_i000696,confirm_K3_i001038,256,interpolated_backoff,0.1,5.0,excess_ce_H,0.0277184578865328,0.0316132676145524,0.0038948097280196
count_predictor,gain_K3_p13,gain_contrast,3,confirm_K3_i000696,confirm_K3_i001038,256,interpolated_backoff,0.1,20.0,shape_rmse,0.0144297093174982,0.0154057705290635,0.0009760612115653
count_predictor,gain_K3_p13,gain_contrast,3,confirm_K3_i000696,confirm_K3_i001038,256,interpolated_backoff,0.1,20.0,excess_ce_H,0.0158820111537403,0.0181819312641886,0.0022999201104483
count_predictor,gain_K3_p13,gain_contrast,3,confirm_K3_i000696,confirm_K3_i001038,256,additive,0.5,,shape_rmse,0.034559782707525,0.0381295719547799,0.0035697892472549
count_predictor,gain_K3_p13,gain_contrast,3,confirm_K3_i000696,confirm_K3_i001038,256,additive,0.5,,excess_ce_H,0.0407948592873501,0.0463156787162846,0.0055208194289345
count_predictor,gain_K3_p13,gain_contrast,3,confirm_K3_i000696,confirm_K3_i001038,256,interpolated_backoff,0.5,1.0,shape_rmse,0.029955197093417,0.0318643183944818,0.0019091213010647
count_predictor,gain_K3_p13,gain_contrast,3,confirm_K3_i000696,confirm_K3_i001038,256,interpolated_backoff,0.5,1.0,excess_ce_H,0.0352009995885356,0.0387641064750166,0.003563106886481
count_predictor,gain_K3_p13,gain_contrast,3,confirm_K3_i000696,confirm_K3_i001038,256,interpolated_backoff,0.5,5.0,shape_rmse,0.0236635003859529,0.0239293121091147,0.0002658117231618
count_predictor,gain_K3_p13,gain_contrast,3,confirm_K3_i000696,confirm_K3_i001038,256,interpolated_backoff,0.5,5.0,excess_ce_H,0.0274690252187668,0.0290584984487545,0.0015894732299877
count_predictor,gain_K3_p13,gain_contrast,3,confirm_K3_i000696,confirm_K3_i001038,256,interpolated_backoff,0.5,20.0,shape_rmse,0.0159011963356714,0.0155593119803755,-0.0003418843552958
count_predictor,gain_K3_p13,gain_contrast,3,confirm_K3_i000696,confirm_K3_i001038,256,interpolated_backoff,0.5,20.0,excess_ce_H,0.0178001570213854,0.0185705771812929,0.0007704201599074
count_predictor,gain_K3_p13,gain_contrast,3,confirm_K3_i000696,confirm_K3_i001038,256,additive,1.0,,shape_rmse,0.0379129057220364,0.0405413520135567,0.0026284462915203
count_predictor,gain_K3_p13,gain_contrast,3,confirm_K3_i000696,confirm_K3_i001038,256,additive,1.0,,excess_ce_H,0.0451493091226031,0.0496282751820682,0.0044789660594651
count_predictor,gain_K3_p13,gain_contrast,3,confirm_K3_i000696,confirm_K3_i001038,256,interpolated_backoff,1.0,1.0,shape_rmse,0.0338353239229764,0.035053353773158,0.0012180298501816
count_predictor,gain_K3_p13,gain_contrast,3,confirm_K3_i000696,confirm_K3_i001038,256,interpolated_backoff,1.0,1.0,excess_ce_H,0.040200779334897,0.0429906732320921,0.0027898938971951
count_predictor,gain_K3_p13,gain_contrast,3,confirm_K3_i000696,confirm_K3_i001038,256,interpolated_backoff,1.0,5.0,shape_rmse,0.0278224872663865,0.0272662862172388,-0.0005562010491476
count_predictor,gain_K3_p13,gain_contrast,3,confirm_K3_i000696,confirm_K3_i001038,256,interpolated_backoff,1.0,5.0,excess_ce_H,0.0328171214238803,0.0334478668977715,0.0006307454738912
count_predictor,gain_K3_p13,gain_contrast,3,confirm_K3_i000696,confirm_K3_i001038,256,interpolated_backoff,1.0,20.0,shape_rmse,0.0195814301345473,0.018264703561909,-0.0013167265726383
count_predictor,gain_K3_p13,gain_contrast,3,confirm_K3_i000696,confirm_K3_i001038,256,interpolated_backoff,1.0,20.0,excess_ce_H,0.0225821128117995,0.0221725332502582,-0.0004095795615412
count_predictor,gain_K3_p13,gain_contrast,3,confirm_K3_i000696,confirm_K3_i001038,512,additive,0.1,,shape_rmse,0.0239930051358759,0.0348969476559659,0.0109039425200899
count_predictor,gain_K3_p13,gain_contrast,3,confirm_K3_i000696,confirm_K3_i001038,512,additive,0.1,,excess_ce_H,0.0263001031923528,0.0405013864999963,0.0142012833076435
count_predictor,gain_K3_p13,gain_contrast,3,confirm_K3_i000696,confirm_K3_i001038,512,interpolated_backoff,0.1,1.0,shape_rmse,0.0195160109485212,0.0288306260273169,0.0093146150787957
count_predictor,gain_K3_p13,gain_contrast,3,confirm_K3_i000696,confirm_K3_i001038,512,interpolated_backoff,0.1,1.0,excess_ce_H,0.0208352656388475,0.0332401743549819,0.0124049087161344
count_predictor,gain_K3_p13,gain_contrast,3,confirm_K3_i000696,confirm_K3_i001038,512,interpolated_backoff,0.1,5.0,shape_rmse,0.0144659493053746,0.0214288228201445,0.0069628735147699
count_predictor,gain_K3_p13,gain_contrast,3,confirm_K3_i000696,confirm_K3_i001038,512,interpolated_backoff,0.1,5.0,excess_ce_H,0.0147176117899741,0.0243599512274139,0.0096423394374398
count_predictor,gain_K3_p13,gain_contrast,3,confirm_K3_i000696,confirm_K3_i001038,512,interpolated_backoff,0.1,20.0,shape_rmse,0.0094330530307345,0.013685794374365,0.0042527413436305
count_predictor,gain_K3_p13,gain_contrast,3,confirm_K3_i000696,confirm_K3_i001038,512,interpolated_backoff,0.1,20.0,excess_ce_H,0.0085883718705086,0.0149972370489757,0.0064088651784671
count_predictor,gain_K3_p13,gain_contrast,3,confirm_K3_i000696,confirm_K3_i001038,512,additive,0.5,,shape_rmse,0.0200061689109614,0.0272154978428996,0.0072093289319381
count_predictor,gain_K3_p13,gain_contrast,3,confirm_K3_i000696,confirm_K3_i001038,512,additive,0.5,,excess_ce_H,0.0215928705149666,0.0315539300718379,0.0099610595568712
count_predictor,gain_K3_p13,gain_contrast,3,confirm_K3_i000696,confirm_K3_i001038,512,interpolated_backoff,0.5,1.0,shape_rmse,0.017922538696138,0.0243213882938098,0.0063988495976717
count_predictor,gain_K3_p13,gain_contrast,3,confirm_K3_i000696,confirm_K3_i001038,512,interpolated_backoff,0.5,1.0,excess_ce_H,0.019040099266907,0.0280701554603526,0.0090300561934455
count_predictor,gain_K3_p13,gain_contrast,3,confirm_K3_i000696,confirm_K3_i001038,512,interpolated_backoff,0.5,5.0,shape_rmse,0.0147922844786383,0.0197109311259091,0.0049186466472708
count_predictor,gain_K3_p13,gain_contrast,3,confirm_K3_i000696,confirm_K3_i001038,512,interpolated_backoff,0.5,5.0,excess_ce_H,0.0152128073216184,0.0225160210459778,0.0073032137243593
count_predictor,gain_K3_p13,gain_contrast,3,confirm_K3_i000696,confirm_K3_i001038,512,interpolated_backoff,0.5,20.0,shape_rmse,0.0105700423776924,0.0137611155745243,0.0031910731968319
count_predictor,gain_K3_p13,gain_contrast,3,confirm_K3_i000696,confirm_K3_i001038,512,interpolated_backoff,0.5,20.0,excess_ce_H,0.0100391099280878,0.0152693169359605,0.0052302070078727
count_predictor,gain_K3_p13,gain_contrast,3,confirm_K3_i000696,confirm_K3_i001038,512,additive,1.0,,shape_rmse,0.0224204156272589,0.0285960031345847,0.0061755875073257
count_predictor,gain_K3_p13,gain_contrast,3,confirm_K3_i000696,confirm_K3_i001038,512,additive,1.0,,excess_ce_H,0.0246868845814769,0.0334792234941323,0.0087923389126554
count_predictor,gain_K3_p13,gain_contrast,3,confirm_K3_i000696,confirm_K3_i001038,512,interpolated_backoff,1.0,1.0,shape_rmse,0.0205655994292094,0.0259914266743003,0.0054258272450909
count_predictor,gain_K3_p13,gain_contrast,3,confirm_K3_i000696,confirm_K3_i001038,512,interpolated_backoff,1.0,1.0,excess_ce_H,0.0224174260602083,0.0303392280173917,0.0079218019571833
count_predictor,gain_K3_p13,gain_contrast,3,confirm_K3_i000696,confirm_K3_i001038,512,interpolated_backoff,1.0,5.0,shape_rmse,0.0175439063146966,0.0214883152254317,0.003944408910735
count_predictor,gain_K3_p13,gain_contrast,3,confirm_K3_i000696,confirm_K3_i001038,512,interpolated_backoff,1.0,5.0,excess_ce_H,0.0187192859715761,0.0249092556241006,0.0061899696525245
count_predictor,gain_K3_p13,gain_contrast,3,confirm_K3_i000696,confirm_K3_i001038,512,interpolated_backoff,1.0,20.0,shape_rmse,0.0130631737304191,0.015358004047325,0.0022948303169059
count_predictor,gain_K3_p13,gain_contrast,3,confirm_K3_i000696,confirm_K3_i001038,512,interpolated_backoff,1.0,20.0,excess_ce_H,0.013224266577283,0.0174237333016118,0.0041994667243287
count_predictor,gain_K3_p13,gain_contrast,3,confirm_K3_i000696,confirm_K3_i001038,1024,additive,0.1,,shape_rmse,0.0129807765238683,0.0179021497237,0.0049213731998316
count_predictor,gain_K3_p13,gain_contrast,3,confirm_K3_i000696,confirm_K3_i001038,1024,additive,0.1,,excess_ce_H,0.0124075471684479,0.0191845498207536,0.0067770026523057
count_predictor,gain_K3_p13,gain_contrast,3,confirm_K3_i000696,confirm_K3_i001038,1024,interpolated_backoff,0.1,1.0,shape_rmse,0.0112983633932151,0.0155497711059659,0.0042514077127508
count_predictor,gain_K3_p13,gain_contrast,3,confirm_K3_i000696,confirm_K3_i001038,1024,interpolated_backoff,0.1,1.0,excess_ce_H,0.0103008593953557,0.0163756159782371,0.0060747565828813
count_predictor,gain_K3_p13,gain_contrast,3,confirm_K3_i000696,confirm_K3_i001038,1024,interpolated_backoff,0.1,5.0,shape_rmse,0.008986295628922,0.012261721185867,0.003275425556945
count_predictor,gain_K3_p13,gain_contrast,3,confirm_K3_i000696,confirm_K3_i001038,1024,interpolated_backoff,0.1,5.0,excess_ce_H,0.0074739404127308,0.0124810566585136,0.0050071162457828
count_predictor,gain_K3_p13,gain_contrast,3,confirm_K3_i000696,confirm_K3_i001038,1024,interpolated_backoff,0.1,20.0,shape_rmse,0.0064756145447757,0.0083752704040734,0.0018996558592977
count_predictor,gain_K3_p13,gain_contrast,3,confirm_K3_i000696,confirm_K3_i001038,1024,interpolated_backoff,0.1,20.0,excess_ce_H,0.0044167518900066,0.0078384140637994,0.0034216621737928
count_predictor,gain_K3_p13,gain_contrast,3,confirm_K3_i000696,confirm_K3_i001038,1024,additive,0.5,,shape_rmse,0.0117130576740653,0.0149864652137142,0.0032734075396488
count_predictor,gain_K3_p13,gain_contrast,3,confirm_K3_i000696,confirm_K3_i001038,1024,additive,0.5,,excess_ce_H,0.0108325500205868,0.0158601652283261,0.0050276152077393
count_predictor,gain_K3_p13,gain_contrast,3,confirm_K3_i000696,confirm_K3_i001038,1024,interpolated_backoff,0.5,1.0,shape_rmse,0.0109191759417933,0.0138800894918477,0.0029609135500544
count_predictor,gain_K3_p13,gain_contrast,3,confirm_K3_i000696,confirm_K3_i001038,1024,interpolated_backoff,0.5,1.0,excess_ce_H,0.0098325649113266,0.0145272603306019,0.0046946954192753
count_predictor,gain_K3_p13,gain_contrast,3,confirm_K3_i000696,confirm_K3_i001038,1024,interpolated_backoff,0.5,5.0,shape_rmse,0.0093698936605908,0.011834957246657,0.0024650635860662
count_predictor,gain_K3_p13,gain_contrast,3,confirm_K3_i000696,confirm_K3_i001038,1024,interpolated_backoff,0.5,5.0,excess_ce_H,0.0079382540905736,0.0120854110505588,0.0041471569599852
count_predictor,gain_K3_p13,gain_contrast,3,confirm_K3_i000696,confirm_K3_i001038,1024,interpolated_backoff,0.5,20.0,shape_rmse,0.0072148340285519,0.0087618450479389,0.0015470110193869
count_predictor,gain_K3_p13,gain_contrast,3,confirm_K3_i000696,confirm_K3_i001038,1024,interpolated_backoff,0.5,20.0,excess_ce_H,0.0053150125727783,0.0083915742370039,0.0030765616642256
count_predictor,gain_K3_p13,gain_contrast,3,confirm_K3_i000696,confirm_K3_i001038,1024,additive,1.0,,shape_rmse,0.0133143371223713,0.0162654824356141,0.0029511453132428
count_predictor,gain_K3_p13,gain_contrast,3,confirm_K3_i000696,confirm_K3_i001038,1024,additive,1.0,,excess_ce_H,0.0128229171848897,0.0175358927691515,0.0047129755842618
count_predictor,gain_K3_p13,gain_contrast,3,confirm_K3_i000696,confirm_K3_i001038,1024,interpolated_backoff,1.0,1.0,shape_rmse,0.0125729710655469,0.0152403086189922,0.0026673375534453
count_predictor,gain_K3_p13,gain_contrast,3,confirm_K3_i000696,confirm_K3_i001038,1024,interpolated_backoff,1.0,1.0,excess_ce_H,0.0118956500755837,0.0162990796295321,0.0044034295539484
count_predictor,gain_K3_p13,gain_contrast,3,confirm_K3_i000696,confirm_K3_i001038,1024,interpolated_backoff,1.0,5.0,shape_rmse,0.0110572127889442,0.0131981467039999,0.0021409339150556
count_predictor,gain_K3_p13,gain_contrast,3,confirm_K3_i000696,confirm_K3_i001038,1024,interpolated_backoff,1.0,5.0,excess_ce_H,0.010044401949979,0.0138533037333461,0.0038089017833671
count_predictor,gain_K3_p13,gain_contrast,3,confirm_K3_i000696,confirm_K3_i001038,1024,interpolated_backoff,1.0,20.0,shape_rmse,0.0087632352925388,0.0099772340315023,0.0012139987389635
count_predictor,gain_K3_p13,gain_contrast,3,confirm_K3_i000696,confirm_K3_i001038,1024,interpolated_backoff,1.0,20.0,excess_ce_H,0.0072543375136207,0.0099733458164787,0.002719008302858
count_predictor,gain_K3_p13,gain_contrast,3,confirm_K3_i000696,confirm_K3_i001038,2048,additive,0.1,,shape_rmse,0.0075138538132112,0.0094927866605755,0.0019789328473643
count_predictor,gain_K3_p13,gain_contrast,3,confirm_K3_i000696,confirm_K3_i001038,2048,additive,0.1,,excess_ce_H,0.0054185774008421,0.0088335409062645,0.0034149635054224
count_predictor,gain_K3_p13,gain_contrast,3,confirm_K3_i000696,confirm_K3_i001038,2048,interpolated_backoff,0.1,1.0,shape_rmse,0.0065194431731754,0.0085402839253254,0.00202084075215
count_predictor,gain_K3_p13,gain_contrast,3,confirm_K3_i000696,confirm_K3_i001038,2048,interpolated_backoff,0.1,1.0,excess_ce_H,0.0041962048856758,0.0077048698538422,0.0035086649681663
count_predictor,gain_K3_p13,gain_contrast,3,confirm_K3_i000696,confirm_K3_i001038,2048,interpolated_backoff,0.1,5.0,shape_rmse,0.0052068514503113,0.0071281112371472,0.0019212597868359
count_predictor,gain_K3_p13,gain_contrast,3,confirm_K3_i000696,confirm_K3_i001038,2048,interpolated_backoff,0.1,5.0,excess_ce_H,0.0026004499348248,0.0060434625599663,0.0034430126251415
count_predictor,gain_K3_p13,gain_contrast,3,confirm_K3_i000696,confirm_K3_i001038,2048,interpolated_backoff,0.1,20.0,shape_rmse,0.0038146409927512,0.0052946514005623,0.0014800104078111
count_predictor,gain_K3_p13,gain_contrast,3,confirm_K3_i000696,confirm_K3_i001038,2048,interpolated_backoff,0.1,20.0,excess_ce_H,0.0009132099775976,0.0038835699963859,0.0029703600187883
count_predictor,gain_K3_p13,gain_contrast,3,confirm_K3_i000696,confirm_K3_i001038,2048,additive,0.5,,shape_rmse,0.0065564175864131,0.0081876757732223,0.0016312581868092
count_predictor,gain_K3_p13,gain_contrast,3,confirm_K3_i000696,confirm_K3_i001038,2048,additive,0.5,,excess_ce_H,0.004248246617716,0.007376022921343,0.003127776303627
count_predictor,gain_K3_p13,gain_contrast,3,confirm_K3_i000696,confirm_K3_i001038,2048,interpolated_backoff,0.5,1.0,shape_rmse,0.0061324627510432,0.0077892808212866,0.0016568180702434
count_predictor,gain_K3_p13,gain_contrast,3,confirm_K3_i000696,confirm_K3_i001038,2048,interpolated_backoff,0.5,1.0,excess_ce_H,0.0037184372417646,0.0068992004716734,0.0031807632299088
count_predictor,gain_K3_p13,gain_contrast,3,confirm_K3_i000696,confirm_K3_i001038,2048,interpolated_backoff,0.5,5.0,shape_rmse,0.0052972071590146,0.0069644162845993,0.0016672091255847
count_predictor,gain_K3_p13,gain_contrast,3,confirm_K3_i000696,confirm_K3_i001038,2048,interpolated_backoff,0.5,5.0,excess_ce_H,0.0026978676552189,0.0059208820578093,0.0032230144025903
count_predictor,gain_K3_p13,gain_contrast,3,confirm_K3_i000696,confirm_K3_i001038,2048,interpolated_backoff,0.5,20.0,shape_rmse,0.0041268715171808,0.0055761808393818,0.001449309322201
count_predictor,gain_K3_p13,gain_contrast,3,confirm_K3_i000696,confirm_K3_i001038,2048,interpolated_backoff,0.5,20.0,excess_ce_H,0.0012763045159069,0.0042735945504541,0.0029972900345472
count_predictor,gain_K3_p13,gain_contrast,3,confirm_K3_i000696,confirm_K3_i001038,2048,additive,1.0,,shape_rmse,0.007364899829522,0.0089972664343042,0.0016323666047822
count_predictor,gain_K3_p13,gain_contrast,3,confirm_K3_i000696,confirm_K3_i001038,2048,additive,1.0,,excess_ce_H,0.0052491274418982,0.0084286924922061,0.0031795650503079
count_predictor,gain_K3_p13,gain_contrast,3,confirm_K3_i000696,confirm_K3_i001038,2048,interpolated_backoff,1.0,1.0,shape_rmse,0.0069927102657514,0.0086384287794455,0.001645718513694
count_predictor,gain_K3_p13,gain_contrast,3,confirm_K3_i000696,confirm_K3_i001038,2048,interpolated_backoff,1.0,1.0,excess_ce_H,0.0047846013779511,0.0079981350184095,0.0032135336404583
count_predictor,gain_K3_p13,gain_contrast,3,confirm_K3_i000696,confirm_K3_i001038,2048,interpolated_backoff,1.0,5.0,shape_rmse,0.006202164545191,0.0078072008599343,0.0016050363147433
count_predictor,gain_K3_p13,gain_contrast,3,confirm_K3_i000696,confirm_K3_i001038,2048,interpolated_backoff,1.0,5.0,excess_ce_H,0.0038190485073481,0.0070086072203958,0.0031895587130476
count_predictor,gain_K3_p13,gain_contrast,3,confirm_K3_i000696,confirm_K3_i001038,2048,interpolated_backoff,1.0,20.0,shape_rmse,0.0049895699963961,0.0063498590510445,0.0013602890546483
count_predictor,gain_K3_p13,gain_contrast,3,confirm_K3_i000696,confirm_K3_i001038,2048,interpolated_backoff,1.0,20.0,excess_ce_H,0.0023459302050996,0.0052718263494626,0.0029258961443629
count_predictor,gain_K3_p14,gain_contrast,3,confirm_K3_i001170,confirm_K3_i000162,64,additive,0.1,,shape_rmse,0.1246663065093145,0.1201498185958704,-0.004516487913444
count_predictor,gain_K3_p14,gain_contrast,3,confirm_K3_i001170,confirm_K3_i000162,64,additive,0.1,,excess_ce_H,0.1618025594565031,0.1570705420979121,-0.0047320173585909
count_predictor,gain_K3_p14,gain_contrast,3,confirm_K3_i001170,confirm_K3_i000162,64,interpolated_backoff,0.1,1.0,shape_rmse,0.083935102406517,0.0849936428663236,0.0010585404598066
count_predictor,gain_K3_p14,gain_contrast,3,confirm_K3_i001170,confirm_K3_i000162,64,interpolated_backoff,0.1,1.0,excess_ce_H,0.1106834290797291,0.1140734121083844,0.0033899830286552
count_predictor,gain_K3_p14,gain_contrast,3,confirm_K3_i001170,confirm_K3_i000162,64,interpolated_backoff,0.1,5.0,shape_rmse,0.0516278961762908,0.0533255266555982,0.0016976304793073
count_predictor,gain_K3_p14,gain_contrast,3,confirm_K3_i001170,confirm_K3_i000162,64,interpolated_backoff,0.1,5.0,excess_ce_H,0.0691936148479122,0.0753416238884858,0.0061480090405735
count_predictor,gain_K3_p14,gain_contrast,3,confirm_K3_i001170,confirm_K3_i000162,64,interpolated_backoff,0.1,20.0,shape_rmse,0.0273070545015863,0.0277423534523101,0.0004352989507237
count_predictor,gain_K3_p14,gain_contrast,3,confirm_K3_i001170,confirm_K3_i000162,64,interpolated_backoff,0.1,20.0,excess_ce_H,0.0370385239776369,0.0434012608932501,0.0063627369156132
count_predictor,gain_K3_p14,gain_contrast,3,confirm_K3_i001170,confirm_K3_i000162,64,additive,0.5,,shape_rmse,0.0865074463494411,0.0936685515616295,0.0071611052121883
count_predictor,gain_K3_p14,gain_contrast,3,confirm_K3_i001170,confirm_K3_i000162,64,additive,0.5,,excess_ce_H,0.1125434304499537,0.1250914163599923,0.0125479859100385
count_predictor,gain_K3_p14,gain_contrast,3,confirm_K3_i001170,confirm_K3_i000162,64,interpolated_backoff,0.5,1.0,shape_rmse,0.0644742726209466,0.0768107941284433,0.0123365215074967
count_predictor,gain_K3_p14,gain_contrast,3,confirm_K3_i001170,confirm_K3_i000162,64,interpolated_backoff,0.5,1.0,excess_ce_H,0.0851408404039166,0.1043108897479432,0.0191700493440265
count_predictor,gain_K3_p14,gain_contrast,3,confirm_K3_i001170,confirm_K3_i000162,64,interpolated_backoff,0.5,5.0,shape_rmse,0.0441975211254304,0.0559668794215633,0.0117693582961329
count_predictor,gain_K3_p14,gain_contrast,3,confirm_K3_i001170,confirm_K3_i000162,64,interpolated_backoff,0.5,5.0,excess_ce_H,0.0591381456494208,0.0786591397026301,0.0195209940532092
count_predictor,gain_K3_p14,gain_contrast,3,confirm_K3_i001170,confirm_K3_i000162,64,interpolated_backoff,0.5,20.0,shape_rmse,0.0255858543657659,0.0327347536389598,0.0071488992731939
count_predictor,gain_K3_p14,gain_contrast,3,confirm_K3_i001170,confirm_K3_i000162,64,interpolated_backoff,0.5,20.0,excess_ce_H,0.0345378462360659,0.0496680567848684,0.0151302105488025
count_predictor,gain_K3_p14,gain_contrast,3,confirm_K3_i001170,confirm_K3_i000162,64,additive,1.0,,shape_rmse,0.0909064218278249,0.1009810709604871,0.0100746491326622
count_predictor,gain_K3_p14,gain_contrast,3,confirm_K3_i001170,confirm_K3_i000162,64,additive,1.0,,excess_ce_H,0.1183109353168265,0.1354043243665208,0.0170933890496943
count_predictor,gain_K3_p14,gain_contrast,3,confirm_K3_i001170,confirm_K3_i000162,64,interpolated_backoff,1.0,1.0,shape_rmse,0.0710950829953123,0.086768347532452,0.0156732645371397
count_predictor,gain_K3_p14,gain_contrast,3,confirm_K3_i001170,confirm_K3_i000162,64,interpolated_backoff,1.0,1.0,excess_ce_H,0.0936733122283519,0.1178118073869398,0.0241384951585879
count_predictor,gain_K3_p14,gain_contrast,3,confirm_K3_i001170,confirm_K3_i000162,64,interpolated_backoff,1.0,5.0,shape_rmse,0.0507390209264911,0.0669941855223243,0.0162551645958332
count_predictor,gain_K3_p14,gain_contrast,3,confirm_K3_i001170,confirm_K3_i000162,64,interpolated_backoff,1.0,5.0,excess_ce_H,0.0676200883421376,0.093357065660161,0.0257369773180233
count_predictor,gain_K3_p14,gain_contrast,3,confirm_K3_i001170,confirm_K3_i000162,64,interpolated_backoff,1.0,20.0,shape_rmse,0.0301152804856561,0.0419120970809917,0.0117968165953356
count_predictor,gain_K3_p14,gain_contrast,3,confirm_K3_i001170,confirm_K3_i000162,64,interpolated_backoff,1.0,20.0,excess_ce_H,0.0405535917192578,0.061978819977734,0.0214252282584762
count_predictor,gain_K3_p14,gain_contrast,3,confirm_K3_i001170,confirm_K3_i000162,128,additive,0.1,,shape_rmse,0.0841278938935458,0.0756651224565136,-0.0084627714370321
count_predictor,gain_K3_p14,gain_contrast,3,confirm_K3_i001170,confirm_K3_i000162,128,additive,0.1,,excess_ce_H,0.1042123074272245,0.0989233456843707,-0.0052889617428538
count_predictor,gain_K3_p14,gain_contrast,3,confirm_K3_i001170,confirm_K3_i000162,128,interpolated_backoff,0.1,1.0,shape_rmse,0.0583182180682849,0.0555795891587479,-0.0027386289095369
count_predictor,gain_K3_p14,gain_contrast,3,confirm_K3_i001170,confirm_K3_i000162,128,interpolated_backoff,0.1,1.0,excess_ce_H,0.0726565707003361,0.0745156112254643,0.0018590405251281
count_predictor,gain_K3_p14,gain_contrast,3,confirm_K3_i001170,confirm_K3_i000162,128,interpolated_backoff,0.1,5.0,shape_rmse,0.0375692845743262,0.0372609188583565,-0.0003083657159696
count_predictor,gain_K3_p14,gain_contrast,3,confirm_K3_i001170,confirm_K3_i000162,128,interpolated_backoff,0.1,5.0,excess_ce_H,0.0467799714413148,0.052231201830529,0.0054512303892141
count_predictor,gain_K3_p14,gain_contrast,3,confirm_K3_i001170,confirm_K3_i000162,128,interpolated_backoff,0.1,20.0,shape_rmse,0.020482677864908,0.0216532921291894,0.0011706142642813
count_predictor,gain_K3_p14,gain_contrast,3,confirm_K3_i001170,confirm_K3_i000162,128,interpolated_backoff,0.1,20.0,excess_ce_H,0.0250517406401451,0.0329603276133445,0.0079085869731993
count_predictor,gain_K3_p14,gain_contrast,3,confirm_K3_i001170,confirm_K3_i000162,128,additive,0.5,,shape_rmse,0.0587210011034399,0.0592977011445137,0.0005767000410738
count_predictor,gain_K3_p14,gain_contrast,3,confirm_K3_i001170,confirm_K3_i000162,128,additive,0.5,,excess_ce_H,0.0726909221733349,0.0794521469673237,0.0067612247939888
count_predictor,gain_K3_p14,gain_contrast,3,confirm_K3_i001170,confirm_K3_i000162,128,interpolated_backoff,0.5,1.0,shape_rmse,0.0452613967954719,0.0499496709783315,0.0046882741828596
count_predictor,gain_K3_p14,gain_contrast,3,confirm_K3_i001170,confirm_K3_i000162,128,interpolated_backoff,0.5,1.0,excess_ce_H,0.0562757214331732,0.0680119714117744,0.0117362499786011
count_predictor,gain_K3_p14,gain_contrast,3,confirm_K3_i001170,confirm_K3_i000162,128,interpolated_backoff,0.5,5.0,shape_rmse,0.0324874285585719,0.0380503776894504,0.0055629491308785
count_predictor,gain_K3_p14,gain_contrast,3,confirm_K3_i001170,confirm_K3_i000162,128,interpolated_backoff,0.5,5.0,excess_ce_H,0.0402981691207866,0.0534421986458306,0.013144029525044
count_predictor,gain_K3_p14,gain_contrast,3,confirm_K3_i001170,confirm_K3_i000162,128,interpolated_backoff,0.5,20.0,shape_rmse,0.0196346501856328,0.0243237177105978,0.004689067524965
count_predictor,gain_K3_p14,gain_contrast,3,confirm_K3_i001170,confirm_K3_i000162,128,interpolated_backoff,0.5,20.0,excess_ce_H,0.0238648311555624,0.0364448451578884,0.012580014002326
count_predictor,gain_K3_p14,gain_contrast,3,confirm_K3_i001170,confirm_K3_i000162,128,additive,1.0,,shape_rmse,0.061807735615184,0.0643928957349322,0.0025851601197482
count_predictor,gain_K3_p14,gain_contrast,3,confirm_K3_i001170,confirm_K3_i000162,128,additive,1.0,,excess_ce_H,0.0768166475797567,0.0864235903275785,0.0096069427478217
count_predictor,gain_K3_p14,gain_contrast,3,confirm_K3_i001170,confirm_K3_i000162,128,interpolated_backoff,1.0,1.0,shape_rmse,0.0497901847802298,0.0566359699082941,0.0068457851280643
count_predictor,gain_K3_p14,gain_contrast,3,confirm_K3_i001170,confirm_K3_i000162,128,interpolated_backoff,1.0,1.0,excess_ce_H,0.062140401620931,0.0768870220048281,0.014746620383897
count_predictor,gain_K3_p14,gain_contrast,3,confirm_K3_i001170,confirm_K3_i000162,128,interpolated_backoff,1.0,5.0,shape_rmse,0.0370339408339741,0.0454920481863156,0.0084581073523415
count_predictor,gain_K3_p14,gain_contrast,3,confirm_K3_i001170,confirm_K3_i000162,128,interpolated_backoff,1.0,5.0,excess_ce_H,0.0461764740668346,0.0631769504702777,0.0170004764034431
count_predictor,gain_K3_p14,gain_contrast,3,confirm_K3_i001170,confirm_K3_i000162,128,interpolated_backoff,1.0,20.0,shape_rmse,0.0230672185829028,0.0307616053977069,0.0076943868148041
count_predictor,gain_K3_p14,gain_contrast,3,confirm_K3_i001170,confirm_K3_i000162,128,interpolated_backoff,1.0,20.0,excess_ce_H,0.0283463385677105,0.0449028611231221,0.0165565225554116
count_predictor,gain_K3_p14,gain_contrast,3,confirm_K3_i001170,confirm_K3_i000162,256,additive,0.1,,shape_rmse,0.0578180837760135,0.0427110006832505,-0.015107083092763
count_predictor,gain_K3_p14,gain_contrast,3,confirm_K3_i001170,confirm_K3_i000162,256,additive,0.1,,excess_ce_H,0.0688436400834859,0.0571445437448523,-0.0116990963386336
count_predictor,gain_K3_p14,gain_contrast,3,confirm_K3_i001170,confirm_K3_i000162,256,interpolated_backoff,0.1,1.0,shape_rmse,0.0419006316735899,0.0336027524678231,-0.0082978792057668
count_predictor,gain_K3_p14,gain_contrast,3,confirm_K3_i001170,confirm_K3_i000162,256,interpolated_backoff,0.1,1.0,excess_ce_H,0.049594090476601,0.0460263791423927,-0.0035677113342083
count_predictor,gain_K3_p14,gain_contrast,3,confirm_K3_i001170,confirm_K3_i000162,256,interpolated_backoff,0.1,5.0,shape_rmse,0.0274982108098536,0.0248663861199861,-0.0026318246898674
count_predictor,gain_K3_p14,gain_contrast,3,confirm_K3_i001170,confirm_K3_i000162,256,interpolated_backoff,0.1,5.0,excess_ce_H,0.0320294754377687,0.0353713332410465,0.0033418578032778
count_predictor,gain_K3_p14,gain_contrast,3,confirm_K3_i001170,confirm_K3_i000162,256,interpolated_backoff,0.1,20.0,shape_rmse,0.0154604435222652,0.0162916167655342,0.0008311732432689
count_predictor,gain_K3_p14,gain_contrast,3,confirm_K3_i001170,confirm_K3_i000162,256,interpolated_backoff,0.1,20.0,excess_ce_H,0.017157815523134,0.024837449781818,0.0076796342586839
count_predictor,gain_K3_p14,gain_contrast,3,confirm_K3_i001170,confirm_K3_i000162,256,additive,0.5,,shape_rmse,0.0395268758972149,0.0359031849402172,-0.0036236909569977
count_predictor,gain_K3_p14,gain_contrast,3,confirm_K3_i001170,confirm_K3_i000162,256,additive,0.5,,excess_ce_H,0.0467097798469433,0.049050232799368,0.0023404529524247
count_predictor,gain_K3_p14,gain_contrast,3,confirm_K3_i001170,confirm_K3_i000162,256,interpolated_backoff,0.5,1.0,shape_rmse,0.0318484771541818,0.0314024502953262,-0.0004460268588555
count_predictor,gain_K3_p14,gain_contrast,3,confirm_K3_i001170,confirm_K3_i000162,256,interpolated_backoff,0.5,1.0,excess_ce_H,0.0374091435774348,0.0435177893067488,0.006108645729314
count_predictor,gain_K3_p14,gain_contrast,3,confirm_K3_i001170,confirm_K3_i000162,256,interpolated_backoff,0.5,5.0,shape_rmse,0.0232518256429866,0.0254903519617404,0.0022385263187537
count_predictor,gain_K3_p14,gain_contrast,3,confirm_K3_i001170,confirm_K3_i000162,256,interpolated_backoff,0.5,5.0,excess_ce_H,0.0268748584332496,0.036276670292304,0.0094018118590543
count_predictor,gain_K3_p14,gain_contrast,3,confirm_K3_i001170,confirm_K3_i000162,256,interpolated_backoff,0.5,20.0,shape_rmse,0.0144635237303652,0.0178908216553635,0.0034272979249983
count_predictor,gain_K3_p14,gain_contrast,3,confirm_K3_i001170,confirm_K3_i000162,256,interpolated_backoff,0.5,20.0,excess_ce_H,0.015936481415212,0.026908929253393,0.010972447838181
count_predictor,gain_K3_p14,gain_contrast,3,confirm_K3_i001170,confirm_K3_i000162,256,additive,1.0,,shape_rmse,0.0406708115688338,0.0399388057544649,-0.0007320058143688
count_predictor,gain_K3_p14,gain_contrast,3,confirm_K3_i001170,confirm_K3_i000162,256,additive,1.0,,excess_ce_H,0.0483796166690908,0.0543133687608015,0.0059337520917107
count_predictor,gain_K3_p14,gain_contrast,3,confirm_K3_i001170,confirm_K3_i000162,256,interpolated_backoff,1.0,1.0,shape_rmse,0.0338907369379761,0.0360380527186886,0.0021473157807125
count_predictor,gain_K3_p14,gain_contrast,3,confirm_K3_i001170,confirm_K3_i000162,256,interpolated_backoff,1.0,1.0,excess_ce_H,0.0401609976213859,0.0494972513575284,0.0093362537361425
count_predictor,gain_K3_p14,gain_contrast,3,confirm_K3_i001170,confirm_K3_i000162,256,interpolated_backoff,1.0,5.0,shape_rmse,0.0256781382154102,0.0303169349995133,0.004638796784103
count_predictor,gain_K3_p14,gain_contrast,3,confirm_K3_i001170,confirm_K3_i000162,256,interpolated_backoff,1.0,5.0,excess_ce_H,0.0300695627459135,0.0424696024482227,0.0124000397023091
count_predictor,gain_K3_p14,gain_contrast,3,confirm_K3_i001170,confirm_K3_i000162,256,interpolated_backoff,1.0,20.0,shape_rmse,0.0165708489485155,0.0220961157058362,0.0055252667573207
count_predictor,gain_K3_p14,gain_contrast,3,confirm_K3_i001170,confirm_K3_i000162,256,interpolated_backoff,1.0,20.0,excess_ce_H,0.0186940942731399,0.0323252916670158,0.0136311973938759
count_predictor,gain_K3_p14,gain_contrast,3,confirm_K3_i001170,confirm_K3_i000162,512,additive,0.1,,shape_rmse,0.036838037668491,0.0229796663666933,-0.0138583713017977
count_predictor,gain_K3_p14,gain_contrast,3,confirm_K3_i001170,confirm_K3_i000162,512,additive,0.1,,excess_ce_H,0.0420173279162041,0.0316045172993437,-0.0104128106168603
count_predictor,gain_K3_p14,gain_contrast,3,confirm_K3_i001170,confirm_K3_i000162,512,interpolated_backoff,0.1,1.0,shape_rmse,0.0280222832987161,0.0183441973383718,-0.0096780859603443
count_predictor,gain_K3_p14,gain_contrast,3,confirm_K3_i001170,confirm_K3_i000162,512,interpolated_backoff,0.1,1.0,excess_ce_H,0.0314550487683267,0.0260001929646622,-0.0054548558036645
count_predictor,gain_K3_p14,gain_contrast,3,confirm_K3_i001170,confirm_K3_i000162,512,interpolated_backoff,0.1,5.0,shape_rmse,0.0192382431789663,0.0139501642768705,-0.0052880789020957
count_predictor,gain_K3_p14,gain_contrast,3,confirm_K3_i001170,confirm_K3_i000162,512,interpolated_backoff,0.1,5.0,excess_ce_H,0.020891213274006,0.0206784553729426,-0.0002127579010634
count_predictor,gain_K3_p14,gain_contrast,3,confirm_K3_i001170,confirm_K3_i000162,512,interpolated_backoff,0.1,20.0,shape_rmse,0.0113549630195512,0.0096465661392181,-0.0017083968803331
count_predictor,gain_K3_p14,gain_contrast,3,confirm_K3_i001170,confirm_K3_i000162,512,interpolated_backoff,0.1,20.0,excess_ce_H,0.0113088141337136,0.0154333428961896,0.004124528762476
count_predictor,gain_K3_p14,gain_contrast,3,confirm_K3_i001170,confirm_K3_i000162,512,additive,0.5,,shape_rmse,0.0255338201227081,0.0200911622871441,-0.005442657835564
count_predictor,gain_K3_p14,gain_contrast,3,confirm_K3_i001170,confirm_K3_i000162,512,additive,0.5,,excess_ce_H,0.0284995564980237,0.0282459238671288,-0.0002536326308949
count_predictor,gain_K3_p14,gain_contrast,3,confirm_K3_i001170,confirm_K3_i000162,512,interpolated_backoff,0.5,1.0,shape_rmse,0.021368541995445,0.0178064072079987,-0.0035621347874462
count_predictor,gain_K3_p14,gain_contrast,3,confirm_K3_i001170,confirm_K3_i000162,512,interpolated_backoff,0.5,1.0,excess_ce_H,0.0234760718376156,0.0254561828115176,0.001980110973902
count_predictor,gain_K3_p14,gain_contrast,3,confirm_K3_i001170,confirm_K3_i000162,512,interpolated_backoff,0.5,5.0,shape_rmse,0.0161709838721435,0.0147601304278934,-0.0014108534442501
count_predictor,gain_K3_p14,gain_contrast,3,confirm_K3_i001170,confirm_K3_i000162,512,interpolated_backoff,0.5,5.0,excess_ce_H,0.0171905711745667,0.0217456471382682,0.0045550759637014
count_predictor,gain_K3_p14,gain_contrast,3,confirm_K3_i001170,confirm_K3_i000162,512,interpolated_backoff,0.5,20.0,shape_rmse,0.0105034606139746,0.0108249078123679,0.0003214471983933
count_predictor,gain_K3_p14,gain_contrast,3,confirm_K3_i001170,confirm_K3_i000162,512,interpolated_backoff,0.5,20.0,excess_ce_H,0.0102479638851438,0.0169366004853357,0.0066886366001918
count_predictor,gain_K3_p14,gain_contrast,3,confirm_K3_i001170,confirm_K3_i000162,512,additive,1.0,,shape_rmse,0.0259975421814452,0.0228315126050905,-0.0031660295763547
count_predictor,gain_K3_p14,gain_contrast,3,confirm_K3_i001170,confirm_K3_i000162,512,additive,1.0,,excess_ce_H,0.0292245620744897,0.0317746092638475,0.0025500471893578
count_predictor,gain_K3_p14,gain_contrast,3,confirm_K3_i001170,confirm_K3_i000162,512,interpolated_backoff,1.0,1.0,shape_rmse,0.0223202648947949,0.0208189557046392,-0.0015013091901556
count_predictor,gain_K3_p14,gain_contrast,3,confirm_K3_i001170,confirm_K3_i000162,512,interpolated_backoff,1.0,1.0,excess_ce_H,0.0247805113993122,0.029302449853616,0.0045219384543037
count_predictor,gain_K3_p14,gain_contrast,3,confirm_K3_i001170,confirm_K3_i000162,512,interpolated_backoff,1.0,5.0,shape_rmse,0.0173988027609956,0.0178431405279838,0.0004443377669881
count_predictor,gain_K3_p14,gain_contrast,3,confirm_K3_i001170,confirm_K3_i000162,512,interpolated_backoff,1.0,5.0,excess_ce_H,0.0188080855864443,0.025660164488767,0.0068520789023226
count_predictor,gain_K3_p14,gain_contrast,3,confirm_K3_i001170,confirm_K3_i000162,512,interpolated_backoff,1.0,20.0,shape_rmse,0.0116796824508382,0.0135397924782072,0.0018601100273689
count_predictor,gain_K3_p14,gain_contrast,3,confirm_K3_i001170,confirm_K3_i000162,512,interpolated_backoff,1.0,20.0,excess_ce_H,0.0117698040001328,0.0203892887266607,0.0086194847265278
count_predictor,gain_K3_p14,gain_contrast,3,confirm_K3_i001170,confirm_K3_i000162,1024,additive,0.1,,shape_rmse,0.0203970629692439,0.0153819517738922,-0.0050151111953517
count_predictor,gain_K3_p14,gain_contrast,3,confirm_K3_i001170,confirm_K3_i000162,1024,additive,0.1,,excess_ce_H,0.0217394198374811,0.0218911543822066,0.0001517345447254
count_predictor,gain_K3_p14,gain_contrast,3,confirm_K3_i001170,confirm_K3_i000162,1024,interpolated_backoff,0.1,1.0,shape_rmse,0.0168059909411508,0.0122116404359081,-0.0045943505052426
count_predictor,gain_K3_p14,gain_contrast,3,confirm_K3_i001170,confirm_K3_i000162,1024,interpolated_backoff,0.1,1.0,excess_ce_H,0.0173854429021187,0.0181564146453565,0.0007709717432377
count_predictor,gain_K3_p14,gain_contrast,3,confirm_K3_i001170,confirm_K3_i000162,1024,interpolated_backoff,0.1,5.0,shape_rmse,0.0124627907799538,0.0095517822789558,-0.002911008500998
count_predictor,gain_K3_p14,gain_contrast,3,confirm_K3_i001170,confirm_K3_i000162,1024,interpolated_backoff,0.1,5.0,excess_ce_H,0.0121345366035916,0.0150099185799521,0.0028753819763605
count_predictor,gain_K3_p14,gain_contrast,3,confirm_K3_i001170,confirm_K3_i000162,1024,interpolated_backoff,0.1,20.0,shape_rmse,0.0079149574314365,0.0070965905275697,-0.0008183669038668
count_predictor,gain_K3_p14,gain_contrast,3,confirm_K3_i001170,confirm_K3_i000162,1024,interpolated_backoff,0.1,20.0,excess_ce_H,0.006600872993639,0.0120609456538078,0.0054600726601688
count_predictor,gain_K3_p14,gain_contrast,3,confirm_K3_i001170,confirm_K3_i000162,1024,additive,0.5,,shape_rmse,0.0145883223414737,0.0130049932372412,-0.0015833291042325
count_predictor,gain_K3_p14,gain_contrast,3,confirm_K3_i001170,confirm_K3_i000162,1024,additive,0.5,,excess_ce_H,0.0147035246055946,0.0191709711015344,0.0044674464959398
count_predictor,gain_K3_p14,gain_contrast,3,confirm_K3_i001170,confirm_K3_i000162,1024,interpolated_backoff,0.5,1.0,shape_rmse,0.0128274993100776,0.0115408731443859,-0.0012866261656917
count_predictor,gain_K3_p14,gain_contrast,3,confirm_K3_i001170,confirm_K3_i000162,1024,interpolated_backoff,0.5,1.0,excess_ce_H,0.0125673788945743,0.0174286794440832,0.0048613005495088
count_predictor,gain_K3_p14,gain_contrast,3,confirm_K3_i001170,confirm_K3_i000162,1024,interpolated_backoff,0.5,5.0,shape_rmse,0.0103536881279188,0.0097773324847382,-0.0005763556431805
count_predictor,gain_K3_p14,gain_contrast,3,confirm_K3_i001170,confirm_K3_i000162,1024,interpolated_backoff,0.5,5.0,excess_ce_H,0.0095678523101385,0.0153196100225836,0.0057517577124451
count_predictor,gain_K3_p14,gain_contrast,3,confirm_K3_i001170,confirm_K3_i000162,1024,interpolated_backoff,0.5,20.0,shape_rmse,0.0071448579465851,0.007593324926729,0.0004484669801438
count_predictor,gain_K3_p14,gain_contrast,3,confirm_K3_i001170,confirm_K3_i000162,1024,interpolated_backoff,0.5,20.0,excess_ce_H,0.0056516072782815,0.0126787817983777,0.0070271745200962
count_predictor,gain_K3_p14,gain_contrast,3,confirm_K3_i001170,confirm_K3_i000162,1024,additive,1.0,,shape_rmse,0.015043035750162,0.0143302843373751,-0.0007127514127868
count_predictor,gain_K3_p14,gain_contrast,3,confirm_K3_i001170,confirm_K3_i000162,1024,additive,1.0,,excess_ce_H,0.015295167075586,0.0209077458537658,0.0056125787781798
count_predictor,gain_K3_p14,gain_contrast,3,confirm_K3_i001170,confirm_K3_i000162,1024,interpolated_backoff,1.0,1.0,shape_rmse,0.0134017116846856,0.0131167700840693,-0.0002849416006163
count_predictor,gain_K3_p14,gain_contrast,3,confirm_K3_i001170,confirm_K3_i000162,1024,interpolated_backoff,1.0,1.0,excess_ce_H,0.0133073804762131,0.0194482049593798,0.0061408244831667
count_predictor,gain_K3_p14,gain_contrast,3,confirm_K3_i001170,confirm_K3_i000162,1024,interpolated_backoff,1.0,5.0,shape_rmse,0.0110030049874258,0.011444391228223,0.0004413862407972
count_predictor,gain_K3_p14,gain_contrast,3,confirm_K3_i001170,confirm_K3_i000162,1024,interpolated_backoff,1.0,5.0,excess_ce_H,0.0103995106130216,0.0174270204076698,0.0070275097946481
count_predictor,gain_K3_p14,gain_contrast,3,confirm_K3_i001170,confirm_K3_i000162,1024,interpolated_backoff,1.0,20.0,shape_rmse,0.0077592565230202,0.0090962071858142,0.0013369506627939
count_predictor,gain_K3_p14,gain_contrast,3,confirm_K3_i001170,confirm_K3_i000162,1024,interpolated_backoff,1.0,20.0,excess_ce_H,0.0064373665955477,0.0145713360600441,0.0081339694644964
count_predictor,gain_K3_p14,gain_contrast,3,confirm_K3_i001170,confirm_K3_i000162,2048,additive,0.1,,shape_rmse,0.0123957459710745,0.0077860263188602,-0.0046097196522143
count_predictor,gain_K3_p14,gain_contrast,3,confirm_K3_i001170,confirm_K3_i000162,2048,additive,0.1,,excess_ce_H,0.0119149212452298,0.0123812864620893,0.0004663652168594
count_predictor,gain_K3_p14,gain_contrast,3,confirm_K3_i001170,confirm_K3_i000162,2048,interpolated_backoff,0.1,1.0,shape_rmse,0.0105371295370509,0.0063679955261307,-0.0041691340109201
count_predictor,gain_K3_p14,gain_contrast,3,confirm_K3_i001170,confirm_K3_i000162,2048,interpolated_backoff,0.1,1.0,excess_ce_H,0.0096379162973148,0.0107247587636387,0.0010868424663239
count_predictor,gain_K3_p14,gain_contrast,3,confirm_K3_i001170,confirm_K3_i000162,2048,interpolated_backoff,0.1,5.0,shape_rmse,0.0082533142971347,0.0051542839912047,-0.00309903030593
count_predictor,gain_K3_p14,gain_contrast,3,confirm_K3_i001170,confirm_K3_i000162,2048,interpolated_backoff,0.1,5.0,excess_ce_H,0.0068768022173339,0.0093022805171847,0.0024254782998507
count_predictor,gain_K3_p14,gain_contrast,3,confirm_K3_i001170,confirm_K3_i000162,2048,interpolated_backoff,0.1,20.0,shape_rmse,0.0058314008012231,0.0039843589576891,-0.0018470418435339
count_predictor,gain_K3_p14,gain_contrast,3,confirm_K3_i001170,confirm_K3_i000162,2048,interpolated_backoff,0.1,20.0,excess_ce_H,0.0039335133759677,0.0079113900103735,0.0039778766344058
count_predictor,gain_K3_p14,gain_contrast,3,confirm_K3_i001170,confirm_K3_i000162,2048,additive,0.5,,shape_rmse,0.0091796630766404,0.0068015618103382,-0.0023781012663021
count_predictor,gain_K3_p14,gain_contrast,3,confirm_K3_i001170,confirm_K3_i000162,2048,additive,0.5,,excess_ce_H,0.0080264253883819,0.0112746506578371,0.0032482252694552
count_predictor,gain_K3_p14,gain_contrast,3,confirm_K3_i001170,confirm_K3_i000162,2048,interpolated_backoff,0.5,1.0,shape_rmse,0.0083045828337753,0.0061431307047278,-0.0021614521290475
count_predictor,gain_K3_p14,gain_contrast,3,confirm_K3_i001170,confirm_K3_i000162,2048,interpolated_backoff,0.5,1.0,excess_ce_H,0.0069588530993653,0.010494665278818,0.0035358121794527
count_predictor,gain_K3_p14,gain_contrast,3,confirm_K3_i001170,confirm_K3_i000162,2048,interpolated_backoff,0.5,5.0,shape_rmse,0.0070391310014579,0.0053223691115541,-0.0017167618899038
count_predictor,gain_K3_p14,gain_contrast,3,confirm_K3_i001170,confirm_K3_i000162,2048,interpolated_backoff,0.5,5.0,excess_ce_H,0.0054189144405167,0.0095248468506288,0.0041059324101121
count_predictor,gain_K3_p14,gain_contrast,3,confirm_K3_i001170,confirm_K3_i000162,2048,interpolated_backoff,0.5,20.0,shape_rmse,0.0053032750837494,0.0042586464502437,-0.0010446286335057
count_predictor,gain_K3_p14,gain_contrast,3,confirm_K3_i001170,confirm_K3_i000162,2048,interpolated_backoff,0.5,20.0,excess_ce_H,0.00329693123074,0.00825791615996,0.00496098492922
count_predictor,gain_K3_p14,gain_contrast,3,confirm_K3_i001170,confirm_K3_i000162,2048,additive,1.0,,shape_rmse,0.0093801651917072,0.0076738433195332,-0.001706321872174
count_predictor,gain_K3_p14,gain_contrast,3,confirm_K3_i001170,confirm_K3_i000162,2048,additive,1.0,,excess_ce_H,0.0082864442929722,0.0124007557341885,0.0041143114412162
count_predictor,gain_K3_p14,gain_contrast,3,confirm_K3_i001170,confirm_K3_i000162,2048,interpolated_backoff,1.0,1.0,shape_rmse,0.0085805266787603,0.0071081525615791,-0.0014723741171811
count_predictor,gain_K3_p14,gain_contrast,3,confirm_K3_i001170,confirm_K3_i000162,2048,interpolated_backoff,1.0,1.0,excess_ce_H,0.0073151812080924,0.0117222438578852,0.0044070626497928
count_predictor,gain_K3_p14,gain_contrast,3,confirm_K3_i001170,confirm_K3_i000162,2048,interpolated_backoff,1.0,5.0,shape_rmse,0.0073787202895344,0.0062993454492264,-0.001079374840308
count_predictor,gain_K3_p14,gain_contrast,3,confirm_K3_i001170,confirm_K3_i000162,2048,interpolated_backoff,1.0,5.0,excess_ce_H,0.0058521405914664,0.010754355790949,0.0049022151994825
count_predictor,gain_K3_p14,gain_contrast,3,confirm_K3_i001170,confirm_K3_i000162,2048,interpolated_backoff,1.0,20.0,shape_rmse,0.0056273483825117,0.0051271917661456,-0.0005001566163661
count_predictor,gain_K3_p14,gain_contrast,3,confirm_K3_i001170,confirm_K3_i000162,2048,interpolated_backoff,1.0,20.0,excess_ce_H,0.0037092087650416,0.0093467795541044,0.0056375707890628
count_predictor,gain_K3_p15,gain_contrast,3,confirm_K3_i000012,confirm_K3_i000306,64,additive,0.1,,shape_rmse,0.0559769756655913,0.0520439362865309,-0.0039330393790604
count_predictor,gain_K3_p15,gain_contrast,3,confirm_K3_i000012,confirm_K3_i000306,64,additive,0.1,,excess_ce_H,0.0698010171559175,0.0674481786337204,-0.0023528385221971
count_predictor,gain_K3_p15,gain_contrast,3,confirm_K3_i000012,confirm_K3_i000306,64,interpolated_backoff,0.1,1.0,shape_rmse,0.0407246998596297,0.0347404979376185,-0.0059842019220111
count_predictor,gain_K3_p15,gain_contrast,3,confirm_K3_i000012,confirm_K3_i000306,64,interpolated_backoff,0.1,1.0,excess_ce_H,0.0509312708168023,0.0452625466259304,-0.0056687241908719
count_predictor,gain_K3_p15,gain_contrast,3,confirm_K3_i000012,confirm_K3_i000306,64,interpolated_backoff,0.1,5.0,shape_rmse,0.0266064035540881,0.0237675950062684,-0.0028388085478196
count_predictor,gain_K3_p15,gain_contrast,3,confirm_K3_i000012,confirm_K3_i000306,64,interpolated_backoff,0.1,5.0,excess_ce_H,0.0335642103309457,0.0311025936279689,-0.0024616167029767
count_predictor,gain_K3_p15,gain_contrast,3,confirm_K3_i000012,confirm_K3_i000306,64,interpolated_backoff,0.1,20.0,shape_rmse,0.0147966985389705,0.0149673418819221,0.0001706433429515
count_predictor,gain_K3_p15,gain_contrast,3,confirm_K3_i000012,confirm_K3_i000306,64,interpolated_backoff,0.1,20.0,excess_ce_H,0.0187226417146684,0.0198166442711418,0.0010940025564734
count_predictor,gain_K3_p15,gain_contrast,3,confirm_K3_i000012,confirm_K3_i000306,64,additive,0.5,,shape_rmse,0.0548855214916753,0.0496529019655109,-0.0052326195261643
count_predictor,gain_K3_p15,gain_contrast,3,confirm_K3_i000012,confirm_K3_i000306,64,additive,0.5,,excess_ce_H,0.0695793889775051,0.0646432736694826,-0.0049361153080225
count_predictor,gain_K3_p15,gain_contrast,3,confirm_K3_i000012,confirm_K3_i000306,64,interpolated_backoff,0.5,1.0,shape_rmse,0.0463477910792252,0.0376171762765785,-0.0087306148026467
count_predictor,gain_K3_p15,gain_contrast,3,confirm_K3_i000012,confirm_K3_i000306,64,interpolated_backoff,0.5,1.0,excess_ce_H,0.0588179264120252,0.0492394317019992,-0.0095784947100259
count_predictor,gain_K3_p15,gain_contrast,3,confirm_K3_i000012,confirm_K3_i000306,64,interpolated_backoff,0.5,5.0,shape_rmse,0.0355744975246728,0.0283237425389116,-0.0072507549857612
count_predictor,gain_K3_p15,gain_contrast,3,confirm_K3_i000012,confirm_K3_i000306,64,interpolated_backoff,0.5,5.0,excess_ce_H,0.0454944343899963,0.0372270194945563,-0.00826741489544
count_predictor,gain_K3_p15,gain_contrast,3,confirm_K3_i000012,confirm_K3_i000306,64,interpolated_backoff,0.5,20.0,shape_rmse,0.0228961406053786,0.0188803436187669,-0.0040157969866117
count_predictor,gain_K3_p15,gain_contrast,3,confirm_K3_i000012,confirm_K3_i000306,64,interpolated_backoff,0.5,20.0,excess_ce_H,0.0295710374673967,0.0250934893543559,-0.0044775481130408
count_predictor,gain_K3_p15,gain_contrast,3,confirm_K3_i000012,confirm_K3_i000306,64,additive,1.0,,shape_rmse,0.0678713449822008,0.0603965919389122,-0.0074747530432886
count_predictor,gain_K3_p15,gain_contrast,3,confirm_K3_i000012,confirm_K3_i000306,64,additive,1.0,,excess_ce_H,0.0871418299718032,0.0793312953465594,-0.0078105346252437
count_predictor,gain_K3_p15,gain_contrast,3,confirm_K3_i000012,confirm_K3_i000306,64,interpolated_backoff,1.0,1.0,shape_rmse,0.0597110345598426,0.0489439316753532,-0.0107671028844893
count_predictor,gain_K3_p15,gain_contrast,3,confirm_K3_i000012,confirm_K3_i000306,64,interpolated_backoff,1.0,1.0,excess_ce_H,0.0768183580079495,0.0646137293537361,-0.0122046286542134
count_predictor,gain_K3_p15,gain_contrast,3,confirm_K3_i000012,confirm_K3_i000306,64,interpolated_backoff,1.0,5.0,shape_rmse,0.0480510643612432,0.0385414448953334,-0.0095096194659098
count_predictor,gain_K3_p15,gain_contrast,3,confirm_K3_i000012,confirm_K3_i000306,64,interpolated_backoff,1.0,5.0,excess_ce_H,0.0623791396271826,0.0511185946301451,-0.0112605449970374
count_predictor,gain_K3_p15,gain_contrast,3,confirm_K3_i000012,confirm_K3_i000306,64,interpolated_backoff,1.0,20.0,shape_rmse,0.0327425311097507,0.0266602331698346,-0.0060822979399161
count_predictor,gain_K3_p15,gain_contrast,3,confirm_K3_i000012,confirm_K3_i000306,64,interpolated_backoff,1.0,20.0,excess_ce_H,0.043147992241403,0.0357602583094873,-0.0073877339319156
count_predictor,gain_K3_p15,gain_contrast,3,confirm_K3_i000012,confirm_K3_i000306,128,additive,0.1,,shape_rmse,0.0270950098506122,0.0320933051426397,0.0049982952920275
count_predictor,gain_K3_p15,gain_contrast,3,confirm_K3_i000012,confirm_K3_i000306,128,additive,0.1,,excess_ce_H,0.0331748814101058,0.0416216279552796,0.0084467465451738
count_predictor,gain_K3_p15,gain_contrast,3,confirm_K3_i000012,confirm_K3_i000306,128,interpolated_backoff,0.1,1.0,shape_rmse,0.0216447816635647,0.0211886900778719,-0.0004560915856928
count_predictor,gain_K3_p15,gain_contrast,3,confirm_K3_i000012,confirm_K3_i000306,128,interpolated_backoff,0.1,1.0,excess_ce_H,0.026170344762566,0.0277933388899986,0.0016229941274325
count_predictor,gain_K3_p15,gain_contrast,3,confirm_K3_i000012,confirm_K3_i000306,128,interpolated_backoff,0.1,5.0,shape_rmse,0.0155945979102067,0.0147288298967803,-0.0008657680134264
count_predictor,gain_K3_p15,gain_contrast,3,confirm_K3_i000012,confirm_K3_i000306,128,interpolated_backoff,0.1,5.0,excess_ce_H,0.0186730138491963,0.0194261622033906,0.0007531483541943
count_predictor,gain_K3_p15,gain_contrast,3,confirm_K3_i000012,confirm_K3_i000306,128,interpolated_backoff,0.1,20.0,shape_rmse,0.0094740200463475,0.0095055702038547,3.155015750719997e-05
count_predictor,gain_K3_p15,gain_contrast,3,confirm_K3_i000012,confirm_K3_i000306,128,interpolated_backoff,0.1,20.0,excess_ce_H,0.0110250621637739,0.0126441900555811,0.0016191278918072
count_predictor,gain_K3_p15,gain_contrast,3,confirm_K3_i000012,confirm_K3_i000306,128,additive,0.5,,shape_rmse,0.0301785941568899,0.0301561918137179,-2.240234317199899e-05
count_predictor,gain_K3_p15,gain_contrast,3,confirm_K3_i000012,confirm_K3_i000306,128,additive,0.5,,excess_ce_H,0.0372160359423592,0.0392036004212594,0.0019875644789002
count_predictor,gain_K3_p15,gain_contrast,3,confirm_K3_i000012,confirm_K3_i000306,128,interpolated_backoff,0.5,1.0,shape_rmse,0.0267540732776316,0.0228755414218054,-0.0038785318558262
count_predictor,gain_K3_p15,gain_contrast,3,confirm_K3_i000012,confirm_K3_i000306,128,interpolated_backoff,0.5,1.0,excess_ce_H,0.0327710171327804,0.0299393143049246,-0.0028317028278557
count_predictor,gain_K3_p15,gain_contrast,3,confirm_K3_i000012,confirm_K3_i000306,128,interpolated_backoff,0.5,5.0,shape_rmse,0.0218309169658998,0.0173875355754307,-0.0044433813904691
count_predictor,gain_K3_p15,gain_contrast,3,confirm_K3_i000012,confirm_K3_i000306,128,interpolated_backoff,0.5,5.0,excess_ce_H,0.0266221117098051,0.0228329277309347,-0.0037891839788703
count_predictor,gain_K3_p15,gain_contrast,3,confirm_K3_i000012,confirm_K3_i000306,128,interpolated_backoff,0.5,20.0,shape_rmse,0.0150703779466599,0.0118494230918552,-0.0032209548548046
count_predictor,gain_K3_p15,gain_contrast,3,confirm_K3_i000012,confirm_K3_i000306,128,interpolated_backoff,0.5,20.0,excess_ce_H,0.0182012392690262,0.0156606906278304,-0.0025405486411958
count_predictor,gain_K3_p15,gain_contrast,3,confirm_K3_i000012,confirm_K3_i000306,128,additive,1.0,,shape_rmse,0.0394509784709931,0.037088472492427,-0.0023625059785661
count_predictor,gain_K3_p15,gain_contrast,3,confirm_K3_i000012,confirm_K3_i000306,128,additive,1.0,,excess_ce_H,0.0492801804603495,0.048445045231527,-0.0008351352288225
count_predictor,gain_K3_p15,gain_contrast,3,confirm_K3_i000012,confirm_K3_i000306,128,interpolated_backoff,1.0,1.0,shape_rmse,0.0359494967578519,0.0302041120861068,-0.005745384671745
count_predictor,gain_K3_p15,gain_contrast,3,confirm_K3_i000012,confirm_K3_i000306,128,interpolated_backoff,1.0,1.0,excess_ce_H,0.0447529534907,0.0396396211574361,-0.0051133323332639
count_predictor,gain_K3_p15,gain_contrast,3,confirm_K3_i000012,confirm_K3_i000306,128,interpolated_backoff,1.0,5.0,shape_rmse,0.0304264901859509,0.0240125271702875,-0.0064139630156633
count_predictor,gain_K3_p15,gain_contrast,3,confirm_K3_i000012,confirm_K3_i000306,128,interpolated_backoff,1.0,5.0,excess_ce_H,0.0378584366770875,0.0316126975676729,-0.0062457391094146
count_predictor,gain_K3_p15,gain_contrast,3,confirm_K3_i000012,confirm_K3_i000306,128,interpolated_backoff,1.0,20.0,shape_rmse,0.0221526705919664,0.0169665935609343,-0.005186077031032
count_predictor,gain_K3_p15,gain_contrast,3,confirm_K3_i000012,confirm_K3_i000306,128,interpolated_backoff,1.0,20.0,excess_ce_H,0.0275758284904112,0.0224839045842388,-0.0050919239061724
count_predictor,gain_K3_p15,gain_contrast,3,confirm_K3_i000012,confirm_K3_i000306,256,additive,0.1,,shape_rmse,0.0145860936418265,0.0210553548865518,0.0064692612447252
count_predictor,gain_K3_p15,gain_contrast,3,confirm_K3_i000012,confirm_K3_i000306,256,additive,0.1,,excess_ce_H,0.0168753640140115,0.0267252336682719,0.0098498696542604
count_predictor,gain_K3_p15,gain_contrast,3,confirm_K3_i000012,confirm_K3_i000306,256,interpolated_backoff,0.1,1.0,shape_rmse,0.0117783300299671,0.0149716089741112,0.0031932789441441
count_predictor,gain_K3_p15,gain_contrast,3,confirm_K3_i000012,confirm_K3_i000306,256,interpolated_backoff,0.1,1.0,excess_ce_H,0.0131566109766207,0.0189401736622569,0.0057835626856362
count_predictor,gain_K3_p15,gain_contrast,3,confirm_K3_i000012,confirm_K3_i000306,256,interpolated_backoff,0.1,5.0,shape_rmse,0.009166673176119,0.0108457778940007,0.0016791047178817
count_predictor,gain_K3_p15,gain_contrast,3,confirm_K3_i000012,confirm_K3_i000306,256,interpolated_backoff,0.1,5.0,excess_ce_H,0.009917772548607,0.0136594653079444,0.0037416927593374
count_predictor,gain_K3_p15,gain_contrast,3,confirm_K3_i000012,confirm_K3_i000306,256,interpolated_backoff,0.1,20.0,shape_rmse,0.0062235899073481,0.0074373454841629,0.0012137555768147
count_predictor,gain_K3_p15,gain_contrast,3,confirm_K3_i000012,confirm_K3_i000306,256,interpolated_backoff,0.1,20.0,excess_ce_H,0.0062751549489825,0.0092698038887417,0.0029946489397592
count_predictor,gain_K3_p15,gain_contrast,3,confirm_K3_i000012,confirm_K3_i000306,256,additive,0.5,,shape_rmse,0.0169817704665424,0.0193944429258751,0.0024126724593327
count_predictor,gain_K3_p15,gain_contrast,3,confirm_K3_i000012,confirm_K3_i000306,256,additive,0.5,,excess_ce_H,0.0198354760888113,0.0245270644071615,0.0046915883183502
count_predictor,gain_K3_p15,gain_contrast,3,confirm_K3_i000012,confirm_K3_i000306,256,interpolated_backoff,0.5,1.0,shape_rmse,0.015102780685533,0.0151547458507348,5.196516520179946e-05
count_predictor,gain_K3_p15,gain_contrast,3,confirm_K3_i000012,confirm_K3_i000306,256,interpolated_backoff,0.5,1.0,excess_ce_H,0.017303149988479,0.0190980366776702,0.0017948866891911
count_predictor,gain_K3_p15,gain_contrast,3,confirm_K3_i000012,confirm_K3_i000306,256,interpolated_backoff,0.5,5.0,shape_rmse,0.012940247062897,0.0117529621465103,-0.0011872849163867
count_predictor,gain_K3_p15,gain_contrast,3,confirm_K3_i000012,confirm_K3_i000306,256,interpolated_backoff,0.5,5.0,excess_ce_H,0.0145610760236305,0.0147491638669519,0.0001880878433214
count_predictor,gain_K3_p15,gain_contrast,3,confirm_K3_i000012,confirm_K3_i000306,256,interpolated_backoff,0.5,20.0,shape_rmse,0.0096747677515498,0.0082722032368538,-0.001402564514696
count_predictor,gain_K3_p15,gain_contrast,3,confirm_K3_i000012,confirm_K3_i000306,256,interpolated_backoff,0.5,20.0,excess_ce_H,0.010502303751313,0.0102788465716257,-0.0002234571796873
count_predictor,gain_K3_p15,gain_contrast,3,confirm_K3_i000012,confirm_K3_i000306,256,additive,1.0,,shape_rmse,0.022720243750304,0.0236130638531829,0.0008928201028788
count_predictor,gain_K3_p15,gain_contrast,3,confirm_K3_i000012,confirm_K3_i000306,256,additive,1.0,,excess_ce_H,0.0271513794309072,0.030032862737694,0.0028814833067868
count_predictor,gain_K3_p15,gain_contrast,3,confirm_K3_i000012,confirm_K3_i000306,256,interpolated_backoff,1.0,1.0,shape_rmse,0.0208377492635226,0.019490426155435,-0.0013473231080875
count_predictor,gain_K3_p15,gain_contrast,3,confirm_K3_i000012,confirm_K3_i000306,256,interpolated_backoff,1.0,1.0,excess_ce_H,0.0246177446756388,0.0247438633864958,0.0001261187108569
count_predictor,gain_K3_p15,gain_contrast,3,confirm_K3_i000012,confirm_K3_i000306,256,interpolated_backoff,1.0,5.0,shape_rmse,0.0183560999073407,0.0156884834918255,-0.0026676164155151
count_predictor,gain_K3_p15,gain_contrast,3,confirm_K3_i000012,confirm_K3_i000306,256,interpolated_backoff,1.0,5.0,excess_ce_H,0.0214675957856276,0.0198792456981626,-0.0015883500874649
count_predictor,gain_K3_p15,gain_contrast,3,confirm_K3_i000012,confirm_K3_i000306,256,interpolated_backoff,1.0,20.0,shape_rmse,0.0142785570379517,0.0113023866034309,-0.0029761704345207
count_predictor,gain_K3_p15,gain_contrast,3,confirm_K3_i000012,confirm_K3_i000306,256,interpolated_backoff,1.0,20.0,excess_ce_H,0.016409869639111,0.0142472081321456,-0.0021626615069654
count_predictor,gain_K3_p15,gain_contrast,3,confirm_K3_i000012,confirm_K3_i000306,512,additive,0.1,,shape_rmse,0.0092551951671776,0.0124181999776449,0.0031630048104672
count_predictor,gain_K3_p15,gain_contrast,3,confirm_K3_i000012,confirm_K3_i000306,512,additive,0.1,,excess_ce_H,0.0098441202353465,0.015188864835649,0.0053447446003024
count_predictor,gain_K3_p15,gain_contrast,3,confirm_K3_i000012,confirm_K3_i000306,512,interpolated_backoff,0.1,1.0,shape_rmse,0.0071847569419157,0.0091437142404093,0.0019589572984936
count_predictor,gain_K3_p15,gain_contrast,3,confirm_K3_i000012,confirm_K3_i000306,512,interpolated_backoff,0.1,1.0,excess_ce_H,0.0071559117183961,0.0109739267288579,0.0038180150104618
count_predictor,gain_K3_p15,gain_contrast,3,confirm_K3_i000012,confirm_K3_i000306,512,interpolated_backoff,0.1,5.0,shape_rmse,0.0057299834191226,0.0069765029932074,0.0012465195740848
count_predictor,gain_K3_p15,gain_contrast,3,confirm_K3_i000012,confirm_K3_i000306,512,interpolated_backoff,0.1,5.0,excess_ce_H,0.0053897195246952,0.0082164303111944,0.0028267107864992
count_predictor,gain_K3_p15,gain_contrast,3,confirm_K3_i000012,confirm_K3_i000306,512,interpolated_backoff,0.1,20.0,shape_rmse,0.0041919047447494,0.0051254696285888,0.0009335648838393
count_predictor,gain_K3_p15,gain_contrast,3,confirm_K3_i000012,confirm_K3_i000306,512,interpolated_backoff,0.1,20.0,excess_ce_H,0.003535196466343,0.0058775417833791,0.0023423453170361
count_predictor,gain_K3_p15,gain_contrast,3,confirm_K3_i000012,confirm_K3_i000306,512,additive,0.5,,shape_rmse,0.0101968474041009,0.0117824703693218,0.0015856229652208
count_predictor,gain_K3_p15,gain_contrast,3,confirm_K3_i000012,confirm_K3_i000306,512,additive,0.5,,excess_ce_H,0.0110038688471059,0.0143230456087017,0.0033191767615958
count_predictor,gain_K3_p15,gain_contrast,3,confirm_K3_i000012,confirm_K3_i000306,512,interpolated_backoff,0.5,1.0,shape_rmse,0.0088449273307478,0.0094500315622686,0.0006051042315208
count_predictor,gain_K3_p15,gain_contrast,3,confirm_K3_i000012,confirm_K3_i000306,512,interpolated_backoff,0.5,1.0,excess_ce_H,0.0092109176055625,0.0113237964225858,0.0021128788170233
count_predictor,gain_K3_p15,gain_contrast,3,confirm_K3_i000012,confirm_K3_i000306,512,interpolated_backoff,0.5,5.0,shape_rmse,0.0077141631200259,0.0075451978472449,-0.000168965272781
count_predictor,gain_K3_p15,gain_contrast,3,confirm_K3_i000012,confirm_K3_i000306,512,interpolated_backoff,0.5,5.0,excess_ce_H,0.0077934050192152,0.0088955869317981,0.0011021819125828
count_predictor,gain_K3_p15,gain_contrast,3,confirm_K3_i000012,confirm_K3_i000306,512,interpolated_backoff,0.5,20.0,shape_rmse,0.0060817766950323,0.0055786868304905,-0.0005030898645417
count_predictor,gain_K3_p15,gain_contrast,3,confirm_K3_i000012,confirm_K3_i000306,512,interpolated_backoff,0.5,20.0,excess_ce_H,0.0057840116135903,0.006403637606515,0.0006196259929247
count_predictor,gain_K3_p15,gain_contrast,3,confirm_K3_i000012,confirm_K3_i000306,512,additive,1.0,,shape_rmse,0.0132967443352522,0.0144795244275843,0.0011827800923321
count_predictor,gain_K3_p15,gain_contrast,3,confirm_K3_i000012,confirm_K3_i000306,512,additive,1.0,,excess_ce_H,0.0149435242742015,0.0177866919207083,0.0028431676465068
count_predictor,gain_K3_p15,gain_contrast,3,confirm_K3_i000012,confirm_K3_i000306,512,interpolated_backoff,1.0,1.0,shape_rmse,0.012050469838595,0.0121753799848634,0.0001249101462683
count_predictor,gain_K3_p15,gain_contrast,3,confirm_K3_i000012,confirm_K3_i000306,512,interpolated_backoff,1.0,1.0,excess_ce_H,0.0132818439197432,0.0148273124818836,0.0015454685621403
count_predictor,gain_K3_p15,gain_contrast,3,confirm_K3_i000012,confirm_K3_i000306,512,interpolated_backoff,1.0,5.0,shape_rmse,0.0108137953064107,0.0099561076915486,-0.000857687614862
count_predictor,gain_K3_p15,gain_contrast,3,confirm_K3_i000012,confirm_K3_i000306,512,interpolated_backoff,1.0,5.0,excess_ce_H,0.0117069131088882,0.012000319270534,0.0002934061616458
count_predictor,gain_K3_p15,gain_contrast,3,confirm_K3_i000012,confirm_K3_i000306,512,interpolated_backoff,1.0,20.0,shape_rmse,0.0088289276060341,0.0074116570693327,-0.0014172705367014
count_predictor,gain_K3_p15,gain_contrast,3,confirm_K3_i000012,confirm_K3_i000306,512,interpolated_backoff,1.0,20.0,excess_ce_H,0.009243623856022,0.0087701365995955,-0.0004734872564264
count_predictor,gain_K3_p15,gain_contrast,3,confirm_K3_i000012,confirm_K3_i000306,1024,additive,0.1,,shape_rmse,0.0044732332777014,0.0083550960543717,0.0038818627766702
count_predictor,gain_K3_p15,gain_contrast,3,confirm_K3_i000012,confirm_K3_i000306,1024,additive,0.1,,excess_ce_H,0.0039507655120913,0.0098384333793544,0.005887667867263
count_predictor,gain_K3_p15,gain_contrast,3,confirm_K3_i000012,confirm_K3_i000306,1024,interpolated_backoff,0.1,1.0,shape_rmse,0.0031490168663136,0.0064816124524855,0.0033325955861719
count_predictor,gain_K3_p15,gain_contrast,3,confirm_K3_i000012,confirm_K3_i000306,1024,interpolated_backoff,0.1,1.0,excess_ce_H,0.0022489383145556,0.0074905413418318,0.0052416030272762
count_predictor,gain_K3_p15,gain_contrast,3,confirm_K3_i000012,confirm_K3_i000306,1024,interpolated_backoff,0.1,5.0,shape_rmse,0.0024311024182905,0.0052510894969147,0.0028199870786242
count_predictor,gain_K3_p15,gain_contrast,3,confirm_K3_i000012,confirm_K3_i000306,1024,interpolated_backoff,0.1,5.0,excess_ce_H,0.0013611623948763,0.0059298860508696,0.0045687236559933
count_predictor,gain_K3_p15,gain_contrast,3,confirm_K3_i000012,confirm_K3_i000306,1024,interpolated_backoff,0.1,20.0,shape_rmse,0.0018079440901994,0.0040926017017675,0.0022846576115681
count_predictor,gain_K3_p15,gain_contrast,3,confirm_K3_i000012,confirm_K3_i000306,1024,interpolated_backoff,0.1,20.0,excess_ce_H,0.0006181177804447,0.0044516931432916,0.0038335753628469
count_predictor,gain_K3_p15,gain_contrast,3,confirm_K3_i000012,confirm_K3_i000306,1024,additive,0.5,,shape_rmse,0.005076133611871,0.0076362082179269,0.0025600746060558
count_predictor,gain_K3_p15,gain_contrast,3,confirm_K3_i000012,confirm_K3_i000306,1024,additive,0.5,,excess_ce_H,0.0046802790908024,0.0088959300959508,0.0042156510051483
count_predictor,gain_K3_p15,gain_contrast,3,confirm_K3_i000012,confirm_K3_i000306,1024,interpolated_backoff,0.5,1.0,shape_rmse,0.0042177760292448,0.0063649580780184,0.0021471820487736
count_predictor,gain_K3_p15,gain_contrast,3,confirm_K3_i000012,confirm_K3_i000306,1024,interpolated_backoff,0.5,1.0,excess_ce_H,0.0035509454352624,0.0072883428111636,0.0037373973759011
count_predictor,gain_K3_p15,gain_contrast,3,confirm_K3_i000012,confirm_K3_i000306,1024,interpolated_backoff,0.5,5.0,shape_rmse,0.0036075764902869,0.0053022281401818,0.0016946516498949
count_predictor,gain_K3_p15,gain_contrast,3,confirm_K3_i000012,confirm_K3_i000306,1024,interpolated_backoff,0.5,5.0,excess_ce_H,0.0027489734721102,0.0059382409070192,0.003189267434909
count_predictor,gain_K3_p15,gain_contrast,3,confirm_K3_i000012,confirm_K3_i000306,1024,interpolated_backoff,0.5,20.0,shape_rmse,0.002892472156729,0.0041358470436116,0.0012433748868826
count_predictor,gain_K3_p15,gain_contrast,3,confirm_K3_i000012,confirm_K3_i000306,1024,interpolated_backoff,0.5,20.0,excess_ce_H,0.0018532390603691,0.004457487592649,0.0026042485322799
count_predictor,gain_K3_p15,gain_contrast,3,confirm_K3_i000012,confirm_K3_i000306,1024,additive,1.0,,shape_rmse,0.006821910106379,0.0091079340322409,0.0022860239258619
count_predictor,gain_K3_p15,gain_contrast,3,confirm_K3_i000012,confirm_K3_i000306,1024,additive,1.0,,excess_ce_H,0.0068915161179001,0.0107746186780557,0.0038831025601556
count_predictor,gain_K3_p15,gain_contrast,3,confirm_K3_i000012,confirm_K3_i000306,1024,interpolated_backoff,1.0,1.0,shape_rmse,0.0060686023977444,0.0078733683815812,0.0018047659838367
count_predictor,gain_K3_p15,gain_contrast,3,confirm_K3_i000012,confirm_K3_i000306,1024,interpolated_backoff,1.0,1.0,excess_ce_H,0.005883614796418,0.0092076188582808,0.0033240040618628
count_predictor,gain_K3_p15,gain_contrast,3,confirm_K3_i000012,confirm_K3_i000306,1024,interpolated_backoff,1.0,5.0,shape_rmse,0.0054025601185924,0.0066312541558527,0.0012286940372603
count_predictor,gain_K3_p15,gain_contrast,3,confirm_K3_i000012,confirm_K3_i000306,1024,interpolated_backoff,1.0,5.0,excess_ce_H,0.0049867674296548,0.0076294197401354,0.0026426523104806
count_predictor,gain_K3_p15,gain_contrast,3,confirm_K3_i000012,confirm_K3_i000306,1024,interpolated_backoff,1.0,20.0,shape_rmse,0.0045065129879174,0.0051348177665304,0.000628304778613
count_predictor,gain_K3_p15,gain_contrast,3,confirm_K3_i000012,confirm_K3_i000306,1024,interpolated_backoff,1.0,20.0,excess_ce_H,0.0038445897479384,0.0057343530799787,0.0018897633320403
count_predictor,gain_K3_p15,gain_contrast,3,confirm_K3_i000012,confirm_K3_i000306,2048,additive,0.1,,shape_rmse,0.0022542958775801,0.0050846656097514,0.0028303697321713
count_predictor,gain_K3_p15,gain_contrast,3,confirm_K3_i000012,confirm_K3_i000306,2048,additive,0.1,,excess_ce_H,0.0008402382584049,0.005635485877188,0.0047952476187831
count_predictor,gain_K3_p15,gain_contrast,3,confirm_K3_i000012,confirm_K3_i000306,2048,interpolated_backoff,0.1,1.0,shape_rmse,0.0016062640843129,0.0040376239760651,0.0024313598917522
count_predictor,gain_K3_p15,gain_contrast,3,confirm_K3_i000012,confirm_K3_i000306,2048,interpolated_backoff,0.1,1.0,excess_ce_H,1.793088599333359e-05,0.004307068654646,0.0042891377686526
count_predictor,gain_K3_p15,gain_contrast,3,confirm_K3_i000012,confirm_K3_i000306,2048,interpolated_backoff,0.1,5.0,shape_rmse,0.0012618294675961,0.0033869259736689,0.0021250965060728
count_predictor,gain_K3_p15,gain_contrast,3,confirm_K3_i000012,confirm_K3_i000306,2048,interpolated_backoff,0.1,5.0,excess_ce_H,-0.000424704224935,0.0034424672329982,0.0038671714579332
count_predictor,gain_K3_p15,gain_contrast,3,confirm_K3_i000012,confirm_K3_i000306,2048,interpolated_backoff,0.1,20.0,shape_rmse,0.0009011093118243,0.0026878181900543,0.0017867088782299
count_predictor,gain_K3_p15,gain_contrast,3,confirm_K3_i000012,confirm_K3_i000306,2048,interpolated_backoff,0.1,20.0,excess_ce_H,-0.0008634291291795,0.0025104622661802,0.0033738913953597
count_predictor,gain_K3_p15,gain_contrast,3,confirm_K3_i000012,confirm_K3_i000306,2048,additive,0.5,,shape_rmse,0.0027108173982416,0.0044531779516458,0.0017423605534042
count_predictor,gain_K3_p15,gain_contrast,3,confirm_K3_i000012,confirm_K3_i000306,2048,additive,0.5,,excess_ce_H,0.0013971888894015,0.004809400634556,0.0034122117451545
count_predictor,gain_K3_p15,gain_contrast,3,confirm_K3_i000012,confirm_K3_i000306,2048,interpolated_backoff,0.5,1.0,shape_rmse,0.0022178317335517,0.0037474685550434,0.0015296368214917
count_predictor,gain_K3_p15,gain_contrast,3,confirm_K3_i000012,confirm_K3_i000306,2048,interpolated_backoff,0.5,1.0,excess_ce_H,0.0007617045801378,0.0039183217920784,0.0031566172119406
count_predictor,gain_K3_p15,gain_contrast,3,confirm_K3_i000012,confirm_K3_i000306,2048,interpolated_backoff,0.5,5.0,shape_rmse,0.001872237641124,0.0032225021131937,0.0013502644720697
count_predictor,gain_K3_p15,gain_contrast,3,confirm_K3_i000012,confirm_K3_i000306,2048,interpolated_backoff,0.5,5.0,excess_ce_H,0.0003009497896309,0.0032273579036361,0.0029264081140052
count_predictor,gain_K3_p15,gain_contrast,3,confirm_K3_i000012,confirm_K3_i000306,2048,interpolated_backoff,0.5,20.0,shape_rmse,0.0014510931413048,0.0025919092338769,0.0011408160925721
count_predictor,gain_K3_p15,gain_contrast,3,confirm_K3_i000012,confirm_K3_i000306,2048,interpolated_backoff,0.5,20.0,excess_ce_H,-0.0002345641949454,0.0023914106401283,0.0026259748350737
count_predictor,gain_K3_p15,gain_contrast,3,confirm_K3_i000012,confirm_K3_i000306,2048,additive,1.0,,shape_rmse,0.0036958866850667,0.0052143081726367,0.0015184214875699
count_predictor,gain_K3_p15,gain_contrast,3,confirm_K3_i000012,confirm_K3_i000306,2048,additive,1.0,,excess_ce_H,0.0026516220145593,0.005778361276677,0.0031267392621177
count_predictor,gain_K3_p15,gain_contrast,3,confirm_K3_i000012,confirm_K3_i000306,2048,interpolated_backoff,1.0,1.0,shape_rmse,0.0032358053416002,0.0045276787442189,0.0012918734026187
count_predictor,gain_K3_p15,gain_contrast,3,confirm_K3_i000012,confirm_K3_i000306,2048,interpolated_backoff,1.0,1.0,excess_ce_H,0.002051188357115,0.0049123179215038,0.0028611295643887
count_predictor,gain_K3_p15,gain_contrast,3,confirm_K3_i000012,confirm_K3_i000306,2048,interpolated_backoff,1.0,5.0,shape_rmse,0.0028400181592304,0.0038998157950353,0.0010597976358049
count_predictor,gain_K3_p15,gain_contrast,3,confirm_K3_i000012,confirm_K3_i000306,2048,interpolated_backoff,1.0,5.0,excess_ce_H,0.0015156520739345,0.0040965139402437,0.0025808618663092
count_predictor,gain_K3_p15,gain_contrast,3,confirm_K3_i000012,confirm_K3_i000306,2048,interpolated_backoff,1.0,20.0,shape_rmse,0.0023271920894816,0.0030909480283825,0.0007637559389008
count_predictor,gain_K3_p15,gain_contrast,3,confirm_K3_i000012,confirm_K3_i000306,2048,interpolated_backoff,1.0,20.0,excess_ce_H,0.0008530915889974,0.0030407397041818,0.0021876481151843
count_predictor,gain_K4_p16,gain_contrast,4,confirm_K4_i000291,confirm_K4_i000657,64,additive,0.1,,shape_rmse,0.1399003399086748,0.1686620003217584,0.0287616604130836
count_predictor,gain_K4_p16,gain_contrast,4,confirm_K4_i000291,confirm_K4_i000657,64,additive,0.1,,excess_ce_H,0.1799973908760905,0.2146499963442643,0.0346526054681737
count_predictor,gain_K4_p16,gain_contrast,4,confirm_K4_i000291,confirm_K4_i000657,64,interpolated_backoff,0.1,1.0,shape_rmse,0.0931813620817583,0.1106466768623729,0.0174653147806145
count_predictor,gain_K4_p16,gain_contrast,4,confirm_K4_i000291,confirm_K4_i000657,64,interpolated_backoff,0.1,1.0,excess_ce_H,0.1216435425777262,0.1433862494749631,0.0217427068972368
count_predictor,gain_K4_p16,gain_contrast,4,confirm_K4_i000291,confirm_K4_i000657,64,interpolated_backoff,0.1,5.0,shape_rmse,0.0542915117506361,0.0630401477917213,0.0087486360410852
count_predictor,gain_K4_p16,gain_contrast,4,confirm_K4_i000291,confirm_K4_i000657,64,interpolated_backoff,0.1,5.0,excess_ce_H,0.0723103691633995,0.0838264880851378,0.0115161189217383
count_predictor,gain_K4_p16,gain_contrast,4,confirm_K4_i000291,confirm_K4_i000657,64,interpolated_backoff,0.1,20.0,shape_rmse,0.0261062094747984,0.0290979624861945,0.002991753011396
count_predictor,gain_K4_p16,gain_contrast,4,confirm_K4_i000291,confirm_K4_i000657,64,interpolated_backoff,0.1,20.0,excess_ce_H,0.0356651673754764,0.0401909475613906,0.0045257801859142
count_predictor,gain_K4_p16,gain_contrast,4,confirm_K4_i000291,confirm_K4_i000657,64,additive,0.5,,shape_rmse,0.0921065409461516,0.1012466004080337,0.009140059461882
count_predictor,gain_K4_p16,gain_contrast,4,confirm_K4_i000291,confirm_K4_i000657,64,additive,0.5,,excess_ce_H,0.1192344703830565,0.1307196973729065,0.01148522698985
count_predictor,gain_K4_p16,gain_contrast,4,confirm_K4_i000291,confirm_K4_i000657,64,interpolated_backoff,0.5,1.0,shape_rmse,0.069346076045673,0.0747683180176634,0.0054222419719903
count_predictor,gain_K4_p16,gain_contrast,4,confirm_K4_i000291,confirm_K4_i000657,64,interpolated_backoff,0.5,1.0,excess_ce_H,0.0909328836074765,0.0982366298842742,0.0073037462767976
count_predictor,gain_K4_p16,gain_contrast,4,confirm_K4_i000291,confirm_K4_i000657,64,interpolated_backoff,0.5,5.0,shape_rmse,0.046492750510624,0.0490161517449325,0.0025234012343084
count_predictor,gain_K4_p16,gain_contrast,4,confirm_K4_i000291,confirm_K4_i000657,64,interpolated_backoff,0.5,5.0,excess_ce_H,0.0619133755354581,0.0659363062134381,0.0040229306779799
count_predictor,gain_K4_p16,gain_contrast,4,confirm_K4_i000291,confirm_K4_i000657,64,interpolated_backoff,0.5,20.0,shape_rmse,0.0247950938143556,0.0258756505646175,0.0010805567502618
count_predictor,gain_K4_p16,gain_contrast,4,confirm_K4_i000291,confirm_K4_i000657,64,interpolated_backoff,0.5,20.0,excess_ce_H,0.0337411671096967,0.0359867098195969,0.0022455427099002
count_predictor,gain_K4_p16,gain_contrast,4,confirm_K4_i000291,confirm_K4_i000657,64,additive,1.0,,shape_rmse,0.0936208615980741,0.0982379859715186,0.0046171243734444
count_predictor,gain_K4_p16,gain_contrast,4,confirm_K4_i000291,confirm_K4_i000657,64,additive,1.0,,excess_ce_H,0.121425249630569,0.1274308953325611,0.0060056457019921
count_predictor,gain_K4_p16,gain_contrast,4,confirm_K4_i000291,confirm_K4_i000657,64,interpolated_backoff,1.0,1.0,shape_rmse,0.0740889739149472,0.0756300805337874,0.0015411066188402
count_predictor,gain_K4_p16,gain_contrast,4,confirm_K4_i000291,confirm_K4_i000657,64,interpolated_backoff,1.0,1.0,excess_ce_H,0.0971395915067534,0.0996762759567895,0.0025366844500361
count_predictor,gain_K4_p16,gain_contrast,4,confirm_K4_i000291,confirm_K4_i000657,64,interpolated_backoff,1.0,5.0,shape_rmse,0.0527079218499403,0.051923754307736,-0.0007841675422042
count_predictor,gain_K4_p16,gain_contrast,4,confirm_K4_i000291,confirm_K4_i000657,64,interpolated_backoff,1.0,5.0,excess_ce_H,0.0700079459196691,0.0699251051989562,-8.284072071290671e-05
count_predictor,gain_K4_p16,gain_contrast,4,confirm_K4_i000291,confirm_K4_i000657,64,interpolated_backoff,1.0,20.0,shape_rmse,0.0298942004371332,0.0287583625208732,-0.0011358379162599
count_predictor,gain_K4_p16,gain_contrast,4,confirm_K4_i000291,confirm_K4_i000657,64,interpolated_backoff,1.0,20.0,excess_ce_H,0.0404796234641833,0.0399634797594383,-0.000516143704745
count_predictor,gain_K4_p16,gain_contrast,4,confirm_K4_i000291,confirm_K4_i000657,128,additive,0.1,,shape_rmse,0.0983051804920665,0.1131386585885923,0.0148334780965257
count_predictor,gain_K4_p16,gain_contrast,4,confirm_K4_i000291,confirm_K4_i000657,128,additive,0.1,,excess_ce_H,0.1232559760101787,0.140141255663825,0.0168852796536462
count_predictor,gain_K4_p16,gain_contrast,4,confirm_K4_i000291,confirm_K4_i000657,128,interpolated_backoff,0.1,1.0,shape_rmse,0.0679560953753187,0.0775805359639704,0.0096244405886516
count_predictor,gain_K4_p16,gain_contrast,4,confirm_K4_i000291,confirm_K4_i000657,128,interpolated_backoff,0.1,1.0,excess_ce_H,0.0860777761960962,0.0970054872665606,0.0109277110704643
count_predictor,gain_K4_p16,gain_contrast,4,confirm_K4_i000291,confirm_K4_i000657,128,interpolated_backoff,0.1,5.0,shape_rmse,0.0422247357215763,0.0467267082993097,0.0045019725777334
count_predictor,gain_K4_p16,gain_contrast,4,confirm_K4_i000291,confirm_K4_i000657,128,interpolated_backoff,0.1,5.0,excess_ce_H,0.0542000934652764,0.0592436018513331,0.0050435083860567
count_predictor,gain_K4_p16,gain_contrast,4,confirm_K4_i000291,confirm_K4_i000657,128,interpolated_backoff,0.1,20.0,shape_rmse,0.0221061441432688,0.0233998272864169,0.001293683143148
count_predictor,gain_K4_p16,gain_contrast,4,confirm_K4_i000291,confirm_K4_i000657,128,interpolated_backoff,0.1,20.0,excess_ce_H,0.0287997078941262,0.0300472735180581,0.0012475656239318
count_predictor,gain_K4_p16,gain_contrast,4,confirm_K4_i000291,confirm_K4_i000657,128,additive,0.5,,shape_rmse,0.0650688441120343,0.0701903391874048,0.0051214950753705
count_predictor,gain_K4_p16,gain_contrast,4,confirm_K4_i000291,confirm_K4_i000657,128,additive,0.5,,excess_ce_H,0.0819703016032522,0.0876134122482068,0.0056431106449546
count_predictor,gain_K4_p16,gain_contrast,4,confirm_K4_i000291,confirm_K4_i000657,128,interpolated_backoff,0.5,1.0,shape_rmse,0.0506654741983821,0.0543769134909366,0.0037114392925545
count_predictor,gain_K4_p16,gain_contrast,4,confirm_K4_i000291,confirm_K4_i000657,128,interpolated_backoff,0.5,1.0,excess_ce_H,0.0643573050706116,0.0683842611635985,0.0040269560929868
count_predictor,gain_K4_p16,gain_contrast,4,confirm_K4_i000291,confirm_K4_i000657,128,interpolated_backoff,0.5,5.0,shape_rmse,0.0359073045520817,0.0376283030003432,0.0017209984482614
count_predictor,gain_K4_p16,gain_contrast,4,confirm_K4_i000291,confirm_K4_i000657,128,interpolated_backoff,0.5,5.0,excess_ce_H,0.0459915265374613,0.0477924340631727,0.0018009075257113
count_predictor,gain_K4_p16,gain_contrast,4,confirm_K4_i000291,confirm_K4_i000657,128,interpolated_backoff,0.5,20.0,shape_rmse,0.0206267479567865,0.0214083570205602,0.0007816090637736
count_predictor,gain_K4_p16,gain_contrast,4,confirm_K4_i000291,confirm_K4_i000657,128,interpolated_backoff,0.5,20.0,excess_ce_H,0.026669001778419,0.0273833221754726,0.0007143203970535
count_predictor,gain_K4_p16,gain_contrast,4,confirm_K4_i000291,confirm_K4_i000657,128,additive,1.0,,shape_rmse,0.0655057095536672,0.0686906733085326,0.0031849637548653
count_predictor,gain_K4_p16,gain_contrast,4,confirm_K4_i000291,confirm_K4_i000657,128,additive,1.0,,excess_ce_H,0.0826794762620157,0.0860335181877132,0.0033540419256974
count_predictor,gain_K4_p16,gain_contrast,4,confirm_K4_i000291,confirm_K4_i000657,128,interpolated_backoff,1.0,1.0,shape_rmse,0.0533741596390554,0.0553045021749282,0.0019303425358727
count_predictor,gain_K4_p16,gain_contrast,4,confirm_K4_i000291,confirm_K4_i000657,128,interpolated_backoff,1.0,1.0,excess_ce_H,0.0678356842826208,0.0697424360193403,0.0019067517367195
count_predictor,gain_K4_p16,gain_contrast,4,confirm_K4_i000291,confirm_K4_i000657,128,interpolated_backoff,1.0,5.0,shape_rmse,0.0399064909035324,0.0399717870427453,6.52961392129045e-05
count_predictor,gain_K4_p16,gain_contrast,4,confirm_K4_i000291,confirm_K4_i000657,128,interpolated_backoff,1.0,5.0,excess_ce_H,0.0510552958695242,0.0508546540951424,-0.0002006417743818
count_predictor,gain_K4_p16,gain_contrast,4,confirm_K4_i000291,confirm_K4_i000657,128,interpolated_backoff,1.0,20.0,shape_rmse,0.0242542812616037,0.0238114780833089,-0.0004428031782948
count_predictor,gain_K4_p16,gain_contrast,4,confirm_K4_i000291,confirm_K4_i000657,128,interpolated_backoff,1.0,20.0,excess_ce_H,0.0312734018447009,0.030510512881646,-0.0007628889630548
count_predictor,gain_K4_p16,gain_contrast,4,confirm_K4_i000291,confirm_K4_i000657,256,additive,0.1,,shape_rmse,0.0610277964187343,0.0698454489402419,0.0088176525215076
count_predictor,gain_K4_p16,gain_contrast,4,confirm_K4_i000291,confirm_K4_i000657,256,additive,0.1,,excess_ce_H,0.0749887268266573,0.0843061909365647,0.0093174641099074
count_predictor,gain_K4_p16,gain_contrast,4,confirm_K4_i000291,confirm_K4_i000657,256,interpolated_backoff,0.1,1.0,shape_rmse,0.0445688662835601,0.0502336130622837,0.0056647467787236
count_predictor,gain_K4_p16,gain_contrast,4,confirm_K4_i000291,confirm_K4_i000657,256,interpolated_backoff,0.1,1.0,excess_ce_H,0.0549603126798172,0.0605669190866395,0.0056066064068222
count_predictor,gain_K4_p16,gain_contrast,4,confirm_K4_i000291,confirm_K4_i000657,256,interpolated_backoff,0.1,5.0,shape_rmse,0.0294297392621591,0.0313585770969228,0.0019288378347637
count_predictor,gain_K4_p16,gain_contrast,4,confirm_K4_i000291,confirm_K4_i000657,256,interpolated_backoff,0.1,5.0,excess_ce_H,0.0364559848199337,0.0376860165619687,0.0012300317420349
count_predictor,gain_K4_p16,gain_contrast,4,confirm_K4_i000291,confirm_K4_i000657,256,interpolated_backoff,0.1,20.0,shape_rmse,0.0169307910536661,0.0162834835602155,-0.0006473074934505
count_predictor,gain_K4_p16,gain_contrast,4,confirm_K4_i000291,confirm_K4_i000657,256,interpolated_backoff,0.1,20.0,excess_ce_H,0.0209460354938053,0.0191563237967402,-0.001789711697065
count_predictor,gain_K4_p16,gain_contrast,4,confirm_K4_i000291,confirm_K4_i000657,256,additive,0.5,,shape_rmse,0.0418511142352334,0.0448139085183214,0.002962794283088
count_predictor,gain_K4_p16,gain_contrast,4,confirm_K4_i000291,confirm_K4_i000657,256,additive,0.5,,excess_ce_H,0.051402803603151,0.053790713507825,0.002387909904674
count_predictor,gain_K4_p16,gain_contrast,4,confirm_K4_i000291,confirm_K4_i000657,256,interpolated_backoff,0.5,1.0,shape_rmse,0.0340895199403941,0.0361572265233743,0.0020677065829802
count_predictor,gain_K4_p16,gain_contrast,4,confirm_K4_i000291,confirm_K4_i000657,256,interpolated_backoff,0.5,1.0,excess_ce_H,0.0419461208524136,0.0432859503792359,0.0013398295268223
count_predictor,gain_K4_p16,gain_contrast,4,confirm_K4_i000291,confirm_K4_i000657,256,interpolated_backoff,0.5,5.0,shape_rmse,0.0253031117098052,0.0258593079926536,0.0005561962828483
count_predictor,gain_K4_p16,gain_contrast,4,confirm_K4_i000291,confirm_K4_i000657,256,interpolated_backoff,0.5,5.0,excess_ce_H,0.0311439627781424,0.0307668521922366,-0.0003771105859057
count_predictor,gain_K4_p16,gain_contrast,4,confirm_K4_i000291,confirm_K4_i000657,256,interpolated_backoff,0.5,20.0,shape_rmse,0.0158277485563893,0.0150878822185324,-0.0007398663378568
count_predictor,gain_K4_p16,gain_contrast,4,confirm_K4_i000291,confirm_K4_i000657,256,interpolated_backoff,0.5,20.0,excess_ce_H,0.0193535694516373,0.0175159073425148,-0.0018376621091225
count_predictor,gain_K4_p16,gain_contrast,4,confirm_K4_i000291,confirm_K4_i000657,256,additive,1.0,,shape_rmse,0.0426172271887398,0.0442873462062412,0.0016701190175014
count_predictor,gain_K4_p16,gain_contrast,4,confirm_K4_i000291,confirm_K4_i000657,256,additive,1.0,,excess_ce_H,0.0523944073195907,0.0532224453530247,0.000828038033434
count_predictor,gain_K4_p16,gain_contrast,4,confirm_K4_i000291,confirm_K4_i000657,256,interpolated_backoff,1.0,1.0,shape_rmse,0.0359353014613832,0.0369382043533057,0.0010029028919225
count_predictor,gain_K4_p16,gain_contrast,4,confirm_K4_i000291,confirm_K4_i000657,256,interpolated_backoff,1.0,1.0,excess_ce_H,0.044247421329322,0.0443014987610326,5.407743171059742e-05
count_predictor,gain_K4_p16,gain_contrast,4,confirm_K4_i000291,confirm_K4_i000657,256,interpolated_backoff,1.0,5.0,shape_rmse,0.027849726445511,0.0276303394230919,-0.0002193870224191
count_predictor,gain_K4_p16,gain_contrast,4,confirm_K4_i000291,confirm_K4_i000657,256,interpolated_backoff,1.0,5.0,excess_ce_H,0.0342919599893856,0.0329698189158254,-0.0013221410735601
count_predictor,gain_K4_p16,gain_contrast,4,confirm_K4_i000291,confirm_K4_i000657,256,interpolated_backoff,1.0,20.0,shape_rmse,0.0181840627731017,0.0169658503650607,-0.001218212408041
count_predictor,gain_K4_p16,gain_contrast,4,confirm_K4_i000291,confirm_K4_i000657,256,interpolated_backoff,1.0,20.0,excess_ce_H,0.0222575925831873,0.0198481164977051,-0.0024094760854822
count_predictor,gain_K4_p16,gain_contrast,4,confirm_K4_i000291,confirm_K4_i000657,512,additive,0.1,,shape_rmse,0.0369581267850727,0.0385378282589213,0.0015797014738485
count_predictor,gain_K4_p16,gain_contrast,4,confirm_K4_i000291,confirm_K4_i000657,512,additive,0.1,,excess_ce_H,0.0447284218116572,0.0453648102382509,0.0006363884265936
count_predictor,gain_K4_p16,gain_contrast,4,confirm_K4_i000291,confirm_K4_i000657,512,interpolated_backoff,0.1,1.0,shape_rmse,0.0280421209666008,0.0289034254525116,0.0008613044859108
count_predictor,gain_K4_p16,gain_contrast,4,confirm_K4_i000291,confirm_K4_i000657,512,interpolated_backoff,0.1,1.0,excess_ce_H,0.0338048345862824,0.0337379134965913,-6.692108969110627e-05
count_predictor,gain_K4_p16,gain_contrast,4,confirm_K4_i000291,confirm_K4_i000657,512,interpolated_backoff,0.1,5.0,shape_rmse,0.0193934983290047,0.0192849358936728,-0.0001085624353319
count_predictor,gain_K4_p16,gain_contrast,4,confirm_K4_i000291,confirm_K4_i000657,512,interpolated_backoff,0.1,5.0,excess_ce_H,0.0232296157728537,0.022115596819169,-0.0011140189536846
count_predictor,gain_K4_p16,gain_contrast,4,confirm_K4_i000291,confirm_K4_i000657,512,interpolated_backoff,0.1,20.0,shape_rmse,0.0120103004134373,0.0107337470229704,-0.0012765533904668
count_predictor,gain_K4_p16,gain_contrast,4,confirm_K4_i000291,confirm_K4_i000657,512,interpolated_backoff,0.1,20.0,excess_ce_H,0.0141150302213886,0.0116867338169643,-0.0024282964044243
count_predictor,gain_K4_p16,gain_contrast,4,confirm_K4_i000291,confirm_K4_i000657,512,additive,0.5,,shape_rmse,0.026245948392892,0.0261277302528662,-0.0001182181400257
count_predictor,gain_K4_p16,gain_contrast,4,confirm_K4_i000291,confirm_K4_i000657,512,additive,0.5,,excess_ce_H,0.0313353024617728,0.0301673699988227,-0.0011679324629501
count_predictor,gain_K4_p16,gain_contrast,4,confirm_K4_i000291,confirm_K4_i000657,512,interpolated_backoff,0.5,1.0,shape_rmse,0.0218747774072687,0.0216334980543302,-0.0002412793529384
count_predictor,gain_K4_p16,gain_contrast,4,confirm_K4_i000291,confirm_K4_i000657,512,interpolated_backoff,0.5,1.0,excess_ce_H,0.0260046274022662,0.0247473157622315,-0.0012573116400346
count_predictor,gain_K4_p16,gain_contrast,4,confirm_K4_i000291,confirm_K4_i000657,512,interpolated_backoff,0.5,5.0,shape_rmse,0.0167896047481912,0.0161869779289479,-0.0006026268192433
count_predictor,gain_K4_p16,gain_contrast,4,confirm_K4_i000291,confirm_K4_i000657,512,interpolated_backoff,0.5,5.0,excess_ce_H,0.0197887498264859,0.0181701861865921,-0.0016185636398937
count_predictor,gain_K4_p16,gain_contrast,4,confirm_K4_i000291,confirm_K4_i000657,512,interpolated_backoff,0.5,20.0,shape_rmse,0.0111512728741382,0.0098709517764188,-0.0012803210977193
count_predictor,gain_K4_p16,gain_contrast,4,confirm_K4_i000291,confirm_K4_i000657,512,interpolated_backoff,0.5,20.0,excess_ce_H,0.0128411771915482,0.0104892726726359,-0.0023519045189123
count_predictor,gain_K4_p16,gain_contrast,4,confirm_K4_i000291,confirm_K4_i000657,512,additive,1.0,,shape_rmse,0.0268194780880894,0.0264129149924806,-0.0004065630956088
count_predictor,gain_K4_p16,gain_contrast,4,confirm_K4_i000291,confirm_K4_i000657,512,additive,1.0,,excess_ce_H,0.0319703518457461,0.0304857369410547,-0.0014846149046914
count_predictor,gain_K4_p16,gain_contrast,4,confirm_K4_i000291,confirm_K4_i000657,512,interpolated_backoff,1.0,1.0,shape_rmse,0.0230076109614162,0.0225292668821663,-0.0004783440792499
count_predictor,gain_K4_p16,gain_contrast,4,confirm_K4_i000291,confirm_K4_i000657,512,interpolated_backoff,1.0,1.0,excess_ce_H,0.027330064719921,0.0258047768121409,-0.00152528790778
count_predictor,gain_K4_p16,gain_contrast,4,confirm_K4_i000291,confirm_K4_i000657,512,interpolated_backoff,1.0,5.0,shape_rmse,0.0183268135168647,0.0175159711571344,-0.0008108423597303
count_predictor,gain_K4_p16,gain_contrast,4,confirm_K4_i000291,confirm_K4_i000657,512,interpolated_backoff,1.0,5.0,excess_ce_H,0.0216148767662818,0.0197521870393766,-0.0018626897269052
count_predictor,gain_K4_p16,gain_contrast,4,confirm_K4_i000291,confirm_K4_i000657,512,interpolated_backoff,1.0,20.0,shape_rmse,0.0125817765731148,0.0111922768825773,-0.0013894996905374
count_predictor,gain_K4_p16,gain_contrast,4,confirm_K4_i000291,confirm_K4_i000657,512,interpolated_backoff,1.0,20.0,excess_ce_H,0.0145426987621735,0.0120726227598801,-0.0024700760022933
count_predictor,gain_K4_p16,gain_contrast,4,confirm_K4_i000291,confirm_K4_i000657,1024,additive,0.1,,shape_rmse,0.0226810051545056,0.0251660900201492,0.0024850848656436
count_predictor,gain_K4_p16,gain_contrast,4,confirm_K4_i000291,confirm_K4_i000657,1024,additive,0.1,,excess_ce_H,0.0264583737038777,0.0280664049019256,0.0016080311980479
count_predictor,gain_K4_p16,gain_contrast,4,confirm_K4_i000291,confirm_K4_i000657,1024,interpolated_backoff,0.1,1.0,shape_rmse,0.0179439238090921,0.0200750233291282,0.0021310995200361
count_predictor,gain_K4_p16,gain_contrast,4,confirm_K4_i000291,confirm_K4_i000657,1024,interpolated_backoff,0.1,1.0,excess_ce_H,0.0207505963483451,0.0219547355016365,0.0012041391532914
count_predictor,gain_K4_p16,gain_contrast,4,confirm_K4_i000291,confirm_K4_i000657,1024,interpolated_backoff,0.1,5.0,shape_rmse,0.0132156794604467,0.014484550211895,0.0012688707514483
count_predictor,gain_K4_p16,gain_contrast,4,confirm_K4_i000291,confirm_K4_i000657,1024,interpolated_backoff,0.1,5.0,excess_ce_H,0.0150209927666902,0.0152785925324854,0.0002575997657952
count_predictor,gain_K4_p16,gain_contrast,4,confirm_K4_i000291,confirm_K4_i000657,1024,interpolated_backoff,0.1,20.0,shape_rmse,0.008757939492022,0.0090601459612285,0.0003022064692064
count_predictor,gain_K4_p16,gain_contrast,4,confirm_K4_i000291,confirm_K4_i000657,1024,interpolated_backoff,0.1,20.0,excess_ce_H,0.0095674212101071,0.0087971822873809,-0.0007702389227262
count_predictor,gain_K4_p16,gain_contrast,4,confirm_K4_i000291,confirm_K4_i000657,1024,additive,0.5,,shape_rmse,0.0165745963284336,0.0174166278364867,0.000842031508053
count_predictor,gain_K4_p16,gain_contrast,4,confirm_K4_i000291,confirm_K4_i000657,1024,additive,0.5,,excess_ce_H,0.0188918210367878,0.0187660993195106,-0.0001257217172772
count_predictor,gain_K4_p16,gain_contrast,4,confirm_K4_i000291,confirm_K4_i000657,1024,interpolated_backoff,0.5,1.0,shape_rmse,0.0143096700245457,0.0150981265515173,0.0007884565269715
count_predictor,gain_K4_p16,gain_contrast,4,confirm_K4_i000291,confirm_K4_i000657,1024,interpolated_backoff,0.5,1.0,excess_ce_H,0.0161633941815568,0.0159928437452143,-0.0001705504363424
count_predictor,gain_K4_p16,gain_contrast,4,confirm_K4_i000291,confirm_K4_i000657,1024,interpolated_backoff,0.5,5.0,shape_rmse,0.0114594577633174,0.0120219571227628,0.0005624993594453
count_predictor,gain_K4_p16,gain_contrast,4,confirm_K4_i000291,confirm_K4_i000657,1024,interpolated_backoff,0.5,5.0,excess_ce_H,0.0127135110129135,0.012306732298515,-0.0004067787143985
count_predictor,gain_K4_p16,gain_contrast,4,confirm_K4_i000291,confirm_K4_i000657,1024,interpolated_backoff,0.5,20.0,shape_rmse,0.0080283283504846,0.0081444057687794,0.0001160774182948
count_predictor,gain_K4_p16,gain_contrast,4,confirm_K4_i000291,confirm_K4_i000657,1024,interpolated_backoff,0.5,20.0,excess_ce_H,0.0085287350853857,0.007662300407834,-0.0008664346775516
count_predictor,gain_K4_p16,gain_contrast,4,confirm_K4_i000291,confirm_K4_i000657,1024,additive,1.0,,shape_rmse,0.0168690817493626,0.017163542019575,0.0002944602702124
count_predictor,gain_K4_p16,gain_contrast,4,confirm_K4_i000291,confirm_K4_i000657,1024,additive,1.0,,excess_ce_H,0.0192008451244876,0.0184819521885788,-0.0007188929359087
count_predictor,gain_K4_p16,gain_contrast,4,confirm_K4_i000291,confirm_K4_i000657,1024,interpolated_backoff,1.0,1.0,shape_rmse,0.0148977777601893,0.015177494735689,0.0002797169754997
count_predictor,gain_K4_p16,gain_contrast,4,confirm_K4_i000291,confirm_K4_i000657,1024,interpolated_backoff,1.0,1.0,excess_ce_H,0.016824585487472,0.0161097873459952,-0.0007147981414767
count_predictor,gain_K4_p16,gain_contrast,4,confirm_K4_i000291,confirm_K4_i000657,1024,interpolated_backoff,1.0,5.0,shape_rmse,0.0122429422173187,0.0124329947558632,0.0001900525385445
count_predictor,gain_K4_p16,gain_contrast,4,confirm_K4_i000291,confirm_K4_i000657,1024,interpolated_backoff,1.0,5.0,excess_ce_H,0.0136136804475428,0.0128166297949727,-0.00079705065257
count_predictor,gain_K4_p16,gain_contrast,4,confirm_K4_i000291,confirm_K4_i000657,1024,interpolated_backoff,1.0,20.0,shape_rmse,0.0087749310169799,0.0087140403370879,-6.089067989199955e-05
count_predictor,gain_K4_p16,gain_contrast,4,confirm_K4_i000291,confirm_K4_i000657,1024,interpolated_backoff,1.0,20.0,excess_ce_H,0.0093886020785314,0.008353168599166,-0.0010354334793654
count_predictor,gain_K4_p16,gain_contrast,4,confirm_K4_i000291,confirm_K4_i000657,2048,additive,0.1,,shape_rmse,0.0120906899705802,0.0133408997767802,0.0012502098062
count_predictor,gain_K4_p16,gain_contrast,4,confirm_K4_i000291,confirm_K4_i000657,2048,additive,0.1,,excess_ce_H,0.0134155351305653,0.0138631220889242,0.0004475869583589
count_predictor,gain_K4_p16,gain_contrast,4,confirm_K4_i000291,confirm_K4_i000657,2048,interpolated_backoff,0.1,1.0,shape_rmse,0.0097256774650255,0.0110971991755002,0.0013715217104747
count_predictor,gain_K4_p16,gain_contrast,4,confirm_K4_i000291,confirm_K4_i000657,2048,interpolated_backoff,0.1,1.0,excess_ce_H,0.0105364733749155,0.0111605016664604,0.0006240282915448
count_predictor,gain_K4_p16,gain_contrast,4,confirm_K4_i000291,confirm_K4_i000657,2048,interpolated_backoff,0.1,5.0,shape_rmse,0.0073510972125372,0.0086830070881949,0.0013319098756577
count_predictor,gain_K4_p16,gain_contrast,4,confirm_K4_i000291,confirm_K4_i000657,2048,interpolated_backoff,0.1,5.0,excess_ce_H,0.0076464969996321,0.0082393293153102,0.000592832315678
count_predictor,gain_K4_p16,gain_contrast,4,confirm_K4_i000291,confirm_K4_i000657,2048,interpolated_backoff,0.1,20.0,shape_rmse,0.0049751840658633,0.006142470075293,0.0011672860094297
count_predictor,gain_K4_p16,gain_contrast,4,confirm_K4_i000291,confirm_K4_i000657,2048,interpolated_backoff,0.1,20.0,excess_ce_H,0.0047253433830356,0.0051598369988272,0.0004344936157916
count_predictor,gain_K4_p16,gain_contrast,4,confirm_K4_i000291,confirm_K4_i000657,2048,additive,0.5,,shape_rmse,0.0088854750034697,0.0100257391549838,0.0011402641515141
count_predictor,gain_K4_p16,gain_contrast,4,confirm_K4_i000291,confirm_K4_i000657,2048,additive,0.5,,excess_ce_H,0.0093825709214543,0.009781019785517,0.0003984488640627
count_predictor,gain_K4_p16,gain_contrast,4,confirm_K4_i000291,confirm_K4_i000657,2048,interpolated_backoff,0.5,1.0,shape_rmse,0.0076950455127248,0.0089147807503262,0.0012197352376013
count_predictor,gain_K4_p16,gain_contrast,4,confirm_K4_i000291,confirm_K4_i000657,2048,interpolated_backoff,0.5,1.0,excess_ce_H,0.007936007000439,0.0084564536189539,0.0005204466185148
count_predictor,gain_K4_p16,gain_contrast,4,confirm_K4_i000291,confirm_K4_i000657,2048,interpolated_backoff,0.5,5.0,shape_rmse,0.0062347129576492,0.0075014205778281,0.0012667076201788
count_predictor,gain_K4_p16,gain_contrast,4,confirm_K4_i000291,confirm_K4_i000657,2048,interpolated_backoff,0.5,5.0,excess_ce_H,0.0061683682414459,0.0067454872094989,0.0005771189680529
count_predictor,gain_K4_p16,gain_contrast,4,confirm_K4_i000291,confirm_K4_i000657,2048,interpolated_backoff,0.5,20.0,shape_rmse,0.0043676404313905,0.0056177415699668,0.0012501011385763
count_predictor,gain_K4_p16,gain_contrast,4,confirm_K4_i000291,confirm_K4_i000657,2048,interpolated_backoff,0.5,20.0,excess_ce_H,0.0038920927728214,0.0044711779471644,0.0005790851743429
count_predictor,gain_K4_p16,gain_contrast,4,confirm_K4_i000291,confirm_K4_i000657,2048,additive,1.0,,shape_rmse,0.0091456502120817,0.0101335616924166,0.0009879114803349
count_predictor,gain_K4_p16,gain_contrast,4,confirm_K4_i000291,confirm_K4_i000657,2048,additive,1.0,,excess_ce_H,0.0096327059603045,0.0098711263366229,0.0002384203763184
count_predictor,gain_K4_p16,gain_contrast,4,confirm_K4_i000291,confirm_K4_i000657,2048,interpolated_backoff,1.0,1.0,shape_rmse,0.0080792847428491,0.0091413157550627,0.0010620310122135
count_predictor,gain_K4_p16,gain_contrast,4,confirm_K4_i000291,confirm_K4_i000657,2048,interpolated_backoff,1.0,1.0,excess_ce_H,0.0083395262431247,0.0086922531892703,0.0003527269461455
count_predictor,gain_K4_p16,gain_contrast,4,confirm_K4_i000291,confirm_K4_i000657,2048,interpolated_backoff,1.0,5.0,shape_rmse,0.0066989350402138,0.0078237713807844,0.0011248363405706
count_predictor,gain_K4_p16,gain_contrast,4,confirm_K4_i000291,confirm_K4_i000657,2048,interpolated_backoff,1.0,5.0,excess_ce_H,0.0066723151242427,0.0071005429679,0.0004282278436573
count_predictor,gain_K4_p16,gain_contrast,4,confirm_K4_i000291,confirm_K4_i000657,2048,interpolated_backoff,1.0,20.0,shape_rmse,0.0047838732103951,0.0059534713502791,0.001169598139884
count_predictor,gain_K4_p16,gain_contrast,4,confirm_K4_i000291,confirm_K4_i000657,2048,interpolated_backoff,1.0,20.0,excess_ce_H,0.0043459812179971,0.0048490422695446,0.0005030610515474
count_predictor,gain_K4_p17,gain_contrast,4,confirm_K4_i000183,confirm_K4_i000930,64,additive,0.1,,shape_rmse,0.2302277152576444,0.2001548558441775,-0.0300728594134669
count_predictor,gain_K4_p17,gain_contrast,4,confirm_K4_i000183,confirm_K4_i000930,64,additive,0.1,,excess_ce_H,0.2952694631530379,0.245861527085436,-0.0494079360676019
count_predictor,gain_K4_p17,gain_contrast,4,confirm_K4_i000183,confirm_K4_i000930,64,interpolated_backoff,0.1,1.0,shape_rmse,0.1519113716981133,0.1343676245263125,-0.0175437471718007
count_predictor,gain_K4_p17,gain_contrast,4,confirm_K4_i000183,confirm_K4_i000930,64,interpolated_backoff,0.1,1.0,excess_ce_H,0.2004534732723721,0.1667275584676364,-0.0337259148047356
count_predictor,gain_K4_p17,gain_contrast,4,confirm_K4_i000183,confirm_K4_i000930,64,interpolated_backoff,0.1,5.0,shape_rmse,0.0840460623214363,0.0711661457253529,-0.0128799165960833
count_predictor,gain_K4_p17,gain_contrast,4,confirm_K4_i000183,confirm_K4_i000930,64,interpolated_backoff,0.1,5.0,excess_ce_H,0.1163478293629078,0.0902561541507571,-0.0260916752121506
count_predictor,gain_K4_p17,gain_contrast,4,confirm_K4_i000183,confirm_K4_i000930,64,interpolated_backoff,0.1,20.0,shape_rmse,0.0369045568464472,0.0282043316810866,-0.0087002251653606
count_predictor,gain_K4_p17,gain_contrast,4,confirm_K4_i000183,confirm_K4_i000930,64,interpolated_backoff,0.1,20.0,excess_ce_H,0.056014770093826,0.0368533903252989,-0.0191613797685271
count_predictor,gain_K4_p17,gain_contrast,4,confirm_K4_i000183,confirm_K4_i000930,64,additive,0.5,,shape_rmse,0.1262277186771691,0.1228692963993778,-0.0033584222777912
count_predictor,gain_K4_p17,gain_contrast,4,confirm_K4_i000183,confirm_K4_i000930,64,additive,0.5,,excess_ce_H,0.1683834281469449,0.153079810040454,-0.0153036181064908
count_predictor,gain_K4_p17,gain_contrast,4,confirm_K4_i000183,confirm_K4_i000930,64,interpolated_backoff,0.5,1.0,shape_rmse,0.0965324192657457,0.0969897699734096,0.0004573507076639
count_predictor,gain_K4_p17,gain_contrast,4,confirm_K4_i000183,confirm_K4_i000930,64,interpolated_backoff,0.5,1.0,excess_ce_H,0.1322909366182256,0.1216803453029251,-0.0106105913153005
count_predictor,gain_K4_p17,gain_contrast,4,confirm_K4_i000183,confirm_K4_i000930,64,interpolated_backoff,0.5,5.0,shape_rmse,0.0632533727292953,0.0625789405136523,-0.000674432215643
count_predictor,gain_K4_p17,gain_contrast,4,confirm_K4_i000183,confirm_K4_i000930,64,interpolated_backoff,0.5,5.0,excess_ce_H,0.0906551078382564,0.0796839502277191,-0.0109711576105372
count_predictor,gain_K4_p17,gain_contrast,4,confirm_K4_i000183,confirm_K4_i000930,64,interpolated_backoff,0.5,20.0,shape_rmse,0.0331744759225995,0.0300620380396792,-0.0031124378829202
count_predictor,gain_K4_p17,gain_contrast,4,confirm_K4_i000183,confirm_K4_i000930,64,interpolated_backoff,0.5,20.0,excess_ce_H,0.0515836342219584,0.0390517909431733,-0.0125318432787851
count_predictor,gain_K4_p17,gain_contrast,4,confirm_K4_i000183,confirm_K4_i000930,64,additive,1.0,,shape_rmse,0.1132557279820584,0.1158032196355257,0.0025474916534673
count_predictor,gain_K4_p17,gain_contrast,4,confirm_K4_i000183,confirm_K4_i000930,64,additive,1.0,,excess_ce_H,0.1529343243233762,0.1459387232898301,-0.0069956010335461
count_predictor,gain_K4_p17,gain_contrast,4,confirm_K4_i000183,confirm_K4_i000930,64,interpolated_backoff,1.0,1.0,shape_rmse,0.0902618851561322,0.0959725093328033,0.005710624176671
count_predictor,gain_K4_p17,gain_contrast,4,confirm_K4_i000183,confirm_K4_i000930,64,interpolated_backoff,1.0,1.0,excess_ce_H,0.1249444054245998,0.1217415661624614,-0.0032028392621383
count_predictor,gain_K4_p17,gain_contrast,4,confirm_K4_i000183,confirm_K4_i000930,64,interpolated_backoff,1.0,5.0,shape_rmse,0.0626127534188992,0.0673696696910704,0.0047569162721712
count_predictor,gain_K4_p17,gain_contrast,4,confirm_K4_i000183,confirm_K4_i000930,64,interpolated_backoff,1.0,5.0,excess_ce_H,0.0903070908349574,0.0865991070316254,-0.0037079838033319
count_predictor,gain_K4_p17,gain_contrast,4,confirm_K4_i000183,confirm_K4_i000930,64,interpolated_backoff,1.0,20.0,shape_rmse,0.0350780913945667,0.0362620089518679,0.0011839175573012
count_predictor,gain_K4_p17,gain_contrast,4,confirm_K4_i000183,confirm_K4_i000930,64,interpolated_backoff,1.0,20.0,excess_ce_H,0.0545233301907635,0.0475349673216454,-0.006988362869118
count_predictor,gain_K4_p17,gain_contrast,4,confirm_K4_i000183,confirm_K4_i000930,128,additive,0.1,,shape_rmse,0.1492303938330549,0.1155415596393009,-0.0336888341937539
count_predictor,gain_K4_p17,gain_contrast,4,confirm_K4_i000183,confirm_K4_i000930,128,additive,0.1,,excess_ce_H,0.1876300906601085,0.1375048234010611,-0.0501252672590473
count_predictor,gain_K4_p17,gain_contrast,4,confirm_K4_i000183,confirm_K4_i000930,128,interpolated_backoff,0.1,1.0,shape_rmse,0.1055285070962545,0.0844191557828455,-0.0211093513134089
count_predictor,gain_K4_p17,gain_contrast,4,confirm_K4_i000183,confirm_K4_i000930,128,interpolated_backoff,0.1,1.0,excess_ce_H,0.1357103622730568,0.1004498960287618,-0.035260466244295
count_predictor,gain_K4_p17,gain_contrast,4,confirm_K4_i000183,confirm_K4_i000930,128,interpolated_backoff,0.1,5.0,shape_rmse,0.0626206732363778,0.0525787395459156,-0.0100419336904621
count_predictor,gain_K4_p17,gain_contrast,4,confirm_K4_i000183,confirm_K4_i000930,128,interpolated_backoff,0.1,5.0,excess_ce_H,0.0839249647061257,0.0623482585880037,-0.021576706118122
count_predictor,gain_K4_p17,gain_contrast,4,confirm_K4_i000183,confirm_K4_i000930,128,interpolated_backoff,0.1,20.0,shape_rmse,0.0299732421054646,0.0250362697400898,-0.0049369723653748
count_predictor,gain_K4_p17,gain_contrast,4,confirm_K4_i000183,confirm_K4_i000930,128,interpolated_backoff,0.1,20.0,excess_ce_H,0.043550752021654,0.0288888588606712,-0.0146618931609828
count_predictor,gain_K4_p17,gain_contrast,4,confirm_K4_i000183,confirm_K4_i000930,128,additive,0.5,,shape_rmse,0.0875663181422696,0.0804801614995629,-0.0070861566427067
count_predictor,gain_K4_p17,gain_contrast,4,confirm_K4_i000183,confirm_K4_i000930,128,additive,0.5,,excess_ce_H,0.1142220991655711,0.0959680597887686,-0.0182540393768025
count_predictor,gain_K4_p17,gain_contrast,4,confirm_K4_i000183,confirm_K4_i000930,128,interpolated_backoff,0.5,1.0,shape_rmse,0.0715767823386585,0.0671765489858035,-0.0044002333528549
count_predictor,gain_K4_p17,gain_contrast,4,confirm_K4_i000183,confirm_K4_i000930,128,interpolated_backoff,0.5,1.0,excess_ce_H,0.0951101688221982,0.0800659964165997,-0.0150441724055984
count_predictor,gain_K4_p17,gain_contrast,4,confirm_K4_i000183,confirm_K4_i000930,128,interpolated_backoff,0.5,5.0,shape_rmse,0.0502059390141277,0.048365368118332,-0.0018405708957956
count_predictor,gain_K4_p17,gain_contrast,4,confirm_K4_i000183,confirm_K4_i000930,128,interpolated_backoff,0.5,5.0,excess_ce_H,0.0691077395904431,0.0574413914290325,-0.0116663481614106
count_predictor,gain_K4_p17,gain_contrast,4,confirm_K4_i000183,confirm_K4_i000930,128,interpolated_backoff,0.5,20.0,shape_rmse,0.0283645078174888,0.0264030872714572,-0.0019614205460316
count_predictor,gain_K4_p17,gain_contrast,4,confirm_K4_i000183,confirm_K4_i000930,128,interpolated_backoff,0.5,20.0,excess_ce_H,0.0417991934675625,0.0306588089770503,-0.0111403844905122
count_predictor,gain_K4_p17,gain_contrast,4,confirm_K4_i000183,confirm_K4_i000930,128,additive,1.0,,shape_rmse,0.0804522406681658,0.0796889513846629,-0.0007632892835028
count_predictor,gain_K4_p17,gain_contrast,4,confirm_K4_i000183,confirm_K4_i000930,128,additive,1.0,,excess_ce_H,0.1061699058731187,0.0959330716672488,-0.0102368342058698
count_predictor,gain_K4_p17,gain_contrast,4,confirm_K4_i000183,confirm_K4_i000930,128,interpolated_backoff,1.0,1.0,shape_rmse,0.0680702680592397,0.0692251556050871,0.0011548875458474
count_predictor,gain_K4_p17,gain_contrast,4,confirm_K4_i000183,confirm_K4_i000930,128,interpolated_backoff,1.0,1.0,excess_ce_H,0.0913337689088347,0.0833562386647808,-0.0079775302440538
count_predictor,gain_K4_p17,gain_contrast,4,confirm_K4_i000183,confirm_K4_i000930,128,interpolated_backoff,1.0,5.0,shape_rmse,0.0503411081217993,0.0529310656934731,0.0025899575716737
count_predictor,gain_K4_p17,gain_contrast,4,confirm_K4_i000183,confirm_K4_i000930,128,interpolated_backoff,1.0,5.0,excess_ce_H,0.0697129608527087,0.0636443710762744,-0.0060685897764343
count_predictor,gain_K4_p17,gain_contrast,4,confirm_K4_i000183,confirm_K4_i000930,128,interpolated_backoff,1.0,20.0,shape_rmse,0.0303499026270884,0.0314700461710041,0.0011201435439157
count_predictor,gain_K4_p17,gain_contrast,4,confirm_K4_i000183,confirm_K4_i000930,128,interpolated_backoff,1.0,20.0,excess_ce_H,0.0446653826267984,0.0373646627379997,-0.0073007198887986
count_predictor,gain_K4_p17,gain_contrast,4,confirm_K4_i000183,confirm_K4_i000930,256,additive,0.1,,shape_rmse,0.0882134532594874,0.0588596693818061,-0.0293537838776813
count_predictor,gain_K4_p17,gain_contrast,4,confirm_K4_i000183,confirm_K4_i000930,256,additive,0.1,,excess_ce_H,0.1110847138236752,0.068301614105922,-0.0427830997177531
count_predictor,gain_K4_p17,gain_contrast,4,confirm_K4_i000183,confirm_K4_i000930,256,interpolated_backoff,0.1,1.0,shape_rmse,0.067284935257466,0.0456810898024749,-0.021603845454991
count_predictor,gain_K4_p17,gain_contrast,4,confirm_K4_i000183,confirm_K4_i000930,256,interpolated_backoff,0.1,1.0,excess_ce_H,0.0863925741932509,0.0526419162169171,-0.0337506579763338
count_predictor,gain_K4_p17,gain_contrast,4,confirm_K4_i000183,confirm_K4_i000930,256,interpolated_backoff,0.1,5.0,shape_rmse,0.0432088512541374,0.0324645171203476,-0.0107443341337898
count_predictor,gain_K4_p17,gain_contrast,4,confirm_K4_i000183,confirm_K4_i000930,256,interpolated_backoff,0.1,5.0,excess_ce_H,0.0577836557508217,0.0367923692968639,-0.0209912864539578
count_predictor,gain_K4_p17,gain_contrast,4,confirm_K4_i000183,confirm_K4_i000930,256,interpolated_backoff,0.1,20.0,shape_rmse,0.0226841336488532,0.0189654426001932,-0.0037186910486599
count_predictor,gain_K4_p17,gain_contrast,4,confirm_K4_i000183,confirm_K4_i000930,256,interpolated_backoff,0.1,20.0,excess_ce_H,0.0329492383344338,0.0204689516734384,-0.0124802866609953
count_predictor,gain_K4_p17,gain_contrast,4,confirm_K4_i000183,confirm_K4_i000930,256,additive,0.5,,shape_rmse,0.0571892249624753,0.0452701406686452,-0.01191908429383
count_predictor,gain_K4_p17,gain_contrast,4,confirm_K4_i000183,confirm_K4_i000930,256,additive,0.5,,excess_ce_H,0.0746461785378296,0.0522271590524523,-0.0224190194853772
count_predictor,gain_K4_p17,gain_contrast,4,confirm_K4_i000183,confirm_K4_i000930,256,interpolated_backoff,0.5,1.0,shape_rmse,0.0495014310952462,0.0393014435303687,-0.0101999875648775
count_predictor,gain_K4_p17,gain_contrast,4,confirm_K4_i000183,confirm_K4_i000930,256,interpolated_backoff,0.5,1.0,excess_ce_H,0.0655102591777643,0.045137689677982,-0.0203725694997823
count_predictor,gain_K4_p17,gain_contrast,4,confirm_K4_i000183,confirm_K4_i000930,256,interpolated_backoff,0.5,5.0,shape_rmse,0.0370222690005676,0.0310862638904642,-0.0059360051101034
count_predictor,gain_K4_p17,gain_contrast,4,confirm_K4_i000183,confirm_K4_i000930,256,interpolated_backoff,0.5,5.0,excess_ce_H,0.0505649952871207,0.0352379227438792,-0.0153270725432414
count_predictor,gain_K4_p17,gain_contrast,4,confirm_K4_i000183,confirm_K4_i000930,256,interpolated_backoff,0.5,20.0,shape_rmse,0.0224547395537991,0.0197922306947025,-0.0026625088590966
count_predictor,gain_K4_p17,gain_contrast,4,confirm_K4_i000183,confirm_K4_i000930,256,interpolated_backoff,0.5,20.0,excess_ce_H,0.0327795314200487,0.0215480622489057,-0.0112314691711429
count_predictor,gain_K4_p17,gain_contrast,4,confirm_K4_i000183,confirm_K4_i000930,256,additive,1.0,,shape_rmse,0.0539556157542599,0.0476584487168188,-0.0062971670374411
count_predictor,gain_K4_p17,gain_contrast,4,confirm_K4_i000183,confirm_K4_i000930,256,additive,1.0,,excess_ce_H,0.0711651816681522,0.0555046013796631,-0.015660580288489
count_predictor,gain_K4_p17,gain_contrast,4,confirm_K4_i000183,confirm_K4_i000930,256,interpolated_backoff,1.0,1.0,shape_rmse,0.0479896177957445,0.0427513883096442,-0.0052382294861003
count_predictor,gain_K4_p17,gain_contrast,4,confirm_K4_i000183,confirm_K4_i000930,256,interpolated_backoff,1.0,1.0,excess_ce_H,0.0640535567230924,0.0496563193511976,-0.0143972373718948
count_predictor,gain_K4_p17,gain_contrast,4,confirm_K4_i000183,confirm_K4_i000930,256,interpolated_backoff,1.0,5.0,shape_rmse,0.0376411855811524,0.0352106215497447,-0.0024305640314076
count_predictor,gain_K4_p17,gain_contrast,4,confirm_K4_i000183,confirm_K4_i000930,256,interpolated_backoff,1.0,5.0,excess_ce_H,0.0516210966467165,0.0405332201319439,-0.0110878765147725
count_predictor,gain_K4_p17,gain_contrast,4,confirm_K4_i000183,confirm_K4_i000930,256,interpolated_backoff,1.0,20.0,shape_rmse,0.0243090807746797,0.0236647965952444,-0.0006442841794352
count_predictor,gain_K4_p17,gain_contrast,4,confirm_K4_i000183,confirm_K4_i000930,256,interpolated_backoff,1.0,20.0,excess_ce_H,0.0352910287175176,0.0265063316746838,-0.0087846970428338
count_predictor,gain_K4_p17,gain_contrast,4,confirm_K4_i000183,confirm_K4_i000930,512,additive,0.1,,shape_rmse,0.0442897093560529,0.0315619344996458,-0.0127277748564071
count_predictor,gain_K4_p17,gain_contrast,4,confirm_K4_i000183,confirm_K4_i000930,512,additive,0.1,,excess_ce_H,0.0571587168412455,0.034336288713398,-0.0228224281278475
count_predictor,gain_K4_p17,gain_contrast,4,confirm_K4_i000183,confirm_K4_i000930,512,interpolated_backoff,0.1,1.0,shape_rmse,0.036375258142946,0.0254536888741433,-0.0109215692688027
count_predictor,gain_K4_p17,gain_contrast,4,confirm_K4_i000183,confirm_K4_i000930,512,interpolated_backoff,0.1,1.0,excess_ce_H,0.0478018778083184,0.0270911215197124,-0.0207107562886059
count_predictor,gain_K4_p17,gain_contrast,4,confirm_K4_i000183,confirm_K4_i000930,512,interpolated_backoff,0.1,5.0,shape_rmse,0.025787394870326,0.0193273865402945,-0.0064600083300315
count_predictor,gain_K4_p17,gain_contrast,4,confirm_K4_i000183,confirm_K4_i000930,512,interpolated_backoff,0.1,5.0,excess_ce_H,0.0352825418578863,0.0197427321718592,-0.015539809686027
count_predictor,gain_K4_p17,gain_contrast,4,confirm_K4_i000183,confirm_K4_i000930,512,interpolated_backoff,0.1,20.0,shape_rmse,0.0151308845337729,0.0129028263998911,-0.0022280581338817
count_predictor,gain_K4_p17,gain_contrast,4,confirm_K4_i000183,confirm_K4_i000930,512,interpolated_backoff,0.1,20.0,excess_ce_H,0.0225261238584175,0.0119887402482361,-0.0105373836101814
count_predictor,gain_K4_p17,gain_contrast,4,confirm_K4_i000183,confirm_K4_i000930,512,additive,0.5,,shape_rmse,0.0321972560310694,0.0253797056668523,-0.006817550364217
count_predictor,gain_K4_p17,gain_contrast,4,confirm_K4_i000183,confirm_K4_i000930,512,additive,0.5,,excess_ce_H,0.0429936802460384,0.027010601864791,-0.0159830783812473
count_predictor,gain_K4_p17,gain_contrast,4,confirm_K4_i000183,confirm_K4_i000930,512,interpolated_backoff,0.5,1.0,shape_rmse,0.0291220092207855,0.0225649558623016,-0.0065570533584838
count_predictor,gain_K4_p17,gain_contrast,4,confirm_K4_i000183,confirm_K4_i000930,512,interpolated_backoff,0.5,1.0,excess_ce_H,0.0393339252882216,0.0236905536428646,-0.0156433716453569
count_predictor,gain_K4_p17,gain_contrast,4,confirm_K4_i000183,confirm_K4_i000930,512,interpolated_backoff,0.5,5.0,shape_rmse,0.0233780854913531,0.0186876603420445,-0.0046904251493086
count_predictor,gain_K4_p17,gain_contrast,4,confirm_K4_i000183,confirm_K4_i000930,512,interpolated_backoff,0.5,5.0,excess_ce_H,0.0325102474199974,0.0190216747971232,-0.0134885726228741
count_predictor,gain_K4_p17,gain_contrast,4,confirm_K4_i000183,confirm_K4_i000930,512,interpolated_backoff,0.5,20.0,shape_rmse,0.0154135777880848,0.0133303002298534,-0.0020832775582314
count_predictor,gain_K4_p17,gain_contrast,4,confirm_K4_i000183,confirm_K4_i000930,512,interpolated_backoff,0.5,20.0,excess_ce_H,0.0229241840329035,0.0125382119752794,-0.0103859720576241
count_predictor,gain_K4_p17,gain_contrast,4,confirm_K4_i000183,confirm_K4_i000930,512,additive,1.0,,shape_rmse,0.0317984280420136,0.0273811554789083,-0.0044172725631052
count_predictor,gain_K4_p17,gain_contrast,4,confirm_K4_i000183,confirm_K4_i000930,512,additive,1.0,,excess_ce_H,0.0427168723005293,0.0295964529793879,-0.0131204193211414
count_predictor,gain_K4_p17,gain_contrast,4,confirm_K4_i000183,confirm_K4_i000930,512,interpolated_backoff,1.0,1.0,shape_rmse,0.0293372133250939,0.0250114190658057,-0.0043257942592881
count_predictor,gain_K4_p17,gain_contrast,4,confirm_K4_i000183,confirm_K4_i000930,512,interpolated_backoff,1.0,1.0,excess_ce_H,0.0397818774402312,0.0267999924221917,-0.0129818850180394
count_predictor,gain_K4_p17,gain_contrast,4,confirm_K4_i000183,confirm_K4_i000930,512,interpolated_backoff,1.0,5.0,shape_rmse,0.0244431100160215,0.0213758037416732,-0.0030673062743483
count_predictor,gain_K4_p17,gain_contrast,4,confirm_K4_i000183,confirm_K4_i000930,512,interpolated_backoff,1.0,5.0,excess_ce_H,0.033957280075179,0.0224104529948918,-0.0115468270802872
count_predictor,gain_K4_p17,gain_contrast,4,confirm_K4_i000183,confirm_K4_i000930,512,interpolated_backoff,1.0,20.0,shape_rmse,0.0170027155173963,0.0158172073123666,-0.0011855082050296
count_predictor,gain_K4_p17,gain_contrast,4,confirm_K4_i000183,confirm_K4_i000930,512,interpolated_backoff,1.0,20.0,excess_ce_H,0.0249848860821795,0.0156704476626265,-0.009314438419553
count_predictor,gain_K4_p17,gain_contrast,4,confirm_K4_i000183,confirm_K4_i000930,1024,additive,0.1,,shape_rmse,0.0224462682382067,0.0177628148655908,-0.0046834533726159
count_predictor,gain_K4_p17,gain_contrast,4,confirm_K4_i000183,confirm_K4_i000930,1024,additive,0.1,,excess_ce_H,0.0302629072701499,0.0170257618728562,-0.0132371453972937
count_predictor,gain_K4_p17,gain_contrast,4,confirm_K4_i000183,confirm_K4_i000930,1024,interpolated_backoff,0.1,1.0,shape_rmse,0.0195049623517243,0.0146755837980151,-0.0048293785537092
count_predictor,gain_K4_p17,gain_contrast,4,confirm_K4_i000183,confirm_K4_i000930,1024,interpolated_backoff,0.1,1.0,excess_ce_H,0.0267323992351771,0.0133397228922682,-0.0133926763429089
count_predictor,gain_K4_p17,gain_contrast,4,confirm_K4_i000183,confirm_K4_i000930,1024,interpolated_backoff,0.1,5.0,shape_rmse,0.0149620306720941,0.0116940445981537,-0.0032679860739403
count_predictor,gain_K4_p17,gain_contrast,4,confirm_K4_i000183,confirm_K4_i000930,1024,interpolated_backoff,0.1,5.0,excess_ce_H,0.0213590126415281,0.0097675673276242,-0.0115914453139039
count_predictor,gain_K4_p17,gain_contrast,4,confirm_K4_i000183,confirm_K4_i000930,1024,interpolated_backoff,0.1,20.0,shape_rmse,0.0096086929868042,0.0085088561064369,-0.0010998368803672
count_predictor,gain_K4_p17,gain_contrast,4,confirm_K4_i000183,confirm_K4_i000930,1024,interpolated_backoff,0.1,20.0,excess_ce_H,0.0150063365544659,0.0059642395353287,-0.0090420970191372
count_predictor,gain_K4_p17,gain_contrast,4,confirm_K4_i000183,confirm_K4_i000930,1024,additive,0.5,,shape_rmse,0.0182030282209257,0.0144969796136041,-0.0037060486073216
count_predictor,gain_K4_p17,gain_contrast,4,confirm_K4_i000183,confirm_K4_i000930,1024,additive,0.5,,excess_ce_H,0.025223596047774,0.0131677091330155,-0.0120558869147585
count_predictor,gain_K4_p17,gain_contrast,4,confirm_K4_i000183,confirm_K4_i000930,1024,interpolated_backoff,0.5,1.0,shape_rmse,0.0169217430814089,0.0129639673543686,-0.0039577757270403
count_predictor,gain_K4_p17,gain_contrast,4,confirm_K4_i000183,confirm_K4_i000930,1024,interpolated_backoff,0.5,1.0,excess_ce_H,0.0236732091432021,0.0113521181050446,-0.0123210910381575
count_predictor,gain_K4_p17,gain_contrast,4,confirm_K4_i000183,confirm_K4_i000930,1024,interpolated_backoff,0.5,5.0,shape_rmse,0.0142490900895717,0.0110697584533596,-0.003179331636212
count_predictor,gain_K4_p17,gain_contrast,4,confirm_K4_i000183,confirm_K4_i000930,1024,interpolated_backoff,0.5,5.0,excess_ce_H,0.0205098503347451,0.0090834132527648,-0.0114264370819802
count_predictor,gain_K4_p17,gain_contrast,4,confirm_K4_i000183,confirm_K4_i000930,1024,interpolated_backoff,0.5,20.0,shape_rmse,0.0099915222031268,0.0084898682282191,-0.0015016539749077
count_predictor,gain_K4_p17,gain_contrast,4,confirm_K4_i000183,confirm_K4_i000930,1024,interpolated_backoff,0.5,20.0,excess_ce_H,0.015453622845569,0.0059916083822031,-0.0094620144633659
count_predictor,gain_K4_p17,gain_contrast,4,confirm_K4_i000183,confirm_K4_i000930,1024,additive,1.0,,shape_rmse,0.0185364365741218,0.0156247800227677,-0.002911656551354
count_predictor,gain_K4_p17,gain_contrast,4,confirm_K4_i000183,confirm_K4_i000930,1024,additive,1.0,,excess_ce_H,0.0256985996808341,0.0146213058109148,-0.0110772938699193
count_predictor,gain_K4_p17,gain_contrast,4,confirm_K4_i000183,confirm_K4_i000930,1024,interpolated_backoff,1.0,1.0,shape_rmse,0.0174788205578296,0.0143180797054526,-0.003160740852377
count_predictor,gain_K4_p17,gain_contrast,4,confirm_K4_i000183,confirm_K4_i000930,1024,interpolated_backoff,1.0,1.0,excess_ce_H,0.0244164022105133,0.0130751268293924,-0.0113412753811209
count_predictor,gain_K4_p17,gain_contrast,4,confirm_K4_i000183,confirm_K4_i000930,1024,interpolated_backoff,1.0,5.0,shape_rmse,0.0151828378596503,0.0125367961217227,-0.0026460417379275
count_predictor,gain_K4_p17,gain_contrast,4,confirm_K4_i000183,confirm_K4_i000930,1024,interpolated_backoff,1.0,5.0,excess_ce_H,0.0216966084178413,0.0109404580204945,-0.0107561503973467
count_predictor,gain_K4_p17,gain_contrast,4,confirm_K4_i000183,confirm_K4_i000930,1024,interpolated_backoff,1.0,20.0,shape_rmse,0.0111655835979696,0.0098667393867803,-0.0012988442111893
count_predictor,gain_K4_p17,gain_contrast,4,confirm_K4_i000183,confirm_K4_i000930,1024,interpolated_backoff,1.0,20.0,excess_ce_H,0.016920416541811,0.0077315960089894,-0.0091888205328216
count_predictor,gain_K4_p17,gain_contrast,4,confirm_K4_i000183,confirm_K4_i000930,2048,additive,0.1,,shape_rmse,0.0116808752328367,0.0095896841679978,-0.0020911910648388
count_predictor,gain_K4_p17,gain_contrast,4,confirm_K4_i000183,confirm_K4_i000930,2048,additive,0.1,,excess_ce_H,0.01721751102845,0.0066133024663663,-0.0106042085620837
count_predictor,gain_K4_p17,gain_contrast,4,confirm_K4_i000183,confirm_K4_i000930,2048,interpolated_backoff,0.1,1.0,shape_rmse,0.0105146940791357,0.007952967423345,-0.0025617266557907
count_predictor,gain_K4_p17,gain_contrast,4,confirm_K4_i000183,confirm_K4_i000930,2048,interpolated_backoff,0.1,1.0,excess_ce_H,0.015804875502301,0.0046790252252213,-0.0111258502770796
count_predictor,gain_K4_p17,gain_contrast,4,confirm_K4_i000183,confirm_K4_i000930,2048,interpolated_backoff,0.1,5.0,shape_rmse,0.008874644579423,0.0062968498419866,-0.0025777947374363
count_predictor,gain_K4_p17,gain_contrast,4,confirm_K4_i000183,confirm_K4_i000930,2048,interpolated_backoff,0.1,5.0,excess_ce_H,0.013850484917925,0.0027155571989474,-0.0111349277189775
count_predictor,gain_K4_p17,gain_contrast,4,confirm_K4_i000183,confirm_K4_i000930,2048,interpolated_backoff,0.1,20.0,shape_rmse,0.0066637815313506,0.0046000196689151,-0.0020637618624355
count_predictor,gain_K4_p17,gain_contrast,4,confirm_K4_i000183,confirm_K4_i000930,2048,interpolated_backoff,0.1,20.0,excess_ce_H,0.011226088614658,0.0007071305950883,-0.0105189580195697
count_predictor,gain_K4_p17,gain_contrast,4,confirm_K4_i000183,confirm_K4_i000930,2048,additive,0.5,,shape_rmse,0.0103509038078211,0.0079597920016515,-0.0023911118061695
count_predictor,gain_K4_p17,gain_contrast,4,confirm_K4_i000183,confirm_K4_i000930,2048,additive,0.5,,excess_ce_H,0.0156045678289722,0.0047284564069736,-0.0108761114219986
count_predictor,gain_K4_p17,gain_contrast,4,confirm_K4_i000183,confirm_K4_i000930,2048,interpolated_backoff,0.5,1.0,shape_rmse,0.0098313657145988,0.0072115133631426,-0.0026198523514562
count_predictor,gain_K4_p17,gain_contrast,4,confirm_K4_i000183,confirm_K4_i000930,2048,interpolated_backoff,0.5,1.0,excess_ce_H,0.0149650509369758,0.0038458037708122,-0.0111192471661635
count_predictor,gain_K4_p17,gain_contrast,4,confirm_K4_i000183,confirm_K4_i000930,2048,interpolated_backoff,0.5,5.0,shape_rmse,0.0088278356711238,0.0061296023097074,-0.0026982333614164
count_predictor,gain_K4_p17,gain_contrast,4,confirm_K4_i000183,confirm_K4_i000930,2048,interpolated_backoff,0.5,5.0,excess_ce_H,0.0137664901409237,0.0025636845809708,-0.0112028055599529
count_predictor,gain_K4_p17,gain_contrast,4,confirm_K4_i000183,confirm_K4_i000930,2048,interpolated_backoff,0.5,20.0,shape_rmse,0.0069700614213711,0.0047265872009086,-0.0022434742204625
count_predictor,gain_K4_p17,gain_contrast,4,confirm_K4_i000183,confirm_K4_i000930,2048,interpolated_backoff,0.5,20.0,excess_ce_H,0.011563488014759,0.0008994038127376,-0.0106640842020214
count_predictor,gain_K4_p17,gain_contrast,4,confirm_K4_i000183,confirm_K4_i000930,2048,additive,1.0,,shape_rmse,0.0108591551202219,0.0085685517568413,-0.0022906033633806
count_predictor,gain_K4_p17,gain_contrast,4,confirm_K4_i000183,confirm_K4_i000930,2048,additive,1.0,,excess_ce_H,0.0162327584803898,0.0055229994741987,-0.0107097590061911
count_predictor,gain_K4_p17,gain_contrast,4,confirm_K4_i000183,confirm_K4_i000930,2048,interpolated_backoff,1.0,1.0,shape_rmse,0.0104273687456538,0.0079533160849204,-0.0024740526607333
count_predictor,gain_K4_p17,gain_contrast,4,confirm_K4_i000183,confirm_K4_i000930,2048,interpolated_backoff,1.0,1.0,excess_ce_H,0.0156988655248082,0.0047962007406334,-0.0109026647841748
count_predictor,gain_K4_p17,gain_contrast,4,confirm_K4_i000183,confirm_K4_i000930,2048,interpolated_backoff,1.0,5.0,shape_rmse,0.0095447337061229,0.0069567556490035,-0.0025879780571194
count_predictor,gain_K4_p17,gain_contrast,4,confirm_K4_i000183,confirm_K4_i000930,2048,interpolated_backoff,1.0,5.0,excess_ce_H,0.014644144628831,0.0036131551884333,-0.0110309894403977
count_predictor,gain_K4_p17,gain_contrast,4,confirm_K4_i000183,confirm_K4_i000930,2048,interpolated_backoff,1.0,20.0,shape_rmse,0.0077476004675937,0.0055271443077196,-0.0022204561598741
count_predictor,gain_K4_p17,gain_contrast,4,confirm_K4_i000183,confirm_K4_i000930,2048,interpolated_backoff,1.0,20.0,excess_ce_H,0.0125127092781354,0.0019121083565731,-0.0106006009215623
count_predictor,gain_K4_p18,gain_contrast,4,confirm_K4_i000480,confirm_K4_i000754,64,additive,0.1,,shape_rmse,0.2478768334512007,0.2698198895896886,0.0219430561384879
count_predictor,gain_K4_p18,gain_contrast,4,confirm_K4_i000480,confirm_K4_i000754,64,additive,0.1,,excess_ce_H,0.3182482507994915,0.3582823457171171,0.0400340949176256
count_predictor,gain_K4_p18,gain_contrast,4,confirm_K4_i000480,confirm_K4_i000754,64,interpolated_backoff,0.1,1.0,shape_rmse,0.1611847362398724,0.1774189776443506,0.0162342414044782
count_predictor,gain_K4_p18,gain_contrast,4,confirm_K4_i000480,confirm_K4_i000754,64,interpolated_backoff,0.1,1.0,excess_ce_H,0.2120346892689357,0.2437870162716087,0.031752327002673
count_predictor,gain_K4_p18,gain_contrast,4,confirm_K4_i000480,confirm_K4_i000754,64,interpolated_backoff,0.1,5.0,shape_rmse,0.0852284435827298,0.0931944005122548,0.007965956929525
count_predictor,gain_K4_p18,gain_contrast,4,confirm_K4_i000480,confirm_K4_i000754,64,interpolated_backoff,0.1,5.0,excess_ce_H,0.1173307476475407,0.137029349139597,0.0196986014920562
count_predictor,gain_K4_p18,gain_contrast,4,confirm_K4_i000480,confirm_K4_i000754,64,interpolated_backoff,0.1,20.0,shape_rmse,0.0354873690791371,0.0393659904524034,0.0038786213732663
count_predictor,gain_K4_p18,gain_contrast,4,confirm_K4_i000480,confirm_K4_i000754,64,interpolated_backoff,0.1,20.0,excess_ce_H,0.0532000914874364,0.0662689072013511,0.0130688157139147
count_predictor,gain_K4_p18,gain_contrast,4,confirm_K4_i000480,confirm_K4_i000754,64,additive,0.5,,shape_rmse,0.1247798963866767,0.1185096516376398,-0.0062702447490369
count_predictor,gain_K4_p18,gain_contrast,4,confirm_K4_i000480,confirm_K4_i000754,64,additive,0.5,,excess_ce_H,0.1651243767223877,0.1680064501549434,0.0028820734325556
count_predictor,gain_K4_p18,gain_contrast,4,confirm_K4_i000480,confirm_K4_i000754,64,interpolated_backoff,0.5,1.0,shape_rmse,0.0924450249595879,0.0886583619247708,-0.003786663034817
count_predictor,gain_K4_p18,gain_contrast,4,confirm_K4_i000480,confirm_K4_i000754,64,interpolated_backoff,0.5,1.0,excess_ce_H,0.1254978306626946,0.1308734725947096,0.005375641932015
count_predictor,gain_K4_p18,gain_contrast,4,confirm_K4_i000480,confirm_K4_i000754,64,interpolated_backoff,0.5,5.0,shape_rmse,0.0565835442076611,0.0551838698279182,-0.0013996743797429
count_predictor,gain_K4_p18,gain_contrast,4,confirm_K4_i000480,confirm_K4_i000754,64,interpolated_backoff,0.5,5.0,excess_ce_H,0.0805267289784892,0.0877288009699386,0.0072020719914493
count_predictor,gain_K4_p18,gain_contrast,4,confirm_K4_i000480,confirm_K4_i000754,64,interpolated_backoff,0.5,20.0,shape_rmse,0.0266285930291438,0.027469857795932,0.0008412647667882
count_predictor,gain_K4_p18,gain_contrast,4,confirm_K4_i000480,confirm_K4_i000754,64,interpolated_backoff,0.5,20.0,excess_ce_H,0.0415435933239183,0.0503617346719829,0.0088181413480646
count_predictor,gain_K4_p18,gain_contrast,4,confirm_K4_i000480,confirm_K4_i000754,64,additive,1.0,,shape_rmse,0.1063777296980003,0.0951347310243935,-0.0112429986736068
count_predictor,gain_K4_p18,gain_contrast,4,confirm_K4_i000480,confirm_K4_i000754,64,additive,1.0,,excess_ce_H,0.1419310824330042,0.1371901619758035,-0.0047409204572007
count_predictor,gain_K4_p18,gain_contrast,4,confirm_K4_i000480,confirm_K4_i000754,64,interpolated_backoff,1.0,1.0,shape_rmse,0.081690362472454,0.0725797334325508,-0.0091106290399032
count_predictor,gain_K4_p18,gain_contrast,4,confirm_K4_i000480,confirm_K4_i000754,64,interpolated_backoff,1.0,1.0,excess_ce_H,0.1116726947300541,0.1092593466618807,-0.0024133480681734
count_predictor,gain_K4_p18,gain_contrast,4,confirm_K4_i000480,confirm_K4_i000754,64,interpolated_backoff,1.0,5.0,shape_rmse,0.052821416452313,0.0472465153426846,-0.0055749011096284
count_predictor,gain_K4_p18,gain_contrast,4,confirm_K4_i000480,confirm_K4_i000754,64,interpolated_backoff,1.0,5.0,excess_ce_H,0.0754192713553019,0.0766630749556069,0.001243803600305
count_predictor,gain_K4_p18,gain_contrast,4,confirm_K4_i000480,confirm_K4_i000754,64,interpolated_backoff,1.0,20.0,shape_rmse,0.0260410608337698,0.0245400138427776,-0.0015010469909922
count_predictor,gain_K4_p18,gain_contrast,4,confirm_K4_i000480,confirm_K4_i000754,64,interpolated_backoff,1.0,20.0,excess_ce_H,0.0406037566074051,0.0460629329213759,0.0054591763139707
count_predictor,gain_K4_p18,gain_contrast,4,confirm_K4_i000480,confirm_K4_i000754,128,additive,0.1,,shape_rmse,0.1769876266908339,0.1995107744347619,0.0225231477439279
count_predictor,gain_K4_p18,gain_contrast,4,confirm_K4_i000480,confirm_K4_i000754,128,additive,0.1,,excess_ce_H,0.2236164798445847,0.2596459958283477,0.036029515983763
count_predictor,gain_K4_p18,gain_contrast,4,confirm_K4_i000480,confirm_K4_i000754,128,interpolated_backoff,0.1,1.0,shape_rmse,0.123641684947948,0.136609923162365,0.012968238214417
count_predictor,gain_K4_p18,gain_contrast,4,confirm_K4_i000480,confirm_K4_i000754,128,interpolated_backoff,0.1,1.0,excess_ce_H,0.1589102802587965,0.1836766580319062,0.0247663777731096
count_predictor,gain_K4_p18,gain_contrast,4,confirm_K4_i000480,confirm_K4_i000754,128,interpolated_backoff,0.1,5.0,shape_rmse,0.0714773157673397,0.0756634963187741,0.0041861805514343
count_predictor,gain_K4_p18,gain_contrast,4,confirm_K4_i000480,confirm_K4_i000754,128,interpolated_backoff,0.1,5.0,excess_ce_H,0.0948059847238342,0.1087501158695418,0.0139441311457075
count_predictor,gain_K4_p18,gain_contrast,4,confirm_K4_i000480,confirm_K4_i000754,128,interpolated_backoff,0.1,20.0,shape_rmse,0.032546039232793,0.0339386482654532,0.0013926090326602
count_predictor,gain_K4_p18,gain_contrast,4,confirm_K4_i000480,confirm_K4_i000754,128,interpolated_backoff,0.1,20.0,excess_ce_H,0.0459734334507584,0.0559398306858398,0.0099663972350814
count_predictor,gain_K4_p18,gain_contrast,4,confirm_K4_i000480,confirm_K4_i000754,128,additive,0.5,,shape_rmse,0.092928957200292,0.0914608052726333,-0.0014681519276587
count_predictor,gain_K4_p18,gain_contrast,4,confirm_K4_i000480,confirm_K4_i000754,128,additive,0.5,,excess_ce_H,0.1207720754800842,0.1275958374784076,0.0068237619983234
count_predictor,gain_K4_p18,gain_contrast,4,confirm_K4_i000480,confirm_K4_i000754,128,interpolated_backoff,0.5,1.0,shape_rmse,0.0737017521167574,0.0718671521440157,-0.0018345999727416
count_predictor,gain_K4_p18,gain_contrast,4,confirm_K4_i000480,confirm_K4_i000754,128,interpolated_backoff,0.5,1.0,excess_ce_H,0.0974550785057726,0.1038215012120078,0.0063664227062351
count_predictor,gain_K4_p18,gain_contrast,4,confirm_K4_i000480,confirm_K4_i000754,128,interpolated_backoff,0.5,5.0,shape_rmse,0.0487764646991502,0.0469207594941756,-0.0018557052049745
count_predictor,gain_K4_p18,gain_contrast,4,confirm_K4_i000480,confirm_K4_i000754,128,interpolated_backoff,0.5,5.0,excess_ce_H,0.066651513636851,0.0727487804018167,0.0060972667649657
count_predictor,gain_K4_p18,gain_contrast,4,confirm_K4_i000480,confirm_K4_i000754,128,interpolated_backoff,0.5,20.0,shape_rmse,0.0250704193783812,0.024564069727192,-0.0005063496511892
count_predictor,gain_K4_p18,gain_contrast,4,confirm_K4_i000480,confirm_K4_i000754,128,interpolated_backoff,0.5,20.0,excess_ce_H,0.0366162656541433,0.0438722838852867,0.0072560182311434
count_predictor,gain_K4_p18,gain_contrast,4,confirm_K4_i000480,confirm_K4_i000754,128,additive,1.0,,shape_rmse,0.0791044076053441,0.0726730681602196,-0.0064313394451245
count_predictor,gain_K4_p18,gain_contrast,4,confirm_K4_i000480,confirm_K4_i000754,128,additive,1.0,,excess_ce_H,0.1036080135311567,0.1038492535262118,0.000241239995055
count_predictor,gain_K4_p18,gain_contrast,4,confirm_K4_i000480,confirm_K4_i000754,128,interpolated_backoff,1.0,1.0,shape_rmse,0.064532314824321,0.0584154283719158,-0.0061168864524051
count_predictor,gain_K4_p18,gain_contrast,4,confirm_K4_i000480,confirm_K4_i000754,128,interpolated_backoff,1.0,1.0,excess_ce_H,0.0859677655831598,0.0865771295924962,0.0006093640093363
count_predictor,gain_K4_p18,gain_contrast,4,confirm_K4_i000480,confirm_K4_i000754,128,interpolated_backoff,1.0,5.0,shape_rmse,0.0446256677568971,0.0398287975300848,-0.0047968702268123
count_predictor,gain_K4_p18,gain_contrast,4,confirm_K4_i000480,confirm_K4_i000754,128,interpolated_backoff,1.0,5.0,excess_ce_H,0.061365664858477,0.0634130582495264,0.0020473933910493
count_predictor,gain_K4_p18,gain_contrast,4,confirm_K4_i000480,confirm_K4_i000754,128,interpolated_backoff,1.0,20.0,shape_rmse,0.0238918028981861,0.0217808592663471,-0.0021109436318389
count_predictor,gain_K4_p18,gain_contrast,4,confirm_K4_i000480,confirm_K4_i000754,128,interpolated_backoff,1.0,20.0,excess_ce_H,0.0350954221733263,0.0400515643491887,0.0049561421758623
count_predictor,gain_K4_p18,gain_contrast,4,confirm_K4_i000480,confirm_K4_i000754,256,additive,0.1,,shape_rmse,0.1147882711853084,0.1337281552736082,0.0189398840882998
count_predictor,gain_K4_p18,gain_contrast,4,confirm_K4_i000480,confirm_K4_i000754,256,additive,0.1,,excess_ce_H,0.1419830140876841,0.173129680261947,0.0311466661742629
count_predictor,gain_K4_p18,gain_contrast,4,confirm_K4_i000480,confirm_K4_i000754,256,interpolated_backoff,0.1,1.0,shape_rmse,0.0840196234443862,0.0985158953845067,0.0144962719401205
count_predictor,gain_K4_p18,gain_contrast,4,confirm_K4_i000480,confirm_K4_i000754,256,interpolated_backoff,0.1,1.0,excess_ce_H,0.1053872653945064,0.1311755330943045,0.025788267699798
count_predictor,gain_K4_p18,gain_contrast,4,confirm_K4_i000480,confirm_K4_i000754,256,interpolated_backoff,0.1,5.0,shape_rmse,0.0515018755227865,0.0599246777998655,0.008422802277079
count_predictor,gain_K4_p18,gain_contrast,4,confirm_K4_i000480,confirm_K4_i000754,256,interpolated_backoff,0.1,5.0,excess_ce_H,0.0662963908981777,0.0846907145395394,0.0183943236413617
count_predictor,gain_K4_p18,gain_contrast,4,confirm_K4_i000480,confirm_K4_i000754,256,interpolated_backoff,0.1,20.0,shape_rmse,0.025312625248664,0.0298615995429681,0.004548974294304
count_predictor,gain_K4_p18,gain_contrast,4,confirm_K4_i000480,confirm_K4_i000754,256,interpolated_backoff,0.1,20.0,excess_ce_H,0.034223484264009,0.0477655336936626,0.0135420494296535
count_predictor,gain_K4_p18,gain_contrast,4,confirm_K4_i000480,confirm_K4_i000754,256,additive,0.5,,shape_rmse,0.063071900152374,0.0684903309333995,0.0054184307810254
count_predictor,gain_K4_p18,gain_contrast,4,confirm_K4_i000480,confirm_K4_i000754,256,additive,0.5,,excess_ce_H,0.0800185159555653,0.0946462475360636,0.0146277315804982
count_predictor,gain_K4_p18,gain_contrast,4,confirm_K4_i000480,confirm_K4_i000754,256,interpolated_backoff,0.5,1.0,shape_rmse,0.0523405493626895,0.0574712700445402,0.0051307206818507
count_predictor,gain_K4_p18,gain_contrast,4,confirm_K4_i000480,confirm_K4_i000754,256,interpolated_backoff,0.5,1.0,excess_ce_H,0.0672221035434341,0.0814740410305756,0.0142519374871415
count_predictor,gain_K4_p18,gain_contrast,4,confirm_K4_i000480,confirm_K4_i000754,256,interpolated_backoff,0.5,5.0,shape_rmse,0.0366247702673463,0.0405950664776175,0.0039702962102712
count_predictor,gain_K4_p18,gain_contrast,4,confirm_K4_i000480,confirm_K4_i000754,256,interpolated_backoff,0.5,5.0,excess_ce_H,0.048245831224553,0.0610083882153971,0.0127625569908441
count_predictor,gain_K4_p18,gain_contrast,4,confirm_K4_i000480,confirm_K4_i000754,256,interpolated_backoff,0.5,20.0,shape_rmse,0.0202195360218108,0.0230222050360412,0.0028026690142304
count_predictor,gain_K4_p18,gain_contrast,4,confirm_K4_i000480,confirm_K4_i000754,256,interpolated_backoff,0.5,20.0,excess_ce_H,0.0280195669965925,0.0392187864169393,0.0111992194203468
count_predictor,gain_K4_p18,gain_contrast,4,confirm_K4_i000480,confirm_K4_i000754,256,additive,1.0,,shape_rmse,0.0539325626800394,0.0552040107956436,0.0012714481156041
count_predictor,gain_K4_p18,gain_contrast,4,confirm_K4_i000480,confirm_K4_i000754,256,additive,1.0,,excess_ce_H,0.0689973243477879,0.0783099206446718,0.0093125962968838
count_predictor,gain_K4_p18,gain_contrast,4,confirm_K4_i000480,confirm_K4_i000754,256,interpolated_backoff,1.0,1.0,shape_rmse,0.0459533533845476,0.0473890066856312,0.0014356533010836
count_predictor,gain_K4_p18,gain_contrast,4,confirm_K4_i000480,confirm_K4_i000754,256,interpolated_backoff,1.0,1.0,excess_ce_H,0.0594792775403238,0.0689750919910623,0.0094958144507385
count_predictor,gain_K4_p18,gain_contrast,4,confirm_K4_i000480,confirm_K4_i000754,256,interpolated_backoff,1.0,5.0,shape_rmse,0.0335443078474884,0.0348834535771397,0.0013391457296512
count_predictor,gain_K4_p18,gain_contrast,4,confirm_K4_i000480,confirm_K4_i000754,256,interpolated_backoff,1.0,5.0,excess_ce_H,0.0444727545813816,0.0538035371681855,0.0093307825868039
count_predictor,gain_K4_p18,gain_contrast,4,confirm_K4_i000480,confirm_K4_i000754,256,interpolated_backoff,1.0,20.0,shape_rmse,0.0192760436718762,0.0206464796147421,0.0013704359428658
count_predictor,gain_K4_p18,gain_contrast,4,confirm_K4_i000480,confirm_K4_i000754,256,interpolated_backoff,1.0,20.0,excess_ce_H,0.0268694161236398,0.0361282282564068,0.0092588121327669
count_predictor,gain_K4_p18,gain_contrast,4,confirm_K4_i000480,confirm_K4_i000754,512,additive,0.1,,shape_rmse,0.0631651153807396,0.0781955171170039,0.0150304017362642
count_predictor,gain_K4_p18,gain_contrast,4,confirm_K4_i000480,confirm_K4_i000754,512,additive,0.1,,excess_ce_H,0.0781055774024523,0.1033394000671243,0.025233822664672
count_predictor,gain_K4_p18,gain_contrast,4,confirm_K4_i000480,confirm_K4_i000754,512,interpolated_backoff,0.1,1.0,shape_rmse,0.0497322043155172,0.0613607984608738,0.0116285941453566
count_predictor,gain_K4_p18,gain_contrast,4,confirm_K4_i000480,confirm_K4_i000754,512,interpolated_backoff,0.1,1.0,excess_ce_H,0.0622010853349308,0.0834654483518655,0.0212643630169347
count_predictor,gain_K4_p18,gain_contrast,4,confirm_K4_i000480,confirm_K4_i000754,512,interpolated_backoff,0.1,5.0,shape_rmse,0.0337795584401434,0.0409111274877686,0.0071315690476252
count_predictor,gain_K4_p18,gain_contrast,4,confirm_K4_i000480,confirm_K4_i000754,512,interpolated_backoff,0.1,5.0,excess_ce_H,0.0431583473822769,0.0591146187811555,0.0159562713988786
count_predictor,gain_K4_p18,gain_contrast,4,confirm_K4_i000480,confirm_K4_i000754,512,interpolated_backoff,0.1,20.0,shape_rmse,0.0185648224109081,0.0225855395254414,0.0040207171145332
count_predictor,gain_K4_p18,gain_contrast,4,confirm_K4_i000480,confirm_K4_i000754,512,interpolated_backoff,0.1,20.0,excess_ce_H,0.0247686658800792,0.0369556860488231,0.0121870201687439
count_predictor,gain_K4_p18,gain_contrast,4,confirm_K4_i000480,confirm_K4_i000754,512,additive,0.5,,shape_rmse,0.0381285599984017,0.043822112230901,0.0056935522324993
count_predictor,gain_K4_p18,gain_contrast,4,confirm_K4_i000480,confirm_K4_i000754,512,additive,0.5,,excess_ce_H,0.0482999837428801,0.0624033727327379,0.0141033889898577
count_predictor,gain_K4_p18,gain_contrast,4,confirm_K4_i000480,confirm_K4_i000754,512,interpolated_backoff,0.5,1.0,shape_rmse,0.0332345747700276,0.0385830800634023,0.0053485052933747
count_predictor,gain_K4_p18,gain_contrast,4,confirm_K4_i000480,confirm_K4_i000754,512,interpolated_backoff,0.5,1.0,excess_ce_H,0.0425007470208884,0.056185214741327,0.0136844677204385
count_predictor,gain_K4_p18,gain_contrast,4,confirm_K4_i000480,confirm_K4_i000754,512,interpolated_backoff,0.5,5.0,shape_rmse,0.0252587131573697,0.0293009415032056,0.0040422283458359
count_predictor,gain_K4_p18,gain_contrast,4,confirm_K4_i000480,confirm_K4_i000754,512,interpolated_backoff,0.5,5.0,excess_ce_H,0.0329521048178391,0.0450755612233992,0.0121234564055601
count_predictor,gain_K4_p18,gain_contrast,4,confirm_K4_i000480,confirm_K4_i000754,512,interpolated_backoff,0.5,20.0,shape_rmse,0.0153790951518582,0.0180684886343417,0.0026893934824835
count_predictor,gain_K4_p18,gain_contrast,4,confirm_K4_i000480,confirm_K4_i000754,512,interpolated_backoff,0.5,20.0,excess_ce_H,0.0209509582255096,0.031408124962394,0.0104571667368844
count_predictor,gain_K4_p18,gain_contrast,4,confirm_K4_i000480,confirm_K4_i000754,512,additive,1.0,,shape_rmse,0.0336008895434668,0.0360265843846157,0.0024256948411488
count_predictor,gain_K4_p18,gain_contrast,4,confirm_K4_i000480,confirm_K4_i000754,512,additive,1.0,,excess_ce_H,0.0428786849880378,0.0529364004587127,0.0100577154706749
count_predictor,gain_K4_p18,gain_contrast,4,confirm_K4_i000480,confirm_K4_i000754,512,interpolated_backoff,1.0,1.0,shape_rmse,0.0298318650386015,0.0323272861894021,0.0024954211508006
count_predictor,gain_K4_p18,gain_contrast,4,confirm_K4_i000480,confirm_K4_i000754,512,interpolated_backoff,1.0,1.0,excess_ce_H,0.0384170860433736,0.0485425899511382,0.0101255039077646
count_predictor,gain_K4_p18,gain_contrast,4,confirm_K4_i000480,confirm_K4_i000754,512,interpolated_backoff,1.0,5.0,shape_rmse,0.0233220732885315,0.0254146157004383,0.0020925424119067
count_predictor,gain_K4_p18,gain_contrast,4,confirm_K4_i000480,confirm_K4_i000754,512,interpolated_backoff,1.0,5.0,excess_ce_H,0.0306261095865154,0.0402647299606928,0.0096386203741774
count_predictor,gain_K4_p18,gain_contrast,4,confirm_K4_i000480,confirm_K4_i000754,512,interpolated_backoff,1.0,20.0,shape_rmse,0.014648981055213,0.016260926586767,0.001611945531554
count_predictor,gain_K4_p18,gain_contrast,4,confirm_K4_i000480,confirm_K4_i000754,512,interpolated_backoff,1.0,20.0,excess_ce_H,0.0200885194437596,0.0291182203286859,0.0090297008849263
count_predictor,gain_K4_p18,gain_contrast,4,confirm_K4_i000480,confirm_K4_i000754,1024,additive,0.1,,shape_rmse,0.0333641967963501,0.0452231679682645,0.0118589711719143
count_predictor,gain_K4_p18,gain_contrast,4,confirm_K4_i000480,confirm_K4_i000754,1024,additive,0.1,,excess_ce_H,0.0417932769090279,0.0624859880858785,0.0206927111768506
count_predictor,gain_K4_p18,gain_contrast,4,confirm_K4_i000480,confirm_K4_i000754,1024,interpolated_backoff,0.1,1.0,shape_rmse,0.0275599384293452,0.0378507150768105,0.0102907766474653
count_predictor,gain_K4_p18,gain_contrast,4,confirm_K4_i000480,confirm_K4_i000754,1024,interpolated_backoff,0.1,1.0,excess_ce_H,0.0349486638297464,0.0538361455151932,0.0188874816854468
count_predictor,gain_K4_p18,gain_contrast,4,confirm_K4_i000480,confirm_K4_i000754,1024,interpolated_backoff,0.1,5.0,shape_rmse,0.0196671810160267,0.0275569471728676,0.0078897661568409
count_predictor,gain_K4_p18,gain_contrast,4,confirm_K4_i000480,confirm_K4_i000754,1024,interpolated_backoff,0.1,5.0,excess_ce_H,0.0256008891055066,0.0417078922044704,0.0161070030989638
count_predictor,gain_K4_p18,gain_contrast,4,confirm_K4_i000480,confirm_K4_i000754,1024,interpolated_backoff,0.1,20.0,shape_rmse,0.0114151806471863,0.0168872566999138,0.0054720760527275
count_predictor,gain_K4_p18,gain_contrast,4,confirm_K4_i000480,confirm_K4_i000754,1024,interpolated_backoff,0.1,20.0,excess_ce_H,0.0157315919423945,0.0290041160273881,0.0132725240849936
count_predictor,gain_K4_p18,gain_contrast,4,confirm_K4_i000480,confirm_K4_i000754,1024,additive,0.5,,shape_rmse,0.0210877156700232,0.0281083234998282,0.007020607829805
count_predictor,gain_K4_p18,gain_contrast,4,confirm_K4_i000480,confirm_K4_i000754,1024,additive,0.5,,excess_ce_H,0.0272764108163032,0.0422588301630324,0.0149824193467291
count_predictor,gain_K4_p18,gain_contrast,4,confirm_K4_i000480,confirm_K4_i000754,1024,interpolated_backoff,0.5,1.0,shape_rmse,0.0190780194656638,0.0258125111566215,0.0067344916909576
count_predictor,gain_K4_p18,gain_contrast,4,confirm_K4_i000480,confirm_K4_i000754,1024,interpolated_backoff,0.5,1.0,excess_ce_H,0.0248999452343812,0.0395544363755064,0.0146544911411252
count_predictor,gain_K4_p18,gain_contrast,4,confirm_K4_i000480,confirm_K4_i000754,1024,interpolated_backoff,0.5,5.0,shape_rmse,0.015135262329384,0.0210017009720272,0.0058664386426432
count_predictor,gain_K4_p18,gain_contrast,4,confirm_K4_i000480,confirm_K4_i000754,1024,interpolated_backoff,0.5,5.0,excess_ce_H,0.0202129506320183,0.0338688309896,0.0136558803575817
count_predictor,gain_K4_p18,gain_contrast,4,confirm_K4_i000480,confirm_K4_i000754,1024,interpolated_backoff,0.5,20.0,shape_rmse,0.0097228992692888,0.014122531649822,0.0043996323805332
count_predictor,gain_K4_p18,gain_contrast,4,confirm_K4_i000480,confirm_K4_i000754,1024,interpolated_backoff,0.5,20.0,excess_ce_H,0.013708227454648,0.0256558209570474,0.0119475935023994
count_predictor,gain_K4_p18,gain_contrast,4,confirm_K4_i000480,confirm_K4_i000754,1024,additive,1.0,,shape_rmse,0.0188890179625634,0.0236477395577803,0.0047587215952168
count_predictor,gain_K4_p18,gain_contrast,4,confirm_K4_i000480,confirm_K4_i000754,1024,additive,1.0,,excess_ce_H,0.0246568653207506,0.0369108513202407,0.01225398599949
count_predictor,gain_K4_p18,gain_contrast,4,confirm_K4_i000480,confirm_K4_i000754,1024,interpolated_backoff,1.0,1.0,shape_rmse,0.0173472353491699,0.0220375839308343,0.0046903485816644
count_predictor,gain_K4_p18,gain_contrast,4,confirm_K4_i000480,confirm_K4_i000754,1024,interpolated_backoff,1.0,1.0,excess_ce_H,0.0228349846972237,0.0350127753356726,0.0121777906384488
count_predictor,gain_K4_p18,gain_contrast,4,confirm_K4_i000480,confirm_K4_i000754,1024,interpolated_backoff,1.0,5.0,shape_rmse,0.0141130017194958,0.0184446393071261,0.0043316375876303
count_predictor,gain_K4_p18,gain_contrast,4,confirm_K4_i000480,confirm_K4_i000754,1024,interpolated_backoff,1.0,5.0,excess_ce_H,0.0189912144773816,0.0307636638583559,0.0117724493809743
count_predictor,gain_K4_p18,gain_contrast,4,confirm_K4_i000480,confirm_K4_i000754,1024,interpolated_backoff,1.0,20.0,shape_rmse,0.0093627414622652,0.0128199841480195,0.0034572426857543
count_predictor,gain_K4_p18,gain_contrast,4,confirm_K4_i000480,confirm_K4_i000754,1024,interpolated_backoff,1.0,20.0,excess_ce_H,0.0132796373088508,0.0240448382504989,0.010765200941648
count_predictor,gain_K4_p18,gain_contrast,4,confirm_K4_i000480,confirm_K4_i000754,2048,additive,0.1,,shape_rmse,0.0193067623807988,0.0227031846962609,0.0033964223154621
count_predictor,gain_K4_p18,gain_contrast,4,confirm_K4_i000480,confirm_K4_i000754,2048,additive,0.1,,excess_ce_H,0.0243137797941062,0.0349712579196213,0.0106574781255151
count_predictor,gain_K4_p18,gain_contrast,4,confirm_K4_i000480,confirm_K4_i000754,2048,interpolated_backoff,0.1,1.0,shape_rmse,0.0166199337316839,0.0198436045806471,0.0032236708489631
count_predictor,gain_K4_p18,gain_contrast,4,confirm_K4_i000480,confirm_K4_i000754,2048,interpolated_backoff,0.1,1.0,excess_ce_H,0.0211878348579024,0.0316304652936823,0.0104426304357798
count_predictor,gain_K4_p18,gain_contrast,4,confirm_K4_i000480,confirm_K4_i000754,2048,interpolated_backoff,0.1,5.0,shape_rmse,0.012758954576618,0.0153321734463601,0.0025732188697421
count_predictor,gain_K4_p18,gain_contrast,4,confirm_K4_i000480,confirm_K4_i000754,2048,interpolated_backoff,0.1,5.0,excess_ce_H,0.0166695372400229,0.0263341873860554,0.0096646501460325
count_predictor,gain_K4_p18,gain_contrast,4,confirm_K4_i000480,confirm_K4_i000754,2048,interpolated_backoff,0.1,20.0,shape_rmse,0.0082731813678008,0.0100957205068124,0.0018225391390116
count_predictor,gain_K4_p18,gain_contrast,4,confirm_K4_i000480,confirm_K4_i000754,2048,interpolated_backoff,0.1,20.0,excess_ce_H,0.0113817850866781,0.0201441967326287,0.0087624116459506
count_predictor,gain_K4_p18,gain_contrast,4,confirm_K4_i000480,confirm_K4_i000754,2048,additive,0.5,,shape_rmse,0.0133828793497516,0.015209144876075,0.0018262655263234
count_predictor,gain_K4_p18,gain_contrast,4,confirm_K4_i000480,confirm_K4_i000754,2048,additive,0.5,,excess_ce_H,0.0173957676343783,0.0261559419126726,0.0087601742782943
count_predictor,gain_K4_p18,gain_contrast,4,confirm_K4_i000480,confirm_K4_i000754,2048,interpolated_backoff,0.5,1.0,shape_rmse,0.0124089228900184,0.0143574041191243,0.0019484812291058
count_predictor,gain_K4_p18,gain_contrast,4,confirm_K4_i000480,confirm_K4_i000754,2048,interpolated_backoff,0.5,1.0,excess_ce_H,0.0162595628532329,0.02515839624869,0.0088988333954571
count_predictor,gain_K4_p18,gain_contrast,4,confirm_K4_i000480,confirm_K4_i000754,2048,interpolated_backoff,0.5,5.0,shape_rmse,0.01037333312385,0.0122168581817231,0.0018435250578731
count_predictor,gain_K4_p18,gain_contrast,4,confirm_K4_i000480,confirm_K4_i000754,2048,interpolated_backoff,0.5,5.0,excess_ce_H,0.0138735197352899,0.0226420596118361,0.0087685398765462
count_predictor,gain_K4_p18,gain_contrast,4,confirm_K4_i000480,confirm_K4_i000754,2048,interpolated_backoff,0.5,20.0,shape_rmse,0.0072962084230695,0.0087378233529202,0.0014416149298507
count_predictor,gain_K4_p18,gain_contrast,4,confirm_K4_i000480,confirm_K4_i000754,2048,interpolated_backoff,0.5,20.0,excess_ce_H,0.0102400840906886,0.0185222185598115,0.0082821344691228
count_predictor,gain_K4_p18,gain_contrast,4,confirm_K4_i000480,confirm_K4_i000754,2048,additive,1.0,,shape_rmse,0.0121074263790086,0.0130370330435075,0.0009296066644988
count_predictor,gain_K4_p18,gain_contrast,4,confirm_K4_i000480,confirm_K4_i000754,2048,additive,1.0,,excess_ce_H,0.0159124436613973,0.0235746017877802,0.0076621581263828
count_predictor,gain_K4_p18,gain_contrast,4,confirm_K4_i000480,confirm_K4_i000754,2048,interpolated_backoff,1.0,1.0,shape_rmse,0.0113681307764853,0.0124658544156631,0.0010977236391777
count_predictor,gain_K4_p18,gain_contrast,4,confirm_K4_i000480,confirm_K4_i000754,2048,interpolated_backoff,1.0,1.0,excess_ce_H,0.015049088724337,0.0229050544137014,0.0078559656893644
count_predictor,gain_K4_p18,gain_contrast,4,confirm_K4_i000480,confirm_K4_i000754,2048,interpolated_backoff,1.0,5.0,shape_rmse,0.0096997062577251,0.0108758615730441,0.001176155315319
count_predictor,gain_K4_p18,gain_contrast,4,confirm_K4_i000480,confirm_K4_i000754,2048,interpolated_backoff,1.0,5.0,excess_ce_H,0.0130923141742358,0.0210351670148174,0.0079428528405816
count_predictor,gain_K4_p18,gain_contrast,4,confirm_K4_i000480,confirm_K4_i000754,2048,interpolated_backoff,1.0,20.0,shape_rmse,0.0069963838828082,0.0080215812900582,0.0010251974072499
count_predictor,gain_K4_p18,gain_contrast,4,confirm_K4_i000480,confirm_K4_i000754,2048,interpolated_backoff,1.0,20.0,excess_ce_H,0.0098996250737259,0.0176539303555522,0.0077543052818263
count_predictor,gain_K5_p19,gain_contrast,5,confirm_K5_i000132,confirm_K5_i000954,64,additive,0.1,,shape_rmse,0.1680103381020901,0.1616376933289751,-0.0063726447731149
count_predictor,gain_K5_p19,gain_contrast,5,confirm_K5_i000132,confirm_K5_i000954,64,additive,0.1,,excess_ce_H,0.2217017859056935,0.206581477759115,-0.0151203081465784
count_predictor,gain_K5_p19,gain_contrast,5,confirm_K5_i000132,confirm_K5_i000954,64,interpolated_backoff,0.1,1.0,shape_rmse,0.115554471997096,0.109358723739605,-0.006195748257491
count_predictor,gain_K5_p19,gain_contrast,5,confirm_K5_i000132,confirm_K5_i000954,64,interpolated_backoff,0.1,1.0,excess_ce_H,0.1570084401213236,0.1418478859423368,-0.0151605541789867
count_predictor,gain_K5_p19,gain_contrast,5,confirm_K5_i000132,confirm_K5_i000954,64,interpolated_backoff,0.1,5.0,shape_rmse,0.0666126531665775,0.0631371003740244,-0.003475552792553
count_predictor,gain_K5_p19,gain_contrast,5,confirm_K5_i000132,confirm_K5_i000954,64,interpolated_backoff,0.1,5.0,excess_ce_H,0.0958086809221931,0.0840305067535638,-0.0117781741686293
count_predictor,gain_K5_p19,gain_contrast,5,confirm_K5_i000132,confirm_K5_i000954,64,interpolated_backoff,0.1,20.0,shape_rmse,0.0315984016683231,0.0295794746207896,-0.0020189270475335
count_predictor,gain_K5_p19,gain_contrast,5,confirm_K5_i000132,confirm_K5_i000954,64,interpolated_backoff,0.1,20.0,excess_ce_H,0.0507243352955959,0.0410311274811645,-0.0096932078144314
count_predictor,gain_K5_p19,gain_contrast,5,confirm_K5_i000132,confirm_K5_i000954,64,additive,0.5,,shape_rmse,0.1071519577531334,0.1061185070653807,-0.0010334506877526
count_predictor,gain_K5_p19,gain_contrast,5,confirm_K5_i000132,confirm_K5_i000954,64,additive,0.5,,excess_ce_H,0.1453145276288208,0.1364480891577648,-0.008866438471056
count_predictor,gain_K5_p19,gain_contrast,5,confirm_K5_i000132,confirm_K5_i000954,64,interpolated_backoff,0.5,1.0,shape_rmse,0.0836522216513304,0.0808915830106755,-0.0027606386406549
count_predictor,gain_K5_p19,gain_contrast,5,confirm_K5_i000132,confirm_K5_i000954,64,interpolated_backoff,0.5,1.0,excess_ce_H,0.1162544744245905,0.1053164501916186,-0.0109380242329718
count_predictor,gain_K5_p19,gain_contrast,5,confirm_K5_i000132,confirm_K5_i000954,64,interpolated_backoff,0.5,5.0,shape_rmse,0.0564615550635819,0.0537949658601829,-0.002666589203399
count_predictor,gain_K5_p19,gain_contrast,5,confirm_K5_i000132,confirm_K5_i000954,64,interpolated_backoff,0.5,5.0,excess_ce_H,0.0820805289931949,0.0714185734837178,-0.0106619555094771
count_predictor,gain_K5_p19,gain_contrast,5,confirm_K5_i000132,confirm_K5_i000954,64,interpolated_backoff,0.5,20.0,shape_rmse,0.0303040734760231,0.0283462332397311,-0.0019578402362919
count_predictor,gain_K5_p19,gain_contrast,5,confirm_K5_i000132,confirm_K5_i000954,64,interpolated_backoff,0.5,20.0,excess_ce_H,0.0483370924501471,0.0389165256072026,-0.0094205668429444
count_predictor,gain_K5_p19,gain_contrast,5,confirm_K5_i000132,confirm_K5_i000954,64,additive,1.0,,shape_rmse,0.1055569498219212,0.1063200133817531,0.0007630635598319
count_predictor,gain_K5_p19,gain_contrast,5,confirm_K5_i000132,confirm_K5_i000954,64,additive,1.0,,excess_ce_H,0.1436197486797696,0.1370134414124344,-0.0066063072673351
count_predictor,gain_K5_p19,gain_contrast,5,confirm_K5_i000132,confirm_K5_i000954,64,interpolated_backoff,1.0,1.0,shape_rmse,0.085514640682392,0.0845684492844198,-0.0009461913979722
count_predictor,gain_K5_p19,gain_contrast,5,confirm_K5_i000132,confirm_K5_i000954,64,interpolated_backoff,1.0,1.0,excess_ce_H,0.1188113275528315,0.1101721783869236,-0.0086391491659078
count_predictor,gain_K5_p19,gain_contrast,5,confirm_K5_i000132,confirm_K5_i000954,64,interpolated_backoff,1.0,5.0,shape_rmse,0.0610840269229191,0.0596047957882383,-0.0014792311346807
count_predictor,gain_K5_p19,gain_contrast,5,confirm_K5_i000132,confirm_K5_i000954,64,interpolated_backoff,1.0,5.0,excess_ce_H,0.0880858822634826,0.0789305267521933,-0.0091553555112893
count_predictor,gain_K5_p19,gain_contrast,5,confirm_K5_i000132,confirm_K5_i000954,64,interpolated_backoff,1.0,20.0,shape_rmse,0.0349984264428379,0.0335757878218177,-0.0014226386210201
count_predictor,gain_K5_p19,gain_contrast,5,confirm_K5_i000132,confirm_K5_i000954,64,interpolated_backoff,1.0,20.0,excess_ce_H,0.0544651666357745,0.0457438744419842,-0.0087212921937902
count_predictor,gain_K5_p19,gain_contrast,5,confirm_K5_i000132,confirm_K5_i000954,128,additive,0.1,,shape_rmse,0.1074281614548395,0.1060666267039655,-0.0013615347508739
count_predictor,gain_K5_p19,gain_contrast,5,confirm_K5_i000132,confirm_K5_i000954,128,additive,0.1,,excess_ce_H,0.1419095016702711,0.134091985151608,-0.0078175165186631
count_predictor,gain_K5_p19,gain_contrast,5,confirm_K5_i000132,confirm_K5_i000954,128,interpolated_backoff,0.1,1.0,shape_rmse,0.079828230110336,0.0775920879473912,-0.0022361421629448
count_predictor,gain_K5_p19,gain_contrast,5,confirm_K5_i000132,confirm_K5_i000954,128,interpolated_backoff,0.1,1.0,excess_ce_H,0.1076998517950016,0.0988797778394923,-0.0088200739555093
count_predictor,gain_K5_p19,gain_contrast,5,confirm_K5_i000132,confirm_K5_i000954,128,interpolated_backoff,0.1,5.0,shape_rmse,0.0502877115043785,0.0499245847346883,-0.0003631267696902
count_predictor,gain_K5_p19,gain_contrast,5,confirm_K5_i000132,confirm_K5_i000954,128,interpolated_backoff,0.1,5.0,excess_ce_H,0.0710952364356802,0.0644393470724609,-0.0066558893632193
count_predictor,gain_K5_p19,gain_contrast,5,confirm_K5_i000132,confirm_K5_i000954,128,interpolated_backoff,0.1,20.0,shape_rmse,0.0260234516297576,0.0264403428719568,0.0004168912421992
count_predictor,gain_K5_p19,gain_contrast,5,confirm_K5_i000132,confirm_K5_i000954,128,interpolated_backoff,0.1,20.0,excess_ce_H,0.0405822120529497,0.0347481745871909,-0.0058340374657588
count_predictor,gain_K5_p19,gain_contrast,5,confirm_K5_i000132,confirm_K5_i000954,128,additive,0.5,,shape_rmse,0.0718542588538312,0.0727480564442184,0.0008937975903871
count_predictor,gain_K5_p19,gain_contrast,5,confirm_K5_i000132,confirm_K5_i000954,128,additive,0.5,,excess_ce_H,0.0972003449208034,0.0921553918594944,-0.005044953061309
count_predictor,gain_K5_p19,gain_contrast,5,confirm_K5_i000132,confirm_K5_i000954,128,interpolated_backoff,0.5,1.0,shape_rmse,0.0591780841780027,0.0589474844940972,-0.0002305996839054
count_predictor,gain_K5_p19,gain_contrast,5,confirm_K5_i000132,confirm_K5_i000954,128,interpolated_backoff,0.5,1.0,excess_ce_H,0.0815603742800561,0.075179189872202,-0.006381184407854
count_predictor,gain_K5_p19,gain_contrast,5,confirm_K5_i000132,confirm_K5_i000954,128,interpolated_backoff,0.5,5.0,shape_rmse,0.0425960516978102,0.0428941653671295,0.0002981136693192
count_predictor,gain_K5_p19,gain_contrast,5,confirm_K5_i000132,confirm_K5_i000954,128,interpolated_backoff,0.5,5.0,excess_ce_H,0.0609612965427159,0.0551861161871363,-0.0057751803555795
count_predictor,gain_K5_p19,gain_contrast,5,confirm_K5_i000132,confirm_K5_i000954,128,interpolated_backoff,0.5,20.0,shape_rmse,0.0242037751814627,0.0251666215160039,0.0009628463345412
count_predictor,gain_K5_p19,gain_contrast,5,confirm_K5_i000132,confirm_K5_i000954,128,interpolated_backoff,0.5,20.0,excess_ce_H,0.0378307572336469,0.0328182442330073,-0.0050125130006396
count_predictor,gain_K5_p19,gain_contrast,5,confirm_K5_i000132,confirm_K5_i000954,128,additive,1.0,,shape_rmse,0.071660197735518,0.0738416678594271,0.002181470123909
count_predictor,gain_K5_p19,gain_contrast,5,confirm_K5_i000132,confirm_K5_i000954,128,additive,1.0,,excess_ce_H,0.0969786901055429,0.093432350696778,-0.0035463394087649
count_predictor,gain_K5_p19,gain_contrast,5,confirm_K5_i000132,confirm_K5_i000954,128,interpolated_backoff,1.0,1.0,shape_rmse,0.0606995784313885,0.0616556593600943,0.0009560809287058
count_predictor,gain_K5_p19,gain_contrast,5,confirm_K5_i000132,confirm_K5_i000954,128,interpolated_backoff,1.0,1.0,excess_ce_H,0.0834752165349028,0.0784884386027615,-0.0049867779321412
count_predictor,gain_K5_p19,gain_contrast,5,confirm_K5_i000132,confirm_K5_i000954,128,interpolated_backoff,1.0,5.0,shape_rmse,0.0458192175092568,0.0466917946325195,0.0008725771232626
count_predictor,gain_K5_p19,gain_contrast,5,confirm_K5_i000132,confirm_K5_i000954,128,interpolated_backoff,1.0,5.0,excess_ce_H,0.0649941021081916,0.0598973404698117,-0.0050967616383799
count_predictor,gain_K5_p19,gain_contrast,5,confirm_K5_i000132,confirm_K5_i000954,128,interpolated_backoff,1.0,20.0,shape_rmse,0.0275668790412752,0.0287501355858856,0.0011832565446103
count_predictor,gain_K5_p19,gain_contrast,5,confirm_K5_i000132,confirm_K5_i000954,128,interpolated_backoff,1.0,20.0,excess_ce_H,0.0420532287778976,0.0373440352502305,-0.004709193527667
count_predictor,gain_K5_p19,gain_contrast,5,confirm_K5_i000132,confirm_K5_i000954,256,additive,0.1,,shape_rmse,0.0647451161876475,0.062785671877339,-0.0019594443103085
count_predictor,gain_K5_p19,gain_contrast,5,confirm_K5_i000132,confirm_K5_i000954,256,additive,0.1,,excess_ce_H,0.0867047142797861,0.0778772309478863,-0.0088274833318997
count_predictor,gain_K5_p19,gain_contrast,5,confirm_K5_i000132,confirm_K5_i000954,256,interpolated_backoff,0.1,1.0,shape_rmse,0.048991077034972,0.0480251755905111,-0.0009659014444608
count_predictor,gain_K5_p19,gain_contrast,5,confirm_K5_i000132,confirm_K5_i000954,256,interpolated_backoff,0.1,1.0,excess_ce_H,0.0674209970390504,0.0598768196549772,-0.0075441773840731
count_predictor,gain_K5_p19,gain_contrast,5,confirm_K5_i000132,confirm_K5_i000954,256,interpolated_backoff,0.1,5.0,shape_rmse,0.0334680206915424,0.0326589357197913,-0.000809084971751
count_predictor,gain_K5_p19,gain_contrast,5,confirm_K5_i000132,confirm_K5_i000954,256,interpolated_backoff,0.1,5.0,excess_ce_H,0.0482361131966506,0.0409281561479077,-0.0073079570487429
count_predictor,gain_K5_p19,gain_contrast,5,confirm_K5_i000132,confirm_K5_i000954,256,interpolated_backoff,0.1,20.0,shape_rmse,0.0192842734444275,0.0188620907916745,-0.000422182652753
count_predictor,gain_K5_p19,gain_contrast,5,confirm_K5_i000132,confirm_K5_i000954,256,interpolated_backoff,0.1,20.0,excess_ce_H,0.0305233824841684,0.0237546414692031,-0.0067687410149653
count_predictor,gain_K5_p19,gain_contrast,5,confirm_K5_i000132,confirm_K5_i000954,256,additive,0.5,,shape_rmse,0.0450019856137742,0.0439151747273118,-0.0010868108864623
count_predictor,gain_K5_p19,gain_contrast,5,confirm_K5_i000132,confirm_K5_i000954,256,additive,0.5,,excess_ce_H,0.0619588248660039,0.0545001095471824,-0.0074587153188215
count_predictor,gain_K5_p19,gain_contrast,5,confirm_K5_i000132,confirm_K5_i000954,256,interpolated_backoff,0.5,1.0,shape_rmse,0.0377711413836477,0.0369772982901975,-0.0007938430934502
count_predictor,gain_K5_p19,gain_contrast,5,confirm_K5_i000132,confirm_K5_i000954,256,interpolated_backoff,0.5,1.0,excess_ce_H,0.0531466365009629,0.0460725845419478,-0.0070740519590151
count_predictor,gain_K5_p19,gain_contrast,5,confirm_K5_i000132,confirm_K5_i000954,256,interpolated_backoff,0.5,5.0,shape_rmse,0.0288349938912947,0.0281443907095899,-0.0006906031817048
count_predictor,gain_K5_p19,gain_contrast,5,confirm_K5_i000132,confirm_K5_i000954,256,interpolated_backoff,0.5,5.0,excess_ce_H,0.0420996157947528,0.0351777559964927,-0.00692185979826
count_predictor,gain_K5_p19,gain_contrast,5,confirm_K5_i000132,confirm_K5_i000954,256,interpolated_backoff,0.5,20.0,shape_rmse,0.0178501368973659,0.0178561884293679,6.051532002001453e-06
count_predictor,gain_K5_p19,gain_contrast,5,confirm_K5_i000132,confirm_K5_i000954,256,interpolated_backoff,0.5,20.0,excess_ce_H,0.0284262095120402,0.0223780659391434,-0.0060481435728967
count_predictor,gain_K5_p19,gain_contrast,5,confirm_K5_i000132,confirm_K5_i000954,256,additive,1.0,,shape_rmse,0.0456116051948087,0.0452451515076518,-0.0003664536871569
count_predictor,gain_K5_p19,gain_contrast,5,confirm_K5_i000132,confirm_K5_i000954,256,additive,1.0,,excess_ce_H,0.0626053832810993,0.0561145647325758,-0.0064908185485235
count_predictor,gain_K5_p19,gain_contrast,5,confirm_K5_i000132,confirm_K5_i000954,256,interpolated_backoff,1.0,1.0,shape_rmse,0.0393985156038328,0.039083047161581,-0.0003154684422517
count_predictor,gain_K5_p19,gain_contrast,5,confirm_K5_i000132,confirm_K5_i000954,256,interpolated_backoff,1.0,1.0,excess_ce_H,0.0550369555259373,0.0486382007963015,-0.0063987547296357
count_predictor,gain_K5_p19,gain_contrast,5,confirm_K5_i000132,confirm_K5_i000954,256,interpolated_backoff,1.0,5.0,shape_rmse,0.0312090414985239,0.0307982868968221,-0.0004107546017017
count_predictor,gain_K5_p19,gain_contrast,5,confirm_K5_i000132,confirm_K5_i000954,256,interpolated_backoff,1.0,5.0,excess_ce_H,0.0449331675780375,0.0384486548180507,-0.0064845127599868
count_predictor,gain_K5_p19,gain_contrast,5,confirm_K5_i000132,confirm_K5_i000954,256,interpolated_backoff,1.0,20.0,shape_rmse,0.0201785684079051,0.0203391835943106,0.0001606151864055
count_predictor,gain_K5_p19,gain_contrast,5,confirm_K5_i000132,confirm_K5_i000954,256,interpolated_backoff,1.0,20.0,excess_ce_H,0.0312387688949671,0.0254766661103307,-0.0057621027846363
count_predictor,gain_K5_p19,gain_contrast,5,confirm_K5_i000132,confirm_K5_i000954,512,additive,0.1,,shape_rmse,0.0406633012052725,0.0364245464771928,-0.0042387547280796
count_predictor,gain_K5_p19,gain_contrast,5,confirm_K5_i000132,confirm_K5_i000954,512,additive,0.1,,excess_ce_H,0.0555429345478417,0.0435283865081463,-0.0120145480396954
count_predictor,gain_K5_p19,gain_contrast,5,confirm_K5_i000132,confirm_K5_i000954,512,interpolated_backoff,0.1,1.0,shape_rmse,0.0317808489471753,0.0280850197260572,-0.003695829221118
count_predictor,gain_K5_p19,gain_contrast,5,confirm_K5_i000132,confirm_K5_i000954,512,interpolated_backoff,0.1,1.0,excess_ce_H,0.0447972884717351,0.0335941175601079,-0.0112031709116272
count_predictor,gain_K5_p19,gain_contrast,5,confirm_K5_i000132,confirm_K5_i000954,512,interpolated_backoff,0.1,5.0,shape_rmse,0.0233386516762746,0.0199926301485691,-0.0033460215277055
count_predictor,gain_K5_p19,gain_contrast,5,confirm_K5_i000132,confirm_K5_i000954,512,interpolated_backoff,0.1,5.0,excess_ce_H,0.0344447626073194,0.0237911612966381,-0.0106536013106812
count_predictor,gain_K5_p19,gain_contrast,5,confirm_K5_i000132,confirm_K5_i000954,512,interpolated_backoff,0.1,20.0,shape_rmse,0.0151425052143046,0.0124361173208714,-0.0027063878934332
count_predictor,gain_K5_p19,gain_contrast,5,confirm_K5_i000132,confirm_K5_i000954,512,interpolated_backoff,0.1,20.0,excess_ce_H,0.0242912464214852,0.0145486672083234,-0.0097425792131618
count_predictor,gain_K5_p19,gain_contrast,5,confirm_K5_i000132,confirm_K5_i000954,512,additive,0.5,,shape_rmse,0.0288319897659536,0.0257159640501261,-0.0031160257158275
count_predictor,gain_K5_p19,gain_contrast,5,confirm_K5_i000132,confirm_K5_i000954,512,additive,0.5,,excess_ce_H,0.0408989725128101,0.0305353007421449,-0.0103636717706652
count_predictor,gain_K5_p19,gain_contrast,5,confirm_K5_i000132,confirm_K5_i000954,512,interpolated_backoff,0.5,1.0,shape_rmse,0.0248108337705406,0.0219993298396717,-0.0028115039308688
count_predictor,gain_K5_p19,gain_contrast,5,confirm_K5_i000132,confirm_K5_i000954,512,interpolated_backoff,0.5,1.0,excess_ce_H,0.0360443212187553,0.0260969423499515,-0.0099473788688038
count_predictor,gain_K5_p19,gain_contrast,5,confirm_K5_i000132,confirm_K5_i000954,512,interpolated_backoff,0.5,5.0,shape_rmse,0.020098491764108,0.0174221880071982,-0.0026763037569098
count_predictor,gain_K5_p19,gain_contrast,5,confirm_K5_i000132,confirm_K5_i000954,512,interpolated_backoff,0.5,5.0,excess_ce_H,0.0302400848678945,0.0205521371225052,-0.0096879477453893
count_predictor,gain_K5_p19,gain_contrast,5,confirm_K5_i000132,confirm_K5_i000954,512,interpolated_backoff,0.5,20.0,shape_rmse,0.0138622244385141,0.0118153549292403,-0.0020468695092738
count_predictor,gain_K5_p19,gain_contrast,5,confirm_K5_i000132,confirm_K5_i000954,512,interpolated_backoff,0.5,20.0,excess_ce_H,0.0225044305601112,0.0137034457273048,-0.0088009848328064
count_predictor,gain_K5_p19,gain_contrast,5,confirm_K5_i000132,confirm_K5_i000954,512,additive,1.0,,shape_rmse,0.0291679678671396,0.0266970424013161,-0.0024709254658235
count_predictor,gain_K5_p19,gain_contrast,5,confirm_K5_i000132,confirm_K5_i000954,512,additive,1.0,,excess_ce_H,0.0412281075990181,0.03176780377072,-0.0094603038282981
count_predictor,gain_K5_p19,gain_contrast,5,confirm_K5_i000132,confirm_K5_i000954,512,interpolated_backoff,1.0,1.0,shape_rmse,0.025725338814496,0.0234770142540393,-0.0022483245604566
count_predictor,gain_K5_p19,gain_contrast,5,confirm_K5_i000132,confirm_K5_i000954,512,interpolated_backoff,1.0,1.0,excess_ce_H,0.0370728837178042,0.0279119613173091,-0.009160922400495
count_predictor,gain_K5_p19,gain_contrast,5,confirm_K5_i000132,confirm_K5_i000954,512,interpolated_backoff,1.0,5.0,shape_rmse,0.0214008360082664,0.0191677296992672,-0.0022331063089992
count_predictor,gain_K5_p19,gain_contrast,5,confirm_K5_i000132,confirm_K5_i000954,512,interpolated_backoff,1.0,5.0,excess_ce_H,0.031752641249779,0.0226939597548871,-0.0090586814948919
count_predictor,gain_K5_p19,gain_contrast,5,confirm_K5_i000132,confirm_K5_i000954,512,interpolated_backoff,1.0,20.0,shape_rmse,0.015136623087081,0.0134272888094191,-0.0017093342776619
count_predictor,gain_K5_p19,gain_contrast,5,confirm_K5_i000132,confirm_K5_i000954,512,interpolated_backoff,1.0,20.0,excess_ce_H,0.0239967588964549,0.0156895717483618,-0.0083071871480931
count_predictor,gain_K5_p19,gain_contrast,5,confirm_K5_i000132,confirm_K5_i000954,1024,additive,0.1,,shape_rmse,0.0244111600004138,0.0208329078687964,-0.0035782521316173
count_predictor,gain_K5_p19,gain_contrast,5,confirm_K5_i000132,confirm_K5_i000954,1024,additive,0.1,,excess_ce_H,0.0348001326811964,0.0242304881771047,-0.0105696445040917
count_predictor,gain_K5_p19,gain_contrast,5,confirm_K5_i000132,confirm_K5_i000954,1024,interpolated_backoff,0.1,1.0,shape_rmse,0.0193993279551113,0.0166278321839227,-0.0027714957711886
count_predictor,gain_K5_p19,gain_contrast,5,confirm_K5_i000132,confirm_K5_i000954,1024,interpolated_backoff,0.1,1.0,excess_ce_H,0.0287627471510913,0.0192717425577031,-0.0094910045933882
count_predictor,gain_K5_p19,gain_contrast,5,confirm_K5_i000132,confirm_K5_i000954,1024,interpolated_backoff,0.1,5.0,shape_rmse,0.0144654685031822,0.0123172475647785,-0.0021482209384036
count_predictor,gain_K5_p19,gain_contrast,5,confirm_K5_i000132,confirm_K5_i000954,1024,interpolated_backoff,0.1,5.0,excess_ce_H,0.0227634201002768,0.0141121455565242,-0.0086512745437526
count_predictor,gain_K5_p19,gain_contrast,5,confirm_K5_i000132,confirm_K5_i000954,1024,interpolated_backoff,0.1,20.0,shape_rmse,0.0099128606109699,0.0082967997399944,-0.0016160608709755
count_predictor,gain_K5_p19,gain_contrast,5,confirm_K5_i000132,confirm_K5_i000954,1024,interpolated_backoff,0.1,20.0,excess_ce_H,0.0171535329766032,0.0092522413798648,-0.0079012915967384
count_predictor,gain_K5_p19,gain_contrast,5,confirm_K5_i000132,confirm_K5_i000954,1024,additive,0.5,,shape_rmse,0.0175009829933647,0.0152451461541492,-0.0022558368392155
count_predictor,gain_K5_p19,gain_contrast,5,confirm_K5_i000132,confirm_K5_i000954,1024,additive,0.5,,excess_ce_H,0.0262625370127256,0.0173795277626824,-0.0088830092500432
count_predictor,gain_K5_p19,gain_contrast,5,confirm_K5_i000132,confirm_K5_i000954,1024,interpolated_backoff,0.5,1.0,shape_rmse,0.0152804216288173,0.0133524888488949,-0.0019279327799223
count_predictor,gain_K5_p19,gain_contrast,5,confirm_K5_i000132,confirm_K5_i000954,1024,interpolated_backoff,0.5,1.0,excess_ce_H,0.0235899241796038,0.0151369054580425,-0.0084530187215612
count_predictor,gain_K5_p19,gain_contrast,5,confirm_K5_i000132,confirm_K5_i000954,1024,interpolated_backoff,0.5,5.0,shape_rmse,0.0125418806169219,0.0109024864877651,-0.0016393941291568
count_predictor,gain_K5_p19,gain_contrast,5,confirm_K5_i000132,confirm_K5_i000954,1024,interpolated_backoff,0.5,5.0,excess_ce_H,0.0202566356410387,0.0122272444678441,-0.0080293911731946
count_predictor,gain_K5_p19,gain_contrast,5,confirm_K5_i000132,confirm_K5_i000954,1024,interpolated_backoff,0.5,20.0,shape_rmse,0.0090811276815512,0.0078770754721648,-0.0012040522093864
count_predictor,gain_K5_p19,gain_contrast,5,confirm_K5_i000132,confirm_K5_i000954,1024,interpolated_backoff,0.5,20.0,excess_ce_H,0.016001501610066,0.008605411827959,-0.0073960897821069
count_predictor,gain_K5_p19,gain_contrast,5,confirm_K5_i000132,confirm_K5_i000954,1024,additive,1.0,,shape_rmse,0.0176267110233915,0.0158449478253636,-0.0017817631980279
count_predictor,gain_K5_p19,gain_contrast,5,confirm_K5_i000132,confirm_K5_i000954,1024,additive,1.0,,excess_ce_H,0.0263498043327532,0.0180916758743032,-0.00825812845845
count_predictor,gain_K5_p19,gain_contrast,5,confirm_K5_i000132,confirm_K5_i000954,1024,interpolated_backoff,1.0,1.0,shape_rmse,0.0157329693805441,0.0141916242843175,-0.0015413450962265
count_predictor,gain_K5_p19,gain_contrast,5,confirm_K5_i000132,confirm_K5_i000954,1024,interpolated_backoff,1.0,1.0,excess_ce_H,0.024073103595074,0.0161242943574286,-0.0079488092376453
count_predictor,gain_K5_p19,gain_contrast,5,confirm_K5_i000132,confirm_K5_i000954,1024,interpolated_backoff,1.0,5.0,shape_rmse,0.0132893568640355,0.0119252044596245,-0.001364152404411
count_predictor,gain_K5_p19,gain_contrast,5,confirm_K5_i000132,confirm_K5_i000954,1024,interpolated_backoff,1.0,5.0,excess_ce_H,0.021101601251134,0.0134344929655465,-0.0076671082855875
count_predictor,gain_K5_p19,gain_contrast,5,confirm_K5_i000132,confirm_K5_i000954,1024,interpolated_backoff,1.0,20.0,shape_rmse,0.00983763068212,0.0088458416047987,-0.0009917890773212
count_predictor,gain_K5_p19,gain_contrast,5,confirm_K5_i000132,confirm_K5_i000954,1024,interpolated_backoff,1.0,20.0,excess_ce_H,0.0168672405278751,0.0097503648253236,-0.0071168757025514
count_predictor,gain_K5_p19,gain_contrast,5,confirm_K5_i000132,confirm_K5_i000954,2048,additive,0.1,,shape_rmse,0.0123248250856589,0.0146004021524336,0.0022755770667747
count_predictor,gain_K5_p19,gain_contrast,5,confirm_K5_i000132,confirm_K5_i000954,2048,additive,0.1,,excess_ce_H,0.0195781589152919,0.0163385723579354,-0.0032395865573565
count_predictor,gain_K5_p19,gain_contrast,5,confirm_K5_i000132,confirm_K5_i000954,2048,interpolated_backoff,0.1,1.0,shape_rmse,0.0096716391314011,0.012209397194883,0.0025377580634819
count_predictor,gain_K5_p19,gain_contrast,5,confirm_K5_i000132,confirm_K5_i000954,2048,interpolated_backoff,0.1,1.0,excess_ce_H,0.0164482106833785,0.013520606114179,-0.0029276045691995
count_predictor,gain_K5_p19,gain_contrast,5,confirm_K5_i000132,confirm_K5_i000954,2048,interpolated_backoff,0.1,5.0,shape_rmse,0.007193861362427,0.0094807505741174,0.0022868892116904
count_predictor,gain_K5_p19,gain_contrast,5,confirm_K5_i000132,confirm_K5_i000954,2048,interpolated_backoff,0.1,5.0,excess_ce_H,0.0134936574478723,0.0102645267775731,-0.0032291306702992
count_predictor,gain_K5_p19,gain_contrast,5,confirm_K5_i000132,confirm_K5_i000954,2048,interpolated_backoff,0.1,20.0,shape_rmse,0.0050502628836252,0.0067889146792694,0.0017386517956442
count_predictor,gain_K5_p19,gain_contrast,5,confirm_K5_i000132,confirm_K5_i000954,2048,interpolated_backoff,0.1,20.0,excess_ce_H,0.0108762503998283,0.0070162823839126,-0.0038599680159156
count_predictor,gain_K5_p19,gain_contrast,5,confirm_K5_i000132,confirm_K5_i000954,2048,additive,0.5,,shape_rmse,0.0090340952930111,0.0106322764053393,0.0015981811123281
count_predictor,gain_K5_p19,gain_contrast,5,confirm_K5_i000132,confirm_K5_i000954,2048,additive,0.5,,excess_ce_H,0.0155616088046368,0.0115404515209425,-0.0040211572836943
count_predictor,gain_K5_p19,gain_contrast,5,confirm_K5_i000132,confirm_K5_i000954,2048,interpolated_backoff,0.5,1.0,shape_rmse,0.0078892538938932,0.0096115780313601,0.0017223241374668
count_predictor,gain_K5_p19,gain_contrast,5,confirm_K5_i000132,confirm_K5_i000954,2048,interpolated_backoff,0.5,1.0,excess_ce_H,0.014198290429227,0.0103292059410118,-0.0038690844882151
count_predictor,gain_K5_p19,gain_contrast,5,confirm_K5_i000132,confirm_K5_i000954,2048,interpolated_backoff,0.5,5.0,shape_rmse,0.0064523820536973,0.0082075841021014,0.0017552020484041
count_predictor,gain_K5_p19,gain_contrast,5,confirm_K5_i000132,confirm_K5_i000954,2048,interpolated_backoff,0.5,5.0,excess_ce_H,0.012479189150961,0.0086611124281412,-0.0038180767228198
count_predictor,gain_K5_p19,gain_contrast,5,confirm_K5_i000132,confirm_K5_i000954,2048,interpolated_backoff,0.5,20.0,shape_rmse,0.0047824844665178,0.0063511844361114,0.0015686999695935
count_predictor,gain_K5_p19,gain_contrast,5,confirm_K5_i000132,confirm_K5_i000954,2048,interpolated_backoff,0.5,20.0,excess_ce_H,0.0104427150200387,0.0064309851269019,-0.0040117298931368
count_predictor,gain_K5_p19,gain_contrast,5,confirm_K5_i000132,confirm_K5_i000954,2048,additive,1.0,,shape_rmse,0.0092422019770086,0.0106051274546213,0.0013629254776127
count_predictor,gain_K5_p19,gain_contrast,5,confirm_K5_i000132,confirm_K5_i000954,2048,additive,1.0,,excess_ce_H,0.0157830061248023,0.0114953950984884,-0.0042876110263138
count_predictor,gain_K5_p19,gain_contrast,5,confirm_K5_i000132,confirm_K5_i000954,2048,interpolated_backoff,1.0,1.0,shape_rmse,0.0082742729582689,0.0097218829874574,0.0014476100291885
count_predictor,gain_K5_p19,gain_contrast,5,confirm_K5_i000132,confirm_K5_i000954,2048,interpolated_backoff,1.0,1.0,excess_ce_H,0.0146263872887455,0.0104417782875612,-0.0041846090011843
count_predictor,gain_K5_p19,gain_contrast,5,confirm_K5_i000132,confirm_K5_i000954,2048,interpolated_backoff,1.0,5.0,shape_rmse,0.0069811406808301,0.0084999452848115,0.0015188046039814
count_predictor,gain_K5_p19,gain_contrast,5,confirm_K5_i000132,confirm_K5_i000954,2048,interpolated_backoff,1.0,5.0,excess_ce_H,0.013075837348897,0.0089932944584258,-0.0040825428904712
count_predictor,gain_K5_p19,gain_contrast,5,confirm_K5_i000132,confirm_K5_i000954,2048,interpolated_backoff,1.0,20.0,shape_rmse,0.0052865132307535,0.0067490956030735,0.00146258237232
count_predictor,gain_K5_p19,gain_contrast,5,confirm_K5_i000132,confirm_K5_i000954,2048,interpolated_backoff,1.0,20.0,excess_ce_H,0.0110111852907988,0.0068951104257848,-0.004116074865014
count_predictor,gain_K5_p20,gain_contrast,5,confirm_K5_i000105,confirm_K5_i000999,64,additive,0.1,,shape_rmse,0.116656981152269,0.1238652048378411,0.007208223685572
count_predictor,gain_K5_p20,gain_contrast,5,confirm_K5_i000105,confirm_K5_i000999,64,additive,0.1,,excess_ce_H,0.1457396834590494,0.1571959339303923,0.0114562504713429
count_predictor,gain_K5_p20,gain_contrast,5,confirm_K5_i000105,confirm_K5_i000999,64,interpolated_backoff,0.1,1.0,shape_rmse,0.0827696012135081,0.0812235615765307,-0.0015460396369774
count_predictor,gain_K5_p20,gain_contrast,5,confirm_K5_i000105,confirm_K5_i000999,64,interpolated_backoff,0.1,1.0,excess_ce_H,0.1038108381100468,0.1044005890747183,0.0005897509646715
count_predictor,gain_K5_p20,gain_contrast,5,confirm_K5_i000105,confirm_K5_i000999,64,interpolated_backoff,0.1,5.0,shape_rmse,0.0501844620330206,0.0488098873054309,-0.0013745747275897
count_predictor,gain_K5_p20,gain_contrast,5,confirm_K5_i000105,confirm_K5_i000999,64,interpolated_backoff,0.1,5.0,excess_ce_H,0.0632566382368455,0.0634739341588206,0.000217295921975
count_predictor,gain_K5_p20,gain_contrast,5,confirm_K5_i000105,confirm_K5_i000999,64,interpolated_backoff,0.1,20.0,shape_rmse,0.0248216596459654,0.0242215835572587,-0.0006000760887066
count_predictor,gain_K5_p20,gain_contrast,5,confirm_K5_i000105,confirm_K5_i000999,64,interpolated_backoff,0.1,20.0,excess_ce_H,0.0310789357089682,0.031592359088101,0.0005134233791328
count_predictor,gain_K5_p20,gain_contrast,5,confirm_K5_i000105,confirm_K5_i000999,64,additive,0.5,,shape_rmse,0.0876591453581668,0.0892099345058444,0.0015507891476776
count_predictor,gain_K5_p20,gain_contrast,5,confirm_K5_i000105,confirm_K5_i000999,64,additive,0.5,,excess_ce_H,0.1098421658617634,0.112677625164008,0.0028354593022446
count_predictor,gain_K5_p20,gain_contrast,5,confirm_K5_i000105,confirm_K5_i000999,64,interpolated_backoff,0.5,1.0,shape_rmse,0.0710028394586132,0.0654367658128314,-0.0055660736457818
count_predictor,gain_K5_p20,gain_contrast,5,confirm_K5_i000105,confirm_K5_i000999,64,interpolated_backoff,0.5,1.0,excess_ce_H,0.0891340032472394,0.0832939882754524,-0.005840014971787
count_predictor,gain_K5_p20,gain_contrast,5,confirm_K5_i000105,confirm_K5_i000999,64,interpolated_backoff,0.5,5.0,shape_rmse,0.050379403376166,0.044274842655001,-0.0061045607211649
count_predictor,gain_K5_p20,gain_contrast,5,confirm_K5_i000105,confirm_K5_i000999,64,interpolated_backoff,0.5,5.0,excess_ce_H,0.0633359600921563,0.0567927349721668,-0.0065432251199894
count_predictor,gain_K5_p20,gain_contrast,5,confirm_K5_i000105,confirm_K5_i000999,64,interpolated_backoff,0.5,20.0,shape_rmse,0.0287404402399828,0.0247565259208045,-0.0039839143191783
count_predictor,gain_K5_p20,gain_contrast,5,confirm_K5_i000105,confirm_K5_i000999,64,interpolated_backoff,0.5,20.0,excess_ce_H,0.035809268303006,0.03177272801935,-0.004036540283656
count_predictor,gain_K5_p20,gain_contrast,5,confirm_K5_i000105,confirm_K5_i000999,64,additive,1.0,,shape_rmse,0.094198899650997,0.0950744104703939,0.0008755108193969
count_predictor,gain_K5_p20,gain_contrast,5,confirm_K5_i000105,confirm_K5_i000999,64,additive,1.0,,excess_ce_H,0.1188776871831396,0.1205486780183402,0.0016709908352006
count_predictor,gain_K5_p20,gain_contrast,5,confirm_K5_i000105,confirm_K5_i000999,64,interpolated_backoff,1.0,1.0,shape_rmse,0.0794896700010866,0.0736125978722679,-0.0058770721288187
count_predictor,gain_K5_p20,gain_contrast,5,confirm_K5_i000105,confirm_K5_i000999,64,interpolated_backoff,1.0,1.0,excess_ce_H,0.1005540537733526,0.0939434294118077,-0.0066106243615449
count_predictor,gain_K5_p20,gain_contrast,5,confirm_K5_i000105,confirm_K5_i000999,64,interpolated_backoff,1.0,5.0,shape_rmse,0.0597280382661585,0.0523564427732486,-0.0073715954929099
count_predictor,gain_K5_p20,gain_contrast,5,confirm_K5_i000105,confirm_K5_i000999,64,interpolated_backoff,1.0,5.0,excess_ce_H,0.0757925527997387,0.0673188567854574,-0.0084736960142813
count_predictor,gain_K5_p20,gain_contrast,5,confirm_K5_i000105,confirm_K5_i000999,64,interpolated_backoff,1.0,20.0,shape_rmse,0.0366298908197583,0.0308170827035756,-0.0058128081161827
count_predictor,gain_K5_p20,gain_contrast,5,confirm_K5_i000105,confirm_K5_i000999,64,interpolated_backoff,1.0,20.0,excess_ce_H,0.0463795046406725,0.0398060353682294,-0.0065734692724431
count_predictor,gain_K5_p20,gain_contrast,5,confirm_K5_i000105,confirm_K5_i000999,128,additive,0.1,,shape_rmse,0.0712705802035773,0.0847532256408709,0.0134826454372936
count_predictor,gain_K5_p20,gain_contrast,5,confirm_K5_i000105,confirm_K5_i000999,128,additive,0.1,,excess_ce_H,0.0865433887235085,0.1046292493390166,0.018085860615508
count_predictor,gain_K5_p20,gain_contrast,5,confirm_K5_i000105,confirm_K5_i000999,128,interpolated_backoff,0.1,1.0,shape_rmse,0.0524515793253243,0.0584398541691433,0.005988274843819
count_predictor,gain_K5_p20,gain_contrast,5,confirm_K5_i000105,confirm_K5_i000999,128,interpolated_backoff,0.1,1.0,excess_ce_H,0.0633044274894623,0.0722564966820518,0.0089520691925894
count_predictor,gain_K5_p20,gain_contrast,5,confirm_K5_i000105,confirm_K5_i000999,128,interpolated_backoff,0.1,5.0,shape_rmse,0.0338419798079046,0.0368451430801059,0.0030031632722012
count_predictor,gain_K5_p20,gain_contrast,5,confirm_K5_i000105,confirm_K5_i000999,128,interpolated_backoff,0.1,5.0,excess_ce_H,0.0402924851377697,0.0454161888001607,0.0051237036623909
count_predictor,gain_K5_p20,gain_contrast,5,confirm_K5_i000105,confirm_K5_i000999,128,interpolated_backoff,0.1,20.0,shape_rmse,0.0184813737861493,0.0198860926737069,0.0014047188875575
count_predictor,gain_K5_p20,gain_contrast,5,confirm_K5_i000105,confirm_K5_i000999,128,interpolated_backoff,0.1,20.0,excess_ce_H,0.0209507023243207,0.0239706536914841,0.0030199513671634
count_predictor,gain_K5_p20,gain_contrast,5,confirm_K5_i000105,confirm_K5_i000999,128,additive,0.5,,shape_rmse,0.0549861526233312,0.0603937388675062,0.0054075862441749
count_predictor,gain_K5_p20,gain_contrast,5,confirm_K5_i000105,confirm_K5_i000999,128,additive,0.5,,excess_ce_H,0.0662756148719161,0.0737832840217371,0.0075076691498209
count_predictor,gain_K5_p20,gain_contrast,5,confirm_K5_i000105,confirm_K5_i000999,128,interpolated_backoff,0.5,1.0,shape_rmse,0.0457058657920007,0.0461660273052304,0.0004601615132297
count_predictor,gain_K5_p20,gain_contrast,5,confirm_K5_i000105,confirm_K5_i000999,128,interpolated_backoff,0.5,1.0,excess_ce_H,0.0548123606369723,0.0563383365256733,0.001525975888701
count_predictor,gain_K5_p20,gain_contrast,5,confirm_K5_i000105,confirm_K5_i000999,128,interpolated_backoff,0.5,5.0,shape_rmse,0.0342102902506525,0.0325452546526546,-0.0016650355979979
count_predictor,gain_K5_p20,gain_contrast,5,confirm_K5_i000105,confirm_K5_i000999,128,interpolated_backoff,0.5,5.0,excess_ce_H,0.0404995704079902,0.039484252602979,-0.0010153178050112
count_predictor,gain_K5_p20,gain_contrast,5,confirm_K5_i000105,confirm_K5_i000999,128,interpolated_backoff,0.5,20.0,shape_rmse,0.021096044996013,0.0194167027805471,-0.0016793422154658
count_predictor,gain_K5_p20,gain_contrast,5,confirm_K5_i000105,confirm_K5_i000999,128,interpolated_backoff,0.5,20.0,excess_ce_H,0.0239616098637993,0.0230135883842885,-0.0009480214795108
count_predictor,gain_K5_p20,gain_contrast,5,confirm_K5_i000105,confirm_K5_i000999,128,additive,1.0,,shape_rmse,0.0601701217992784,0.0642581036378697,0.0040879818385912
count_predictor,gain_K5_p20,gain_contrast,5,confirm_K5_i000105,confirm_K5_i000999,128,additive,1.0,,excess_ce_H,0.0730485931242941,0.078740761748463,0.0056921686241689
count_predictor,gain_K5_p20,gain_contrast,5,confirm_K5_i000105,confirm_K5_i000999,128,interpolated_backoff,1.0,1.0,shape_rmse,0.0519798727131041,0.0514073708218563,-0.0005725018912478
count_predictor,gain_K5_p20,gain_contrast,5,confirm_K5_i000105,confirm_K5_i000999,128,interpolated_backoff,1.0,1.0,excess_ce_H,0.0629237132360356,0.0629656788932884,4.196565725279877e-05
count_predictor,gain_K5_p20,gain_contrast,5,confirm_K5_i000105,confirm_K5_i000999,128,interpolated_backoff,1.0,5.0,shape_rmse,0.0409280252552825,0.037915033145887,-0.0030129921093955
count_predictor,gain_K5_p20,gain_contrast,5,confirm_K5_i000105,confirm_K5_i000999,128,interpolated_backoff,1.0,5.0,excess_ce_H,0.0491436789891335,0.0462703674417825,-0.002873311547351
count_predictor,gain_K5_p20,gain_contrast,5,confirm_K5_i000105,confirm_K5_i000999,128,interpolated_backoff,1.0,20.0,shape_rmse,0.0268853493061089,0.0236090209640033,-0.0032763283421056
count_predictor,gain_K5_p20,gain_contrast,5,confirm_K5_i000105,confirm_K5_i000999,128,interpolated_backoff,1.0,20.0,excess_ce_H,0.0314350983346214,0.028367677863843,-0.0030674204707784
count_predictor,gain_K5_p20,gain_contrast,5,confirm_K5_i000105,confirm_K5_i000999,256,additive,0.1,,shape_rmse,0.0431088166026441,0.0515284509093406,0.0084196343066964
count_predictor,gain_K5_p20,gain_contrast,5,confirm_K5_i000105,confirm_K5_i000999,256,additive,0.1,,excess_ce_H,0.0503775056800532,0.0613906985829086,0.0110131929028554
count_predictor,gain_K5_p20,gain_contrast,5,confirm_K5_i000105,confirm_K5_i000999,256,interpolated_backoff,0.1,1.0,shape_rmse,0.03269540849841,0.0363824860097485,0.0036870775113384
count_predictor,gain_K5_p20,gain_contrast,5,confirm_K5_i000105,confirm_K5_i000999,256,interpolated_backoff,0.1,1.0,excess_ce_H,0.0374060832665796,0.0428802131529515,0.0054741298863719
count_predictor,gain_K5_p20,gain_contrast,5,confirm_K5_i000105,confirm_K5_i000999,256,interpolated_backoff,0.1,5.0,shape_rmse,0.0222149712356047,0.0238648229629583,0.0016498517273536
count_predictor,gain_K5_p20,gain_contrast,5,confirm_K5_i000105,confirm_K5_i000999,256,interpolated_backoff,0.1,5.0,excess_ce_H,0.0243465266459168,0.0274370544733857,0.0030905278274689
count_predictor,gain_K5_p20,gain_contrast,5,confirm_K5_i000105,confirm_K5_i000999,256,interpolated_backoff,0.1,20.0,shape_rmse,0.01306887166414,0.0134152393928241,0.0003463677286841
count_predictor,gain_K5_p20,gain_contrast,5,confirm_K5_i000105,confirm_K5_i000999,256,interpolated_backoff,0.1,20.0,excess_ce_H,0.0128047681823486,0.0144191405168596,0.0016143723345109
count_predictor,gain_K5_p20,gain_contrast,5,confirm_K5_i000105,confirm_K5_i000999,256,additive,0.5,,shape_rmse,0.034105869139178,0.0368287679226613,0.0027228987834833
count_predictor,gain_K5_p20,gain_contrast,5,confirm_K5_i000105,confirm_K5_i000999,256,additive,0.5,,excess_ce_H,0.038786435853602,0.0430975409223135,0.0043111050687114
count_predictor,gain_K5_p20,gain_contrast,5,confirm_K5_i000105,confirm_K5_i000999,256,interpolated_backoff,0.5,1.0,shape_rmse,0.0287875243759519,0.0289247094859752,0.0001371851100233
count_predictor,gain_K5_p20,gain_contrast,5,confirm_K5_i000105,confirm_K5_i000999,256,interpolated_backoff,0.5,1.0,excess_ce_H,0.0321876545653199,0.033438555498336,0.0012509009330161
count_predictor,gain_K5_p20,gain_contrast,5,confirm_K5_i000105,confirm_K5_i000999,256,interpolated_backoff,0.5,5.0,shape_rmse,0.0222202172197157,0.0212072655858083,-0.0010129516339074
count_predictor,gain_K5_p20,gain_contrast,5,confirm_K5_i000105,confirm_K5_i000999,256,interpolated_backoff,0.5,5.0,excess_ce_H,0.0239877557095293,0.0239047711933921,-8.298451613720018e-05
count_predictor,gain_K5_p20,gain_contrast,5,confirm_K5_i000105,confirm_K5_i000999,256,interpolated_backoff,0.5,20.0,shape_rmse,0.0143763708106729,0.013217718774482,-0.0011586520361909
count_predictor,gain_K5_p20,gain_contrast,5,confirm_K5_i000105,confirm_K5_i000999,256,interpolated_backoff,0.5,20.0,excess_ce_H,0.0141388921712002,0.0139691664648824,-0.0001697257063178
count_predictor,gain_K5_p20,gain_contrast,5,confirm_K5_i000105,confirm_K5_i000999,256,additive,1.0,,shape_rmse,0.0374654260428053,0.0395680252382796,0.0021025991954743
count_predictor,gain_K5_p20,gain_contrast,5,confirm_K5_i000105,confirm_K5_i000999,256,additive,1.0,,excess_ce_H,0.0429475487320778,0.0465271978242083,0.0035796490921304
count_predictor,gain_K5_p20,gain_contrast,5,confirm_K5_i000105,confirm_K5_i000999,256,interpolated_backoff,1.0,1.0,shape_rmse,0.0327817144426349,0.0324396129571786,-0.0003421014854562
count_predictor,gain_K5_p20,gain_contrast,5,confirm_K5_i000105,confirm_K5_i000999,256,interpolated_backoff,1.0,1.0,excess_ce_H,0.0371454397040675,0.0378066383749635,0.000661198670896
count_predictor,gain_K5_p20,gain_contrast,5,confirm_K5_i000105,confirm_K5_i000999,256,interpolated_backoff,1.0,5.0,shape_rmse,0.026568961212335,0.0247405839981932,-0.0018283772141417
count_predictor,gain_K5_p20,gain_contrast,5,confirm_K5_i000105,confirm_K5_i000999,256,interpolated_backoff,1.0,5.0,excess_ce_H,0.0293938833952134,0.028293566403448,-0.0011003169917653
count_predictor,gain_K5_p20,gain_contrast,5,confirm_K5_i000105,confirm_K5_i000999,256,interpolated_backoff,1.0,20.0,shape_rmse,0.0182398602343586,0.0160701078874309,-0.0021697523469276
count_predictor,gain_K5_p20,gain_contrast,5,confirm_K5_i000105,confirm_K5_i000999,256,interpolated_backoff,1.0,20.0,excess_ce_H,0.0189633742891841,0.0175304720849649,-0.0014329022042191
count_predictor,gain_K5_p20,gain_contrast,5,confirm_K5_i000105,confirm_K5_i000999,512,additive,0.1,,shape_rmse,0.0248965645725535,0.0314982932854636,0.0066017287129101
count_predictor,gain_K5_p20,gain_contrast,5,confirm_K5_i000105,confirm_K5_i000999,512,additive,0.1,,excess_ce_H,0.0265663742719344,0.0361924819430539,0.0096261076711194
count_predictor,gain_K5_p20,gain_contrast,5,confirm_K5_i000105,confirm_K5_i000999,512,interpolated_backoff,0.1,1.0,shape_rmse,0.0188639503062687,0.0233713493193123,0.0045073990130436
count_predictor,gain_K5_p20,gain_contrast,5,confirm_K5_i000105,confirm_K5_i000999,512,interpolated_backoff,0.1,1.0,excess_ce_H,0.0191269273773766,0.0262321635802618,0.0071052362028851
count_predictor,gain_K5_p20,gain_contrast,5,confirm_K5_i000105,confirm_K5_i000999,512,interpolated_backoff,0.1,5.0,shape_rmse,0.0136383880784198,0.0161063983918411,0.0024680103134212
count_predictor,gain_K5_p20,gain_contrast,5,confirm_K5_i000105,confirm_K5_i000999,512,interpolated_backoff,0.1,5.0,excess_ce_H,0.0126468922356632,0.017265979836329,0.0046190876006657
count_predictor,gain_K5_p20,gain_contrast,5,confirm_K5_i000105,confirm_K5_i000999,512,interpolated_backoff,0.1,20.0,shape_rmse,0.0088956327622998,0.0097426310251414,0.0008469982628415
count_predictor,gain_K5_p20,gain_contrast,5,confirm_K5_i000105,confirm_K5_i000999,512,interpolated_backoff,0.1,20.0,excess_ce_H,0.0067290164561775,0.0093896825248078,0.0026606660686302
count_predictor,gain_K5_p20,gain_contrast,5,confirm_K5_i000105,confirm_K5_i000999,512,additive,0.5,,shape_rmse,0.0200248176797798,0.0226180188445646,0.0025932011647848
count_predictor,gain_K5_p20,gain_contrast,5,confirm_K5_i000105,confirm_K5_i000999,512,additive,0.5,,excess_ce_H,0.0204337151261957,0.0251170692455664,0.0046833541193706
count_predictor,gain_K5_p20,gain_contrast,5,confirm_K5_i000105,confirm_K5_i000999,512,interpolated_backoff,0.5,1.0,shape_rmse,0.0168076789698381,0.0182482561609314,0.0014405771910932
count_predictor,gain_K5_p20,gain_contrast,5,confirm_K5_i000105,confirm_K5_i000999,512,interpolated_backoff,0.5,1.0,excess_ce_H,0.0164914629351424,0.0198057076336526,0.0033142446985102
count_predictor,gain_K5_p20,gain_contrast,5,confirm_K5_i000105,confirm_K5_i000999,512,interpolated_backoff,0.5,5.0,shape_rmse,0.0133947756094412,0.0138223038695918,0.0004275282601506
count_predictor,gain_K5_p20,gain_contrast,5,confirm_K5_i000105,confirm_K5_i000999,512,interpolated_backoff,0.5,5.0,excess_ce_H,0.012251065463019,0.0143356585483727,0.0020845930853537
count_predictor,gain_K5_p20,gain_contrast,5,confirm_K5_i000105,confirm_K5_i000999,512,interpolated_backoff,0.5,20.0,shape_rmse,0.0092737558908465,0.0091264423669813,-0.0001473135238652
count_predictor,gain_K5_p20,gain_contrast,5,confirm_K5_i000105,confirm_K5_i000999,512,interpolated_backoff,0.5,20.0,excess_ce_H,0.0071073428695689,0.0085241471614916,0.0014168042919227
count_predictor,gain_K5_p20,gain_contrast,5,confirm_K5_i000105,confirm_K5_i000999,512,additive,1.0,,shape_rmse,0.0221527061587581,0.0241805885468807,0.0020278823881225
count_predictor,gain_K5_p20,gain_contrast,5,confirm_K5_i000105,confirm_K5_i000999,512,additive,1.0,,excess_ce_H,0.023079696223335,0.0269962703515671,0.0039165741282321
count_predictor,gain_K5_p20,gain_contrast,5,confirm_K5_i000105,confirm_K5_i000999,512,interpolated_backoff,1.0,1.0,shape_rmse,0.0193343605326042,0.02018308432352,0.0008487237909158
count_predictor,gain_K5_p20,gain_contrast,5,confirm_K5_i000105,confirm_K5_i000999,512,interpolated_backoff,1.0,1.0,excess_ce_H,0.0196292382040936,0.0221502477912762,0.0025210095871825
count_predictor,gain_K5_p20,gain_contrast,5,confirm_K5_i000105,confirm_K5_i000999,512,interpolated_backoff,1.0,5.0,shape_rmse,0.0160291582441517,0.015798871703143,-0.0002302865410086
count_predictor,gain_K5_p20,gain_contrast,5,confirm_K5_i000105,confirm_K5_i000999,512,interpolated_backoff,1.0,5.0,excess_ce_H,0.0155239066973504,0.0167416699341089,0.0012177632367584
count_predictor,gain_K5_p20,gain_contrast,5,confirm_K5_i000105,confirm_K5_i000999,512,interpolated_backoff,1.0,20.0,shape_rmse,0.0115903251835636,0.010776336361961,-0.0008139888216026
count_predictor,gain_K5_p20,gain_contrast,5,confirm_K5_i000105,confirm_K5_i000999,512,interpolated_backoff,1.0,20.0,excess_ce_H,0.0099885898711604,0.0105401168763963,0.0005515270052358
count_predictor,gain_K5_p20,gain_contrast,5,confirm_K5_i000105,confirm_K5_i000999,1024,additive,0.1,,shape_rmse,0.0162354684064832,0.0195098655348121,0.0032743971283288
count_predictor,gain_K5_p20,gain_contrast,5,confirm_K5_i000105,confirm_K5_i000999,1024,additive,0.1,,excess_ce_H,0.0150185059014087,0.0209143317049205,0.0058958258035118
count_predictor,gain_K5_p20,gain_contrast,5,confirm_K5_i000105,confirm_K5_i000999,1024,interpolated_backoff,0.1,1.0,shape_rmse,0.0126597403225762,0.0146371504277415,0.0019774101051653
count_predictor,gain_K5_p20,gain_contrast,5,confirm_K5_i000105,confirm_K5_i000999,1024,interpolated_backoff,0.1,1.0,excess_ce_H,0.0106326526926816,0.0150957504398363,0.0044630977471547
count_predictor,gain_K5_p20,gain_contrast,5,confirm_K5_i000105,confirm_K5_i000999,1024,interpolated_backoff,0.1,5.0,shape_rmse,0.0094976901844371,0.0105851742993671,0.0010874841149299
count_predictor,gain_K5_p20,gain_contrast,5,confirm_K5_i000105,confirm_K5_i000999,1024,interpolated_backoff,0.1,5.0,excess_ce_H,0.0067080731341178,0.0101424779147736,0.0034344047806557
count_predictor,gain_K5_p20,gain_contrast,5,confirm_K5_i000105,confirm_K5_i000999,1024,interpolated_backoff,0.1,20.0,shape_rmse,0.0066562206256519,0.00681612148574,0.000159900860088
count_predictor,gain_K5_p20,gain_contrast,5,confirm_K5_i000105,confirm_K5_i000999,1024,interpolated_backoff,0.1,20.0,excess_ce_H,0.0031743593785946,0.0054883494655439,0.0023139900869493
count_predictor,gain_K5_p20,gain_contrast,5,confirm_K5_i000105,confirm_K5_i000999,1024,additive,0.5,,shape_rmse,0.0127755467233283,0.0139909554902891,0.0012154087669607
count_predictor,gain_K5_p20,gain_contrast,5,confirm_K5_i000105,confirm_K5_i000999,1024,additive,0.5,,excess_ce_H,0.010711590698416,0.0141404867010552,0.0034288960026392
count_predictor,gain_K5_p20,gain_contrast,5,confirm_K5_i000105,confirm_K5_i000999,1024,interpolated_backoff,0.5,1.0,shape_rmse,0.0109005916321132,0.0114186216992482,0.0005180300671349
count_predictor,gain_K5_p20,gain_contrast,5,confirm_K5_i000105,confirm_K5_i000999,1024,interpolated_backoff,0.5,1.0,excess_ce_H,0.0084300752165631,0.0110716077402728,0.0026415325237097
count_predictor,gain_K5_p20,gain_contrast,5,confirm_K5_i000105,confirm_K5_i000999,1024,interpolated_backoff,0.5,5.0,shape_rmse,0.0089077428931636,0.0089329397108215,2.519681765789962e-05
count_predictor,gain_K5_p20,gain_contrast,5,confirm_K5_i000105,confirm_K5_i000999,1024,interpolated_backoff,0.5,5.0,excess_ce_H,0.0059454160645533,0.0080277065967817,0.0020822905322284
count_predictor,gain_K5_p20,gain_contrast,5,confirm_K5_i000105,confirm_K5_i000999,1024,interpolated_backoff,0.5,20.0,shape_rmse,0.006527001968088,0.0061723189202528,-0.0003546830478351
count_predictor,gain_K5_p20,gain_contrast,5,confirm_K5_i000105,confirm_K5_i000999,1024,interpolated_backoff,0.5,20.0,excess_ce_H,0.0029730621097772,0.0046162741471857,0.0016432120374085
count_predictor,gain_K5_p20,gain_contrast,5,confirm_K5_i000105,confirm_K5_i000999,1024,additive,1.0,,shape_rmse,0.0138149163795625,0.0147506284238181,0.0009357120442556
count_predictor,gain_K5_p20,gain_contrast,5,confirm_K5_i000105,confirm_K5_i000999,1024,additive,1.0,,excess_ce_H,0.0119839879213086,0.0150438468841307,0.0030598589628221
count_predictor,gain_K5_p20,gain_contrast,5,confirm_K5_i000105,confirm_K5_i000999,1024,interpolated_backoff,1.0,1.0,shape_rmse,0.0121757574229063,0.012440373270424,0.0002646158475176
count_predictor,gain_K5_p20,gain_contrast,5,confirm_K5_i000105,confirm_K5_i000999,1024,interpolated_backoff,1.0,1.0,excess_ce_H,0.0099917892891003,0.0122818042658767,0.0022900149767763
count_predictor,gain_K5_p20,gain_contrast,5,confirm_K5_i000105,confirm_K5_i000999,1024,interpolated_backoff,1.0,5.0,shape_rmse,0.0102880521892631,0.0099670269448945,-0.0003210252443686
count_predictor,gain_K5_p20,gain_contrast,5,confirm_K5_i000105,confirm_K5_i000999,1024,interpolated_backoff,1.0,5.0,excess_ce_H,0.0076411409206338,0.0092529174597759,0.0016117765391421
count_predictor,gain_K5_p20,gain_contrast,5,confirm_K5_i000105,confirm_K5_i000999,1024,interpolated_backoff,1.0,20.0,shape_rmse,0.0077776239666498,0.007041030670197,-0.0007365932964528
count_predictor,gain_K5_p20,gain_contrast,5,confirm_K5_i000105,confirm_K5_i000999,1024,interpolated_backoff,1.0,20.0,excess_ce_H,0.0045085791245271,0.0056479476225959,0.0011393684980687
count_predictor,gain_K5_p20,gain_contrast,5,confirm_K5_i000105,confirm_K5_i000999,2048,additive,0.1,,shape_rmse,0.0092131604679933,0.0113534122483554,0.0021402517803621
count_predictor,gain_K5_p20,gain_contrast,5,confirm_K5_i000105,confirm_K5_i000999,2048,additive,0.1,,excess_ce_H,0.0058910055163499,0.0105522179353454,0.0046612124189954
count_predictor,gain_K5_p20,gain_contrast,5,confirm_K5_i000105,confirm_K5_i000999,2048,interpolated_backoff,0.1,1.0,shape_rmse,0.0068953575759829,0.0090938433912656,0.0021984858152827
count_predictor,gain_K5_p20,gain_contrast,5,confirm_K5_i000105,confirm_K5_i000999,2048,interpolated_backoff,0.1,1.0,excess_ce_H,0.0031269767015715,0.0078662758299874,0.0047392991284159
count_predictor,gain_K5_p20,gain_contrast,5,confirm_K5_i000105,confirm_K5_i000999,2048,interpolated_backoff,0.1,5.0,shape_rmse,0.005040168840093,0.0069683868282378,0.0019282179881448
count_predictor,gain_K5_p20,gain_contrast,5,confirm_K5_i000105,confirm_K5_i000999,2048,interpolated_backoff,0.1,5.0,excess_ce_H,0.0008825105416303,0.0052937401887236,0.0044112296470933
count_predictor,gain_K5_p20,gain_contrast,5,confirm_K5_i000105,confirm_K5_i000999,2048,interpolated_backoff,0.1,20.0,shape_rmse,0.0035557852943266,0.0048209886901665,0.0012652033958399
count_predictor,gain_K5_p20,gain_contrast,5,confirm_K5_i000105,confirm_K5_i000999,2048,interpolated_backoff,0.1,20.0,excess_ce_H,-0.0009377693740013,0.0026674222207725,0.0036051915947738
count_predictor,gain_K5_p20,gain_contrast,5,confirm_K5_i000105,confirm_K5_i000999,2048,additive,0.5,,shape_rmse,0.0072770247389681,0.0083253989966362,0.001048374257668
count_predictor,gain_K5_p20,gain_contrast,5,confirm_K5_i000105,confirm_K5_i000999,2048,additive,0.5,,excess_ce_H,0.003590438393987,0.0068578987014624,0.0032674603074753
count_predictor,gain_K5_p20,gain_contrast,5,confirm_K5_i000105,confirm_K5_i000999,2048,interpolated_backoff,0.5,1.0,shape_rmse,0.0062025891891419,0.0071387369757523,0.0009361477866104
count_predictor,gain_K5_p20,gain_contrast,5,confirm_K5_i000105,confirm_K5_i000999,2048,interpolated_backoff,0.5,1.0,excess_ce_H,0.0023079664919043,0.005453074901079,0.0031451084091747
count_predictor,gain_K5_p20,gain_contrast,5,confirm_K5_i000105,confirm_K5_i000999,2048,interpolated_backoff,0.5,5.0,shape_rmse,0.0049665572365487,0.0057995982691035,0.0008330410325548
count_predictor,gain_K5_p20,gain_contrast,5,confirm_K5_i000105,confirm_K5_i000999,2048,interpolated_backoff,0.5,5.0,excess_ce_H,0.0008075603282633,0.0038387720288273,0.003031211700564
count_predictor,gain_K5_p20,gain_contrast,5,confirm_K5_i000105,confirm_K5_i000999,2048,interpolated_backoff,0.5,20.0,shape_rmse,0.0036391343411617,0.0042485718552943,0.0006094375141326
count_predictor,gain_K5_p20,gain_contrast,5,confirm_K5_i000105,confirm_K5_i000999,2048,interpolated_backoff,0.5,20.0,excess_ce_H,-0.0008246338957924,0.0019404383060392,0.0027650722018316
count_predictor,gain_K5_p20,gain_contrast,5,confirm_K5_i000105,confirm_K5_i000999,2048,additive,1.0,,shape_rmse,0.0078917862113243,0.0087431846176203,0.000851398406296
count_predictor,gain_K5_p20,gain_contrast,5,confirm_K5_i000105,confirm_K5_i000999,2048,additive,1.0,,excess_ce_H,0.0043720514409828,0.0073503397766319,0.0029782883356491
count_predictor,gain_K5_p20,gain_contrast,5,confirm_K5_i000105,confirm_K5_i000999,2048,interpolated_backoff,1.0,1.0,shape_rmse,0.0070005355707914,0.0076459385534899,0.0006454029826985
count_predictor,gain_K5_p20,gain_contrast,5,confirm_K5_i000105,confirm_K5_i000999,2048,interpolated_backoff,1.0,1.0,excess_ce_H,0.0033048259962979,0.0060493743664693,0.0027445483701714
count_predictor,gain_K5_p20,gain_contrast,5,confirm_K5_i000105,confirm_K5_i000999,2048,interpolated_backoff,1.0,5.0,shape_rmse,0.0058300439254165,0.0062852845261866,0.00045524060077
count_predictor,gain_K5_p20,gain_contrast,5,confirm_K5_i000105,confirm_K5_i000999,2048,interpolated_backoff,1.0,5.0,excess_ce_H,0.0018822205713902,0.0044092445134742,0.002527023942084
count_predictor,gain_K5_p20,gain_contrast,5,confirm_K5_i000105,confirm_K5_i000999,2048,interpolated_backoff,1.0,20.0,shape_rmse,0.0044016825629356,0.0046425268832994,0.0002408443203638
count_predictor,gain_K5_p20,gain_contrast,5,confirm_K5_i000105,confirm_K5_i000999,2048,interpolated_backoff,1.0,20.0,excess_ce_H,0.0001245214294109,0.0024038765823846,0.0022793551529737
count_predictor,gain_K5_p21,gain_contrast,5,confirm_K5_i000777,confirm_K5_i001023,64,additive,0.1,,shape_rmse,0.1516302019404795,0.1527913901161116,0.001161188175632
count_predictor,gain_K5_p21,gain_contrast,5,confirm_K5_i000777,confirm_K5_i001023,64,additive,0.1,,excess_ce_H,0.1983756104382545,0.2077344452623535,0.0093588348240989
count_predictor,gain_K5_p21,gain_contrast,5,confirm_K5_i000777,confirm_K5_i001023,64,interpolated_backoff,0.1,1.0,shape_rmse,0.1063234152744131,0.1010005385229227,-0.0053228767514903
count_predictor,gain_K5_p21,gain_contrast,5,confirm_K5_i000777,confirm_K5_i001023,64,interpolated_backoff,0.1,1.0,excess_ce_H,0.1418807261435148,0.1438072489068245,0.0019265227633097
count_predictor,gain_K5_p21,gain_contrast,5,confirm_K5_i000777,confirm_K5_i001023,64,interpolated_backoff,0.1,5.0,shape_rmse,0.0623926421806093,0.057501253085643,-0.0048913890949663
count_predictor,gain_K5_p21,gain_contrast,5,confirm_K5_i000777,confirm_K5_i001023,64,interpolated_backoff,0.1,5.0,excess_ce_H,0.0871387705062916,0.0891166218512313,0.0019778513449397
count_predictor,gain_K5_p21,gain_contrast,5,confirm_K5_i000777,confirm_K5_i001023,64,interpolated_backoff,0.1,20.0,shape_rmse,0.0293976147771966,0.0277006656216251,-0.0016969491555714
count_predictor,gain_K5_p21,gain_contrast,5,confirm_K5_i000777,confirm_K5_i001023,64,interpolated_backoff,0.1,20.0,excess_ce_H,0.0449536662382732,0.0503128743162368,0.0053592080779635
count_predictor,gain_K5_p21,gain_contrast,5,confirm_K5_i000777,confirm_K5_i001023,64,additive,0.5,,shape_rmse,0.1025472063052948,0.0952580950365427,-0.0072891112687521
count_predictor,gain_K5_p21,gain_contrast,5,confirm_K5_i000777,confirm_K5_i001023,64,additive,0.5,,excess_ce_H,0.1363540933063105,0.1354215312357478,-0.0009325620705626
count_predictor,gain_K5_p21,gain_contrast,5,confirm_K5_i000777,confirm_K5_i001023,64,interpolated_backoff,0.5,1.0,shape_rmse,0.0817309145028448,0.0731718721663696,-0.0085590423364751
count_predictor,gain_K5_p21,gain_contrast,5,confirm_K5_i000777,confirm_K5_i001023,64,interpolated_backoff,0.5,1.0,excess_ce_H,0.1103303002163074,0.1080206573996576,-0.0023096428166497
count_predictor,gain_K5_p21,gain_contrast,5,confirm_K5_i000777,confirm_K5_i001023,64,interpolated_backoff,0.5,5.0,shape_rmse,0.0562566144157331,0.0492494511562328,-0.0070071632595003
count_predictor,gain_K5_p21,gain_contrast,5,confirm_K5_i000777,confirm_K5_i001023,64,interpolated_backoff,0.5,5.0,excess_ce_H,0.0784914054301759,0.0776888315719883,-0.0008025738581875
count_predictor,gain_K5_p21,gain_contrast,5,confirm_K5_i000777,confirm_K5_i001023,64,interpolated_backoff,0.5,20.0,shape_rmse,0.0302823485733048,0.0266767262158568,-0.003605622357448
count_predictor,gain_K5_p21,gain_contrast,5,confirm_K5_i000777,confirm_K5_i001023,64,interpolated_backoff,0.5,20.0,excess_ce_H,0.0453255849815299,0.048289413175292,0.002963828193762
count_predictor,gain_K5_p21,gain_contrast,5,confirm_K5_i000777,confirm_K5_i001023,64,additive,1.0,,shape_rmse,0.1033444390893903,0.0948960482367929,-0.0084483908525973
count_predictor,gain_K5_p21,gain_contrast,5,confirm_K5_i000777,confirm_K5_i001023,64,additive,1.0,,excess_ce_H,0.1376484292393569,0.1351051180914342,-0.0025433111479227
count_predictor,gain_K5_p21,gain_contrast,5,confirm_K5_i000777,confirm_K5_i001023,64,interpolated_backoff,1.0,1.0,shape_rmse,0.0859021274452005,0.0766852723587234,-0.0092168550864771
count_predictor,gain_K5_p21,gain_contrast,5,confirm_K5_i000777,confirm_K5_i001023,64,interpolated_backoff,1.0,1.0,excess_ce_H,0.115826651838758,0.112489187732244,-0.0033374641065139
count_predictor,gain_K5_p21,gain_contrast,5,confirm_K5_i000777,confirm_K5_i001023,64,interpolated_backoff,1.0,5.0,shape_rmse,0.0632536189094326,0.0551481976529138,-0.0081054212565187
count_predictor,gain_K5_p21,gain_contrast,5,confirm_K5_i000777,confirm_K5_i001023,64,interpolated_backoff,1.0,5.0,excess_ce_H,0.0874707621929291,0.085161039796604,-0.002309722396325
count_predictor,gain_K5_p21,gain_contrast,5,confirm_K5_i000777,confirm_K5_i001023,64,interpolated_backoff,1.0,20.0,shape_rmse,0.0368934182740832,0.031920224496232,-0.0049731937778512
count_predictor,gain_K5_p21,gain_contrast,5,confirm_K5_i000777,confirm_K5_i001023,64,interpolated_backoff,1.0,20.0,excess_ce_H,0.0538581353786027,0.0549977831739147,0.0011396477953119
count_predictor,gain_K5_p21,gain_contrast,5,confirm_K5_i000777,confirm_K5_i001023,128,additive,0.1,,shape_rmse,0.0940572268583945,0.1011232382692161,0.0070660114108215
count_predictor,gain_K5_p21,gain_contrast,5,confirm_K5_i000777,confirm_K5_i001023,128,additive,0.1,,excess_ce_H,0.1236079217605115,0.1394059525061883,0.0157980307456768
count_predictor,gain_K5_p21,gain_contrast,5,confirm_K5_i000777,confirm_K5_i001023,128,interpolated_backoff,0.1,1.0,shape_rmse,0.0699368274008756,0.0707646465188751,0.0008278191179994
count_predictor,gain_K5_p21,gain_contrast,5,confirm_K5_i000777,confirm_K5_i001023,128,interpolated_backoff,0.1,1.0,excess_ce_H,0.0933414327178923,0.1019575528519969,0.0086161201341045
count_predictor,gain_K5_p21,gain_contrast,5,confirm_K5_i000777,confirm_K5_i001023,128,interpolated_backoff,0.1,5.0,shape_rmse,0.0453025295446182,0.042650163042092,-0.0026523665025261
count_predictor,gain_K5_p21,gain_contrast,5,confirm_K5_i000777,confirm_K5_i001023,128,interpolated_backoff,0.1,5.0,excess_ce_H,0.0624245800546889,0.0669768678242372,0.0045522877695483
count_predictor,gain_K5_p21,gain_contrast,5,confirm_K5_i000777,confirm_K5_i001023,128,interpolated_backoff,0.1,20.0,shape_rmse,0.0244198285495439,0.02152298698901,-0.0028968415605339
count_predictor,gain_K5_p21,gain_contrast,5,confirm_K5_i000777,confirm_K5_i001023,128,interpolated_backoff,0.1,20.0,excess_ce_H,0.0358056353652604,0.039995464401852,0.0041898290365915
count_predictor,gain_K5_p21,gain_contrast,5,confirm_K5_i000777,confirm_K5_i001023,128,additive,0.5,,shape_rmse,0.0665590265652284,0.0638341326305242,-0.0027248939347041
count_predictor,gain_K5_p21,gain_contrast,5,confirm_K5_i000777,confirm_K5_i001023,128,additive,0.5,,excess_ce_H,0.0882522560964893,0.0928155203243887,0.0045632642278993
count_predictor,gain_K5_p21,gain_contrast,5,confirm_K5_i000777,confirm_K5_i001023,128,interpolated_backoff,0.5,1.0,shape_rmse,0.0550687530842442,0.0509701848863871,-0.0040985681978571
count_predictor,gain_K5_p21,gain_contrast,5,confirm_K5_i000777,confirm_K5_i001023,128,interpolated_backoff,0.5,1.0,excess_ce_H,0.0738819676544384,0.0769189081199082,0.0030369404654698
count_predictor,gain_K5_p21,gain_contrast,5,confirm_K5_i000777,confirm_K5_i001023,128,interpolated_backoff,0.5,5.0,shape_rmse,0.0404631085338099,0.0356693969066982,-0.0047937116271116
count_predictor,gain_K5_p21,gain_contrast,5,confirm_K5_i000777,confirm_K5_i001023,128,interpolated_backoff,0.5,5.0,excess_ce_H,0.0555880792485672,0.0577459729819922,0.002157893733425
count_predictor,gain_K5_p21,gain_contrast,5,confirm_K5_i000777,confirm_K5_i001023,128,interpolated_backoff,0.5,20.0,shape_rmse,0.02388799115643,0.0202087516323111,-0.0036792395241189
count_predictor,gain_K5_p21,gain_contrast,5,confirm_K5_i000777,confirm_K5_i001023,128,interpolated_backoff,0.5,20.0,excess_ce_H,0.0346154748013067,0.0379306746511565,0.0033151998498497
count_predictor,gain_K5_p21,gain_contrast,5,confirm_K5_i000777,confirm_K5_i001023,128,additive,1.0,,shape_rmse,0.0684028529079707,0.063568004547073,-0.0048348483608977
count_predictor,gain_K5_p21,gain_contrast,5,confirm_K5_i000777,confirm_K5_i001023,128,additive,1.0,,excess_ce_H,0.0903525098100199,0.0924122391010842,0.0020597292910643
count_predictor,gain_K5_p21,gain_contrast,5,confirm_K5_i000777,confirm_K5_i001023,128,interpolated_backoff,1.0,1.0,shape_rmse,0.0585652589221772,0.0529191697758675,-0.0056460891463097
count_predictor,gain_K5_p21,gain_contrast,5,confirm_K5_i000777,confirm_K5_i001023,128,interpolated_backoff,1.0,1.0,excess_ce_H,0.0780773647714154,0.0792716174521803,0.0011942526807648
count_predictor,gain_K5_p21,gain_contrast,5,confirm_K5_i000777,confirm_K5_i001023,128,interpolated_backoff,1.0,5.0,shape_rmse,0.0453583511435808,0.0392830988596539,-0.0060752522839268
count_predictor,gain_K5_p21,gain_contrast,5,confirm_K5_i000777,confirm_K5_i001023,128,interpolated_backoff,1.0,5.0,excess_ce_H,0.0615698727896929,0.0621955641629654,0.0006256913732725
count_predictor,gain_K5_p21,gain_contrast,5,confirm_K5_i000777,confirm_K5_i001023,128,interpolated_backoff,1.0,20.0,shape_rmse,0.0284509305731876,0.0237530222723291,-0.0046979083008585
count_predictor,gain_K5_p21,gain_contrast,5,confirm_K5_i000777,confirm_K5_i001023,128,interpolated_backoff,1.0,20.0,excess_ce_H,0.0402779897904015,0.0423464272651452,0.0020684374747437
count_predictor,gain_K5_p21,gain_contrast,5,confirm_K5_i000777,confirm_K5_i001023,256,additive,0.1,,shape_rmse,0.059397188866504,0.0655093195529114,0.0061121306864073
count_predictor,gain_K5_p21,gain_contrast,5,confirm_K5_i000777,confirm_K5_i001023,256,additive,0.1,,excess_ce_H,0.0759412570918007,0.0915569951907904,0.0156157380989896
count_predictor,gain_K5_p21,gain_contrast,5,confirm_K5_i000777,confirm_K5_i001023,256,interpolated_backoff,0.1,1.0,shape_rmse,0.0453811508034202,0.0485612891321357,0.0031801383287154
count_predictor,gain_K5_p21,gain_contrast,5,confirm_K5_i000777,confirm_K5_i001023,256,interpolated_backoff,0.1,1.0,excess_ce_H,0.0588262961101997,0.0709988714117992,0.0121725753015995
count_predictor,gain_K5_p21,gain_contrast,5,confirm_K5_i000777,confirm_K5_i001023,256,interpolated_backoff,0.1,5.0,shape_rmse,0.0313777257145149,0.0316211068460527,0.0002433811315378
count_predictor,gain_K5_p21,gain_contrast,5,confirm_K5_i000777,confirm_K5_i001023,256,interpolated_backoff,0.1,5.0,excess_ce_H,0.0416420010378759,0.0503417752841546,0.0086997742462787
count_predictor,gain_K5_p21,gain_contrast,5,confirm_K5_i000777,confirm_K5_i001023,256,interpolated_backoff,0.1,20.0,shape_rmse,0.0185862014440637,0.0179080597830057,-0.000678141661058
count_predictor,gain_K5_p21,gain_contrast,5,confirm_K5_i000777,confirm_K5_i001023,256,interpolated_backoff,0.1,20.0,excess_ce_H,0.025827326485974,0.0332776312309435,0.0074503047449695
count_predictor,gain_K5_p21,gain_contrast,5,confirm_K5_i000777,confirm_K5_i001023,256,additive,0.5,,shape_rmse,0.0432370624483964,0.0433236557559698,8.659330757340017e-05
count_predictor,gain_K5_p21,gain_contrast,5,confirm_K5_i000777,confirm_K5_i001023,256,additive,0.5,,excess_ce_H,0.0560980907076293,0.0643055020903966,0.0082074113827672
count_predictor,gain_K5_p21,gain_contrast,5,confirm_K5_i000777,confirm_K5_i001023,256,interpolated_backoff,0.5,1.0,shape_rmse,0.0369090373200245,0.0362978650621668,-0.0006111722578577
count_predictor,gain_K5_p21,gain_contrast,5,confirm_K5_i000777,confirm_K5_i001023,256,interpolated_backoff,0.5,1.0,excess_ce_H,0.0483826380486345,0.0557458390608047,0.0073632010121702
count_predictor,gain_K5_p21,gain_contrast,5,confirm_K5_i000777,confirm_K5_i001023,256,interpolated_backoff,0.5,5.0,shape_rmse,0.0285290635713166,0.0266989969324472,-0.0018300666388694
count_predictor,gain_K5_p21,gain_contrast,5,confirm_K5_i000777,confirm_K5_i001023,256,interpolated_backoff,0.5,5.0,excess_ce_H,0.0380626556814251,0.0439826085969867,0.0059199529155616
count_predictor,gain_K5_p21,gain_contrast,5,confirm_K5_i000777,confirm_K5_i001023,256,interpolated_backoff,0.5,20.0,shape_rmse,0.0182673062371252,0.0164948731260532,-0.0017724331110719
count_predictor,gain_K5_p21,gain_contrast,5,confirm_K5_i000777,confirm_K5_i001023,256,interpolated_backoff,0.5,20.0,excess_ce_H,0.0253639298245269,0.0312539789479828,0.0058900491234559
count_predictor,gain_K5_p21,gain_contrast,5,confirm_K5_i000777,confirm_K5_i001023,256,additive,1.0,,shape_rmse,0.044657408787002,0.0432175903915087,-0.0014398183954933
count_predictor,gain_K5_p21,gain_contrast,5,confirm_K5_i000777,confirm_K5_i001023,256,additive,1.0,,excess_ce_H,0.0579713791878699,0.0641864531312494,0.0062150739433795
count_predictor,gain_K5_p21,gain_contrast,5,confirm_K5_i000777,confirm_K5_i001023,256,interpolated_backoff,1.0,1.0,shape_rmse,0.0393188836292595,0.0374712159879774,-0.001847667641282
count_predictor,gain_K5_p21,gain_contrast,5,confirm_K5_i000777,confirm_K5_i001023,256,interpolated_backoff,1.0,1.0,excess_ce_H,0.0514654460558039,0.0571782841564481,0.0057128381006441
count_predictor,gain_K5_p21,gain_contrast,5,confirm_K5_i000777,confirm_K5_i001023,256,interpolated_backoff,1.0,5.0,shape_rmse,0.0316855139880341,0.0288691468266669,-0.0028163671613671
count_predictor,gain_K5_p21,gain_contrast,5,confirm_K5_i000777,confirm_K5_i001023,256,interpolated_backoff,1.0,5.0,excess_ce_H,0.0420542432637058,0.0466254484625709,0.0045712051988651
count_predictor,gain_K5_p21,gain_contrast,5,confirm_K5_i000777,confirm_K5_i001023,256,interpolated_backoff,1.0,20.0,shape_rmse,0.0212796347671589,0.0186759949236488,-0.0026036398435101
count_predictor,gain_K5_p21,gain_contrast,5,confirm_K5_i000777,confirm_K5_i001023,256,interpolated_backoff,1.0,20.0,excess_ce_H,0.0291706832988594,0.0339142764728155,0.0047435931739561
count_predictor,gain_K5_p21,gain_contrast,5,confirm_K5_i000777,confirm_K5_i001023,512,additive,0.1,,shape_rmse,0.0355015472416866,0.0393884494280089,0.0038869021863222
count_predictor,gain_K5_p21,gain_contrast,5,confirm_K5_i000777,confirm_K5_i001023,512,additive,0.1,,excess_ce_H,0.0462389796055195,0.0575462261545485,0.0113072465490289
count_predictor,gain_K5_p21,gain_contrast,5,confirm_K5_i000777,confirm_K5_i001023,512,interpolated_backoff,0.1,1.0,shape_rmse,0.0277720526371228,0.0310320053618499,0.003259952724727
count_predictor,gain_K5_p21,gain_contrast,5,confirm_K5_i000777,confirm_K5_i001023,512,interpolated_backoff,0.1,1.0,excess_ce_H,0.0368361645785615,0.04751823544364,0.0106820708650784
count_predictor,gain_K5_p21,gain_contrast,5,confirm_K5_i000777,confirm_K5_i001023,512,interpolated_backoff,0.1,5.0,shape_rmse,0.020056158416054,0.0218277809200364,0.0017716225039823
count_predictor,gain_K5_p21,gain_contrast,5,confirm_K5_i000777,confirm_K5_i001023,512,interpolated_backoff,0.1,5.0,excess_ce_H,0.0273581069306076,0.0364361086813815,0.0090780017507739
count_predictor,gain_K5_p21,gain_contrast,5,confirm_K5_i000777,confirm_K5_i001023,512,interpolated_backoff,0.1,20.0,shape_rmse,0.0130330508714015,0.0135693134539458,0.0005362625825443
count_predictor,gain_K5_p21,gain_contrast,5,confirm_K5_i000777,confirm_K5_i001023,512,interpolated_backoff,0.1,20.0,excess_ce_H,0.0186368765165771,0.0264042637404835,0.0077673872239064
count_predictor,gain_K5_p21,gain_contrast,5,confirm_K5_i000777,confirm_K5_i001023,512,additive,0.5,,shape_rmse,0.0261890799181463,0.0277184731083638,0.0015293931902175
count_predictor,gain_K5_p21,gain_contrast,5,confirm_K5_i000777,confirm_K5_i001023,512,additive,0.5,,excess_ce_H,0.0347918072960051,0.0434447055938327,0.0086528982978275
count_predictor,gain_K5_p21,gain_contrast,5,confirm_K5_i000777,confirm_K5_i001023,512,interpolated_backoff,0.5,1.0,shape_rmse,0.0227218996533891,0.0242328728542336,0.0015109732008444
count_predictor,gain_K5_p21,gain_contrast,5,confirm_K5_i000777,confirm_K5_i001023,512,interpolated_backoff,0.5,1.0,excess_ce_H,0.0305926356811494,0.0392564271092461,0.0086637914280967
count_predictor,gain_K5_p21,gain_contrast,5,confirm_K5_i000777,confirm_K5_i001023,512,interpolated_backoff,0.5,5.0,shape_rmse,0.0181130010408325,0.0187443950058536,0.000631393965021
count_predictor,gain_K5_p21,gain_contrast,5,confirm_K5_i000777,confirm_K5_i001023,512,interpolated_backoff,0.5,5.0,excess_ce_H,0.0249122815445246,0.032637383447075,0.0077251019025504
count_predictor,gain_K5_p21,gain_contrast,5,confirm_K5_i000777,confirm_K5_i001023,512,interpolated_backoff,0.5,20.0,shape_rmse,0.0124432312282267,0.0123735952811544,-6.963594707230097e-05
count_predictor,gain_K5_p21,gain_contrast,5,confirm_K5_i000777,confirm_K5_i001023,512,interpolated_backoff,0.5,20.0,excess_ce_H,0.0178637237597596,0.0248883988036068,0.0070246750438472
count_predictor,gain_K5_p21,gain_contrast,5,confirm_K5_i000777,confirm_K5_i001023,512,additive,1.0,,shape_rmse,0.0270927812670039,0.0278262690440158,0.0007334877770118
count_predictor,gain_K5_p21,gain_contrast,5,confirm_K5_i000777,confirm_K5_i001023,512,additive,1.0,,excess_ce_H,0.0359193021304324,0.0436551448344346,0.0077358427040021
count_predictor,gain_K5_p21,gain_contrast,5,confirm_K5_i000777,confirm_K5_i001023,512,interpolated_backoff,1.0,1.0,shape_rmse,0.0241745572556575,0.0249453259932533,0.0007707687375957
count_predictor,gain_K5_p21,gain_contrast,5,confirm_K5_i000777,confirm_K5_i001023,512,interpolated_backoff,1.0,1.0,excess_ce_H,0.0323916669666164,0.0401887392653326,0.0077970722987162
count_predictor,gain_K5_p21,gain_contrast,5,confirm_K5_i000777,confirm_K5_i001023,512,interpolated_backoff,1.0,5.0,shape_rmse,0.0199938239503764,0.0199649059437091,-2.8918006667301432e-05
count_predictor,gain_K5_p21,gain_contrast,5,confirm_K5_i000777,confirm_K5_i001023,512,interpolated_backoff,1.0,5.0,excess_ce_H,0.027238112193475,0.0341747671032408,0.0069366549097657
count_predictor,gain_K5_p21,gain_contrast,5,confirm_K5_i000777,confirm_K5_i001023,512,interpolated_backoff,1.0,20.0,shape_rmse,0.0142197692518429,0.0135967313586701,-0.0006230378931728
count_predictor,gain_K5_p21,gain_contrast,5,confirm_K5_i000777,confirm_K5_i001023,512,interpolated_backoff,1.0,20.0,excess_ce_H,0.0200624804551332,0.0264141561657733,0.0063516757106401
count_predictor,gain_K5_p21,gain_contrast,5,confirm_K5_i000777,confirm_K5_i001023,1024,additive,0.1,,shape_rmse,0.0223700499880621,0.0232917857176798,0.0009217357296176
count_predictor,gain_K5_p21,gain_contrast,5,confirm_K5_i000777,confirm_K5_i001023,1024,additive,0.1,,excess_ce_H,0.0290895052874766,0.0375133315953279,0.0084238263078513
count_predictor,gain_K5_p21,gain_contrast,5,confirm_K5_i000777,confirm_K5_i001023,1024,interpolated_backoff,0.1,1.0,shape_rmse,0.0176948290676383,0.0193066590113236,0.0016118299436852
count_predictor,gain_K5_p21,gain_contrast,5,confirm_K5_i000777,confirm_K5_i001023,1024,interpolated_backoff,0.1,1.0,excess_ce_H,0.023582969484531,0.0327186626137492,0.0091356931292181
count_predictor,gain_K5_p21,gain_contrast,5,confirm_K5_i000777,confirm_K5_i001023,1024,interpolated_backoff,0.1,5.0,shape_rmse,0.0131803479169259,0.0146226578092089,0.001442309892283
count_predictor,gain_K5_p21,gain_contrast,5,confirm_K5_i000777,confirm_K5_i001023,1024,interpolated_backoff,0.1,5.0,excess_ce_H,0.0181816880056358,0.0270575842518545,0.0088758962462187
count_predictor,gain_K5_p21,gain_contrast,5,confirm_K5_i000777,confirm_K5_i001023,1024,interpolated_backoff,0.1,20.0,shape_rmse,0.0089593507047628,0.0099840180281582,0.0010246673233954
count_predictor,gain_K5_p21,gain_contrast,5,confirm_K5_i000777,confirm_K5_i001023,1024,interpolated_backoff,0.1,20.0,excess_ce_H,0.0130349756957035,0.0214183476345952,0.0083833719388917
count_predictor,gain_K5_p21,gain_contrast,5,confirm_K5_i000777,confirm_K5_i001023,1024,additive,0.5,,shape_rmse,0.0167169280777643,0.0169892377882132,0.0002723097104488
count_predictor,gain_K5_p21,gain_contrast,5,confirm_K5_i000777,confirm_K5_i001023,1024,additive,0.5,,excess_ce_H,0.0223975092337718,0.0299033372939079,0.0075058280601361
count_predictor,gain_K5_p21,gain_contrast,5,confirm_K5_i000777,confirm_K5_i001023,1024,interpolated_backoff,0.5,1.0,shape_rmse,0.014628593886335,0.0153915265853296,0.0007629326989945
count_predictor,gain_K5_p21,gain_contrast,5,confirm_K5_i000777,confirm_K5_i001023,1024,interpolated_backoff,0.5,1.0,excess_ce_H,0.0199328811795644,0.0279744876897325,0.008041606510168
count_predictor,gain_K5_p21,gain_contrast,5,confirm_K5_i000777,confirm_K5_i001023,1024,interpolated_backoff,0.5,5.0,shape_rmse,0.0118605503057786,0.0125808322607517,0.0007202819549731
count_predictor,gain_K5_p21,gain_contrast,5,confirm_K5_i000777,confirm_K5_i001023,1024,interpolated_backoff,0.5,5.0,excess_ce_H,0.016606395326266,0.0245759892942281,0.0079695939679621
count_predictor,gain_K5_p21,gain_contrast,5,confirm_K5_i000777,confirm_K5_i001023,1024,interpolated_backoff,0.5,20.0,shape_rmse,0.0084796221751255,0.0089739156604448,0.0004942934853193
count_predictor,gain_K5_p21,gain_contrast,5,confirm_K5_i000777,confirm_K5_i001023,1024,interpolated_backoff,0.5,20.0,excess_ce_H,0.0124730810034539,0.0201886937333835,0.0077156127299296
count_predictor,gain_K5_p21,gain_contrast,5,confirm_K5_i000777,confirm_K5_i001023,1024,additive,1.0,,shape_rmse,0.0170197734027981,0.0171095055378908,8.973213509269953e-05
count_predictor,gain_K5_p21,gain_contrast,5,confirm_K5_i000777,confirm_K5_i001023,1024,additive,1.0,,excess_ce_H,0.0228385796311398,0.030068136098202,0.0072295564670621
count_predictor,gain_K5_p21,gain_contrast,5,confirm_K5_i000777,confirm_K5_i001023,1024,interpolated_backoff,1.0,1.0,shape_rmse,0.0152870524651323,0.0157890780661745,0.0005020256010422
count_predictor,gain_K5_p21,gain_contrast,5,confirm_K5_i000777,confirm_K5_i001023,1024,interpolated_backoff,1.0,1.0,excess_ce_H,0.020788365591688,0.0284720743641855,0.0076837087724975
count_predictor,gain_K5_p21,gain_contrast,5,confirm_K5_i000777,confirm_K5_i001023,1024,interpolated_backoff,1.0,5.0,shape_rmse,0.0127911335596075,0.013229490245026,0.0004383566854184
count_predictor,gain_K5_p21,gain_contrast,5,confirm_K5_i000777,confirm_K5_i001023,1024,interpolated_backoff,1.0,5.0,excess_ce_H,0.0177797279690805,0.0253769093384625,0.007597181369382
count_predictor,gain_K5_p21,gain_contrast,5,confirm_K5_i000777,confirm_K5_i001023,1024,interpolated_backoff,1.0,20.0,shape_rmse,0.009413183604313,0.0095969926376147,0.0001838090333017
count_predictor,gain_K5_p21,gain_contrast,5,confirm_K5_i000777,confirm_K5_i001023,1024,interpolated_backoff,1.0,20.0,excess_ce_H,0.013642168596055,0.0209598408873574,0.0073176722913024
count_predictor,gain_K5_p21,gain_contrast,5,confirm_K5_i000777,confirm_K5_i001023,2048,additive,0.1,,shape_rmse,0.011292471059305,0.0140031619328305,0.0027106908735255
count_predictor,gain_K5_p21,gain_contrast,5,confirm_K5_i000777,confirm_K5_i001023,2048,additive,0.1,,excess_ce_H,0.0153759509427604,0.0260225027018923,0.0106465517591319
count_predictor,gain_K5_p21,gain_contrast,5,confirm_K5_i000777,confirm_K5_i001023,2048,interpolated_backoff,0.1,1.0,shape_rmse,0.0092232966890769,0.0114887052803892,0.0022654085913122
count_predictor,gain_K5_p21,gain_contrast,5,confirm_K5_i000777,confirm_K5_i001023,2048,interpolated_backoff,0.1,1.0,excess_ce_H,0.0129442592458899,0.0230435438300591,0.0100992845841692
count_predictor,gain_K5_p21,gain_contrast,5,confirm_K5_i000777,confirm_K5_i001023,2048,interpolated_backoff,0.1,5.0,shape_rmse,0.007031456617669,0.0088546048456095,0.0018231482279404
count_predictor,gain_K5_p21,gain_contrast,5,confirm_K5_i000777,confirm_K5_i001023,2048,interpolated_backoff,0.1,5.0,excess_ce_H,0.0103358109150988,0.0199179511755205,0.0095821402604217
count_predictor,gain_K5_p21,gain_contrast,5,confirm_K5_i000777,confirm_K5_i001023,2048,interpolated_backoff,0.1,20.0,shape_rmse,0.0049091887765888,0.0062506268628839,0.001341438086295
count_predictor,gain_K5_p21,gain_contrast,5,confirm_K5_i000777,confirm_K5_i001023,2048,interpolated_backoff,0.1,20.0,excess_ce_H,0.0077584895458793,0.01680374108066,0.0090452515347807
count_predictor,gain_K5_p21,gain_contrast,5,confirm_K5_i000777,confirm_K5_i001023,2048,additive,0.5,,shape_rmse,0.0088076487346984,0.0100268356254829,0.0012191868907844
count_predictor,gain_K5_p21,gain_contrast,5,confirm_K5_i000777,confirm_K5_i001023,2048,additive,0.5,,excess_ce_H,0.0124218960235791,0.0213845564852306,0.0089626604616515
count_predictor,gain_K5_p21,gain_contrast,5,confirm_K5_i000777,confirm_K5_i001023,2048,interpolated_backoff,0.5,1.0,shape_rmse,0.0078719063186322,0.0090673461957197,0.0011954398770874
count_predictor,gain_K5_p21,gain_contrast,5,confirm_K5_i000777,confirm_K5_i001023,2048,interpolated_backoff,0.5,1.0,excess_ce_H,0.0113200622208975,0.0202365674933706,0.008916505272473
count_predictor,gain_K5_p21,gain_contrast,5,confirm_K5_i000777,confirm_K5_i001023,2048,interpolated_backoff,0.5,5.0,shape_rmse,0.0065123538299121,0.0075772109609566,0.0010648571310444
count_predictor,gain_K5_p21,gain_contrast,5,confirm_K5_i000777,confirm_K5_i001023,2048,interpolated_backoff,0.5,5.0,excess_ce_H,0.0096962514461136,0.0184471748207726,0.0087509233746589
count_predictor,gain_K5_p21,gain_contrast,5,confirm_K5_i000777,confirm_K5_i001023,2048,interpolated_backoff,0.5,20.0,shape_rmse,0.0047745986916466,0.0056344380281671,0.0008598393365205
count_predictor,gain_K5_p21,gain_contrast,5,confirm_K5_i000777,confirm_K5_i001023,2048,interpolated_backoff,0.5,20.0,excess_ce_H,0.0075868797388221,0.0160988966208037,0.0085120168819816
count_predictor,gain_K5_p21,gain_contrast,5,confirm_K5_i000777,confirm_K5_i001023,2048,additive,1.0,,shape_rmse,0.0092025983409974,0.0099156148779555,0.000713016536958
count_predictor,gain_K5_p21,gain_contrast,5,confirm_K5_i000777,confirm_K5_i001023,2048,additive,1.0,,excess_ce_H,0.012924060378342,0.0212997950814086,0.0083757347030665
count_predictor,gain_K5_p21,gain_contrast,5,confirm_K5_i000777,confirm_K5_i001023,2048,interpolated_backoff,1.0,1.0,shape_rmse,0.0083953267126743,0.0091798093328282,0.0007844826201539
count_predictor,gain_K5_p21,gain_contrast,5,confirm_K5_i000777,confirm_K5_i001023,2048,interpolated_backoff,1.0,1.0,excess_ce_H,0.0119728901746458,0.0204148174125291,0.0084419272378833
count_predictor,gain_K5_p21,gain_contrast,5,confirm_K5_i000777,confirm_K5_i001023,2048,interpolated_backoff,1.0,5.0,shape_rmse,0.0071430608597812,0.007870177320768,0.0007271164609867
count_predictor,gain_K5_p21,gain_contrast,5,confirm_K5_i000777,confirm_K5_i001023,2048,interpolated_backoff,1.0,5.0,excess_ce_H,0.0104745507082943,0.0188339778398127,0.0083594271315184
count_predictor,gain_K5_p21,gain_contrast,5,confirm_K5_i000777,confirm_K5_i001023,2048,interpolated_backoff,1.0,20.0,shape_rmse,0.0053683564314893,0.0059494368032083,0.0005810803717189
count_predictor,gain_K5_p21,gain_contrast,5,confirm_K5_i000777,confirm_K5_i001023,2048,interpolated_backoff,1.0,20.0,excess_ce_H,0.008318890754847,0.0165035336909156,0.0081846429360686
count_predictor,gain_K6_p22,gain_contrast,6,confirm_K6_i000915,confirm_K6_i001089,64,additive,0.1,,shape_rmse,0.1848492521198023,0.1759746812176506,-0.0088745709021516
count_predictor,gain_K6_p22,gain_contrast,6,confirm_K6_i000915,confirm_K6_i001089,64,additive,0.1,,excess_ce_H,0.2403159294496983,0.230866064855441,-0.0094498645942572
count_predictor,gain_K6_p22,gain_contrast,6,confirm_K6_i000915,confirm_K6_i001089,64,interpolated_backoff,0.1,1.0,shape_rmse,0.1239946452568696,0.1200285201665017,-0.0039661250903678
count_predictor,gain_K6_p22,gain_contrast,6,confirm_K6_i000915,confirm_K6_i001089,64,interpolated_backoff,0.1,1.0,excess_ce_H,0.1657018236153273,0.1614469604070652,-0.0042548632082621
count_predictor,gain_K6_p22,gain_contrast,6,confirm_K6_i000915,confirm_K6_i001089,64,interpolated_backoff,0.1,5.0,shape_rmse,0.0701166330902849,0.06800718426562,-0.0021094488246649
count_predictor,gain_K6_p22,gain_contrast,6,confirm_K6_i000915,confirm_K6_i001089,64,interpolated_backoff,0.1,5.0,excess_ce_H,0.0986396060939869,0.0962173026763084,-0.0024223034176785
count_predictor,gain_K6_p22,gain_contrast,6,confirm_K6_i000915,confirm_K6_i001089,64,interpolated_backoff,0.1,20.0,shape_rmse,0.0323622144681727,0.0318276204994012,-0.0005345939687715
count_predictor,gain_K6_p22,gain_contrast,6,confirm_K6_i000915,confirm_K6_i001089,64,interpolated_backoff,0.1,20.0,excess_ce_H,0.0501776738310439,0.0495570779859291,-0.0006205958451147
count_predictor,gain_K6_p22,gain_contrast,6,confirm_K6_i000915,confirm_K6_i001089,64,additive,0.5,,shape_rmse,0.1096063610227113,0.1062435041219396,-0.0033628569007717
count_predictor,gain_K6_p22,gain_contrast,6,confirm_K6_i000915,confirm_K6_i001089,64,additive,0.5,,excess_ce_H,0.1467309721064302,0.1429965257426304,-0.0037344463637998
count_predictor,gain_K6_p22,gain_contrast,6,confirm_K6_i000915,confirm_K6_i001089,64,interpolated_backoff,0.5,1.0,shape_rmse,0.0851540905513373,0.0832126026628019,-0.0019414878885354
count_predictor,gain_K6_p22,gain_contrast,6,confirm_K6_i000915,confirm_K6_i001089,64,interpolated_backoff,0.5,1.0,excess_ce_H,0.1166394803319996,0.1144329586909231,-0.0022065216410765
count_predictor,gain_K6_p22,gain_contrast,6,confirm_K6_i000915,confirm_K6_i001089,64,interpolated_backoff,0.5,5.0,shape_rmse,0.0569395657224886,0.0550728732403782,-0.0018666924821104
count_predictor,gain_K6_p22,gain_contrast,6,confirm_K6_i000915,confirm_K6_i001089,64,interpolated_backoff,0.5,5.0,excess_ce_H,0.0812441859576271,0.0790102846547962,-0.0022339013028308
count_predictor,gain_K6_p22,gain_contrast,6,confirm_K6_i000915,confirm_K6_i001089,64,interpolated_backoff,0.5,20.0,shape_rmse,0.0299650798115713,0.0288233728617663,-0.0011417069498049
count_predictor,gain_K6_p22,gain_contrast,6,confirm_K6_i000915,confirm_K6_i001089,64,interpolated_backoff,0.5,20.0,excess_ce_H,0.0464591840030763,0.0451912546396022,-0.001267929363474
count_predictor,gain_K6_p22,gain_contrast,6,confirm_K6_i000915,confirm_K6_i001089,64,additive,1.0,,shape_rmse,0.1042799460299755,0.1025295994307831,-0.0017503465991924
count_predictor,gain_K6_p22,gain_contrast,6,confirm_K6_i000915,confirm_K6_i001089,64,additive,1.0,,excess_ce_H,0.1403421025314055,0.1383633742273919,-0.0019787283040136
count_predictor,gain_K6_p22,gain_contrast,6,confirm_K6_i000915,confirm_K6_i001089,64,interpolated_backoff,1.0,1.0,shape_rmse,0.0848402415215894,0.083800325222156,-0.0010399162994333
count_predictor,gain_K6_p22,gain_contrast,6,confirm_K6_i000915,confirm_K6_i001089,64,interpolated_backoff,1.0,1.0,excess_ce_H,0.1163807170055022,0.1151604345361103,-0.0012202824693919
count_predictor,gain_K6_p22,gain_contrast,6,confirm_K6_i000915,confirm_K6_i001089,64,interpolated_backoff,1.0,5.0,shape_rmse,0.060600119504093,0.0592385534498205,-0.0013615660542724
count_predictor,gain_K6_p22,gain_contrast,6,confirm_K6_i000915,confirm_K6_i001089,64,interpolated_backoff,1.0,5.0,excess_ce_H,0.0859050826788492,0.0842203341154044,-0.0016847485634448
count_predictor,gain_K6_p22,gain_contrast,6,confirm_K6_i000915,confirm_K6_i001089,64,interpolated_backoff,1.0,20.0,shape_rmse,0.0342124043840973,0.0330411854223983,-0.0011712189616989
count_predictor,gain_K6_p22,gain_contrast,6,confirm_K6_i000915,confirm_K6_i001089,64,interpolated_backoff,1.0,20.0,excess_ce_H,0.0519100239619321,0.0505731473330113,-0.0013368766289208
count_predictor,gain_K6_p22,gain_contrast,6,confirm_K6_i000915,confirm_K6_i001089,128,additive,0.1,,shape_rmse,0.1207339130561384,0.1184603921137791,-0.0022735209423593
count_predictor,gain_K6_p22,gain_contrast,6,confirm_K6_i000915,confirm_K6_i001089,128,additive,0.1,,excess_ce_H,0.1565756200286321,0.1546012320463696,-0.0019743879822624
count_predictor,gain_K6_p22,gain_contrast,6,confirm_K6_i000915,confirm_K6_i001089,128,interpolated_backoff,0.1,1.0,shape_rmse,0.0865794159452578,0.0847398657927753,-0.0018395501524824
count_predictor,gain_K6_p22,gain_contrast,6,confirm_K6_i000915,confirm_K6_i001089,128,interpolated_backoff,0.1,1.0,excess_ce_H,0.1148187273037997,0.1131479919240101,-0.0016707353797896
count_predictor,gain_K6_p22,gain_contrast,6,confirm_K6_i000915,confirm_K6_i001089,128,interpolated_backoff,0.1,5.0,shape_rmse,0.0527901494932038,0.0521988854375495,-0.0005912640556543
count_predictor,gain_K6_p22,gain_contrast,6,confirm_K6_i000915,confirm_K6_i001089,128,interpolated_backoff,0.1,5.0,excess_ce_H,0.0732996803972729,0.072711455676103,-0.0005882247211698
count_predictor,gain_K6_p22,gain_contrast,6,confirm_K6_i000915,confirm_K6_i001089,128,interpolated_backoff,0.1,20.0,shape_rmse,0.0267621575720485,0.026817877822201,5.5720250152498096e-05
count_predictor,gain_K6_p22,gain_contrast,6,confirm_K6_i000915,confirm_K6_i001089,128,interpolated_backoff,0.1,20.0,excess_ce_H,0.04065176499859,0.0405848339086991,-6.693108989089952e-05
count_predictor,gain_K6_p22,gain_contrast,6,confirm_K6_i000915,confirm_K6_i001089,128,additive,0.5,,shape_rmse,0.0746340597559574,0.0724912148286566,-0.0021428449273007
count_predictor,gain_K6_p22,gain_contrast,6,confirm_K6_i000915,confirm_K6_i001089,128,additive,0.5,,excess_ce_H,0.0998166712286603,0.097323459883704,-0.0024932113449562
count_predictor,gain_K6_p22,gain_contrast,6,confirm_K6_i000915,confirm_K6_i001089,128,interpolated_backoff,0.5,1.0,shape_rmse,0.060949949363066,0.0586973909703478,-0.0022525583927182
count_predictor,gain_K6_p22,gain_contrast,6,confirm_K6_i000915,confirm_K6_i001089,128,interpolated_backoff,0.5,1.0,excess_ce_H,0.0830563256028695,0.0803695572648282,-0.0026867683380413
count_predictor,gain_K6_p22,gain_contrast,6,confirm_K6_i000915,confirm_K6_i001089,128,interpolated_backoff,0.5,5.0,shape_rmse,0.042895493847682,0.0413029716603228,-0.0015925221873592
count_predictor,gain_K6_p22,gain_contrast,6,confirm_K6_i000915,confirm_K6_i001089,128,interpolated_backoff,0.5,5.0,excess_ce_H,0.0607104430348048,0.0586571809008515,-0.0020532621339533
count_predictor,gain_K6_p22,gain_contrast,6,confirm_K6_i000915,confirm_K6_i001089,128,interpolated_backoff,0.5,20.0,shape_rmse,0.0242663919782717,0.0233525376473357,-0.000913854330936
count_predictor,gain_K6_p22,gain_contrast,6,confirm_K6_i000915,confirm_K6_i001089,128,interpolated_backoff,0.5,20.0,excess_ce_H,0.0372096525900458,0.0359394431952608,-0.0012702093947849
count_predictor,gain_K6_p22,gain_contrast,6,confirm_K6_i000915,confirm_K6_i001089,128,additive,1.0,,shape_rmse,0.0715848499029329,0.0699735477955299,-0.0016113021074029
count_predictor,gain_K6_p22,gain_contrast,6,confirm_K6_i000915,confirm_K6_i001089,128,additive,1.0,,excess_ce_H,0.0961495928702103,0.0940778923369005,-0.0020717005333097
count_predictor,gain_K6_p22,gain_contrast,6,confirm_K6_i000915,confirm_K6_i001089,128,interpolated_backoff,1.0,1.0,shape_rmse,0.0606703135044259,0.0587254548694446,-0.0019448586349812
count_predictor,gain_K6_p22,gain_contrast,6,confirm_K6_i000915,confirm_K6_i001089,128,interpolated_backoff,1.0,1.0,excess_ce_H,0.0827810826034733,0.0802741769581267,-0.0025069056453465
count_predictor,gain_K6_p22,gain_contrast,6,confirm_K6_i000915,confirm_K6_i001089,128,interpolated_backoff,1.0,5.0,shape_rmse,0.0451774474095023,0.043545236597171,-0.0016322108123313
count_predictor,gain_K6_p22,gain_contrast,6,confirm_K6_i000915,confirm_K6_i001089,128,interpolated_backoff,1.0,5.0,excess_ce_H,0.0635682890056381,0.0613380250791588,-0.0022302639264792
count_predictor,gain_K6_p22,gain_contrast,6,confirm_K6_i000915,confirm_K6_i001089,128,interpolated_backoff,1.0,20.0,shape_rmse,0.0271492484518518,0.0259101505115938,-0.001239097940258
count_predictor,gain_K6_p22,gain_contrast,6,confirm_K6_i000915,confirm_K6_i001089,128,interpolated_backoff,1.0,20.0,excess_ce_H,0.0408176729813141,0.0390900872737338,-0.0017275857075802
count_predictor,gain_K6_p22,gain_contrast,6,confirm_K6_i000915,confirm_K6_i001089,256,additive,0.1,,shape_rmse,0.0779420691588586,0.0748764479618417,-0.0030656211970168
count_predictor,gain_K6_p22,gain_contrast,6,confirm_K6_i000915,confirm_K6_i001089,256,additive,0.1,,excess_ce_H,0.1009493152629428,0.0971803638159838,-0.003768951446959
count_predictor,gain_K6_p22,gain_contrast,6,confirm_K6_i000915,confirm_K6_i001089,256,interpolated_backoff,0.1,1.0,shape_rmse,0.0581091484164009,0.0557353098639859,-0.0023738385524149
count_predictor,gain_K6_p22,gain_contrast,6,confirm_K6_i000915,confirm_K6_i001089,256,interpolated_backoff,0.1,1.0,excess_ce_H,0.0770833917058548,0.0739015023426723,-0.0031818893631825
count_predictor,gain_K6_p22,gain_contrast,6,confirm_K6_i000915,confirm_K6_i001089,256,interpolated_backoff,0.1,5.0,shape_rmse,0.0381684716505575,0.0362846188760954,-0.001883852774462
count_predictor,gain_K6_p22,gain_contrast,6,confirm_K6_i000915,confirm_K6_i001089,256,interpolated_backoff,0.1,5.0,excess_ce_H,0.0528866439879236,0.0498914326005774,-0.0029952113873462
count_predictor,gain_K6_p22,gain_contrast,6,confirm_K6_i000915,confirm_K6_i001089,256,interpolated_backoff,0.1,20.0,shape_rmse,0.0215638005229825,0.0196802095264025,-0.00188359099658
count_predictor,gain_K6_p22,gain_contrast,6,confirm_K6_i000915,confirm_K6_i001089,256,interpolated_backoff,0.1,20.0,excess_ce_H,0.0323886710801244,0.0291625438961073,-0.0032261271840171
count_predictor,gain_K6_p22,gain_contrast,6,confirm_K6_i000915,confirm_K6_i001089,256,additive,0.5,,shape_rmse,0.0498309127416951,0.047074385254088,-0.0027565274876071
count_predictor,gain_K6_p22,gain_contrast,6,confirm_K6_i000915,confirm_K6_i001089,256,additive,0.5,,excess_ce_H,0.066843195737815,0.0628547584858203,-0.0039884372519947
count_predictor,gain_K6_p22,gain_contrast,6,confirm_K6_i000915,confirm_K6_i001089,256,interpolated_backoff,0.5,1.0,shape_rmse,0.041964857526511,0.0394163114186852,-0.0025485461078258
count_predictor,gain_K6_p22,gain_contrast,6,confirm_K6_i000915,confirm_K6_i001089,256,interpolated_backoff,0.5,1.0,excess_ce_H,0.0573582073102272,0.0535636846051434,-0.0037945227050837
count_predictor,gain_K6_p22,gain_contrast,6,confirm_K6_i000915,confirm_K6_i001089,256,interpolated_backoff,0.5,5.0,shape_rmse,0.0312782810056192,0.0289255509310072,-0.0023527300746119
count_predictor,gain_K6_p22,gain_contrast,6,confirm_K6_i000915,confirm_K6_i001089,256,interpolated_backoff,0.5,5.0,excess_ce_H,0.0442998352054777,0.0405628176463301,-0.0037370175591475
count_predictor,gain_K6_p22,gain_contrast,6,confirm_K6_i000915,confirm_K6_i001089,256,interpolated_backoff,0.5,20.0,shape_rmse,0.0192913135523372,0.0171762695980801,-0.0021150439542571
count_predictor,gain_K6_p22,gain_contrast,6,confirm_K6_i000915,confirm_K6_i001089,256,interpolated_backoff,0.5,20.0,excess_ce_H,0.029423502169277,0.0258740534017809,-0.003549448767496
count_predictor,gain_K6_p22,gain_contrast,6,confirm_K6_i000915,confirm_K6_i001089,256,additive,1.0,,shape_rmse,0.0478286555047686,0.0454652825468023,-0.0023633729579662
count_predictor,gain_K6_p22,gain_contrast,6,confirm_K6_i000915,confirm_K6_i001089,256,additive,1.0,,excess_ce_H,0.0644886041868053,0.0607639256246776,-0.0037246785621277
count_predictor,gain_K6_p22,gain_contrast,6,confirm_K6_i000915,confirm_K6_i001089,256,interpolated_backoff,1.0,1.0,shape_rmse,0.0415862710778269,0.0392625147555357,-0.0023237563222911
count_predictor,gain_K6_p22,gain_contrast,6,confirm_K6_i000915,confirm_K6_i001089,256,interpolated_backoff,1.0,1.0,excess_ce_H,0.0569489076736711,0.053251316819767,-0.0036975908539041
count_predictor,gain_K6_p22,gain_contrast,6,confirm_K6_i000915,confirm_K6_i001089,256,interpolated_backoff,1.0,5.0,shape_rmse,0.0324659553841599,0.0301243234273321,-0.0023416319568278
count_predictor,gain_K6_p22,gain_contrast,6,confirm_K6_i000915,confirm_K6_i001089,256,interpolated_backoff,1.0,5.0,excess_ce_H,0.0457741148750119,0.0419439087860997,-0.0038302060889121
count_predictor,gain_K6_p22,gain_contrast,6,confirm_K6_i000915,confirm_K6_i001089,256,interpolated_backoff,1.0,20.0,shape_rmse,0.0209867143543922,0.0187175667417394,-0.0022691476126527
count_predictor,gain_K6_p22,gain_contrast,6,confirm_K6_i000915,confirm_K6_i001089,256,interpolated_backoff,1.0,20.0,excess_ce_H,0.0315111443539832,0.0277213126859583,-0.0037898316680249
count_predictor,gain_K6_p22,gain_contrast,6,confirm_K6_i000915,confirm_K6_i001089,512,additive,0.1,,shape_rmse,0.0452948132070799,0.0444937498722886,-0.0008010633347912
count_predictor,gain_K6_p22,gain_contrast,6,confirm_K6_i000915,confirm_K6_i001089,512,additive,0.1,,excess_ce_H,0.0588749526089744,0.0580790107380053,-0.000795941870969
count_predictor,gain_K6_p22,gain_contrast,6,confirm_K6_i000915,confirm_K6_i001089,512,interpolated_backoff,0.1,1.0,shape_rmse,0.035037660680605,0.0345276190919703,-0.0005100415886346
count_predictor,gain_K6_p22,gain_contrast,6,confirm_K6_i000915,confirm_K6_i001089,512,interpolated_backoff,0.1,1.0,excess_ce_H,0.0467776148999121,0.0460953361151499,-0.0006822787847622
count_predictor,gain_K6_p22,gain_contrast,6,confirm_K6_i000915,confirm_K6_i001089,512,interpolated_backoff,0.1,5.0,shape_rmse,0.0248112298784881,0.0240144554470816,-0.0007967744314064
count_predictor,gain_K6_p22,gain_contrast,6,confirm_K6_i000915,confirm_K6_i001089,512,interpolated_backoff,0.1,5.0,excess_ce_H,0.03460441286274,0.0333394458789821,-0.0012649669837579
count_predictor,gain_K6_p22,gain_contrast,6,confirm_K6_i000915,confirm_K6_i001089,512,interpolated_backoff,0.1,20.0,shape_rmse,0.015643795272868,0.0143980340571078,-0.0012457612157602
count_predictor,gain_K6_p22,gain_contrast,6,confirm_K6_i000915,confirm_K6_i001089,512,interpolated_backoff,0.1,20.0,excess_ce_H,0.0235248507981307,0.0214747604655967,-0.002050090332534
count_predictor,gain_K6_p22,gain_contrast,6,confirm_K6_i000915,confirm_K6_i001089,512,additive,0.5,,shape_rmse,0.0308605699339558,0.0291722237424652,-0.0016883461914905
count_predictor,gain_K6_p22,gain_contrast,6,confirm_K6_i000915,confirm_K6_i001089,512,additive,0.5,,excess_ce_H,0.0417871993342318,0.0393988599421422,-0.0023883393920896
count_predictor,gain_K6_p22,gain_contrast,6,confirm_K6_i000915,confirm_K6_i001089,512,interpolated_backoff,0.5,1.0,shape_rmse,0.0268307104250607,0.0251679042955278,-0.0016628061295328
count_predictor,gain_K6_p22,gain_contrast,6,confirm_K6_i000915,confirm_K6_i001089,512,interpolated_backoff,0.5,1.0,excess_ce_H,0.0370154318105233,0.0345890369482191,-0.0024263948623042
count_predictor,gain_K6_p22,gain_contrast,6,confirm_K6_i000915,confirm_K6_i001089,512,interpolated_backoff,0.5,5.0,shape_rmse,0.0211005697249061,0.0194688877774723,-0.0016316819474338
count_predictor,gain_K6_p22,gain_contrast,6,confirm_K6_i000915,confirm_K6_i001089,512,interpolated_backoff,0.5,5.0,excess_ce_H,0.0301456840711953,0.027640535235234,-0.0025051488359612
count_predictor,gain_K6_p22,gain_contrast,6,confirm_K6_i000915,confirm_K6_i001089,512,interpolated_backoff,0.5,20.0,shape_rmse,0.0141776996808673,0.0125810774969762,-0.0015966221838911
count_predictor,gain_K6_p22,gain_contrast,6,confirm_K6_i000915,confirm_K6_i001089,512,interpolated_backoff,0.5,20.0,excess_ce_H,0.0217293194085343,0.019123190480847,-0.0026061289276873
count_predictor,gain_K6_p22,gain_contrast,6,confirm_K6_i000915,confirm_K6_i001089,512,additive,1.0,,shape_rmse,0.0301522266694184,0.028431284609836,-0.0017209420595824
count_predictor,gain_K6_p22,gain_contrast,6,confirm_K6_i000915,confirm_K6_i001089,512,additive,1.0,,excess_ce_H,0.0410809496154769,0.0384389994551139,-0.0026419501603629
count_predictor,gain_K6_p22,gain_contrast,6,confirm_K6_i000915,confirm_K6_i001089,512,interpolated_backoff,1.0,1.0,shape_rmse,0.0269573743167039,0.0251788281765569,-0.0017785461401469
count_predictor,gain_K6_p22,gain_contrast,6,confirm_K6_i000915,confirm_K6_i001089,512,interpolated_backoff,1.0,1.0,excess_ce_H,0.0372832419423139,0.0345377649057248,-0.0027454770365891
count_predictor,gain_K6_p22,gain_contrast,6,confirm_K6_i000915,confirm_K6_i001089,512,interpolated_backoff,1.0,5.0,shape_rmse,0.0219528654866566,0.0201563971654574,-0.0017964683211991
count_predictor,gain_K6_p22,gain_contrast,6,confirm_K6_i000915,confirm_K6_i001089,512,interpolated_backoff,1.0,5.0,excess_ce_H,0.0312530882348436,0.028411670314721,-0.0028414179201226
count_predictor,gain_K6_p22,gain_contrast,6,confirm_K6_i000915,confirm_K6_i001089,512,interpolated_backoff,1.0,20.0,shape_rmse,0.0152064019806268,0.0134417871174087,-0.0017646148632181
count_predictor,gain_K6_p22,gain_contrast,6,confirm_K6_i000915,confirm_K6_i001089,512,interpolated_backoff,1.0,20.0,excess_ce_H,0.0230214085771975,0.0201196523829345,-0.002901756194263
count_predictor,gain_K6_p22,gain_contrast,6,confirm_K6_i000915,confirm_K6_i001089,1024,additive,0.1,,shape_rmse,0.0261486949113456,0.0253468124189303,-0.0008018824924152
count_predictor,gain_K6_p22,gain_contrast,6,confirm_K6_i000915,confirm_K6_i001089,1024,additive,0.1,,excess_ce_H,0.0349626212453975,0.0339751539236339,-0.0009874673217636
count_predictor,gain_K6_p22,gain_contrast,6,confirm_K6_i000915,confirm_K6_i001089,1024,interpolated_backoff,0.1,1.0,shape_rmse,0.0214115764371122,0.0206185289261164,-0.0007930475109957
count_predictor,gain_K6_p22,gain_contrast,6,confirm_K6_i000915,confirm_K6_i001089,1024,interpolated_backoff,0.1,1.0,excess_ce_H,0.0293603048013548,0.0282397251551203,-0.0011205796462345
count_predictor,gain_K6_p22,gain_contrast,6,confirm_K6_i000915,confirm_K6_i001089,1024,interpolated_backoff,0.1,5.0,shape_rmse,0.016387352230701,0.0149938148171045,-0.0013935374135965
count_predictor,gain_K6_p22,gain_contrast,6,confirm_K6_i000915,confirm_K6_i001089,1024,interpolated_backoff,0.1,5.0,excess_ce_H,0.0233635079962089,0.0214125158853817,-0.0019509921108272
count_predictor,gain_K6_p22,gain_contrast,6,confirm_K6_i000915,confirm_K6_i001089,1024,interpolated_backoff,0.1,20.0,shape_rmse,0.0113283988779179,0.0097064624348712,-0.0016219364430466
count_predictor,gain_K6_p22,gain_contrast,6,confirm_K6_i000915,confirm_K6_i001089,1024,interpolated_backoff,0.1,20.0,excess_ce_H,0.0172750835663781,0.0149425176977024,-0.0023325658686757
count_predictor,gain_K6_p22,gain_contrast,6,confirm_K6_i000915,confirm_K6_i001089,1024,additive,0.5,,shape_rmse,0.01882955613792,0.0175978864854621,-0.0012316696524578
count_predictor,gain_K6_p22,gain_contrast,6,confirm_K6_i000915,confirm_K6_i001089,1024,additive,0.5,,excess_ce_H,0.0262469527613722,0.0244580939848868,-0.0017888587764853
count_predictor,gain_K6_p22,gain_contrast,6,confirm_K6_i000915,confirm_K6_i001089,1024,interpolated_backoff,0.5,1.0,shape_rmse,0.0169245344640029,0.0156287019860495,-0.0012958324779533
count_predictor,gain_K6_p22,gain_contrast,6,confirm_K6_i000915,confirm_K6_i001089,1024,interpolated_backoff,0.5,1.0,excess_ce_H,0.023991185199774,0.0220882889669131,-0.0019028962328609
count_predictor,gain_K6_p22,gain_contrast,6,confirm_K6_i000915,confirm_K6_i001089,1024,interpolated_backoff,0.5,5.0,shape_rmse,0.0139855965006276,0.0125269268562886,-0.0014586696443389
count_predictor,gain_K6_p22,gain_contrast,6,confirm_K6_i000915,confirm_K6_i001089,1024,interpolated_backoff,0.5,5.0,excess_ce_H,0.0204770623870724,0.0183294317606133,-0.002147630626459
count_predictor,gain_K6_p22,gain_contrast,6,confirm_K6_i000915,confirm_K6_i001089,1024,interpolated_backoff,0.5,20.0,shape_rmse,0.0101344792471231,0.0086622713716638,-0.0014722078754593
count_predictor,gain_K6_p22,gain_contrast,6,confirm_K6_i000915,confirm_K6_i001089,1024,interpolated_backoff,0.5,20.0,excess_ce_H,0.0158350385728607,0.0136083998460285,-0.0022266387268322
count_predictor,gain_K6_p22,gain_contrast,6,confirm_K6_i000915,confirm_K6_i001089,1024,additive,1.0,,shape_rmse,0.0185948740229527,0.0173281021911356,-0.0012667718318171
count_predictor,gain_K6_p22,gain_contrast,6,confirm_K6_i000915,confirm_K6_i001089,1024,additive,1.0,,excess_ce_H,0.0260149465175105,0.0240683946842605,-0.00194655183325
count_predictor,gain_K6_p22,gain_contrast,6,confirm_K6_i000915,confirm_K6_i001089,1024,interpolated_backoff,1.0,1.0,shape_rmse,0.017046539940424,0.0156714174052871,-0.0013751225351368
count_predictor,gain_K6_p22,gain_contrast,6,confirm_K6_i000915,confirm_K6_i001089,1024,interpolated_backoff,1.0,1.0,excess_ce_H,0.0241806356593408,0.0220863674962037,-0.0020942681631371
count_predictor,gain_K6_p22,gain_contrast,6,confirm_K6_i000915,confirm_K6_i001089,1024,interpolated_backoff,1.0,5.0,shape_rmse,0.0144121755972695,0.0129512543147639,-0.0014609212825056
count_predictor,gain_K6_p22,gain_contrast,6,confirm_K6_i000915,confirm_K6_i001089,1024,interpolated_backoff,1.0,5.0,excess_ce_H,0.0210271335232778,0.0187983453545199,-0.0022287881687578
count_predictor,gain_K6_p22,gain_contrast,6,confirm_K6_i000915,confirm_K6_i001089,1024,interpolated_backoff,1.0,20.0,shape_rmse,0.0105991100433065,0.0091837222553839,-0.0014153877879225
count_predictor,gain_K6_p22,gain_contrast,6,confirm_K6_i000915,confirm_K6_i001089,1024,interpolated_backoff,1.0,20.0,excess_ce_H,0.0164260143510355,0.0142063223871811,-0.0022196919638543
count_predictor,gain_K6_p22,gain_contrast,6,confirm_K6_i000915,confirm_K6_i001089,2048,additive,0.1,,shape_rmse,0.0147166260249524,0.0152773696310563,0.0005607436061039
count_predictor,gain_K6_p22,gain_contrast,6,confirm_K6_i000915,confirm_K6_i001089,2048,additive,0.1,,excess_ce_H,0.0208640203718444,0.0214727675507648,0.0006087471789203
count_predictor,gain_K6_p22,gain_contrast,6,confirm_K6_i000915,confirm_K6_i001089,2048,interpolated_backoff,0.1,1.0,shape_rmse,0.0126101039587894,0.0126740509492704,6.394699048099979e-05
count_predictor,gain_K6_p22,gain_contrast,6,confirm_K6_i000915,confirm_K6_i001089,2048,interpolated_backoff,0.1,1.0,excess_ce_H,0.018393668784314,0.0183551877859711,-3.848099834290186e-05
count_predictor,gain_K6_p22,gain_contrast,6,confirm_K6_i000915,confirm_K6_i001089,2048,interpolated_backoff,0.1,5.0,shape_rmse,0.0102287400543933,0.0097477639459206,-0.0004809761084727
count_predictor,gain_K6_p22,gain_contrast,6,confirm_K6_i000915,confirm_K6_i001089,2048,interpolated_backoff,0.1,5.0,excess_ce_H,0.0155752557630615,0.0148389410797324,-0.0007363146833291
count_predictor,gain_K6_p22,gain_contrast,6,confirm_K6_i000915,confirm_K6_i001089,2048,interpolated_backoff,0.1,20.0,shape_rmse,0.0077195389854637,0.0068317875226369,-0.0008877514628268
count_predictor,gain_K6_p22,gain_contrast,6,confirm_K6_i000915,confirm_K6_i001089,2048,interpolated_backoff,0.1,20.0,excess_ce_H,0.0125779406366062,0.0113220481118454,-0.0012558925247607
count_predictor,gain_K6_p22,gain_contrast,6,confirm_K6_i000915,confirm_K6_i001089,2048,additive,0.5,,shape_rmse,0.0109948823836227,0.0107986030919782,-0.0001962792916445
count_predictor,gain_K6_p22,gain_contrast,6,confirm_K6_i000915,confirm_K6_i001089,2048,additive,0.5,,excess_ce_H,0.0164661191492414,0.0160701419973625,-0.0003959771518788
count_predictor,gain_K6_p22,gain_contrast,6,confirm_K6_i000915,confirm_K6_i001089,2048,interpolated_backoff,0.5,1.0,shape_rmse,0.0101671264032228,0.0097516450549889,-0.0004154813482338
count_predictor,gain_K6_p22,gain_contrast,6,confirm_K6_i000915,confirm_K6_i001089,2048,interpolated_backoff,0.5,1.0,excess_ce_H,0.0154925781819286,0.014820654359221,-0.0006719238227076
count_predictor,gain_K6_p22,gain_contrast,6,confirm_K6_i000915,confirm_K6_i001089,2048,interpolated_backoff,0.5,5.0,shape_rmse,0.0087835829428034,0.0082089643425925,-0.0005746186002108
count_predictor,gain_K6_p22,gain_contrast,6,confirm_K6_i000915,confirm_K6_i001089,2048,interpolated_backoff,0.5,5.0,excess_ce_H,0.0138501654178631,0.0129611324744627,-0.0008890329434003
count_predictor,gain_K6_p22,gain_contrast,6,confirm_K6_i000915,confirm_K6_i001089,2048,interpolated_backoff,0.5,20.0,shape_rmse,0.0068872548458858,0.0061437480634586,-0.0007435067824272
count_predictor,gain_K6_p22,gain_contrast,6,confirm_K6_i000915,confirm_K6_i001089,2048,interpolated_backoff,0.5,20.0,excess_ce_H,0.0115802918437222,0.0104622123159057,-0.0011180795278164
count_predictor,gain_K6_p22,gain_contrast,6,confirm_K6_i000915,confirm_K6_i001089,2048,additive,1.0,,shape_rmse,0.0108885051739151,0.010521777228733,-0.0003667279451821
count_predictor,gain_K6_p22,gain_contrast,6,confirm_K6_i000915,confirm_K6_i001089,2048,additive,1.0,,excess_ce_H,0.0163634984271983,0.0157209017482593,-0.000642596678939
count_predictor,gain_K6_p22,gain_contrast,6,confirm_K6_i000915,confirm_K6_i001089,2048,interpolated_backoff,1.0,1.0,shape_rmse,0.0102016128964606,0.0096686258980457,-0.0005329869984149
count_predictor,gain_K6_p22,gain_contrast,6,confirm_K6_i000915,confirm_K6_i001089,2048,interpolated_backoff,1.0,1.0,excess_ce_H,0.0155549417303593,0.0147059698467031,-0.0008489718836562
count_predictor,gain_K6_p22,gain_contrast,6,confirm_K6_i000915,confirm_K6_i001089,2048,interpolated_backoff,1.0,5.0,shape_rmse,0.008945441608771,0.0083179350323798,-0.0006275065763912
count_predictor,gain_K6_p22,gain_contrast,6,confirm_K6_i000915,confirm_K6_i001089,2048,interpolated_backoff,1.0,5.0,excess_ce_H,0.0140621158210436,0.0130807515168189,-0.0009813643042246
count_predictor,gain_K6_p22,gain_contrast,6,confirm_K6_i000915,confirm_K6_i001089,2048,interpolated_backoff,1.0,20.0,shape_rmse,0.0070504153115601,0.0063438305581787,-0.0007065847533813
count_predictor,gain_K6_p22,gain_contrast,6,confirm_K6_i000915,confirm_K6_i001089,2048,interpolated_backoff,1.0,20.0,excess_ce_H,0.0117917811517278,0.0106921650991866,-0.0010996160525412
count_predictor,gain_K6_p23,gain_contrast,6,confirm_K6_i000210,confirm_K6_i000442,64,additive,0.1,,shape_rmse,0.2887875714483789,0.2992354172013576,0.0104478457529786
count_predictor,gain_K6_p23,gain_contrast,6,confirm_K6_i000210,confirm_K6_i000442,64,additive,0.1,,excess_ce_H,0.3685152114521381,0.378483055422965,0.0099678439708268
count_predictor,gain_K6_p23,gain_contrast,6,confirm_K6_i000210,confirm_K6_i000442,64,interpolated_backoff,0.1,1.0,shape_rmse,0.1884832616095736,0.1973810704390962,0.0088978088295225
count_predictor,gain_K6_p23,gain_contrast,6,confirm_K6_i000210,confirm_K6_i000442,64,interpolated_backoff,0.1,1.0,excess_ce_H,0.2457820485478017,0.2535474437856115,0.0077653952378098
count_predictor,gain_K6_p23,gain_contrast,6,confirm_K6_i000210,confirm_K6_i000442,64,interpolated_backoff,0.1,5.0,shape_rmse,0.0985928028532218,0.0993475650836143,0.0007547622303924
count_predictor,gain_K6_p23,gain_contrast,6,confirm_K6_i000210,confirm_K6_i000442,64,interpolated_backoff,0.1,5.0,excess_ce_H,0.133105315812162,0.1312992639680419,-0.0018060518441201
count_predictor,gain_K6_p23,gain_contrast,6,confirm_K6_i000210,confirm_K6_i000442,64,interpolated_backoff,0.1,20.0,shape_rmse,0.0402160866835901,0.0382973568368373,-0.0019187298467528
count_predictor,gain_K6_p23,gain_contrast,6,confirm_K6_i000210,confirm_K6_i000442,64,interpolated_backoff,0.1,20.0,excess_ce_H,0.0574589329246941,0.0526143902908262,-0.0048445426338679
count_predictor,gain_K6_p23,gain_contrast,6,confirm_K6_i000210,confirm_K6_i000442,64,additive,0.5,,shape_rmse,0.1268769987494526,0.1293824721720842,0.0025054734226316
count_predictor,gain_K6_p23,gain_contrast,6,confirm_K6_i000210,confirm_K6_i000442,64,additive,0.5,,excess_ce_H,0.1673109906307799,0.1682317970718703,0.0009208064410904
count_predictor,gain_K6_p23,gain_contrast,6,confirm_K6_i000210,confirm_K6_i000442,64,interpolated_backoff,0.5,1.0,shape_rmse,0.0941698126478847,0.0989601843177303,0.0047903716698455
count_predictor,gain_K6_p23,gain_contrast,6,confirm_K6_i000210,confirm_K6_i000442,64,interpolated_backoff,0.5,1.0,excess_ce_H,0.1271446477498168,0.1306831194369921,0.0035384716871753
count_predictor,gain_K6_p23,gain_contrast,6,confirm_K6_i000210,confirm_K6_i000442,64,interpolated_backoff,0.5,5.0,shape_rmse,0.058030605835808,0.0592521797371129,0.0012215739013049
count_predictor,gain_K6_p23,gain_contrast,6,confirm_K6_i000210,confirm_K6_i000442,64,interpolated_backoff,0.5,5.0,excess_ce_H,0.0812344522437515,0.080434023875938,-0.0008004283678135
count_predictor,gain_K6_p23,gain_contrast,6,confirm_K6_i000210,confirm_K6_i000442,64,interpolated_backoff,0.5,20.0,shape_rmse,0.028110061270248,0.0267456202387357,-0.0013644410315123
count_predictor,gain_K6_p23,gain_contrast,6,confirm_K6_i000210,confirm_K6_i000442,64,interpolated_backoff,0.5,20.0,excess_ce_H,0.0415820767779151,0.0375772428210849,-0.0040048339568302
count_predictor,gain_K6_p23,gain_contrast,6,confirm_K6_i000210,confirm_K6_i000442,64,additive,1.0,,shape_rmse,0.0993183368234378,0.0990830593905625,-0.0002352774328752
count_predictor,gain_K6_p23,gain_contrast,6,confirm_K6_i000210,confirm_K6_i000442,64,additive,1.0,,excess_ce_H,0.1319231809617076,0.1297830156430004,-0.0021401653187071
count_predictor,gain_K6_p23,gain_contrast,6,confirm_K6_i000210,confirm_K6_i000442,64,interpolated_backoff,1.0,1.0,shape_rmse,0.0752157012679051,0.077880744991746,0.0026650437238409
count_predictor,gain_K6_p23,gain_contrast,6,confirm_K6_i000210,confirm_K6_i000442,64,interpolated_backoff,1.0,1.0,excess_ce_H,0.1023575987403915,0.1036428977868104,0.0012852990464189
count_predictor,gain_K6_p23,gain_contrast,6,confirm_K6_i000210,confirm_K6_i000442,64,interpolated_backoff,1.0,5.0,shape_rmse,0.0482549725920479,0.0495745947302181,0.0013196221381702
count_predictor,gain_K6_p23,gain_contrast,6,confirm_K6_i000210,confirm_K6_i000442,64,interpolated_backoff,1.0,5.0,excess_ce_H,0.0680959953197062,0.067708481939178,-0.0003875133805281
count_predictor,gain_K6_p23,gain_contrast,6,confirm_K6_i000210,confirm_K6_i000442,64,interpolated_backoff,1.0,20.0,shape_rmse,0.0244217183168037,0.0238435662230472,-0.0005781520937565
count_predictor,gain_K6_p23,gain_contrast,6,confirm_K6_i000210,confirm_K6_i000442,64,interpolated_backoff,1.0,20.0,excess_ce_H,0.0364696438399305,0.033620245795406,-0.0028493980445245
count_predictor,gain_K6_p23,gain_contrast,6,confirm_K6_i000210,confirm_K6_i000442,128,additive,0.1,,shape_rmse,0.2281975827999673,0.2128640931755444,-0.0153334896244229
count_predictor,gain_K6_p23,gain_contrast,6,confirm_K6_i000210,confirm_K6_i000442,128,additive,0.1,,excess_ce_H,0.2818537039768107,0.2599807338607549,-0.0218729701160558
count_predictor,gain_K6_p23,gain_contrast,6,confirm_K6_i000210,confirm_K6_i000442,128,interpolated_backoff,0.1,1.0,shape_rmse,0.1574845474264171,0.1482202531228451,-0.009264294303572
count_predictor,gain_K6_p23,gain_contrast,6,confirm_K6_i000210,confirm_K6_i000442,128,interpolated_backoff,0.1,1.0,excess_ce_H,0.1974727489332337,0.1825540275567654,-0.0149187213764682
count_predictor,gain_K6_p23,gain_contrast,6,confirm_K6_i000210,confirm_K6_i000442,128,interpolated_backoff,0.1,5.0,shape_rmse,0.0879665023845157,0.0818968545895595,-0.0060696477949561
count_predictor,gain_K6_p23,gain_contrast,6,confirm_K6_i000210,confirm_K6_i000442,128,interpolated_backoff,0.1,5.0,excess_ce_H,0.1131849163658296,0.102042682992389,-0.0111422333734406
count_predictor,gain_K6_p23,gain_contrast,6,confirm_K6_i000210,confirm_K6_i000442,128,interpolated_backoff,0.1,20.0,shape_rmse,0.038804730174012,0.0346407328575488,-0.0041639973164631
count_predictor,gain_K6_p23,gain_contrast,6,confirm_K6_i000210,confirm_K6_i000442,128,interpolated_backoff,0.1,20.0,excess_ce_H,0.0521006120029097,0.0433650778438974,-0.0087355341590123
count_predictor,gain_K6_p23,gain_contrast,6,confirm_K6_i000210,confirm_K6_i000442,128,additive,0.5,,shape_rmse,0.106885532814614,0.1014846850719204,-0.0054008477426936
count_predictor,gain_K6_p23,gain_contrast,6,confirm_K6_i000210,confirm_K6_i000442,128,additive,0.5,,excess_ce_H,0.1355695833765227,0.1255062131220206,-0.0100633702545021
count_predictor,gain_K6_p23,gain_contrast,6,confirm_K6_i000210,confirm_K6_i000442,128,interpolated_backoff,0.5,1.0,shape_rmse,0.0852136630856377,0.0822081527653841,-0.0030055103202536
count_predictor,gain_K6_p23,gain_contrast,6,confirm_K6_i000210,confirm_K6_i000442,128,interpolated_backoff,0.5,1.0,excess_ce_H,0.1095829342796059,0.1023004992546394,-0.0072824350249665
count_predictor,gain_K6_p23,gain_contrast,6,confirm_K6_i000210,confirm_K6_i000442,128,interpolated_backoff,0.5,5.0,shape_rmse,0.0562346655155162,0.0536010576527948,-0.0026336078627214
count_predictor,gain_K6_p23,gain_contrast,6,confirm_K6_i000210,confirm_K6_i000442,128,interpolated_backoff,0.5,5.0,excess_ce_H,0.0741083271683926,0.0672549323037254,-0.0068533948646671
count_predictor,gain_K6_p23,gain_contrast,6,confirm_K6_i000210,confirm_K6_i000442,128,interpolated_backoff,0.5,20.0,shape_rmse,0.02905721129065,0.0262213519427231,-0.0028358593479268
count_predictor,gain_K6_p23,gain_contrast,6,confirm_K6_i000210,confirm_K6_i000442,128,interpolated_backoff,0.5,20.0,excess_ce_H,0.0398484045639668,0.0328145682546143,-0.0070338363093525
count_predictor,gain_K6_p23,gain_contrast,6,confirm_K6_i000210,confirm_K6_i000442,128,additive,1.0,,shape_rmse,0.0829611316953915,0.0793703912312513,-0.0035907404641402
count_predictor,gain_K6_p23,gain_contrast,6,confirm_K6_i000210,confirm_K6_i000442,128,additive,1.0,,excess_ce_H,0.1061245329288804,0.0983815272861885,-0.0077430056426918
count_predictor,gain_K6_p23,gain_contrast,6,confirm_K6_i000210,confirm_K6_i000442,128,interpolated_backoff,1.0,1.0,shape_rmse,0.0678570540386736,0.0662994297689846,-0.001557624269689
count_predictor,gain_K6_p23,gain_contrast,6,confirm_K6_i000210,confirm_K6_i000442,128,interpolated_backoff,1.0,1.0,excess_ce_H,0.0879916132587339,0.0826358375340565,-0.0053557757246774
count_predictor,gain_K6_p23,gain_contrast,6,confirm_K6_i000210,confirm_K6_i000442,128,interpolated_backoff,1.0,5.0,shape_rmse,0.0467816778421143,0.0456477786702758,-0.0011338991718385
count_predictor,gain_K6_p23,gain_contrast,6,confirm_K6_i000210,confirm_K6_i000442,128,interpolated_backoff,1.0,5.0,excess_ce_H,0.0621301854460343,0.0572802778432679,-0.0048499076027664
count_predictor,gain_K6_p23,gain_contrast,6,confirm_K6_i000210,confirm_K6_i000442,128,interpolated_backoff,1.0,20.0,shape_rmse,0.0254109970885939,0.0237182251236526,-0.0016927719649412
count_predictor,gain_K6_p23,gain_contrast,6,confirm_K6_i000210,confirm_K6_i000442,128,interpolated_backoff,1.0,20.0,excess_ce_H,0.0351070004868527,0.0296065461165493,-0.0055004543703034
count_predictor,gain_K6_p23,gain_contrast,6,confirm_K6_i000210,confirm_K6_i000442,256,additive,0.1,,shape_rmse,0.1484500146031825,0.1313430405968706,-0.0171069740063118
count_predictor,gain_K6_p23,gain_contrast,6,confirm_K6_i000210,confirm_K6_i000442,256,additive,0.1,,excess_ce_H,0.18053648596193,0.1563190719479346,-0.0242174140139954
count_predictor,gain_K6_p23,gain_contrast,6,confirm_K6_i000210,confirm_K6_i000442,256,interpolated_backoff,0.1,1.0,shape_rmse,0.1103283761097952,0.0964628462294501,-0.0138655298803451
count_predictor,gain_K6_p23,gain_contrast,6,confirm_K6_i000210,confirm_K6_i000442,256,interpolated_backoff,0.1,1.0,excess_ce_H,0.1355108278924783,0.115195661970008,-0.0203151659224703
count_predictor,gain_K6_p23,gain_contrast,6,confirm_K6_i000210,confirm_K6_i000442,256,interpolated_backoff,0.1,5.0,shape_rmse,0.0684688440028738,0.0582062773192389,-0.0102625666836349
count_predictor,gain_K6_p23,gain_contrast,6,confirm_K6_i000210,confirm_K6_i000442,256,interpolated_backoff,0.1,5.0,excess_ce_H,0.0854479686912128,0.0695950149574309,-0.0158529537337819
count_predictor,gain_K6_p23,gain_contrast,6,confirm_K6_i000210,confirm_K6_i000442,256,interpolated_backoff,0.1,20.0,shape_rmse,0.0344917255557635,0.0273194209240319,-0.0071723046317315
count_predictor,gain_K6_p23,gain_contrast,6,confirm_K6_i000210,confirm_K6_i000442,256,interpolated_backoff,0.1,20.0,excess_ce_H,0.0440495089660932,0.0320331456401918,-0.0120163633259013
count_predictor,gain_K6_p23,gain_contrast,6,confirm_K6_i000210,confirm_K6_i000442,256,additive,0.5,,shape_rmse,0.0771650360251354,0.0684372779758166,-0.0087277580493188
count_predictor,gain_K6_p23,gain_contrast,6,confirm_K6_i000210,confirm_K6_i000442,256,additive,0.5,,excess_ce_H,0.0954962772094563,0.0816910625116535,-0.0138052146978027
count_predictor,gain_K6_p23,gain_contrast,6,confirm_K6_i000210,confirm_K6_i000442,256,interpolated_backoff,0.5,1.0,shape_rmse,0.0654584999832053,0.0580169750820201,-0.0074415249011852
count_predictor,gain_K6_p23,gain_contrast,6,confirm_K6_i000210,confirm_K6_i000442,256,interpolated_backoff,0.5,1.0,excess_ce_H,0.0816147280488683,0.0693176293954349,-0.0122970986534333
count_predictor,gain_K6_p23,gain_contrast,6,confirm_K6_i000210,confirm_K6_i000442,256,interpolated_backoff,0.5,5.0,shape_rmse,0.0473294129153199,0.0408963827351687,-0.0064330301801511
count_predictor,gain_K6_p23,gain_contrast,6,confirm_K6_i000210,confirm_K6_i000442,256,interpolated_backoff,0.5,5.0,excess_ce_H,0.0597960742047625,0.0487334624072544,-0.0110626117975081
count_predictor,gain_K6_p23,gain_contrast,6,confirm_K6_i000210,confirm_K6_i000442,256,interpolated_backoff,0.5,20.0,shape_rmse,0.0274100726181397,0.0219102145610547,-0.005499858057085
count_predictor,gain_K6_p23,gain_contrast,6,confirm_K6_i000210,confirm_K6_i000442,256,interpolated_backoff,0.5,20.0,excess_ce_H,0.0353157942263548,0.0254078188646191,-0.0099079753617357
count_predictor,gain_K6_p23,gain_contrast,6,confirm_K6_i000210,confirm_K6_i000442,256,additive,1.0,,shape_rmse,0.0615608709951708,0.0548913165298768,-0.0066695544652939
count_predictor,gain_K6_p23,gain_contrast,6,confirm_K6_i000210,confirm_K6_i000442,256,additive,1.0,,excess_ce_H,0.0765424199050974,0.0654347383634985,-0.0111076815415988
count_predictor,gain_K6_p23,gain_contrast,6,confirm_K6_i000210,confirm_K6_i000442,256,interpolated_backoff,1.0,1.0,shape_rmse,0.053440352038286,0.0480309769741868,-0.0054093750640992
count_predictor,gain_K6_p23,gain_contrast,6,confirm_K6_i000210,confirm_K6_i000442,256,interpolated_backoff,1.0,1.0,excess_ce_H,0.0669057950091682,0.0572598720948041,-0.0096459229143641
count_predictor,gain_K6_p23,gain_contrast,6,confirm_K6_i000210,confirm_K6_i000442,256,interpolated_backoff,1.0,5.0,shape_rmse,0.0401963697569407,0.0356410429190261,-0.0045553268379145
count_predictor,gain_K6_p23,gain_contrast,6,confirm_K6_i000210,confirm_K6_i000442,256,interpolated_backoff,1.0,5.0,excess_ce_H,0.0509454053868123,0.0423095776873565,-0.0086358276994557
count_predictor,gain_K6_p23,gain_contrast,6,confirm_K6_i000210,confirm_K6_i000442,256,interpolated_backoff,1.0,20.0,shape_rmse,0.024385845721087,0.0202184111116355,-0.0041674346094514
count_predictor,gain_K6_p23,gain_contrast,6,confirm_K6_i000210,confirm_K6_i000442,256,interpolated_backoff,1.0,20.0,excess_ce_H,0.0314862263617934,0.0233014401073319,-0.0081847862544615
count_predictor,gain_K6_p23,gain_contrast,6,confirm_K6_i000210,confirm_K6_i000442,512,additive,0.1,,shape_rmse,0.0905815049673538,0.0780045409059267,-0.012576964061427
count_predictor,gain_K6_p23,gain_contrast,6,confirm_K6_i000210,confirm_K6_i000442,512,additive,0.1,,excess_ce_H,0.1081454708790032,0.0903335161264258,-0.0178119547525773
count_predictor,gain_K6_p23,gain_contrast,6,confirm_K6_i000210,confirm_K6_i000442,512,interpolated_backoff,0.1,1.0,shape_rmse,0.0701457111868828,0.0612488638517696,-0.0088968473351132
count_predictor,gain_K6_p23,gain_contrast,6,confirm_K6_i000210,confirm_K6_i000442,512,interpolated_backoff,0.1,1.0,excess_ce_H,0.0843155828349775,0.0707397583190088,-0.0135758245159686
count_predictor,gain_K6_p23,gain_contrast,6,confirm_K6_i000210,confirm_K6_i000442,512,interpolated_backoff,0.1,5.0,shape_rmse,0.0459232340450663,0.0408134828075818,-0.0051097512374845
count_predictor,gain_K6_p23,gain_contrast,6,confirm_K6_i000210,confirm_K6_i000442,512,interpolated_backoff,0.1,5.0,excess_ce_H,0.0558558513351374,0.0466465343543802,-0.0092093169807572
count_predictor,gain_K6_p23,gain_contrast,6,confirm_K6_i000210,confirm_K6_i000442,512,interpolated_backoff,0.1,20.0,shape_rmse,0.0248246557470875,0.0222434900869195,-0.002581165660168
count_predictor,gain_K6_p23,gain_contrast,6,confirm_K6_i000210,confirm_K6_i000442,512,interpolated_backoff,0.1,20.0,excess_ce_H,0.0306759948449819,0.0243982019283404,-0.0062777929166415
count_predictor,gain_K6_p23,gain_contrast,6,confirm_K6_i000210,confirm_K6_i000442,512,additive,0.5,,shape_rmse,0.0501747664211798,0.0451949423393747,-0.0049798240818051
count_predictor,gain_K6_p23,gain_contrast,6,confirm_K6_i000210,confirm_K6_i000442,512,additive,0.5,,excess_ce_H,0.0607440236431855,0.0517353171434926,-0.0090087064996928
count_predictor,gain_K6_p23,gain_contrast,6,confirm_K6_i000210,confirm_K6_i000442,512,interpolated_backoff,0.5,1.0,shape_rmse,0.0439629948845647,0.0401379960452765,-0.0038249988392881
count_predictor,gain_K6_p23,gain_contrast,6,confirm_K6_i000210,confirm_K6_i000442,512,interpolated_backoff,0.5,1.0,excess_ce_H,0.0534626244569806,0.0457875167822192,-0.0076751076747614
count_predictor,gain_K6_p23,gain_contrast,6,confirm_K6_i000210,confirm_K6_i000442,512,interpolated_backoff,0.5,5.0,shape_rmse,0.0332040499935074,0.0306455387126978,-0.0025585112808096
count_predictor,gain_K6_p23,gain_contrast,6,confirm_K6_i000210,confirm_K6_i000442,512,interpolated_backoff,0.5,5.0,excess_ce_H,0.0407370029837843,0.0345235754879187,-0.0062134274958655
count_predictor,gain_K6_p23,gain_contrast,6,confirm_K6_i000210,confirm_K6_i000442,512,interpolated_backoff,0.5,20.0,shape_rmse,0.0203626165628705,0.0186791719887737,-0.0016834445740968
count_predictor,gain_K6_p23,gain_contrast,6,confirm_K6_i000210,confirm_K6_i000442,512,interpolated_backoff,0.5,20.0,excess_ce_H,0.0252871224236883,0.0200900117985451,-0.0051971106251431
count_predictor,gain_K6_p23,gain_contrast,6,confirm_K6_i000210,confirm_K6_i000442,512,additive,1.0,,shape_rmse,0.040218909612046,0.0373251755200073,-0.0028937340920386
count_predictor,gain_K6_p23,gain_contrast,6,confirm_K6_i000210,confirm_K6_i000442,512,additive,1.0,,excess_ce_H,0.0489148692942404,0.0424051867157835,-0.0065096825784569
count_predictor,gain_K6_p23,gain_contrast,6,confirm_K6_i000210,confirm_K6_i000442,512,interpolated_backoff,1.0,1.0,shape_rmse,0.0360605910766677,0.0340056542765394,-0.0020549368001283
count_predictor,gain_K6_p23,gain_contrast,6,confirm_K6_i000210,confirm_K6_i000442,512,interpolated_backoff,1.0,1.0,excess_ce_H,0.0440288607900007,0.038487768242591,-0.0055410925474096
count_predictor,gain_K6_p23,gain_contrast,6,confirm_K6_i000210,confirm_K6_i000442,512,interpolated_backoff,1.0,5.0,shape_rmse,0.0283675198985959,0.0271205268209205,-0.0012469930776753
count_predictor,gain_K6_p23,gain_contrast,6,confirm_K6_i000210,confirm_K6_i000442,512,interpolated_backoff,1.0,5.0,excess_ce_H,0.0349002672128093,0.0302876789263257,-0.0046125882864835
count_predictor,gain_K6_p23,gain_contrast,6,confirm_K6_i000210,confirm_K6_i000442,512,interpolated_backoff,1.0,20.0,shape_rmse,0.0182714685051423,0.0173382223626599,-0.0009332461424823
count_predictor,gain_K6_p23,gain_contrast,6,confirm_K6_i000210,confirm_K6_i000442,512,interpolated_backoff,1.0,20.0,excess_ce_H,0.0227109579025717,0.0184516793325075,-0.0042592785700641
count_predictor,gain_K6_p23,gain_contrast,6,confirm_K6_i000210,confirm_K6_i000442,1024,additive,0.1,,shape_rmse,0.0511153510803489,0.0430932523500109,-0.0080220987303379
count_predictor,gain_K6_p23,gain_contrast,6,confirm_K6_i000210,confirm_K6_i000442,1024,additive,0.1,,excess_ce_H,0.0602969163539692,0.0478123300168633,-0.0124845863371058
count_predictor,gain_K6_p23,gain_contrast,6,confirm_K6_i000210,confirm_K6_i000442,1024,interpolated_backoff,0.1,1.0,shape_rmse,0.0420779164261491,0.0363581434283476,-0.0057197729978014
count_predictor,gain_K6_p23,gain_contrast,6,confirm_K6_i000210,confirm_K6_i000442,1024,interpolated_backoff,0.1,1.0,excess_ce_H,0.0498110731772099,0.0399906989173022,-0.0098203742599077
count_predictor,gain_K6_p23,gain_contrast,6,confirm_K6_i000210,confirm_K6_i000442,1024,interpolated_backoff,0.1,5.0,shape_rmse,0.0300515970227641,0.0270277712108344,-0.0030238258119296
count_predictor,gain_K6_p23,gain_contrast,6,confirm_K6_i000210,confirm_K6_i000442,1024,interpolated_backoff,0.1,5.0,excess_ce_H,0.0357922685397074,0.0290912049611993,-0.006701063578508
count_predictor,gain_K6_p23,gain_contrast,6,confirm_K6_i000210,confirm_K6_i000442,1024,interpolated_backoff,0.1,20.0,shape_rmse,0.0182364809251536,0.0169745244045718,-0.0012619565205817
count_predictor,gain_K6_p23,gain_contrast,6,confirm_K6_i000210,confirm_K6_i000442,1024,interpolated_backoff,0.1,20.0,excess_ce_H,0.0218667952751601,0.0172150493738019,-0.0046517459013582
count_predictor,gain_K6_p23,gain_contrast,6,confirm_K6_i000210,confirm_K6_i000442,1024,additive,0.5,,shape_rmse,0.0317168209304166,0.0282815105723092,-0.0034353103581073
count_predictor,gain_K6_p23,gain_contrast,6,confirm_K6_i000210,confirm_K6_i000442,1024,additive,0.5,,excess_ce_H,0.0376948655209594,0.0305489992021819,-0.0071458663187775
count_predictor,gain_K6_p23,gain_contrast,6,confirm_K6_i000210,confirm_K6_i000442,1024,interpolated_backoff,0.5,1.0,shape_rmse,0.0288349192859122,0.0261153454157155,-0.0027195738701967
count_predictor,gain_K6_p23,gain_contrast,6,confirm_K6_i000210,confirm_K6_i000442,1024,interpolated_backoff,0.5,1.0,excess_ce_H,0.0343379797837759,0.0280178473343546,-0.0063201324494213
count_predictor,gain_K6_p23,gain_contrast,6,confirm_K6_i000210,confirm_K6_i000442,1024,interpolated_backoff,0.5,5.0,shape_rmse,0.0232135547586612,0.021550696553636,-0.0016628582050252
count_predictor,gain_K6_p23,gain_contrast,6,confirm_K6_i000210,confirm_K6_i000442,1024,interpolated_backoff,0.5,5.0,excess_ce_H,0.0277544290182352,0.0226526077306461,-0.005101821287589
count_predictor,gain_K6_p23,gain_contrast,6,confirm_K6_i000210,confirm_K6_i000442,1024,interpolated_backoff,0.5,20.0,shape_rmse,0.0156666526668186,0.0147900944923356,-0.000876558174483
count_predictor,gain_K6_p23,gain_contrast,6,confirm_K6_i000210,confirm_K6_i000442,1024,interpolated_backoff,0.5,20.0,excess_ce_H,0.0188077820021113,0.0146227737244581,-0.0041850082776531
count_predictor,gain_K6_p23,gain_contrast,6,confirm_K6_i000210,confirm_K6_i000442,1024,additive,1.0,,shape_rmse,0.0261973998951871,0.0243238544409199,-0.0018735454542672
count_predictor,gain_K6_p23,gain_contrast,6,confirm_K6_i000210,confirm_K6_i000442,1024,additive,1.0,,excess_ce_H,0.0312050881366903,0.0259081583158549,-0.0052969298208354
count_predictor,gain_K6_p23,gain_contrast,6,confirm_K6_i000210,confirm_K6_i000442,1024,interpolated_backoff,1.0,1.0,shape_rmse,0.0242695987350729,0.0228509332308292,-0.0014186655042437
count_predictor,gain_K6_p23,gain_contrast,6,confirm_K6_i000210,confirm_K6_i000442,1024,interpolated_backoff,1.0,1.0,excess_ce_H,0.0289548133340398,0.0241813516029885,-0.0047734617310512
count_predictor,gain_K6_p23,gain_contrast,6,confirm_K6_i000210,confirm_K6_i000442,1024,interpolated_backoff,1.0,5.0,shape_rmse,0.0202399631805894,0.0194329660976565,-0.0008069970829329
count_predictor,gain_K6_p23,gain_contrast,6,confirm_K6_i000210,confirm_K6_i000442,1024,interpolated_backoff,1.0,5.0,excess_ce_H,0.0242231184916001,0.0201503369397195,-0.0040727815518805
count_predictor,gain_K6_p23,gain_contrast,6,confirm_K6_i000210,confirm_K6_i000442,1024,interpolated_backoff,1.0,20.0,shape_rmse,0.0142952997139427,0.0138242947941467,-0.0004710049197959
count_predictor,gain_K6_p23,gain_contrast,6,confirm_K6_i000210,confirm_K6_i000442,1024,interpolated_backoff,1.0,20.0,excess_ce_H,0.0171536567475378,0.0134695044335522,-0.0036841523139855
count_predictor,gain_K6_p23,gain_contrast,6,confirm_K6_i000210,confirm_K6_i000442,2048,additive,0.1,,shape_rmse,0.0245097698817743,0.0216587840066763,-0.002850985875098
count_predictor,gain_K6_p23,gain_contrast,6,confirm_K6_i000210,confirm_K6_i000442,2048,additive,0.1,,excess_ce_H,0.0284813567494355,0.0219864302546795,-0.0064949264947559
count_predictor,gain_K6_p23,gain_contrast,6,confirm_K6_i000210,confirm_K6_i000442,2048,interpolated_backoff,0.1,1.0,shape_rmse,0.0214670402343331,0.0190539049747694,-0.0024131352595637
count_predictor,gain_K6_p23,gain_contrast,6,confirm_K6_i000210,confirm_K6_i000442,2048,interpolated_backoff,0.1,1.0,excess_ce_H,0.0249548179521184,0.018962184105046,-0.0059926338470723
count_predictor,gain_K6_p23,gain_contrast,6,confirm_K6_i000210,confirm_K6_i000442,2048,interpolated_backoff,0.1,5.0,shape_rmse,0.0166628962318863,0.0151712653337585,-0.0014916308981277
count_predictor,gain_K6_p23,gain_contrast,6,confirm_K6_i000210,confirm_K6_i000442,2048,interpolated_backoff,0.1,5.0,excess_ce_H,0.0193707652771848,0.0144332954430037,-0.0049374698341811
count_predictor,gain_K6_p23,gain_contrast,6,confirm_K6_i000210,confirm_K6_i000442,2048,interpolated_backoff,0.1,20.0,shape_rmse,0.0112721702903243,0.0106080344441366,-0.0006641358461877
count_predictor,gain_K6_p23,gain_contrast,6,confirm_K6_i000210,confirm_K6_i000442,2048,interpolated_backoff,0.1,20.0,excess_ce_H,0.0130607861691629,0.0090601032302548,-0.0040006829389081
count_predictor,gain_K6_p23,gain_contrast,6,confirm_K6_i000210,confirm_K6_i000442,2048,additive,0.5,,shape_rmse,0.0170800073260925,0.0156238625580765,-0.001456144768016
count_predictor,gain_K6_p23,gain_contrast,6,confirm_K6_i000210,confirm_K6_i000442,2048,additive,0.5,,excess_ce_H,0.0198372258551715,0.0149585122306563,-0.0048787136245152
count_predictor,gain_K6_p23,gain_contrast,6,confirm_K6_i000210,confirm_K6_i000442,2048,interpolated_backoff,0.5,1.0,shape_rmse,0.0160728223479125,0.0147733193641955,-0.001299502983717
count_predictor,gain_K6_p23,gain_contrast,6,confirm_K6_i000210,confirm_K6_i000442,2048,interpolated_backoff,0.5,1.0,excess_ce_H,0.0186665160212995,0.0139659873459307,-0.0047005286753688
count_predictor,gain_K6_p23,gain_contrast,6,confirm_K6_i000210,confirm_K6_i000442,2048,interpolated_backoff,0.5,5.0,shape_rmse,0.0137108069098175,0.0127893046678177,-0.0009215022419997
count_predictor,gain_K6_p23,gain_contrast,6,confirm_K6_i000210,confirm_K6_i000442,2048,interpolated_backoff,0.5,5.0,excess_ce_H,0.0159132761691611,0.011640681602774,-0.004272594566387
count_predictor,gain_K6_p23,gain_contrast,6,confirm_K6_i000210,confirm_K6_i000442,2048,interpolated_backoff,0.5,20.0,shape_rmse,0.0100659344406254,0.0095978597760981,-0.0004680746645273
count_predictor,gain_K6_p23,gain_contrast,6,confirm_K6_i000210,confirm_K6_i000442,2048,interpolated_backoff,0.5,20.0,excess_ce_H,0.0116336724976886,0.0078660558175043,-0.0037676166801842
count_predictor,gain_K6_p23,gain_contrast,6,confirm_K6_i000210,confirm_K6_i000442,2048,additive,1.0,,shape_rmse,0.0146950335860106,0.0138427533815151,-0.0008522802044955
count_predictor,gain_K6_p23,gain_contrast,6,confirm_K6_i000210,confirm_K6_i000442,2048,additive,1.0,,excess_ce_H,0.0170444556152471,0.0128741992903125,-0.0041702563249345
count_predictor,gain_K6_p23,gain_contrast,6,confirm_K6_i000210,confirm_K6_i000442,2048,interpolated_backoff,1.0,1.0,shape_rmse,0.014004625295608,0.0132676417803954,-0.0007369835152126
count_predictor,gain_K6_p23,gain_contrast,6,confirm_K6_i000210,confirm_K6_i000442,2048,interpolated_backoff,1.0,1.0,excess_ce_H,0.0162405662587139,0.0122009684930048,-0.004039597765709
count_predictor,gain_K6_p23,gain_contrast,6,confirm_K6_i000210,confirm_K6_i000442,2048,interpolated_backoff,1.0,5.0,shape_rmse,0.0122709754708009,0.0117747497384684,-0.0004962257323324
count_predictor,gain_K6_p23,gain_contrast,6,confirm_K6_i000210,confirm_K6_i000442,2048,interpolated_backoff,1.0,5.0,excess_ce_H,0.0142159459721291,0.0104459517004493,-0.0037699942716798
count_predictor,gain_K6_p23,gain_contrast,6,confirm_K6_i000210,confirm_K6_i000442,2048,interpolated_backoff,1.0,20.0,shape_rmse,0.009346246176469,0.0091052725502433,-0.0002409736262257
count_predictor,gain_K6_p23,gain_contrast,6,confirm_K6_i000210,confirm_K6_i000442,2048,interpolated_backoff,1.0,20.0,excess_ce_H,0.0107745603132496,0.0072801462852338,-0.0034944140280158
count_predictor,gain_K6_p24,gain_contrast,6,confirm_K6_i000208,confirm_K6_i001063,64,additive,0.1,,shape_rmse,0.4400571079650884,0.4059470384049413,-0.0341100695601471
count_predictor,gain_K6_p24,gain_contrast,6,confirm_K6_i000208,confirm_K6_i001063,64,additive,0.1,,excess_ce_H,0.5571219994222409,0.509409260795223,-0.0477127386270179
count_predictor,gain_K6_p24,gain_contrast,6,confirm_K6_i000208,confirm_K6_i001063,64,interpolated_backoff,0.1,1.0,shape_rmse,0.2743638330814643,0.2552437287383864,-0.0191201043430778
count_predictor,gain_K6_p24,gain_contrast,6,confirm_K6_i000208,confirm_K6_i001063,64,interpolated_backoff,0.1,1.0,excess_ce_H,0.3583056973566632,0.3274816196713765,-0.0308240776852866
count_predictor,gain_K6_p24,gain_contrast,6,confirm_K6_i000208,confirm_K6_i001063,64,interpolated_backoff,0.1,5.0,shape_rmse,0.1275528285313787,0.122721988383227,-0.0048308401481517
count_predictor,gain_K6_p24,gain_contrast,6,confirm_K6_i000208,confirm_K6_i001063,64,interpolated_backoff,0.1,5.0,excess_ce_H,0.1777456715500638,0.1631617293622573,-0.0145839421878064
count_predictor,gain_K6_p24,gain_contrast,6,confirm_K6_i000208,confirm_K6_i001063,64,interpolated_backoff,0.1,20.0,shape_rmse,0.0458239520224217,0.0451290137369755,-0.0006949382854462
count_predictor,gain_K6_p24,gain_contrast,6,confirm_K6_i000208,confirm_K6_i001063,64,interpolated_backoff,0.1,20.0,excess_ce_H,0.0723251372059388,0.0627966427288129,-0.0095284944771259
count_predictor,gain_K6_p24,gain_contrast,6,confirm_K6_i000208,confirm_K6_i001063,64,additive,0.5,,shape_rmse,0.1466369077318981,0.14157132309899,-0.005065584632908
count_predictor,gain_K6_p24,gain_contrast,6,confirm_K6_i000208,confirm_K6_i001063,64,additive,0.5,,excess_ce_H,0.2017269011968392,0.1870849529004958,-0.0146419482963434
count_predictor,gain_K6_p24,gain_contrast,6,confirm_K6_i000208,confirm_K6_i001063,64,interpolated_backoff,0.5,1.0,shape_rmse,0.1097568226708808,0.1069790184528946,-0.0027778042179861
count_predictor,gain_K6_p24,gain_contrast,6,confirm_K6_i000208,confirm_K6_i001063,64,interpolated_backoff,0.5,1.0,excess_ce_H,0.1563525159292207,0.1443602491019855,-0.0119922668272351
count_predictor,gain_K6_p24,gain_contrast,6,confirm_K6_i000208,confirm_K6_i001063,64,interpolated_backoff,0.5,5.0,shape_rmse,0.0638677762178765,0.0646282641307568,0.0007604879128803
count_predictor,gain_K6_p24,gain_contrast,6,confirm_K6_i000208,confirm_K6_i001063,64,interpolated_backoff,0.5,5.0,excess_ce_H,0.0976418988296381,0.0898936676197634,-0.0077482312098746
count_predictor,gain_K6_p24,gain_contrast,6,confirm_K6_i000208,confirm_K6_i001063,64,interpolated_backoff,0.5,20.0,shape_rmse,0.0293882712884687,0.0302032126776994,0.0008149413892306
count_predictor,gain_K6_p24,gain_contrast,6,confirm_K6_i000208,confirm_K6_i001063,64,interpolated_backoff,0.5,20.0,excess_ce_H,0.0507291413771033,0.0433113347828499,-0.0074178065942533
count_predictor,gain_K6_p24,gain_contrast,6,confirm_K6_i000208,confirm_K6_i001063,64,additive,1.0,,shape_rmse,0.086649590672886,0.0885813895576744,0.0019317988847884
count_predictor,gain_K6_p24,gain_contrast,6,confirm_K6_i000208,confirm_K6_i001063,64,additive,1.0,,excess_ce_H,0.126189504502578,0.1199122031035822,-0.0062773013989957
count_predictor,gain_K6_p24,gain_contrast,6,confirm_K6_i000208,confirm_K6_i001063,64,interpolated_backoff,1.0,1.0,shape_rmse,0.0673055507117986,0.0695170985151761,0.0022115478033774
count_predictor,gain_K6_p24,gain_contrast,6,confirm_K6_i000208,confirm_K6_i001063,64,interpolated_backoff,1.0,1.0,excess_ce_H,0.101939040074015,0.0960692971382282,-0.0058697429357867
count_predictor,gain_K6_p24,gain_contrast,6,confirm_K6_i000208,confirm_K6_i001063,64,interpolated_backoff,1.0,5.0,shape_rmse,0.0426430509886544,0.0454789276171408,0.0028358766284863
count_predictor,gain_K6_p24,gain_contrast,6,confirm_K6_i000208,confirm_K6_i001063,64,interpolated_backoff,1.0,5.0,excess_ce_H,0.0695066485422963,0.0645666731462561,-0.0049399753960402
count_predictor,gain_K6_p24,gain_contrast,6,confirm_K6_i000208,confirm_K6_i001063,64,interpolated_backoff,1.0,20.0,shape_rmse,0.0220596650529186,0.023549516264534,0.0014898512116153
count_predictor,gain_K6_p24,gain_contrast,6,confirm_K6_i000208,confirm_K6_i001063,64,interpolated_backoff,1.0,20.0,excess_ce_H,0.0405770601580619,0.0342356879526346,-0.0063413722054273
count_predictor,gain_K6_p24,gain_contrast,6,confirm_K6_i000208,confirm_K6_i001063,128,additive,0.1,,shape_rmse,0.3395876818627346,0.3202089961556664,-0.0193786857070681
count_predictor,gain_K6_p24,gain_contrast,6,confirm_K6_i000208,confirm_K6_i001063,128,additive,0.1,,excess_ce_H,0.4175713306747148,0.3882330388941573,-0.0293382917805575
count_predictor,gain_K6_p24,gain_contrast,6,confirm_K6_i000208,confirm_K6_i001063,128,interpolated_backoff,0.1,1.0,shape_rmse,0.2283072752733781,0.2142599041599965,-0.0140473711133816
count_predictor,gain_K6_p24,gain_contrast,6,confirm_K6_i000208,confirm_K6_i001063,128,interpolated_backoff,0.1,1.0,excess_ce_H,0.2869491060087057,0.2637593571228693,-0.0231897488858364
count_predictor,gain_K6_p24,gain_contrast,6,confirm_K6_i000208,confirm_K6_i001063,128,interpolated_backoff,0.1,5.0,shape_rmse,0.1157989323526819,0.1097138965945826,-0.0060850357580993
count_predictor,gain_K6_p24,gain_contrast,6,confirm_K6_i000208,confirm_K6_i001063,128,interpolated_backoff,0.1,5.0,excess_ce_H,0.1531035311047643,0.1390780901337356,-0.0140254409710287
count_predictor,gain_K6_p24,gain_contrast,6,confirm_K6_i000208,confirm_K6_i001063,128,interpolated_backoff,0.1,20.0,shape_rmse,0.0440596957468158,0.0432367224111101,-0.0008229733357056
count_predictor,gain_K6_p24,gain_contrast,6,confirm_K6_i000208,confirm_K6_i001063,128,interpolated_backoff,0.1,20.0,excess_ce_H,0.0649958123676697,0.0570804548540904,-0.0079153575135793
count_predictor,gain_K6_p24,gain_contrast,6,confirm_K6_i000208,confirm_K6_i001063,128,additive,0.5,,shape_rmse,0.1357139621947554,0.1283158222866933,-0.007398139908062
count_predictor,gain_K6_p24,gain_contrast,6,confirm_K6_i000208,confirm_K6_i001063,128,additive,0.5,,excess_ce_H,0.1767348484589499,0.1614377276720553,-0.0152971207868946
count_predictor,gain_K6_p24,gain_contrast,6,confirm_K6_i000208,confirm_K6_i001063,128,interpolated_backoff,0.5,1.0,shape_rmse,0.1081085449893018,0.1021011123418225,-0.0060074326474792
count_predictor,gain_K6_p24,gain_contrast,6,confirm_K6_i000208,confirm_K6_i001063,128,interpolated_backoff,0.5,1.0,excess_ce_H,0.1439364188737895,0.1302088014867033,-0.0137276173870861
count_predictor,gain_K6_p24,gain_contrast,6,confirm_K6_i000208,confirm_K6_i001063,128,interpolated_backoff,0.5,5.0,shape_rmse,0.066432891318863,0.0641928838589544,-0.0022400074599085
count_predictor,gain_K6_p24,gain_contrast,6,confirm_K6_i000208,confirm_K6_i001063,128,interpolated_backoff,0.5,5.0,excess_ce_H,0.0934441582262586,0.0840160940653458,-0.0094280641609127
count_predictor,gain_K6_p24,gain_contrast,6,confirm_K6_i000208,confirm_K6_i001063,128,interpolated_backoff,0.5,20.0,shape_rmse,0.030240125382857,0.0308896760409401,0.0006495506580831
count_predictor,gain_K6_p24,gain_contrast,6,confirm_K6_i000208,confirm_K6_i001063,128,interpolated_backoff,0.5,20.0,excess_ce_H,0.0477365566035183,0.0416634132257112,-0.006073143377807
count_predictor,gain_K6_p24,gain_contrast,6,confirm_K6_i000208,confirm_K6_i001063,128,additive,1.0,,shape_rmse,0.0851787682037511,0.0827271889366577,-0.0024515792670933
count_predictor,gain_K6_p24,gain_contrast,6,confirm_K6_i000208,confirm_K6_i001063,128,additive,1.0,,excess_ce_H,0.1158026836102572,0.1062895058835224,-0.0095131777267347
count_predictor,gain_K6_p24,gain_contrast,6,confirm_K6_i000208,confirm_K6_i001063,128,interpolated_backoff,1.0,1.0,shape_rmse,0.0703083611515128,0.0683832551025999,-0.0019251060489128
count_predictor,gain_K6_p24,gain_contrast,6,confirm_K6_i000208,confirm_K6_i001063,128,interpolated_backoff,1.0,1.0,excess_ce_H,0.0979560370946863,0.0890226444727093,-0.0089333926219769
count_predictor,gain_K6_p24,gain_contrast,6,confirm_K6_i000208,confirm_K6_i001063,128,interpolated_backoff,1.0,5.0,shape_rmse,0.0462736428798177,0.0462937650467415,2.012216692379859e-05
count_predictor,gain_K6_p24,gain_contrast,6,confirm_K6_i000208,confirm_K6_i001063,128,interpolated_backoff,1.0,5.0,excess_ce_H,0.0684037602624765,0.0616950290473234,-0.0067087312151531
count_predictor,gain_K6_p24,gain_contrast,6,confirm_K6_i000208,confirm_K6_i001063,128,interpolated_backoff,1.0,20.0,shape_rmse,0.0230390279041551,0.0245430999125882,0.0015040720084331
count_predictor,gain_K6_p24,gain_contrast,6,confirm_K6_i000208,confirm_K6_i001063,128,interpolated_backoff,1.0,20.0,excess_ce_H,0.0384356712176652,0.0334771823689035,-0.0049584888487617
count_predictor,gain_K6_p24,gain_contrast,6,confirm_K6_i000208,confirm_K6_i001063,256,additive,0.1,,shape_rmse,0.2066931978676987,0.2078717142012108,0.001178516333512
count_predictor,gain_K6_p24,gain_contrast,6,confirm_K6_i000208,confirm_K6_i001063,256,additive,0.1,,excess_ce_H,0.2533165665466321,0.2472292868484249,-0.0060872796982071
count_predictor,gain_K6_p24,gain_contrast,6,confirm_K6_i000208,confirm_K6_i001063,256,interpolated_backoff,0.1,1.0,shape_rmse,0.1542004245504241,0.1519237036212183,-0.0022767209292058
count_predictor,gain_K6_p24,gain_contrast,6,confirm_K6_i000208,confirm_K6_i001063,256,interpolated_backoff,0.1,1.0,excess_ce_H,0.1921739881474415,0.1821872687044807,-0.0099867194429607
count_predictor,gain_K6_p24,gain_contrast,6,confirm_K6_i000208,confirm_K6_i001063,256,interpolated_backoff,0.1,5.0,shape_rmse,0.0907025893050834,0.0868371457552287,-0.0038654435498546
count_predictor,gain_K6_p24,gain_contrast,6,confirm_K6_i000208,confirm_K6_i001063,256,interpolated_backoff,0.1,5.0,excess_ce_H,0.1176641289713833,0.105935844819899,-0.0117282841514843
count_predictor,gain_K6_p24,gain_contrast,6,confirm_K6_i000208,confirm_K6_i001063,256,interpolated_backoff,0.1,20.0,shape_rmse,0.0406754246050372,0.0383555624245328,-0.0023198621805044
count_predictor,gain_K6_p24,gain_contrast,6,confirm_K6_i000208,confirm_K6_i001063,256,interpolated_backoff,0.1,20.0,excess_ce_H,0.0577854387910989,0.0478625350464754,-0.0099229037446235
count_predictor,gain_K6_p24,gain_contrast,6,confirm_K6_i000208,confirm_K6_i001063,256,additive,0.5,,shape_rmse,0.1012869692536679,0.0983970659228391,-0.0028899033308287
count_predictor,gain_K6_p24,gain_contrast,6,confirm_K6_i000208,confirm_K6_i001063,256,additive,0.5,,excess_ce_H,0.1300334126685105,0.1195093677992833,-0.0105240448692272
count_predictor,gain_K6_p24,gain_contrast,6,confirm_K6_i000208,confirm_K6_i001063,256,interpolated_backoff,0.5,1.0,shape_rmse,0.0869539299098908,0.0833664996311486,-0.0035874302787421
count_predictor,gain_K6_p24,gain_contrast,6,confirm_K6_i000208,confirm_K6_i001063,256,interpolated_backoff,0.5,1.0,excess_ce_H,0.1132088479267214,0.1018859158539888,-0.0113229320727325
count_predictor,gain_K6_p24,gain_contrast,6,confirm_K6_i000208,confirm_K6_i001063,256,interpolated_backoff,0.5,5.0,shape_rmse,0.0599923957406076,0.0567090954061756,-0.0032833003344319
count_predictor,gain_K6_p24,gain_contrast,6,confirm_K6_i000208,confirm_K6_i001063,256,interpolated_backoff,0.5,5.0,excess_ce_H,0.0812590254432437,0.0702898581600637,-0.01096916728318
count_predictor,gain_K6_p24,gain_contrast,6,confirm_K6_i000208,confirm_K6_i001063,256,interpolated_backoff,0.5,20.0,shape_rmse,0.0308042641666283,0.0292424235156667,-0.0015618406509615
count_predictor,gain_K6_p24,gain_contrast,6,confirm_K6_i000208,confirm_K6_i001063,256,interpolated_backoff,0.5,20.0,excess_ce_H,0.0458233350664394,0.0368235703313089,-0.0089997647351305
count_predictor,gain_K6_p24,gain_contrast,6,confirm_K6_i000208,confirm_K6_i001063,256,additive,1.0,,shape_rmse,0.0697235939422226,0.0673567624143358,-0.0023668315278868
count_predictor,gain_K6_p24,gain_contrast,6,confirm_K6_i000208,confirm_K6_i001063,256,additive,1.0,,excess_ce_H,0.0926615987319308,0.0828122787926295,-0.0098493199393012
count_predictor,gain_K6_p24,gain_contrast,6,confirm_K6_i000208,confirm_K6_i001063,256,interpolated_backoff,1.0,1.0,shape_rmse,0.0616276657806301,0.0589030424054139,-0.0027246233752162
count_predictor,gain_K6_p24,gain_contrast,6,confirm_K6_i000208,confirm_K6_i001063,256,interpolated_backoff,1.0,1.0,excess_ce_H,0.0830956160819562,0.072828288233576,-0.0102673278483802
count_predictor,gain_K6_p24,gain_contrast,6,confirm_K6_i000208,confirm_K6_i001063,256,interpolated_backoff,1.0,5.0,shape_rmse,0.0449164015046308,0.0426266230110028,-0.0022897784936279
count_predictor,gain_K6_p24,gain_contrast,6,confirm_K6_i000208,confirm_K6_i001063,256,interpolated_backoff,1.0,5.0,excess_ce_H,0.0631252234201382,0.0533486871141546,-0.0097765363059835
count_predictor,gain_K6_p24,gain_contrast,6,confirm_K6_i000208,confirm_K6_i001063,256,interpolated_backoff,1.0,20.0,shape_rmse,0.0247262875816785,0.023853425850396,-0.0008728617312824
count_predictor,gain_K6_p24,gain_contrast,6,confirm_K6_i000208,confirm_K6_i001063,256,interpolated_backoff,1.0,20.0,excess_ce_H,0.0383192948593604,0.0301626065396414,-0.008156688319719
count_predictor,gain_K6_p24,gain_contrast,6,confirm_K6_i000208,confirm_K6_i001063,512,additive,0.1,,shape_rmse,0.110032825044606,0.1159511804883426,0.0059183554437366
count_predictor,gain_K6_p24,gain_contrast,6,confirm_K6_i000208,confirm_K6_i001063,512,additive,0.1,,excess_ce_H,0.1356957718974505,0.1351859464402269,-0.0005098254572235
count_predictor,gain_K6_p24,gain_contrast,6,confirm_K6_i000208,confirm_K6_i001063,512,interpolated_backoff,0.1,1.0,shape_rmse,0.0899892799046796,0.0931805000097822,0.0031912201051026
count_predictor,gain_K6_p24,gain_contrast,6,confirm_K6_i000208,confirm_K6_i001063,512,interpolated_backoff,0.1,1.0,excess_ce_H,0.1124391816846164,0.1088239186376411,-0.0036152630469753
count_predictor,gain_K6_p24,gain_contrast,6,confirm_K6_i000208,confirm_K6_i001063,512,interpolated_backoff,0.1,5.0,shape_rmse,0.0610972235124401,0.0610514121753739,-4.581133706620111e-05
count_predictor,gain_K6_p24,gain_contrast,6,confirm_K6_i000208,confirm_K6_i001063,512,interpolated_backoff,0.1,5.0,excess_ce_H,0.0787682736623831,0.0715048903961319,-0.0072633832662512
count_predictor,gain_K6_p24,gain_contrast,6,confirm_K6_i000208,confirm_K6_i001063,512,interpolated_backoff,0.1,20.0,shape_rmse,0.0325632457691805,0.0311629276314343,-0.0014003181377462
count_predictor,gain_K6_p24,gain_contrast,6,confirm_K6_i000208,confirm_K6_i001063,512,interpolated_backoff,0.1,20.0,excess_ce_H,0.0451210278302269,0.0364168528895794,-0.0087041749406475
count_predictor,gain_K6_p24,gain_contrast,6,confirm_K6_i000208,confirm_K6_i001063,512,additive,0.5,,shape_rmse,0.0655947432615649,0.0671707360831578,0.0015759928215928
count_predictor,gain_K6_p24,gain_contrast,6,confirm_K6_i000208,confirm_K6_i001063,512,additive,0.5,,excess_ce_H,0.0839946343481319,0.0786398038504705,-0.0053548304976614
count_predictor,gain_K6_p24,gain_contrast,6,confirm_K6_i000208,confirm_K6_i001063,512,interpolated_backoff,0.5,1.0,shape_rmse,0.0594555386159562,0.0602689350495846,0.0008133964336284
count_predictor,gain_K6_p24,gain_contrast,6,confirm_K6_i000208,confirm_K6_i001063,512,interpolated_backoff,0.5,1.0,excess_ce_H,0.0768355350738443,0.0706135566836261,-0.0062219783902182
count_predictor,gain_K6_p24,gain_contrast,6,confirm_K6_i000208,confirm_K6_i001063,512,interpolated_backoff,0.5,5.0,shape_rmse,0.0455650192369983,0.0451122950469391,-0.0004527241900591
count_predictor,gain_K6_p24,gain_contrast,6,confirm_K6_i000208,confirm_K6_i001063,512,interpolated_backoff,0.5,5.0,excess_ce_H,0.0605592563351984,0.0529162908997449,-0.0076429654354535
count_predictor,gain_K6_p24,gain_contrast,6,confirm_K6_i000208,confirm_K6_i001063,512,interpolated_backoff,0.5,20.0,shape_rmse,0.0268000220642574,0.0256705961401233,-0.0011294259241341
count_predictor,gain_K6_p24,gain_contrast,6,confirm_K6_i000208,confirm_K6_i001063,512,interpolated_backoff,0.5,20.0,excess_ce_H,0.0382754008931747,0.0299344483954224,-0.0083409524977523
count_predictor,gain_K6_p24,gain_contrast,6,confirm_K6_i000208,confirm_K6_i001063,512,additive,1.0,,shape_rmse,0.04957146937902,0.0501344392450557,0.0005629698660356
count_predictor,gain_K6_p24,gain_contrast,6,confirm_K6_i000208,confirm_K6_i001063,512,additive,1.0,,excess_ce_H,0.0652161665324606,0.0587776741548826,-0.0064384923775779
count_predictor,gain_K6_p24,gain_contrast,6,confirm_K6_i000208,confirm_K6_i001063,512,interpolated_backoff,1.0,1.0,shape_rmse,0.0459045942550979,0.046017116077691,0.0001125218225931
count_predictor,gain_K6_p24,gain_contrast,6,confirm_K6_i000208,confirm_K6_i001063,512,interpolated_backoff,1.0,1.0,excess_ce_H,0.0609219763061066,0.0539715589442382,-0.0069504173618684
count_predictor,gain_K6_p24,gain_contrast,6,confirm_K6_i000208,confirm_K6_i001063,512,interpolated_backoff,1.0,5.0,shape_rmse,0.0366683449147302,0.0360811106945719,-0.0005872342201583
count_predictor,gain_K6_p24,gain_contrast,6,confirm_K6_i000208,confirm_K6_i001063,512,interpolated_backoff,1.0,5.0,excess_ce_H,0.0500484338519839,0.0423177023997394,-0.0077307314522445
count_predictor,gain_K6_p24,gain_contrast,6,confirm_K6_i000208,confirm_K6_i001063,512,interpolated_backoff,1.0,20.0,shape_rmse,0.0227253560429803,0.0218215614349369,-0.0009037946080433
count_predictor,gain_K6_p24,gain_contrast,6,confirm_K6_i000208,confirm_K6_i001063,512,interpolated_backoff,1.0,20.0,excess_ce_H,0.0333886421369804,0.0253563282484035,-0.0080323138885769
count_predictor,gain_K6_p24,gain_contrast,6,confirm_K6_i000208,confirm_K6_i001063,1024,additive,0.1,,shape_rmse,0.054300961930344,0.0518507282587223,-0.0024502336716216
count_predictor,gain_K6_p24,gain_contrast,6,confirm_K6_i000208,confirm_K6_i001063,1024,additive,0.1,,excess_ce_H,0.0685006260388996,0.05914554384402,-0.0093550821948796
count_predictor,gain_K6_p24,gain_contrast,6,confirm_K6_i000208,confirm_K6_i001063,1024,interpolated_backoff,0.1,1.0,shape_rmse,0.0482989477621763,0.0458422989509071,-0.0024566488112692
count_predictor,gain_K6_p24,gain_contrast,6,confirm_K6_i000208,confirm_K6_i001063,1024,interpolated_backoff,0.1,1.0,excess_ce_H,0.0615492733974156,0.0521895855470879,-0.0093596878503277
count_predictor,gain_K6_p24,gain_contrast,6,confirm_K6_i000208,confirm_K6_i001063,1024,interpolated_backoff,0.1,5.0,shape_rmse,0.0379034179134192,0.0352359078407391,-0.0026675100726801
count_predictor,gain_K6_p24,gain_contrast,6,confirm_K6_i000208,confirm_K6_i001063,1024,interpolated_backoff,0.1,5.0,excess_ce_H,0.0494786977894099,0.0398838545216366,-0.0095948432677733
count_predictor,gain_K6_p24,gain_contrast,6,confirm_K6_i000208,confirm_K6_i001063,1024,interpolated_backoff,0.1,20.0,shape_rmse,0.0243834139357216,0.0217538174238381,-0.0026295965118834
count_predictor,gain_K6_p24,gain_contrast,6,confirm_K6_i000208,confirm_K6_i001063,1024,interpolated_backoff,0.1,20.0,excess_ce_H,0.0336746637589637,0.0241427673611562,-0.0095318963978074
count_predictor,gain_K6_p24,gain_contrast,6,confirm_K6_i000208,confirm_K6_i001063,1024,additive,0.5,,shape_rmse,0.0396485985062868,0.0371040221052572,-0.0025445764010295
count_predictor,gain_K6_p24,gain_contrast,6,confirm_K6_i000208,confirm_K6_i001063,1024,additive,0.5,,excess_ce_H,0.0515116686601708,0.0420631604356769,-0.0094485082244938
count_predictor,gain_K6_p24,gain_contrast,6,confirm_K6_i000208,confirm_K6_i001063,1024,interpolated_backoff,0.5,1.0,shape_rmse,0.0374191438383939,0.0349005886937279,-0.002518555144666
count_predictor,gain_K6_p24,gain_contrast,6,confirm_K6_i000208,confirm_K6_i001063,1024,interpolated_backoff,0.5,1.0,excess_ce_H,0.0489204451026759,0.0395041412144436,-0.0094163038882323
count_predictor,gain_K6_p24,gain_contrast,6,confirm_K6_i000208,confirm_K6_i001063,1024,interpolated_backoff,0.5,5.0,shape_rmse,0.0315692973840173,0.029009963509608,-0.0025593338744092
count_predictor,gain_K6_p24,gain_contrast,6,confirm_K6_i000208,confirm_K6_i001063,1024,interpolated_backoff,0.5,5.0,excess_ce_H,0.0421048779684589,0.0326484467782477,-0.0094564311902112
count_predictor,gain_K6_p24,gain_contrast,6,confirm_K6_i000208,confirm_K6_i001063,1024,interpolated_backoff,0.5,20.0,shape_rmse,0.0215392713968872,0.0191049176799872,-0.0024343537168999
count_predictor,gain_K6_p24,gain_contrast,6,confirm_K6_i000208,confirm_K6_i001063,1024,interpolated_backoff,0.5,20.0,excess_ce_H,0.030339939788035,0.0210441625457402,-0.0092957772422948
count_predictor,gain_K6_p24,gain_contrast,6,confirm_K6_i000208,confirm_K6_i001063,1024,additive,1.0,,shape_rmse,0.0330244211156525,0.0304309894761495,-0.0025934316395029
count_predictor,gain_K6_p24,gain_contrast,6,confirm_K6_i000208,confirm_K6_i001063,1024,additive,1.0,,excess_ce_H,0.0437984454388624,0.0343087951130294,-0.009489650325833
count_predictor,gain_K6_p24,gain_contrast,6,confirm_K6_i000208,confirm_K6_i001063,1024,interpolated_backoff,1.0,1.0,shape_rmse,0.0315377513375044,0.0289853017014455,-0.0025524496360589
count_predictor,gain_K6_p24,gain_contrast,6,confirm_K6_i000208,confirm_K6_i001063,1024,interpolated_backoff,1.0,1.0,excess_ce_H,0.042066095032764,0.0326255749948081,-0.0094405200379558
count_predictor,gain_K6_p24,gain_contrast,6,confirm_K6_i000208,confirm_K6_i001063,1024,interpolated_backoff,1.0,5.0,shape_rmse,0.0272756391946901,0.0247764163387807,-0.0024992228559094
count_predictor,gain_K6_p24,gain_contrast,6,confirm_K6_i000208,confirm_K6_i001063,1024,interpolated_backoff,1.0,5.0,excess_ce_H,0.0370871441946567,0.0277140110329798,-0.0093731331616769
count_predictor,gain_K6_p24,gain_contrast,6,confirm_K6_i000208,confirm_K6_i001063,1024,interpolated_backoff,1.0,20.0,shape_rmse,0.0192324291741094,0.0169689990523483,-0.002263430121761
count_predictor,gain_K6_p24,gain_contrast,6,confirm_K6_i000208,confirm_K6_i001063,1024,interpolated_backoff,1.0,20.0,excess_ce_H,0.0276240319443497,0.0185371849861435,-0.0090868469582062
count_predictor,gain_K6_p24,gain_contrast,6,confirm_K6_i000208,confirm_K6_i001063,2048,additive,0.1,,shape_rmse,0.0251688039347874,0.0239131171194044,-0.0012556868153829
count_predictor,gain_K6_p24,gain_contrast,6,confirm_K6_i000208,confirm_K6_i001063,2048,additive,0.1,,excess_ce_H,0.0335138711107871,0.0257733168788676,-0.0077405542319195
count_predictor,gain_K6_p24,gain_contrast,6,confirm_K6_i000208,confirm_K6_i001063,2048,interpolated_backoff,0.1,1.0,shape_rmse,0.0239090589863607,0.0227345574954849,-0.0011745014908757
count_predictor,gain_K6_p24,gain_contrast,6,confirm_K6_i000208,confirm_K6_i001063,2048,interpolated_backoff,0.1,1.0,excess_ce_H,0.0320540065812204,0.0244078462095016,-0.0076461603717188
count_predictor,gain_K6_p24,gain_contrast,6,confirm_K6_i000208,confirm_K6_i001063,2048,interpolated_backoff,0.1,5.0,shape_rmse,0.0210866422394715,0.0199974633929297,-0.0010891788465418
count_predictor,gain_K6_p24,gain_contrast,6,confirm_K6_i000208,confirm_K6_i001063,2048,interpolated_backoff,0.1,5.0,excess_ce_H,0.0287773401314885,0.0212317277900173,-0.0075456123414711
count_predictor,gain_K6_p24,gain_contrast,6,confirm_K6_i000208,confirm_K6_i001063,2048,interpolated_backoff,0.1,20.0,shape_rmse,0.016018977839019,0.0150001693806873,-0.0010188084583317
count_predictor,gain_K6_p24,gain_contrast,6,confirm_K6_i000208,confirm_K6_i001063,2048,interpolated_backoff,0.1,20.0,excess_ce_H,0.0228705321180662,0.01541170525335,-0.0074588268647162
count_predictor,gain_K6_p24,gain_contrast,6,confirm_K6_i000208,confirm_K6_i001063,2048,additive,0.5,,shape_rmse,0.0216184215707553,0.0206385156005799,-0.0009799059701753
count_predictor,gain_K6_p24,gain_contrast,6,confirm_K6_i000208,confirm_K6_i001063,2048,additive,0.5,,excess_ce_H,0.0293965885353966,0.0219808810792683,-0.0074157074561282
count_predictor,gain_K6_p24,gain_contrast,6,confirm_K6_i000208,confirm_K6_i001063,2048,interpolated_backoff,0.5,1.0,shape_rmse,0.0209984946230695,0.020037266002128,-0.0009612286209414
count_predictor,gain_K6_p24,gain_contrast,6,confirm_K6_i000208,confirm_K6_i001063,2048,interpolated_backoff,0.5,1.0,excess_ce_H,0.0286763940926788,0.0212827631747214,-0.0073936309179573
count_predictor,gain_K6_p24,gain_contrast,6,confirm_K6_i000208,confirm_K6_i001063,2048,interpolated_backoff,0.5,5.0,shape_rmse,0.019077783879691,0.0181396824524662,-0.0009381014272248
count_predictor,gain_K6_p24,gain_contrast,6,confirm_K6_i000208,confirm_K6_i001063,2048,interpolated_backoff,0.5,5.0,excess_ce_H,0.0264421539637096,0.0190770169216984,-0.0073651370420112
count_predictor,gain_K6_p24,gain_contrast,6,confirm_K6_i000208,confirm_K6_i001063,2048,interpolated_backoff,0.5,20.0,shape_rmse,0.0148848623536744,0.0139753393674877,-0.0009095229861866
count_predictor,gain_K6_p24,gain_contrast,6,confirm_K6_i000208,confirm_K6_i001063,2048,interpolated_backoff,0.5,20.0,excess_ce_H,0.0215468743568432,0.0142198265442508,-0.0073270478125924
count_predictor,gain_K6_p24,gain_contrast,6,confirm_K6_i000208,confirm_K6_i001063,2048,additive,1.0,,shape_rmse,0.019470681746086,0.0185988275866456,-0.0008718541594404
count_predictor,gain_K6_p24,gain_contrast,6,confirm_K6_i000208,confirm_K6_i001063,2048,additive,1.0,,excess_ce_H,0.026899508588901,0.0196156459928058,-0.0072838625960951
count_predictor,gain_K6_p24,gain_contrast,6,confirm_K6_i000208,confirm_K6_i001063,2048,interpolated_backoff,1.0,1.0,shape_rmse,0.0190017725694285,0.0181407148104008,-0.0008610577590277
count_predictor,gain_K6_p24,gain_contrast,6,confirm_K6_i000208,confirm_K6_i001063,2048,interpolated_backoff,1.0,1.0,excess_ce_H,0.0263539006156965,0.0190829629408435,-0.007270937674853
count_predictor,gain_K6_p24,gain_contrast,6,confirm_K6_i000208,confirm_K6_i001063,2048,interpolated_backoff,1.0,5.0,shape_rmse,0.0174594508807998,0.0166152357242942,-0.0008442151565055
count_predictor,gain_K6_p24,gain_contrast,6,confirm_K6_i000208,confirm_K6_i001063,2048,interpolated_backoff,1.0,5.0,excess_ce_H,0.0245571304067753,0.0173072841579347,-0.0072498462488406
count_predictor,gain_K6_p24,gain_contrast,6,confirm_K6_i000208,confirm_K6_i001063,2048,interpolated_backoff,1.0,20.0,shape_rmse,0.0138544722908249,0.0130393281146405,-0.0008151441761844
count_predictor,gain_K6_p24,gain_contrast,6,confirm_K6_i000208,confirm_K6_i001063,2048,interpolated_backoff,1.0,20.0,excess_ce_H,0.0203418973447799,0.0131303376978881,-0.0072115596468918
