status,hmm_id,architecture,dimension,seed,n_train,best_epoch,best_val_ce,final_batch_size,epochs_completed,parameter_count,device,test_ce_h1,test_ce_h2,test_ce_h3,test_ce_h4,result_file,bayes_ce_h1,bayes_ce_h2,bayes_ce_h3,bayes_ce_h4,shape_rmse,excess_ce_H,recovery_ratio
done,confirm_K3_i000056,GRU,8,1,256,26,2.020181253552437,16,34,576,cpu,1.9962512850761411,2.010267809033394,1.9826636761426928,1.98428775370121,project://predictive_profile_confirmatory64_v1/runs/confirm_K3_i000056/gru/d8/n256/seed1/DONE.json,1.9830230469972832,1.98068827551038,1.97988122401967,1.9796259295925929,0.0132080253050001,0.0046618241086173,3.5216714495686565
done,confirm_K3_i000056,GRU,8,2,256,47,1.989366102963686,16,48,576,cpu,2.0056727528572083,2.006631851196289,1.9675370678305624,1.969405084848404,project://predictive_profile_confirmatory64_v1/runs/confirm_K3_i000056/gru/d8/n256/seed2/DONE.json,1.9830230469972832,1.98068827551038,1.97988122401967,1.9796259295925929,0.0244583669403469,-0.0102208447441887,10.67601253896271
done,confirm_K3_i000056,GRU,8,3,256,23,1.9972095601260664,16,31,576,cpu,2.0198618918657303,1.9799999967217443,1.970408260822296,2.01556283980608,project://predictive_profile_confirmatory64_v1/runs/confirm_K3_i000056/gru/d8/n256/seed3/DONE.json,1.9830230469972832,1.98068827551038,1.97988122401967,1.9796259295925929,0.0291730807370143,0.0359369102134872,1.2654999952944173
done,confirm_K3_i000056,GRU,8,4,256,48,2.0071445517241955,16,48,576,cpu,1.9988345205783844,2.024517804384232,1.987621769309044,1.9624794125556944,project://predictive_profile_confirmatory64_v1/runs/confirm_K3_i000056/gru/d8/n256/seed4/DONE.json,1.9830230469972832,1.98068827551038,1.97988122401967,1.9796259295925929,0.036822795900494,-0.017146517036898,10.70175201260138
done,confirm_K3_i000056,GRU,8,5,256,48,1.9939307160675528,16,48,576,cpu,2.007318936288357,1.999005690217018,2.0100579783320427,1.9892659410834312,project://predictive_profile_confirmatory64_v1/runs/confirm_K3_i000056/gru/d8/n256/seed5/DONE.json,1.9830230469972832,1.98068827551038,1.97988122401967,1.9796259295925929,0.0133402575535747,0.0096400114908385,5.314209976964349
done,confirm_K3_i000056,GRU,32,1,256,5,2.010608673095703,16,13,6888,cpu,2.0061460435390472,2.023755080997944,1.9931442514061928,1.9720508009195328,project://predictive_profile_confirmatory64_v1/runs/confirm_K3_i000056/gru/d32/n256/seed1/DONE.json,1.9830230469972832,1.98068827551038,1.97988122401967,1.9796259295925929,0.0313895250648903,-0.0075751286730598,10.036521720573472
done,confirm_K3_i000056,GRU,32,2,256,12,2.0120435133576398,16,20,6888,cpu,1.98687407374382,2.014209844172001,1.995363175868988,2.00115729868412,project://predictive_profile_confirmatory64_v1/runs/confirm_K3_i000056/gru/d32/n256/seed2/DONE.json,1.9830230469972832,1.98068827551038,1.97988122401967,1.9796259295925929,0.0111012931694586,0.0215313690915275,-4.204513191265831
done,confirm_K3_i000056,GRU,32,3,256,34,1.99889000877738,16,42,6888,cpu,1.9927243813872335,2.020138442516327,2.013209007680416,1.992820143699646,project://predictive_profile_confirmatory64_v1/runs/confirm_K3_i000056/gru/d32/n256/seed3/DONE.json,1.9830230469972832,1.98068827551038,1.97988122401967,1.9796259295925929,0.0166353230681017,0.0131942141070533,-0.0281892855042454
done,confirm_K3_i000056,GRU,32,4,256,13,2.0140777081251144,16,21,6888,cpu,2.008030913770199,2.014030136168003,2.003287613391876,2.03340308368206,project://predictive_profile_confirmatory64_v1/runs/confirm_K3_i000056/gru/d32/n256/seed4/DONE.json,1.9830230469972832,1.98068827551038,1.97988122401967,1.9796259295925929,0.0232790488414965,0.0537771540894675,-7.4687350742806995
done,confirm_K3_i000056,GRU,32,5,256,24,1.9643588922917845,16,32,6888,cpu,1.9990707039833069,2.000312983989716,1.964219108223915,2.015269845724106,project://predictive_profile_confirmatory64_v1/runs/confirm_K3_i000056/gru/d32/n256/seed5/DONE.json,1.9830230469972832,1.98068827551038,1.97988122401967,1.9796259295925929,0.0286047954826747,0.0356439161315131,-4.768496289952263
done,confirm_K3_i000056,GRU,128,1,256,9,1.9932958483695984,16,17,101256,cpu,2.010365724563598,2.007655926048756,1.9825599864125247,2.0095541402697563,project://predictive_profile_confirmatory64_v1/runs/confirm_K3_i000056/gru/d128/n256/seed1/DONE.json,1.9830230469972832,1.98068827551038,1.97988122401967,1.9796259295925929,0.0137657394425605,0.0299282106771636,0.2389038108373103
done,confirm_K3_i000056,GRU,128,2,256,16,2.0091001503169537,16,24,101256,cpu,2.0462604388594627,2.0041274279356003,2.043870709836483,2.010585881769657,project://predictive_profile_confirmatory64_v1/runs/confirm_K3_i000056/gru/d128/n256/seed2/DONE.json,1.9830230469972832,1.98068827551038,1.97988122401967,1.9796259295925929,0.0233952219159856,0.0309599521770644,10.501420127708451
done,confirm_K3_i000056,GRU,128,3,256,12,2.0229259952902794,16,20,101256,cpu,2.014918953180313,1.993138700723648,1.9933926835656168,1.987753123044968,project://predictive_profile_confirmatory64_v1/runs/confirm_K3_i000056/gru/d128/n256/seed3/DONE.json,1.9830230469972832,1.98068827551038,1.97988122401967,1.9796259295925929,0.0123757056273287,0.008127193452375,7.996729844496022
done,confirm_K3_i000056,GRU,128,4,256,39,1.9989962205290797,16,47,101256,cpu,1.9859510660171509,1.9975849390029907,2.018126040697098,1.9896808341145515,project://predictive_profile_confirmatory64_v1/runs/confirm_K3_i000056/gru/d128/n256/seed4/DONE.json,1.9830230469972832,1.98068827551038,1.97988122401967,1.9796259295925929,0.014935472122647,0.0100549045219588,-1.0979214590142972
done,confirm_K3_i000056,GRU,128,5,256,10,1.9886913150548933,16,18,101256,cpu,2.0353360399603844,2.0285070315003395,1.9978022128343584,2.004960745573044,project://predictive_profile_confirmatory64_v1/runs/confirm_K3_i000056/gru/d128/n256/seed5/DONE.json,1.9830230469972832,1.98068827551038,1.97988122401967,1.9796259295925929,0.0179465485881142,0.0253348159804511,8.941490907968152
done,confirm_K3_i000056,GRU,256,1,256,31,2.025359034538269,16,39,399112,cpu,1.9988363832235336,1.997311294078827,1.9700544103980064,2.013694055378437,project://predictive_profile_confirmatory64_v1/runs/confirm_K3_i000056/gru/d256/n256/seed1/DONE.json,1.9830230469972832,1.98068827551038,1.97988122401967,1.9796259295925929,0.0253196307895688,0.0340681257858443,-4.373611619777683
done,confirm_K3_i000056,GRU,256,2,256,19,1.998841181397438,16,27,399112,cpu,2.0096678882837296,1.981207013130188,1.9603436887264247,1.9986048191785808,project://predictive_profile_confirmatory64_v1/runs/confirm_K3_i000056/gru/d256/n256/seed2/DONE.json,1.9830230469972832,1.98068827551038,1.97988122401967,1.9796259295925929,0.0216971139300014,0.0189788895859885,3.256604876202742
done,confirm_K3_i000056,GRU,256,3,256,22,1.993720930069685,16,30,399112,cpu,1.9760755077004435,1.9567607790231705,1.9478990212082865,2.003360763192177,project://predictive_profile_confirmatory64_v1/runs/confirm_K3_i000056/gru/d256/n256/seed3/DONE.json,1.9830230469972832,1.98068827551038,1.97988122401967,1.9796259295925929,0.0397413319551533,0.0237348335995841,-8.031884754427365
done,confirm_K3_i000056,GRU,256,4,256,30,1.973122227936983,16,38,399112,cpu,2.009089983999729,2.016483761370182,1.98991110175848,1.97234059125185,project://predictive_profile_confirmatory64_v1/runs/confirm_K3_i000056/gru/d256/n256/seed4/DONE.json,1.9830230469972832,1.98068827551038,1.97988122401967,1.9796259295925929,0.0285838607969939,-0.0072853383407425,10.817816510297222
done,confirm_K3_i000056,GRU,256,5,256,24,1.9840473532676697,16,32,399112,cpu,2.017611376941204,2.0020317882299423,2.0025387182831764,2.003672480583191,project://predictive_profile_confirmatory64_v1/runs/confirm_K3_i000056/gru/d256/n256/seed5/DONE.json,1.9830230469972832,1.98068827551038,1.97988122401967,1.9796259295925929,0.0054855491517823,0.0240465509905982,4.103154144383493
done,confirm_K3_i000056,Transformer,8,1,256,48,2.025820154696703,16,48,1064,cpu,2.0016203820705414,2.0001802667975426,1.9910279884934423,2.014229498803616,project://predictive_profile_confirmatory64_v1/runs/confirm_K3_i000056/transformer/d8/n256/seed1/DONE.json,1.9830230469972832,1.98068827551038,1.97988122401967,1.9796259295925929,0.0160840060860418,0.0346035692110229,-3.711710615495472
done,confirm_K3_i000056,Transformer,8,2,256,48,1.998856995254755,16,48,1064,cpu,1.9814662113785744,2.006711982190609,1.9781869277358053,1.958217650651932,project://predictive_profile_confirmatory64_v1/runs/confirm_K3_i000056/transformer/d8/n256/seed2/DONE.json,1.9830230469972832,1.98068827551038,1.97988122401967,1.9796259295925929,0.0275341341524365,-0.0214082789406608,6.843614146082375
done,confirm_K3_i000056,Transformer,8,3,256,22,2.002562515437603,16,30,1064,cpu,1.9983569830656047,2.0081219002604485,2.0133401304483414,2.008076809346676,project://predictive_profile_confirmatory64_v1/runs/confirm_K3_i000056/transformer/d8/n256/seed3/DONE.json,1.9830230469972832,1.98068827551038,1.97988122401967,1.9796259295925929,0.0070386318019202,0.0284508797540832,-2.8611982228374666
done,confirm_K3_i000056,Transformer,8,4,256,45,1.9802040234208107,16,48,1064,cpu,1.9831487387418747,2.0142656937241554,1.9914169013500211,1.995975136756897,project://predictive_profile_confirmatory64_v1/runs/confirm_K3_i000056/transformer/d8/n256/seed4/DONE.json,1.9830230469972832,1.98068827551038,1.97988122401967,1.9796259295925929,0.0120745991444969,0.0163492071643043,-3.775671102009151
done,confirm_K3_i000056,Transformer,8,5,256,17,2.012263171374798,16,25,1064,cpu,2.007718414068222,1.99475622177124,2.0255303606390958,2.0168319791555405,project://predictive_profile_confirmatory64_v1/runs/confirm_K3_i000056/transformer/d8/n256/seed5/DONE.json,1.9830230469972832,1.98068827551038,1.97988122401967,1.9796259295925929,0.0138128085474784,0.0372060495629478,-2.682734801786665
done,confirm_K3_i000056,Transformer,32,1,256,35,2.0125264823436737,16,43,13448,cpu,2.003607027232647,2.015692338347435,2.0229917764663696,2.011144071817398,project://predictive_profile_confirmatory64_v1/runs/confirm_K3_i000056/transformer/d32/n256/seed1/DONE.json,1.9830230469972832,1.98068827551038,1.97988122401967,1.9796259295925929,0.0081561558910883,0.0315181422248054,-2.218658847158032
done,confirm_K3_i000056,Transformer,32,2,256,30,1.9918135814368725,16,38,13448,cpu,2.0153717026114464,2.024559549987316,1.9928080067038536,1.980714924633503,project://predictive_profile_confirmatory64_v1/runs/confirm_K3_i000056/transformer/d32/n256/seed2/DONE.json,1.9830230469972832,1.98068827551038,1.97988122401967,1.9796259295925929,0.0271460081281965,0.0010889950409103,10.201819321902653
done,confirm_K3_i000056,Transformer,32,3,256,21,1.986948113888502,16,29,13448,cpu,2.019451856613159,1.97413582354784,1.9653645157814024,2.0014991983771324,project://predictive_profile_confirmatory64_v1/runs/confirm_K3_i000056/transformer/d32/n256/seed3/DONE.json,1.9830230469972832,1.98068827551038,1.97988122401967,1.9796259295925929,0.0242080348056387,0.0218732687845397,5.284674062556377
done,confirm_K3_i000056,Transformer,32,4,256,15,2.000439740717411,16,23,13448,cpu,2.012180581688881,2.065968595445156,1.986153520643711,1.987040400505066,project://predictive_profile_confirmatory64_v1/runs/confirm_K3_i000056/transformer/d32/n256/seed4/DONE.json,1.9830230469972832,1.98068827551038,1.97988122401967,1.9796259295925929,0.0404263398929842,0.0074144709124732,7.400445197773604
done,confirm_K3_i000056,Transformer,32,5,256,22,1.9989990331232548,16,30,13448,cpu,2.0038373321294785,1.9899156242609024,1.9666720777750013,1.995692864060402,project://predictive_profile_confirmatory64_v1/runs/confirm_K3_i000056/transformer/d32/n256/seed5/DONE.json,1.9830230469972832,1.98068827551038,1.97988122401967,1.9796259295925929,0.0152184606070905,0.0160669344678092,2.3974644084514747
done,confirm_K3_i000056,Transformer,128,1,256,18,1.991224903613329,16,26,201224,cpu,1.9962139278650284,1.9988747984170916,1.9696987345814705,2.009060680866241,project://predictive_profile_confirmatory64_v1/runs/confirm_K3_i000056/transformer/d128/n256/seed1/DONE.json,1.9830230469972832,1.98068827551038,1.97988122401967,1.9796259295925929,0.0221354451546557,0.0294347512736488,-3.781662942668732
done,confirm_K3_i000056,Transformer,128,2,256,29,1.960384864360094,16,37,201224,cpu,2.0316337198019028,2.012441098690033,2.009409226477146,1.9903217107057567,project://predictive_profile_confirmatory64_v1/runs/confirm_K3_i000056/transformer/d128/n256/seed2/DONE.json,1.9830230469972832,1.98068827551038,1.97988122401967,1.9796259295925929,0.0236410162288225,0.0106957811131644,12.16090119202381
done,confirm_K3_i000056,Transformer,128,3,256,17,2.0240895599126816,16,25,201224,cpu,2.044542506337166,1.9880506694316864,2.0366520434618,1.956106774508953,project://predictive_profile_confirmatory64_v1/runs/confirm_K3_i000056/transformer/d128/n256/seed3/DONE.json,1.9830230469972832,1.98068827551038,1.97988122401967,1.9796259295925929,0.0604808151841682,-0.0235191550836395,26.03258035948557
done,confirm_K3_i000056,Transformer,128,4,256,28,2.0109758973121643,16,36,201224,cpu,1.9826750755310056,1.9873367697000504,2.0478968024253845,2.045354798436165,project://predictive_profile_confirmatory64_v1/runs/confirm_K3_i000056/transformer/d128/n256/seed4/DONE.json,1.9830230469972832,1.98068827551038,1.97988122401967,1.9796259295925929,0.0443335892275831,0.0657288688435722,-18.450855663279437
done,confirm_K3_i000056,Transformer,128,5,256,13,2.009415216743946,16,21,201224,cpu,1.9909952357411385,2.0065506622195244,2.005986988544464,2.0723395496606827,project://predictive_profile_confirmatory64_v1/runs/confirm_K3_i000056/transformer/d128/n256/seed5/DONE.json,1.9830230469972832,1.98068827551038,1.97988122401967,1.9796259295925929,0.0634168826192377,0.09271362006809,-23.94509939728004
done,confirm_K3_i000056,Transformer,256,1,256,13,2.0170275941491127,16,21,795656,cpu,1.991443358361721,2.057753510773182,2.036049671471119,2.007176697254181,project://predictive_profile_confirmatory64_v1/runs/confirm_K3_i000056/transformer/d256/n256/seed1/DONE.json,1.9830230469972832,1.98068827551038,1.97988122401967,1.9796259295925929,0.030152232324174,0.0275507676615882,-4.631379201300593
done,confirm_K3_i000056,Transformer,256,2,256,30,2.00040427967906,16,38,795656,cpu,1.993601515889168,2.025440536439419,1.9946853891015053,2.044137082993984,project://predictive_profile_confirmatory64_v1/runs/confirm_K3_i000056/transformer/d256/n256/seed2/DONE.json,1.9830230469972832,1.98068827551038,1.97988122401967,1.9796259295925929,0.0379800374471132,0.0645111534013915,-14.876014304080384
done,confirm_K3_i000056,Transformer,256,3,256,24,2.014536488801241,16,32,795656,cpu,2.041788123548031,1.9917362555861475,2.02416018396616,1.988447681069374,project://predictive_profile_confirmatory64_v1/runs/confirm_K3_i000056/transformer/d256/n256/seed3/DONE.json,1.9830230469972832,1.98068827551038,1.97988122401967,1.9796259295925929,0.0306451686472891,0.0088217514767814,15.70167766501326
done,confirm_K3_i000056,Transformer,256,4,256,13,2.00839014723897,16,21,795656,cpu,1.991436824202537,2.047182008624077,2.079685226082802,2.0341661795973778,project://predictive_profile_confirmatory64_v1/runs/confirm_K3_i000056/transformer/d256/n256/seed4/DONE.json,1.9830230469972832,1.98068827551038,1.97988122401967,1.9796259295925929,0.0328608600836937,0.0545402500047851,-12.57812147906412
done,confirm_K3_i000056,Transformer,256,5,256,26,2.031278621405363,16,34,795656,cpu,1.9693516194820404,1.945283681154251,2.005202129483223,1.9681617468595505,project://predictive_profile_confirmatory64_v1/runs/confirm_K3_i000056/transformer/d256/n256/seed5/DONE.json,1.9830230469972832,1.98068827551038,1.97988122401967,1.9796259295925929,0.0219724711391473,-0.0114641827330421,0.3502594937834748
done,confirm_K3_i001131,GRU,8,1,256,48,0.8735523354262114,16,48,576,cpu,0.9148972555994987,0.8299364224076271,0.7942648343741894,0.8813949748873711,project://predictive_profile_confirmatory64_v1/runs/confirm_K3_i001131/gru/d8/n256/seed1/DONE.json,0.8308421490893098,0.8298888169462373,0.8298243976539821,0.8298066177955417,0.0531631896182024,0.0515883570918294,32.3527457970095
done,confirm_K3_i001131,GRU,8,2,256,48,0.8580282386392355,16,48,576,cpu,0.8869500868022442,0.8135584946721792,0.8437101691961288,0.8427849858999252,project://predictive_profile_confirmatory64_v1/runs/confirm_K3_i001131/gru/d8/n256/seed2/DONE.json,0.8308421490893098,0.8298888169462373,0.8298243976539821,0.8298066177955417,0.0260767256730837,0.0129783681043835,42.649701817905125
done,confirm_K3_i001131,GRU,8,3,256,48,0.8815371114760637,16,48,576,cpu,0.7759398706257343,0.8264359179884195,0.9225870482623576,0.897088160738349,project://predictive_profile_confirmatory64_v1/runs/confirm_K3_i001131/gru/d8/n256/seed3/DONE.json,0.8308421490893098,0.8298888169462373,0.8298243976539821,0.8298066177955417,0.0717313291601445,0.0672815429428073,-116.99143313359394
done,confirm_K3_i001131,GRU,8,4,256,48,0.8283650185912848,16,48,576,cpu,0.8535152040421963,0.8006074577569962,0.8510548062622547,0.8313275184482336,project://predictive_profile_confirmatory64_v1/runs/confirm_K3_i001131/gru/d8/n256/seed4/DONE.json,0.8308421490893098,0.8298888169462373,0.8298243976539821,0.8298066177955417,0.0211226036910716,0.0015209006526919,21.42637864011424
done,confirm_K3_i001131,GRU,8,5,256,48,0.8399995667859912,16,48,576,cpu,0.9716577120125294,0.9573031030595304,0.900177089497447,0.8544201515614986,project://predictive_profile_confirmatory64_v1/runs/confirm_K3_i001131/gru/d8/n256/seed5/DONE.json,0.8308421490893098,0.8298888169462373,0.8298243976539821,0.8298066177955417,0.0808748676120753,0.0246135337659569,113.21488897204236
done,confirm_K3_i001131,GRU,32,1,256,48,0.8330978229641914,16,48,6888,cpu,0.8048484139144421,0.8316920064389706,0.8833816908299923,0.8323384821414948,project://predictive_profile_confirmatory64_v1/runs/confirm_K3_i001131/gru/d32/n256/seed1/DONE.json,0.8308421490893098,0.8298888169462373,0.8298243976539821,0.8298066177955417,0.0292311271693172,0.002531864345953,-26.546825182869764
done,confirm_K3_i001131,GRU,32,2,256,35,0.8714725710451603,16,43,6888,cpu,0.8552150949835777,0.8435091227293015,0.7660651244223118,0.9127546176314354,project://predictive_profile_confirmatory64_v1/runs/confirm_K3_i001131/gru/d32/n256/seed2/DONE.json,0.8308421490893098,0.8298888169462373,0.8298243976539821,0.8298066177955417,0.086255999904163,0.0829479998358937,-55.565218544465615
done,confirm_K3_i001131,GRU,32,3,256,38,0.9287715554237366,16,46,6888,cpu,0.9063708782196044,0.7243620213121176,0.805321704596281,0.8153387978672981,project://predictive_profile_confirmatory64_v1/runs/confirm_K3_i001131/gru/d32/n256/seed3/DONE.json,0.8308421490893098,0.8298888169462373,0.8298243976539821,0.8298066177955417,0.0642102300606639,-0.0144678199282435,87.90857495098784
done,confirm_K3_i001131,GRU,32,4,256,47,0.8706540195271373,16,48,6888,cpu,0.828312736004591,0.8654593024402857,0.8161650709807873,0.9472568593919276,project://predictive_profile_confirmatory64_v1/runs/confirm_K3_i001131/gru/d32/n256/seed4/DONE.json,0.8308421490893098,0.8298888169462373,0.8298243976539821,0.8298066177955417,0.0978380433274952,0.117450241596386,-114.86289608353788
done,confirm_K3_i001131,GRU,32,5,256,24,0.8545012157410383,16,32,6888,cpu,0.9385044239461422,0.8224812056869268,0.8049657661467791,0.9073618799448012,project://predictive_profile_confirmatory64_v1/runs/confirm_K3_i001131/gru/d32/n256/seed5/DONE.json,0.8308421490893098,0.8298888169462373,0.8298243976539821,0.8298066177955417,0.0682160679127211,0.0775552621492596,30.07397670042316
done,confirm_K3_i001131,GRU,128,1,256,27,0.8326084855943918,16,35,101256,cpu,0.7873660735785961,0.8066219948232174,0.7497978936880827,0.953636970371008,project://predictive_profile_confirmatory64_v1/runs/confirm_K3_i001131/gru/d128/n256/seed1/DONE.json,0.8308421490893098,0.8298888169462373,0.8298243976539821,0.8298066177955417,0.1509856265031211,0.1238303525754662,-160.56578665757553
done,confirm_K3_i001131,GRU,128,2,256,20,0.8327512731775641,16,28,101256,cpu,0.7463534884154797,0.7437208276242018,0.8400593623518944,0.8563143536448479,project://predictive_profile_confirmatory64_v1/runs/confirm_K3_i001131/gru/d128/n256/seed2/DONE.json,0.8308421490893098,0.8298888169462373,0.8298243976539821,0.8298066177955417,0.0794997203846571,0.0265077358493062,-106.18787272883058
done,confirm_K3_i001131,GRU,128,3,256,7,0.874077532440424,16,15,101256,cpu,0.7815654464066029,0.7945094406604767,0.8707394190132618,0.9116014763712884,project://predictive_profile_confirmatory64_v1/runs/confirm_K3_i001131/gru/d128/n256/seed3/DONE.json,0.8308421490893098,0.8298888169462373,0.8298243976539821,0.8298066177955417,0.0902506462261531,0.0817948585757466,-125.57421561979967
done,confirm_K3_i001131,GRU,128,4,256,9,0.8398366943001747,16,17,101256,cpu,0.8484084904193878,0.8528729192912579,0.8539621941745281,0.9280596673488616,project://predictive_profile_confirmatory64_v1/runs/confirm_K3_i001131/gru/d128/n256/seed4/DONE.json,0.8308421490893098,0.8298888169462373,0.8298243976539821,0.8298066177955417,0.0664620757083701,0.09825304955332,-76.91817466919667
done,confirm_K3_i001131,GRU,128,5,256,12,0.8652335740625858,16,20,101256,cpu,0.8766978979110718,0.8630483094602823,0.8682845402508974,0.8545308634638786,project://predictive_profile_confirmatory64_v1/runs/confirm_K3_i001131/gru/d128/n256/seed5/DONE.json,0.8308421490893098,0.8298888169462373,0.8298243976539821,0.8298066177955417,0.0132887986599971,0.0247242456683369,21.406436078364727
done,confirm_K3_i001131,GRU,256,1,256,21,0.801247201859951,16,29,399112,cpu,0.826154563575983,0.8772339001297951,0.8498064056038857,0.8607154153287411,project://predictive_profile_confirmatory64_v1/runs/confirm_K3_i001131/gru/d256/n256/seed1/DONE.json,0.8308421490893098,0.8298888169462373,0.8298243976539821,0.8298066177955417,0.0203509748081806,0.0309087975331994,-33.37499500087316
done,confirm_K3_i001131,GRU,256,2,256,14,0.8747361395508051,16,22,399112,cpu,0.8392886724323034,0.8580870404839516,0.7687879949808121,0.9076482206583024,project://predictive_profile_confirmatory64_v1/runs/confirm_K3_i001131/gru/d256/n256/seed2/DONE.json,0.8308421490893098,0.8298888169462373,0.8298243976539821,0.8298066177955417,0.081497304547456,0.0778416028627606,-66.01398590017654
done,confirm_K3_i001131,GRU,256,3,256,16,0.802052796818316,16,24,399112,cpu,0.8502910807728767,0.8558435961604118,0.8180970959365368,0.940971665084362,project://predictive_profile_confirmatory64_v1/runs/confirm_K3_i001131/gru/d256/n256/seed3/DONE.json,0.8308421490893098,0.8298888169462373,0.8298243976539821,0.8298066177955417,0.0877142592332441,0.1111650472888203,-87.56913949120366
done,confirm_K3_i001131,GRU,256,4,256,14,0.8315704390406609,16,22,399112,cpu,0.8399609960615635,0.914577653631568,0.8688154481351376,0.8256807364523411,project://predictive_profile_confirmatory64_v1/runs/confirm_K3_i001131/gru/d256/n256/seed4/DONE.json,0.8308421490893098,0.8298888169462373,0.8298243976539821,0.8298066177955417,0.0498059905447725,-0.0041258813432005,13.790273355486235
done,confirm_K3_i001131,GRU,256,5,256,29,0.7982389461249113,16,37,399112,cpu,0.843473706394434,0.8417349457740784,0.8142570946365595,0.8501572962850332,project://predictive_profile_confirmatory64_v1/runs/confirm_K3_i001131/gru/d256/n256/seed5/DONE.json,0.8308421490893098,0.8298888169462373,0.8298243976539821,0.8298066177955417,0.0188547977471084,0.0203506784894915,-6.454261624753948
done,confirm_K3_i001131,Transformer,8,1,256,48,0.7531475760042667,16,48,1064,cpu,0.8719971030950546,0.8781086057424545,0.8786709494888783,0.8967351019382477,project://predictive_profile_confirmatory64_v1/runs/confirm_K3_i001131/transformer/d8/n256/seed1/DONE.json,0.8308421490893098,0.8298888169462373,0.8298243976539821,0.8298066177955417,0.0183115155931506,0.066928484142706,-23.889185186452675
done,confirm_K3_i001131,Transformer,8,2,256,42,0.7788045881316066,16,48,1064,cpu,0.8712241463363171,0.8442022167146206,0.9639571905136108,0.9154781252145768,project://predictive_profile_confirmatory64_v1/runs/confirm_K3_i001131/transformer/d8/n256/seed2/DONE.json,0.8308421490893098,0.8298888169462373,0.8298243976539821,0.8298066177955417,0.0487124610486344,0.085671507419035,-42.73553020037466
done,confirm_K3_i001131,Transformer,8,3,256,45,0.8629005681723356,16,48,1064,cpu,0.8667535334825516,0.8026944473385811,0.8078847452998161,0.9309445694088936,project://predictive_profile_confirmatory64_v1/runs/confirm_K3_i001131/transformer/d8/n256/seed3/DONE.json,0.8308421490893098,0.8298888169462373,0.8298243976539821,0.8298066177955417,0.0946992427895766,0.1011379516133519,-61.98850417428059
done,confirm_K3_i001131,Transformer,8,4,256,47,0.888107038103044,16,48,1064,cpu,0.7612569946795702,0.79374860227108,0.8633654341101646,0.8360438924282789,project://predictive_profile_confirmatory64_v1/runs/confirm_K3_i001131/transformer/d8/n256/seed4/DONE.json,0.8308421490893098,0.8298888169462373,0.8298243976539821,0.8298066177955417,0.0455257832322893,0.0062372746327372,-72.22079931218069
done,confirm_K3_i001131,Transformer,8,5,256,48,0.8970026317983866,16,48,1064,cpu,0.7621784303337336,0.766315333545208,0.7908167373389006,0.8421481661498547,project://predictive_profile_confirmatory64_v1/runs/confirm_K3_i001131/transformer/d8/n256/seed5/DONE.json,0.8308421490893098,0.8298888169462373,0.8298243976539821,0.8298066177955417,0.0611589866187548,0.012341548354313,-77.22580311902173
done,confirm_K3_i001131,Transformer,32,1,256,22,0.8305246625095606,16,30,13448,cpu,0.8484386056661606,0.8595704771578312,0.9253970719873904,0.8424828127026558,project://predictive_profile_confirmatory64_v1/runs/confirm_K3_i001131/transformer/d32/n256/seed1/DONE.json,0.8308421490893098,0.8298888169462373,0.8298243976539821,0.8298066177955417,0.0423828418301397,0.0126761949071141,5.75143696704018
done,confirm_K3_i001131,Transformer,32,2,256,23,0.8541689133271575,16,31,13448,cpu,0.768699336796999,0.8415969237685204,0.8145676366984844,0.8661581911146641,project://predictive_profile_confirmatory64_v1/runs/confirm_K3_i001131/transformer/d32/n256/seed2/DONE.json,0.8308421490893098,0.8298888169462373,0.8298243976539821,0.8298066177955417,0.0569470469044608,0.0363515733191224,-94.11483255424474
done,confirm_K3_i001131,Transformer,32,3,256,23,0.8610392725095153,16,31,13448,cpu,0.9139029644429684,0.921616967767477,0.8708135709166527,0.7777566649019718,project://predictive_profile_confirmatory64_v1/runs/confirm_K3_i001131/transformer/d32/n256/seed3/DONE.json,0.8308421490893098,0.8298888169462373,0.8298243976539821,0.8298066177955417,0.1090680312925144,-0.0520499528935698,131.47482877662375
done,confirm_K3_i001131,Transformer,32,4,256,14,0.8257053792476654,16,22,13448,cpu,0.8902437128126621,0.8350022900849581,0.8348535560071468,0.8753220662474632,project://predictive_profile_confirmatory64_v1/runs/confirm_K3_i001131/transformer/d32/n256/seed4/DONE.json,0.8308421490893098,0.8298888169462373,0.8298243976539821,0.8298066177955417,0.0294290820979037,0.0455154484519215,14.409652953028482
done,confirm_K3_i001131,Transformer,32,5,256,24,0.8776771733537316,16,32,13448,cpu,0.8058463372290134,0.8259919211268425,0.8403020314872265,0.8547794409096241,project://predictive_profile_confirmatory64_v1/runs/confirm_K3_i001131/transformer/d32/n256/seed5/DONE.json,0.8308421490893098,0.8298888169462373,0.8298243976539821,0.8298066177955417,0.0297507800939236,0.0249728231140824,-47.25410422175895
done,confirm_K3_i001131,Transformer,128,1,256,23,0.7622993569821119,16,31,201224,cpu,0.7285943292081356,0.9039786159992218,0.8657293394207954,0.918826162815094,project://predictive_profile_confirmatory64_v1/runs/confirm_K3_i001131/transformer/d128/n256/seed1/DONE.json,0.8308421490893098,0.8298888169462373,0.8298243976539821,0.8298066177955417,0.0995329885884446,0.0890195450195523,-183.7045724757784
done,confirm_K3_i001131,Transformer,128,2,256,13,0.8473339322954416,16,21,201224,cpu,0.8475967682898045,0.783057052642107,0.8438788503408432,0.7487118877470493,project://predictive_profile_confirmatory64_v1/runs/confirm_K3_i001131/transformer/d128/n256/seed2/DONE.json,0.8308421490893098,0.8298888169462373,0.8298243976539821,0.8298066177955417,0.0703594573338496,-0.0810947300484923,95.49192876917516
done,confirm_K3_i001131,Transformer,128,3,256,12,0.8123752698302269,16,20,201224,cpu,0.8624434359371662,0.7986814342439175,0.8555152453482151,0.7845741137862206,project://predictive_profile_confirmatory64_v1/runs/confirm_K3_i001131/transformer/d128/n256/seed3/DONE.json,0.8308421490893098,0.8298888169462373,0.8298243976539821,0.8298066177955417,0.0527500172085911,-0.0452325040093211,75.19745913964044
done,confirm_K3_i001131,Transformer,128,4,256,16,0.9095509313046932,16,24,201224,cpu,0.9280923008918762,0.8105987757444382,0.8196710348129272,0.8720342963933945,project://predictive_profile_confirmatory64_v1/runs/confirm_K3_i001131/transformer/d128/n256/seed4/DONE.json,0.8308421490893098,0.8298888169462373,0.8298243976539821,0.8298066177955417,0.0488765687961432,0.0422276785978528,54.13453445187296
done,confirm_K3_i001131,Transformer,128,5,256,15,0.8405899088829756,16,23,201224,cpu,0.8909481540322304,0.8487722016870975,0.85222552344203,0.8598547242581844,project://predictive_profile_confirmatory64_v1/runs/confirm_K3_i001131/transformer/d128/n256/seed5/DONE.json,0.8308421490893098,0.8298888169462373,0.8298243976539821,0.8298066177955417,0.0164818429310344,0.0300481064626427,30.026547687325728
done,confirm_K3_i001131,Transformer,256,1,256,9,0.827398769557476,16,17,795656,cpu,0.7821869216859341,0.8354061245918274,0.799380611628294,0.8348167650401592,project://predictive_profile_confirmatory64_v1/runs/confirm_K3_i001131/transformer/d256/n256/seed1/DONE.json,0.8308421490893098,0.8298888169462373,0.8298243976539821,0.8298066177955417,0.0321605777004902,0.0050101472446175,-50.82400084956899
done,confirm_K3_i001131,Transformer,256,2,256,2,0.9075482860207558,16,12,795656,cpu,0.7422992922365665,0.956323504447937,0.8517019562423229,0.8611387684941292,project://predictive_profile_confirmatory64_v1/runs/confirm_K3_i001131/transformer/d256/n256/seed2/DONE.json,0.8308421490893098,0.8298888169462373,0.8298243976539821,0.8298066177955417,0.0766549073017997,0.0313321506985875,-114.76183962063438
done,confirm_K3_i001131,Transformer,256,3,256,21,0.8367266962304711,16,29,795656,cpu,0.7740274202078581,0.887717429548502,0.8620953634381294,0.8602048866450787,project://predictive_profile_confirmatory64_v1/runs/confirm_K3_i001131/transformer/d256/n256/seed3/DONE.json,0.8308421490893098,0.8298888169462373,0.8298243976539821,0.8298066177955417,0.0457220890965929,0.030398268849537,-83.22053322371102
done,confirm_K3_i001131,Transformer,256,4,256,9,0.835370690561831,16,17,795656,cpu,0.9246876258403064,0.95419267937541,0.7988077402114868,0.8652539290487766,project://predictive_profile_confirmatory64_v1/runs/confirm_K3_i001131/transformer/d256/n256/seed4/DONE.json,0.8308421490893098,0.8298888169462373,0.8298243976539821,0.8298066177955417,0.0626962749195935,0.0354473112532349,57.394399521488005
done,confirm_K3_i001131,Transformer,256,5,256,18,0.8996513094753027,16,26,795656,cpu,0.9426736272871494,0.7827373184263706,0.8128781337291002,0.8229768723249435,project://predictive_profile_confirmatory64_v1/runs/confirm_K3_i001131/transformer/d256/n256/seed5/DONE.json,0.8308421490893098,0.8298888169462373,0.8298243976539821,0.8298066177955417,0.0628662741799867,-0.0068297454705981,115.58970325913802
done,confirm_K3_i001202,GRU,8,1,256,46,2.006981074810028,16,48,576,cpu,1.9961518719792368,1.996086612343788,1.9863896071910856,1.9751135110855105,project://predictive_profile_confirmatory64_v1/runs/confirm_K3_i001202/gru/d8/n256/seed1/DONE.json,1.9860657789307687,1.9854790912352407,1.985392839271571,1.985379845856866,0.0156268731651695,-0.0102663347713558,30.67115684337549
done,confirm_K3_i001202,GRU,8,2,256,30,2.004147488623857,16,38,576,cpu,2.0040843710303307,2.0115850269794464,1.990663893520832,1.9752950370311737,project://predictive_profile_confirmatory64_v1/runs/confirm_K3_i001202/gru/d8/n256/seed2/DONE.json,1.9860657789307687,1.9854790912352407,1.985392839271571,1.985379845856866,0.0241628519988115,-0.0100848088256924,41.97105387462848
done,confirm_K3_i001202,GRU,8,3,256,26,2.013224732130766,16,34,576,cpu,2.003699727356434,1.98113564401865,2.018526040017605,1.988844707608223,project://predictive_profile_confirmatory64_v1/runs/confirm_K3_i001202/gru/d8/n256/seed3/DONE.json,1.9860657789307687,1.9854790912352407,1.985392839271571,1.985379845856866,0.016896323896236,0.0034648617513568,21.65666055974367
done,confirm_K3_i001202,GRU,8,4,256,46,1.9928913600742817,16,48,576,cpu,2.0059167817234997,1.988107852637768,1.9807686358690264,1.93459964543581,project://predictive_profile_confirmatory64_v1/runs/confirm_K3_i001202/gru/d8/n256/seed4/DONE.json,1.9860657789307687,1.9854790912352407,1.985392839271571,1.985379845856866,0.0499291000601676,-0.050780200421056,103.9709834691722
done,confirm_K3_i001202,GRU,8,5,256,45,1.9810286164283752,16,48,576,cpu,1.9913048818707464,2.001904435455799,1.9929301217198367,1.9729336127638817,project://predictive_profile_confirmatory64_v1/runs/confirm_K3_i001202/gru/d8/n256/seed5/DONE.json,1.9860657789307687,1.9854790912352407,1.985392839271571,1.985379845856866,0.0196575683933571,-0.0124462330929844,26.782888602150532
done,confirm_K3_i001202,GRU,32,1,256,44,1.9902278743684287,16,48,6888,cpu,1.9756753370165825,2.0007846727967262,1.972518041729927,2.020956963300705,project://predictive_profile_confirmatory64_v1/runs/confirm_K3_i001202/gru/d32/n256/seed1/DONE.json,1.9860657789307687,1.9854790912352407,1.985392839271571,1.985379845856866,0.0348982082137592,0.0355771174438388,-66.01464196279602
done,confirm_K3_i001202,GRU,32,2,256,20,1.9784922748804088,16,28,6888,cpu,2.0122382789850235,1.9766706228256223,1.98504988104105,2.0112912207841878,project://predictive_profile_confirmatory64_v1/runs/confirm_K3_i001202/gru/d32/n256/seed2/DONE.json,1.9860657789307687,1.9854790912352407,1.985392839271571,1.985379845856866,0.021764797938624,0.0259113749273212,1.3806860127736222
done,confirm_K3_i001202,GRU,32,3,256,31,1.9866729080677032,16,39,6888,cpu,1.99609199911356,1.9813683480024336,1.9844517260789871,1.978501990437508,project://predictive_profile_confirmatory64_v1/runs/confirm_K3_i001202/gru/d32/n256/seed3/DONE.json,1.9860657789307687,1.9854790912352407,1.985392839271571,1.985379845856866,0.0090643476059134,-0.0068778554193584,25.64391388211286
done,confirm_K3_i001202,GRU,32,4,256,36,1.9790630489587784,16,44,6888,cpu,2.007221393287182,1.990808017551899,1.998204879462719,1.9932400584220888,project://predictive_profile_confirmatory64_v1/runs/confirm_K3_i001202/gru/d32/n256/seed4/DONE.json,1.9860657789307687,1.9854790912352407,1.985392839271571,1.985379845856866,0.0072058260404037,0.0078602125652225,20.38294317191336
done,confirm_K3_i001202,GRU,32,5,256,37,1.9717857018113136,16,45,6888,cpu,1.993806011974812,1.9947155863046648,1.9810394942760468,1.9761337116360664,project://predictive_profile_confirmatory64_v1/runs/confirm_K3_i001202/gru/d32/n256/seed5/DONE.json,1.9860657789307687,1.9854790912352407,1.985392839271571,1.985379845856866,0.0127875295184302,-0.0092461342207996,25.763884278386104
done,confirm_K3_i001202,GRU,128,1,256,5,2.0052523501217365,16,13,101256,cpu,1.9891038313508036,2.00050050765276,2.028316266834736,1.9748169481754303,project://predictive_profile_confirmatory64_v1/runs/confirm_K3_i001202/gru/d128/n256/seed1/DONE.json,1.9860657789307687,1.9854790912352407,1.985392839271571,1.985379845856866,0.0304151687474681,-0.0105628976814358,20.82839233000895
done,confirm_K3_i001202,GRU,128,2,256,15,1.977570742368698,16,23,101256,cpu,2.015507996082306,2.011129602789879,2.01021945476532,2.041691839694977,project://predictive_profile_confirmatory64_v1/runs/confirm_K3_i001202/gru/d128/n256/seed2/DONE.json,1.9860657789307687,1.9854790912352407,1.985392839271571,1.985379845856866,0.0257557782084606,0.0563119938381107,-38.1725923546699
done,confirm_K3_i001202,GRU,128,3,256,6,2.0223365761339664,16,14,101256,cpu,2.002689309418201,2.0034420043230057,1.988898366689682,1.9916776791214943,project://predictive_profile_confirmatory64_v1/runs/confirm_K3_i001202/gru/d128/n256/seed3/DONE.json,1.9860657789307687,1.9854790912352407,1.985392839271571,1.985379845856866,0.0079134550349021,0.0062978332646281,16.0535053865477
done,confirm_K3_i001202,GRU,128,4,256,3,2.010853722691536,16,12,101256,cpu,2.0002408176660538,2.0150084272027016,2.0145708322525024,2.0202201530337334,project://predictive_profile_confirmatory64_v1/runs/confirm_K3_i001202/gru/d128/n256/seed4/DONE.json,1.9860657789307687,1.9854790912352407,1.985392839271571,1.985379845856866,0.0110376802024168,0.0348403071768672,-29.12723723031266
done,confirm_K3_i001202,GRU,128,5,256,23,2.001104522496462,16,31,101256,cpu,2.007327675819397,2.001632146537304,1.9807921946048737,2.0184386894106865,project://predictive_profile_confirmatory64_v1/runs/confirm_K3_i001202/gru/d128/n256/seed5/DONE.json,1.9860657789307687,1.9854790912352407,1.985392839271571,1.985379845856866,0.0214663147749326,0.0330588435538203,-16.198393129045556
done,confirm_K3_i001202,GRU,256,1,256,17,1.9958755634725092,16,25,399112,cpu,2.003121674060821,2.020162381231785,2.028357304632664,1.994923070073128,project://predictive_profile_confirmatory64_v1/runs/confirm_K3_i001202/gru/d256/n256/seed1/DONE.json,1.9860657789307687,1.9854790912352407,1.985392839271571,1.985379845856866,0.0212452494181451,0.0095432242162616,11.95248384955054
done,confirm_K3_i001202,GRU,256,2,256,18,2.010829873383045,16,26,399112,cpu,1.9931697472929957,1.9965480715036392,1.9920781031250956,1.9999082013964653,project://predictive_profile_confirmatory64_v1/runs/confirm_K3_i001202/gru/d256/n256/seed2/DONE.json,1.9860657789307687,1.9854790912352407,1.985392839271571,1.985379845856866,0.0056701606992815,0.0145283555395991,-9.823777799678387
done,confirm_K3_i001202,GRU,256,3,256,13,2.019181903451681,16,21,399112,cpu,1.9851122722029688,2.009491555392742,2.019019916653633,2.027601666748524,project://predictive_profile_confirmatory64_v1/runs/confirm_K3_i001202/gru/d256/n256/seed3/DONE.json,1.9860657789307687,1.9854790912352407,1.985392839271571,1.985379845856866,0.0238199454434462,0.0422218208916576,-61.94393616830666
done,confirm_K3_i001202,GRU,256,4,256,30,1.9818273521959784,16,38,399112,cpu,1.9988901615142824,1.9792763888835907,1.992134347558021,2.0100422874093056,project://predictive_profile_confirmatory64_v1/runs/confirm_K3_i001202/gru/d256/n256/seed4/DONE.json,1.9860657789307687,1.9854790912352407,1.985392839271571,1.985379845856866,0.0188013071187615,0.0246624415524394,-16.258329448342593
done,confirm_K3_i001202,GRU,256,5,256,12,2.0110528245568275,16,20,399112,cpu,2.017109841108322,1.9936003610491757,1.995030090212822,2.00344405323267,project://predictive_profile_confirmatory64_v1/runs/confirm_K3_i001202/gru/d256/n256/seed5/DONE.json,1.9860657789307687,1.9854790912352407,1.985392839271571,1.985379845856866,0.0091971766426386,0.0180642073758037,19.92291725765673
done,confirm_K3_i001202,Transformer,8,1,256,24,2.009035736322403,16,32,1064,cpu,1.954127572476864,1.986940748989582,1.9742107465863228,2.0171433314681053,project://predictive_profile_confirmatory64_v1/runs/confirm_K3_i001202/transformer/d8/n256/seed1/DONE.json,1.9860657789307687,1.9854790912352407,1.985392839271571,1.985379845856866,0.041292944429561,0.0317634856112392,-91.86866968334344
done,confirm_K3_i001202,Transformer,8,2,256,44,1.9942838475108149,16,48,1064,cpu,2.0104281902313232,1.9655828475952148,1.98904912173748,2.0221994891762733,project://predictive_profile_confirmatory64_v1/runs/confirm_K3_i001202/transformer/d8/n256/seed2/DONE.json,1.9860657789307687,1.9854790912352407,1.985392839271571,1.985379845856866,0.0334353217655599,0.0368196433194072,-17.161002133891866
done,confirm_K3_i001202,Transformer,8,3,256,48,1.986494332551956,16,48,1064,cpu,2.0027393475174904,1.997941143810749,2.0118555277585983,1.9881810545921328,project://predictive_profile_confirmatory64_v1/runs/confirm_K3_i001202/transformer/d8/n256/seed3/DONE.json,1.9860657789307687,1.9854790912352407,1.985392839271571,1.985379845856866,0.014539944081708,0.0028012087352664,21.22407196744143
done,confirm_K3_i001202,Transformer,8,4,256,29,1.9988174326717851,16,37,1064,cpu,1.99832122027874,1.9899499267339704,1.9630530700087547,1.9582587108016012,project://predictive_profile_confirmatory64_v1/runs/confirm_K3_i001202/transformer/d8/n256/seed4/DONE.json,1.9860657789307687,1.9854790912352407,1.985392839271571,1.985379845856866,0.0253546289243478,-0.0271211350552647,58.40585765780596
done,confirm_K3_i001202,Transformer,8,5,256,34,1.9956953972578049,16,42,1064,cpu,2.0110059306025505,2.0152733474969864,2.0136973932385445,1.998435355722904,project://predictive_profile_confirmatory64_v1/runs/confirm_K3_i001202/transformer/d8/n256/seed5/DONE.json,1.9860657789307687,1.9854790912352407,1.985392839271571,1.985379845856866,0.012786356867213,0.013055509866038,18.326241083733866
done,confirm_K3_i001202,Transformer,32,1,256,13,1.986074071377516,16,21,13448,cpu,1.973973512649536,2.024822272360325,1.9919498339295387,1.9801321551203728,project://predictive_profile_confirmatory64_v1/runs/confirm_K3_i001202/transformer/d32/n256/seed1/DONE.json,1.9860657789307687,1.9854790912352407,1.985392839271571,1.985379845856866,0.023316006653292,-0.0052476907364933,-8.978488871803318
done,confirm_K3_i001202,Transformer,32,2,256,19,2.013832539319992,16,27,13448,cpu,2.000720262527466,1.995635971426964,1.9855131283402443,2.031203009188175,project://predictive_profile_confirmatory64_v1/runs/confirm_K3_i001202/transformer/d32/n256/seed2/DONE.json,1.9860657789307687,1.9854790912352407,1.985392839271571,1.985379845856866,0.0329101924381271,0.045823163331309,-44.43982630444836
done,confirm_K3_i001202,Transformer,32,3,256,19,2.010504335165024,16,27,13448,cpu,1.9986551851034164,2.005892165005207,2.0233882069587708,1.9876111522316933,project://predictive_profile_confirmatory64_v1/runs/confirm_K3_i001202/transformer/d32/n256/seed3/DONE.json,1.9860657789307687,1.9854790912352407,1.985392839271571,1.985379845856866,0.0207179570577536,0.0022313063748271,16.10074406951668
done,confirm_K3_i001202,Transformer,32,4,256,37,1.9759997688233848,16,45,13448,cpu,1.9887564554810524,2.0306024625897408,1.965223707258701,1.9994993284344675,project://predictive_profile_confirmatory64_v1/runs/confirm_K3_i001202/transformer/d32/n256/seed4/DONE.json,1.9860657789307687,1.9854790912352407,1.985392839271571,1.985379845856866,0.0238094929441713,0.0141194825776012,-15.661692608424708
done,confirm_K3_i001202,Transformer,32,5,256,28,1.996106892824173,16,36,13448,cpu,2.008650854229927,2.0223780497908592,1.984783798456192,2.012369640171528,project://predictive_profile_confirmatory64_v1/runs/confirm_K3_i001202/transformer/d32/n256/seed5/DONE.json,1.9860657789307687,1.9854790912352407,1.985392839271571,1.985379845856866,0.0148264020087052,0.0269897943146617,-5.421499681364936
done,confirm_K3_i001202,Transformer,128,1,256,41,1.975584801286459,16,48,201224,cpu,2.0010829642415047,1.9906653091311453,2.024386465549469,2.032984957098961,project://predictive_profile_confirmatory64_v1/runs/confirm_K3_i001202/transformer/d128/n256/seed1/DONE.json,1.9860657789307687,1.9854790912352407,1.985392839271571,1.985379845856866,0.0270900955263717,0.0476051112420947,-46.50890017002534
done,confirm_K3_i001202,Transformer,128,2,256,5,2.012646358460188,16,13,201224,cpu,2.0258525162935257,2.011436179280281,2.0289660170674324,1.9893598034977915,project://predictive_profile_confirmatory64_v1/runs/confirm_K3_i001202/transformer/d128/n256/seed2/DONE.json,1.9860657789307687,1.9854790912352407,1.985392839271571,1.985379845856866,0.0288649563358603,0.0039799576409251,53.20156467759775
done,confirm_K3_i001202,Transformer,128,3,256,15,2.013563834130764,16,23,201224,cpu,2.0474730134010315,2.019337438046932,2.0322623029351234,1.9955482333898544,project://predictive_profile_confirmatory64_v1/runs/confirm_K3_i001202/transformer/d128/n256/seed3/DONE.json,1.9860657789307687,1.9854790912352407,1.985392839271571,1.985379845856866,0.0336660162301299,0.0101683875329883,75.69948437644172
done,confirm_K3_i001202,Transformer,128,4,256,14,2.0232621990144253,16,22,201224,cpu,2.03934995085001,2.0523440539836884,2.006457395851612,2.057094924151897,project://predictive_profile_confirmatory64_v1/runs/confirm_K3_i001202/transformer/d128/n256/seed4/DONE.json,1.9860657789307687,1.9854790912352407,1.985392839271571,1.985379845856866,0.0270587198544621,0.0717150782950313,-25.869831878680284
done,confirm_K3_i001202,Transformer,128,5,256,9,2.01140958815813,16,17,201224,cpu,2.05451937019825,1.9821414276957512,2.0165139958262444,2.0253617018461227,project://predictive_profile_confirmatory64_v1/runs/confirm_K3_i001202/transformer/d128/n256/seed5/DONE.json,1.9860657789307687,1.9854790912352407,1.985392839271571,1.985379845856866,0.0262951158793071,0.0399818559892566,42.50803680632249
done,confirm_K3_i001202,Transformer,256,1,256,21,2.0154306925833225,16,29,795656,cpu,2.0119355469942093,2.027013137936592,2.004065252840519,1.997944213449955,project://predictive_profile_confirmatory64_v1/runs/confirm_K3_i001202/transformer/d256/n256/seed1/DONE.json,1.9860657789307687,1.9854790912352407,1.985392839271571,1.985379845856866,0.0162294810064533,0.0125643675930888,20.3975199280744
done,confirm_K3_i001202,Transformer,256,2,256,18,2.0044654086232185,16,26,795656,cpu,2.0308295115828514,2.014987453818321,2.023215875029564,2.0210055783391,project://predictive_profile_confirmatory64_v1/runs/confirm_K3_i001202/transformer/d256/n256/seed2/DONE.json,1.9860657789307687,1.9854790912352407,1.985392839271571,1.985379845856866,0.0056069912447071,0.0356257324822337,14.32199964911738
done,confirm_K3_i001202,Transformer,256,3,256,11,1.9820622839033604,16,19,795656,cpu,1.99414224922657,1.998349912464619,2.036394275724888,2.021834082901478,project://predictive_profile_confirmatory64_v1/runs/confirm_K3_i001202/transformer/d256/n256/seed3/DONE.json,1.9860657789307687,1.9854790912352407,1.985392839271571,1.985379845856866,0.0198311381279589,0.0364542370446117,-40.37104307764938
done,confirm_K3_i001202,Transformer,256,4,256,29,2.003164075314998,16,37,795656,cpu,1.991812027990818,2.0159872099757195,1.9997202008962631,2.0038824155926704,project://predictive_profile_confirmatory64_v1/runs/confirm_K3_i001202/transformer/d256/n256/seed4/DONE.json,1.9860657789307687,1.9854790912352407,1.985392839271571,1.985379845856866,0.0090040169765696,0.0185025697358043,-17.597033968893843
done,confirm_K3_i001202,Transformer,256,5,256,17,1.9883240945637224,16,25,795656,cpu,1.987343974411488,2.0101278200745583,1.9943862855434416,1.9911295771598816,project://predictive_profile_confirmatory64_v1/runs/confirm_K3_i001202/transformer/d256/n256/seed5/DONE.json,1.9860657789307687,1.9854790912352407,1.985392839271571,1.985379845856866,0.0098449025806047,0.0057497313030154,-5.5189097776780605
done,confirm_K3_i001105,GRU,8,1,256,48,1.7240659855306149,16,48,576,cpu,1.7834011986851692,1.6960167661309242,1.7238399758934977,1.76076640188694,project://predictive_profile_confirmatory64_v1/runs/confirm_K3_i001105/gru/d8/n256/seed1/DONE.json,1.7306708195749096,1.7277073876391709,1.727283956699459,1.7272283339254733,0.0387001248971008,0.0335380679614667,6.575131780704746
done,confirm_K3_i001105,GRU,8,2,256,48,1.7575819455087185,16,48,576,cpu,1.787127047777176,1.7056040465831757,1.7824082672595978,1.7654438614845276,project://predictive_profile_confirmatory64_v1/runs/confirm_K3_i001105/gru/d8/n256/seed2/DONE.json,1.7306708195749096,1.7277073876391709,1.727283956699459,1.7272283339254733,0.0326228294815633,0.0382155275590543,6.298700561380215
done,confirm_K3_i001105,GRU,8,3,256,44,1.7738655656576157,16,48,576,cpu,1.7762900218367577,1.747296154499054,1.758071519434452,1.761154979467392,project://predictive_profile_confirmatory64_v1/runs/confirm_K3_i001105/gru/d8/n256/seed3/DONE.json,1.7306708195749096,1.7277073876391709,1.727283956699459,1.7272283339254733,0.0093827566394193,0.0339266455419187,4.396544796590113
done,confirm_K3_i001105,GRU,8,4,256,47,1.7507543563842771,16,48,576,cpu,1.7771747335791588,1.6857343018054962,1.7513592690229416,1.744621865451336,project://predictive_profile_confirmatory64_v1/runs/confirm_K3_i001105/gru/d8/n256/seed4/DONE.json,1.7306708195749096,1.7277073876391709,1.727283956699459,1.7272283339254733,0.0332282102263239,0.0173935315258626,9.456210262823465
done,confirm_K3_i001105,GRU,8,5,256,46,1.7425276786088943,16,48,576,cpu,1.7880389094352722,1.73880784958601,1.7523995265364647,1.7879327982664108,project://predictive_profile_confirmatory64_v1/runs/confirm_K3_i001105/gru/d8/n256/seed5/DONE.json,1.7306708195749096,1.7277073876391709,1.727283956699459,1.7272283339254733,0.0305706471153309,0.0607044643409375,0.030823997444626
done,confirm_K3_i001105,GRU,32,1,256,23,1.7395368330180645,16,31,6888,cpu,1.7544759586453438,1.6920507326722145,1.7180641517043114,1.740514226257801,project://predictive_profile_confirmatory64_v1/runs/confirm_K3_i001105/gru/d32/n256/seed1/DONE.json,1.7306708195749096,1.7277073876391709,1.727283956699459,1.7272283339254733,0.0274432774112157,0.0132858923323277,4.055712589485615
done,confirm_K3_i001105,GRU,32,2,256,25,1.705978561192751,16,33,6888,cpu,1.7577093988656998,1.7027049288153648,1.7965096235275269,1.73830346763134,project://predictive_profile_confirmatory64_v1/runs/confirm_K3_i001105/gru/d32/n256/seed2/DONE.json,1.7306708195749096,1.7277073876391709,1.727283956699459,1.7272283339254733,0.0351351276505298,0.0110751337058667,5.6371858042565615
done,confirm_K3_i001105,GRU,32,3,256,35,1.7165895514190197,16,43,6888,cpu,1.7179996967315674,1.787703275680542,1.7725007236003876,1.7360064461827278,project://predictive_profile_confirmatory64_v1/runs/confirm_K3_i001105/gru/d32/n256/seed3/DONE.json,1.7306708195749096,1.7277073876391709,1.727283956699459,1.7272283339254733,0.0332080780643567,0.0087781122572545,-5.230740599923354
done,confirm_K3_i001105,GRU,32,4,256,37,1.6864651292562485,16,45,6888,cpu,1.766542673110962,1.7220860421657562,1.6960163339972496,1.7318613678216934,project://predictive_profile_confirmatory64_v1/runs/confirm_K3_i001105/gru/d32/n256/seed4/DONE.json,1.7306708195749096,1.7277073876391709,1.727283956699459,1.7272283339254733,0.0243406722018144,0.0046330338962201,10.074495240073578
done,confirm_K3_i001105,GRU,32,5,256,38,1.6878141984343529,16,46,6888,cpu,1.7616513520479202,1.6861618384718895,1.712452620267868,1.6971630677580831,project://predictive_profile_confirmatory64_v1/runs/confirm_K3_i001105/gru/d32/n256/seed5/DONE.json,1.7306708195749096,1.7277073876391709,1.727283956699459,1.7272283339254733,0.0319783483180306,-0.0300652661673899,18.733058277351148
done,confirm_K3_i001105,GRU,128,1,256,9,1.7169416695833206,16,17,101256,cpu,1.7231279239058497,1.6997726932168007,1.6674939841032028,1.7622298151254654,project://predictive_profile_confirmatory64_v1/runs/confirm_K3_i001105/gru/d128/n256/seed1/DONE.json,1.7306708195749096,1.7277073876391709,1.727283956699459,1.7272283339254733,0.0607379739494805,0.0350014811999921,-11.358621415318837
done,confirm_K3_i001105,GRU,128,2,256,11,1.7245923951268196,16,19,101256,cpu,1.7482979744672775,1.746387004852295,1.7484238669276235,1.7367769330739975,project://predictive_profile_confirmatory64_v1/runs/confirm_K3_i001105/gru/d128/n256/seed2/DONE.json,1.7306708195749096,1.7277073876391709,1.727283956699459,1.7272283339254733,0.0084112580264106,0.0095485991485242,3.3467216908126485
done,confirm_K3_i001105,GRU,128,3,256,8,1.765842743217945,16,16,101256,cpu,1.752905786037445,1.7019526287913322,1.7060526460409164,1.7265231683850288,project://predictive_profile_confirmatory64_v1/runs/confirm_K3_i001105/gru/d128/n256/seed3/DONE.json,1.7306708195749096,1.7277073876391709,1.727283956699459,1.7272283339254733,0.0198434776097161,-0.0007051655404444,7.663827925248039
done,confirm_K3_i001105,GRU,128,4,256,23,1.70517186075449,16,31,101256,cpu,1.7822861820459366,1.7615680918097496,1.7381913363933563,1.6839428767561913,project://predictive_profile_confirmatory64_v1/runs/confirm_K3_i001105/gru/d128/n256/seed4/DONE.json,1.7306708195749096,1.7277073876391709,1.727283956699459,1.7272283339254733,0.0668852736877809,-0.043285457169282,28.5675280319168
done,confirm_K3_i001105,GRU,128,5,256,14,1.7289333678781986,16,22,101256,cpu,1.7357869371771812,1.7660571485757828,1.7162912264466286,1.734618566930294,project://predictive_profile_confirmatory64_v1/runs/confirm_K3_i001105/gru/d128/n256/seed5/DONE.json,1.7306708195749096,1.7277073876391709,1.727283956699459,1.7272283339254733,0.0180388283208446,0.0073902330048207,0.3393972744892909
done,confirm_K3_i001105,GRU,256,1,256,22,1.7204018533229828,16,30,399112,cpu,1.7122608348727226,1.7284396514296532,1.7379596009850502,1.6922508776187897,project://predictive_profile_confirmatory64_v1/runs/confirm_K3_i001105/gru/d256/n256/seed1/DONE.json,1.7306708195749096,1.7277073876391709,1.727283956699459,1.7272283339254733,0.0301407980089781,-0.0349774563066835,5.812647979290495
done,confirm_K3_i001105,GRU,256,2,256,13,1.7581849172711372,16,21,399112,cpu,1.7422568500041962,1.7770260125398636,1.7006269469857216,1.7206534072756767,project://predictive_profile_confirmatory64_v1/runs/confirm_K3_i001105/gru/d256/n256/seed2/DONE.json,1.7306708195749096,1.7277073876391709,1.727283956699459,1.7272283339254733,0.0310531782879889,-0.0065749266497965,6.275536030791124
done,confirm_K3_i001105,GRU,256,3,256,11,1.749639168381691,16,19,399112,cpu,1.7934828102588654,1.7909549698233604,1.734576940536499,1.8085338026285167,project://predictive_profile_confirmatory64_v1/runs/confirm_K3_i001105/gru/d256/n256/seed3/DONE.json,1.7306708195749096,1.7277073876391709,1.727283956699459,1.7272283339254733,0.03919803538065,0.0813054687030438,-4.372129299105714
done,confirm_K3_i001105,GRU,256,4,256,2,1.7677944861352444,16,12,399112,cpu,1.769130855798721,1.7537383437156675,1.75326719135046,1.7516366764903069,project://predictive_profile_confirmatory64_v1/runs/confirm_K3_i001105/gru/d256/n256/seed4/DONE.json,1.7306708195749096,1.7277073876391709,1.727283956699459,1.7272283339254733,0.0071162359147422,0.0244083425648335,5.081845239145338
done,confirm_K3_i001105,GRU,256,5,256,18,1.739890068769455,16,26,399112,cpu,1.696126103401184,1.679964505136013,1.7606253176927569,1.716706059873104,project://predictive_profile_confirmatory64_v1/runs/confirm_K3_i001105/gru/d256/n256/seed5/DONE.json,1.7306708195749096,1.7277073876391709,1.727283956699459,1.7272283339254733,0.0311707791783437,-0.0105222740523691,-5.978225784409417
done,confirm_K3_i001105,Transformer,8,1,256,40,1.77613553032279,16,48,1064,cpu,1.7406343072652817,1.744554564356804,1.7403540685772896,1.7649804130196571,project://predictive_profile_confirmatory64_v1/runs/confirm_K3_i001105/transformer/d8/n256/seed1/DONE.json,1.7306708195749096,1.7277073876391709,1.727283956699459,1.7272283339254733,0.021321469586137,0.0377520790941838,-7.072246113316829
done,confirm_K3_i001105,Transformer,8,2,256,31,1.7275543510913849,16,39,1064,cpu,1.7982402220368383,1.7188279554247856,1.7966905236244202,1.769801251590252,project://predictive_profile_confirmatory64_v1/runs/confirm_K3_i001105/transformer/d8/n256/seed2/DONE.json,1.7306708195749096,1.7277073876391709,1.727283956699459,1.7272283339254733,0.0315919819452679,0.0425729176647786,8.26117327496854
done,confirm_K3_i001105,Transformer,8,3,256,44,1.7723496556282043,16,48,1064,cpu,1.7000353336334229,1.7301346883177755,1.7379972636699677,1.7442051246762276,project://predictive_profile_confirmatory64_v1/runs/confirm_K3_i001105/transformer/d8/n256/seed3/DONE.json,1.7306708195749096,1.7277073876391709,1.727283956699459,1.7272283339254733,0.025089080205557,0.0169767907507543,-12.830784363628732
done,confirm_K3_i001105,Transformer,8,4,256,30,1.751179527491331,16,38,1064,cpu,1.7359930202364922,1.7621243074536324,1.7377218157052994,1.6941799893975258,project://predictive_profile_confirmatory64_v1/runs/confirm_K3_i001105/transformer/d8/n256/seed4/DONE.json,1.7306708195749096,1.7277073876391709,1.727283956699459,1.7272283339254733,0.044482891454791,-0.0330483445279474,12.146174333598774
done,confirm_K3_i001105,Transformer,8,5,256,25,1.7603026628494265,16,33,1064,cpu,1.7488251253962517,1.744404762983322,1.745690919458866,1.7764946892857552,project://predictive_profile_confirmatory64_v1/runs/confirm_K3_i001105/transformer/d8/n256/seed5/DONE.json,1.7306708195749096,1.7277073876391709,1.727283956699459,1.7272283339254733,0.0272992682937633,0.0492663553602819,-8.037670075410075
done,confirm_K3_i001105,Transformer,32,1,256,7,1.7397125624120235,16,15,13448,cpu,1.7239009886980057,1.753755770623684,1.7492353096604347,1.7019960060715675,project://predictive_profile_confirmatory64_v1/runs/confirm_K3_i001105/transformer/d32/n256/seed1/DONE.json,1.7306708195749096,1.7277073876391709,1.727283956699459,1.7272283339254733,0.036044676562427,-0.0252323278539057,6.3631296850938135
done,confirm_K3_i001105,Transformer,32,2,256,10,1.663515392690897,16,18,13448,cpu,1.7091766595840454,1.8026383891701696,1.7476088777184486,1.7519192099571228,project://predictive_profile_confirmatory64_v1/runs/confirm_K3_i001105/transformer/d32/n256/seed2/DONE.json,1.7306708195749096,1.7277073876391709,1.727283956699459,1.7272283339254733,0.0341913341570778,0.0246908760316495,-12.41618839575273
done,confirm_K3_i001105,Transformer,32,3,256,28,1.7541390880942345,16,36,13448,cpu,1.7709303870797155,1.736009106040001,1.776801735162735,1.704767070710659,project://predictive_profile_confirmatory64_v1/runs/confirm_K3_i001105/transformer/d32/n256/seed3/DONE.json,1.7306708195749096,1.7277073876391709,1.727283956699459,1.7272283339254733,0.0501528814848657,-0.0224612632148142,19.21963462066693
done,confirm_K3_i001105,Transformer,32,4,256,12,1.7231648303568363,16,20,13448,cpu,1.7860939651727676,1.7266222462058067,1.7221236377954483,1.721546791493893,project://predictive_profile_confirmatory64_v1/runs/confirm_K3_i001105/transformer/d32/n256/seed4/DONE.json,1.7306708195749096,1.7277073876391709,1.727283956699459,1.7272283339254733,0.0306397677670585,-0.0056815424315805,18.750164924999112
done,confirm_K3_i001105,Transformer,32,5,256,25,1.729982607066631,16,33,13448,cpu,1.7189138680696487,1.7537883073091507,1.732676900923252,1.7681370377540588,project://predictive_profile_confirmatory64_v1/runs/confirm_K3_i001105/transformer/d32/n256/seed5/DONE.json,1.7306708195749096,1.7277073876391709,1.727283956699459,1.7272283339254733,0.0326148111105335,0.0409087038285855,-14.298729086196488
done,confirm_K3_i001105,Transformer,128,1,256,8,1.7375808656215668,16,16,201224,cpu,1.760978952050209,1.7621163725852966,1.6898871585726738,1.719240739941597,project://predictive_profile_confirmatory64_v1/runs/confirm_K3_i001105/transformer/d128/n256/seed1/DONE.json,1.7306708195749096,1.7277073876391709,1.727283956699459,1.7272283339254733,0.0321283903204128,-0.0079875939838762,12.124440407019716
done,confirm_K3_i001105,Transformer,128,2,256,9,1.6836648844182491,16,17,201224,cpu,1.7704538777470589,1.7851230055093763,1.770262487232685,1.6915462464094162,project://predictive_profile_confirmatory64_v1/runs/confirm_K3_i001105/transformer/d128/n256/seed2/DONE.json,1.7306708195749096,1.7277073876391709,1.727283956699459,1.7272283339254733,0.0716757696049103,-0.035682087516057,22.92170233173277
done,confirm_K3_i001105,Transformer,128,3,256,9,1.7453685738146305,16,17,201224,cpu,1.7521563172340393,1.7385307028889656,1.7960057109594345,1.75717331469059,project://predictive_profile_confirmatory64_v1/runs/confirm_K3_i001105/transformer/d128/n256/seed3/DONE.json,1.7306708195749096,1.7277073876391709,1.727283956699459,1.7272283339254733,0.0220274777787421,0.0299449807651166,-1.4573764330352377
done,confirm_K3_i001105,Transformer,128,4,256,9,1.7294062487781048,16,17,201224,cpu,1.7981147393584251,1.816874422132969,1.8078828901052475,1.7015844285488129,project://predictive_profile_confirmatory64_v1/runs/confirm_K3_i001105/transformer/d128/n256/seed4/DONE.json,1.7306708195749096,1.7277073876391709,1.727283956699459,1.7272283339254733,0.09101433389794,-0.0256439053766603,28.04087529759679
done,confirm_K3_i001105,Transformer,128,5,256,36,1.714488197118044,16,44,201224,cpu,1.6711386442184448,1.7377289533615112,1.7052597180008888,1.696838065981865,project://predictive_profile_confirmatory64_v1/runs/confirm_K3_i001105/transformer/d128/n256/seed5/DONE.json,1.7306708195749096,1.7277073876391709,1.727283956699459,1.7272283339254733,0.0252604310792226,-0.0303902679436083,-7.465367870924218
done,confirm_K3_i001105,Transformer,256,1,256,16,1.7684314735233784,16,24,795656,cpu,1.7221365794539452,1.7625888139009476,1.7625410854816437,1.6554655656218529,project://predictive_profile_confirmatory64_v1/runs/confirm_K3_i001105/transformer/d256/n256/seed1/DONE.json,1.7306708195749096,1.7277073876391709,1.727283956699459,1.7272283339254733,0.0818903067873473,-0.0717627683036203,19.367114527553024
done,confirm_K3_i001105,Transformer,256,2,256,34,1.7494585067033768,16,42,795656,cpu,1.7954784333705902,1.7752696722745895,1.7266536727547646,1.6576872542500496,project://predictive_profile_confirmatory64_v1/runs/confirm_K3_i001105/transformer/d256/n256/seed2/DONE.json,1.7306708195749096,1.7277073876391709,1.727283956699459,1.7272283339254733,0.0955398701309469,-0.0695410796754236,40.02665316647002
done,confirm_K3_i001105,Transformer,256,3,256,25,1.7233031280338764,16,33,795656,cpu,1.7109778374433515,1.7675988003611565,1.7833864390850067,1.682226151227951,project://predictive_profile_confirmatory64_v1/runs/confirm_K3_i001105/transformer/d256/n256/seed3/DONE.json,1.7306708195749096,1.7277073876391709,1.727283956699459,1.7272283339254733,0.0672116646834814,-0.0450021826975222,8.352013383151789
done,confirm_K3_i001105,Transformer,256,4,256,12,1.7414472736418247,16,20,795656,cpu,1.7193660885095596,1.6891941502690315,1.7166685909032822,1.7260791212320328,project://predictive_profile_confirmatory64_v1/runs/confirm_K3_i001105/transformer/d256/n256/seed4/DONE.json,1.7306708195749096,1.7277073876391709,1.727283956699459,1.7272283339254733,0.0199299582789804,-0.0011492126934404,-1.9500539453438877
done,confirm_K3_i001105,Transformer,256,5,256,9,1.7357452884316444,16,17,795656,cpu,1.7648936212062836,1.774791270494461,1.7784131169319153,1.7074690088629725,project://predictive_profile_confirmatory64_v1/runs/confirm_K3_i001105/transformer/d256/n256/seed5/DONE.json,1.7306708195749096,1.7277073876391709,1.727283956699459,1.7272283339254733,0.0556939444521304,-0.019759325062501,16.681147923655978
done,confirm_K3_i000321,GRU,8,1,256,48,1.370901320129633,16,48,576,cpu,1.3610035255551338,1.4222424998879433,1.374497413635254,1.415482796728611,project://predictive_profile_confirmatory64_v1/runs/confirm_K3_i000321/gru/d8/n256/seed1/DONE.json,1.3475309797921202,1.346869451695575,1.346830231354772,1.3468278515815026,0.0345334143081858,0.0686549451471083,-77.4812763174821
done,confirm_K3_i000321,GRU,8,2,256,47,1.340163677930832,16,48,576,cpu,1.4087360575795174,1.367767721414566,1.3806892484426498,1.439600184559822,project://predictive_profile_confirmatory64_v1/runs/confirm_K3_i000321/gru/d8/n256/seed2/DONE.json,1.3475309797921202,1.346869451695575,1.346830231354772,1.3468278515815026,0.0490743093657509,0.0927723329783194,-43.89544682497653
done,confirm_K3_i000321,GRU,8,3,256,48,1.366022851318121,16,48,576,cpu,1.3931230306625366,1.413243107497692,1.3226355835795405,1.3559625670313835,project://predictive_profile_confirmatory64_v1/runs/confirm_K3_i000321/gru/d8/n256/seed3/DONE.json,1.3475309797921202,1.346869451695575,1.346830231354772,1.3468278515815026,0.0378030423762551,0.0091347154498808,52.85019583912596
done,confirm_K3_i000321,GRU,8,4,256,48,1.4033821783959866,16,48,576,cpu,1.3438253924250605,1.3312817588448524,1.3768745809793472,1.4147372096776962,project://predictive_profile_confirmatory64_v1/runs/confirm_K3_i000321/gru/d8/n256/seed4/DONE.json,1.3475309797921202,1.346869451695575,1.346830231354772,1.3468278515815026,0.0581683264266138,0.0679093580961935,-100.85190180372967
done,confirm_K3_i000321,GRU,8,5,256,48,1.3917833641171455,16,48,576,cpu,1.383618861436844,1.333949349820614,1.3296036943793297,1.3880130499601364,project://predictive_profile_confirmatory64_v1/runs/confirm_K3_i000321/gru/d8/n256/seed5/DONE.json,1.3475309797921202,1.346869451695575,1.346830231354772,1.3468278515815026,0.0398914056548903,0.0411851983786337,-6.249484029993631
done,confirm_K3_i000321,GRU,32,1,256,40,1.3704409264028072,16,48,6888,cpu,1.4169138446450231,1.3365002870559692,1.3344706594944,1.3288288488984108,project://predictive_profile_confirmatory64_v1/runs/confirm_K3_i000321/gru/d32/n256/seed1/DONE.json,1.3475309797921202,1.346869451695575,1.346830231354772,1.3468278515815026,0.0439477200280408,-0.0179990026830918,125.2758663590601
done,confirm_K3_i000321,GRU,32,2,256,35,1.385483518242836,16,43,6888,cpu,1.3845960423350334,1.3674719333648682,1.350723460316658,1.418547473847866,project://predictive_profile_confirmatory64_v1/runs/confirm_K3_i000321/gru/d32/n256/seed2/DONE.json,1.3475309797921202,1.346869451695575,1.346830231354772,1.3468278515815026,0.0458648018668468,0.0717196222663634,-48.28625988852331
done,confirm_K3_i000321,GRU,32,3,256,43,1.3426232747733593,16,48,6888,cpu,1.371169529855251,1.3192504942417145,1.35290364921093,1.3627119585871696,project://predictive_profile_confirmatory64_v1/runs/confirm_K3_i000321/gru/d32/n256/seed3/DONE.json,1.3475309797921202,1.346869451695575,1.346830231354772,1.3468278515815026,0.022632375185172,0.015884107005667,12.028490878858571
done,confirm_K3_i000321,GRU,32,4,256,36,1.3116027526557446,16,44,6888,cpu,1.3689755126833916,1.4024200662970543,1.364588402211666,1.395823672413826,project://predictive_profile_confirmatory64_v1/runs/confirm_K3_i000321/gru/d32/n256/seed4/DONE.json,1.3475309797921202,1.346869451695575,1.346830231354772,1.3468278515815026,0.0210821581233655,0.0489958208323233,-38.18387503874004
done,confirm_K3_i000321,GRU,32,5,256,48,1.3323587737977505,16,48,6888,cpu,1.364556960761547,1.3385833948850632,1.3861865550279615,1.3003299310803411,project://predictive_profile_confirmatory64_v1/runs/confirm_K3_i000321/gru/d32/n256/seed5/DONE.json,1.3475309797921202,1.346869451695575,1.346830231354772,1.3468278515815026,0.0567150417162565,-0.0464979205011613,91.34469178074
done,confirm_K3_i000321,GRU,128,1,256,17,1.3524879924952984,16,25,101256,cpu,1.3136420771479609,1.317146636545658,1.4114328548312187,1.3997095748782158,project://predictive_profile_confirmatory64_v1/runs/confirm_K3_i000321/gru/d128/n256/seed1/DONE.json,1.3475309797921202,1.346869451695575,1.346830231354772,1.3468278515815026,0.0601872719085499,0.0528817232967131,-122.40654894881796
done,confirm_K3_i000321,GRU,128,2,256,21,1.3693809248507025,16,29,101256,cpu,1.359093263745308,1.382220596075058,1.382070630788803,1.3476639688014984,project://predictive_profile_confirmatory64_v1/runs/confirm_K3_i000321/gru/d128/n256/seed2/DONE.json,1.3475309797921202,1.346869451695575,1.346830231354772,1.3468278515815026,0.0249499117597205,0.0008361172199957,16.25492302999883
done,confirm_K3_i000321,GRU,128,3,256,15,1.3505336828529837,16,23,101256,cpu,1.3829654306173325,1.3718063905835152,1.351255103945732,1.348370410501957,project://predictive_profile_confirmatory64_v1/runs/confirm_K3_i000321/gru/d128/n256/seed3/DONE.json,1.3475309797921202,1.346869451695575,1.346830231354772,1.3468278515815026,0.0206413727925378,0.0015425589204542,49.20158172147551
done,confirm_K3_i000321,GRU,128,4,256,9,1.3273412063717842,16,17,101256,cpu,1.3759617432951927,1.3258013352751732,1.3534999266266825,1.325160276144743,project://predictive_profile_confirmatory64_v1/runs/confirm_K3_i000321/gru/d128/n256/seed4/DONE.json,1.3475309797921202,1.346869451695575,1.346830231354772,1.3468278515815026,0.0287802181491864,-0.0216675754367596,72.25064559112124
done,confirm_K3_i000321,GRU,128,5,256,14,1.3332578986883163,16,22,101256,cpu,1.4015623033046722,1.4075703993439674,1.4017231985926628,1.4454471841454506,project://predictive_profile_confirmatory64_v1/runs/confirm_K3_i000321/gru/d128/n256/seed5/DONE.json,1.3475309797921202,1.346869451695575,1.346830231354772,1.3468278515815026,0.0365304307749012,0.0986193325639479,-62.41376775685489
done,confirm_K3_i000321,GRU,256,1,256,29,1.3570748306810856,16,37,399112,cpu,1.3616283535957336,1.3955874145030975,1.3649496883153915,1.28672356903553,project://predictive_profile_confirmatory64_v1/runs/confirm_K3_i000321/gru/d256/n256/seed1/DONE.json,1.3475309797921202,1.346869451695575,1.346830231354772,1.3468278515815026,0.0765949089548279,-0.0601042825459725,106.53076271027824
done,confirm_K3_i000321,GRU,256,2,256,13,1.351326446980238,16,21,399112,cpu,1.396214298903942,1.4238543882966042,1.3554215356707573,1.3492108583450315,project://predictive_profile_confirmatory64_v1/runs/confirm_K3_i000321/gru/d256/n256/seed2/DONE.json,1.3475309797921202,1.346869451695575,1.346830231354772,1.3468278515815026,0.0440105379924188,0.002383006763529,66.849032436952
done,confirm_K3_i000321,GRU,256,3,256,15,1.3726175799965858,16,23,399112,cpu,1.3594781458377838,1.349452018737793,1.343617670238018,1.4031246602535248,project://predictive_profile_confirmatory64_v1/runs/confirm_K3_i000321/gru/d256/n256/seed3/DONE.json,1.3475309797921202,1.346869451695575,1.346830231354772,1.3468278515815026,0.0458079568623399,0.0562968086720221,-62.07475927811952
done,confirm_K3_i000321,GRU,256,4,256,24,1.3927963934838772,16,32,399112,cpu,1.3903685435652733,1.3999966457486153,1.31276173889637,1.307985134422779,project://predictive_profile_confirmatory64_v1/runs/confirm_K3_i000321/gru/d256/n256/seed4/DONE.json,1.3475309797921202,1.346869451695575,1.346830231354772,1.3468278515815026,0.0615486110381444,-0.0388427171587235,117.16698021564896
done,confirm_K3_i000321,GRU,256,5,256,4,1.3780444748699665,16,12,399112,cpu,1.4083782061934471,1.3642473220825195,1.4495273604989052,1.368435025215149,project://predictive_profile_confirmatory64_v1/runs/confirm_K3_i000321/gru/d256/n256/seed5/DONE.json,1.3475309797921202,1.346869451695575,1.346830231354772,1.3468278515815026,0.0450922655004593,0.0216071736336462,56.807820217048366
done,confirm_K3_i000321,Transformer,8,1,256,46,1.3475430645048618,16,48,1064,cpu,1.3640955910086632,1.3796689212322235,1.3657699152827265,1.3584990575909617,project://predictive_profile_confirmatory64_v1/runs/confirm_K3_i000321/transformer/d8/n256/seed1/DONE.json,1.3475309797921202,1.346869451695575,1.346830231354772,1.3468278515815026,0.0114365609499397,0.0116712060094588,7.959477849404075
done,confirm_K3_i000321,Transformer,8,2,256,48,1.3365138657391071,16,48,1064,cpu,1.28080765157938,1.3797117993235588,1.3676465600728989,1.324571929872036,project://predictive_profile_confirmatory64_v1/runs/confirm_K3_i000321/transformer/d8/n256/seed2/DONE.json,1.3475309797921202,1.346869451695575,1.346830231354772,1.3468278515815026,0.0414378700044021,-0.0222559217094666,-62.242244916068174
done,confirm_K3_i000321,Transformer,8,3,256,45,1.3603822886943815,16,48,1064,cpu,1.4023891016840937,1.3858633264899254,1.3487650379538536,1.36954627931118,project://predictive_profile_confirmatory64_v1/runs/confirm_K3_i000321/transformer/d8/n256/seed3/DONE.json,1.3475309797921202,1.346869451695575,1.346830231354772,1.3468278515815026,0.0207954864411789,0.0227184277296774,46.70957853343224
done,confirm_K3_i000321,Transformer,8,4,256,46,1.348339393734932,16,48,1064,cpu,1.3902048245072365,1.32942596077919,1.3804875910282135,1.3382367342710495,project://predictive_profile_confirmatory64_v1/runs/confirm_K3_i000321/transformer/d8/n256/seed4/DONE.json,1.3475309797921202,1.346869451695575,1.346830231354772,1.3468278515815026,0.0335089340974938,-0.0085911173104531,73.90983529240282
done,confirm_K3_i000321,Transformer,8,5,256,32,1.3447833210229874,16,40,1064,cpu,1.374037265777588,1.354832649230957,1.3815718367695808,1.3749084547162056,project://predictive_profile_confirmatory64_v1/runs/confirm_K3_i000321/transformer/d8/n256/seed5/DONE.json,1.3475309797921202,1.346869451695575,1.346830231354772,1.3468278515815026,0.0106249403987686,0.0280806031347029,-1.2390186106350616
done,confirm_K3_i000321,Transformer,32,1,256,17,1.3162793777883053,16,25,13448,cpu,1.3464289009571075,1.294493392109871,1.3109298944473269,1.3181941658258438,project://predictive_profile_confirmatory64_v1/runs/confirm_K3_i000321/transformer/d32/n256/seed1/DONE.json,1.3475309797921202,1.346869451695575,1.346830231354772,1.3468278515815026,0.0185370838704497,-0.0286336857556588,40.15588438197411
done,confirm_K3_i000321,Transformer,32,2,256,21,1.3266067169606686,16,29,13448,cpu,1.3570157289505005,1.3316115364432335,1.3989015594124794,1.401236206293106,project://predictive_profile_confirmatory64_v1/runs/confirm_K3_i000321/transformer/d32/n256/seed2/DONE.json,1.3475309797921202,1.346869451695575,1.346830231354772,1.3468278515815026,0.0414637829924256,0.0544083547116034,-62.89105838004362
done,confirm_K3_i000321,Transformer,32,3,256,47,1.3554730340838432,16,48,13448,cpu,1.3526726886630058,1.3501018062233925,1.3505680039525032,1.3487344831228256,project://predictive_profile_confirmatory64_v1/runs/confirm_K3_i000321/transformer/d32/n256/seed3/DONE.json,1.3475309797921202,1.346869451695575,1.346830231354772,1.3468278515815026,0.0019733438837183,0.0019066315413229,5.600977859672527
done,confirm_K3_i000321,Transformer,32,4,256,24,1.3599104434251783,16,32,13448,cpu,1.3470019176602364,1.3759336844086647,1.2971522137522695,1.3910566419363022,project://predictive_profile_confirmatory64_v1/runs/confirm_K3_i000321/transformer/d32/n256/seed4/DONE.json,1.3475309797921202,1.346869451695575,1.346830231354772,1.3468278515815026,0.0525635751933266,0.0442287903547995,-62.65532176183258
done,confirm_K3_i000321,Transformer,32,5,256,15,1.368026029318571,16,23,13448,cpu,1.3268338069319725,1.3712514117360115,1.3534028604626656,1.3415837809443474,project://predictive_profile_confirmatory64_v1/runs/confirm_K3_i000321/transformer/d32/n256/seed5/DONE.json,1.3475309797921202,1.346869451695575,1.346830231354772,1.3468278515815026,0.0177209935873281,-0.0052440706371552,-20.97764502923241
done,confirm_K3_i000321,Transformer,128,1,256,19,1.348057143390179,16,27,201224,cpu,1.336335875093937,1.3416023179888723,1.3902501687407494,1.402466468513012,project://predictive_profile_confirmatory64_v1/runs/confirm_K3_i000321/transformer/d128/n256/seed1/DONE.json,1.3475309797921202,1.346869451695575,1.346830231354772,1.3468278515815026,0.045622233991541,0.0556386169315092,-94.05197006814838
done,confirm_K3_i000321,Transformer,128,2,256,20,1.3633125238120556,16,28,201224,cpu,1.3310453295707705,1.2998489066958427,1.306779496371746,1.4141900166869164,project://predictive_profile_confirmatory64_v1/runs/confirm_K3_i000321/transformer/d128/n256/seed2/DONE.json,1.3475309797921202,1.346869451695575,1.346830231354772,1.3468278515815026,0.0889541899118277,0.0673621651054137,-118.2496817232207
done,confirm_K3_i000321,Transformer,128,3,256,13,1.3405598551034927,16,21,201224,cpu,1.315502181649208,1.4248417615890503,1.3045040369033811,1.385963253676891,project://predictive_profile_confirmatory64_v1/runs/confirm_K3_i000321/transformer/d128/n256/seed3/DONE.json,1.3475309797921202,1.346869451695575,1.346830231354772,1.3468278515815026,0.0574644248966791,0.0391354020953886,-100.21084485544311
done,confirm_K3_i000321,Transformer,128,4,256,7,1.3333315216004848,16,15,201224,cpu,1.3372285440564156,1.3246624693274498,1.3577385768294334,1.3613685294985771,project://predictive_profile_confirmatory64_v1/runs/confirm_K3_i000321/transformer/d128/n256/seed4/DONE.json,1.3475309797921202,1.346869451695575,1.346830231354772,1.3468278515815026,0.0222528912243642,0.0145406779170744,-34.33226697156521
done,confirm_K3_i000321,Transformer,128,5,256,17,1.3830094374716282,16,25,201224,cpu,1.3868078365921974,1.3438768908381462,1.3650125786662102,1.3431939110159874,project://predictive_profile_confirmatory64_v1/runs/confirm_K3_i000321/transformer/d128/n256/seed5/DONE.json,1.3475309797921202,1.346869451695575,1.346830231354772,1.3468278515815026,0.0240712396606977,-0.0036339405655152,62.0284109179786
done,confirm_K3_i000321,Transformer,256,1,256,29,1.357093472033739,16,37,795656,cpu,1.38470708578825,1.3622388690710068,1.3889371678233149,1.3451189175248146,project://predictive_profile_confirmatory64_v1/runs/confirm_K3_i000321/transformer/d256/n256/seed1/DONE.json,1.3475309797921202,1.346869451695575,1.346830231354772,1.3468278515815026,0.0305104364825874,-0.001708934056688,56.30291555030059
done,confirm_K3_i000321,Transformer,256,2,256,7,1.3370689824223518,16,15,795656,cpu,1.3437943011522293,1.3901102617383003,1.3560140281915665,1.399489887058735,project://predictive_profile_confirmatory64_v1/runs/confirm_K3_i000321/transformer/d256/n256/seed2/DONE.json,1.3475309797921202,1.346869451695575,1.346830231354772,1.3468278515815026,0.0359163322112226,0.0526620354772322,-79.21113826109561
done,confirm_K3_i000321,Transformer,256,3,256,8,1.3464624844491482,16,16,795656,cpu,1.3277335166931152,1.353196106851101,1.3375393822789192,1.3703673779964447,project://predictive_profile_confirmatory64_v1/runs/confirm_K3_i000321/transformer/d256/n256/seed3/DONE.json,1.3475309797921202,1.346869451695575,1.346830231354772,1.3468278515815026,0.0285140805216991,0.023539526414942,-60.634548094554496
done,confirm_K3_i000321,Transformer,256,4,256,7,1.3881494291126728,16,15,795656,cpu,1.344688542187214,1.3830968514084816,1.3899831026792526,1.3689735680818558,project://predictive_profile_confirmatory64_v1/runs/confirm_K3_i000321/transformer/d256/n256/seed4/DONE.json,1.3475309797921202,1.346869451695575,1.346830231354772,1.3468278515815026,0.0177764043150728,0.0221457165003531,-34.53854578429116
done,confirm_K3_i000321,Transformer,256,5,256,20,1.3477854318916798,16,28,795656,cpu,1.351633720099926,1.3117822632193563,1.3419453874230385,1.397069901227951,project://predictive_profile_confirmatory64_v1/runs/confirm_K3_i000321/transformer/d256/n256/seed5/DONE.json,1.3475309797921202,1.346869451695575,1.346830231354772,1.3468278515815026,0.055787295015133,0.0502420496464484,-64.62005142435865
done,confirm_K3_i000682,GRU,8,1,256,48,1.5147528126835823,16,48,576,cpu,1.5438602045178411,1.5597900748252869,1.5240926519036293,1.4780457764863968,project://predictive_profile_confirmatory64_v1/runs/confirm_K3_i000682/gru/d8/n256/seed1/DONE.json,1.5404346893694707,1.475849110543768,1.4479877908350498,1.4355444345032462,0.033065688538037,0.0425013419831505,0.6274598923930856
done,confirm_K3_i000682,GRU,8,2,256,48,1.5321469493210316,16,48,576,cpu,1.576432682573795,1.5011543110013008,1.5056658759713173,1.4834112003445623,project://predictive_profile_confirmatory64_v1/runs/confirm_K3_i000682/gru/d8/n256/seed2/DONE.json,1.5404346893694707,1.475849110543768,1.4479877908350498,1.4355444345032462,0.0136579096385833,0.0478667658413163,0.8868458022899366
done,confirm_K3_i000682,GRU,8,3,256,48,1.5095248073339462,16,48,576,cpu,1.5587868839502337,1.544877603650093,1.546824775636196,1.522049404680729,project://predictive_profile_confirmatory64_v1/runs/confirm_K3_i000682/gru/d8/n256/seed3/DONE.json,1.5404346893694707,1.475849110543768,1.4479877908350498,1.4355444345032462,0.0357152161446414,0.0865049701774827,0.3502468300449741
done,confirm_K3_i000682,GRU,8,4,256,48,1.512443445622921,16,48,576,cpu,1.5830149129033089,1.5549047961831093,1.4818172305822372,1.4794886782765388,project://predictive_profile_confirmatory64_v1/runs/confirm_K3_i000682/gru/d8/n256/seed4/DONE.json,1.5404346893694707,1.475849110543768,1.4479877908350498,1.4355444345032462,0.0182823901720553,0.0439442437732926,0.9869957391066108
done,confirm_K3_i000682,GRU,8,5,256,48,1.5584092922508717,16,48,576,cpu,1.5323908552527428,1.5293086171150208,1.525862604379654,1.4523954764008522,project://predictive_profile_confirmatory64_v1/runs/confirm_K3_i000682/gru/d8/n256/seed5/DONE.json,1.5404346893694707,1.475849110543768,1.4479877908350498,1.4355444345032462,0.0376956073155602,0.016851041897606,0.7626578746892693
done,confirm_K3_i000682,GRU,32,1,256,37,1.5054777935147283,16,45,6888,cpu,1.544096976518631,1.4970470145344734,1.4478502199053764,1.4769318029284475,project://predictive_profile_confirmatory64_v1/runs/confirm_K3_i000682/gru/d32/n256/seed1/DONE.json,1.5404346893694707,1.475849110543768,1.4479877908350498,1.4355444345032462,0.0298124001879324,0.0413873684252015,0.6403375954786719
done,confirm_K3_i000682,GRU,32,2,256,41,1.4859026111662388,16,48,6888,cpu,1.5115294232964516,1.4318789169192314,1.4713099002838137,1.4718807935714722,project://predictive_profile_confirmatory64_v1/runs/confirm_K3_i000682/gru/d32/n256/seed2/DONE.json,1.5404346893694707,1.475849110543768,1.4479877908350498,1.4355444345032462,0.0521415926819077,0.0363363590682259,0.3780010809921921
done,confirm_K3_i000682,GRU,32,3,256,44,1.5089756771922112,16,48,6888,cpu,1.5046496614813805,1.5325565859675407,1.4792175143957138,1.4060735777020454,project://predictive_profile_confirmatory64_v1/runs/confirm_K3_i000682/gru/d32/n256/seed3/DONE.json,1.5404346893694707,1.475849110543768,1.4479877908350498,1.4355444345032462,0.0527994653331347,-0.0294708568012007,0.9398021189390524
done,confirm_K3_i000682,GRU,32,4,256,48,1.534162748605013,16,48,6888,cpu,1.5427063405513763,1.4403693228960035,1.4067326933145523,1.461947038769722,project://predictive_profile_confirmatory64_v1/runs/confirm_K3_i000682/gru/d32/n256/seed4/DONE.json,1.5404346893694707,1.475849110543768,1.4479877908350498,1.4355444345032462,0.047405954100968,0.0264026042664757,0.7699409433665081
done,confirm_K3_i000682,GRU,32,5,256,37,1.5417952463030815,16,45,6888,cpu,1.5676737278699877,1.4121984764933586,1.4787715673446655,1.5228547900915146,project://predictive_profile_confirmatory64_v1/runs/confirm_K3_i000682/gru/d32/n256/seed5/DONE.json,1.5404346893694707,1.475849110543768,1.4479877908350498,1.4355444345032462,0.086013135147606,0.0873103555882683,0.4272936302389037
done,confirm_K3_i000682,GRU,128,1,256,28,1.4861201383173466,16,36,101256,cpu,1.545066349208355,1.5282246321439743,1.519782453775406,1.487347774207592,project://predictive_profile_confirmatory64_v1/runs/confirm_K3_i000682/gru/d128/n256/seed1/DONE.json,1.5404346893694707,1.475849110543768,1.4479877908350498,1.4355444345032462,0.025618097988425,0.0518033397043458,0.5502758580802036
done,confirm_K3_i000682,GRU,128,2,256,19,1.5173830576241016,16,27,101256,cpu,1.5068544521927834,1.48729245364666,1.397959865629673,1.5283852741122246,project://predictive_profile_confirmatory64_v1/runs/confirm_K3_i000682/gru/d128/n256/seed2/DONE.json,1.5404346893694707,1.475849110543768,1.4479877908350498,1.4355444345032462,0.1037055025693973,0.0928408396089783,-0.2052699933554487
done,confirm_K3_i000682,GRU,128,3,256,21,1.5181051567196846,16,29,101256,cpu,1.5429705008864405,1.4407655820250511,1.4812516495585442,1.5154739767313004,project://predictive_profile_confirmatory64_v1/runs/confirm_K3_i000682/gru/d128/n256/seed3/DONE.json,1.5404346893694707,1.475849110543768,1.4479877908350498,1.4355444345032462,0.0731359727031257,0.0799295422280541,0.2621456510922639
done,confirm_K3_i000682,GRU,128,4,256,12,1.53103706240654,16,20,101256,cpu,1.5615516752004623,1.4443928450345993,1.5189733281731606,1.4883788153529167,project://predictive_profile_confirmatory64_v1/runs/confirm_K3_i000682/gru/d128/n256/seed4/DONE.json,1.5404346893694707,1.475849110543768,1.4479877908350498,1.4355444345032462,0.0459357450473748,0.0528343808496705,0.6976135193957649
done,confirm_K3_i000682,GRU,128,5,256,22,1.547618497163057,16,30,101256,cpu,1.5110299587249756,1.5033172816038132,1.4650068506598473,1.422729805111885,project://predictive_profile_confirmatory64_v1/runs/confirm_K3_i000682/gru/d128/n256/seed5/DONE.json,1.5404346893694707,1.475849110543768,1.4479877908350498,1.4355444345032462,0.0264006841011903,-0.0128146293913611,0.8418337215950829
done,confirm_K3_i000682,GRU,256,1,256,10,1.494299255311489,16,18,399112,cpu,1.569565698504448,1.441373735666275,1.4877638667821884,1.5117206275463104,project://predictive_profile_confirmatory64_v1/runs/confirm_K3_i000682/gru/d256/n256/seed1/DONE.json,1.5404346893694707,1.475849110543768,1.4479877908350498,1.4355444345032462,0.0628131899699826,0.0761761930430642,0.5514818419681816
done,confirm_K3_i000682,GRU,256,2,256,13,1.4567953161895275,16,21,399112,cpu,1.6154236570000648,1.5092734023928642,1.4568308144807816,1.4131814017891884,project://predictive_profile_confirmatory64_v1/runs/confirm_K3_i000682/gru/d256/n256/seed2/DONE.json,1.5404346893694707,1.475849110543768,1.4479877908350498,1.4355444345032462,0.0582311246382683,-0.0223630327140578,1.928131983937052
done,confirm_K3_i000682,GRU,256,3,256,26,1.4676569737493992,16,34,399112,cpu,1.5406363159418106,1.464216686785221,1.5003183484077454,1.5061455592513084,project://predictive_profile_confirmatory64_v1/runs/confirm_K3_i000682/gru/d256/n256/seed3/DONE.json,1.5404346893694707,1.475849110543768,1.4479877908350498,1.4355444345032462,0.0548913915570829,0.0706011247480622,0.3288270844082815
done,confirm_K3_i000682,GRU,256,4,256,14,1.4957262352108955,16,22,399112,cpu,1.5730494782328606,1.5244764238595965,1.5234804973006248,1.4803932383656502,project://predictive_profile_confirmatory64_v1/runs/confirm_K3_i000682/gru/d256/n256/seed4/DONE.json,1.5404346893694707,1.475849110543768,1.4479877908350498,1.4355444345032462,0.0166056994992559,0.0448488038624039,0.8833636641019016
done,confirm_K3_i000682,GRU,256,5,256,27,1.4552871733903885,16,35,399112,cpu,1.5388063415884972,1.4705092459917068,1.5075679942965508,1.462022677063942,project://predictive_profile_confirmatory64_v1/runs/confirm_K3_i000682/gru/d256/n256/seed5/DONE.json,1.5404346893694707,1.475849110543768,1.4479877908350498,1.4355444345032462,0.0269170586076549,0.0264782425606957,0.7320381156713174
done,confirm_K3_i000682,Transformer,8,1,256,48,1.5540923587977886,16,48,1064,cpu,1.6016897037625313,1.6154130771756172,1.5323823764920237,1.5299474745988846,project://predictive_profile_confirmatory64_v1/runs/confirm_K3_i000682/transformer/d8/n256/seed1/DONE.json,1.5404346893694707,1.475849110543768,1.4479877908350498,1.4355444345032462,0.0284537785445035,0.0944030400956383,0.6839742095692845
done,confirm_K3_i000682,Transformer,8,2,256,48,1.5453765466809273,16,48,1064,cpu,1.5703427717089653,1.5138793587684631,1.504941426217556,1.5043983682990074,project://predictive_profile_confirmatory64_v1/runs/confirm_K3_i000682/transformer/d8/n256/seed2/DONE.json,1.5404346893694707,1.475849110543768,1.4479877908350498,1.4355444345032462,0.0255367188581562,0.0688539337957612,0.628699048296359
done,confirm_K3_i000682,Transformer,8,3,256,46,1.5170518532395365,16,48,1064,cpu,1.568126641213894,1.5420778393745422,1.5224868282675743,1.570485308766365,project://predictive_profile_confirmatory64_v1/runs/confirm_K3_i000682/transformer/d8/n256/seed3/DONE.json,1.5404346893694707,1.475849110543768,1.4479877908350498,1.4355444345032462,0.0704927406357266,0.1349408742631188,-0.0224870037305121
done,confirm_K3_i000682,Transformer,8,4,256,48,1.5801444947719574,16,48,1064,cpu,1.612154982984066,1.5529732778668404,1.583034873008728,1.560680203139782,project://predictive_profile_confirmatory64_v1/runs/confirm_K3_i000682/transformer/d8/n256/seed4/DONE.json,1.5404346893694707,1.475849110543768,1.4479877908350498,1.4355444345032462,0.0362510722894304,0.1251357686365357,0.4907489252450978
done,confirm_K3_i000682,Transformer,8,5,256,48,1.6092742830514908,16,48,1064,cpu,1.5868191048502922,1.628068506717682,1.6007725074887276,1.5757875367999077,project://predictive_profile_confirmatory64_v1/runs/confirm_K3_i000682/transformer/d8/n256/seed5/DONE.json,1.5404346893694707,1.475849110543768,1.4479877908350498,1.4355444345032462,0.0477236230720917,0.1402431022966614,0.1051724782674426
done,confirm_K3_i000682,Transformer,32,1,256,23,1.5104217529296875,16,31,13448,cpu,1.534324288368225,1.5117615461349487,1.4947155639529228,1.491244338452816,project://predictive_profile_confirmatory64_v1/runs/confirm_K3_i000682/transformer/d32/n256/seed1/DONE.json,1.5404346893694707,1.475849110543768,1.4479877908350498,1.4355444345032462,0.0327588035259536,0.0556999039495698,0.4107145127099998
done,confirm_K3_i000682,Transformer,32,2,256,21,1.4952310845255852,16,29,13448,cpu,1.531525395810604,1.5172523483633995,1.4733001217246056,1.474257841706276,project://predictive_profile_confirmatory64_v1/runs/confirm_K3_i000682/transformer/d32/n256/seed2/DONE.json,1.5404346893694707,1.475849110543768,1.4479877908350498,1.4355444345032462,0.0247726949632184,0.0387134072030297,0.545975926718515
done,confirm_K3_i000682,Transformer,32,3,256,31,1.496832862496376,16,39,13448,cpu,1.561660818755627,1.4722542613744736,1.427635870873928,1.476395070552826,project://predictive_profile_confirmatory64_v1/runs/confirm_K3_i000682/transformer/d32/n256/seed3/DONE.json,1.5404346893694707,1.475849110543768,1.4479877908350498,1.4355444345032462,0.0390713298991952,0.0408506360495797,0.8129043857462969
done,confirm_K3_i000682,Transformer,32,4,256,17,1.545429240912199,16,25,13448,cpu,1.489914208650589,1.5099714621901512,1.4872364178299904,1.4696331769227982,project://predictive_profile_confirmatory64_v1/runs/confirm_K3_i000682/transformer/d32/n256/seed4/DONE.json,1.5404346893694707,1.475849110543768,1.4479877908350498,1.4355444345032462,0.0423832106455513,0.0340887424195519,0.1933547759384984
done,confirm_K3_i000682,Transformer,32,5,256,16,1.5242231786251068,16,24,13448,cpu,1.578420676290989,1.4674177914857864,1.5010463148355484,1.490622915327549,project://predictive_profile_confirmatory64_v1/runs/confirm_K3_i000682/transformer/d32/n256/seed5/DONE.json,1.5404346893694707,1.475849110543768,1.4479877908350498,1.4355444345032462,0.0329003353116445,0.0550784808243027,0.8370440235407562
done,confirm_K3_i000682,Transformer,128,1,256,21,1.5589289888739586,16,29,201224,cpu,1.5993106365203855,1.5320816859602928,1.500029630959034,1.4458123296499252,project://predictive_profile_confirmatory64_v1/runs/confirm_K3_i000682/transformer/d128/n256/seed1/DONE.json,1.5404346893694707,1.475849110543768,1.4479877908350498,1.4355444345032462,0.0394352539960203,0.010267895146679,1.4634181894803289
done,confirm_K3_i000682,Transformer,128,2,256,6,1.5216734930872915,16,14,201224,cpu,1.5624148398637772,1.5824844539165497,1.5492854565382004,1.478956438601017,project://predictive_profile_confirmatory64_v1/runs/confirm_K3_i000682/transformer/d128/n256/seed2/DONE.json,1.5404346893694707,1.475849110543768,1.4479877908350498,1.4355444345032462,0.0441793639538189,0.0434120040977707,0.7956735482166746
done,confirm_K3_i000682,Transformer,128,3,256,10,1.5300849229097366,16,18,201224,cpu,1.5209801346063614,1.5343753769993782,1.641176998615265,1.552634060382843,project://predictive_profile_confirmatory64_v1/runs/confirm_K3_i000682/transformer/d128/n256/seed3/DONE.json,1.5404346893694707,1.475849110543768,1.4479877908350498,1.4355444345032462,0.0834642538753266,0.1170896258795968,-0.3017813791839154
done,confirm_K3_i000682,Transformer,128,4,256,10,1.4934352859854698,16,18,201224,cpu,1.66047815233469,1.5159540995955467,1.3790262639522552,1.5734531804919245,project://predictive_profile_confirmatory64_v1/runs/confirm_K3_i000682/transformer/d128/n256/seed4/DONE.json,1.5404346893694707,1.475849110543768,1.4479877908350498,1.4355444345032462,0.1147606781593742,0.137908745988678,0.8296764266018439
done,confirm_K3_i000682,Transformer,128,5,256,6,1.536144845187664,16,14,201224,cpu,1.5135768428444862,1.5419976636767387,1.5513696670532229,1.4845337122678757,project://predictive_profile_confirmatory64_v1/runs/confirm_K3_i000682/transformer/d128/n256/seed5/DONE.json,1.5404346893694707,1.475849110543768,1.4479877908350498,1.4355444345032462,0.0474493987335432,0.0489892777646294,0.2768906474071566
done,confirm_K3_i000682,Transformer,256,1,256,14,1.5391132794320583,16,22,795656,cpu,1.5545315071940422,1.443499617278576,1.4341038763523102,1.5694180056452751,project://predictive_profile_confirmatory64_v1/runs/confirm_K3_i000682/transformer/d256/n256/seed1/DONE.json,1.5404346893694707,1.475849110543768,1.4479877908350498,1.4355444345032462,0.1263020707810761,0.1338735711420289,-0.1419245140572776
done,confirm_K3_i000682,Transformer,256,2,256,27,1.538966927677393,16,35,795656,cpu,1.568263329565525,1.5965077802538872,1.550188772380352,1.5358905866742134,project://predictive_profile_confirmatory64_v1/runs/confirm_K3_i000682/transformer/d256/n256/seed2/DONE.json,1.5404346893694707,1.475849110543768,1.4479877908350498,1.4355444345032462,0.0376657281351956,0.1003461521709672,0.308634419208909
done,confirm_K3_i000682,Transformer,256,3,256,35,1.5463953539729118,16,43,795656,cpu,1.5815818756818771,1.533741481602192,1.49433034658432,1.5984028950333595,project://predictive_profile_confirmatory64_v1/runs/confirm_K3_i000682/transformer/d256/n256/seed3/DONE.json,1.5404346893694707,1.475849110543768,1.4479877908350498,1.4355444345032462,0.0992565744391461,0.1628584605301133,-0.1603677994007706
done,confirm_K3_i000682,Transformer,256,4,256,19,1.5278950333595276,16,27,795656,cpu,1.606551080942154,1.5659076645970345,1.4878486171364784,1.5454204082489014,project://predictive_profile_confirmatory64_v1/runs/confirm_K3_i000682/transformer/d256/n256/seed4/DONE.json,1.5404346893694707,1.475849110543768,1.4479877908350498,1.4355444345032462,0.0424551293333742,0.1098759737456551,0.5828060268441309
done,confirm_K3_i000682,Transformer,256,5,256,7,1.5399168692529202,16,15,795656,cpu,1.6091836988925934,1.495887666940689,1.5356042757630348,1.5298956632614136,project://predictive_profile_confirmatory64_v1/runs/confirm_K3_i000682/transformer/d256/n256/seed5/DONE.json,1.5404346893694707,1.475849110543768,1.4479877908350498,1.4355444345032462,0.0394436423194138,0.0943512287581673,0.7559142241793827
done,confirm_K3_i000517,GRU,8,1,256,48,1.749366108328104,16,48,576,cpu,1.8038875311613085,1.7032281160354614,1.7709426656365397,1.706036441028118,project://predictive_profile_confirmatory64_v1/runs/confirm_K3_i000517/gru/d8/n256/seed1/DONE.json,1.7591139107957037,1.746261740144612,1.7399321532189274,1.7365720053587408,0.049029568529964,-0.0305355643306226,4.340852658033987
done,confirm_K3_i000517,GRU,8,2,256,48,1.827175810933113,16,48,576,cpu,1.7999040633440018,1.750092789530754,1.7740302234888077,1.8237304985523224,project://predictive_profile_confirmatory64_v1/runs/confirm_K3_i000517/gru/d8/n256/seed2/DONE.json,1.7591139107957037,1.746261740144612,1.7399321532189274,1.7365720053587408,0.0545639404426611,0.0871584931935816,-1.056984081268111
done,confirm_K3_i000517,GRU,8,3,256,45,1.796687301248312,16,48,576,cpu,1.7966429889202118,1.7539334669709206,1.7003739029169085,1.7597747445106506,project://predictive_profile_confirmatory64_v1/runs/confirm_K3_i000517/gru/d8/n256/seed3/DONE.json,1.7591139107957037,1.746261740144612,1.7399321532189274,1.7365720053587408,0.0331111692992408,0.0232027391519098,1.635542501615997
done,confirm_K3_i000517,GRU,8,4,256,48,1.7792554311454296,16,48,576,cpu,1.7574793472886086,1.7771397158503532,1.7280285358428955,1.7722093090415,project://predictive_profile_confirmatory64_v1/runs/confirm_K3_i000517/gru/d8/n256/seed4/DONE.json,1.7591139107957037,1.746261740144612,1.7399321532189274,1.7365720053587408,0.0302984424588507,0.0356373036827593,-0.653447943612538
done,confirm_K3_i000517,GRU,8,5,256,48,1.7850198857486248,16,48,576,cpu,1.747375912964344,1.784425437450409,1.7467007711529732,1.8284880369901657,project://predictive_profile_confirmatory64_v1/runs/confirm_K3_i000517/gru/d8/n256/seed5/DONE.json,1.7591139107957037,1.746261740144612,1.7399321532189274,1.7365720053587408,0.0722557148755004,0.0919160316314249,-3.59828162054214
done,confirm_K3_i000517,GRU,32,1,256,12,1.7538882084190843,16,20,6888,cpu,1.8163764774799347,1.7549662441015244,1.7706295475363731,1.8416960909962652,project://predictive_profile_confirmatory64_v1/runs/confirm_K3_i000517/gru/d32/n256/seed1/DONE.json,1.7591139107957037,1.746261740144612,1.7399321532189274,1.7365720053587408,0.0654346871101922,0.1051240856375246,-1.123224191811814
done,confirm_K3_i000517,GRU,32,2,256,46,1.7513009123504162,16,48,6888,cpu,1.838307999074459,1.7453786581754684,1.8423871994018557,1.7368503957986832,project://predictive_profile_confirmatory64_v1/runs/confirm_K3_i000517/gru/d32/n256/seed2/DONE.json,1.7591139107957037,1.746261740144612,1.7399321532189274,1.7365720053587408,0.0645544447779635,0.0002783904399423,4.500844152660348
done,confirm_K3_i000517,GRU,32,3,256,35,1.761325415223837,16,43,6888,cpu,1.7560961693525314,1.792228251695633,1.7518377602100372,1.731045998632908,project://predictive_profile_confirmatory64_v1/runs/confirm_K3_i000517/gru/d32/n256/seed3/DONE.json,1.7591139107957037,1.746261740144612,1.7399321532189274,1.7365720053587408,0.0272104391272771,-0.0055260067258329,1.1112712183836964
done,confirm_K3_i000517,GRU,32,4,256,42,1.80445571616292,16,48,6888,cpu,1.7917187586426735,1.7822990491986277,1.7680892422795296,1.7512251511216164,project://predictive_profile_confirmatory64_v1/runs/confirm_K3_i000517/gru/d32/n256/seed4/DONE.json,1.7591139107957037,1.746261740144612,1.7399321532189274,1.7365720053587408,0.0155072767754885,0.0146531457628755,1.796370215210756
done,confirm_K3_i000517,GRU,32,5,256,22,1.760099325329065,16,30,6888,cpu,1.7703791409730911,1.7472166493535042,1.7139285504817965,1.7896735966205597,project://predictive_profile_confirmatory64_v1/runs/confirm_K3_i000517/gru/d32/n256/seed5/DONE.json,1.7591139107957037,1.746261740144612,1.7399321532189274,1.7365720053587408,0.0517860726342697,0.0531015912618189,-0.8559372099854012
done,confirm_K3_i000517,GRU,128,1,256,14,1.7594999559223652,16,22,101256,cpu,1.8423769101500511,1.7860334366559982,1.793764851987362,1.808537282049656,project://predictive_profile_confirmatory64_v1/runs/confirm_K3_i000517/gru/d128/n256/seed1/DONE.json,1.7591139107957037,1.746261740144612,1.7399321532189274,1.7365720053587408,0.0193187442932403,0.0719652766909151,1.5011875635369898
done,confirm_K3_i000517,GRU,128,2,256,11,1.7769523859024048,16,19,101256,cpu,1.7842145264148712,1.7371928617358208,1.7625062689185145,1.827355496585369,project://predictive_profile_confirmatory64_v1/runs/confirm_K3_i000517/gru/d128/n256/seed2/DONE.json,1.7591139107957037,1.746261740144612,1.7399321532189274,1.7365720053587408,0.0688063492340324,0.0907834912266283,-1.913812046241588
done,confirm_K3_i000517,GRU,128,3,256,4,1.7623854577541351,16,12,101256,cpu,1.8137468993663788,1.7776123955845833,1.80830979347229,1.7598771154880524,project://predictive_profile_confirmatory64_v1/runs/confirm_K3_i000517/gru/d128/n256/seed3/DONE.json,1.7591139107957037,1.746261740144612,1.7399321532189274,1.7365720053587408,0.0277385099580269,0.0233051101293115,2.389761771868427
done,confirm_K3_i000517,GRU,128,4,256,22,1.7730583287775517,16,30,101256,cpu,1.809933714568615,1.7989410609006882,1.751332938671112,1.7489331364631653,project://predictive_profile_confirmatory64_v1/runs/confirm_K3_i000517/gru/d128/n256/seed4/DONE.json,1.7591139107957037,1.746261740144612,1.7399321532189274,1.7365720053587408,0.0278637227590829,0.0123611311044244,2.7060967971866803
done,confirm_K3_i000517,GRU,128,5,256,26,1.7945684306323528,16,34,101256,cpu,1.7662082388997078,1.7445230931043625,1.793507605791092,1.781341314315796,project://predictive_profile_confirmatory64_v1/runs/confirm_K3_i000517/gru/d128/n256/seed5/DONE.json,1.7591139107957037,1.746261740144612,1.7399321532189274,1.7365720053587408,0.0302487285629285,0.0447693089570551,-0.6713308002469893
done,confirm_K3_i000517,GRU,256,1,256,14,1.757730893790722,16,22,399112,cpu,1.798293024301529,1.78372011333704,1.7661405801773071,1.7984629794955254,project://predictive_profile_confirmatory64_v1/runs/confirm_K3_i000517/gru/d256/n256/seed1/DONE.json,1.7591139107957037,1.746261740144612,1.7399321532189274,1.7365720053587408,0.0244234762849464,0.0618909741367845,-0.0075395220901667
done,confirm_K3_i000517,GRU,256,2,256,14,1.759476374834776,16,22,399112,cpu,1.82617849111557,1.7581173479557035,1.8400529325008392,1.7919012382626534,project://predictive_profile_confirmatory64_v1/runs/confirm_K3_i000517/gru/d256/n256/seed2/DONE.json,1.7591139107957037,1.746261740144612,1.7399321532189274,1.7365720053587408,0.0317567200944018,0.0553292329039125,1.5206013949784052
done,confirm_K3_i000517,GRU,256,3,256,20,1.7831256091594696,16,28,399112,cpu,1.781722292304039,1.7662834450602531,1.7665900066494942,1.8069001361727717,project://predictive_profile_confirmatory64_v1/runs/confirm_K3_i000517/gru/d256/n256/seed3/DONE.json,1.7591139107957037,1.746261740144612,1.7399321532189274,1.7365720053587408,0.0409725642571258,0.0703281308140306,-1.1169350319182672
done,confirm_K3_i000517,GRU,256,4,256,9,1.7795968428254128,16,17,399112,cpu,1.840582311153412,1.743686869740486,1.7442678585648537,1.843493565917015,project://predictive_profile_confirmatory64_v1/runs/confirm_K3_i000517/gru/d256/n256/seed4/DONE.json,1.7591139107957037,1.746261740144612,1.7399321532189274,1.7365720053587408,0.0760940034551806,0.1069215605582742,-0.1291485660670697
done,confirm_K3_i000517,GRU,256,5,256,34,1.771112821996212,16,42,399112,cpu,1.8069992810487747,1.7895060330629349,1.8282402604818344,1.8538794666528704,project://predictive_profile_confirmatory64_v1/runs/confirm_K3_i000517/gru/d256/n256/seed5/DONE.json,1.7591139107957037,1.746261740144612,1.7399321532189274,1.7365720053587408,0.0527866985342998,0.1173074612941293,-2.079690456301204
done,confirm_K3_i000517,Transformer,8,1,256,24,1.8571000844240189,16,32,1064,cpu,1.8040955066680908,1.761239767074585,1.814386211335659,1.7898737788200378,project://predictive_profile_confirmatory64_v1/runs/confirm_K3_i000517/transformer/d8/n256/seed1/DONE.json,1.7591139107957037,1.746261740144612,1.7399321532189274,1.7365720053587408,0.0222786559819747,0.053301773461297,0.6309017615136105
done,confirm_K3_i000517,Transformer,8,2,256,28,1.796761341392994,16,36,1064,cpu,1.7413999736309052,1.769370220601559,1.7875531986355782,1.7730279713869097,project://predictive_profile_confirmatory64_v1/runs/confirm_K3_i000517/transformer/d8/n256/seed2/DONE.json,1.7591139107957037,1.746261740144612,1.7399321532189274,1.7365720053587408,0.0284481668159852,0.0364559660281686,-1.403075611529402
done,confirm_K3_i000517,Transformer,8,3,256,38,1.800170473754406,16,46,1064,cpu,1.8215177953243256,1.8079794719815252,1.7581422850489616,1.7699871361255646,project://predictive_profile_confirmatory64_v1/runs/confirm_K3_i000517/transformer/d8/n256/seed3/DONE.json,1.7591139107957037,1.746261740144612,1.7399321532189274,1.7365720053587408,0.0216366417487937,0.0334151307668237,2.2859939388382213
done,confirm_K3_i000517,Transformer,8,4,256,47,1.8018515408039093,16,48,1064,cpu,1.7856753394007685,1.7999971210956571,1.772472657263279,1.7774617969989777,project://predictive_profile_confirmatory64_v1/runs/confirm_K3_i000517/transformer/d8/n256/seed4/DONE.json,1.7591139107957037,1.746261740144612,1.7399321532189274,1.7365720053587408,0.0104883477651206,0.0408897916402368,0.3643677072800872
done,confirm_K3_i000517,Transformer,8,5,256,41,1.7520772218704224,16,48,1064,cpu,1.78092759847641,1.7756841704249382,1.7798180058598518,1.85530199110508,project://predictive_profile_confirmatory64_v1/runs/confirm_K3_i000517/transformer/d8/n256/seed5/DONE.json,1.7591139107957037,1.746261740144612,1.7399321532189274,1.7365720053587408,0.0767870523252549,0.1187299857463388,-3.299383578582303
done,confirm_K3_i000517,Transformer,32,1,256,14,1.767234954982996,16,22,13448,cpu,1.768986701965332,1.787852205336094,1.7783711329102516,1.7887657433748243,project://predictive_profile_confirmatory64_v1/runs/confirm_K3_i000517/transformer/d32/n256/seed1/DONE.json,1.7591139107957037,1.746261740144612,1.7399321532189274,1.7365720053587408,0.0228729387767836,0.0521937380160837,-0.8774343173785205
done,confirm_K3_i000517,Transformer,32,2,256,21,1.7329510748386383,16,29,13448,cpu,1.7571327984333038,1.7958132177591324,1.7524690181016922,1.7436954379081726,project://predictive_profile_confirmatory64_v1/runs/confirm_K3_i000517/transformer/d32/n256/seed2/DONE.json,1.7591139107957037,1.746261740144612,1.7399321532189274,1.7365720053587408,0.0218651377523919,0.0071234325494318,0.596105797830984
done,confirm_K3_i000517,Transformer,32,3,256,18,1.745078630745411,16,26,13448,cpu,1.78681880235672,1.7936327829957008,1.792423501610756,1.7218415513634682,project://predictive_profile_confirmatory64_v1/runs/confirm_K3_i000517/transformer/d32/n256/seed3/DONE.json,1.7591139107957037,1.746261740144612,1.7399321532189274,1.7365720053587408,0.0504383910806311,-0.0147304539952726,2.8825092525987883
done,confirm_K3_i000517,Transformer,32,4,256,14,1.721633855253458,16,22,13448,cpu,1.7966934517025948,1.8276099190115929,1.7143170535564425,1.7425353229045868,project://predictive_profile_confirmatory64_v1/runs/confirm_K3_i000517/transformer/d32/n256/seed4/DONE.json,1.7591139107957037,1.746261740144612,1.7399321532189274,1.7365720053587408,0.0438168327512545,0.005963317545846,2.402553277914262
done,confirm_K3_i000517,Transformer,32,5,256,25,1.7950057126581669,16,33,13448,cpu,1.746502123773098,1.809779651463032,1.7028172612190249,1.744027927517891,project://predictive_profile_confirmatory64_v1/runs/confirm_K3_i000517/transformer/d32/n256/seed5/DONE.json,1.7591139107957037,1.746261740144612,1.7399321532189274,1.7365720053587408,0.0371894375296884,0.0074559221591501,0.1097598542468395
done,confirm_K3_i000517,Transformer,128,1,256,24,1.7821507453918457,16,32,201224,cpu,1.759315438568592,1.8096745386719704,1.778496839106083,1.7858982384204865,project://predictive_profile_confirmatory64_v1/runs/confirm_K3_i000517/transformer/d128/n256/seed1/DONE.json,1.7591139107957037,1.746261740144612,1.7399321532189274,1.7365720053587408,0.0261126353224113,0.0493262330617456,-1.1792614393770695
done,confirm_K3_i000517,Transformer,128,2,256,18,1.7977525889873505,16,26,201224,cpu,1.816317655146122,1.803416319191456,1.844642512500286,1.7655271589756012,project://predictive_profile_confirmatory64_v1/runs/confirm_K3_i000517/transformer/d128/n256/seed2/DONE.json,1.7591139107957037,1.746261740144612,1.7399321532189274,1.7365720053587408,0.042813670884087,0.0289551536168604,2.253158958214687
done,confirm_K3_i000517,Transformer,128,3,256,30,1.7785846404731274,16,38,201224,cpu,1.8107467368245125,1.7756940945982933,1.7091363593935966,1.7693950310349464,project://predictive_profile_confirmatory64_v1/runs/confirm_K3_i000517/transformer/d128/n256/seed3/DONE.json,1.7591139107957037,1.746261740144612,1.7399321532189274,1.7365720053587408,0.0332139256766386,0.0328230256762056,1.834437017988744
done,confirm_K3_i000517,Transformer,128,4,256,14,1.7886105254292488,16,22,201224,cpu,1.7741719782352448,1.8186108246445656,1.7863766103982923,1.7542062923312187,project://predictive_profile_confirmatory64_v1/runs/confirm_K3_i000517/transformer/d128/n256/seed4/DONE.json,1.7591139107957037,1.746261740144612,1.7399321532189274,1.7365720053587408,0.0309449991230584,0.0176342869724779,0.885714207250984
done,confirm_K3_i000517,Transformer,128,5,256,30,1.7683644592761991,16,38,201224,cpu,1.7402717098593712,1.8015362545847893,1.854804053902626,1.7681129574775696,project://predictive_profile_confirmatory64_v1/runs/confirm_K3_i000517/transformer/d128/n256/seed5/DONE.json,1.7591139107957037,1.746261740144612,1.7399321532189274,1.7365720053587408,0.0501143469501551,0.0315409521188287,-1.235088475375566
done,confirm_K3_i000517,Transformer,256,1,256,12,1.784663327038288,16,20,795656,cpu,1.783200904726982,1.7829025238752363,1.7832718640565872,1.804173357784748,project://predictive_profile_confirmatory64_v1/runs/confirm_K3_i000517/transformer/d256/n256/seed1/DONE.json,1.7591139107957037,1.746261740144612,1.7399321532189274,1.7365720053587408,0.0293286696839061,0.0676013524260072,-0.9303762326753788
done,confirm_K3_i000517,Transformer,256,2,256,15,1.7684029936790466,16,23,795656,cpu,1.8243364691734316,1.7790169939398766,1.773788370192051,1.7949903383851051,project://predictive_profile_confirmatory64_v1/runs/confirm_K3_i000517/transformer/d256/n256/seed2/DONE.json,1.7591139107957037,1.746261740144612,1.7399321532189274,1.7365720053587408,0.0180844454108131,0.0584183330263643,1.3018478349308706
done,confirm_K3_i000517,Transformer,256,3,256,27,1.8012009523808956,16,35,795656,cpu,1.810704581439495,1.759032502770424,1.7758082821965218,1.81268310546875,project://predictive_profile_confirmatory64_v1/runs/confirm_K3_i000517/transformer/d256/n256/seed3/DONE.json,1.7591139107957037,1.746261740144612,1.7399321532189274,1.7365720053587408,0.0394718339954138,0.0761111001100092,-0.087770931112623
done,confirm_K3_i000517,Transformer,256,4,256,19,1.7735532335937023,16,27,795656,cpu,1.7761288210749626,1.7607533857226372,1.852797992527485,1.846268445253372,project://predictive_profile_confirmatory64_v1/runs/confirm_K3_i000517/transformer/d256/n256/seed4/DONE.json,1.7591139107957037,1.746261740144612,1.7399321532189274,1.7365720053587408,0.0664527348672675,0.1096964398946314,-3.111521533729773
done,confirm_K3_i000517,Transformer,256,5,256,11,1.810652319341898,16,19,795656,cpu,1.7576466724276545,1.7941400408744812,1.7647870630025864,1.8379695788025856,project://predictive_profile_confirmatory64_v1/runs/confirm_K3_i000517/transformer/d256/n256/seed5/DONE.json,1.7591139107957037,1.746261740144612,1.7399321532189274,1.7365720053587408,0.0694698881191081,0.1013975734438448,-3.563270487472784
done,confirm_K3_i000718,GRU,8,1,256,48,1.6824185699224472,16,48,576,cpu,1.75908213108778,1.6630440801382065,1.672118417918682,1.6846806555986404,project://predictive_profile_confirmatory64_v1/runs/confirm_K3_i000718/gru/d8/n256/seed1/DONE.json,1.6454828920531683,1.6248725112612157,1.6173052394047054,1.6147126678341306,0.0280373259463405,0.0699679877645098,2.4179698841163093
done,confirm_K3_i000718,GRU,8,2,256,48,1.7034053839743135,16,48,576,cpu,1.6973798647522926,1.6808179765939713,1.6271723583340645,1.6571265384554863,project://predictive_profile_confirmatory64_v1/runs/confirm_K3_i000718/gru/d8/n256/seed2/DONE.json,1.6454828920531683,1.6248725112612157,1.6173052394047054,1.6147126678341306,0.0182505090761289,0.0424138706213557,1.308190866932368
done,confirm_K3_i000718,GRU,8,3,256,48,1.6433537192642689,16,48,576,cpu,1.6609348431229591,1.692119598388672,1.5700030326843262,1.5759649500250816,project://predictive_profile_confirmatory64_v1/runs/confirm_K3_i000718/gru/d8/n256/seed3/DONE.json,1.6454828920531683,1.6248725112612157,1.6173052394047054,1.6147126678341306,0.0596776383175427,-0.0387477178090489,2.7614323669863303
done,confirm_K3_i000718,GRU,8,4,256,47,1.6290521882474422,16,48,576,cpu,1.672174610197544,1.6450170055031776,1.6753189712762833,1.639565907418728,project://predictive_profile_confirmatory64_v1/runs/confirm_K3_i000718/gru/d8/n256/seed4/DONE.json,1.6454828920531683,1.6248725112612157,1.6173052394047054,1.6147126678341306,0.0167717808746675,0.0248532395845972,1.059748624081881
done,confirm_K3_i000718,GRU,8,5,256,48,1.645844716578722,16,48,576,cpu,1.705896519124508,1.6410519182682035,1.5797310918569565,1.6371404975652697,project://predictive_profile_confirmatory64_v1/runs/confirm_K3_i000718/gru/d8/n256/seed5/DONE.json,1.6454828920531683,1.6248725112612157,1.6173052394047054,1.6147126678341306,0.0356447782413029,0.0224278297311388,2.234498555155104
done,confirm_K3_i000718,GRU,32,1,256,25,1.6235708929598331,16,33,6888,cpu,1.6180841475725174,1.608772188425064,1.6673861965537071,1.6510977819561958,project://predictive_profile_confirmatory64_v1/runs/confirm_K3_i000718/gru/d32/n256/seed1/DONE.json,1.6454828920531683,1.6248725112612157,1.6173052394047054,1.6147126678341306,0.0418648952798305,0.0363851141220652,-1.0729084763461905
done,confirm_K3_i000718,GRU,32,2,256,29,1.6703671291470528,16,37,6888,cpu,1.6503353491425514,1.6316583380103111,1.6274004876613617,1.5976954475045204,project://predictive_profile_confirmatory64_v1/runs/confirm_K3_i000718/gru/d32/n256/seed2/DONE.json,1.6454828920531683,1.6248725112612157,1.6173052394047054,1.6147126678341306,0.0210947493080813,-0.0170172203296101,1.7107415683198806
done,confirm_K3_i000718,GRU,32,3,256,38,1.6711068712174892,16,46,6888,cpu,1.6523577943444252,1.6520908698439598,1.6120185106992722,1.599956288933754,project://predictive_profile_confirmatory64_v1/runs/confirm_K3_i000718/gru/d32/n256/seed3/DONE.json,1.6454828920531683,1.6248725112612157,1.6173052394047054,1.6147126678341306,0.0240804131379791,-0.0147563789003766,1.7029939410792485
done,confirm_K3_i000718,GRU,32,4,256,36,1.659306701272726,16,44,6888,cpu,1.7010216787457466,1.614285595715046,1.676873341202736,1.6123094484210014,project://predictive_profile_confirmatory64_v1/runs/confirm_K3_i000718/gru/d32/n256/seed4/DONE.json,1.6454828920531683,1.6248725112612157,1.6173052394047054,1.6147126678341306,0.0426165859924528,-0.0024032194131291,2.8830544000345086
done,confirm_K3_i000718,GRU,32,5,256,39,1.641858283430338,16,47,6888,cpu,1.6323228776454926,1.650850988924503,1.635489143431187,1.6422425732016563,project://predictive_profile_confirmatory64_v1/runs/confirm_K3_i000718/gru/d32/n256/seed5/DONE.json,1.6454828920531683,1.6248725112612157,1.6173052394047054,1.6147126678341306,0.0208891373702973,0.0275299053675257,-0.3223796968637754
done,confirm_K3_i000718,GRU,128,1,256,32,1.635464858263731,16,40,101256,cpu,1.5994904786348343,1.596242032945156,1.6383640840649605,1.6095961034297943,project://predictive_profile_confirmatory64_v1/runs/confirm_K3_i000718/gru/d128/n256/seed1/DONE.json,1.6454828920531683,1.6248725112612157,1.6173052394047054,1.6147126678341306,0.0269670688978324,-0.0051165644043362,-0.3284222020295713
done,confirm_K3_i000718,GRU,128,2,256,39,1.6465310119092464,16,47,101256,cpu,1.6649675741791723,1.6434728428721428,1.6402387768030169,1.6253583803772926,project://predictive_profile_confirmatory64_v1/runs/confirm_K3_i000718/gru/d128/n256/seed2/DONE.json,1.6454828920531683,1.6248725112612157,1.6173052394047054,1.6147126678341306,0.0085497658954863,0.010645712543162,1.287257236733862
done,confirm_K3_i000718,GRU,128,3,256,8,1.6349138841032982,16,16,101256,cpu,1.6869334653019905,1.600786030292511,1.7039071694016457,1.6223473325371742,project://predictive_profile_confirmatory64_v1/runs/confirm_K3_i000718/gru/d128/n256/seed3/DONE.json,1.6454828920531683,1.6248725112612157,1.6173052394047054,1.6147126678341306,0.0457863946536014,0.0076346647030436,2.0989815447901874
done,confirm_K3_i000718,GRU,128,4,256,12,1.6012485958635807,16,20,101256,cpu,1.7106163874268532,1.7046355605125427,1.62423188239336,1.6532282829284668,project://predictive_profile_confirmatory64_v1/runs/confirm_K3_i000718/gru/d128/n256/seed4/DONE.json,1.6454828920531683,1.6248725112612157,1.6173052394047054,1.6147126678341306,0.0291878636328293,0.0385156150943362,1.8650531790041356
done,confirm_K3_i000718,GRU,128,5,256,11,1.6307852044701576,16,19,101256,cpu,1.6941520720720291,1.652839072048664,1.7189137637615204,1.5471247136592865,project://predictive_profile_confirmatory64_v1/runs/confirm_K3_i000718/gru/d128/n256/seed5/DONE.json,1.6454828920531683,1.6248725112612157,1.6173052394047054,1.6147126678341306,0.1132186324419774,-0.067587954174844,4.778234872977487
done,confirm_K3_i000718,GRU,256,1,256,11,1.6382087767124176,16,19,399112,cpu,1.7084373459219933,1.7012794837355614,1.643530271947384,1.6679724156856537,project://predictive_profile_confirmatory64_v1/runs/confirm_K3_i000718/gru/d256/n256/seed1/DONE.json,1.6454828920531683,1.6248725112612157,1.6173052394047054,1.6147126678341306,0.0184435433440242,0.0532597478515231,1.3150677729317175
done,confirm_K3_i000718,GRU,256,2,256,15,1.683426521718502,16,23,399112,cpu,1.6822074726223946,1.6308804228901863,1.670763075351715,1.6758934259414673,project://predictive_profile_confirmatory64_v1/runs/confirm_K3_i000718/gru/d256/n256/seed2/DONE.json,1.6454828920531683,1.6248725112612157,1.6173052394047054,1.6147126678341306,0.0304211732802803,0.0611807581073367,0.2051998918168666
done,confirm_K3_i000718,GRU,256,3,256,16,1.638420920819044,16,24,399112,cpu,1.6498339623212814,1.6480550915002825,1.6498628929257393,1.6437179520726204,project://predictive_profile_confirmatory64_v1/runs/confirm_K3_i000718/gru/d256/n256/seed3/DONE.json,1.6454828920531683,1.6248725112612157,1.6173052394047054,1.6147126678341306,0.0127901668859477,0.0290052842384898,0.1987639155673433
done,confirm_K3_i000718,GRU,256,4,256,38,1.620466496795416,16,46,399112,cpu,1.7549520507454872,1.6848062202334404,1.5995011553168297,1.6453348696231842,project://predictive_profile_confirmatory64_v1/runs/confirm_K3_i000718/gru/d256/n256/seed4/DONE.json,1.6454828920531683,1.6248725112612157,1.6173052394047054,1.6147126678341306,0.0485312070478588,0.0306222017890536,3.5624433654429506
done,confirm_K3_i000718,GRU,256,5,256,9,1.67080033197999,16,17,399112,cpu,1.7111815586686134,1.6809509471058846,1.619888797402382,1.7492154389619827,project://predictive_profile_confirmatory64_v1/runs/confirm_K3_i000718/gru/d256/n256/seed5/DONE.json,1.6454828920531683,1.6248725112612157,1.6173052394047054,1.6147126678341306,0.084093786862122,0.1345027711278521,-1.2360612006797622
done,confirm_K3_i000718,Transformer,8,1,256,43,1.6461445949971676,16,48,1064,cpu,1.6169063448905945,1.6801924780011177,1.6149869039654732,1.686284638941288,project://predictive_profile_confirmatory64_v1/runs/confirm_K3_i000718/transformer/d8/n256/seed1/DONE.json,1.6454828920531683,1.6248725112612157,1.6173052394047054,1.6147126678341306,0.0627567342185191,0.0715719711071574,-2.2547217581784373
done,confirm_K3_i000718,Transformer,8,2,256,48,1.6962557025253773,16,48,1064,cpu,1.6924021616578102,1.6955838203430176,1.685207836329937,1.6242921650409698,project://predictive_profile_confirmatory64_v1/runs/confirm_K3_i000718/transformer/d8/n256/seed2/DONE.json,1.6454828920531683,1.6248725112612157,1.6173052394047054,1.6147126678341306,0.0461869597034625,0.0095794972068392,2.2135034223995107
done,confirm_K3_i000718,Transformer,8,3,256,38,1.645765770226717,16,46,1064,cpu,1.6258038878440857,1.6946066468954086,1.648338332772255,1.654542662203312,project://predictive_profile_confirmatory64_v1/runs/confirm_K3_i000718/transformer/d8/n256/seed3/DONE.json,1.6454828920531683,1.6248725112612157,1.6173052394047054,1.6147126678341306,0.0335892990542304,0.0398299943691813,-0.933980011151344
done,confirm_K3_i000718,Transformer,8,4,256,45,1.7039132677018642,16,48,1064,cpu,1.6229262799024582,1.672053374350071,1.685112491250038,1.6791007742285728,project://predictive_profile_confirmatory64_v1/runs/confirm_K3_i000718/transformer/d8/n256/seed4/DONE.json,1.6454828920531683,1.6248725112612157,1.6173052394047054,1.6147126678341306,0.0443485170571908,0.0643881063944422,-1.8256121218433996
done,confirm_K3_i000718,Transformer,8,5,256,48,1.6617795154452324,16,48,1064,cpu,1.6753544509410858,1.6175166741013527,1.706826999783516,1.7403294369578362,project://predictive_profile_confirmatory64_v1/runs/confirm_K3_i000718/transformer/d8/n256/seed5/DONE.json,1.6454828920531683,1.6248725112612157,1.6173052394047054,1.6147126678341306,0.0838923550766608,0.1256167691237055,-2.1116188674553067
done,confirm_K3_i000718,Transformer,32,1,256,29,1.6490133441984651,16,37,13448,cpu,1.6892395243048668,1.6107819825410843,1.623605027794838,1.6630563884973526,project://predictive_profile_confirmatory64_v1/runs/confirm_K3_i000718/transformer/d32/n256/seed1/DONE.json,1.6454828920531683,1.6248725112612157,1.6173052394047054,1.6147126678341306,0.0377053348915707,0.048343720663222,0.8509244398457945
done,confirm_K3_i000718,Transformer,32,2,256,23,1.6457706280052662,16,31,13448,cpu,1.683564469218254,1.597130946815014,1.6461979672312737,1.6409705802798271,project://predictive_profile_confirmatory64_v1/runs/confirm_K3_i000718/transformer/d32/n256/seed2/DONE.json,1.6454828920531683,1.6248725112612157,1.6173052394047054,1.6147126678341306,0.0276707643736419,0.0262579124456965,1.3842566968385577
done,confirm_K3_i000718,Transformer,32,3,256,25,1.5974605903029442,16,33,13448,cpu,1.5949596390128136,1.6148440390825272,1.586067721247673,1.6309567466378212,project://predictive_profile_confirmatory64_v1/runs/confirm_K3_i000718/transformer/d32/n256/seed3/DONE.json,1.6454828920531683,1.6248725112612157,1.6173052394047054,1.6147126678341306,0.0430192561146607,0.0162440788036906,-1.169868226138436
done,confirm_K3_i000718,Transformer,32,4,256,20,1.638074740767479,16,28,13448,cpu,1.683521792292595,1.6530256643891337,1.6172898635268211,1.7073271349072456,project://predictive_profile_confirmatory64_v1/runs/confirm_K3_i000718/transformer/d32/n256/seed4/DONE.json,1.6454828920531683,1.6248725112612157,1.6173052394047054,1.6147126678341306,0.062677829604826,0.092614467073115,-0.7736486560901367
done,confirm_K3_i000718,Transformer,32,5,256,24,1.6344948336482048,16,32,13448,cpu,1.5926456898450851,1.6672678589820862,1.5930567011237144,1.6314200535416603,project://predictive_profile_confirmatory64_v1/runs/confirm_K3_i000718/transformer/d32/n256/seed5/DONE.json,1.6454828920531683,1.6248725112612157,1.6173052394047054,1.6147126678341306,0.0423488748684801,0.0167073857075297,-1.2601261342965842
done,confirm_K3_i000718,Transformer,128,1,256,6,1.6652035638689997,16,14,201224,cpu,1.6472403407096865,1.6930692717432976,1.6985348835587502,1.647900030016899,project://predictive_profile_confirmatory64_v1/runs/confirm_K3_i000718/transformer/d128/n256/seed1/DONE.json,1.6454828920531683,1.6248725112612157,1.6173052394047054,1.6147126678341306,0.0336212666721347,0.0331873621827685,-0.0214392102740894
done,confirm_K3_i000718,Transformer,128,2,256,17,1.6684213764965534,16,25,201224,cpu,1.655816175043583,1.6833161562681198,1.645728014409542,1.6697873547673223,project://predictive_profile_confirmatory64_v1/runs/confirm_K3_i000718/transformer/d128/n256/seed2/DONE.json,1.6454828920531683,1.6248725112612157,1.6173052394047054,1.6147126678341306,0.0260934259666587,0.0550746869331919,-0.4540486810978634
done,confirm_K3_i000718,Transformer,128,3,256,24,1.6159839779138565,16,32,201224,cpu,1.6489706709980965,1.6081719547510147,1.6779283583164215,1.5737252086400986,project://predictive_profile_confirmatory64_v1/runs/confirm_K3_i000718/transformer/d128/n256/seed3/DONE.json,1.6454828920531683,1.6248725112612157,1.6173052394047054,1.6147126678341306,0.0567728148687279,-0.040987459194032,2.445398571760911
done,confirm_K3_i000718,Transformer,128,4,256,16,1.6614927239716053,16,24,201224,cpu,1.619861625134945,1.6957102939486504,1.7069575488567352,1.6285772025585177,project://predictive_profile_confirmatory64_v1/runs/confirm_K3_i000718/transformer/d128/n256/seed4/DONE.json,1.6454828920531683,1.6248725112612157,1.6173052394047054,1.6147126678341306,0.0513538370352851,0.0138645347243868,-0.2832471210326818
done,confirm_K3_i000718,Transformer,128,5,256,5,1.7074602991342545,16,13,201224,cpu,1.6556961759924889,1.6427135914564133,1.6610976234078407,1.651271052658558,project://predictive_profile_confirmatory64_v1/runs/confirm_K3_i000718/transformer/d128/n256/seed5/DONE.json,1.6454828920531683,1.6248725112612157,1.6173052394047054,1.6147126678341306,0.0165584765101395,0.0365583848244273,0.1438118650819942
done,confirm_K3_i000718,Transformer,256,1,256,13,1.6712190061807632,16,21,795656,cpu,1.6827726885676384,1.6747708469629288,1.6487453058362007,1.720500573515892,project://predictive_profile_confirmatory64_v1/runs/confirm_K3_i000718/transformer/d256/n256/seed1/DONE.json,1.6454828920531683,1.6248725112612157,1.6173052394047054,1.6147126678341306,0.0577564632600375,0.1057879056817614,-1.2261166730436477
done,confirm_K3_i000718,Transformer,256,2,256,26,1.6515652686357498,16,34,795656,cpu,1.672006458044052,1.7052976489067078,1.6802387312054634,1.6773801520466805,project://predictive_profile_confirmatory64_v1/runs/confirm_K3_i000718/transformer/d256/n256/seed2/DONE.json,1.6454828920531683,1.6248725112612157,1.6173052394047054,1.6147126678341306,0.020135713545191,0.0626674842125498,-0.1746394164818463
done,confirm_K3_i000718,Transformer,256,3,256,27,1.6604908928275108,16,35,795656,cpu,1.6603006646037102,1.6743875741958618,1.615318439900875,1.6269906759262085,project://predictive_profile_confirmatory64_v1/runs/confirm_K3_i000718/transformer/d256/n256/seed3/DONE.json,1.6454828920531683,1.6248725112612157,1.6173052394047054,1.6147126678341306,0.019978321955317,0.0122780080920779,1.0825396799316322
done,confirm_K3_i000718,Transformer,256,4,256,4,1.719566561281681,16,12,795656,cpu,1.752673678100109,1.7400008738040924,1.703900225460529,1.64705590903759,project://predictive_profile_confirmatory64_v1/runs/confirm_K3_i000718/transformer/d256/n256/seed4/DONE.json,1.6454828920531683,1.6248725112612157,1.6173052394047054,1.6147126678341306,0.0620459166742765,0.0323432412034594,3.432466670072968
done,confirm_K3_i000718,Transformer,256,5,256,24,1.6396161280572414,16,32,795656,cpu,1.6069122701883316,1.6399575173854828,1.6180972531437874,1.6345975697040558,project://predictive_profile_confirmatory64_v1/runs/confirm_K3_i000718/transformer/d256/n256/seed5/DONE.json,1.6454828920531683,1.6248725112612157,1.6173052394047054,1.6147126678341306,0.0308408237221843,0.0198849018699251,-0.8997431841460258
done,confirm_K3_i000884,GRU,8,1,256,48,1.9805031642317767,16,48,576,cpu,2.015302836894989,1.960942454636097,2.01463470607996,1.99961256980896,project://predictive_profile_confirmatory64_v1/runs/confirm_K3_i000884/gru/d8/n256/seed1/DONE.json,1.9805327223164804,1.9804662944287512,1.980462922243788,1.9804627457604516,0.0221658804641449,0.0191498240485086,224.2217676377271
done,confirm_K3_i000884,GRU,8,2,256,38,1.9989636465907097,16,46,576,cpu,2.020229667425156,1.9776447713375087,2.006080463528633,1.9729267358779907,project://predictive_profile_confirmatory64_v1/runs/confirm_K3_i000884/gru/d8/n256/seed2/DONE.json,1.9805327223164804,1.9804662944287512,1.980462922243788,1.9804627457604516,0.02894968211355,-0.0075360098824606,675.9825608957186
done,confirm_K3_i000884,GRU,8,3,256,47,2.0057682059705257,16,48,576,cpu,1.990519806742668,1.9733594059944155,1.98123287409544,2.031212493777275,project://predictive_profile_confirmatory64_v1/runs/confirm_K3_i000884/gru/d8/n256/seed3/DONE.json,1.9805327223164804,1.9804662944287512,1.980462922243788,1.9804627457604516,0.0433213721768976,0.0507497480168237,-581.5188592266065
done,confirm_K3_i000884,GRU,8,4,256,31,2.0032333731651306,16,39,576,cpu,2.0061181038618088,1.996300421655178,2.00344280898571,1.9675553739070888,project://predictive_profile_confirmatory64_v1/runs/confirm_K3_i000884/gru/d8/n256/seed4/DONE.json,1.9805327223164804,1.9804662944287512,1.980462922243788,1.9804627457604516,0.0299819160622312,-0.0129073718533621,551.0807067830391
done,confirm_K3_i000884,GRU,8,5,256,26,2.0027386359870434,16,34,576,cpu,2.0471207723021507,2.006978742778301,1.9809916242957115,2.0227929055690765,project://predictive_profile_confirmatory64_v1/runs/confirm_K3_i000884/gru/d8/n256/seed5/DONE.json,1.9805327223164804,1.9804662944287512,1.980462922243788,1.9804627457604516,0.0254263991858336,0.0423301598086252,347.65738861144405
done,confirm_K3_i000884,GRU,32,1,256,14,1.9902052953839304,16,22,6888,cpu,2.0135090351104736,1.975749649107456,1.987451821565628,2.0053478106856346,project://predictive_profile_confirmatory64_v1/runs/confirm_K3_i000884/gru/d32/n256/seed1/DONE.json,1.9805327223164804,1.9804662944287512,1.980462922243788,1.9804627457604516,0.0177623357479616,0.0248850649251832,116.62798068332444
done,confirm_K3_i000884,GRU,32,2,256,23,1.987752791494131,16,31,6888,cpu,2.01528612524271,2.0143877044320107,1.9479630291461945,1.9916834980249405,project://predictive_profile_confirmatory64_v1/runs/confirm_K3_i000884/gru/d32/n256/seed2/DONE.json,1.9805327223164804,1.9804662944287512,1.980462922243788,1.9804627457604516,0.0272974373330964,0.0112207522644891,337.293353047823
done,confirm_K3_i000884,GRU,32,3,256,28,1.9684075973927972,16,36,6888,cpu,1.990752011537552,1.9952092915773392,2.006120279431343,1.977174922823906,project://predictive_profile_confirmatory64_v1/runs/confirm_K3_i000884/gru/d32/n256/seed3/DONE.json,1.9805327223164804,1.9804662944287512,1.980462922243788,1.9804627457604516,0.0183396837772459,-0.0032878229365453,194.0233913199997
done,confirm_K3_i000884,GRU,32,4,256,12,1.9823589846491811,16,20,6888,cpu,1.9829841330647469,2.012627609074116,2.0040993243455887,1.9827379956841469,project://predictive_profile_confirmatory64_v1/runs/confirm_K3_i000884/gru/d32/n256/seed4/DONE.json,1.9805327223164804,1.9804662944287512,1.980462922243788,1.9804627457604516,0.0183678164159493,0.0022752499236955,3.5174263291533325
done,confirm_K3_i000884,GRU,32,5,256,11,1.989212930202484,16,19,6888,cpu,2.0081446543335915,2.007214479148388,2.0386175215244293,2.046277031302452,project://predictive_profile_confirmatory64_v1/runs/confirm_K3_i000884/gru/d32/n256/seed5/DONE.json,1.9805327223164804,1.9804662944287512,1.980462922243788,1.9804627457604516,0.0275873650514425,0.0658142855420007,-544.9307472783102
done,confirm_K3_i000884,GRU,128,1,256,18,1.9874877408146856,16,26,101256,cpu,2.0103884115815163,2.007137104868889,2.0497669652104378,1.9981952607631683,project://predictive_profile_confirmatory64_v1/runs/confirm_K3_i000884/gru/d128/n256/seed1/DONE.json,1.9805327223164804,1.9804662944287512,1.980462922243788,1.9804627457604516,0.0268630181478918,0.0177325150027169,174.24622631170868
done,confirm_K3_i000884,GRU,128,2,256,29,2.0086551755666733,16,37,101256,cpu,2.0014732256531715,2.0092831552028656,2.0031339302659035,1.9870899468660357,project://predictive_profile_confirmatory64_v1/runs/confirm_K3_i000884/gru/d128/n256/seed2/DONE.json,1.9805327223164804,1.9804662944287512,1.980462922243788,1.9804627457604516,0.0154487487951221,0.0066272011055841,205.5442508655269
done,confirm_K3_i000884,GRU,128,3,256,24,1.9720505848526957,16,32,101256,cpu,2.002587787806988,2.0135454162955284,2.0061268657445908,2.0170961767435074,project://predictive_profile_confirmatory64_v1/runs/confirm_K3_i000884/gru/d128/n256/seed3/DONE.json,1.9805327223164804,1.9804662944287512,1.980462922243788,1.9804627457604516,0.0092937009494563,0.036633430983056,-207.3321375018976
done,confirm_K3_i000884,GRU,128,4,256,6,1.97024966776371,16,14,101256,cpu,2.001735709607601,1.991613946855068,2.0090298801660538,2.0192825719714165,project://predictive_profile_confirmatory64_v1/runs/confirm_K3_i000884/gru/d128/n256/seed4/DONE.json,1.9805327223164804,1.9804662944287512,1.980462922243788,1.9804627457604516,0.0171844662678312,0.0388198262109651,-250.75344314653756
done,confirm_K3_i000884,GRU,128,5,256,9,2.0241064950823784,16,17,101256,cpu,2.020785517990589,2.0255849957466125,2.051435425877571,1.9730183854699133,project://predictive_profile_confirmatory64_v1/runs/confirm_K3_i000884/gru/d128/n256/seed5/DONE.json,1.9805327223164804,1.9804662944287512,1.980462922243788,1.9804627457604516,0.052884540937049,-0.0074443602905378,682.6162250805949
done,confirm_K3_i000884,GRU,256,1,256,29,2.0062138848006725,16,37,399112,cpu,2.0130723118782043,2.0365182533860207,2.01913183927536,2.022386692464352,project://predictive_profile_confirmatory64_v1/runs/confirm_K3_i000884/gru/d256/n256/seed1/DONE.json,1.9805327223164804,1.9804662944287512,1.980462922243788,1.9804627457604516,0.0086351332845967,0.0419239467039003,-133.10715923606625
done,confirm_K3_i000884,GRU,256,2,256,24,1.964527364820242,16,32,399112,cpu,1.9985256791114807,1.9838630333542824,2.014375828206539,2.0296680852770805,project://predictive_profile_confirmatory64_v1/runs/confirm_K3_i000884/gru/d256/n256/seed2/DONE.json,1.9805327223164804,1.9804662944287512,1.980462922243788,1.9804627457604516,0.0287510836633854,0.0492053395166292,-445.0405669104564
done,confirm_K3_i000884,GRU,256,3,256,34,1.9713505692780016,16,42,399112,cpu,2.0064797699451447,1.995433233678341,1.97091094404459,2.007564939558506,project://predictive_profile_confirmatory64_v1/runs/confirm_K3_i000884/gru/d256/n256/seed3/DONE.json,1.9805327223164804,1.9804662944287512,1.980462922243788,1.9804627457604516,0.0193140304599588,0.0271021937980546,-15.507616763980318
done,confirm_K3_i000884,GRU,256,4,256,9,1.9850214309990408,16,17,399112,cpu,2.011542208492756,2.0550542101264,2.0374202206730843,2.029446020722389,project://predictive_profile_confirmatory64_v1/runs/confirm_K3_i000884/gru/d256/n256/seed4/DONE.json,1.9805327223164804,1.9804662944287512,1.980462922243788,1.9804627457604516,0.016141869166661,0.0489832749619378,-255.85443533697847
done,confirm_K3_i000884,GRU,256,5,256,23,1.9643940776586533,16,31,399112,cpu,1.9870111420750616,2.0245195105671883,1.9892645850777624,1.9228265583515167,project://predictive_profile_confirmatory64_v1/runs/confirm_K3_i000884/gru/d256/n256/seed5/DONE.json,1.9805327223164804,1.9804662944287512,1.980462922243788,1.9804627457604516,0.0686756972861658,-0.0576361874089346,917.2298176109148
done,confirm_K3_i000884,Transformer,8,1,256,28,1.9637186005711555,16,36,1064,cpu,1.988481342792511,2.009809359908104,1.990208208560944,2.004087835550308,project://predictive_profile_confirmatory64_v1/runs/confirm_K3_i000884/transformer/d8/n256/seed1/DONE.json,1.9805327223164804,1.9804662944287512,1.980462922243788,1.9804627457604516,0.0108523716368106,0.0236250897898568,-223.0245905689234
done,confirm_K3_i000884,Transformer,8,2,256,48,1.9927611947059631,16,48,1064,cpu,2.0023146495223045,2.0058922842144966,1.9886435866355896,1.9922831505537035,project://predictive_profile_confirmatory64_v1/runs/confirm_K3_i000884/transformer/d8/n256/seed2/DONE.json,1.9805327223164804,1.9804662944287512,1.980462922243788,1.9804627457604516,0.0086254214672978,0.0118204047932519,143.3551397476599
done,confirm_K3_i000884,Transformer,8,3,256,48,1.9890615865588188,16,48,1064,cpu,2.0140851363539696,1.991441167891025,2.007341705262661,2.021137334406376,project://predictive_profile_confirmatory64_v1/runs/confirm_K3_i000884/transformer/d8/n256/seed3/DONE.json,1.9805327223164804,1.9804662944287512,1.980462922243788,1.9804627457604516,0.016756511466012,0.0406745886459245,-100.77943889494806
done,confirm_K3_i000884,Transformer,8,4,256,45,1.9990118704736235,16,48,1064,cpu,1.9315416067838669,2.0019247978925705,1.9611256420612333,1.9566388353705408,project://predictive_profile_confirmatory64_v1/runs/confirm_K3_i000884/transformer/d8/n256/seed4/DONE.json,1.9805327223164804,1.9804662944287512,1.980462922243788,1.9804627457604516,0.0260000724505381,-0.0238239103899107,-358.6519544669057
done,confirm_K3_i000884,Transformer,8,5,256,38,1.9929587431252005,16,46,1064,cpu,1.9916133284568789,2.0541971921920776,1.995719015598297,2.003577180206776,project://predictive_profile_confirmatory64_v1/runs/confirm_K3_i000884/transformer/d8/n256/seed5/DONE.json,1.9805327223164804,1.9804662944287512,1.980462922243788,1.9804627457604516,0.0263087100934901,0.0231144344463243,-170.9694278885938
done,confirm_K3_i000884,Transformer,32,1,256,10,1.9869326315820215,16,18,13448,cpu,1.981218792498112,2.009787991642952,2.0000601708889008,1.9867058098316197,project://predictive_profile_confirmatory64_v1/runs/confirm_K3_i000884/transformer/d32/n256/seed1/DONE.json,1.9805327223164804,1.9804662944287512,1.980462922243788,1.9804627457604516,0.0136183491517329,0.0062430640711679,-78.41222324847493
done,confirm_K3_i000884,Transformer,32,2,256,13,1.9909254610538485,16,21,13448,cpu,1.99871326982975,1.9678260162472725,1.9679459258913996,1.9925490245223043,project://predictive_profile_confirmatory64_v1/runs/confirm_K3_i000884/transformer/d32/n256/seed2/DONE.json,1.9805327223164804,1.9804662944287512,1.980462922243788,1.9804627457604516,0.0177049701795385,0.0120862787618531,88.09014986231199
done,confirm_K3_i000884,Transformer,32,3,256,22,1.9685243293643,16,30,13448,cpu,1.9961345717310903,2.0144026800990105,2.024572730064392,1.9991232007741928,project://predictive_profile_confirmatory64_v1/runs/confirm_K3_i000884/transformer/d32/n256/seed3/DONE.json,1.9805327223164804,1.9804662944287512,1.980462922243788,1.9804627457604516,0.0149196069311656,0.0186604550137414,-42.70900445375617
done,confirm_K3_i000884,Transformer,32,4,256,20,1.975835409015417,16,28,13448,cpu,2.0226541236042976,2.003519795835018,1.9689462333917616,1.9266681596636768,project://predictive_profile_confirmatory64_v1/runs/confirm_K3_i000884/transformer/d32/n256/seed4/DONE.json,1.9805327223164804,1.9804662944287512,1.980462922243788,1.9804627457604516,0.0649863943150287,-0.0537945860967741,1371.6874534494584
done,confirm_K3_i000884,Transformer,32,5,256,20,1.987413674592972,16,28,13448,cpu,1.991388902068138,1.9740001037716863,1.9854796081781387,1.9710590615868568,project://predictive_profile_confirmatory64_v1/runs/confirm_K3_i000884/transformer/d32/n256/seed5/DONE.json,1.9805327223164804,1.9804662944287512,1.980462922243788,1.9804627457604516,0.0125203636975879,-0.0094036841735944,290.52359297088066
done,confirm_K3_i000884,Transformer,128,1,256,23,2.0182658173143864,16,31,201224,cpu,1.9821857661008837,1.9799523204565048,2.0265243873000145,1.9779988154768944,project://predictive_profile_confirmatory64_v1/runs/confirm_K3_i000884/transformer/d128/n256/seed1/DONE.json,1.9805327223164804,1.9804662944287512,1.980462922243788,1.9804627457604516,0.0243693752380654,-0.0024639302835569,59.83361945180997
done,confirm_K3_i000884,Transformer,128,2,256,32,1.9938224852085116,16,40,201224,cpu,1.9941427037119863,1.9994583055377009,1.977421551942825,1.9928161799907684,project://predictive_profile_confirmatory64_v1/runs/confirm_K3_i000884/transformer/d128/n256/seed2/DONE.json,1.9805327223164804,1.9804662944287512,1.980462922243788,1.9804627457604516,0.00840609333026,0.012353434230317,18.95668773221476
done,confirm_K3_i000884,Transformer,128,3,256,20,1.989256910979748,16,28,201224,cpu,1.9704220741987228,2.0201191157102585,1.9991903081536293,2.029405914247036,project://predictive_profile_confirmatory64_v1/runs/confirm_K3_i000884/transformer/d128/n256/seed3/DONE.json,1.9805327223164804,1.9804662944287512,1.980462922243788,1.9804627457604516,0.0334912575288506,0.0489431684865846,-842.9085881826679
done,confirm_K3_i000884,Transformer,128,4,256,21,1.975405015051365,16,29,201224,cpu,2.0306119695305824,2.024710409343242,2.001774065196514,2.006783276796341,project://predictive_profile_confirmatory64_v1/runs/confirm_K3_i000884/transformer/d128/n256/seed4/DONE.json,1.9805327223164804,1.9804662944287512,1.980462922243788,1.9804627457604516,0.0150899422005012,0.0263205310358896,340.5239423951765
done,confirm_K3_i000884,Transformer,128,5,256,10,2.00633554533124,16,18,201224,cpu,2.002945303916931,2.0165144726634026,2.1134987995028496,2.033687807619572,project://predictive_profile_confirmatory64_v1/runs/confirm_K3_i000884/transformer/d128/n256/seed5/DONE.json,1.9805327223164804,1.9804662944287512,1.980462922243788,1.9804627457604516,0.0436297505308675,0.0532250618591203,-439.3257606145678
done,confirm_K3_i000884,Transformer,256,1,256,10,2.0144287422299385,16,18,795656,cpu,2.005242981016636,2.014567509293556,2.009487770497799,2.0252346470952034,project://predictive_profile_confirmatory64_v1/runs/confirm_K3_i000884/transformer/d256/n256/seed1/DONE.json,1.9805327223164804,1.9804662944287512,1.980462922243788,1.9804627457604516,0.0138230128378896,0.044771901334752,-285.69091154292505
done,confirm_K3_i000884,Transformer,256,2,256,17,2.0003523528575897,16,25,795656,cpu,2.0196921825408936,2.021292552351952,1.998705603182316,1.9773404747247696,project://predictive_profile_confirmatory64_v1/runs/confirm_K3_i000884/transformer/d256/n256/seed2/DONE.json,1.9805327223164804,1.9804662944287512,1.980462922243788,1.9804627457604516,0.0323097476346569,-0.0031222710356817,605.2270963228825
done,confirm_K3_i000884,Transformer,256,3,256,26,2.001917827874422,16,34,795656,cpu,1.982154667377472,1.9791392385959623,2.004302404820919,2.002887964248657,project://predictive_profile_confirmatory64_v1/runs/confirm_K3_i000884/transformer/d256/n256/seed3/DONE.json,1.9805327223164804,1.9804662944287512,1.980462922243788,1.9804627457604516,0.0158030603335275,0.0224252184882058,-296.28918666109683
done,confirm_K3_i000884,Transformer,256,4,256,27,1.9855896420776844,16,35,795656,cpu,1.9851571172475813,1.970977559685707,1.9642655327916143,2.035835519433021,project://predictive_profile_confirmatory64_v1/runs/confirm_K3_i000884/transformer/d256/n256/seed4/DONE.json,1.9805327223164804,1.9804662944287512,1.980462922243788,1.9804627457604516,0.0545543340820388,0.0553727736725702,-724.2197253093964
done,confirm_K3_i000884,Transformer,256,5,256,27,1.9661643616855145,16,35,795656,cpu,1.968993537127972,2.0004852861166,1.9837455302476883,1.9939521253108976,project://predictive_profile_confirmatory64_v1/runs/confirm_K3_i000884/transformer/d256/n256/seed5/DONE.json,1.9805327223164804,1.9804662944287512,1.980462922243788,1.9804627457604516,0.0139036242843401,0.0134893795504464,-356.6707137255059
done,confirm_K3_i000975,GRU,8,1,256,48,1.0278855059295893,16,48,576,cpu,1.1346607021987438,0.9831849187612534,0.9533685967326164,0.9544665180146694,project://predictive_profile_confirmatory64_v1/runs/confirm_K3_i000975/gru/d8/n256/seed1/DONE.json,1.0157131464906894,0.9402272892858976,0.9075909776404404,0.8940198827082537,0.0313982604991556,0.0604466353064157,1.4807243933092888
done,confirm_K3_i000975,GRU,8,2,256,48,1.0558006893843412,16,48,576,cpu,1.198376514017582,1.029609847813845,0.998170416802168,1.024716641753912,project://predictive_profile_confirmatory64_v1/runs/confirm_K3_i000975/gru/d8/n256/seed2/DONE.json,1.0157131464906894,0.9402272892858976,0.9075909776404404,0.8940198827082537,0.03878398804961,0.1306967590456582,1.4270294580490552
done,confirm_K3_i000975,GRU,8,3,256,48,0.9828595854341984,16,48,576,cpu,1.0831931121647358,1.0435448102653029,0.9673936329782008,1.0161877162754536,project://predictive_profile_confirmatory64_v1/runs/confirm_K3_i000975/gru/d8/n256/seed3/DONE.json,1.0157131464906894,0.9402272892858976,0.9075909776404404,0.8940198827082537,0.0425309082754716,0.1221678335671998,0.5506089146320791
done,confirm_K3_i000975,GRU,8,4,256,48,1.0202532541006804,16,48,576,cpu,1.1099669188261032,1.0152556747198105,0.9702901430428028,1.0022646971046925,project://predictive_profile_confirmatory64_v1/runs/confirm_K3_i000975/gru/d8/n256/seed4/DONE.json,1.0157131464906894,0.9402272892858976,0.9075909776404404,0.8940198827082537,0.029040861528489,0.1082448143964387,0.8850302668680308
done,confirm_K3_i000975,GRU,8,5,256,48,0.9907104969024658,16,48,576,cpu,1.0742368958890438,1.0664801560342312,1.0056041814386845,1.0450856760144234,project://predictive_profile_confirmatory64_v1/runs/confirm_K3_i000975/gru/d8/n256/seed5/DONE.json,1.0157131464906894,0.9402272892858976,0.9075909776404404,0.8940198827082537,0.0547592194714667,0.1510657933061696,0.2395467010132725
done,confirm_K3_i000975,GRU,32,1,256,44,0.9967268165200948,16,48,6888,cpu,1.043249186128378,0.9489787966012956,0.8921095691621304,0.8996638506650925,project://predictive_profile_confirmatory64_v1/runs/confirm_K3_i000975/gru/d32/n256/seed1/DONE.json,1.0157131464906894,0.9402272892858976,0.9075909776404404,0.8940198827082537,0.0152905292000571,0.0056439679568387,1.1798955094177486
done,confirm_K3_i000975,GRU,32,2,256,38,0.9510448314249516,16,46,6888,cpu,1.0790614485740662,0.9470169767737388,0.9727924279868604,0.9332811944186687,project://predictive_profile_confirmatory64_v1/runs/confirm_K3_i000975/gru/d32/n256/seed2/DONE.json,1.0157131464906894,0.9402272892858976,0.9075909776404404,0.8940198827082537,0.0240181196044482,0.039261311710415,1.1979319941325974
done,confirm_K3_i000975,GRU,32,3,256,38,0.978099636733532,16,46,6888,cpu,1.0077733434736729,0.9800637029111384,0.963827397674322,0.906800102442503,project://predictive_profile_confirmatory64_v1/runs/confirm_K3_i000975/gru/d32/n256/seed3/DONE.json,1.0157131464906894,0.9402272892858976,0.9075909776404404,0.8940198827082537,0.0276124895435094,0.0127802197342492,0.8297356640190926
done,confirm_K3_i000975,GRU,32,4,256,41,0.9060276076197624,16,48,6888,cpu,1.0407128408551216,0.9464144185185432,0.927569016814232,0.9286264181137084,project://predictive_profile_confirmatory64_v1/runs/confirm_K3_i000975/gru/d32/n256/seed4/DONE.json,1.0157131464906894,0.9402272892858976,0.9075909776404404,0.8940198827082537,0.0166879218598539,0.0346065354054547,0.9210569201414648
done,confirm_K3_i000975,GRU,32,5,256,48,0.95800743624568,16,48,6888,cpu,1.0531040504574776,0.9983593188226224,0.9553587660193444,0.8994652293622494,project://predictive_profile_confirmatory64_v1/runs/confirm_K3_i000975/gru/d32/n256/seed5/DONE.json,1.0157131464906894,0.9402272892858976,0.9075909776404404,0.8940198827082537,0.0373751062164658,0.0054453466539956,1.2625088383684493
done,confirm_K3_i000975,GRU,128,1,256,17,0.9436898957937956,16,25,101256,cpu,1.0149895772337914,0.949577149003744,0.8920437917113304,0.9242712147533894,project://predictive_profile_confirmatory64_v1/runs/confirm_K3_i000975/gru/d128/n256/seed1/DONE.json,1.0157131464906894,0.9402272892858976,0.9075909776404404,0.8940198827082537,0.0295542733997829,0.0302513320451356,0.7454674125807742
done,confirm_K3_i000975,GRU,128,2,256,28,0.944672903046012,16,36,101256,cpu,1.0646608918905258,0.9614598974585532,0.9296525195240974,0.8981806673109531,project://predictive_profile_confirmatory64_v1/runs/confirm_K3_i000975/gru/d128/n256/seed2/DONE.json,1.0157131464906894,0.9402272892858976,0.9075909776404404,0.8940198827082537,0.0255820060231784,0.0041607846026994,1.368031552487634
done,confirm_K3_i000975,GRU,128,3,256,24,0.9244868233799934,16,32,101256,cpu,1.0310788601636889,1.0028036795556543,0.9171125143766404,0.957220919430256,project://predictive_profile_confirmatory64_v1/runs/confirm_K3_i000975/gru/d128/n256/seed3/DONE.json,1.0157131464906894,0.9402272892858976,0.9075909776404404,0.8940198827082537,0.0359516933993328,0.0632010367220021,0.6069188912993297
done,confirm_K3_i000975,GRU,128,4,256,18,0.9212954137474298,16,26,101256,cpu,1.0489500388503077,1.0149556174874306,1.0143864899873734,0.9510817974805832,project://predictive_profile_confirmatory64_v1/runs/confirm_K3_i000975/gru/d128/n256/seed4/DONE.json,1.0157131464906894,0.9402272892858976,0.9075909776404404,0.8940198827082537,0.0289532579519574,0.0570619147723294,0.8042206965924915
done,confirm_K3_i000975,GRU,128,5,256,16,0.9827281907200812,16,24,101256,cpu,1.0523338615894318,0.9538843668997288,0.9351264983415604,0.9356515556573868,project://predictive_profile_confirmatory64_v1/runs/confirm_K3_i000975/gru/d128/n256/seed5/DONE.json,1.0157131464906894,0.9402272892858976,0.9075909776404404,0.8940198827082537,0.0158618188660022,0.041631672949133,0.9588230466121004
done,confirm_K3_i000975,GRU,256,1,256,12,0.9602349270135164,16,20,399112,cpu,1.057196669280529,0.99647868424654,0.9206265211105348,0.9031267054378986,project://predictive_profile_confirmatory64_v1/runs/confirm_K3_i000975/gru/d256/n256/seed1/DONE.json,1.0157131464906894,0.9402272892858976,0.9075909776404404,0.8940198827082537,0.0286631132480754,0.0091068227296449,1.2660517028952236
done,confirm_K3_i000975,GRU,256,2,256,26,0.9671637658029796,16,34,399112,cpu,1.0773850455880165,0.977434791624546,0.8705116286873817,0.9428285583853722,project://predictive_profile_confirmatory64_v1/runs/confirm_K3_i000975/gru/d256/n256/seed2/DONE.json,1.0157131464906894,0.9402272892858976,0.9075909776404404,0.8940198827082537,0.0438086821145687,0.0488086756771184,1.1057020168610614
done,confirm_K3_i000975,GRU,256,3,256,22,0.9557910710573196,16,30,399112,cpu,1.0236638635396955,1.015580989420414,1.0010965652763844,1.016018986701965,project://predictive_profile_confirmatory64_v1/runs/confirm_K3_i000975/gru/d256/n256/seed3/DONE.json,1.0157131464906894,0.9402272892858976,0.9075909776404404,0.8940198827082537,0.0632350945684179,0.1219991039937116,0.0628208710993074
done,confirm_K3_i000975,GRU,256,4,256,17,0.9669089410454036,16,25,399112,cpu,1.0664870031177998,0.969436876475811,0.92938644438982,0.8835084550082684,project://predictive_profile_confirmatory64_v1/runs/confirm_K3_i000975/gru/d256/n256/seed4/DONE.json,1.0157131464906894,0.9402272892858976,0.9075909776404404,0.8940198827082537,0.0399292515829527,-0.0105114276999853,1.5036045745034996
done,confirm_K3_i000975,GRU,256,5,256,11,0.9169794078916312,16,19,399112,cpu,0.9772080965340136,0.9744954742491244,0.9529751837253572,0.939958330243826,project://predictive_profile_confirmatory64_v1/runs/confirm_K3_i000975/gru/d256/n256/seed5/DONE.json,1.0157131464906894,0.9402272892858976,0.9075909776404404,0.8940198827082537,0.0426239559426866,0.0459384475355721,0.3060955482037468
done,confirm_K3_i000975,Transformer,8,1,256,47,1.030470322817564,16,48,1064,cpu,1.136644147336483,1.0144615285098553,1.0289763808250427,1.0615992546081543,project://predictive_profile_confirmatory64_v1/runs/confirm_K3_i000975/transformer/d8/n256/seed1/DONE.json,1.0157131464906894,0.9402272892858976,0.9075909776404404,0.8940198827082537,0.0570597648565979,0.1675793718999005,0.6166725289124846
done,confirm_K3_i000975,Transformer,8,2,256,48,1.056056033819914,16,48,1064,cpu,1.072108622640371,1.0281266048550606,1.0511379688978195,0.977991096675396,project://predictive_profile_confirmatory64_v1/runs/confirm_K3_i000975/transformer/d8/n256/seed2/DONE.json,1.0157131464906894,0.9402272892858976,0.9075909776404404,0.8940198827082537,0.0328828395143614,0.0839712139671422,0.7733996364272019
done,confirm_K3_i000975,Transformer,8,3,256,47,1.0346878170967102,16,48,1064,cpu,1.0551110841333866,1.009969137609005,0.9625402428209782,0.9678162448108196,project://predictive_profile_confirmatory64_v1/runs/confirm_K3_i000975/transformer/d8/n256/seed3/DONE.json,1.0157131464906894,0.9402272892858976,0.9075909776404404,0.8940198827082537,0.0197161339370668,0.0737963621025659,0.7173350160008319
done,confirm_K3_i000975,Transformer,8,4,256,46,1.0294016562402248,16,48,1064,cpu,1.0931686498224735,1.0291114337742329,1.0142321176826954,1.0271019861102104,project://predictive_profile_confirmatory64_v1/runs/confirm_K3_i000975/transformer/d8/n256/seed4/DONE.json,1.0157131464906894,0.9402272892858976,0.9075909776404404,0.8940198827082537,0.0379041645168647,0.1330821034019567,0.5428949940103313
done,confirm_K3_i000975,Transformer,8,5,256,47,0.9913952369242908,16,48,1064,cpu,1.0371120683848858,0.9869302473962308,0.941766019910574,0.9746652543544768,project://predictive_profile_confirmatory64_v1/runs/confirm_K3_i000975/transformer/d8/n256/seed5/DONE.json,1.0157131464906894,0.9402272892858976,0.9075909776404404,0.8940198827082537,0.0412968544721722,0.0806453716462232,0.5131493074427835
done,confirm_K3_i000975,Transformer,32,1,256,30,0.9849503356963396,16,38,13448,cpu,1.035970363765955,0.970120131969452,0.929788701236248,0.9734213314950466,project://predictive_profile_confirmatory64_v1/runs/confirm_K3_i000975/transformer/d32/n256/seed1/DONE.json,1.0157131464906894,0.9402272892858976,0.9075909776404404,0.8940198827082537,0.0480140822444326,0.0794014487867929,0.5139892737426622
done,confirm_K3_i000975,Transformer,32,2,256,35,0.9226224049925804,16,43,13448,cpu,1.005169153213501,0.9813399240374564,0.9793459475040436,0.9617160931229592,project://predictive_profile_confirmatory64_v1/runs/confirm_K3_i000975/transformer/d32/n256/seed2/DONE.json,1.0157131464906894,0.9402272892858976,0.9075909776404404,0.8940198827082537,0.0413663193221589,0.0676962104147054,0.3570703812186975
done,confirm_K3_i000975,Transformer,32,3,256,25,0.950410356745124,16,33,13448,cpu,1.1212374530732632,0.9581444971263408,0.9647089689970016,0.9061255119740964,project://predictive_profile_confirmatory64_v1/runs/confirm_K3_i000975/transformer/d32/n256/seed3/DONE.json,1.0157131464906894,0.9402272892858976,0.9075909776404404,0.8940198827082537,0.0519300887206113,0.0121056292658425,1.7676569303272682
done,confirm_K3_i000975,Transformer,32,4,256,29,0.9532710313796996,16,37,13448,cpu,1.005037736147642,0.9453474693000316,0.9528760462999344,0.9018244259059428,project://predictive_profile_confirmatory64_v1/runs/confirm_K3_i000975/transformer/d32/n256/seed4/DONE.json,1.0157131464906894,0.9402272892858976,0.9075909776404404,0.8940198827082537,0.0209374322533948,0.0078045431976891,0.8481431677781679
done,confirm_K3_i000975,Transformer,32,5,256,24,0.9749318435788156,16,32,13448,cpu,1.0278683826327324,1.0088073685765266,0.8782302550971508,1.0356381013989449,project://predictive_profile_confirmatory64_v1/runs/confirm_K3_i000975/transformer/d32/n256/seed5/DONE.json,1.0157131464906894,0.9402272892858976,0.9075909776404404,0.8940198827082537,0.113279556852624,0.1416182186906911,-0.06384674487902
done,confirm_K3_i000975,Transformer,128,1,256,18,0.9876884240657092,16,26,201224,cpu,1.09577988833189,0.9635305628180504,0.9655395448207856,0.8917733244597912,project://predictive_profile_confirmatory64_v1/runs/confirm_K3_i000975/transformer/d128/n256/seed1/DONE.json,1.0157131464906894,0.9402272892858976,0.9075909776404404,0.8940198827082537,0.0525635957699303,-0.0022465582484625,1.6763998066221943
done,confirm_K3_i000975,Transformer,128,2,256,7,1.0294672064483166,16,15,201224,cpu,1.0569154806435108,0.9701132327318192,0.955340687185526,0.9864902049303056,project://predictive_profile_confirmatory64_v1/runs/confirm_K3_i000975/transformer/d128/n256/seed2/DONE.json,1.0157131464906894,0.9402272892858976,0.9075909776404404,0.8940198827082537,0.0462199747556836,0.0924703222220517,0.5787113725465713
done,confirm_K3_i000975,Transformer,128,3,256,6,0.9591478500515224,16,14,201224,cpu,1.0938143283128738,0.972477339208126,0.977441255003214,0.9248364083468914,project://predictive_profile_confirmatory64_v1/runs/confirm_K3_i000975/transformer/d128/n256/seed3/DONE.json,1.0157131464906894,0.9402272892858976,0.9075909776404404,0.8940198827082537,0.030665646397595,0.0308165256386376,1.38855606887233
done,confirm_K3_i000975,Transformer,128,4,256,11,0.9786762334406376,16,19,201224,cpu,1.034983690828085,0.9768582731485368,1.003411844372749,0.9635115563869476,project://predictive_profile_confirmatory64_v1/runs/confirm_K3_i000975/transformer/d128/n256/seed4/DONE.json,1.0157131464906894,0.9402272892858976,0.9075909776404404,0.8940198827082537,0.0327689379380722,0.0694916736786939,0.5873138103101238
done,confirm_K3_i000975,Transformer,128,5,256,8,0.9932681992650032,16,16,201224,cpu,1.0589675344526768,0.9908595569431782,1.023975983262062,0.9891795553267002,project://predictive_profile_confirmatory64_v1/runs/confirm_K3_i000975/transformer/d128/n256/seed5/DONE.json,1.0157131464906894,0.9402272892858976,0.9075909776404404,0.8940198827082537,0.035802804111338,0.0951596726184464,0.5734744632270207
done,confirm_K3_i000975,Transformer,256,1,256,22,0.9633774999529124,16,30,795656,cpu,1.057547427713871,0.9741690196096896,1.008728560060263,0.955511387437582,project://predictive_profile_confirmatory64_v1/runs/confirm_K3_i000975/transformer/d256/n256/seed1/DONE.json,1.0157131464906894,0.9402272892858976,0.9075909776404404,0.8940198827082537,0.0260634225592458,0.0614915047293282,0.8384690910970217
done,confirm_K3_i000975,Transformer,256,2,256,37,0.9792596884071828,16,45,795656,cpu,1.0257876105606556,0.9773635417222976,1.0188087560236454,0.9768483154475688,project://predictive_profile_confirmatory64_v1/runs/confirm_K3_i000975/transformer/d256/n256/seed2/DONE.json,1.0157131464906894,0.9402272892858976,0.9075909776404404,0.8940198827082537,0.0452406626942592,0.0828284327393151,0.4021528685480964
done,confirm_K3_i000975,Transformer,256,3,256,24,0.9886201694607736,16,32,795656,cpu,1.005854457616806,0.9431320540606976,0.9524475745856762,0.9748150557279588,project://predictive_profile_confirmatory64_v1/runs/confirm_K3_i000975/transformer/d256/n256/seed3/DONE.json,1.0157131464906894,0.9402272892858976,0.9075909776404404,0.8940198827082537,0.0624031642287475,0.0807951730197049,0.2550626133615732
done,confirm_K3_i000975,Transformer,256,4,256,15,0.9839882720261812,16,23,795656,cpu,1.0413784757256508,1.0020144507288933,1.046452607959509,0.9825337193906308,project://predictive_profile_confirmatory64_v1/runs/confirm_K3_i000975/transformer/d256/n256/seed4/DONE.json,1.0157131464906894,0.9402272892858976,0.9075909776404404,0.8940198827082537,0.0424239035857206,0.088513836682377,0.4835498244193962
done,confirm_K3_i000975,Transformer,256,5,256,19,0.943541456013918,16,27,795656,cpu,1.0582959800958631,1.0555973649024963,0.9967095367610456,0.9317667707800864,project://predictive_profile_confirmatory64_v1/runs/confirm_K3_i000975/transformer/d256/n256/seed5/DONE.json,1.0157131464906894,0.9402272892858976,0.9075909776404404,0.8940198827082537,0.0466041688053617,0.0377468880718327,1.039738810374803
done,confirm_K3_i000936,GRU,8,1,256,46,1.403782531619072,16,48,576,cpu,1.4077381491661072,1.3760856613516808,1.3622950464487076,1.3969726487994194,project://predictive_profile_confirmatory64_v1/runs/confirm_K3_i000936/gru/d8/n256/seed1/DONE.json,1.4188345327581484,1.4187305843578586,1.4187264715903345,1.4187263157637282,0.0209318488199698,-0.0217536669643088,99.48068160981518
done,confirm_K3_i000936,GRU,8,2,256,46,1.430681373924017,16,48,576,cpu,1.5088697001338005,1.3808377459645271,1.4590437561273577,1.4148851782083511,project://predictive_profile_confirmatory64_v1/runs/confirm_K3_i000936/gru/d8/n256/seed2/DONE.json,1.4188345327581484,1.4187305843578586,1.4187264715903345,1.4187263157637282,0.0545945171220326,-0.003841137555377,868.4820940462178
done,confirm_K3_i000936,GRU,8,3,256,48,1.4248284846544266,16,48,576,cpu,1.4667263701558113,1.4458877816796305,1.4486432746052742,1.4193526729941368,project://predictive_profile_confirmatory64_v1/runs/confirm_K3_i000936/gru/d8/n256/seed3/DONE.json,1.4188345327581484,1.4187305843578586,1.4187264715903345,1.4187263157637282,0.0308051996651991,0.0006263572304086,437.7657817562571
done,confirm_K3_i000936,GRU,8,4,256,48,1.4330542720854282,16,48,576,cpu,1.422403804957867,1.4688582941889765,1.4037009999155998,1.3664258271455765,project://predictive_profile_confirmatory64_v1/runs/confirm_K3_i000936/gru/d8/n256/seed4/DONE.json,1.4188345327581484,1.4187305843578586,1.4187264715903345,1.4187263157637282,0.0612421278605278,-0.0523004886181517,517.275295920042
done,confirm_K3_i000936,GRU,8,5,256,48,1.4279790222644806,16,48,576,cpu,1.4946191906929016,1.4272735342383385,1.4200086891651154,1.3749571070075035,project://predictive_profile_confirmatory64_v1/runs/confirm_K3_i000936/gru/d8/n256/seed5/DONE.json,1.4188345327581484,1.4187305843578586,1.4187264715903345,1.4187263157637282,0.0690277480373905,-0.0437692087562247,1105.7605538437854
done,confirm_K3_i000936,GRU,32,1,256,42,1.4300028644502163,16,48,6888,cpu,1.4577566981315613,1.3666931614279747,1.415558248758316,1.467346079647541,project://predictive_profile_confirmatory64_v1/runs/confirm_K3_i000936/gru/d32/n256/seed1/DONE.json,1.4188345327581484,1.4187305843578586,1.4187264715903345,1.4187263157637282,0.0568064878385283,0.0486197638838128,-88.61252862691924
done,confirm_K3_i000936,GRU,32,2,256,19,1.4701671078801155,16,27,6888,cpu,1.488909624516964,1.445790469646454,1.4701405987143517,1.4937970414757729,project://predictive_profile_confirmatory64_v1/runs/confirm_K3_i000936/gru/d32/n256/seed2/DONE.json,1.4188345327581484,1.4187305843578586,1.4187264715903345,1.4187263157637282,0.0268776478394019,0.0750707257120446,-45.163118648731206
done,confirm_K3_i000936,GRU,32,3,256,42,1.3966915532946589,16,48,6888,cpu,1.475762739777565,1.3527641221880913,1.3813652396202087,1.4448777213692665,project://predictive_profile_confirmatory64_v1/runs/confirm_K3_i000936/gru/d32/n256/seed3/DONE.json,1.4188345327581484,1.4187305843578586,1.4187264715903345,1.4187263157637282,0.0580232026877085,0.0261514056055383,285.39896689767414
done,confirm_K3_i000936,GRU,32,4,256,18,1.434851057827473,16,26,6888,cpu,1.4852094128727913,1.495113916695118,1.421166367828846,1.3838199526071548,project://predictive_profile_confirmatory64_v1/runs/confirm_K3_i000936/gru/d32/n256/seed4/DONE.json,1.4188345327581484,1.4187305843578586,1.4187264715903345,1.4187263157637282,0.0775210127199043,-0.0349063631565733,936.9088543703278
done,confirm_K3_i000936,GRU,32,5,256,23,1.4335175454616549,16,31,6888,cpu,1.4288569688796997,1.42973805218935,1.3508314341306686,1.3392862379550934,project://predictive_profile_confirmatory64_v1/runs/confirm_K3_i000936/gru/d32/n256/seed5/DONE.json,1.4188345327581484,1.4187305843578586,1.4187264715903345,1.4187263157637282,0.0638701570917334,-0.0794400778086348,827.6956073720057
done,confirm_K3_i000936,GRU,128,1,256,10,1.4969203919172287,16,18,101256,cpu,1.4900096654891968,1.3796567991375923,1.4841811507940292,1.423330657184124,project://predictive_profile_confirmatory64_v1/runs/confirm_K3_i000936/gru/d128/n256/seed1/DONE.json,1.4188345327581484,1.4187305843578586,1.4187264715903345,1.4187263157637282,0.0501054203926724,0.0046043414203957,616.1602312309456
done,confirm_K3_i000936,GRU,128,2,256,3,1.4689955785870552,16,12,101256,cpu,1.5063539668917656,1.3850667029619217,1.436586432158947,1.3762877956032753,project://predictive_profile_confirmatory64_v1/runs/confirm_K3_i000936/gru/d128/n256/seed2/DONE.json,1.4188345327581484,1.4187305843578586,1.4187264715903345,1.4187263157637282,0.0717669334512434,-0.0424385201604529,1201.9015311351438
done,confirm_K3_i000936,GRU,128,3,256,9,1.3804474212229252,16,17,101256,cpu,1.4581504166126251,1.4556188359856606,1.4187336713075638,1.485891729593277,project://predictive_profile_confirmatory64_v1/runs/confirm_K3_i000936/gru/d128/n256/seed3/DONE.json,1.4188345327581484,1.4187305843578586,1.4187264715903345,1.4187263157637282,0.0393780668443089,0.0671654138295487,-256.3489508212748
done,confirm_K3_i000936,GRU,128,4,256,26,1.411459181457758,16,34,101256,cpu,1.4187597334384918,1.4249561950564384,1.4279780462384224,1.3751582950353622,project://predictive_profile_confirmatory64_v1/runs/confirm_K3_i000936/gru/d128/n256/seed4/DONE.json,1.4188345327581484,1.4187305843578586,1.4187264715903345,1.4187263157637282,0.0423112741917619,-0.0435680207283659,402.9074974474431
done,confirm_K3_i000936,GRU,128,5,256,26,1.4369316138327122,16,34,101256,cpu,1.369548283517361,1.4220343679189682,1.416848547756672,1.5046536102890968,project://predictive_profile_confirmatory64_v1/runs/confirm_K3_i000936/gru/d128/n256/seed5/DONE.json,1.4188345327581484,1.4187305843578586,1.4187264715903345,1.4187263157637282,0.0905802176980996,0.0859272945253686,-1248.466818872473
done,confirm_K3_i000936,GRU,256,1,256,8,1.464216399937868,16,16,399112,cpu,1.4880106821656227,1.4485382810235023,1.4599919319152832,1.4696205332875252,project://predictive_profile_confirmatory64_v1/runs/confirm_K3_i000936/gru/d256/n256/seed1/DONE.json,1.4188345327581484,1.4187305843578586,1.4187264715903345,1.4187263157637282,0.0147612953403073,0.0508942175237969,169.937716128841
done,confirm_K3_i000936,GRU,256,2,256,18,1.4563624300062656,16,26,399112,cpu,1.4412304311990738,1.4043950699269772,1.397424854338169,1.4314013943076134,project://predictive_profile_confirmatory64_v1/runs/confirm_K3_i000936/gru/d256/n256/seed2/DONE.json,1.4188345327581484,1.4187305843578586,1.4187264715903345,1.4187263157637282,0.022240067049902,0.0126750785438851,90.82711032699926
done,confirm_K3_i000936,GRU,256,3,256,5,1.4400819912552834,16,13,399112,cpu,1.4401758909225464,1.4520504847168922,1.4943879023194313,1.4852029606699944,project://predictive_profile_confirmatory64_v1/runs/confirm_K3_i000936/gru/d256/n256/seed3/DONE.json,1.4188345327581484,1.4187305843578586,1.4187264715903345,1.4187263157637282,0.0283765929458258,0.0664766449062661,-416.0813187308421
done,confirm_K3_i000936,GRU,256,4,256,26,1.431885253638029,16,34,399112,cpu,1.4460083320736885,1.4211513623595238,1.434844307601452,1.4379751086235046,project://predictive_profile_confirmatory64_v1/runs/confirm_K3_i000936/gru/d256/n256/seed4/DONE.json,1.4188345327581484,1.4187305843578586,1.4187264715903345,1.4187263157637282,0.0094312075337264,0.0192487928597764,74.23255000957447
done,confirm_K3_i000936,GRU,256,5,256,20,1.3681323900818825,16,28,399112,cpu,1.3857569098472595,1.5196556448936462,1.4243026375770569,1.442499965429306,project://predictive_profile_confirmatory64_v1/runs/confirm_K3_i000936/gru/d256/n256/seed5/DONE.json,1.4188345327581484,1.4187305843578586,1.4187264715903345,1.4187263157637282,0.0487738552020184,0.0237736496655778,-524.345144550152
done,confirm_K3_i000936,Transformer,8,1,256,32,1.4349826835095882,16,40,1064,cpu,1.436811164021492,1.4113059118390083,1.413033306598663,1.3687445223331451,project://predictive_profile_confirmatory64_v1/runs/confirm_K3_i000936/transformer/d8/n256/seed1/DONE.json,1.4188345327581484,1.4187305843578586,1.4187264715903345,1.4187263157637282,0.0458010333840185,-0.049981793430583,628.9829250297207
done,confirm_K3_i000936,Transformer,8,2,256,48,1.3987554870545864,16,48,1064,cpu,1.4091905280947683,1.438979297876358,1.5005413070321083,1.4191091805696487,project://predictive_profile_confirmatory64_v1/runs/confirm_K3_i000936/transformer/d8/n256/seed2/DONE.json,1.4188345327581484,1.4187305843578586,1.4187264715903345,1.4187263157637282,0.0422088731727818,0.0003828648059205,-91.65522040250018
done,confirm_K3_i000936,Transformer,8,3,256,36,1.4494792185723782,16,44,1064,cpu,1.4189675599336624,1.4324834644794464,1.4762323796749115,1.4773369133472445,project://predictive_profile_confirmatory64_v1/runs/confirm_K3_i000936/transformer/d8/n256/seed3/DONE.json,1.4188345327581484,1.4187305843578586,1.4187264715903345,1.4187263157637282,0.0368546516589361,0.058610597583516,-539.3732631949964
done,confirm_K3_i000936,Transformer,8,4,256,37,1.4111570417881012,16,45,1064,cpu,1.4931854456663132,1.4809568598866465,1.4121568873524666,1.355592593550682,project://predictive_profile_confirmatory64_v1/runs/confirm_K3_i000936/transformer/d8/n256/seed4/DONE.json,1.4188345327581484,1.4187305843578586,1.4187264715903345,1.4187263157637282,0.0972325249506564,-0.0631337222130461,1271.4532763805778
done,confirm_K3_i000936,Transformer,8,5,256,29,1.4550432413816452,16,37,1064,cpu,1.4605324193835258,1.3822011724114418,1.4098176285624504,1.4033749774098396,project://predictive_profile_confirmatory64_v1/runs/confirm_K3_i000936/transformer/d8/n256/seed5/DONE.json,1.4188345327581484,1.4187305843578586,1.4187264715903345,1.4187263157637282,0.0305966935217313,-0.0153513383538885,528.1743618912901
done,confirm_K3_i000936,Transformer,32,1,256,13,1.448123138397932,16,21,13448,cpu,1.3867754265666008,1.444811575114727,1.400078646838665,1.3974512740969658,project://predictive_profile_confirmatory64_v1/runs/confirm_K3_i000936/transformer/d32/n256/seed1/DONE.json,1.4188345327581484,1.4187305843578586,1.4187264715903345,1.4187263157637282,0.0243197045793203,-0.0212750416667624,-98.65222729168228
done,confirm_K3_i000936,Transformer,32,2,256,15,1.4220024049282074,16,23,13448,cpu,1.4309591427445412,1.3843925297260284,1.422901526093483,1.4052825160324574,project://predictive_profile_confirmatory64_v1/runs/confirm_K3_i000936/transformer/d32/n256/seed2/DONE.json,1.4188345327581484,1.4187305843578586,1.4187264715903345,1.4187263157637282,0.0187132138332354,-0.0134437997312708,237.2698193075049
done,confirm_K3_i000936,Transformer,32,3,256,17,1.4820528961718082,16,25,13448,cpu,1.3643069937825203,1.4550047144293785,1.4750021621584892,1.4734969735145569,project://predictive_profile_confirmatory64_v1/runs/confirm_K3_i000936/transformer/d32/n256/seed3/DONE.json,1.4188345327581484,1.4187305843578586,1.4187264715903345,1.4187263157637282,0.0554312242053788,0.0547706577508286,-1008.9910583549504
done,confirm_K3_i000936,Transformer,32,4,256,32,1.3844969496130943,16,40,13448,cpu,1.3884668722748756,1.4708255380392077,1.4830776378512385,1.4172199442982674,project://predictive_profile_confirmatory64_v1/runs/confirm_K3_i000936/transformer/d32/n256/seed4/DONE.json,1.4188345327581484,1.4187305843578586,1.4187264715903345,1.4187263157637282,0.0448421992565128,-0.0015063714654608,-265.698305311857
done,confirm_K3_i000936,Transformer,32,5,256,24,1.4311993345618248,16,32,13448,cpu,1.433245912194252,1.441633179783821,1.432560384273529,1.4637502133846283,project://predictive_profile_confirmatory64_v1/runs/confirm_K3_i000936/transformer/d32/n256/seed5/DONE.json,1.4188345327581484,1.4187305843578586,1.4187264715903345,1.4187263157637282,0.0244912915177443,0.0450238976209,-281.8808760473232
done,confirm_K3_i000936,Transformer,128,1,256,22,1.4394917711615562,16,30,201224,cpu,1.408353470265865,1.438631348311901,1.4053941443562508,1.4174078702926636,project://predictive_profile_confirmatory64_v1/runs/confirm_K3_i000936/transformer/d128/n256/seed1/DONE.json,1.4188345327581484,1.4187305843578586,1.4187264715903345,1.4187263157637282,0.0130244170149749,-0.0013184454710646,-83.6689290375222
done,confirm_K3_i000936,Transformer,128,2,256,15,1.4219959266483784,16,23,201224,cpu,1.4633269757032394,1.3956542164087296,1.352263726294041,1.4405940547585487,project://predictive_profile_confirmatory64_v1/runs/confirm_K3_i000936/transformer/d128/n256/seed2/DONE.json,1.4188345327581484,1.4187305843578586,1.4187264715903345,1.4187263157637282,0.0508284478243467,0.0218677389948205,210.06793864943847
done,confirm_K3_i000936,Transformer,128,3,256,12,1.4049520716071129,16,20,201224,cpu,1.481915257871151,1.4163056537508965,1.4584108144044876,1.4484150931239128,project://predictive_profile_confirmatory64_v1/runs/confirm_K3_i000936/transformer/d128/n256/seed3/DONE.json,1.4188345327581484,1.4187305843578586,1.4187264715903345,1.4187263157637282,0.0236971714708247,0.0296887773601846,309.5647308144305
done,confirm_K3_i000936,Transformer,128,4,256,42,1.4497215151786804,16,48,201224,cpu,1.3908555135130882,1.369968168437481,1.4284149631857872,1.382426954805851,project://predictive_profile_confirmatory64_v1/runs/confirm_K3_i000936/transformer/d128/n256/seed4/DONE.json,1.4188345327581484,1.4187305843578586,1.4187264715903345,1.4187263157637282,0.0241838706976528,-0.0362993609578772,77.88572166871597
done,confirm_K3_i000936,Transformer,128,5,256,22,1.4239057935774326,16,30,201224,cpu,1.4405584633350372,1.4630621075630188,1.3717832677066326,1.47024916857481,project://predictive_profile_confirmatory64_v1/runs/confirm_K3_i000936/transformer/d128/n256/seed5/DONE.json,1.4188345327581484,1.4187305843578586,1.4187264715903345,1.4187263157637282,0.0515636870986764,0.0515228528110818,-274.3626858133172
done,confirm_K3_i000936,Transformer,256,1,256,6,1.42893485724926,16,14,795656,cpu,1.395307533442974,1.4331671446561811,1.4523648843169212,1.396460559219122,project://predictive_profile_confirmatory64_v1/runs/confirm_K3_i000936/transformer/d256/n256/seed1/DONE.json,1.4188345327581484,1.4187305843578586,1.4187264715903345,1.4187263157637282,0.0334437099350059,-0.0222657565446062,-10.654756975329006
done,confirm_K3_i000936,Transformer,256,2,256,19,1.453848019242287,16,27,795656,cpu,1.4022013992071152,1.4624933525919914,1.422682300209999,1.402858279645443,project://predictive_profile_confirmatory64_v1/runs/confirm_K3_i000936/transformer/d256/n256/seed2/DONE.json,1.4188345327581484,1.4187305843578586,1.4187264715903345,1.4187263157637282,0.0314221411386401,-0.0158680361182852,-6.070030329775369
done,confirm_K3_i000936,Transformer,256,3,256,9,1.4566051997244358,16,17,795656,cpu,1.4875178933143616,1.445108838379383,1.4085199013352394,1.4065859392285347,project://predictive_profile_confirmatory64_v1/runs/confirm_K3_i000936/transformer/d256/n256/seed3/DONE.json,1.4188345327581484,1.4187305843578586,1.4187264715903345,1.4187263157637282,0.04477694994111,-0.0121403765351935,747.8673245310036
done,confirm_K3_i000936,Transformer,256,4,256,28,1.4192784912884235,16,36,795656,cpu,1.387755163013935,1.4513402953743937,1.4707892015576365,1.4472553506493568,project://predictive_profile_confirmatory64_v1/runs/confirm_K3_i000936/transformer/d256/n256/seed4/DONE.json,1.4188345327581484,1.4187305843578586,1.4187264715903345,1.4187263157637282,0.0321078207933732,0.0285290348856286,-549.8229548344525
done,confirm_K3_i000936,Transformer,256,5,256,12,1.4775647521018982,16,20,795656,cpu,1.4194802194833755,1.388301521539688,1.3610347509384155,1.4257969856262207,project://predictive_profile_confirmatory64_v1/runs/confirm_K3_i000936/transformer/d256/n256/seed5/DONE.json,1.4188345327581484,1.4187305843578586,1.4187264715903345,1.4187263157637282,0.0375555508033648,0.0070706698624924,-58.37129534680216
done,confirm_K3_i000617,GRU,8,1,256,48,2.024835612624884,16,48,576,cpu,2.030865252017975,2.014200262725353,2.0198749527335167,2.024789363145828,project://predictive_profile_confirmatory64_v1/runs/confirm_K3_i000617/gru/d8/n256/seed1/DONE.json,2.02171515421618,2.021677354699831,2.021675603464626,2.0216755264223814,0.0065718415499669,0.0031138367234468,153.32392469427742
done,confirm_K3_i000617,GRU,8,2,256,45,2.0378180854022503,16,48,576,cpu,2.034402884542942,2.013927772641182,2.022740736603737,2.007154829800129,project://predictive_profile_confirmatory64_v1/runs/confirm_K3_i000617/gru/d8/n256/seed2/DONE.json,2.02171515421618,2.021677354699831,2.021675603464626,2.0216755264223814,0.016039518219257,-0.0145206966222524,687.5995893546717
done,confirm_K3_i000617,GRU,8,3,256,28,2.031444810330868,16,36,576,cpu,2.062682271003723,2.0175806432962418,2.0273693948984146,2.051175780594349,project://predictive_profile_confirmatory64_v1/runs/confirm_K3_i000617/gru/d8/n256/seed3/DONE.json,2.02171515421618,2.021677354699831,2.021675603464626,2.0216755264223814,0.021371667589556,0.0295002541719675,290.3641436086739
done,confirm_K3_i000617,GRU,8,4,256,29,2.016677208244801,16,37,576,cpu,2.025002144277096,2.014641411602497,2.0144032910466194,2.044284336268902,project://predictive_profile_confirmatory64_v1/runs/confirm_K3_i000617/gru/d8/n256/seed4/DONE.json,2.02171515421618,2.021677354699831,2.021675603464626,2.0216755264223814,0.023157210349679,0.0226088098465204,-486.5825256359183
done,confirm_K3_i000617,GRU,8,5,256,29,2.0075522623956203,16,37,576,cpu,2.026610642671585,2.0154875367879868,2.0273541510105133,2.00154709815979,project://predictive_profile_confirmatory64_v1/runs/confirm_K3_i000617/gru/d8/n256/seed5/DONE.json,2.02171515421618,2.021677354699831,2.021675603464626,2.0216755264223814,0.019277456178128,-0.0201284282625913,632.4738803098716
done,confirm_K3_i000617,GRU,32,1,256,12,2.0365892946720123,16,20,6888,cpu,2.0318237990140915,2.039684802293777,2.028919503092766,2.0175585076212883,project://predictive_profile_confirmatory64_v1/runs/confirm_K3_i000617/gru/d32/n256/seed1/DONE.json,2.02171515421618,2.021677354699831,2.021675603464626,2.0216755264223814,0.0143259553403339,-0.004117018801093,359.98197288939895
done,confirm_K3_i000617,GRU,32,2,256,19,2.0420241989195347,16,27,6888,cpu,2.038896143436432,2.044636905193329,2.041917234659195,2.009766660630703,project://predictive_profile_confirmatory64_v1/runs/confirm_K3_i000617/gru/d32/n256/seed2/DONE.json,2.02171515421618,2.021677354699831,2.021675603464626,2.0216755264223814,0.0278194202640628,-0.0119088657916783,735.077076304542
done,confirm_K3_i000617,GRU,32,3,256,10,2.042351610958576,16,18,6888,cpu,2.045202352106571,2.032269708812237,2.041747070848942,2.034209221601486,project://predictive_profile_confirmatory64_v1/runs/confirm_K3_i000617/gru/d32/n256/seed3/DONE.json,2.02171515421618,2.021677354699831,2.021675603464626,2.0216755264223814,0.006718743122807,0.0125336951791048,277.4096019831459
done,confirm_K3_i000617,GRU,32,4,256,12,2.046968780457973,16,20,6888,cpu,2.0375894606113434,2.0488414466381077,2.0431478917598724,2.0398508459329605,project://predictive_profile_confirmatory64_v1/runs/confirm_K3_i000617/gru/d32/n256/seed4/DONE.json,2.02171515421618,2.021677354699831,2.021675603464626,2.0216755264223814,0.0049234818543718,0.0181753195105791,-57.065637646178864
done,confirm_K3_i000617,GRU,32,5,256,29,2.0314171612262726,16,37,6888,cpu,2.042243465781212,2.0286589339375496,2.0162799060344696,2.00358235090971,project://predictive_profile_confirmatory64_v1/runs/confirm_K3_i000617/gru/d32/n256/seed5/DONE.json,2.02171515421618,2.021677354699831,2.021675603464626,2.0216755264223814,0.0238829883993889,-0.0180931755126714,975.6060372217978
done,confirm_K3_i000617,GRU,128,1,256,20,2.0262165516614914,16,28,101256,cpu,2.050841599702835,2.026755265891552,2.0377278849482536,2.058026395738125,project://predictive_profile_confirmatory64_v1/runs/confirm_K3_i000617/gru/d128/n256/seed1/DONE.json,2.02171515421618,2.021677354699831,2.021675603464626,2.0216755264223814,0.0189883048049797,0.0363508693157434,-181.30699053903467
done,confirm_K3_i000617,GRU,128,2,256,3,2.034043505787849,16,12,101256,cpu,2.0755680948495865,2.044715605676174,2.065270386636257,2.0903837829828262,project://predictive_profile_confirmatory64_v1/runs/confirm_K3_i000617/gru/d128/n256/seed2/DONE.json,2.02171515421618,2.021677354699831,2.021675603464626,2.0216755264223814,0.0270975846109696,0.0687082565604448,-373.87113218089456
done,confirm_K3_i000617,GRU,128,3,256,10,2.038316413760185,16,18,101256,cpu,2.044324107468128,2.042142540216446,2.055189862847328,2.0289511308074,project://predictive_profile_confirmatory64_v1/runs/confirm_K3_i000617/gru/d128/n256/seed3/DONE.json,2.02171515421618,2.021677354699831,2.021675603464626,2.0216755264223814,0.0165645981990919,0.0072756043850183,387.9342044357819
done,confirm_K3_i000617,GRU,128,4,256,10,2.0465234369039536,16,18,101256,cpu,2.04060123115778,2.059502951800823,2.046444185078144,2.09470433741808,project://predictive_profile_confirmatory64_v1/runs/confirm_K3_i000617/gru/d128/n256/seed4/DONE.json,2.02171515421618,2.021677354699831,2.021675603464626,2.0216755264223814,0.0403105186625953,0.073028810995698,-1365.281815473685
done,confirm_K3_i000617,GRU,128,5,256,7,2.039743822067976,16,15,101256,cpu,2.0502841249108315,2.013425722718239,2.0482282862067223,2.0453295782208443,project://predictive_profile_confirmatory64_v1/runs/confirm_K3_i000617/gru/d128/n256/seed5/DONE.json,2.02171515421618,2.021677354699831,2.021675603464626,2.0216755264223814,0.0162059491127206,0.0236540517984629,125.02706345935724
done,confirm_K3_i000617,GRU,256,1,256,14,2.0321765169501305,16,22,399112,cpu,2.051741808652878,2.056613266468048,2.055590331554413,2.044789597392082,project://predictive_profile_confirmatory64_v1/runs/confirm_K3_i000617/gru/d256/n256/seed1/DONE.json,2.02171515421618,2.021677354699831,2.021675603464626,2.0216755264223814,0.0087205780238373,0.0231140709697008,175.43775704909086
done,confirm_K3_i000617,GRU,256,2,256,37,2.00902084633708,16,45,399112,cpu,2.010513409972191,1.993751361966133,2.0045676976442337,2.0433697178959846,project://predictive_profile_confirmatory64_v1/runs/confirm_K3_i000617/gru/d256/n256/seed2/DONE.json,2.02171515421618,2.021677354699831,2.021675603464626,2.0216755264223814,0.0355313524296329,0.0216941914736032,-829.1228144302694
done,confirm_K3_i000617,GRU,256,3,256,26,2.0420181080698967,16,34,399112,cpu,2.021787166595459,2.020455092191696,2.0328409299254417,2.0512663424015045,project://predictive_profile_confirmatory64_v1/runs/confirm_K3_i000617/gru/d256/n256/seed3/DONE.json,2.02171515421618,2.021677354699831,2.021675603464626,2.0216755264223814,0.0232395365477526,0.0295908159791231,-743.901514074043
done,confirm_K3_i000617,GRU,256,4,256,42,2.027217749506235,16,48,399112,cpu,2.022737242281437,2.031103663146496,2.0371537506580357,2.0637389346957207,project://predictive_profile_confirmatory64_v1/runs/confirm_K3_i000617/gru/d256/n256/seed4/DONE.json,2.02171515421618,2.021677354699831,2.021675603464626,2.0216755264223814,0.0293953497861765,0.0420634082733393,-1034.670075827858
done,confirm_K3_i000617,GRU,256,5,256,19,2.010793533176184,16,27,399112,cpu,2.0359962731599808,2.0489563420414925,2.035776160657406,2.044507220387459,project://predictive_profile_confirmatory64_v1/runs/confirm_K3_i000617/gru/d256/n256/seed5/DONE.json,2.02171515421618,2.021677354699831,2.021675603464626,2.0216755264223814,0.006502374583728,0.0228316939650774,-214.77216901792656
done,confirm_K3_i000617,Transformer,8,1,256,45,2.0272856950759888,16,48,1064,cpu,2.045581132173538,2.0174552649259567,2.020693562924862,2.0250347554683685,project://predictive_profile_confirmatory64_v1/runs/confirm_K3_i000617/transformer/d8/n256/seed1/DONE.json,2.02171515421618,2.021677354699831,2.021675603464626,2.0216755264223814,0.0111450635662002,0.0033592290459871,518.483991556401
done,confirm_K3_i000617,Transformer,8,2,256,48,2.03714120388031,16,48,1064,cpu,2.028269931674004,2.033060647547245,2.034362606704235,2.025040589272976,project://predictive_profile_confirmatory64_v1/runs/confirm_K3_i000617/transformer/d8/n256/seed2/DONE.json,2.02171515421618,2.021677354699831,2.021675603464626,2.0216755264223814,0.0063514735332403,0.0033650628505945,81.49185436505095
done,confirm_K3_i000617,Transformer,8,3,256,43,2.013620521873236,16,48,1064,cpu,2.0453414395451546,2.041629590094089,2.0711718946695328,2.0225088968873024,project://predictive_profile_confirmatory64_v1/runs/confirm_K3_i000617/transformer/d8/n256/seed3/DONE.json,2.02171515421618,2.021677354699831,2.021675603464626,2.0216755264223814,0.0285180987231459,0.000833370464921,576.1749638147319
done,confirm_K3_i000617,Transformer,8,4,256,32,2.012717694044113,16,40,1064,cpu,2.01725135743618,2.0338664054870605,2.024728499352932,2.0064762011170387,project://predictive_profile_confirmatory64_v1/runs/confirm_K3_i000617/transformer/d8/n256/seed4/DONE.json,2.02171515421618,2.021677354699831,2.021675603464626,2.0216755264223814,0.0173098114967243,-0.0151993253053426,271.9090639755924
done,confirm_K3_i000617,Transformer,8,5,256,48,2.00509125366807,16,48,1064,cpu,2.0373899340629578,2.046496942639351,2.061103358864784,2.032152883708477,project://predictive_profile_confirmatory64_v1/runs/confirm_K3_i000617/transformer/d8/n256/seed5/DONE.json,2.02171515421618,2.021677354699831,2.021675603464626,2.0216755264223814,0.0163618331212691,0.0104773572860956,132.15599084630023
done,confirm_K3_i000617,Transformer,32,1,256,14,2.044289570301771,16,22,13448,cpu,1.9910222217440603,2.0210953280329704,2.031320340931416,2.0806724578142166,project://predictive_profile_confirmatory64_v1/runs/confirm_K3_i000617/transformer/d32/n256/seed1/DONE.json,2.02171515421618,2.021677354699831,2.021675603464626,2.0216755264223814,0.0592232280623696,0.0589969313918352,-2262.307019316587
done,confirm_K3_i000617,Transformer,32,2,256,16,2.021343156695366,16,24,13448,cpu,2.0237106382846832,2.021026812493801,2.061321586370468,2.0257770121097565,project://predictive_profile_confirmatory64_v1/runs/confirm_K3_i000617/transformer/d32/n256/seed2/DONE.json,2.02171515421618,2.021677354699831,2.021675603464626,2.0216755264223814,0.0179612659244274,0.0041014856873751,-52.14455883124504
done,confirm_K3_i000617,Transformer,32,3,256,38,2.018531247973442,16,46,13448,cpu,2.0157607793807983,2.029287599027157,2.044408969581127,2.0196717604994774,project://predictive_profile_confirmatory64_v1/runs/confirm_K3_i000617/transformer/d32/n256/seed3/DONE.json,2.02171515421618,2.021677354699831,2.021675603464626,2.0216755264223814,0.013416055730037,-0.0020037659229039,-98.69288052156756
done,confirm_K3_i000617,Transformer,32,4,256,23,2.0156765282154083,16,31,13448,cpu,2.0411911606788635,2.0380374789237976,2.030222497880459,2.034885495901108,project://predictive_profile_confirmatory64_v1/runs/confirm_K3_i000617/transformer/d32/n256/seed4/DONE.json,2.02171515421618,2.021677354699831,2.021675603464626,2.0216755264223814,0.0042110261055193,0.0132099694787264,159.1222769007632
done,confirm_K3_i000617,Transformer,32,5,256,17,2.036357708275318,16,25,13448,cpu,2.0448020324110985,2.0545552745461464,2.0321804136037827,2.0070014521479607,project://predictive_profile_confirmatory64_v1/runs/confirm_K3_i000617/transformer/d32/n256/seed5/DONE.json,2.02171515421618,2.021677354699831,2.021675603464626,2.0216755264223814,0.0328673770499052,-0.0146740742744206,953.8906065636622
done,confirm_K3_i000617,Transformer,128,1,256,33,2.011393565684557,16,41,201224,cpu,2.0026473104953766,2.0541184693574905,2.075531713664532,2.036623939871788,project://predictive_profile_confirmatory64_v1/runs/confirm_K3_i000617/transformer/d128/n256/seed1/DONE.json,2.02171515421618,2.021677354699831,2.021675603464626,2.0216755264223814,0.0272805297504459,0.0149484134494066,-857.3939177452062
done,confirm_K3_i000617,Transformer,128,2,256,23,2.026987563818693,16,31,201224,cpu,2.0351502001285557,2.06396197527647,2.0470884665846825,2.051138415932656,project://predictive_profile_confirmatory64_v1/runs/confirm_K3_i000617/transformer/d128/n256/seed2/DONE.json,2.02171515421618,2.021677354699831,2.021675603464626,2.0216755264223814,0.0104605362159206,0.0294628895102739,-403.4596496952751
done,confirm_K3_i000617,Transformer,128,3,256,27,2.0335453264415264,16,35,201224,cpu,2.0154075920581818,2.064178414642811,2.038131393492222,2.0611500069499016,project://predictive_profile_confirmatory64_v1/runs/confirm_K3_i000617/transformer/d128/n256/seed3/DONE.json,2.02171515421618,2.021677354699831,2.021675603464626,2.0216755264223814,0.0256662021330971,0.0394744805275202,-1154.3013250857257
done,confirm_K3_i000617,Transformer,128,4,256,10,2.050125516951084,16,18,201224,cpu,2.0845346227288246,2.0661357641220093,2.0253381580114365,2.0360946729779243,project://predictive_profile_confirmatory64_v1/runs/confirm_K3_i000617/transformer/d128/n256/seed4/DONE.json,2.02171515421618,2.021677354699831,2.021675603464626,2.0216755264223814,0.0289855686107943,0.0144191465555429,1222.3731151254024
done,confirm_K3_i000617,Transformer,128,5,256,13,2.0338361971080303,16,21,201224,cpu,2.0670593827962875,2.0107243433594704,2.0304169431328773,2.075806923210621,project://predictive_profile_confirmatory64_v1/runs/confirm_K3_i000617/transformer/d128/n256/seed5/DONE.json,2.02171515421618,2.021677354699831,2.021675603464626,2.0216755264223814,0.039916950634799,0.0541313967882395,-220.74255404765927
done,confirm_K3_i000617,Transformer,256,1,256,33,2.012656729668379,16,41,795656,cpu,2.035300560295582,2.055039301514625,2.0315666496753693,2.0252728685736656,project://predictive_profile_confirmatory64_v1/runs/confirm_K3_i000617/transformer/d256/n256/seed1/DONE.json,2.02171515421618,2.021677354699831,2.021675603464626,2.0216755264223814,0.0160101828736845,0.0035973421512842,253.0469340011672
done,confirm_K3_i000617,Transformer,256,2,256,12,2.0165321081876755,16,20,795656,cpu,2.0733927860856056,2.1233208924531937,2.064556069672108,2.0771956965327263,project://predictive_profile_confirmatory64_v1/runs/confirm_K3_i000617/transformer/d256/n256/seed2/DONE.json,2.02171515421618,2.021677354699831,2.021675603464626,2.0216755264223814,0.0239890196632645,0.0555201701103449,-95.96573724157156
done,confirm_K3_i000617,Transformer,256,3,256,16,2.043273221701384,16,24,795656,cpu,2.0912661105394363,2.0495374128222466,2.01628452539444,2.0297864377498627,project://predictive_profile_confirmatory64_v1/runs/confirm_K3_i000617/transformer/d256/n256/seed3/DONE.json,2.02171515421618,2.021677354699831,2.021675603464626,2.0216755264223814,0.0329666939724985,0.0081109113274813,1551.4280987313557
done,confirm_K3_i000617,Transformer,256,4,256,12,2.0325558595359325,16,20,795656,cpu,2.0364285856485367,2.023805409669876,2.0387758314609528,2.042456164956093,project://predictive_profile_confirmatory64_v1/runs/confirm_K3_i000617/transformer/d256/n256/seed4/DONE.json,2.02171515421618,2.021677354699831,2.021675603464626,2.0216755264223814,0.0099784179273816,0.0207806385337114,-152.10484182440536
done,confirm_K3_i000617,Transformer,256,5,256,9,2.0394581109285355,16,17,795656,cpu,2.0425937846302986,2.0465157628059387,2.059928275644779,2.0506135895848274,project://predictive_profile_confirmatory64_v1/runs/confirm_K3_i000617/transformer/d256/n256/seed5/DONE.json,2.02171515421618,2.021677354699831,2.021675603464626,2.0216755264223814,0.0064908313981823,0.028938063162446,-202.37828518357043
done,confirm_K3_i001308,GRU,8,1,256,47,1.4245714284479618,16,48,576,cpu,1.4779998362064362,1.5318583026528358,1.448860019445419,1.435040861368179,project://predictive_profile_confirmatory64_v1/runs/confirm_K3_i001308/gru/d8/n256/seed1/DONE.json,1.4248828268050706,1.4216858697779198,1.4215293765331674,1.421521531667375,0.052679576126518,0.0135193297008042,12.780482843202114
done,confirm_K3_i001308,GRU,8,2,256,48,1.4553723260760307,16,48,576,cpu,1.4883120134472847,1.4725742414593697,1.4015998393297195,1.416943870484829,project://predictive_profile_confirmatory64_v1/runs/confirm_K3_i001308/gru/d8/n256/seed2/DONE.json,1.4248828268050706,1.4216858697779198,1.4215293765331674,1.421521531667375,0.0445451800144839,-0.0045776611825461,21.23233457309087
done,confirm_K3_i001308,GRU,8,3,256,48,1.488823290914297,16,48,576,cpu,1.4800104573369026,1.469827525317669,1.397397682070732,1.461904339492321,project://predictive_profile_confirmatory64_v1/runs/confirm_K3_i001308/gru/d8/n256/seed3/DONE.json,1.4248828268050706,1.4216858697779198,1.4215293765331674,1.421521531667375,0.0333156514265724,0.0403828078249459,5.386649223844948
done,confirm_K3_i001308,GRU,8,4,256,48,1.451227780431509,16,48,576,cpu,1.4926133900880814,1.4668303802609444,1.461405761539936,1.5080099999904633,project://predictive_profile_confirmatory64_v1/runs/confirm_K3_i001308/gru/d8/n256/seed4/DONE.json,1.4248828268050706,1.4216858697779198,1.4215293765331674,1.421521531667375,0.0325340904378047,0.0864884683230882,-4.580558764303424
done,confirm_K3_i001308,GRU,8,5,256,48,1.4698712453246117,16,48,576,cpu,1.5034694075584412,1.436603993177414,1.4454774260520935,1.464867353439331,project://predictive_profile_confirmatory64_v1/runs/confirm_K3_i001308/gru/d8/n256/seed5/DONE.json,1.4248828268050706,1.4216858697779198,1.4215293765331674,1.421521531667375,0.0246288382629095,0.043345821771956,11.484279879563
done,confirm_K3_i001308,GRU,32,1,256,40,1.419765878468752,16,48,6888,cpu,1.449643425643444,1.440932258963585,1.444949008524418,1.4350533559918404,project://predictive_profile_confirmatory64_v1/runs/confirm_K3_i001308/gru/d32/n256/seed1/DONE.json,1.4248828268050706,1.4216858697779198,1.4215293765331674,1.421521531667375,0.0080079705464678,0.0135318243244653,4.340609513274207
done,confirm_K3_i001308,GRU,32,2,256,30,1.3688817024230957,16,38,6888,cpu,1.4164586141705513,1.4327086731791496,1.4894924685359,1.4808929190039637,project://predictive_profile_confirmatory64_v1/runs/confirm_K3_i001308/gru/d32/n256/seed2/DONE.json,1.4248828268050706,1.4216858697779198,1.4215293765331674,1.421521531667375,0.0418558428808545,0.0593713873365884,-19.169487412993742
done,confirm_K3_i001308,GRU,32,3,256,24,1.4134282916784286,16,32,6888,cpu,1.414408199489117,1.419060356914997,1.4416637644171717,1.3498838320374489,project://predictive_profile_confirmatory64_v1/runs/confirm_K3_i001308/gru/d32/n256/seed3/DONE.json,1.4248828268050706,1.4216858697779198,1.4215293765331674,1.421521531667375,0.0650494415500864,-0.0716376996299261,19.19628143570409
done,confirm_K3_i001308,GRU,32,4,256,32,1.3559235110878944,16,40,6888,cpu,1.434841305017471,1.3939320668578148,1.513194464147091,1.4174494370818138,project://predictive_profile_confirmatory64_v1/runs/confirm_K3_i001308/gru/d32/n256/seed4/DONE.json,1.4248828268050706,1.4216858697779198,1.4215293765331674,1.421521531667375,0.0498078516355068,-0.0040720945855612,5.174156753036872
done,confirm_K3_i001308,GRU,32,5,256,42,1.4335543513298037,16,48,6888,cpu,1.4272062331438065,1.4365532025694847,1.3797115087509155,1.499280482530594,project://predictive_profile_confirmatory64_v1/runs/confirm_K3_i001308/gru/d32/n256/seed5/DONE.json,1.4248828268050706,1.4216858697779198,1.4215293765331674,1.421521531667375,0.077370040323674,0.0777589508632188,-21.442404321627077
done,confirm_K3_i001308,GRU,128,1,256,21,1.4666859656572342,16,29,101256,cpu,1.4379127323627472,1.4240629374980929,1.424732856452465,1.4155566096305847,project://predictive_profile_confirmatory64_v1/runs/confirm_K3_i001308/gru/d128/n256/seed1/DONE.json,1.4248828268050706,1.4216858697779198,1.4215293765331674,1.421521531667375,0.0113407656584244,-0.0059649220367903,6.651044260126882
done,confirm_K3_i001308,GRU,128,2,256,17,1.4276572465896606,16,25,101256,cpu,1.4006805941462517,1.4808485433459282,1.4351816549897194,1.4916677176952362,project://predictive_profile_confirmatory64_v1/runs/confirm_K3_i001308/gru/d128/n256/seed2/DONE.json,1.4248828268050706,1.4216858697779198,1.4215293765331674,1.421521531667375,0.0552580836785633,0.0701461860278611,-27.069067077330043
done,confirm_K3_i001308,GRU,128,3,256,9,1.4266538545489311,16,17,101256,cpu,1.4680690988898275,1.4778883382678032,1.4688971042633057,1.4726854637265203,project://predictive_profile_confirmatory64_v1/runs/confirm_K3_i001308/gru/d128/n256/seed3/DONE.json,1.4248828268050706,1.4216858697779198,1.4215293765331674,1.421521531667375,0.0050852992866301,0.0511639320591454,-1.3733887229723294
done,confirm_K3_i001308,GRU,128,4,256,17,1.4808930717408657,16,25,101256,cpu,1.5266239866614342,1.446743182837963,1.4214164167642591,1.408963106572628,project://predictive_profile_confirmatory64_v1/runs/confirm_K3_i001308/gru/d128/n256/seed4/DONE.json,1.4248828268050706,1.4216858697779198,1.4215293765331674,1.421521531667375,0.0604860076466089,-0.012558425094747,35.00462627315496
done,confirm_K3_i001308,GRU,128,5,256,26,1.4170292243361473,16,34,101256,cpu,1.4508661180734634,1.4934323132038116,1.47559604793787,1.4424387514591217,project://predictive_profile_confirmatory64_v1/runs/confirm_K3_i001308/gru/d128/n256/seed5/DONE.json,1.4248828268050706,1.4216858697779198,1.4215293765331674,1.421521531667375,0.0304473364914574,0.0209172197917466,2.5071784146034166
done,confirm_K3_i001308,GRU,256,1,256,6,1.4327828474342823,16,14,399112,cpu,1.4230924248695374,1.4268394634127617,1.4197644293308258,1.47593691945076,project://predictive_profile_confirmatory64_v1/runs/confirm_K3_i001308/gru/d256/n256/seed1/DONE.json,1.4248828268050706,1.4216858697779198,1.4215293765331674,1.421521531667375,0.0467494524025926,0.0544153877833848,-15.721468189030157
done,confirm_K3_i001308,GRU,256,2,256,9,1.3896571286022663,16,17,399112,cpu,1.4838236272335052,1.4561808854341507,1.478486716747284,1.5016696900129318,project://predictive_profile_confirmatory64_v1/runs/confirm_K3_i001308/gru/d256/n256/seed2/DONE.json,1.4248828268050706,1.4216858697779198,1.4215293765331674,1.421521531667375,0.0277118003422838,0.0801481583455567,-5.309281704926833
done,confirm_K3_i001308,GRU,256,3,256,29,1.4640272706747055,16,37,399112,cpu,1.5003532394766808,1.4880569949746132,1.3703229054808617,1.4077961072325706,project://predictive_profile_confirmatory64_v1/runs/confirm_K3_i001308/gru/d256/n256/seed3/DONE.json,1.4248828268050706,1.4216858697779198,1.4215293765331674,1.421521531667375,0.0628016390620665,-0.0137254244348044,27.536151528653157
done,confirm_K3_i001308,GRU,256,4,256,7,1.4632289446890354,16,15,399112,cpu,1.5078981444239616,1.4283130541443825,1.4709203392267227,1.552650809288025,project://predictive_profile_confirmatory64_v1/runs/confirm_K3_i001308/gru/d256/n256/seed4/DONE.json,1.4248828268050706,1.4216858697779198,1.4215293765331674,1.421521531667375,0.0782573902242562,0.1311292776206498,-13.31411346840099
done,confirm_K3_i001308,GRU,256,5,256,19,1.4272725135087967,16,27,399112,cpu,1.4570801109075546,1.4798055440187454,1.402669034898281,1.4741571620106697,project://predictive_profile_confirmatory64_v1/runs/confirm_K3_i001308/gru/d256/n256/seed5/DONE.json,1.4248828268050706,1.4216858697779198,1.4215293765331674,1.421521531667375,0.0372809426638937,0.0526356303432946,-5.080497368887031
done,confirm_K3_i001308,Transformer,8,1,256,45,1.4035144820809364,16,48,1064,cpu,1.4590668380260468,1.4204085245728493,1.4594641476869583,1.399996094405651,project://predictive_profile_confirmatory64_v1/runs/confirm_K3_i001308/transformer/d8/n256/seed1/DONE.json,1.4248828268050706,1.4216858697779198,1.4215293765331674,1.421521531667375,0.0419792933093144,-0.0215254372617239,17.573804501110658
done,confirm_K3_i001308,Transformer,8,2,256,48,1.4372319504618645,16,48,1064,cpu,1.417710468173027,1.4704276025295258,1.4943402037024498,1.4027096331119535,project://predictive_profile_confirmatory64_v1/runs/confirm_K3_i001308/transformer/d8/n256/seed2/DONE.json,1.4248828268050706,1.4216858697779198,1.4215293765331674,1.421521531667375,0.0572138441760776,-0.0188118985554213,4.4628140185742735
done,confirm_K3_i001308,Transformer,8,3,256,48,1.410260621458292,16,48,1064,cpu,1.393256977200508,1.4088728204369545,1.3858918771147728,1.52676023542881,project://predictive_profile_confirmatory64_v1/runs/confirm_K3_i001308/transformer/d8/n256/seed3/DONE.json,1.4248828268050706,1.4216858697779198,1.4215293765331674,1.421521531667375,0.1145799142530975,0.105238703761435,-39.717803037024936
done,confirm_K3_i001308,Transformer,8,4,256,48,1.4423735216259956,16,48,1064,cpu,1.450343944132328,1.50018659979105,1.4467176720499992,1.4772606641054151,project://predictive_profile_confirmatory64_v1/runs/confirm_K3_i001308/transformer/d8/n256/seed4/DONE.json,1.4248828268050706,1.4216858697779198,1.4215293765331674,1.421521531667375,0.0243320886886299,0.0557391324380402,-8.007841879526495
done,confirm_K3_i001308,Transformer,8,5,256,48,1.4576221369206903,16,48,1064,cpu,1.524835184216499,1.5206178799271584,1.4597408324480057,1.5092587247490885,project://predictive_profile_confirmatory64_v1/runs/confirm_K3_i001308/transformer/d8/n256/seed5/DONE.json,1.4248828268050706,1.4216858697779198,1.4215293765331674,1.421521531667375,0.026111936019279,0.0877371930817132,4.634064796252896
done,confirm_K3_i001308,Transformer,32,1,256,8,1.4515503868460655,16,16,13448,cpu,1.4996452406048777,1.3851295337080956,1.5182037651538849,1.4037571623921394,project://predictive_profile_confirmatory64_v1/runs/confirm_K3_i001308/transformer/d32/n256/seed1/DONE.json,1.4248828268050706,1.4216858697779198,1.4215293765331674,1.421521531667375,0.0741798033682239,-0.0177643692752356,28.52712251816036
done,confirm_K3_i001308,Transformer,32,2,256,27,1.4426971934735775,16,35,13448,cpu,1.3982782661914823,1.5317991748452189,1.3960179761052132,1.475206345319748,project://predictive_profile_confirmatory64_v1/runs/confirm_K3_i001308/transformer/d32/n256/seed2/DONE.json,1.4248828268050706,1.4216858697779198,1.4215293765331674,1.421521531667375,0.0630527528900224,0.0536848136523728,-22.88643989203689
done,confirm_K3_i001308,Transformer,32,3,256,38,1.3866295516490936,16,46,13448,cpu,1.405559368431568,1.4397977516055107,1.4243062362074852,1.4318481087684631,project://predictive_profile_confirmatory64_v1/runs/confirm_K3_i001308/transformer/d32/n256/seed3/DONE.json,1.4248828268050706,1.4216858697779198,1.4215293765331674,1.421521531667375,0.0157855456553856,0.010326577101088,-7.821015192054221
done,confirm_K3_i001308,Transformer,32,4,256,45,1.4214493744075298,16,48,13448,cpu,1.4159796759486198,1.4328451305627825,1.4576312601566317,1.494821049273014,project://predictive_profile_confirmatory64_v1/runs/confirm_K3_i001308/transformer/d32/n256/seed4/DONE.json,1.4248828268050706,1.4216858697779198,1.4215293765331674,1.421521531667375,0.0547776281749953,0.073299517605639,-23.45565328085004
done,confirm_K3_i001308,Transformer,32,5,256,17,1.4270709231495855,16,25,13448,cpu,1.4311796501278875,1.4870726317167282,1.5364384725689888,1.3769031539559364,project://predictive_profile_confirmatory64_v1/runs/confirm_K3_i001308/transformer/d32/n256/seed5/DONE.json,1.4248828268050706,1.4216858697779198,1.4215293765331674,1.421521531667375,0.1001779707895051,-0.0446183777114386,16.147494923389015
done,confirm_K3_i001308,Transformer,128,1,256,16,1.4439696669578552,16,24,201224,cpu,1.4002303257584572,1.467138148844242,1.4428972974419594,1.54866611212492,project://predictive_profile_confirmatory64_v1/runs/confirm_K3_i001308/transformer/d128/n256/seed1/DONE.json,1.4248828268050706,1.4216858697779198,1.4215293765331674,1.421521531667375,0.1011245367913583,0.1271445804575448,-44.16029544737548
done,confirm_K3_i001308,Transformer,128,2,256,14,1.4290277436375618,16,22,201224,cpu,1.4194338843226433,1.4079089239239693,1.402855969965458,1.419149987399578,project://predictive_profile_confirmatory64_v1/runs/confirm_K3_i001308/transformer/d128/n256/seed2/DONE.json,1.4248828268050706,1.4216858697779198,1.4215293765331674,1.421521531667375,0.0100660851322417,-0.0023715442677969,0.0844605758897505
done,confirm_K3_i001308,Transformer,128,3,256,27,1.435709122568369,16,35,201224,cpu,1.527743935585022,1.5058732479810717,1.4412186443805697,1.464483954012394,project://predictive_profile_confirmatory64_v1/runs/confirm_K3_i001308/transformer/d128/n256/seed3/DONE.json,1.4248828268050706,1.4216858697779198,1.4215293765331674,1.421521531667375,0.0381739090951048,0.0429624223450189,18.820121108436137
done,confirm_K3_i001308,Transformer,128,4,256,21,1.4454538226127625,16,29,201224,cpu,1.4435703083872795,1.3971292227506638,1.4665112122893331,1.441322423517704,project://predictive_profile_confirmatory64_v1/runs/confirm_K3_i001308/transformer/d128/n256/seed4/DONE.json,1.4248828268050706,1.4216858697779198,1.4215293765331674,1.421521531667375,0.0255093653081105,0.0198008918503289,0.6687555770888376
done,confirm_K3_i001308,Transformer,128,5,256,7,1.4686740525066853,16,15,201224,cpu,1.508508451282978,1.4824897423386574,1.4855102896690369,1.484372116625309,project://predictive_profile_confirmatory64_v1/runs/confirm_K3_i001308/transformer/d128/n256/seed5/DONE.json,1.4248828268050706,1.4216858697779198,1.4215293765331674,1.421521531667375,0.0104530969153061,0.0628505849579339,7.180665091556481
done,confirm_K3_i001308,Transformer,256,1,256,11,1.4557091780006886,16,19,795656,cpu,1.4219011142849922,1.4913417249917984,1.4199253991246223,1.454589143395424,project://predictive_profile_confirmatory64_v1/runs/confirm_K3_i001308/transformer/d256/n256/seed1/DONE.json,1.4248828268050706,1.4216858697779198,1.4215293765331674,1.421521531667375,0.0309853692626929,0.0330676117280488,-9.724831581686674
done,confirm_K3_i001308,Transformer,256,2,256,12,1.4834555871784687,16,20,795656,cpu,1.4421877041459084,1.4559046924114227,1.449316307902336,1.5128821060061457,project://predictive_profile_confirmatory64_v1/runs/confirm_K3_i001308/transformer/d256/n256/seed2/DONE.json,1.4248828268050706,1.4216858697779198,1.4215293765331674,1.421521531667375,0.0565487270551301,0.0913605743387704,-21.031893649393663
done,confirm_K3_i001308,Transformer,256,3,256,17,1.4416090585291386,16,25,795656,cpu,1.437538206577301,1.4203544184565544,1.3575284704566002,1.464115396142006,project://predictive_profile_confirmatory64_v1/runs/confirm_K3_i001308/transformer/d256/n256/seed3/DONE.json,1.4248828268050706,1.4216858697779198,1.4215293765331674,1.421521531667375,0.0595570972742049,0.0425938644746308,-7.906830098509494
done,confirm_K3_i001308,Transformer,256,4,256,13,1.4211964569985869,16,21,795656,cpu,1.3961619287729263,1.4028965085744858,1.454940564930439,1.480240873992443,project://predictive_profile_confirmatory64_v1/runs/confirm_K3_i001308/transformer/d256/n256/seed4/DONE.json,1.4248828268050706,1.4216858697779198,1.4215293765331674,1.421521531667375,0.0597785442521589,0.058719342325068,-25.01385381979864
done,confirm_K3_i001308,Transformer,256,5,256,8,1.4927982538938522,16,16,795656,cpu,1.4907153770327568,1.5032530203461647,1.5286943018436432,1.5524557828903198,project://predictive_profile_confirmatory64_v1/runs/confirm_K3_i001308/transformer/d256/n256/seed5/DONE.json,1.4248828268050706,1.4216858697779198,1.4215293765331674,1.421521531667375,0.0425450436415938,0.1309342512229447,-18.368040689188334
done,confirm_K3_i000341,GRU,8,1,256,48,1.919171780347824,16,48,576,cpu,1.958345226943493,1.9392718523740768,1.9816724061965945,1.94752287119627,project://predictive_profile_confirmatory64_v1/runs/confirm_K3_i000341/gru/d8/n256/seed1/DONE.json,1.9426797231331288,1.9375620566447012,1.9343421948905468,1.9322632441419432,0.0174089419489125,0.0152596270543268,1.0389648706036625
done,confirm_K3_i000341,GRU,8,2,256,46,1.9557984918355944,16,48,576,cpu,1.961623102426529,1.9472494199872017,1.993702158331871,1.940994456410408,project://predictive_profile_confirmatory64_v1/runs/confirm_K3_i000341/gru/d8/n256/seed2/DONE.json,1.9426797231331288,1.9375620566447012,1.9343421948905468,1.9322632441419432,0.0258286324916015,0.0087312122684648,1.9803856978521104
done,confirm_K3_i000341,GRU,8,3,256,44,1.963341984897852,16,48,576,cpu,1.9277070760726929,1.9557657167315483,1.9373485371470447,1.939194031059742,project://predictive_profile_confirmatory64_v1/runs/confirm_K3_i000341/gru/d8/n256/seed3/DONE.json,1.9426797231331288,1.9375620566447012,1.9343421948905468,1.9322632441419432,0.0124723630020932,0.0069307869177988,-1.1027675471499874
done,confirm_K3_i000341,GRU,8,4,256,42,1.933993887156248,16,48,576,cpu,1.941560558974743,1.973596952855587,1.9183053821325304,1.9268970862030983,project://predictive_profile_confirmatory64_v1/runs/confirm_K3_i000341/gru/d8/n256/seed4/DONE.json,1.9426797231331288,1.9375620566447012,1.9343421948905468,1.9322632441419432,0.0214822433369404,-0.0053661579388448,1.4077187487300469
done,confirm_K3_i000341,GRU,8,5,256,42,1.9591553546488285,16,48,576,cpu,1.9367295950651169,1.9343161061406136,1.9302124828100204,1.9277685657143595,project://predictive_profile_confirmatory64_v1/runs/confirm_K3_i000341/gru/d8/n256/seed5/DONE.json,1.9426797231331288,1.9375620566447012,1.9343421948905468,1.9322632441419432,0.0009760706323347,-0.0044946784275838,0.8602743171027767
done,confirm_K3_i000341,GRU,32,1,256,7,1.99884282797575,16,15,6888,cpu,1.9836091473698616,1.935496151447296,1.954369962215424,1.945412777364254,project://predictive_profile_confirmatory64_v1/runs/confirm_K3_i000341/gru/d32/n256/seed1/DONE.json,1.9426797231331288,1.9375620566447012,1.9343421948905468,1.9322632441419432,0.0162060329464603,0.0131495332223108,3.6669175868284607
done,confirm_K3_i000341,GRU,32,2,256,27,1.9191353656351569,16,35,6888,cpu,1.928125485777855,1.9824882075190544,1.94200898706913,1.9425231888890264,project://predictive_profile_confirmatory64_v1/runs/confirm_K3_i000341/gru/d32/n256/seed2/DONE.json,1.9426797231331288,1.9375620566447012,1.9343421948905468,1.9322632441419432,0.0213554086879109,0.0102599447470834,-1.3822044016365842
done,confirm_K3_i000341,GRU,32,3,256,14,1.9640281684696677,16,22,6888,cpu,1.9886900559067728,1.9313345476984976,1.9712545275688167,1.9804695174098013,project://predictive_profile_confirmatory64_v1/runs/confirm_K3_i000341/gru/d32/n256/seed3/DONE.json,1.9426797231331288,1.9375620566447012,1.9343421948905468,1.9322632441419432,0.0278182129854848,0.0482062732678583,0.7891859143504578
done,confirm_K3_i000341,GRU,32,4,256,17,1.952162835747004,16,25,6888,cpu,1.973423644900322,1.921455591917038,1.9656120464205744,1.981018178164959,project://predictive_profile_confirmatory64_v1/runs/confirm_K3_i000341/gru/d32/n256/seed4/DONE.json,1.9426797231331288,1.9375620566447012,1.9343421948905468,1.9322632441419432,0.0347747240109846,0.0487549340230157,-0.7290883292774344
done,confirm_K3_i000341,GRU,32,5,256,8,1.959489330649376,16,16,6888,cpu,1.99014014005661,1.953720539808273,1.950959675014019,2.006616905331612,project://predictive_profile_confirmatory64_v1/runs/confirm_K3_i000341/gru/d32/n256/seed5/DONE.json,1.9426797231331288,1.9375620566447012,1.9343421948905468,1.9322632441419432,0.0431375472667329,0.0743536611896684,-1.5817979654107832
done,confirm_K3_i000341,GRU,128,1,256,9,1.9440373480319977,16,17,101256,cpu,1.9611205160617828,1.984798528254032,1.9967898651957512,1.9233739003539083,project://predictive_profile_confirmatory64_v1/runs/confirm_K3_i000341/gru/d128/n256/seed1/DONE.json,1.9426797231331288,1.9375620566447012,1.9343421948905468,1.9322632441419432,0.047397291870715,-0.0088893437880346,3.623740396329264
done,confirm_K3_i000341,GRU,128,2,256,11,1.9658585265278816,16,19,101256,cpu,1.9558090046048164,1.9863161146640775,1.9704385921359064,1.98752485960722,project://predictive_profile_confirmatory64_v1/runs/confirm_K3_i000341/gru/d128/n256/seed2/DONE.json,1.9426797231331288,1.9375620566447012,1.9343421948905468,1.9322632441419432,0.0233708550393222,0.0552616154652765,-3.0447769375084603
done,confirm_K3_i000341,GRU,128,3,256,20,1.9314119592309,16,28,101256,cpu,1.9628182426095009,1.9548499286174772,1.948560617864132,1.92068899422884,project://predictive_profile_confirmatory64_v1/runs/confirm_K3_i000341/gru/d128/n256/seed3/DONE.json,1.9426797231331288,1.9375620566447012,1.9343421948905468,1.9322632441419432,0.0250199110547235,-0.0115742499131032,4.044480713330363
done,confirm_K3_i000341,GRU,128,4,256,14,1.9319582544267175,16,22,101256,cpu,1.9820536449551585,1.9499662294983864,1.9486940950155256,1.9544222503900528,project://predictive_profile_confirmatory64_v1/runs/confirm_K3_i000341/gru/d128/n256/seed4/DONE.json,1.9426797231331288,1.9375620566447012,1.9343421948905468,1.9322632441419432,0.0106355653209878,0.0221590062481096,2.6526616708474235
done,confirm_K3_i000341,GRU,128,5,256,12,1.963465180248022,16,20,101256,cpu,1.9527733996510503,1.929429031908512,1.9911120906472208,1.942136786878109,project://predictive_profile_confirmatory64_v1/runs/confirm_K3_i000341/gru/d128/n256/seed5/DONE.json,1.9426797231331288,1.9375620566447012,1.9343421948905468,1.9322632441419432,0.0251174882185821,0.0098735427361658,1.021133223802619
done,confirm_K3_i000341,GRU,256,1,256,28,1.9386298693716528,16,36,399112,cpu,1.971380427479744,1.9272324219346049,1.9235771670937536,1.91731146723032,project://predictive_profile_confirmatory64_v1/runs/confirm_K3_i000341/gru/d256/n256/seed1/DONE.json,1.9426797231331288,1.9375620566447012,1.9343421948905468,1.9322632441419432,0.0220478580971174,-0.0149517769116231,5.190713704235096
done,confirm_K3_i000341,GRU,256,2,256,7,1.9754752665758133,16,15,399112,cpu,1.968819580972195,1.9722158312797544,1.8994888737797735,1.9951795563101768,project://predictive_profile_confirmatory64_v1/runs/confirm_K3_i000341/gru/d256/n256/seed2/DONE.json,1.9426797231331288,1.9375620566447012,1.9343421948905468,1.9322632441419432,0.0541067921160349,0.0629163121682336,-2.530603225935363
done,confirm_K3_i000341,GRU,256,3,256,29,1.9390454441308973,16,37,399112,cpu,1.9818199202418327,1.954764485359192,1.9048063457012177,1.9517455101013184,project://predictive_profile_confirmatory64_v1/runs/confirm_K3_i000341/gru/d256/n256/seed3/DONE.json,1.9426797231331288,1.9375620566447012,1.9343421948905468,1.9322632441419432,0.0264310779560092,0.0194822659593751,2.8871953916446538
done,confirm_K3_i000341,GRU,256,4,256,35,1.966386940330267,16,43,399112,cpu,1.9733717516064644,1.9764702171087265,1.968767233192921,1.9521579071879387,project://predictive_profile_confirmatory64_v1/runs/confirm_K3_i000341/gru/d256/n256/seed4/DONE.json,1.9426797231331288,1.9375620566447012,1.9343421948905468,1.9322632441419432,0.0131265759942197,0.0198946630459955,2.036565756670448
done,confirm_K3_i000341,GRU,256,5,256,17,1.967085748910904,16,25,399112,cpu,1.983199581503868,1.9781239703297613,1.9582334235310557,1.9500424936413765,project://predictive_profile_confirmatory64_v1/runs/confirm_K3_i000341/gru/d256/n256/seed5/DONE.json,1.9426797231331288,1.9375620566447012,1.9343421948905468,1.9322632441419432,0.0163824705726403,0.0177792494994333,3.183137784903047
done,confirm_K3_i000341,Transformer,8,1,256,28,1.946552250534296,16,36,1064,cpu,1.9913949444890024,1.9579993039369583,1.9548581540584564,1.9281695261597636,project://predictive_profile_confirmatory64_v1/runs/confirm_K3_i000341/transformer/d8/n256/seed1/DONE.json,1.9426797231331288,1.9375620566447012,1.9343421948905468,1.9322632441419432,0.0316077068953817,-0.0040937179821798,6.069749517350362
done,confirm_K3_i000341,Transformer,8,2,256,27,1.9734082333743568,16,35,1064,cpu,1.965420387685299,1.9398456886410715,1.9640348255634308,1.960361436009407,project://predictive_profile_confirmatory64_v1/runs/confirm_K3_i000341/transformer/d8/n256/seed2/DONE.json,1.9426797231331288,1.9375620566447012,1.9343421948905468,1.9322632441419432,0.0132064078705816,0.0280981918674638,0.485668111093274
done,confirm_K3_i000341,Transformer,8,3,256,48,1.973920151591301,16,48,1064,cpu,1.9433344006538391,1.978411205112934,1.895453341305256,1.9643244817852972,project://predictive_profile_confirmatory64_v1/runs/confirm_K3_i000341/transformer/d8/n256/seed3/DONE.json,1.9426797231331288,1.9375620566447012,1.9343421948905468,1.9322632441419432,0.039043292768273,0.0320612376433542,-2.0150840940801658
done,confirm_K3_i000341,Transformer,8,4,256,44,1.9451882019639013,16,48,1064,cpu,1.9516936764121056,1.9347344413399696,1.933534190058708,1.9477786794304848,project://predictive_profile_confirmatory64_v1/runs/confirm_K3_i000341/transformer/d8/n256/seed4/DONE.json,1.9426797231331288,1.9375620566447012,1.9343421948905468,1.9322632441419432,0.0127003097477159,0.0155154352885416,0.3758464818038471
done,confirm_K3_i000341,Transformer,8,5,256,45,1.943998232483864,16,48,1064,cpu,1.998629204928875,1.9691617265343664,1.9404823407530785,1.9348380118608477,project://predictive_profile_confirmatory64_v1/runs/confirm_K3_i000341/transformer/d8/n256/seed5/DONE.json,1.9426797231331288,1.9375620566447012,1.9343421948905468,1.9322632441419432,0.0304303178183942,0.0025747677189043,6.124064870865438
done,confirm_K3_i000341,Transformer,32,1,256,5,1.9830706305801868,16,13,13448,cpu,1.975919358432293,1.967899098992348,1.9711428359150889,1.9555888026952744,project://predictive_profile_confirmatory64_v1/runs/confirm_K3_i000341/transformer/d32/n256/seed1/DONE.json,1.9426797231331288,1.9375620566447012,1.9343421948905468,1.9322632441419432,0.0090695599442053,0.0233255585533311,1.9517685154669135
done,confirm_K3_i000341,Transformer,32,2,256,16,1.9751721397042277,16,24,13448,cpu,2.003473326563835,1.9412617683410645,1.9779685139656067,1.9446951746940613,project://predictive_profile_confirmatory64_v1/runs/confirm_K3_i000341/transformer/d32/n256/seed2/DONE.json,1.9426797231331288,1.9375620566447012,1.9343421948905468,1.9322632441419432,0.0291040930329422,0.0124319305521181,5.642804245034419
done,confirm_K3_i000341,Transformer,32,3,256,5,1.972719170153141,16,13,13448,cpu,1.9784022122621536,1.951306939125061,1.961432568728924,1.9475982412695885,project://predictive_profile_confirmatory64_v1/runs/confirm_K3_i000341/transformer/d32/n256/seed3/DONE.json,1.9426797231331288,1.9375620566447012,1.9343421948905468,1.9322632441419432,0.0117937184160577,0.0153349971276453,2.9572344953252867
done,confirm_K3_i000341,Transformer,32,4,256,21,1.9507369138300417,16,29,13448,cpu,1.9752433076500893,2.0025817155838013,1.9215622320771215,1.939449183642864,project://predictive_profile_confirmatory64_v1/runs/confirm_K3_i000341/transformer/d32/n256/seed4/DONE.json,1.9426797231331288,1.9375620566447012,1.9343421948905468,1.9322632441419432,0.0331187304475885,0.007185939500921,3.4362978159427957
done,confirm_K3_i000341,Transformer,32,5,256,34,1.9529463946819303,16,42,13448,cpu,1.939879983663559,1.9752151519060133,1.9596501886844635,1.949201427400112,project://predictive_profile_confirmatory64_v1/runs/confirm_K3_i000341/transformer/d32/n256/seed5/DONE.json,1.9426797231331288,1.9375620566447012,1.9343421948905468,1.9322632441419432,0.0149059292003925,0.0169381832581689,-0.894874721529318
done,confirm_K3_i000341,Transformer,128,1,256,28,1.9573813527822492,16,36,201224,cpu,1.898226149380207,2.002228587865829,1.9632291421294208,2.0081625878810883,project://predictive_profile_confirmatory64_v1/runs/confirm_K3_i000341/transformer/d128/n256/seed1/DONE.json,1.9426797231331288,1.9375620566447012,1.9343421948905468,1.9322632441419432,0.0648482194254703,0.075899343739145,-10.55408824746916
done,confirm_K3_i000341,Transformer,128,2,256,32,1.9678264036774635,16,40,201224,cpu,1.9133788496255877,1.9882047325372696,1.965475097298622,1.952002115547657,project://predictive_profile_confirmatory64_v1/runs/confirm_K3_i000341/transformer/d128/n256/seed2/DONE.json,1.9426797231331288,1.9375620566447012,1.9343421948905468,1.9322632441419432,0.0295371192544297,0.0197388714057138,-3.707900333188645
done,confirm_K3_i000341,Transformer,128,3,256,19,1.960665114223957,16,27,201224,cpu,1.9843595251441,1.9731215313076973,1.9637915417551997,1.945068471133709,project://predictive_profile_confirmatory64_v1/runs/confirm_K3_i000341/transformer/d128/n256/seed3/DONE.json,1.9426797231331288,1.9375620566447012,1.9343421948905468,1.9322632441419432,0.0201774849520848,0.0128052269917657,3.772009144706123
done,confirm_K3_i000341,Transformer,128,4,256,28,1.9710758738219736,16,36,201224,cpu,1.9523860812187197,1.9450664222240448,1.911158688366413,1.9284175634384155,project://predictive_profile_confirmatory64_v1/runs/confirm_K3_i000341/transformer/d128/n256/seed4/DONE.json,1.9426797231331288,1.9375620566447012,1.9343421948905468,1.9322632441419432,0.0130999314257096,-0.0038456807035276,2.301019164017524
done,confirm_K3_i000341,Transformer,128,5,256,9,1.9853820465505123,16,17,201224,cpu,1.9945476949214933,1.9507486522197723,2.0240774899721146,1.9814616963267329,project://predictive_profile_confirmatory64_v1/runs/confirm_K3_i000341/transformer/d128/n256/seed5/DONE.json,1.9426797231331288,1.9375620566447012,1.9343421948905468,1.9322632441419432,0.0271441328072517,0.0491984521847894,1.2562784992735314
done,confirm_K3_i000341,Transformer,256,1,256,20,1.9647139608860016,16,28,795656,cpu,1.966669611632824,1.9692287966609,1.9435882717370987,1.954994909465313,project://predictive_profile_confirmatory64_v1/runs/confirm_K3_i000341/transformer/d256/n256/seed1/DONE.json,1.9426797231331288,1.9375620566447012,1.9343421948905468,1.9322632441419432,0.0081129492463277,0.0227316653233697,1.1207916012109378
done,confirm_K3_i000341,Transformer,256,2,256,10,1.9729064032435415,16,18,795656,cpu,2.0122260823845863,2.001139521598816,1.9967472478747368,1.9696890860795973,project://predictive_profile_confirmatory64_v1/runs/confirm_K3_i000341/transformer/d256/n256/seed2/DONE.json,1.9426797231331288,1.9375620566447012,1.9343421948905468,1.9322632441419432,0.0241846852543544,0.0374258419376543,4.08362521932638
done,confirm_K3_i000341,Transformer,256,3,256,10,1.9705281145870688,16,18,795656,cpu,2.039391815662384,1.9941656962037089,1.9825234189629557,1.9497186243534088,project://predictive_profile_confirmatory64_v1/runs/confirm_K3_i000341/transformer/d256/n256/seed3/DONE.json,1.9426797231331288,1.9375620566447012,1.9343421948905468,1.9322632441419432,0.0467928684158555,0.0174553802114656,8.608781468753174
done,confirm_K3_i000341,Transformer,256,4,256,10,1.929529134184122,16,18,795656,cpu,1.986422680318356,2.001990966498852,1.973818562924862,2.009867526590824,project://predictive_profile_confirmatory64_v1/runs/confirm_K3_i000341/transformer/d256/n256/seed4/DONE.json,1.9426797231331288,1.9375620566447012,1.9343421948905468,1.9322632441419432,0.0263339972717085,0.0776042824488809,-2.250745793497743
done,confirm_K3_i000341,Transformer,256,5,256,10,1.9912720136344435,16,18,795656,cpu,1.9704078286886213,1.971528261899948,2.015910714864731,2.014411948621273,project://predictive_profile_confirmatory64_v1/runs/confirm_K3_i000341/transformer/d256/n256/seed5/DONE.json,1.9426797231331288,1.9375620566447012,1.9343421948905468,1.9322632441419432,0.0363438145795399,0.0821487044793298,-4.224471625190025
done,confirm_K3_i000022,GRU,8,1,256,48,1.830476861447096,16,48,576,cpu,1.7955520004034042,1.7320167869329453,1.759215123951435,1.729793332517147,project://predictive_profile_confirmatory64_v1/runs/confirm_K3_i000022/gru/d8/n256/seed1/DONE.json,1.768630795728476,1.7683012061830208,1.76828942732386,1.768289006696407,0.0358813138957404,-0.0384956741792599,192.3954887848793
done,confirm_K3_i000022,GRU,8,2,256,45,1.81513499096036,16,48,576,cpu,1.774935893714428,1.7462393641471865,1.7988551780581474,1.78079005330801,project://predictive_profile_confirmatory64_v1/runs/confirm_K3_i000022/gru/d8/n256/seed2/DONE.json,1.768630795728476,1.7683012061830208,1.76828942732386,1.768289006696407,0.0197440914330528,0.0125010466116031,-17.127991375678636
done,confirm_K3_i000022,GRU,8,3,256,43,1.7807926684617996,16,48,576,cpu,1.7897178903222084,1.756485030055046,1.7706232219934464,1.771371692419052,project://predictive_profile_confirmatory64_v1/runs/confirm_K3_i000022/gru/d8/n256/seed3/DONE.json,1.768630795728476,1.7683012061830208,1.76828942732386,1.768289006696407,0.011690761962448,0.0030826857226451,53.676964974826575
done,confirm_K3_i000022,GRU,8,4,256,46,1.8234334290027616,16,48,576,cpu,1.7577993869781494,1.6970782727003098,1.7825696095824242,1.7509536892175674,project://predictive_profile_confirmatory64_v1/runs/confirm_K3_i000022/gru/d8/n256/seed4/DONE.json,1.768630795728476,1.7683012061830208,1.76828942732386,1.768289006696407,0.0314074665126594,-0.0173353174788395,20.02901532310354
done,confirm_K3_i000022,GRU,8,5,256,48,1.8185260370373728,16,48,576,cpu,1.8095493167638776,1.7633485943078997,1.7491951882839205,1.8159271851181984,project://predictive_profile_confirmatory64_v1/runs/confirm_K3_i000022/gru/d8/n256/seed5/DONE.json,1.768630795728476,1.7683012061830208,1.76828942732386,1.768289006696407,0.0426150224678196,0.0476381784217914,-18.660248737969884
done,confirm_K3_i000022,GRU,32,1,256,40,1.817581571638584,16,48,6888,cpu,1.776145987212658,1.8148560523986816,1.7613497823476791,1.8304723724722864,project://predictive_profile_confirmatory64_v1/runs/confirm_K3_i000022/gru/d32/n256/seed1/DONE.json,1.768630795728476,1.7683012061830208,1.76828942732386,1.768289006696407,0.0447516773972243,0.0621833657758792,-158.9471286739102
done,confirm_K3_i000022,GRU,32,2,256,28,1.7974849604070189,16,36,6888,cpu,1.8028479591012,1.723603531718254,1.748347893357277,1.760682336986065,project://predictive_profile_confirmatory64_v1/runs/confirm_K3_i000022/gru/d32/n256/seed2/DONE.json,1.768630795728476,1.7683012061830208,1.76828942732386,1.768289006696407,0.0286230873757217,-0.007606669710342,123.36739379806332
done,confirm_K3_i000022,GRU,32,3,256,12,1.7952083609998226,16,20,6888,cpu,1.824731059372425,1.76328144967556,1.8193007931113243,1.8454013243317604,project://predictive_profile_confirmatory64_v1/runs/confirm_K3_i000022/gru/d32/n256/seed3/DONE.json,1.768630795728476,1.7683012061830208,1.76828942732386,1.768289006696407,0.0443521242538174,0.0771123176353534,-60.47667718943259
done,confirm_K3_i000022,GRU,32,4,256,14,1.7688682228326795,16,22,6888,cpu,1.7684531658887863,1.8127934113144877,1.7758121713995934,1.7644779533147812,project://predictive_profile_confirmatory64_v1/runs/confirm_K3_i000022/gru/d32/n256/seed4/DONE.json,1.768630795728476,1.7683012061830208,1.76828942732386,1.768289006696407,0.0248739900017175,-0.0038110533816257,11.63060309436943
done,confirm_K3_i000022,GRU,32,5,256,47,1.779336415231228,16,48,6888,cpu,1.7699677646160126,1.8637130931019783,1.7918047830462456,1.7937777563929558,project://predictive_profile_confirmatory64_v1/runs/confirm_K3_i000022/gru/d32/n256/seed5/DONE.json,1.768630795728476,1.7683012061830208,1.76828942732386,1.768289006696407,0.0370015132090825,0.0254887496965487,-69.66283158005255
done,confirm_K3_i000022,GRU,128,1,256,14,1.783237885683775,16,22,101256,cpu,1.822760492563248,1.782198615372181,1.7898289933800695,1.7974588051438332,project://predictive_profile_confirmatory64_v1/runs/confirm_K3_i000022/gru/d128/n256/seed1/DONE.json,1.768630795728476,1.7683012061830208,1.76828942732386,1.768289006696407,0.0151200433821019,0.0291697984474261,74.02720697688936
done,confirm_K3_i000022,GRU,128,2,256,7,1.8481397926807404,16,15,101256,cpu,1.8325699269771576,1.7890398725867271,1.7937019392848017,1.7532025501132011,project://predictive_profile_confirmatory64_v1/runs/confirm_K3_i000022/gru/d128/n256/seed2/DONE.json,1.768630795728476,1.7683012061830208,1.76828942732386,1.768289006696407,0.0478765324097896,-0.0150864565832058,232.2115966784337
done,confirm_K3_i000022,GRU,128,3,256,24,1.795338973402977,16,32,101256,cpu,1.7543862089514732,1.759995236992836,1.7369407415390017,1.7787805125117302,project://predictive_profile_confirmatory64_v1/runs/confirm_K3_i000022/gru/d128/n256/seed3/DONE.json,1.768630795728476,1.7683012061830208,1.76828942732386,1.768289006696407,0.0260567696408186,0.0104915058153232,-71.37240013986379
done,confirm_K3_i000022,GRU,128,4,256,37,1.8055860213935373,16,45,101256,cpu,1.79709642380476,1.8194412514567373,1.75332672894001,1.7933311834931374,project://predictive_profile_confirmatory64_v1/runs/confirm_K3_i000022/gru/d128/n256/seed4/DONE.json,1.768630795728476,1.7683012061830208,1.76828942732386,1.768289006696407,0.0239437298468689,0.0250421767967303,11.01627015012206
done,confirm_K3_i000022,GRU,128,5,256,11,1.8007670231163502,16,19,101256,cpu,1.8080374374985693,1.7655172944068909,1.7767877280712128,1.7727727219462397,project://predictive_profile_confirmatory64_v1/runs/confirm_K3_i000022/gru/d128/n256/seed5/DONE.json,1.768630795728476,1.7683012061830208,1.76828942732386,1.768289006696407,0.0179481621346374,0.0044837152498324,103.17684958712807
done,confirm_K3_i000022,GRU,256,1,256,38,1.7869225330650806,16,46,399112,cpu,1.7647334560751915,1.7817332819104197,1.7695855274796486,1.7786118984222412,project://predictive_profile_confirmatory64_v1/runs/confirm_K3_i000022/gru/d256/n256/seed1/DONE.json,1.768630795728476,1.7683012061830208,1.76828942732386,1.768289006696407,0.0085639501936943,0.0103228917258342,-40.60528877427926
done,confirm_K3_i000022,GRU,256,2,256,7,1.8413906767964363,16,15,399112,cpu,1.830565169453621,1.805359847843647,1.7745263800024986,1.8064508363604543,project://predictive_profile_confirmatory64_v1/runs/confirm_K3_i000022/gru/d256/n256/seed2/DONE.json,1.768630795728476,1.7683012061830208,1.76828942732386,1.768289006696407,0.0199094741608185,0.0381618296640475,70.55326774876367
done,confirm_K3_i000022,GRU,256,3,256,15,1.8077626042068005,16,23,399112,cpu,1.7895414233207705,1.7962293028831482,1.793731853365898,1.7507753446698189,project://predictive_profile_confirmatory64_v1/runs/confirm_K3_i000022/gru/d256/n256/seed3/DONE.json,1.768630795728476,1.7683012061830208,1.76828942732386,1.768289006696407,0.0366967470324425,-0.0175136620265881,113.42107268997142
done,confirm_K3_i000022,GRU,256,4,256,16,1.8200837224721909,16,24,399112,cpu,1.8022582679986956,1.7588589191436768,1.753181129693985,1.825869396328926,project://predictive_profile_confirmatory64_v1/runs/confirm_K3_i000022/gru/d256/n256/seed4/DONE.json,1.768630795728476,1.7683012061830208,1.76828942732386,1.768289006696407,0.0508660660321702,0.0575803896325191,-69.08100060230412
done,confirm_K3_i000022,GRU,256,5,256,22,1.8147827610373497,16,30,399112,cpu,1.8389345780014992,1.782272882759571,1.702597238123417,1.7526756152510643,project://predictive_profile_confirmatory64_v1/runs/confirm_K3_i000022/gru/d256/n256/seed5/DONE.json,1.768630795728476,1.7683012061830208,1.76828942732386,1.768289006696407,0.0518770733903911,-0.0156133914453426,252.37487062773903
done,confirm_K3_i000022,Transformer,8,1,256,28,1.8426649123430248,16,36,1064,cpu,1.7717105224728584,1.817271925508976,1.793514348566532,1.7792861610651016,project://predictive_profile_confirmatory64_v1/runs/confirm_K3_i000022/transformer/d8/n256/seed1/DONE.json,1.768630795728476,1.7683012061830208,1.76828942732386,1.768289006696407,0.0206585735589957,0.0109971543686946,-22.164662646957744
done,confirm_K3_i000022,Transformer,8,2,256,44,1.7824531756341455,16,48,1064,cpu,1.8143263012170792,1.7579239830374718,1.7891058400273323,1.783231534063816,project://predictive_profile_confirmatory64_v1/runs/confirm_K3_i000022/transformer/d8/n256/seed2/DONE.json,1.768630795728476,1.7683012061830208,1.76828942732386,1.768289006696407,0.020132920542623,0.014942527367409,90.9764920337496
done,confirm_K3_i000022,Transformer,8,3,256,35,1.778022963553667,16,43,1064,cpu,1.753488764166832,1.7515781223773956,1.7675218358635902,1.8023781403899195,project://predictive_profile_confirmatory64_v1/runs/confirm_K3_i000022/transformer/d8/n256/seed3/DONE.json,1.768630795728476,1.7683012061830208,1.76828942732386,1.768289006696407,0.039435327968734,0.0340891336935123,-143.03962864786843
done,confirm_K3_i000022,Transformer,8,4,256,32,1.807068172842264,16,40,1064,cpu,1.7888059094548223,1.689357839524746,1.7818046063184738,1.7583691626787186,project://predictive_profile_confirmatory64_v1/runs/confirm_K3_i000022/transformer/d8/n256/seed4/DONE.json,1.768630795728476,1.7683012061830208,1.76828942732386,1.768289006696407,0.0394308047816612,-0.0099198440176884,89.05126823948235
done,confirm_K3_i000022,Transformer,8,5,256,44,1.7617377750575542,16,48,1064,cpu,1.7888149917125702,1.7527400106191635,1.7429566532373428,1.7995685413479805,project://predictive_profile_confirmatory64_v1/runs/confirm_K3_i000022/transformer/d8/n256/seed5/DONE.json,1.768630795728476,1.7683012061830208,1.76828942732386,1.768289006696407,0.0371554640931779,0.0312795346515735,-31.462535735302065
done,confirm_K3_i000022,Transformer,32,1,256,37,1.7936981320381165,16,45,13448,cpu,1.813385210931301,1.839938759803772,1.8128028959035876,1.7795067429542542,project://predictive_profile_confirmatory64_v1/runs/confirm_K3_i000022/transformer/d32/n256/seed1/DONE.json,1.768630795728476,1.7683012061830208,1.76828942732386,1.768289006696407,0.0383531907267031,0.0112177362578471,99.1209921861728
done,confirm_K3_i000022,Transformer,32,2,256,17,1.787216778844595,16,25,13448,cpu,1.8241326808929443,1.85344697535038,1.7831425592303276,1.7811042442917824,project://predictive_profile_confirmatory64_v1/runs/confirm_K3_i000022/transformer/d32/n256/seed2/DONE.json,1.768630795728476,1.7683012061830208,1.76828942732386,1.768289006696407,0.0420059778227958,0.0128152375953753,125.891800391228
done,confirm_K3_i000022,Transformer,32,3,256,15,1.8089205473661425,16,23,13448,cpu,1.7631842643022535,1.730998419225216,1.7644916027784348,1.8084851503372192,project://predictive_profile_confirmatory64_v1/runs/confirm_K3_i000022/transformer/d32/n256/seed3/DONE.json,1.768630795728476,1.7683012061830208,1.76828942732386,1.768289006696407,0.0500619797550393,0.0401961436408122,-132.540490725281
done,confirm_K3_i000022,Transformer,32,4,256,21,1.8012316040694714,16,29,13448,cpu,1.747888796031475,1.777864620089531,1.7747263833880424,1.7358542382717133,project://predictive_profile_confirmatory64_v1/runs/confirm_K3_i000022/transformer/d32/n256/seed4/DONE.json,1.768630795728476,1.7683012061830208,1.76828942732386,1.768289006696407,0.0292043623641376,-0.0324347684246937,35.21048550594387
done,confirm_K3_i000022,Transformer,32,5,256,19,1.7874299436807632,16,27,13448,cpu,1.7715604156255722,1.7825007662177086,1.780837632715702,1.816211335361004,project://predictive_profile_confirmatory64_v1/runs/confirm_K3_i000022/transformer/d32/n256/seed5/DONE.json,1.768630795728476,1.7683012061830208,1.76828942732386,1.768289006696407,0.0332148218556851,0.0479223286645968,-130.63883140169472
done,confirm_K3_i000022,Transformer,128,1,256,14,1.808333545923233,16,22,201224,cpu,1.770554892718792,1.8165349513292317,1.78981301933527,1.7956021055579183,project://predictive_profile_confirmatory64_v1/runs/confirm_K3_i000022/transformer/d128/n256/seed1/DONE.json,1.768630795728476,1.7683012061830208,1.76828942732386,1.768289006696407,0.0167017457661799,0.0273130988615115,-73.28266997771368
done,confirm_K3_i000022,Transformer,128,2,256,13,1.78503642603755,16,21,201224,cpu,1.7852459847927094,1.7634720653295517,1.7829127311706543,1.843814842402935,project://predictive_profile_confirmatory64_v1/runs/confirm_K3_i000022/transformer/d128/n256/seed2/DONE.json,1.768630795728476,1.7683012061830208,1.76828942732386,1.768289006696407,0.0583877233087078,0.075525835706528,-171.35967545726896
done,confirm_K3_i000022,Transformer,128,3,256,10,1.8172832503914835,16,18,201224,cpu,1.8221031054854395,1.8376553058624268,1.7808261290192604,1.745985135436058,project://predictive_profile_confirmatory64_v1/runs/confirm_K3_i000022/transformer/d128/n256/seed3/DONE.json,1.768630795728476,1.7683012061830208,1.76828942732386,1.768289006696407,0.0619618406163146,-0.0223038712603489,222.7045425904088
done,confirm_K3_i000022,Transformer,128,4,256,27,1.7524422481656077,16,35,201224,cpu,1.748578816652298,1.806103877723217,1.8089023157954216,1.7248623296618462,project://predictive_profile_confirmatory64_v1/runs/confirm_K3_i000022/transformer/d128/n256/seed4/DONE.json,1.768630795728476,1.7683012061830208,1.76828942732386,1.768289006696407,0.0595970472107948,-0.0434266770345608,69.38925701294218
done,confirm_K3_i000022,Transformer,128,5,256,16,1.7992129400372503,16,24,201224,cpu,1.767482966184616,1.7672416046261787,1.7376475185155869,1.7402756214141846,project://predictive_profile_confirmatory64_v1/runs/confirm_K3_i000022/transformer/d128/n256/seed5/DONE.json,1.768630795728476,1.7683012061830208,1.76828942732386,1.768289006696407,0.0190733693809761,-0.0280133852822224,79.60274384967988
done,confirm_K3_i000022,Transformer,256,1,256,18,1.8329819664359093,16,26,795656,cpu,1.7730436846613884,1.827890008687973,1.7843206152319908,1.8080011382699013,project://predictive_profile_confirmatory64_v1/runs/confirm_K3_i000022/transformer/d256/n256/seed1/DONE.json,1.768630795728476,1.7683012061830208,1.76828942732386,1.768289006696407,0.0234622338620935,0.0397121315734942,-102.2778683004642
done,confirm_K3_i000022,Transformer,256,2,256,11,1.7822654955089092,16,19,795656,cpu,1.7973119765520096,1.7587221935391426,1.8114706203341484,1.8031689003109928,project://predictive_profile_confirmatory64_v1/runs/confirm_K3_i000022/transformer/d256/n256/seed2/DONE.json,1.768630795728476,1.7683012061830208,1.76828942732386,1.768289006696407,0.0228250408412666,0.0348798936145862,-17.136078719455362
done,confirm_K3_i000022,Transformer,256,3,256,17,1.7657838463783264,16,25,795656,cpu,1.7976515144109726,1.8352047502994535,1.8350998163223269,1.7592670172452929,project://predictive_profile_confirmatory64_v1/runs/confirm_K3_i000022/transformer/d256/n256/seed3/DONE.json,1.768630795728476,1.7683012061830208,1.76828942732386,1.768289006696407,0.056926452355158,-0.0090219894511143,112.30464866968796
done,confirm_K3_i000022,Transformer,256,4,256,33,1.833326805382967,16,41,795656,cpu,1.8135124668478968,1.7893211618065834,1.806376814842224,1.816900156438351,project://predictive_profile_confirmatory64_v1/runs/confirm_K3_i000022/transformer/d256/n256/seed4/DONE.json,1.768630795728476,1.7683012061830208,1.76828942732386,1.768289006696407,0.0148823097586739,0.0486111497419436,-9.911639264564212
done,confirm_K3_i000022,Transformer,256,5,256,6,1.7942453809082508,16,14,795656,cpu,1.7595170065760612,1.7939302697777748,1.8010572716593742,1.809110276401043,project://predictive_profile_confirmatory64_v1/runs/confirm_K3_i000022/transformer/d256/n256/seed5/DONE.json,1.768630795728476,1.7683012061830208,1.76828942732386,1.768289006696407,0.0264063008092684,0.0408212697046359,-145.0990674707969
done,confirm_K3_i000150,GRU,8,1,256,48,1.2484216205775738,16,48,576,cpu,1.287652775645256,1.2346886545419693,1.2122573256492617,1.217228263616562,project://predictive_profile_confirmatory64_v1/runs/confirm_K3_i000150/gru/d8/n256/seed1/DONE.json,1.2046853887561575,1.1630733154742794,1.1502693216384334,1.1464078023903364,0.0075198393317949,0.0708204612262255,1.2084322021612923
done,confirm_K3_i000150,GRU,8,2,256,48,1.2293976582586763,16,48,576,cpu,1.2395372241735458,1.2161443829536438,1.2554230280220509,1.162426196038723,project://predictive_profile_confirmatory64_v1/runs/confirm_K3_i000150/gru/d8/n256/seed2/DONE.json,1.2046853887561575,1.1630733154742794,1.1502693216384334,1.1464078023903364,0.0491749507963622,0.0160183936483866,1.3231678410766718
done,confirm_K3_i000150,GRU,8,3,256,48,1.2247553337365389,16,48,576,cpu,1.2390682846307757,1.161856234073639,1.289711769670248,1.1272147558629513,project://predictive_profile_confirmatory64_v1/runs/confirm_K3_i000150/gru/d8/n256/seed3/DONE.json,1.2046853887561575,1.1630733154742794,1.1502693216384334,1.1464078023903364,0.0842002628566896,-0.019193046527385,1.9193232895009609
done,confirm_K3_i000150,GRU,8,4,256,48,1.252931922674179,16,48,576,cpu,1.2716121152043345,1.255464754998684,1.2469478398561478,1.2124008312821388,project://predictive_profile_confirmatory64_v1/runs/confirm_K3_i000150/gru/d8/n256/seed4/DONE.json,1.2046853887561575,1.1630733154742794,1.1502693216384334,1.1464078023903364,0.0202444259626255,0.0659930288918024,1.0160215550196825
done,confirm_K3_i000150,GRU,8,5,256,48,1.2678895816206932,16,48,576,cpu,1.3213181421160698,1.2101802118122578,1.1494548991322515,1.185932032763958,project://predictive_profile_confirmatory64_v1/runs/confirm_K3_i000150/gru/d8/n256/seed5/DONE.json,1.2046853887561575,1.1630733154742794,1.1502693216384334,1.1464078023903364,0.0436761607069909,0.0395242303736216,2.323124854592701
done,confirm_K3_i000150,GRU,32,1,256,47,1.177144207060337,16,48,6888,cpu,1.246616706252098,1.2078808173537254,1.2124150693416595,1.198238626122475,project://predictive_profile_confirmatory64_v1/runs/confirm_K3_i000150/gru/d32/n256/seed1/DONE.json,1.2046853887561575,1.1630733154742794,1.1502693216384334,1.1464078023903364,0.0079643727012292,0.0518308237321383,0.8301318422136366
done,confirm_K3_i000150,GRU,32,2,256,32,1.2202565874904394,16,40,6888,cpu,1.257166527211666,1.20292267203331,1.1012836806476116,1.2161386497318745,project://predictive_profile_confirmatory64_v1/runs/confirm_K3_i000150/gru/d32/n256/seed2/DONE.json,1.2046853887561575,1.1630733154742794,1.1502693216384334,1.1464078023903364,0.0618143602854652,0.0697308473415381,0.7040078362588782
done,confirm_K3_i000150,GRU,32,3,256,42,1.159114545211196,16,48,6888,cpu,1.222578413784504,1.204712562263012,1.1680858954787254,1.1977593079209328,project://predictive_profile_confirmatory64_v1/runs/confirm_K3_i000150/gru/d32/n256/seed3/DONE.json,1.2046853887561575,1.1630733154742794,1.1502693216384334,1.1464078023903364,0.0241784487243378,0.0513515055305964,0.4258773811903639
done,confirm_K3_i000150,GRU,32,4,256,36,1.1586404033005238,16,44,6888,cpu,1.2441008612513542,1.1832136884331703,1.2092937752604485,1.1825162023305893,project://predictive_profile_confirmatory64_v1/runs/confirm_K3_i000150/gru/d32/n256/seed4/DONE.json,1.2046853887561575,1.1630733154742794,1.1502693216384334,1.1464078023903364,0.0140628956024939,0.0361083999402529,1.056746903246551
done,confirm_K3_i000150,GRU,32,5,256,44,1.1341410856693983,16,48,6888,cpu,1.2192163690924644,1.1494403555989263,1.1670530289411545,1.1487718597054482,project://predictive_profile_confirmatory64_v1/runs/confirm_K3_i000150/gru/d32/n256/seed5/DONE.json,1.2046853887561575,1.1630733154742794,1.1502693216384334,1.1464078023903364,0.0123679513315753,0.0023640573151118,1.2087753419439975
done,confirm_K3_i000150,GRU,128,1,256,10,1.169277384877205,16,18,101256,cpu,1.3093098551034927,1.2683754228055475,1.2086555697023869,1.1945489011704922,project://predictive_profile_confirmatory64_v1/runs/confirm_K3_i000150/gru/d128/n256/seed1/DONE.json,1.2046853887561575,1.1630733154742794,1.1502693216384334,1.1464078023903364,0.0405052922287839,0.0481410987801558,1.969212541038007
done,confirm_K3_i000150,GRU,128,2,256,29,1.187935583293438,16,37,101256,cpu,1.2121989950537682,1.169268425554037,1.1916960552334783,1.1895864978432655,project://predictive_profile_confirmatory64_v1/runs/confirm_K3_i000150/gru/d128/n256/seed2/DONE.json,1.2046853887561575,1.1630733154742794,1.1502693216384334,1.1464078023903364,0.0257043456533275,0.0431786954529291,0.3880136193108451
done,confirm_K3_i000150,GRU,128,3,256,24,1.2016438972204924,16,32,101256,cpu,1.2424877248704431,1.2061980329453943,1.143069677054882,1.279477559030056,project://predictive_profile_confirmatory64_v1/runs/confirm_K3_i000150/gru/d128/n256/seed3/DONE.json,1.2046853887561575,1.1630733154742794,1.1502693216384334,1.1464078023903364,0.0959706939697565,0.1330697566397196,-0.6347180188180647
done,confirm_K3_i000150,GRU,128,4,256,34,1.1644667237997055,16,42,101256,cpu,1.1883678622543812,1.161901544779539,1.1976931989192965,1.2438219413161278,project://predictive_profile_confirmatory64_v1/runs/confirm_K3_i000150/gru/d128/n256/seed4/DONE.json,1.2046853887561575,1.1630733154742794,1.1502693216384334,1.1464078023903364,0.0792986436768692,0.0974141389257914,-0.9515507164907144
done,confirm_K3_i000150,GRU,128,5,256,13,1.1896413452923298,16,21,101256,cpu,1.2721143066883087,1.217211939394474,1.1460638828575611,1.1763564869761467,project://predictive_profile_confirmatory64_v1/runs/confirm_K3_i000150/gru/d128/n256/seed5/DONE.json,1.2046853887561575,1.1630733154742794,1.1502693216384334,1.1464078023903364,0.0280910359351694,0.0299486845858103,1.643132903807465
done,confirm_K3_i000150,GRU,256,1,256,14,1.1641276441514492,16,22,399112,cpu,1.2483293414115906,1.1789980977773666,1.1746291182935238,1.193602804094553,project://predictive_profile_confirmatory64_v1/runs/confirm_K3_i000150/gru/d256/n256/seed1/DONE.json,1.2046853887561575,1.1630733154742794,1.1502693216384334,1.1464078023903364,0.0194414708829944,0.0471950017042166,0.9390666417361068
done,confirm_K3_i000150,GRU,256,2,256,6,1.1883623078465462,16,14,399112,cpu,1.2830279022455215,1.2399626970291138,1.1983121186494827,1.258615918457508,project://predictive_profile_confirmatory64_v1/runs/confirm_K3_i000150/gru/d256/n256/seed2/DONE.json,1.2046853887561575,1.1630733154742794,1.1502693216384334,1.1464078023903364,0.0403468716726742,0.1122081160671717,0.4188914694368792
done,confirm_K3_i000150,GRU,256,3,256,8,1.2059932127594948,16,16,399112,cpu,1.2028762474656105,1.2356349378824234,1.2211288139224052,1.212159812450409,project://predictive_profile_confirmatory64_v1/runs/confirm_K3_i000150/gru/d256/n256/seed3/DONE.json,1.2046853887561575,1.1630733154742794,1.1502693216384334,1.1464078023903364,0.0340476370942969,0.0657520100600725,-0.1592990644211561
done,confirm_K3_i000150,GRU,256,4,256,8,1.1842039860785007,16,16,399112,cpu,1.227008491754532,1.1527269408106804,1.189940333366394,1.201601192355156,project://predictive_profile_confirmatory64_v1/runs/confirm_K3_i000150/gru/d256/n256/seed4/DONE.json,1.2046853887561575,1.1630733154742794,1.1502693216384334,1.1464078023903364,0.0374728593082149,0.0551933899648195,0.4359703444114645
done,confirm_K3_i000150,GRU,256,5,256,15,1.1903017610311508,16,23,399112,cpu,1.2087568454444408,1.2173997685313225,1.1485309191048143,1.2288654744625092,project://predictive_profile_confirmatory64_v1/runs/confirm_K3_i000150/gru/d256/n256/seed5/DONE.json,1.2046853887561575,1.1630733154742794,1.1502693216384334,1.1464078023903364,0.0592130543556713,0.0824576720721728,-0.3450491050168423
done,confirm_K3_i000150,Transformer,8,1,256,48,1.2409371808171272,16,48,1064,cpu,1.2893406301736832,1.2955403998494148,1.2145807296037674,1.233423352241516,project://predictive_profile_confirmatory64_v1/runs/confirm_K3_i000150/transformer/d8/n256/seed1/DONE.json,1.2046853887561575,1.1630733154742794,1.1502693216384334,1.1464078023903364,0.0254307447062454,0.0870155498511797,0.9594988643002832
done,confirm_K3_i000150,Transformer,8,2,256,48,1.2236627489328384,16,48,1064,cpu,1.237538181245327,1.2624439969658852,1.2366772443056109,1.2312894985079763,project://predictive_profile_confirmatory64_v1/runs/confirm_K3_i000150/transformer/d8/n256/seed2/DONE.json,1.2046853887561575,1.1630733154742794,1.1502693216384334,1.1464078023903364,0.0270151201988265,0.0848816961176401,0.1072227442318238
done,confirm_K3_i000150,Transformer,8,3,256,44,1.216490417718887,16,48,1064,cpu,1.2098817192018032,1.2000630050897598,1.2449527084827423,1.18607709556818,project://predictive_profile_confirmatory64_v1/runs/confirm_K3_i000150/transformer/d8/n256/seed3/DONE.json,1.2046853887561575,1.1630733154742794,1.1502693216384334,1.1464078023903364,0.0324889055553182,0.0396692931778437,0.4084696213085473
done,confirm_K3_i000150,Transformer,8,4,256,48,1.2155261263251305,16,48,1064,cpu,1.2859446555376053,1.2418480813503263,1.2793640717864037,1.3012495413422585,project://predictive_profile_confirmatory64_v1/runs/confirm_K3_i000150/transformer/d8/n256/seed4/DONE.json,1.2046853887561575,1.1630733154742794,1.1502693216384334,1.1464078023903364,0.0544597834096761,0.1548417389519221,-0.2626204473977535
done,confirm_K3_i000150,Transformer,8,5,256,48,1.212145857512951,16,48,1064,cpu,1.2696530669927597,1.2198434956371784,1.2322780266404152,1.286554265767336,project://predictive_profile_confirmatory64_v1/runs/confirm_K3_i000150/transformer/d8/n256/seed5/DONE.json,1.2046853887561575,1.1630733154742794,1.1502693216384334,1.1464078023903364,0.0632128414300762,0.1401464633769995,-0.2900119896607191
done,confirm_K3_i000150,Transformer,32,1,256,32,1.168896846473217,16,40,13448,cpu,1.2051511257886889,1.1826068945229051,1.18529636785388,1.1570323631167412,project://predictive_profile_confirmatory64_v1/runs/confirm_K3_i000150/transformer/d32/n256/seed1/DONE.json,1.2046853887561575,1.1630733154742794,1.1502693216384334,1.1464078023903364,0.0139468061249858,0.0106245607264048,0.8256821476767328
done,confirm_K3_i000150,Transformer,32,2,256,44,1.1571067683398724,16,48,13448,cpu,1.18257499858737,1.1926095858216286,1.271727718412876,1.1624567732214928,project://predictive_profile_confirmatory64_v1/runs/confirm_K3_i000150/transformer/d32/n256/seed2/DONE.json,1.2046853887561575,1.1630733154742794,1.1502693216384334,1.1464078023903364,0.0564561581181732,0.0160489708311564,0.3452137712016873
done,confirm_K3_i000150,Transformer,32,3,256,41,1.20577347651124,16,48,13448,cpu,1.2008874379098415,1.2369201257824898,1.1932405456900597,1.1872867532074451,project://predictive_profile_confirmatory64_v1/runs/confirm_K3_i000150/transformer/d32/n256/seed3/DONE.json,1.2046853887561575,1.1630733154742794,1.1502693216384334,1.1464078023903364,0.0277816617076634,0.0408789508171087,0.2333776250962406
done,confirm_K3_i000150,Transformer,32,4,256,11,1.2214856296777723,16,19,13448,cpu,1.2573295161128044,1.251754991710186,1.1903705522418022,1.2206046655774117,project://predictive_profile_confirmatory64_v1/runs/confirm_K3_i000150/transformer/d32/n256/seed4/DONE.json,1.2046853887561575,1.1630733154742794,1.1502693216384334,1.1464078023903364,0.0214291996591037,0.0741968631870753,0.6301710970811806
done,confirm_K3_i000150,Transformer,32,5,256,26,1.174714157357812,16,34,13448,cpu,1.1620166413486004,1.2180807404220104,1.17417898401618,1.2412686347961426,project://predictive_profile_confirmatory64_v1/runs/confirm_K3_i000150/transformer/d32/n256/seed5/DONE.json,1.2046853887561575,1.1630733154742794,1.1502693216384334,1.1464078023903364,0.079901107529887,0.0948608324058062,-1.3599052121009287
done,confirm_K3_i000150,Transformer,128,1,256,6,1.238479694351554,16,14,201224,cpu,1.26665298640728,1.2399606928229332,1.2185244634747503,1.1991235241293907,project://predictive_profile_confirmatory64_v1/runs/confirm_K3_i000150/transformer/d128/n256/seed1/DONE.json,1.2046853887561575,1.1630733154742794,1.1502693216384334,1.1464078023903364,0.0150942018649595,0.0527157217390543,1.1587553035225595
done,confirm_K3_i000150,Transformer,128,2,256,16,1.1748154610395432,16,24,201224,cpu,1.291196819394827,1.192170932888985,1.2156612053513527,1.173556972295046,project://predictive_profile_confirmatory64_v1/runs/confirm_K3_i000150/transformer/d128/n256/seed2/DONE.json,1.2046853887561575,1.1630733154742794,1.1502693216384334,1.1464078023903364,0.0353206016602297,0.0271491699047095,2.0186122047218977
done,confirm_K3_i000150,Transformer,128,3,256,20,1.2514990754425526,16,28,201224,cpu,1.2971269488334656,1.1927011795341969,1.2617295309901235,1.245294664055109,project://predictive_profile_confirmatory64_v1/runs/confirm_K3_i000150/transformer/d128/n256/seed3/DONE.json,1.2046853887561575,1.1630733154742794,1.1502693216384334,1.1464078023903364,0.0353427493760701,0.0988868616647726,0.889403422663972
done,confirm_K3_i000150,Transformer,128,4,256,8,1.17643029615283,16,16,201224,cpu,1.2839625105261805,1.1853019669651983,1.2733972296118736,1.2064829133450985,project://predictive_profile_confirmatory64_v1/runs/confirm_K3_i000150/transformer/d128/n256/seed4/DONE.json,1.2046853887561575,1.1630733154742794,1.1502693216384334,1.1464078023903364,0.0380023911260078,0.0600751109547621,1.329492211546398
done,confirm_K3_i000150,Transformer,128,5,256,32,1.1941084824502468,16,40,201224,cpu,1.239372320473194,1.184851560741663,1.1699568666517737,1.1589515581727028,project://predictive_profile_confirmatory64_v1/runs/confirm_K3_i000150/transformer/d128/n256/seed5/DONE.json,1.2046853887561575,1.1630733154742794,1.1502693216384334,1.1464078023903364,0.012516287000337,0.0125437557823664,1.3799604155819467
done,confirm_K3_i000150,Transformer,256,1,256,12,1.221653250977397,16,20,795656,cpu,1.2567465752363205,1.1956338062882423,1.2951845601201055,1.1843925192952156,project://predictive_profile_confirmatory64_v1/runs/confirm_K3_i000150/transformer/d256/n256/seed1/DONE.json,1.2046853887561575,1.1630733154742794,1.1502693216384334,1.1464078023903364,0.0539946887875888,0.0379847169048792,1.2415417393390775
done,confirm_K3_i000150,Transformer,256,2,256,23,1.2230807896703482,16,31,795656,cpu,1.2455356493592262,1.2392084673047066,1.240685097873211,1.1755182221531868,project://predictive_profile_confirmatory64_v1/runs/confirm_K3_i000150/transformer/d256/n256/seed2/DONE.json,1.2046853887561575,1.1630733154742794,1.1502693216384334,1.1464078023903364,0.0390752351916501,0.0291104197628504,1.2014469296398915
done,confirm_K3_i000150,Transformer,256,3,256,6,1.2085685525089502,16,14,795656,cpu,1.245160922408104,1.217842698097229,1.2789282873272896,1.2462413534522057,project://predictive_profile_confirmatory64_v1/runs/confirm_K3_i000150/transformer/d256/n256/seed3/DONE.json,1.2046853887561575,1.1630733154742794,1.1502693216384334,1.1464078023903364,0.0399532790780235,0.0998335510618693,-0.0185393924401675
done,confirm_K3_i000150,Transformer,256,4,256,12,1.1854683868587017,16,20,795656,cpu,1.3587551303207874,1.2117079719901085,1.2410168945789335,1.1627793982625008,project://predictive_profile_confirmatory64_v1/runs/confirm_K3_i000150/transformer/d256/n256/seed4/DONE.json,1.2046853887561575,1.1630733154742794,1.1502693216384334,1.1464078023903364,0.0798959798333274,0.0163715958721644,3.3627976771052968
done,confirm_K3_i000150,Transformer,256,5,256,4,1.212974924594164,16,12,795656,cpu,1.2654455304145813,1.227154105901718,1.313455767929554,1.246991045773029,project://predictive_profile_confirmatory64_v1/runs/confirm_K3_i000150/transformer/d256/n256/seed5/DONE.json,1.2046853887561575,1.1630733154742794,1.1502693216384334,1.1464078023903364,0.0413444963601136,0.1005832433826929,0.3166652188666349
done,confirm_K4_i000423,GRU,8,1,256,48,1.162895929068327,16,48,576,cpu,1.2754886150360107,1.1717743091285229,1.1848266907036304,1.19173926115036,project://predictive_profile_confirmatory64_v1/runs/confirm_K4_i000423/gru/d8/n256/seed1/DONE.json,1.1659071436205055,1.1652840971786282,1.1652308969993277,1.16522769180248,0.0428640039378468,0.0265115693478801,123.26018072778685
done,confirm_K4_i000423,GRU,8,2,256,48,1.2068305537104609,16,48,576,cpu,1.242780014872551,1.1989464610815048,1.1828174404799938,1.1860648542642591,project://predictive_profile_confirmatory64_v1/runs/confirm_K4_i000423/gru/d8/n256/seed2/DONE.json,1.1659071436205055,1.1652840971786282,1.1652308969993277,1.16522769180248,0.0287882483636665,0.0208371624617793,83.47193885374264
done,confirm_K4_i000423,GRU,8,3,256,48,1.1799147464334965,16,48,576,cpu,1.2409093901515007,1.1925074942409992,1.204626090824604,1.2391624599695206,project://predictive_profile_confirmatory64_v1/runs/confirm_K4_i000423/gru/d8/n256/seed3/DONE.json,1.1659071436205055,1.1652840971786282,1.1652308969993277,1.16522769180248,0.0290519960426385,0.0739347681670405,2.571087655717309
done,confirm_K4_i000423,GRU,8,4,256,48,1.2455595713108778,16,48,576,cpu,1.1557279042899609,1.1231571733951569,1.1591725312173369,1.1587375849485395,project://predictive_profile_confirmatory64_v1/runs/confirm_K4_i000423/gru/d8/n256/seed4/DONE.json,1.1659071436205055,1.1652840971786282,1.1652308969993277,1.16522769180248,0.0179149296653103,-0.0064901068539402,-4.429571867693154
done,confirm_K4_i000423,GRU,8,5,256,48,1.2735341377556324,16,48,576,cpu,1.238094940781593,1.2061424367129805,1.2563562355935574,1.207846313714981,project://predictive_profile_confirmatory64_v1/runs/confirm_K4_i000423/gru/d8/n256/seed5/DONE.json,1.1659071436205055,1.1652840971786282,1.1652308969993277,1.16522769180248,0.0284180236917257,0.0426186219125011,44.51916422052388
done,confirm_K4_i000423,GRU,32,1,256,41,1.1810124143958092,16,48,6888,cpu,1.223014671355486,1.172575619071722,1.1531825847923756,1.2325448840856552,project://predictive_profile_confirmatory64_v1/runs/confirm_K4_i000423/gru/d32/n256/seed1/DONE.json,1.1659071436205055,1.1652840971786282,1.1652308969993277,1.16522769180248,0.0500155017443037,0.0673171922831752,-14.02632604305012
done,confirm_K4_i000423,GRU,32,2,256,47,1.159014968201518,16,48,6888,cpu,1.2040414474904535,1.1153532043099403,1.1434093043208122,1.160511914640665,project://predictive_profile_confirmatory64_v1/runs/confirm_K4_i000423/gru/d32/n256/seed2/DONE.json,1.1659071436205055,1.1652840971786282,1.1652308969993277,1.16522769180248,0.0322999421721849,-0.0047157771618149,64.06566543052921
done,confirm_K4_i000423,GRU,32,3,256,18,1.2092613708227873,16,26,6888,cpu,1.225156620144844,1.191401269286871,1.1854986660182476,1.172772042453289,project://predictive_profile_confirmatory64_v1/runs/confirm_K4_i000423/gru/d32/n256/seed3/DONE.json,1.1659071436205055,1.1652840971786282,1.1652308969993277,1.16522769180248,0.0281968753298003,0.007544350650809,77.09829645284195
done,confirm_K4_i000423,GRU,32,4,256,47,1.2074931152164936,16,48,6888,cpu,1.1605458073318005,1.1014183200895786,1.127524185925722,1.1832563616335392,project://predictive_profile_confirmatory64_v1/runs/confirm_K4_i000423/gru/d32/n256/seed4/DONE.json,1.1659071436205055,1.1652840971786282,1.1652308969993277,1.16522769180248,0.0508925964832341,0.0180286698310592,-33.42481939004139
done,confirm_K4_i000423,GRU,32,5,256,41,1.1493595018982887,16,48,6888,cpu,1.2149221450090408,1.1898179948329926,1.1564023979008198,1.1947946101427078,project://predictive_profile_confirmatory64_v1/runs/confirm_K4_i000423/gru/d32/n256/seed5/DONE.json,1.1659071436205055,1.1652840971786282,1.1652308969993277,1.16522769180248,0.0216666062857855,0.0295669183402278,29.62319671882402
done,confirm_K4_i000423,GRU,128,1,256,11,1.2188300248235464,16,19,101256,cpu,1.1642887219786644,1.1851165369153025,1.2830890342593193,1.1524249166250229,project://predictive_profile_confirmatory64_v1/runs/confirm_K4_i000423/gru/d128/n256/seed1/DONE.json,1.1659071436205055,1.1652840971786282,1.1652308969993277,1.16522769180248,0.0675692627151721,-0.012802775177457,17.460848641361157
done,confirm_K4_i000423,GRU,128,2,256,34,1.1228487007319927,16,42,101256,cpu,1.1324228346347809,1.1305253989994526,1.2243542522192,1.2495976276695728,project://predictive_profile_confirmatory64_v1/runs/confirm_K4_i000423/gru/d128/n256/seed2/DONE.json,1.1659071436205055,1.1652840971786282,1.1652308969993277,1.16522769180248,0.0847328807399084,0.0843699358670928,-172.45489661842146
done,confirm_K4_i000423,GRU,128,3,256,11,1.22834625095129,16,19,101256,cpu,1.2352350950241089,1.188962455838919,1.2477799765765667,1.2369126752018929,project://predictive_profile_confirmatory64_v1/runs/confirm_K4_i000423/gru/d128/n256/seed3/DONE.json,1.1659071436205055,1.1652840971786282,1.1652308969993277,1.16522769180248,0.0246384871919586,0.0716849833994128,-2.469020073651378
done,confirm_K4_i000423,GRU,128,4,256,8,1.196341957896948,16,16,101256,cpu,1.1599227413535118,1.240742675960064,1.0913816653192043,1.226950317621231,project://predictive_profile_confirmatory64_v1/runs/confirm_K4_i000423/gru/d128/n256/seed4/DONE.json,1.1659071436205055,1.1652840971786282,1.1652308969993277,1.16522769180248,0.0760799687856337,0.0617226258187511,-98.6494913833616
done,confirm_K4_i000423,GRU,128,5,256,10,1.187206221744418,16,18,101256,cpu,1.1743021830916405,1.1761419549584389,1.140862725675106,1.185301747173071,project://predictive_profile_confirmatory64_v1/runs/confirm_K4_i000423/gru/d128/n256/seed5/DONE.json,1.1659071436205055,1.1652840971786282,1.1652308969993277,1.16522769180248,0.0234331454568372,0.0200740553705909,-16.18888019667801
done,confirm_K4_i000423,GRU,256,1,256,24,1.155185816809535,16,32,399112,cpu,1.119606826454401,1.1892308965325356,1.2551323473453522,1.1748821660876274,project://predictive_profile_confirmatory64_v1/runs/confirm_K4_i000423/gru/d256/n256/seed1/DONE.json,1.1659071436205055,1.1652840971786282,1.1652308969993277,1.16522769180248,0.0494337597425564,0.0096544742851474,-81.3528467608709
done,confirm_K4_i000423,GRU,256,2,256,18,1.2208747118711472,16,26,399112,cpu,1.235818475484848,1.218291807919741,1.236596867442131,1.22380393743515,project://predictive_profile_confirmatory64_v1/runs/confirm_K4_i000423/gru/d256/n256/seed2/DONE.json,1.1659071436205055,1.1652840971786282,1.1652308969993277,1.16522769180248,0.0089870715674918,0.0585762456326701,17.682693210847173
done,confirm_K4_i000423,GRU,256,3,256,43,1.201365353539586,16,48,399112,cpu,1.2358938306570053,1.1731077954173088,1.1849591322243214,1.2294928580522535,project://predictive_profile_confirmatory64_v1/runs/confirm_K4_i000423/gru/d256/n256/seed3/DONE.json,1.1659071436205055,1.1652840971786282,1.1652308969993277,1.16522769180248,0.0360621454452803,0.0642651662497737,9.420789576150694
done,confirm_K4_i000423,GRU,256,4,256,9,1.1080469619482756,16,17,399112,cpu,1.1526354104280472,1.226985964924097,1.1457328982651234,1.252672716975212,project://predictive_profile_confirmatory64_v1/runs/confirm_K4_i000423/gru/d256/n256/seed4/DONE.json,1.1659071436205055,1.1652840971786282,1.1652308969993277,1.16522769180248,0.074571083424268,0.0874450251727321,-147.23237747434436
done,confirm_K4_i000423,GRU,256,5,256,21,1.1785263642668724,16,29,399112,cpu,1.2508863657712936,1.1783458404242992,1.1045161560177803,1.2011200301349163,project://predictive_profile_confirmatory64_v1/runs/confirm_K4_i000423/gru/d256/n256/seed5/DONE.json,1.1659071436205055,1.1652840971786282,1.1652308969993277,1.16522769180248,0.0553707639657214,0.0358923383324363,73.24483402075042
done,confirm_K4_i000423,Transformer,8,1,256,48,1.190181789919734,16,48,1064,cpu,1.2455367967486382,1.1035085320472715,1.1365002244710922,1.1650760807096958,project://predictive_profile_confirmatory64_v1/runs/confirm_K4_i000423/transformer/d8/n256/seed1/DONE.json,1.1659071436205055,1.1652840971786282,1.1652308969993277,1.16522769180248,0.0523911361409712,-0.0001516110927841,118.4200467264312
done,confirm_K4_i000423,Transformer,8,2,256,48,1.1744760014116764,16,48,1064,cpu,1.2206709161400795,1.1549088209867475,1.1324942037463188,1.1966004893183708,project://predictive_profile_confirmatory64_v1/runs/confirm_K4_i000423/transformer/d8/n256/seed2/DONE.json,1.1659071436205055,1.1652840971786282,1.1652308969993277,1.16522769180248,0.0400002068012781,0.0313727975158908,35.42624536888665
done,confirm_K4_i000423,Transformer,8,3,256,41,1.2277864087373018,16,48,1064,cpu,1.1548386998474598,1.1345892660319803,1.1564712971448898,1.1623301543295383,project://predictive_profile_confirmatory64_v1/runs/confirm_K4_i000423/transformer/d8/n256/seed3/DONE.json,1.1659071436205055,1.1652840971786282,1.1652308969993277,1.16522769180248,0.014780198076412,-0.0028975374729416,-11.02573322100821
done,confirm_K4_i000423,Transformer,8,4,256,46,1.2243154607713225,16,48,1064,cpu,1.1758233979344368,1.1449147947132587,1.1909824647009373,1.2062233686447144,project://predictive_profile_confirmatory64_v1/runs/confirm_K4_i000423/transformer/d8/n256/seed4/DONE.json,1.1659071436205055,1.1652840971786282,1.1652308969993277,1.16522769180248,0.0352277378411058,0.0409956768422343,-44.74190796724769
done,confirm_K4_i000423,Transformer,8,5,256,42,1.1872332207858562,16,48,1064,cpu,1.1752592474222183,1.150879681110382,1.1626861169934273,1.2169487662613392,project://predictive_profile_confirmatory64_v1/runs/confirm_K4_i000423/transformer/d8/n256/seed5/DONE.json,1.1659071436205055,1.1652840971786282,1.1652308969993277,1.16522769180248,0.047729689745448,0.0517210744588592,-61.357579350172806
done,confirm_K4_i000423,Transformer,32,1,256,5,1.242078509181738,16,13,13448,cpu,1.236522350460291,1.1927922740578651,1.1668397970497608,1.2041803896427157,project://predictive_profile_confirmatory64_v1/runs/confirm_K4_i000423/transformer/d32/n256/seed1/DONE.json,1.1659071436205055,1.1652840971786282,1.1652308969993277,1.16522769180248,0.025139862616664,0.0389526978402354,47.60007988728355
done,confirm_K4_i000423,Transformer,32,2,256,27,1.1689930204302073,16,35,13448,cpu,1.1535647995769978,1.1240722946822643,1.1893287971615791,1.187047827988863,project://predictive_profile_confirmatory64_v1/runs/confirm_K4_i000423/transformer/d32/n256/seed2/DONE.json,1.1659071436205055,1.1652840971786282,1.1652308969993277,1.16522769180248,0.0358653333955402,0.021820136186383,-49.27947431087298
done,confirm_K4_i000423,Transformer,32,3,256,30,1.1709457840770483,16,38,13448,cpu,1.1672923117876053,1.145737800747156,1.211693588644266,1.1710114255547523,project://predictive_profile_confirmatory64_v1/runs/confirm_K4_i000423/transformer/d32/n256/seed3/DONE.json,1.1659071436205055,1.1652840971786282,1.1652308969993277,1.16522769180248,0.0240610443640221,0.0057837337522723,-5.47369757277962
done,confirm_K4_i000423,Transformer,32,4,256,26,1.1654474884271622,16,34,13448,cpu,1.160455871373415,1.1831526681780815,1.1607968360185623,1.2063039727509022,project://predictive_profile_confirmatory64_v1/runs/confirm_K4_i000423/transformer/d32/n256/seed4/DONE.json,1.1659071436205055,1.1652840971786282,1.1652308969993277,1.16522769180248,0.0345492482912013,0.0410762809484221,-67.47807594469371
done,confirm_K4_i000423,Transformer,32,5,256,21,1.1472874730825424,16,29,13448,cpu,1.2031616643071177,1.2467515766620636,1.1660232208669186,1.1635327376425266,project://predictive_profile_confirmatory64_v1/runs/confirm_K4_i000423/transformer/d32/n256/seed5/DONE.json,1.1659071436205055,1.1652840971786282,1.1652308969993277,1.16522769180248,0.0459326640646407,-0.0016949541599533,58.32485190745576
done,confirm_K4_i000423,Transformer,128,1,256,9,1.2178391423076391,16,17,201224,cpu,1.1594210155308249,1.125027183443308,1.1253905594348907,1.1785492710769176,project://predictive_profile_confirmatory64_v1/runs/confirm_K4_i000423/transformer/d128/n256/seed1/DONE.json,1.1659071436205055,1.1652840971786282,1.1652308969993277,1.16522769180248,0.0390166297436191,0.0133215792744376,-28.152482690647755
done,confirm_K4_i000423,Transformer,128,2,256,11,1.188279379159212,16,19,201224,cpu,1.2133855856955051,1.1791600696742537,1.2118093222379684,1.2490674145519731,project://predictive_profile_confirmatory64_v1/runs/confirm_K4_i000423/transformer/d128/n256/seed2/DONE.json,1.1659071436205055,1.1652840971786282,1.1652308969993277,1.16522769180248,0.0436046825870433,0.0838397227494933,-52.51561318970123
done,confirm_K4_i000423,Transformer,128,3,256,5,1.1500624902546406,16,13,201224,cpu,1.1364635601639748,1.2078882046043873,1.163331389427185,1.147651381790638,project://predictive_profile_confirmatory64_v1/runs/confirm_K4_i000423/transformer/d128/n256/seed3/DONE.json,1.1659071436205055,1.1652840971786282,1.1652308969993277,1.16522769180248,0.0316554772381822,-0.017576310011842,-16.46595289004403
done,confirm_K4_i000423,Transformer,128,4,256,8,1.1710989121347666,16,16,201224,cpu,1.1551746800541878,1.2080326564610004,1.170812737196684,1.2881798669695854,project://predictive_profile_confirmatory64_v1/runs/confirm_K4_i000423/transformer/d128/n256/seed4/DONE.json,1.1659071436205055,1.1652840971786282,1.1652308969993277,1.16522769180248,0.0975704849905734,0.1229521751671054,-195.7536699245381
done,confirm_K4_i000423,Transformer,128,5,256,11,1.151046423241496,16,19,201224,cpu,1.1729909852147102,1.1280904561281204,1.1515216901898384,1.1771089397370815,project://predictive_profile_confirmatory64_v1/runs/confirm_K4_i000423/transformer/d128/n256/seed5/DONE.json,1.1659071436205055,1.1652840971786282,1.1652308969993277,1.16522769180248,0.0277769293232038,0.0118812479346015,-6.060701308207464
done,confirm_K4_i000423,Transformer,256,1,256,10,1.158645998686552,16,18,795656,cpu,1.1171707808971405,1.2058462798595428,1.210997834801674,1.1599510349333286,project://predictive_profile_confirmatory64_v1/runs/confirm_K4_i000423/transformer/d256/n256/seed1/DONE.json,1.1659071436205055,1.1652840971786282,1.1652308969993277,1.16522769180248,0.0406060149522813,-0.0052766568691513,-62.96289582461673
done,confirm_K4_i000423,Transformer,256,2,256,15,1.2036352641880512,16,23,795656,cpu,1.198335736989975,1.236428700387478,1.1546370647847652,1.2063860446214676,project://predictive_profile_confirmatory64_v1/runs/confirm_K4_i000423/transformer/d256/n256/seed2/DONE.json,1.1659071436205055,1.1652840971786282,1.1652308969993277,1.16522769180248,0.0302228083086133,0.0411583528189876,-11.848239150918108
done,confirm_K4_i000423,Transformer,256,3,256,14,1.1574796736240387,16,22,795656,cpu,1.204309094697237,1.1179553158581257,1.1737284287810326,1.2449679151177406,project://predictive_profile_confirmatory64_v1/runs/confirm_K4_i000423/transformer/d256/n256/seed3/DONE.json,1.1659071436205055,1.1652840971786282,1.1652308969993277,1.16522769180248,0.0757147703353443,0.0797402233152606,-59.84062348770647
done,confirm_K4_i000423,Transformer,256,4,256,15,1.1855900213122368,16,23,795656,cpu,1.1611587293446064,1.2182172909379003,1.1403893120586872,1.2196689695119858,project://predictive_profile_confirmatory64_v1/runs/confirm_K4_i000423/transformer/d256/n256/seed4/DONE.json,1.1659071436205055,1.1652840971786282,1.1652308969993277,1.16522769180248,0.0494759190529342,0.0544412777095058,-86.11389154481674
done,confirm_K4_i000423,Transformer,256,5,256,10,1.1842539943754673,16,18,795656,cpu,1.2256832011044023,1.167869247496128,1.206716988235712,1.2290206030011177,project://predictive_profile_confirmatory64_v1/runs/confirm_K4_i000423/transformer/d256/n256/seed5/DONE.json,1.1659071436205055,1.1652840971786282,1.1652308969993277,1.16522769180248,0.0326347947851544,0.0637929111986377,-4.911903696738279
done,confirm_K4_i000373,GRU,8,1,256,48,1.9662896022200584,16,48,576,cpu,1.988241896033287,1.9999479353427887,2.0008910819888115,1.9766948595643044,project://predictive_profile_confirmatory64_v1/runs/confirm_K4_i000373/gru/d8/n256/seed1/DONE.json,1.9683485060948225,1.968173948236204,1.9681637927149251,1.9681631215316773,0.0177109710060862,0.008531738032627,62.28693626422378
done,confirm_K4_i000373,GRU,8,2,256,38,1.9731405191123488,16,46,576,cpu,1.97700547426939,1.957080751657486,1.9767595529556277,1.9879505783319475,project://predictive_profile_confirmatory64_v1/runs/confirm_K4_i000373/gru/d8/n256/seed2/DONE.json,1.9683485060948225,1.968173948236204,1.9681637927149251,1.9681631215316773,0.0173403907254243,0.01978745680027,-59.0399970573454
done,confirm_K4_i000373,GRU,8,3,256,48,1.9787594228982923,16,48,576,cpu,1.990542620420456,1.9871267303824425,1.964146465063095,1.9916327744722369,project://predictive_profile_confirmatory64_v1/runs/confirm_K4_i000373/gru/d8/n256/seed3/DONE.json,1.9683485060948225,1.968173948236204,1.9681637927149251,1.9681631215316773,0.0139424103244127,0.0234696529405593,-5.880500691571131
done,confirm_K4_i000373,GRU,8,4,256,24,1.9878185614943504,16,32,576,cpu,1.991761073470116,1.9559685587883,1.995271876454353,1.9645986109972,project://predictive_profile_confirmatory64_v1/runs/confirm_K4_i000373/gru/d8/n256/seed4/DONE.json,1.9683485060948225,1.968173948236204,1.9681637927149251,1.9681631215316773,0.0208760362643267,-0.0035645105344772,146.5195484031343
done,confirm_K4_i000373,GRU,8,5,256,35,1.985345121473074,16,43,576,cpu,1.976401582360268,1.9569104835391045,1.9743269756436348,2.0022503659129143,project://predictive_profile_confirmatory64_v1/runs/confirm_K4_i000373/gru/d8/n256/seed5/DONE.json,1.9683485060948225,1.968173948236204,1.9681637927149251,1.9681631215316773,0.0296404197481823,0.034087244381237,-139.4333115666745
done,confirm_K4_i000373,GRU,32,1,256,13,1.9714008271694183,16,21,6888,cpu,1.979879692196846,1.949609637260437,1.9831056743860245,1.96784345805645,project://predictive_profile_confirmatory64_v1/runs/confirm_K4_i000373/gru/d32/n256/seed1/DONE.json,1.9683485060948225,1.968173948236204,1.9681637927149251,1.9681631215316773,0.0132874429290866,-0.0003196634752273,64.92576262125347
done,confirm_K4_i000373,GRU,32,2,256,14,2.0094142332673077,16,22,6888,cpu,1.996424823999405,1.9895751178264616,2.021558828651905,1.95969008654356,project://predictive_profile_confirmatory64_v1/runs/confirm_K4_i000373/gru/d32/n256/seed2/DONE.json,1.9683485060948225,1.968173948236204,1.9681637927149251,1.9681631215316773,0.0389100934721909,-0.0084730349881172,198.15424128445548
done,confirm_K4_i000373,GRU,32,3,256,19,1.97143030166626,16,27,6888,cpu,1.9756080582737925,2.015765130519867,2.0064423456788063,1.986122414469719,project://predictive_profile_confirmatory64_v1/runs/confirm_K4_i000373/gru/d32/n256/seed3/DONE.json,1.9683485060948225,1.968173948236204,1.9681637927149251,1.9681631215316773,0.0187443701314565,0.0179592929380416,-56.71646019255437
done,confirm_K4_i000373,GRU,32,4,256,36,1.9410279244184492,16,44,6888,cpu,1.937735952436924,1.9357755184173584,1.9502897039055824,2.0082392022013664,project://predictive_profile_confirmatory64_v1/runs/confirm_K4_i000373/gru/d32/n256/seed4/DONE.json,1.9683485060948225,1.968173948236204,1.9681637927149251,1.9681631215316773,0.0583259372755822,0.0400760806696891,-380.3080934484453
done,confirm_K4_i000373,GRU,32,5,256,34,1.948270320892334,16,42,6888,cpu,1.996596686542034,2.0145872831344604,2.0015591084957123,2.006617605686188,project://predictive_profile_confirmatory64_v1/runs/confirm_K4_i000373/gru/d32/n256/seed5/DONE.json,1.9683485060948225,1.968173948236204,1.9681637927149251,1.9681631215316773,0.0069481494867433,0.0384544841545104,-54.05476580224441
done,confirm_K4_i000373,GRU,128,1,256,20,1.975105334073305,16,28,101256,cpu,2.024533227086067,2.063542559742928,1.9839090034365652,1.9818501994013784,project://predictive_profile_confirmatory64_v1/runs/confirm_K4_i000373/gru/d128/n256/seed1/DONE.json,1.9683485060948225,1.968173948236204,1.9681637927149251,1.9681631215316773,0.0460493173646969,0.0136870778697013,230.24046317873285
done,confirm_K4_i000373,GRU,128,2,256,15,1.9737300351262093,16,23,101256,cpu,1.9809777215123177,1.9803735464811325,2.011731676757336,1.983875632286072,project://predictive_profile_confirmatory64_v1/runs/confirm_K4_i000373/gru/d128/n256/seed2/DONE.json,1.9683485060948225,1.968173948236204,1.9681637927149251,1.9681631215316773,0.0141224031723394,0.0157125107543945,-15.631888246745328
done,confirm_K4_i000373,GRU,128,3,256,12,1.9674708358943465,16,20,101256,cpu,2.00653088837862,2.006287463009357,2.0058375149965286,1.9874201342463491,project://predictive_profile_confirmatory64_v1/runs/confirm_K4_i000373/gru/d128/n256/seed3/DONE.json,1.9683485060948225,1.968173948236204,1.9681637927149251,1.9681631215316773,0.0162243064141599,0.019257012714672,103.08708453424278
done,confirm_K4_i000373,GRU,128,4,256,7,1.9634795226156712,16,15,101256,cpu,1.9703195542097087,1.9885284900665283,2.017657049000263,1.9692290797829628,project://predictive_profile_confirmatory64_v1/runs/confirm_K4_i000373/gru/d128/n256/seed4/DONE.json,1.9683485060948225,1.968173948236204,1.9681637927149251,1.9681631215316773,0.0260675652824812,0.0010659582512855,5.882228855773332
done,confirm_K4_i000373,GRU,128,5,256,19,1.96783010661602,16,27,101256,cpu,1.9931670799851415,1.9767221510410309,1.93966456502676,2.0064943954348564,project://predictive_profile_confirmatory64_v1/runs/confirm_K4_i000373/gru/d128/n256/seed5/DONE.json,1.9683485060948225,1.968173948236204,1.9681637927149251,1.9681631215316773,0.0372019499779169,0.0383312739031791,-71.89010359666042
done,confirm_K4_i000373,GRU,256,1,256,28,1.9588711373507977,16,36,399112,cpu,1.9793867841362955,1.997343562543392,2.028421439230442,1.9570927992463112,project://predictive_profile_confirmatory64_v1/runs/confirm_K4_i000373/gru/d256/n256/seed1/DONE.json,1.9683485060948225,1.968173948236204,1.9681637927149251,1.9681631215316773,0.0424138003444763,-0.011070322285366,120.25804366757563
done,confirm_K4_i000373,GRU,256,2,256,21,1.9881443567574024,16,29,399112,cpu,1.992057487368584,2.0066477060317998,1.9583146423101423,1.9688782393932345,project://predictive_profile_confirmatory64_v1/runs/confirm_K4_i000373/gru/d256/n256/seed2/DONE.json,1.9683485060948225,1.968173948236204,1.9681637927149251,1.9681631215316773,0.0227268366050505,0.0007151178615569,125.03332306704186
done,confirm_K4_i000373,GRU,256,3,256,6,1.9994020126760008,16,14,399112,cpu,2.0362216159701347,2.0036161318421364,1.9820627197623253,1.9778421446681025,project://predictive_profile_confirmatory64_v1/runs/confirm_K4_i000373/gru/d256/n256/seed3/DONE.json,1.9683485060948225,1.968173948236204,1.9681637927149251,1.9681631215316773,0.0318908284533681,0.0096790231364249,314.9100999114743
done,confirm_K4_i000373,GRU,256,4,256,27,1.97271778434515,16,35,399112,cpu,2.0088915526866917,2.000648021697998,1.979622982442379,1.9606584757566448,project://predictive_profile_confirmatory64_v1/runs/confirm_K4_i000373/gru/d256/n256/seed4/DONE.json,1.9683485060948225,1.968173948236204,1.9681637927149251,1.9681631215316773,0.0326592475057474,-0.007504645775032,260.1784965899448
done,confirm_K4_i000373,GRU,256,5,256,15,1.9966002963483331,16,23,399112,cpu,1.9753051176667211,1.984760470688343,2.031899280846119,2.008674696087837,project://predictive_profile_confirmatory64_v1/runs/confirm_K4_i000373/gru/d256/n256/seed5/DONE.json,1.9683485060948225,1.968173948236204,1.9681637927149251,1.9681631215316773,0.0236521342630842,0.0405115745561599,-180.0019260234638
done,confirm_K4_i000373,Transformer,8,1,256,48,1.9733345583081243,16,48,1064,cpu,1.9717858210206032,1.9732139855623243,1.997457042336464,2.007975161075592,project://predictive_profile_confirmatory64_v1/runs/confirm_K4_i000373/transformer/d8/n256/seed1/DONE.json,1.9683485060948225,1.968173948236204,1.9681637927149251,1.9681631215316773,0.0257043657318676,0.0398120395439147,-195.2122627744677
done,confirm_K4_i000373,Transformer,8,2,256,45,1.990774981677532,16,48,1064,cpu,1.993855744600296,1.9723859801888464,1.977789431810379,1.995221130549908,project://predictive_profile_confirmatory64_v1/runs/confirm_K4_i000373/transformer/d8/n256/seed2/DONE.json,1.9683485060948225,1.968173948236204,1.9681637927149251,1.9681631215316773,0.014389502062173,0.0270580090182304,-7.365154500721947
done,confirm_K4_i000373,Transformer,8,3,256,41,1.9586438871920109,16,48,1064,cpu,1.9466040059924128,2.00207556784153,1.9769562408328056,1.9949424117803571,project://predictive_profile_confirmatory64_v1/runs/confirm_K4_i000373/transformer/d8/n256/seed3/DONE.json,1.9683485060948225,1.968173948236204,1.9681637927149251,1.9681631215316773,0.0261190174745307,0.02677929024868,-260.74666071381705
done,confirm_K4_i000373,Transformer,8,4,256,24,1.9605268761515615,16,32,1064,cpu,1.9616774097085,1.9996749982237816,1.9713753014802933,1.9671231135725973,project://predictive_profile_confirmatory64_v1/runs/confirm_K4_i000373/transformer/d8/n256/seed4/DONE.json,1.9683485060948225,1.968173948236204,1.9681637927149251,1.9681631215316773,0.0166486110803679,-0.0010400079590797,-29.375174349541787
done,confirm_K4_i000373,Transformer,8,5,256,47,1.971510648727417,16,48,1064,cpu,1.9852208271622656,1.9944364801049232,1.983782209455967,1.9943647235631945,project://predictive_profile_confirmatory64_v1/runs/confirm_K4_i000373/transformer/d8/n256/seed5/DONE.json,1.9683485060948225,1.968173948236204,1.9681637927149251,1.9681631215316773,0.0070541301137032,0.026201602031517,-49.32393639365339
done,confirm_K4_i000373,Transformer,32,1,256,11,1.9948380291461945,16,19,13448,cpu,2.010232627391815,2.001345932483673,1.9656729847192764,2.0031632632017136,project://predictive_profile_confirmatory64_v1/runs/confirm_K4_i000373/transformer/d32/n256/seed1/DONE.json,1.9683485060948225,1.968173948236204,1.9681637927149251,1.9681631215316773,0.0190807667685354,0.0350001416700362,38.13351052629344
done,confirm_K4_i000373,Transformer,32,2,256,12,1.98762147128582,16,20,13448,cpu,1.9702390730381008,1.9779061153531077,1.997907854616642,1.942320927977562,project://predictive_profile_confirmatory64_v1/runs/confirm_K4_i000373/transformer/d32/n256/seed2/DONE.json,1.9683485060948225,1.968173948236204,1.9681637927149251,1.9681631215316773,0.0357927120289821,-0.0258421935541153,150.59584566760822
done,confirm_K4_i000373,Transformer,32,3,256,5,1.9674369879066944,16,13,13448,cpu,1.940634861588478,2.0084462016820908,2.0176220312714577,1.9961008951067924,project://predictive_profile_confirmatory64_v1/runs/confirm_K4_i000373/transformer/d32/n256/seed3/DONE.json,1.9683485060948225,1.968173948236204,1.9681637927149251,1.9681631215316773,0.0304645291329779,0.0279377735751151,-299.19445598572
done,confirm_K4_i000373,Transformer,32,4,256,16,1.9787714965641496,16,24,13448,cpu,1.969691552221775,2.0020686760544777,2.006742440164089,1.9744011387228968,project://predictive_profile_confirmatory64_v1/runs/confirm_K4_i000373/transformer/d32/n256/seed4/DONE.json,1.9683485060948225,1.968173948236204,1.9681637927149251,1.9681631215316773,0.0214171120246738,0.0062380171912193,-25.404415670997604
done,confirm_K4_i000373,Transformer,32,5,256,6,1.9660984575748444,16,14,13448,cpu,2.0242515951395035,2.003251239657402,1.9705504849553108,1.980002537369728,project://predictive_profile_confirmatory64_v1/runs/confirm_K4_i000373/transformer/d32/n256/seed5/DONE.json,1.9683485060948225,1.968173948236204,1.9681637927149251,1.9681631215316773,0.0253523181459428,0.0118394158380508,238.68793074841423
done,confirm_K4_i000373,Transformer,128,1,256,21,1.978032659739256,16,29,201224,cpu,1.959477573633194,1.9676921218633647,1.96694166213274,1.9625925421714785,project://predictive_profile_confirmatory64_v1/runs/confirm_K4_i000373/transformer/d128/n256/seed1/DONE.json,1.9683485060948225,1.968173948236204,1.9681637927149251,1.9681631215316773,0.0037315125731896,-0.005570579360199,-16.802739588668686
done,confirm_K4_i000373,Transformer,128,2,256,40,1.9764194451272488,16,48,201224,cpu,2.0331824347376823,2.033492997288704,1.964770920574665,2.0106818974018097,project://predictive_profile_confirmatory64_v1/runs/confirm_K4_i000373/transformer/d128/n256/seed2/DONE.json,1.9683485060948225,1.968173948236204,1.9681637927149251,1.9681631215316773,0.0279539707532354,0.0425187758701324,121.3722272996129
done,confirm_K4_i000373,Transformer,128,3,256,17,1.982053887099028,16,25,201224,cpu,2.003140516579151,2.0035480931401253,1.970310099422932,1.9990256428718567,project://predictive_profile_confirmatory64_v1/runs/confirm_K4_i000373/transformer/d128/n256/seed3/DONE.json,1.9683485060948225,1.968173948236204,1.9681637927149251,1.9681631215316773,0.0146664294812671,0.0308625213401794,22.19642044346648
done,confirm_K4_i000373,Transformer,128,4,256,6,2.0063278041779995,16,14,201224,cpu,2.0111025497317314,2.0324206054210663,2.0434685051441197,2.047820925712585,project://predictive_profile_confirmatory64_v1/runs/confirm_K4_i000373/transformer/d128/n256/seed4/DONE.json,1.9683485060948225,1.968173948236204,1.9681637927149251,1.9681631215316773,0.0201143008940243,0.0796578041809081,-198.06598434054777
done,confirm_K4_i000373,Transformer,128,5,256,9,1.9882256351411345,16,17,201224,cpu,2.0046863183379173,2.026318244636059,2.0532023534178734,1.992955781519413,project://predictive_profile_confirmatory64_v1/runs/confirm_K4_i000373/transformer/d128/n256/seed5/DONE.json,1.9683485060948225,1.968173948236204,1.9681637927149251,1.9681631215316773,0.0349112830792311,0.0247926599877357,63.27677245343294
done,confirm_K4_i000373,Transformer,256,1,256,18,1.9837543182075024,16,26,795656,cpu,2.0342635214328766,2.010060228407383,1.9871849045157437,1.9766920134425163,project://predictive_profile_confirmatory64_v1/runs/confirm_K4_i000373/transformer/d256/n256/seed1/DONE.json,1.9683485060948225,1.968173948236204,1.9681637927149251,1.9681631215316773,0.0336004806207229,0.008528891910839,310.55179036312035
done,confirm_K4_i000373,Transformer,256,2,256,10,2.0290305763483047,16,18,795656,cpu,2.0419211760163307,1.9874155819416048,2.021917536854744,2.03584985435009,project://predictive_profile_confirmatory64_v1/runs/confirm_K4_i000373/transformer/d256/n256/seed2/DONE.json,1.9683485060948225,1.968173948236204,1.9681637927149251,1.9681631215316773,0.0253756776124746,0.0676867328184127,32.7498771377875
done,confirm_K4_i000373,Transformer,256,3,256,9,2.013449165970087,16,17,795656,cpu,2.0083035603165627,1.978984817862511,2.0248401686549187,2.018489398062229,project://predictive_profile_confirmatory64_v1/runs/confirm_K4_i000373/transformer/d256/n256/seed3/DONE.json,1.9683485060948225,1.968173948236204,1.9681637927149251,1.9681631215316773,0.0206721636355307,0.0503262765305518,-54.94436846772594
done,confirm_K4_i000373,Transformer,256,4,256,6,1.988129612058401,16,14,795656,cpu,2.023066811263561,1.9821276366710665,1.993978910148144,2.0119224339723587,project://predictive_profile_confirmatory64_v1/runs/confirm_K4_i000373/transformer/d256/n256/seed4/DONE.json,1.9683485060948225,1.968173948236204,1.9681637927149251,1.9681631215316773,0.0182377964571911,0.0437593124406814,60.11491519111405
done,confirm_K4_i000373,Transformer,256,5,256,18,1.9875109530985355,16,26,795656,cpu,1.9545960649847984,1.9658721014857288,1.9797571077942848,1.9777490124106407,project://predictive_profile_confirmatory64_v1/runs/confirm_K4_i000373/transformer/d256/n256/seed5/DONE.json,1.9683485060948225,1.968173948236204,1.9681637927149251,1.9681631215316773,0.0131341710615371,0.0095858908789634,-124.89145284300076
done,confirm_K4_i000949,GRU,8,1,256,48,1.6871023885905745,16,48,576,cpu,1.6689127534627914,1.6443056017160416,1.6325658187270164,1.6188674867153168,project://predictive_profile_confirmatory64_v1/runs/confirm_K4_i000949/gru/d8/n256/seed1/DONE.json,1.689159613779617,1.6243038248553816,1.5971255324174294,1.5844376962822904,0.028278635110195,0.0344297904330264,0.4778872268907055
done,confirm_K4_i000949,GRU,8,2,256,47,1.6702506877481935,16,48,576,cpu,1.7403270155191422,1.610613688826561,1.6200561076402664,1.6272796913981438,project://predictive_profile_confirmatory64_v1/runs/confirm_K4_i000949/gru/d8/n256/seed2/DONE.json,1.689159613779617,1.6243038248553816,1.5971255324174294,1.5844376962822904,0.0302558212967525,0.0428419951158534,1.079500135431385
done,confirm_K4_i000949,GRU,8,3,256,48,1.6555599123239515,16,48,576,cpu,1.715869978070259,1.6342196315526962,1.649354100227356,1.5862956121563911,project://predictive_profile_confirmatory64_v1/runs/confirm_K4_i000949/gru/d8/n256/seed3/DONE.json,1.689159613779617,1.6243038248553816,1.5971255324174294,1.5844376962822904,0.0283715366752304,0.0018579158741007,1.237318500371957
done,confirm_K4_i000949,GRU,8,4,256,47,1.6713028848171234,16,48,576,cpu,1.705771990120411,1.6429601237177849,1.707820013165474,1.6267387568950653,project://predictive_profile_confirmatory64_v1/runs/confirm_K4_i000949/gru/d8/n256/seed4/DONE.json,1.689159613779617,1.6243038248553816,1.5971255324174294,1.5844376962822904,0.0383948016522317,0.0423010606127749,0.754696200318937
done,confirm_K4_i000949,GRU,8,5,256,47,1.641016248613596,16,48,576,cpu,1.7324133515357971,1.6598332673311234,1.6977319195866585,1.6219746321439743,project://predictive_profile_confirmatory64_v1/runs/confirm_K4_i000949/gru/d8/n256/seed5/DONE.json,1.689159613779617,1.6243038248553816,1.5971255324174294,1.5844376962822904,0.0316799129648043,0.0375369358616839,1.0545903095657327
done,confirm_K4_i000949,GRU,32,1,256,23,1.650912992656231,16,31,6888,cpu,1.7258315756917,1.7017473429441452,1.5997890084981918,1.6456295400857923,project://predictive_profile_confirmatory64_v1/runs/confirm_K4_i000949/gru/d32/n256/seed1/DONE.json,1.689159613779617,1.6243038248553816,1.5971255324174294,1.5844376962822904,0.0327525241520848,0.0611918438035021,0.7658572104350063
done,confirm_K4_i000949,GRU,32,2,256,35,1.626066703349352,16,43,6888,cpu,1.718612775206566,1.619451440870762,1.5899463146924973,1.644140861928463,project://predictive_profile_confirmatory64_v1/runs/confirm_K4_i000949/gru/d32/n256/seed2/DONE.json,1.689159613779617,1.6243038248553816,1.5971255324174294,1.5844376962822904,0.0488767197876355,0.0597031656461726,0.7111397027275023
done,confirm_K4_i000949,GRU,32,3,256,42,1.602431237697601,16,48,6888,cpu,1.720645658671856,1.677348017692566,1.6144075989723206,1.614794835448265,project://predictive_profile_confirmatory64_v1/runs/confirm_K4_i000949/gru/d32/n256/seed3/DONE.json,1.689159613779617,1.6243038248553816,1.5971255324174294,1.5844376962822904,0.0131047162903689,0.0303571391659747,1.010780032998279
done,confirm_K4_i000949,GRU,32,4,256,27,1.6541575603187084,16,35,6888,cpu,1.6819909065961838,1.669349625706673,1.64114498347044,1.5697104632854462,project://predictive_profile_confirmatory64_v1/runs/confirm_K4_i000949/gru/d32/n256/seed4/DONE.json,1.689159613779617,1.6243038248553816,1.5971255324174294,1.5844376962822904,0.0420746948139133,-0.0147272329968441,1.0721771143428875
done,confirm_K4_i000949,GRU,32,5,256,18,1.6831041648983955,16,26,6888,cpu,1.7339575290679932,1.6271091029047966,1.6283336952328682,1.61277025192976,project://predictive_profile_confirmatory64_v1/runs/confirm_K4_i000949/gru/d32/n256/seed5/DONE.json,1.689159613779617,1.6243038248553816,1.5971255324174294,1.5844376962822904,0.0152563026832929,0.0283325556474696,1.1572293559400009
done,confirm_K4_i000949,GRU,128,1,256,18,1.6592274121940136,16,26,101256,cpu,1.6581072732806206,1.6577779427170751,1.6204343065619469,1.5988319888710976,project://predictive_profile_confirmatory64_v1/runs/confirm_K4_i000949/gru/d128/n256/seed1/DONE.json,1.689159613779617,1.6243038248553816,1.5971255324174294,1.5844376962822904,0.0250444812926342,0.0143942925888072,0.5660255830498541
done,confirm_K4_i000949,GRU,128,2,256,5,1.7008600421249866,16,13,101256,cpu,1.7474151402711868,1.672587268054485,1.6153658777475357,1.5951583310961723,project://predictive_profile_confirmatory64_v1/runs/confirm_K4_i000949/gru/d128/n256/seed2/DONE.json,1.689159613779617,1.6243038248553816,1.5971255324174294,1.5844376962822904,0.0305248937215276,0.0107206348138819,1.453915405807016
done,confirm_K4_i000949,GRU,128,3,256,28,1.6546217538416386,16,36,101256,cpu,1.6703191176056862,1.655022770166397,1.604733757674694,1.6567333042621613,project://predictive_profile_confirmatory64_v1/runs/confirm_K4_i000949/gru/d128/n256/seed3/DONE.json,1.689159613779617,1.6243038248553816,1.5971255324174294,1.5844376962822904,0.0596214429599647,0.0722956079798708,0.1297322821067686
done,confirm_K4_i000949,GRU,128,4,256,8,1.6101080551743507,16,16,101256,cpu,1.7175609841942787,1.7049547955393791,1.6134847328066826,1.6684159711003304,project://predictive_profile_confirmatory64_v1/runs/confirm_K4_i000949/gru/d128/n256/seed4/DONE.json,1.689159613779617,1.6243038248553816,1.5971255324174294,1.5844376962822904,0.0437955548043076,0.0839782748180399,0.4692906152640201
done,confirm_K4_i000949,GRU,128,5,256,26,1.6686913818120956,16,34,101256,cpu,1.6998833268880844,1.6201502680778503,1.6037171930074692,1.5908850952982905,project://predictive_profile_confirmatory64_v1/runs/confirm_K4_i000949/gru/d128/n256/seed5/DONE.json,1.689159613779617,1.6243038248553816,1.5971255324174294,1.5844376962822904,0.0057159412469772,0.0064473990159998,1.040834948353354
done,confirm_K4_i000949,GRU,256,1,256,7,1.6491159610450268,16,15,399112,cpu,1.7529053166508677,1.6872242838144302,1.654653087258339,1.6560805067420006,project://predictive_profile_confirmatory64_v1/runs/confirm_K4_i000949/gru/d256/n256/seed1/DONE.json,1.689159613779617,1.6243038248553816,1.5971255324174294,1.5844376962822904,0.0091880923638817,0.0716428104597102,0.924589734630658
done,confirm_K4_i000949,GRU,256,2,256,14,1.6793484911322594,16,22,399112,cpu,1.741044320166111,1.6471599861979485,1.692056380212307,1.6948331594467163,project://predictive_profile_confirmatory64_v1/runs/confirm_K4_i000949/gru/d256/n256/seed2/DONE.json,1.689159613779617,1.6243038248553816,1.5971255324174294,1.5844376962822904,0.053211352996125,0.1103954631644259,0.4412749673016098
done,confirm_K4_i000949,GRU,256,3,256,8,1.6812017261981964,16,16,399112,cpu,1.7680433541536331,1.6234354600310326,1.6359228566288948,1.6299439147114754,project://predictive_profile_confirmatory64_v1/runs/confirm_K4_i000949/gru/d256/n256/seed3/DONE.json,1.689159613779617,1.6243038248553816,1.5971255324174294,1.5844376962822904,0.0287648666116375,0.045506218429185,1.3187252749233054
done,confirm_K4_i000949,GRU,256,4,256,19,1.6510409489274025,16,27,399112,cpu,1.715989276766777,1.6229890212416649,1.6545672565698624,1.6110661923885343,project://predictive_profile_confirmatory64_v1/runs/confirm_K4_i000949/gru/d256/n256/seed4/DONE.json,1.689159613779617,1.6243038248553816,1.5971255324174294,1.5844376962822904,0.0207985786171794,0.0266284961062441,1.001920962542736
done,confirm_K4_i000949,GRU,256,5,256,31,1.6221272610127926,16,39,399112,cpu,1.683001033961773,1.6215459257364273,1.5855089500546455,1.5776668265461922,project://predictive_profile_confirmatory64_v1/runs/confirm_K4_i000949/gru/d256/n256/seed5/DONE.json,1.689159613779617,1.6243038248553816,1.5971255324174294,1.5844376962822904,0.0031606867520555,-0.0067708697360981,1.0058468172937127
done,confirm_K4_i000949,Transformer,8,1,256,48,1.6673263795673847,16,48,1064,cpu,1.712025985121727,1.661656774580479,1.697185531258583,1.5837214961647987,project://predictive_profile_confirmatory64_v1/runs/confirm_K4_i000949/transformer/d8/n256/seed1/DONE.json,1.689159613779617,1.6243038248553816,1.5971255324174294,1.5844376962822904,0.0551390064358643,-0.0007162001174916,1.225192319078799
done,confirm_K4_i000949,Transformer,8,2,256,48,1.715014699846506,16,48,1064,cpu,1.739301696419716,1.6628770902752876,1.617080695927143,1.656433254480362,project://predictive_profile_confirmatory64_v1/runs/confirm_K4_i000949/transformer/d8/n256/seed2/DONE.json,1.689159613779617,1.6243038248553816,1.5971255324174294,1.5844376962822904,0.0327979676498117,0.0719955581980715,0.7913189895655743
done,confirm_K4_i000949,Transformer,8,3,256,48,1.7029746770858765,16,48,1064,cpu,1.7316756919026377,1.647697530686855,1.6054552048444748,1.6552132368087769,project://predictive_profile_confirmatory64_v1/runs/confirm_K4_i000949/transformer/d8/n256/seed3/DONE.json,1.689159613779617,1.6243038248553816,1.5971255324174294,1.5844376962822904,0.0416626988956885,0.0707755405264864,0.7301475843947624
done,confirm_K4_i000949,Transformer,8,4,256,47,1.6776166036725044,16,48,1064,cpu,1.7577725425362587,1.6421170309185982,1.68865866959095,1.6914382502436638,project://predictive_profile_confirmatory64_v1/runs/confirm_K4_i000949/transformer/d8/n256/seed4/DONE.json,1.689159613779617,1.6243038248553816,1.5971255324174294,1.5844376962822904,0.0491610460020303,0.1070005539613734,0.63343275102166
done,confirm_K4_i000949,Transformer,8,5,256,47,1.6842015497386456,16,48,1064,cpu,1.724033646285534,1.7390804141759872,1.6383728012442589,1.6261738315224648,project://predictive_profile_confirmatory64_v1/runs/confirm_K4_i000949/transformer/d8/n256/seed5/DONE.json,1.689159613779617,1.6243038248553816,1.5971255324174294,1.5844376962822904,0.0366818598784916,0.0417361352401743,0.9344730988674588
done,confirm_K4_i000949,Transformer,32,1,256,18,1.660716362297535,16,26,13448,cpu,1.7138692811131475,1.694602906703949,1.6098741367459295,1.6363032087683678,project://predictive_profile_confirmatory64_v1/runs/confirm_K4_i000949/transformer/d32/n256/seed1/DONE.json,1.689159613779617,1.6243038248553816,1.5971255324174294,1.5844376962822904,0.0255312010547836,0.0518655124860774,0.7406861352281876
done,confirm_K4_i000949,Transformer,32,2,256,26,1.6773026697337627,16,34,13448,cpu,1.7162213176488876,1.6025732830166817,1.583517462015152,1.6056229770183563,project://predictive_profile_confirmatory64_v1/runs/confirm_K4_i000949/transformer/d32/n256/seed2/DONE.json,1.689159613779617,1.6243038248553816,1.5971255324174294,1.5844376962822904,0.0277798373804874,0.0211852807360659,1.0561145486412116
done,confirm_K4_i000949,Transformer,32,3,256,19,1.6564496718347073,16,27,13448,cpu,1.6334096491336825,1.5827706158161163,1.5978589057922363,1.5961787551641464,project://predictive_profile_confirmatory64_v1/runs/confirm_K4_i000949/transformer/d32/n256/seed3/DONE.json,1.689159613779617,1.6243038248553816,1.5971255324174294,1.5844376962822904,0.0433426897515092,0.011741058881856,0.355521507429295
done,confirm_K4_i000949,Transformer,32,4,256,14,1.6350962854921818,16,22,13448,cpu,1.6494251042604446,1.6305108591914177,1.6494266539812088,1.5632656067609787,project://predictive_profile_confirmatory64_v1/runs/confirm_K4_i000949/transformer/d32/n256/seed4/DONE.json,1.689159613779617,1.6243038248553816,1.5971255324174294,1.5844376962822904,0.0402880025768445,-0.0211720895213116,0.8227456062544448
done,confirm_K4_i000949,Transformer,32,5,256,29,1.571062833070755,16,37,13448,cpu,1.6619528532028198,1.56734798848629,1.635238528251648,1.672105833888054,project://predictive_profile_confirmatory64_v1/runs/confirm_K4_i000949/transformer/d32/n256/seed5/DONE.json,1.689159613779617,1.6243038248553816,1.5971255324174294,1.5844376962822904,0.0956138694917363,0.0876681376057635,-0.0969518218141227
done,confirm_K4_i000949,Transformer,128,1,256,13,1.6865461394190788,16,21,201224,cpu,1.8250469118356705,1.7445823550224304,1.6491576954722404,1.6571085155010223,project://predictive_profile_confirmatory64_v1/runs/confirm_K4_i000949/transformer/d128/n256/seed1/DONE.json,1.689159613779617,1.6243038248553816,1.5971255324174294,1.5844376962822904,0.0408924548865085,0.0726708192187319,1.6036604404129189
done,confirm_K4_i000949,Transformer,128,2,256,10,1.649721398949623,16,18,201224,cpu,1.7670329809188845,1.7133722826838491,1.659421667456627,1.7149607986211777,project://predictive_profile_confirmatory64_v1/runs/confirm_K4_i000949/transformer/d128/n256/seed2/DONE.json,1.689159613779617,1.6243038248553816,1.5971255324174294,1.5844376962822904,0.0478157955988089,0.1305231023388873,0.4972424449641683
done,confirm_K4_i000949,Transformer,128,3,256,25,1.6534450091421604,16,33,201224,cpu,1.7176137939095495,1.6621825993061066,1.680790193378925,1.659076206386089,project://predictive_profile_confirmatory64_v1/runs/confirm_K4_i000949/transformer/d128/n256/seed3/DONE.json,1.689159613779617,1.6243038248553816,1.5971255324174294,1.5844376962822904,0.0298569167016821,0.0746385101037989,0.5589812421545352
done,confirm_K4_i000949,Transformer,128,4,256,30,1.674725417047739,16,38,201224,cpu,1.6878060922026634,1.6284928768873217,1.608909823000431,1.655480943620205,project://predictive_profile_confirmatory64_v1/runs/confirm_K4_i000949/transformer/d128/n256/seed4/DONE.json,1.689159613779617,1.6243038248553816,1.5971255324174294,1.5844376962822904,0.0574943465372963,0.0710432473379145,0.3086760570754799
done,confirm_K4_i000949,Transformer,128,5,256,13,1.6513446271419523,16,21,201224,cpu,1.721460573375225,1.6729710474610329,1.6603671610355375,1.625261813402176,project://predictive_profile_confirmatory64_v1/runs/confirm_K4_i000949/transformer/d128/n256/seed5/DONE.json,1.689159613779617,1.6243038248553816,1.5971255324174294,1.5844376962822904,0.0126164905938363,0.0408241171198855,0.9186115215614244
done,confirm_K4_i000949,Transformer,256,1,256,6,1.6737059094011784,16,14,795656,cpu,1.7124779969453812,1.7185425013303757,1.620813973248005,1.7090296894311905,project://predictive_profile_confirmatory64_v1/runs/confirm_K4_i000949/transformer/d256/n256/seed1/DONE.json,1.689159613779617,1.6243038248553816,1.5971255324174294,1.5844376962822904,0.0730739262366879,0.1245919931489001,0.0329282312299018
done,confirm_K4_i000949,Transformer,256,2,256,19,1.7120918966829777,16,27,795656,cpu,1.7370092570781708,1.7089153304696083,1.6959650292992592,1.6275326162576675,project://predictive_profile_confirmatory64_v1/runs/confirm_K4_i000949/transformer/d256/n256/seed2/DONE.json,1.689159613779617,1.6243038248553816,1.5971255324174294,1.5844376962822904,0.034834222151023,0.0430949199753771,1.0454033256533717
done,confirm_K4_i000949,Transformer,256,3,256,11,1.6798004880547523,16,19,795656,cpu,1.7358374744653702,1.680890217423439,1.69149100035429,1.650102116167545,project://predictive_profile_confirmatory64_v1/runs/confirm_K4_i000949/transformer/d256/n256/seed3/DONE.json,1.689159613779617,1.6243038248553816,1.5971255324174294,1.5844376962822904,0.0177950145368621,0.0656644198852549,0.8186954588566767
done,confirm_K4_i000949,Transformer,256,4,256,9,1.7014646120369434,16,17,795656,cpu,1.7264990508556366,1.7355574071407318,1.639741651713848,1.682970330119133,project://predictive_profile_confirmatory64_v1/runs/confirm_K4_i000949/transformer/d256/n256/seed4/DONE.json,1.689159613779617,1.6243038248553816,1.5971255324174294,1.5844376962822904,0.041931749479326,0.0985326338368426,0.4156600812586803
done,confirm_K4_i000949,Transformer,256,5,256,8,1.730815552175045,16,16,795656,cpu,1.7557888478040695,1.6834867894649506,1.7266871333122251,1.6723631769418716,project://predictive_profile_confirmatory64_v1/runs/confirm_K4_i000949/transformer/d256/n256/seed5/DONE.json,1.689159613779617,1.6243038248553816,1.5971255324174294,1.5844376962822904,0.0274464426559741,0.0879254806595812,0.7966400239408107
done,confirm_K4_i000448,GRU,8,1,256,48,1.790738869458437,16,48,576,cpu,1.8062442913651464,1.7716721296310425,1.80719380825758,1.7450510039925575,project://predictive_profile_confirmatory64_v1/runs/confirm_K4_i000448/gru/d8/n256/seed1/DONE.json,1.780835314116302,1.7651722341368257,1.7618563633873392,1.7610978633566257,0.0387136130781095,-0.0160468593640681,3.1003642829907427
done,confirm_K4_i000448,GRU,8,2,256,48,1.7747841030359268,16,48,576,cpu,1.78182140737772,1.8035354614257808,1.77676559984684,1.8672833293676376,project://predictive_profile_confirmatory64_v1/runs/confirm_K4_i000448/gru/d8/n256/seed2/DONE.json,1.780835314116302,1.7651722341368257,1.7618563633873392,1.7610978633566257,0.0774566236246452,0.1061854660110119,-4.329937185430073
done,confirm_K4_i000448,GRU,8,3,256,48,1.7986901327967644,16,48,576,cpu,1.8292392641305923,1.8117599040269847,1.7715491354465485,1.7953858822584152,project://predictive_profile_confirmatory64_v1/runs/confirm_K4_i000448/gru/d8/n256/seed3/DONE.json,1.780835314116302,1.7651722341368257,1.7618563633873392,1.7610978633566257,0.0154553153709009,0.0342880189017895,1.715185121137306
done,confirm_K4_i000448,GRU,8,4,256,47,1.8046364411711693,16,48,576,cpu,1.789361037313938,1.7852117344737053,1.8343415558338163,1.7822143211960793,project://predictive_profile_confirmatory64_v1/runs/confirm_K4_i000448/gru/d8/n256/seed4/DONE.json,1.780835314116302,1.7651722341368257,1.7618563633873392,1.7610978633566257,0.0264501102616314,0.0211164578394535,0.3620891170231383
done,confirm_K4_i000448,GRU,8,5,256,45,1.8129353187978268,16,48,576,cpu,1.8374841064214704,1.7546095103025436,1.7646426111459732,1.8674810826778407,project://predictive_profile_confirmatory64_v1/runs/confirm_K4_i000448/gru/d8/n256/seed5/DONE.json,1.780835314116302,1.7651722341368257,1.7618563633873392,1.7610978633566257,0.0819789597520023,0.1063832193212155,-1.51979992865413
done,confirm_K4_i000448,GRU,32,1,256,35,1.7562162205576897,16,43,6888,cpu,1.7683045119047165,1.7013557404279709,1.7864799574017525,1.7328411489725113,project://predictive_profile_confirmatory64_v1/runs/confirm_K4_i000448/gru/d32/n256/seed1/DONE.json,1.780835314116302,1.7651722341368257,1.7618563633873392,1.7610978633566257,0.0328181704075871,-0.0282567143841143,1.7967549793541164
done,confirm_K4_i000448,GRU,32,2,256,14,1.823435012251139,16,22,6888,cpu,1.770480453968048,1.8123568817973137,1.7367346361279488,1.723454013466835,project://predictive_profile_confirmatory64_v1/runs/confirm_K4_i000448/gru/d32/n256/seed2/DONE.json,1.780835314116302,1.7651722341368257,1.7618563633873392,1.7610978633566257,0.044992684163434,-0.0376438498897906,2.382599509623003
done,confirm_K4_i000448,GRU,32,3,256,46,1.8004938252270222,16,48,6888,cpu,1.810960792005062,1.802339650690556,1.7634558901190758,1.8248803094029429,project://predictive_profile_confirmatory64_v1/runs/confirm_K4_i000448/gru/d32/n256/seed3/DONE.json,1.780835314116302,1.7651722341368257,1.7618563633873392,1.7610978633566257,0.0377752126232722,0.063782446046317,-0.7052337998136083
done,confirm_K4_i000448,GRU,32,4,256,25,1.765101246535778,16,33,6888,cpu,1.803266316652298,1.7782286554574966,1.7613999545574188,1.7978208363056185,project://predictive_profile_confirmatory64_v1/runs/confirm_K4_i000448/gru/d32/n256/seed4/DONE.json,1.780835314116302,1.7651722341368257,1.7618563633873392,1.7610978633566257,0.0231660986881917,0.0367229729489926,0.2758958293542553
done,confirm_K4_i000448,GRU,32,5,256,15,1.8049824424088,16,23,6888,cpu,1.7268543392419815,1.7687667831778526,1.7864558771252632,1.8217164054512975,project://predictive_profile_confirmatory64_v1/runs/confirm_K4_i000448/gru/d32/n256/seed5/DONE.json,1.780835314116302,1.7651722341368257,1.7618563633873392,1.7610978633566257,0.0664871331106117,0.0606185420946721,-4.806196472095554
done,confirm_K4_i000448,GRU,128,1,256,10,1.7521652691066265,16,18,101256,cpu,1.8304267451167109,1.7826216518878937,1.8158947750926016,1.7790771946310997,project://predictive_profile_confirmatory64_v1/runs/confirm_K4_i000448/gru/d128/n256/seed1/DONE.json,1.780835314116302,1.7651722341368257,1.7618563633873392,1.7610978633566257,0.0239784431257473,0.017979331274474,2.6016303275860806
done,confirm_K4_i000448,GRU,128,2,256,5,1.7762227654457092,16,13,101256,cpu,1.8025209456682203,1.759444810450077,1.7294202521443367,1.794787310063839,project://predictive_profile_confirmatory64_v1/runs/confirm_K4_i000448/gru/d128/n256/seed2/DONE.json,1.780835314116302,1.7651722341368257,1.7618563633873392,1.7610978633566257,0.0389562917388328,0.0336894467072133,0.3918254539832158
done,confirm_K4_i000448,GRU,128,3,256,8,1.7735554985702038,16,16,101256,cpu,1.8451239466667173,1.831406868994236,1.7652347907423973,1.7884054630994797,project://predictive_profile_confirmatory64_v1/runs/confirm_K4_i000448/gru/d128/n256/seed3/DONE.json,1.780835314116302,1.7651722341368257,1.7618563633873392,1.7610978633566257,0.0293918191912677,0.027307599742854,2.873647881777812
done,confirm_K4_i000448,GRU,128,4,256,24,1.79904692620039,16,32,101256,cpu,1.759862668812275,1.745500847697258,1.6949957758188248,1.7882331013679504,project://predictive_profile_confirmatory64_v1/runs/confirm_K4_i000448/gru/d128/n256/seed4/DONE.json,1.780835314116302,1.7651722341368257,1.7618563633873392,1.7610978633566257,0.0577504193837714,0.0271352380113247,-1.4373909225215815
done,confirm_K4_i000448,GRU,128,5,256,16,1.81330231577158,16,24,101256,cpu,1.820294171571732,1.7636441737413406,1.7718590274453163,1.847951553761959,project://predictive_profile_confirmatory64_v1/runs/confirm_K4_i000448/gru/d128/n256/seed5/DONE.json,1.780835314116302,1.7651722341368257,1.7618563633873392,1.7610978633566257,0.0631737372560966,0.0868536904053334,-1.4012641514339617
done,confirm_K4_i000448,GRU,256,1,256,19,1.7685667648911476,16,27,399112,cpu,1.770274356007576,1.778867945075035,1.8820216581225395,1.7795088961720469,project://predictive_profile_confirmatory64_v1/runs/confirm_K4_i000448/gru/d256/n256/seed1/DONE.json,1.780835314116302,1.7651722341368257,1.7618563633873392,1.7610978633566257,0.0529517240922182,0.018411032815421,-0.4678689399614285
done,confirm_K4_i000448,GRU,256,2,256,14,1.8048639297485352,16,22,399112,cpu,1.8137751147150996,1.7850883230566978,1.73292975127697,1.743292048573494,project://predictive_profile_confirmatory64_v1/runs/confirm_K4_i000448/gru/d256/n256/seed2/DONE.json,1.780835314116302,1.7651722341368257,1.7618563633873392,1.7610978633566257,0.0321003568230279,-0.0178058147831317,3.571031892609068
done,confirm_K4_i000448,GRU,256,3,256,33,1.785793162882328,16,41,399112,cpu,1.7935642376542091,1.7118722572922709,1.767375223338604,1.747009202837944,project://predictive_profile_confirmatory64_v1/runs/confirm_K4_i000448/gru/d256/n256/seed3/DONE.json,1.780835314116302,1.7651722341368257,1.7618563633873392,1.7610978633566257,0.0256961329854283,-0.0140886605186816,2.3587156914598664
done,confirm_K4_i000448,GRU,256,4,256,47,1.764248564839363,16,48,399112,cpu,1.8424320071935651,1.8039730116724968,1.6858057901263237,1.7551207020878792,project://predictive_profile_confirmatory64_v1/runs/confirm_K4_i000448/gru/d256/n256/seed4/DONE.json,1.780835314116302,1.7651722341368257,1.7618563633873392,1.7610978633566257,0.0535760502999852,-0.0059771612687464,4.423636373754166
done,confirm_K4_i000448,GRU,256,5,256,8,1.7963013090193272,16,16,399112,cpu,1.7592776343226433,1.8270491510629652,1.8443144336342807,1.8163777813315392,project://predictive_profile_confirmatory64_v1/runs/confirm_K4_i000448/gru/d256/n256/seed5/DONE.json,1.780835314116302,1.7651722341368257,1.7618563633873392,1.7610978633566257,0.0408845593926635,0.0552799179749134,-2.8929848998307084
done,confirm_K4_i000448,Transformer,8,1,256,48,1.8053110130131245,16,48,1064,cpu,1.7888924553990364,1.7805158123373983,1.8395783454179764,1.8341014459729197,project://predictive_profile_confirmatory64_v1/runs/confirm_K4_i000448/transformer/d8/n256/seed1/DONE.json,1.780835314116302,1.7651722341368257,1.7618563633873392,1.7610978633566257,0.043488445718799,0.0730035826162938,-2.290518219619581
done,confirm_K4_i000448,Transformer,8,2,256,46,1.7829273790121078,16,48,1064,cpu,1.760609649121761,1.8182937055826187,1.8401881605386732,1.7758355140686035,project://predictive_profile_confirmatory64_v1/runs/confirm_K4_i000448/transformer/d8/n256/seed2/DONE.json,1.780835314116302,1.7651722341368257,1.7618563633873392,1.7610978633566257,0.0410486497971298,0.0147376507119778,-0.771420034544109
done,confirm_K4_i000448,Transformer,8,3,256,43,1.8257251754403117,16,48,1064,cpu,1.8221007287502289,1.8023352473974228,1.8346383199095728,1.8616870120167728,project://predictive_profile_confirmatory64_v1/runs/confirm_K4_i000448/transformer/d8/n256/seed3/DONE.json,1.780835314116302,1.7651722341368257,1.7618563633873392,1.7610978633566257,0.0455944623971232,0.1005891486601475,-2.005643167830932
done,confirm_K4_i000448,Transformer,8,4,256,45,1.7728200890123844,16,48,1064,cpu,1.8214346021413803,1.832176834344864,1.7947656139731407,1.81096263974905,project://predictive_profile_confirmatory64_v1/runs/confirm_K4_i000448/transformer/d8/n256/seed4/DONE.json,1.780835314116302,1.7651722341368257,1.7618563633873392,1.7610978633566257,0.0129142623724195,0.0498647763924244,0.5305630661141103
done,confirm_K4_i000448,Transformer,8,5,256,48,1.806157685816288,16,48,1064,cpu,1.7965638861060145,1.7330911308526993,1.7737220376729963,1.8275162875652315,project://predictive_profile_confirmatory64_v1/runs/confirm_K4_i000448/transformer/d8/n256/seed5/DONE.json,1.780835314116302,1.7651722341368257,1.7618563633873392,1.7610978633566257,0.0617406279495529,0.0664184242086056,-1.568206646141601
done,confirm_K4_i000448,Transformer,32,1,256,22,1.767920970916748,16,30,13448,cpu,1.833123229444027,1.757693991065025,1.858731865882873,1.75335343927145,project://predictive_profile_confirmatory64_v1/runs/confirm_K4_i000448/transformer/d32/n256/seed1/DONE.json,1.780835314116302,1.7651722341368257,1.7618563633873392,1.7610978633566257,0.0603102015944871,-0.0077444240851756,4.0415447336059565
done,confirm_K4_i000448,Transformer,32,2,256,34,1.797190498560667,16,42,13448,cpu,1.8057687804102895,1.8442892953753471,1.7608425319194794,1.7767682671546936,project://predictive_profile_confirmatory64_v1/runs/confirm_K4_i000448/transformer/d32/n256/seed2/DONE.json,1.780835314116302,1.7651722341368257,1.7618563633873392,1.7610978633566257,0.0331272032232514,0.0156704037980679,1.4693140268572191
done,confirm_K4_i000448,Transformer,32,3,256,6,1.8339726589620116,16,14,13448,cpu,1.8217795565724373,1.7942133992910383,1.773176148533821,1.7700324431061745,project://predictive_profile_confirmatory64_v1/runs/confirm_K4_i000448/transformer/d32/n256/seed3/DONE.json,1.780835314116302,1.7651722341368257,1.7618563633873392,1.7610978633566257,0.0189379413348576,0.0089345797495488,2.62177289743933
done,confirm_K4_i000448,Transformer,32,4,256,6,1.821068536490202,16,14,13448,cpu,1.8579255044460297,1.7676494047045708,1.8247640505433085,1.7930979505181313,project://predictive_profile_confirmatory64_v1/runs/confirm_K4_i000448/transformer/d32/n256/seed4/DONE.json,1.780835314116302,1.7651722341368257,1.7618563633873392,1.7610978633566257,0.0310644481092969,0.0320000871615056,3.2844947768199715
done,confirm_K4_i000448,Transformer,32,5,256,15,1.784476637840271,16,23,13448,cpu,1.775034375488758,1.7998311892151833,1.7193960845470428,1.7814436480402946,project://predictive_profile_confirmatory64_v1/runs/confirm_K4_i000448/transformer/d32/n256/seed5/DONE.json,1.780835314116302,1.7651722341368257,1.7618563633873392,1.7610978633566257,0.0347603207768458,0.0203457846836689,-0.3247264618706845
done,confirm_K4_i000448,Transformer,128,1,256,8,1.814962327480316,16,16,201224,cpu,1.8243640437722208,1.7385474368929863,1.8349293023347852,1.784447245299816,project://predictive_profile_confirmatory64_v1/runs/confirm_K4_i000448/transformer/d128/n256/seed1/DONE.json,1.780835314116302,1.7651722341368257,1.7618563633873392,1.7610978633566257,0.0366642086396393,0.0233493819431904,2.0223887551858795
done,confirm_K4_i000448,Transformer,128,2,256,19,1.774544883519411,16,27,201224,cpu,1.824657380580902,1.8485929816961288,1.7584194988012314,1.812282122671604,project://predictive_profile_confirmatory64_v1/runs/confirm_K4_i000448/transformer/d128/n256/seed2/DONE.json,1.780835314116302,1.7651722341368257,1.7618563633873392,1.7610978633566257,0.0319251477448048,0.0511842593149785,0.6269937318643302
done,confirm_K4_i000448,Transformer,128,3,256,12,1.8208149448037148,16,20,201224,cpu,1.8225468322634697,1.7803240418434143,1.7789398208260536,1.803408347070217,project://predictive_profile_confirmatory64_v1/runs/confirm_K4_i000448/transformer/d128/n256/seed3/DONE.json,1.780835314116302,1.7651722341368257,1.7618563633873392,1.7610978633566257,0.0185361491205458,0.0423104837135914,0.9696533471461528
done,confirm_K4_i000448,Transformer,128,4,256,18,1.7024255245923996,16,26,201224,cpu,1.810571700334549,1.7756082490086555,1.799419417977333,1.8100202158093448,project://predictive_profile_confirmatory64_v1/runs/confirm_K4_i000448/transformer/d128/n256/seed4/DONE.json,1.780835314116302,1.7651722341368257,1.7618563633873392,1.7610978633566257,0.0222392284526388,0.0489223524527195,0.0279410209514183
done,confirm_K4_i000448,Transformer,128,5,256,24,1.7547275498509407,16,32,201224,cpu,1.7980187088251114,1.772923819720745,1.771518491208553,1.7992756366729736,project://predictive_profile_confirmatory64_v1/runs/confirm_K4_i000448/transformer/d128/n256/seed5/DONE.json,1.780835314116302,1.7651722341368257,1.7618563633873392,1.7610978633566257,0.023343408443551,0.0381777733163479,-0.063682380423218
done,confirm_K4_i000448,Transformer,256,1,256,9,1.7888863272964954,16,17,795656,cpu,1.8148067146539688,1.794689640402794,1.8073937371373177,1.8694797530770304,project://predictive_profile_confirmatory64_v1/runs/confirm_K4_i000448/transformer/d256/n256/seed1/DONE.json,1.780835314116302,1.7651722341368257,1.7618563633873392,1.7610978633566257,0.0626617124696303,0.1083818897204045,-2.7700151903486163
done,confirm_K4_i000448,Transformer,256,2,256,10,1.828082237392664,16,18,795656,cpu,1.7897952497005465,1.825084500014782,1.7681149020791054,1.80469872802496,project://predictive_profile_confirmatory64_v1/runs/confirm_K4_i000448/transformer/d256/n256/seed2/DONE.json,1.780835314116302,1.7651722341368257,1.7618563633873392,1.7610978633566257,0.0267418449558479,0.0436008646683339,-0.7550862827159586
done,confirm_K4_i000448,Transformer,256,3,256,18,1.764443263411522,16,26,795656,cpu,1.8376159518957136,1.790921971201897,1.782307781279087,1.7904311493039131,project://predictive_profile_confirmatory64_v1/runs/confirm_K4_i000448/transformer/d256/n256/seed3/DONE.json,1.780835314116302,1.7651722341368257,1.7618563633873392,1.7610978633566257,0.0145351859752779,0.0293332859472874,2.390622941448917
done,confirm_K4_i000448,Transformer,256,4,256,6,1.8223868161439896,16,14,795656,cpu,1.8406947776675224,1.8080591261386871,1.727547250688076,1.7899682372808456,project://predictive_profile_confirmatory64_v1/runs/confirm_K4_i000448/transformer/d256/n256/seed4/DONE.json,1.780835314116302,1.7651722341368257,1.7618563633873392,1.7610978633566257,0.0358762943492565,0.0288703739242199,2.5700654559864016
done,confirm_K4_i000448,Transformer,256,5,256,9,1.8017461709678173,16,17,795656,cpu,1.8314881026744845,1.776240587234497,1.8320937752723692,1.8107231482863424,project://predictive_profile_confirmatory64_v1/runs/confirm_K4_i000448/transformer/d256/n256/seed5/DONE.json,1.780835314116302,1.7651722341368257,1.7618563633873392,1.7610978633566257,0.0218663699183784,0.0496252849297169,1.0520585784342755
done,confirm_K4_i000678,GRU,8,1,256,48,1.3136775828897953,16,48,576,cpu,1.351326085627079,1.279549561440945,1.2677972503006458,1.2893536314368248,project://predictive_profile_confirmatory64_v1/runs/confirm_K4_i000678/gru/d8/n256/seed1/DONE.json,1.2733638444690638,1.2595491688538774,1.2566802598706246,1.255164811129834,0.0257377795664088,0.0341888203069906,3.405260764958705
done,confirm_K4_i000678,GRU,8,2,256,48,1.3148659318685532,16,48,576,cpu,1.3370201252400875,1.2913611456751823,1.3109451867640018,1.2877487540245056,project://predictive_profile_confirmatory64_v1/runs/confirm_K4_i000678/gru/d8/n256/seed2/DONE.json,1.2733638444690638,1.2595491688538774,1.2566802598706246,1.255164811129834,0.0189482926663113,0.0325839428946714,2.707361995396369
done,confirm_K4_i000678,GRU,8,3,256,48,1.3522517159581184,16,48,576,cpu,1.3072806000709534,1.3372790589928627,1.3205445557832718,1.2938610427081585,project://predictive_profile_confirmatory64_v1/runs/confirm_K4_i000678/gru/d8/n256/seed3/DONE.json,1.2733638444690638,1.2595491688538774,1.2566802598706246,1.255164811129834,0.0233447068603152,0.0386962315783243,0.7373774811361984
done,confirm_K4_i000678,GRU,8,4,256,48,1.3547935243695974,16,48,576,cpu,1.2980194762349129,1.2949370183050632,1.2741575241088867,1.234330851584673,project://predictive_profile_confirmatory64_v1/runs/confirm_K4_i000678/gru/d8/n256/seed4/DONE.json,1.2733638444690638,1.2595491688538774,1.2566802598706246,1.255164811129834,0.0409204856772497,-0.0208339595451612,3.499560853759925
done,confirm_K4_i000678,GRU,8,5,256,47,1.2586824782192707,16,48,576,cpu,1.3327805288136003,1.2513874433934689,1.2685525678098202,1.30502500385046,project://predictive_profile_confirmatory64_v1/runs/confirm_K4_i000678/gru/d8/n256/seed5/DONE.json,1.2733638444690638,1.2595491688538774,1.2566802598706246,1.255164811129834,0.0350033888064132,0.0498601927206259,1.5251098476373974
done,confirm_K4_i000678,GRU,32,1,256,29,1.2807592302560806,16,37,6888,cpu,1.3258215487003326,1.240366030484438,1.2292272225022316,1.1997557394206524,project://predictive_profile_confirmatory64_v1/runs/confirm_K4_i000678/gru/d32/n256/seed1/DONE.json,1.2733638444690638,1.2595491688538774,1.2566802598706246,1.255164811129834,0.0585856199382284,-0.0554090717091817,6.927060736128984
done,confirm_K4_i000678,GRU,32,2,256,34,1.2604336123913529,16,42,6888,cpu,1.3334589153528214,1.209481731057167,1.324596680700779,1.1851658932864666,project://predictive_profile_confirmatory64_v1/runs/confirm_K4_i000678/gru/d32/n256/seed2/DONE.json,1.2733638444690638,1.2595491688538774,1.2566802598706246,1.255164811129834,0.0953183487598477,-0.0699989178433675,8.148401033295302
done,confirm_K4_i000678,GRU,32,3,256,42,1.2826261017471552,16,48,6888,cpu,1.277860153466463,1.2031479366123676,1.2842871323227882,1.2598535008728504,project://predictive_profile_confirmatory64_v1/runs/confirm_K4_i000678/gru/d32/n256/seed3/DONE.json,1.2733638444690638,1.2595491688538774,1.2566802598706246,1.255164811129834,0.0326238359068818,0.0046886897430162,0.9894290679053644
done,confirm_K4_i000678,GRU,32,4,256,32,1.3087984453886747,16,40,6888,cpu,1.2832568772137165,1.330830067396164,1.2815891578793526,1.1753543317317965,project://predictive_profile_confirmatory64_v1/runs/confirm_K4_i000678/gru/d32/n256/seed4/DONE.json,1.2733638444690638,1.2595491688538774,1.2566802598706246,1.255164811129834,0.1022759411874323,-0.0798104793980378,5.929026199942525
done,confirm_K4_i000678,GRU,32,5,256,23,1.3187847137451172,16,31,6888,cpu,1.2865779623389244,1.3414084278047085,1.142139304429293,1.2734489180147648,project://predictive_profile_confirmatory64_v1/runs/confirm_K4_i000678/gru/d32/n256/seed5/DONE.json,1.2733638444690638,1.2595491688538774,1.2566802598706246,1.255164811129834,0.0736715717403783,0.0182841068849306,0.7214143784141969
done,confirm_K4_i000678,GRU,128,1,256,11,1.3443184550851583,16,19,101256,cpu,1.2966897636651993,1.2307101041078568,1.2164218984544275,1.305675595998764,project://predictive_profile_confirmatory64_v1/runs/confirm_K4_i000678/gru/d128/n256/seed1/DONE.json,1.2733638444690638,1.2595491688538774,1.2566802598706246,1.255164811129834,0.0617949299556482,0.0505107848689299,-0.4937532761256598
done,confirm_K4_i000678,GRU,128,2,256,8,1.297785630449653,16,16,101256,cpu,1.2777673080563543,1.3217089772224426,1.3129393979907036,1.2880307212471962,project://predictive_profile_confirmatory64_v1/runs/confirm_K4_i000678/gru/d128/n256/seed2/DONE.json,1.2733638444690638,1.2595491688538774,1.2566802598706246,1.255164811129834,0.0235344771219593,0.032865910117362,-0.5639537550996158
done,confirm_K4_i000678,GRU,128,3,256,10,1.2863013986498115,16,18,101256,cpu,1.3317964375019071,1.324019931256771,1.414747141301632,1.2650615498423576,project://predictive_profile_confirmatory64_v1/runs/confirm_K4_i000678/gru/d128/n256/seed3/DONE.json,1.2733638444690638,1.2595491688538774,1.2566802598706246,1.255164811129834,0.0825960719549911,0.0098967387125235,3.6669468325933874
done,confirm_K4_i000678,GRU,128,4,256,11,1.2346432898193598,16,19,101256,cpu,1.29430291056633,1.1733726896345615,1.274023700505495,1.259901087731123,project://predictive_profile_confirmatory64_v1/runs/confirm_K4_i000678/gru/d128/n256/seed4/DONE.json,1.2733638444690638,1.2595491688538774,1.2566802598706246,1.255164811129834,0.0466009660396581,0.0047362766012888,1.890310446382376
done,confirm_K4_i000678,GRU,128,5,256,23,1.2896739672869444,16,31,101256,cpu,1.206197768449783,1.2604701966047287,1.1882028058171272,1.237447015941143,project://predictive_profile_confirmatory64_v1/runs/confirm_K4_i000678/gru/d128/n256/seed5/DONE.json,1.2733638444690638,1.2595491688538774,1.2566802598706246,1.255164811129834,0.0366370071298951,-0.0177177951886911,-1.71708282021766
done,confirm_K4_i000678,GRU,256,1,256,8,1.2495856415480375,16,16,399112,cpu,1.335984744131565,1.2701698131859305,1.3935116566717625,1.2873815298080444,project://predictive_profile_confirmatory64_v1/runs/confirm_K4_i000678/gru/d256/n256/seed1/DONE.json,1.2733638444690638,1.2595491688538774,1.2566802598706246,1.255164811129834,0.0555316025503812,0.0322167186782103,2.6706481282581094
done,confirm_K4_i000678,GRU,256,2,256,12,1.311904065310955,16,20,399112,cpu,1.3353951573371887,1.2348496466875076,1.2053410299122334,1.29106155782938,project://predictive_profile_confirmatory64_v1/runs/confirm_K4_i000678/gru/d256/n256/seed2/DONE.json,1.2733638444690638,1.2595491688538774,1.2566802598706246,1.255164811129834,0.0546924102887099,0.0358967466995459,2.4360414468961693
done,confirm_K4_i000678,GRU,256,3,256,11,1.3275514096021652,16,19,399112,cpu,1.3371954038739204,1.3682303726673126,1.2486339956521988,1.239392388612032,project://predictive_profile_confirmatory64_v1/runs/confirm_K4_i000678/gru/d256/n256/seed3/DONE.json,1.2733638444690638,1.2595491688538774,1.2566802598706246,1.255164811129834,0.0739682238650579,-0.0157724225178021,5.37407748196522
done,confirm_K4_i000678,GRU,256,4,256,17,1.2737826518714428,16,25,399112,cpu,1.233371190726757,1.254330676048994,1.2408394739031792,1.243953738361597,project://predictive_profile_confirmatory64_v1/runs/confirm_K4_i000678/gru/d256/n256/seed4/DONE.json,1.2733638444690638,1.2595491688538774,1.2566802598706246,1.255164811129834,0.0148805633486357,-0.011211072768237,-0.5814895460424464
done,confirm_K4_i000678,GRU,256,5,256,18,1.279262948781252,16,26,399112,cpu,1.3021433055400848,1.311345860362053,1.2997667118906977,1.2456103526055813,project://predictive_profile_confirmatory64_v1/runs/confirm_K4_i000678/gru/d256/n256/seed5/DONE.json,1.2733638444690638,1.2595491688538774,1.2566802598706246,1.255164811129834,0.0447339872601754,-0.0095544585242528,3.106371194597552
done,confirm_K4_i000678,Transformer,8,1,256,48,1.2860783115029335,16,48,1064,cpu,1.3007669188082218,1.2627871558070185,1.2493548579514029,1.2221556343138218,project://predictive_profile_confirmatory64_v1/runs/confirm_K4_i000678/transformer/d8/n256/seed1/DONE.json,1.2733638444690638,1.2595491688538774,1.2566802598706246,1.255164811129834,0.0374938437076415,-0.0330091768160123,4.319530770073718
done,confirm_K4_i000678,Transformer,8,2,256,48,1.3219127636402843,16,48,1064,cpu,1.3149665668606758,1.3527867905795574,1.232383370399475,1.2694431878626349,project://predictive_profile_confirmatory64_v1/runs/confirm_K4_i000678/transformer/d8/n256/seed2/DONE.json,1.2733638444690638,1.2595491688538774,1.2566802598706246,1.255164811129834,0.0460142189932454,0.0142783767328005,2.5014174186884617
done,confirm_K4_i000678,Transformer,8,3,256,48,1.2911161351948977,16,48,1064,cpu,1.3237980380654335,1.278504278510809,1.281901128590107,1.271897625178099,project://predictive_profile_confirmatory64_v1/runs/confirm_K4_i000678/transformer/d8/n256/seed3/DONE.json,1.2733638444690638,1.2595491688538774,1.2566802598706246,1.255164811129834,0.0174124140580745,0.0167328140482645,2.8518225072679413
done,confirm_K4_i000678,Transformer,8,4,256,48,1.3185955472290516,16,48,1064,cpu,1.2823512144386768,1.2507067993283272,1.3612366393208504,1.3078138120472431,project://predictive_profile_confirmatory64_v1/runs/confirm_K4_i000678/transformer/d8/n256/seed4/DONE.json,1.2733638444690638,1.2595491688538774,1.2566802598706246,1.255164811129834,0.0457763656326162,0.0526490009174089,-1.399118136328666
done,confirm_K4_i000678,Transformer,8,5,256,48,1.3719961568713188,16,48,1064,cpu,1.291688308119774,1.282282754778862,1.2809425108134749,1.2769599668681622,project://predictive_profile_confirmatory64_v1/runs/confirm_K4_i000678/transformer/d8/n256/seed5/DONE.json,1.2733638444690638,1.2595491688538774,1.2566802598706246,1.255164811129834,0.0021801899877337,0.021795155738328,0.809292503457501
done,confirm_K4_i000678,Transformer,32,1,256,30,1.3045432064682243,16,38,13448,cpu,1.2970608547329905,1.290909867733717,1.2213394194841385,1.3464190736413002,project://predictive_profile_confirmatory64_v1/runs/confirm_K4_i000678/transformer/d32/n256/seed1/DONE.json,1.2733638444690638,1.2595491688538774,1.2566802598706246,1.255164811129834,0.0777456451730199,0.091254262511466,-2.712134100107053
done,confirm_K4_i000678,Transformer,32,2,256,45,1.2903784438967705,16,48,13448,cpu,1.2473513707518578,1.259461589157581,1.2781887874007225,1.327833577990532,project://predictive_profile_confirmatory64_v1/runs/confirm_K4_i000678/transformer/d32/n256/seed2/DONE.json,1.2733638444690638,1.2595491688538774,1.2566802598706246,1.255164811129834,0.0664244745833186,0.0726687668606977,-4.422334183277055
done,confirm_K4_i000678,Transformer,32,3,256,31,1.3261788040399551,16,39,13448,cpu,1.2254324853420258,1.3608645722270012,1.2149420604109764,1.265333577990532,project://predictive_profile_confirmatory64_v1/runs/confirm_K4_i000678/transformer/d32/n256/seed3/DONE.json,1.2733638444690638,1.2595491688538774,1.2566802598706246,1.255164811129834,0.0599534551546043,0.0101687668606977,-2.1924841778544204
done,confirm_K4_i000678,Transformer,32,4,256,35,1.3337439130991695,16,43,13448,cpu,1.313172776252031,1.2797272056341171,1.3095649182796478,1.272919125854969,project://predictive_profile_confirmatory64_v1/runs/confirm_K4_i000678/transformer/d32/n256/seed4/DONE.json,1.2733638444690638,1.2595491688538774,1.2566802598706246,1.255164811129834,0.02077511497872,0.0177543147251348,2.211856511647346
done,confirm_K4_i000678,Transformer,32,5,256,20,1.3172833994030952,16,28,13448,cpu,1.2731319218873978,1.2260951474308968,1.2721849903464315,1.256191469728947,project://predictive_profile_confirmatory64_v1/runs/confirm_K4_i000678/transformer/d32/n256/seed5/DONE.json,1.2733638444690638,1.2595491688538774,1.2566802598706246,1.255164811129834,0.0187090612180389,0.0010266585991125,0.9308435147450602
done,confirm_K4_i000678,Transformer,128,1,256,21,1.33943066932261,16,29,201224,cpu,1.2423201277852058,1.2740157023072245,1.2978154122829435,1.3898801505565643,project://predictive_profile_confirmatory64_v1/runs/confirm_K4_i000678/transformer/d128/n256/seed1/DONE.json,1.2733638444690638,1.2595491688538774,1.2566802598706246,1.255164811129834,0.1125756317130284,0.1347153394267302,-8.10812420752477
done,confirm_K4_i000678,Transformer,128,2,256,7,1.3233673740178349,16,15,201224,cpu,1.3132201619446278,1.25679312646389,1.303878791630268,1.2966256700456142,project://predictive_profile_confirmatory64_v1/runs/confirm_K4_i000678/transformer/d128/n256/seed2/DONE.json,1.2733638444690638,1.2595491688538774,1.2566802598706246,1.255164811129834,0.0223082372901835,0.0414608589157801,0.9118336996087908
done,confirm_K4_i000678,Transformer,128,3,256,23,1.2609635703265667,16,31,201224,cpu,1.23585394769907,1.2510003969073296,1.3479136750102043,1.3054453954100609,project://predictive_profile_confirmatory64_v1/runs/confirm_K4_i000678/transformer/d128/n256/seed3/DONE.json,1.2733638444690638,1.2595491688538774,1.2566802598706246,1.255164811129834,0.0566683246454327,0.0502805842802267,-3.8239090183422095
done,confirm_K4_i000678,Transformer,128,4,256,13,1.3439998030662537,16,21,201224,cpu,1.2679895386099815,1.3020041547715664,1.1576563008129597,1.331695817410946,project://predictive_profile_confirmatory64_v1/runs/confirm_K4_i000678/transformer/d128/n256/seed4/DONE.json,1.2733638444690638,1.2595491688538774,1.2566802598706246,1.255164811129834,0.0983478535298179,0.0765310062811117,-3.500530913564495
done,confirm_K4_i000678,Transformer,128,5,256,13,1.372535351663828,16,21,201224,cpu,1.285668421536684,1.2660204134881496,1.305129997432232,1.346528448164463,project://predictive_profile_confirmatory64_v1/runs/confirm_K4_i000678/transformer/d128/n256/seed5/DONE.json,1.2733638444690638,1.2595491688538774,1.2566802598706246,1.255164811129834,0.0618438679626036,0.0913636370346289,-3.3441351248359807
done,confirm_K4_i000678,Transformer,256,1,256,5,1.29849823564291,16,13,795656,cpu,1.2867240570485592,1.2263601571321487,1.2901835218071938,1.2786348462104795,project://predictive_profile_confirmatory64_v1/runs/confirm_K4_i000678/transformer/d256/n256/seed1/DONE.json,1.2733638444690638,1.2595491688538774,1.2566802598706246,1.255164811129834,0.0292109642801329,0.0234700350806456,0.444485742033475
done,confirm_K4_i000678,Transformer,256,2,256,16,1.329029068350792,16,24,795656,cpu,1.3361789770424366,1.2733988277614117,1.3401513248682022,1.3888664692640305,project://predictive_profile_confirmatory64_v1/runs/confirm_K4_i000678/transformer/d256/n256/seed2/DONE.json,1.2733638444690638,1.2595491688538774,1.2566802598706246,1.255164811129834,0.0740143798723761,0.1337016581341963,-2.895070921597861
done,confirm_K4_i000678,Transformer,256,3,256,8,1.3266758657991886,16,16,795656,cpu,1.2742566615343094,1.446665957570076,1.3155848570168018,1.2053708359599111,project://predictive_profile_confirmatory64_v1/runs/confirm_K4_i000678/transformer/d256/n256/seed3/DONE.json,1.2733638444690638,1.2595491688538774,1.2566802598706246,1.255164811129834,0.13276976366605,-0.0497939751699227,3.785136511943652
done,confirm_K4_i000678,Transformer,256,4,256,38,1.285907069221139,16,46,795656,cpu,1.3316255509853363,1.3180063664913175,1.2207282967865467,1.350173994898796,project://predictive_profile_confirmatory64_v1/runs/confirm_K4_i000678/transformer/d256/n256/seed4/DONE.json,1.2733638444690638,1.2595491688538774,1.2566802598706246,1.255164811129834,0.0704223806038594,0.0950091837689619,-1.019199402941744
done,confirm_K4_i000678,Transformer,256,5,256,5,1.353370774537325,16,13,795656,cpu,1.2864899039268494,1.2864941395819187,1.2423455081880093,1.3538398519158363,project://predictive_profile_confirmatory64_v1/runs/confirm_K4_i000678/transformer/d256/n256/seed5/DONE.json,1.2733638444690638,1.2595491688538774,1.2566802598706246,1.255164811129834,0.0794277098225416,0.0986750407860022,-3.700743151220456
done,confirm_K4_i000909,GRU,8,1,256,47,1.7024113684892654,16,48,576,cpu,1.6710141897201538,1.65302162617445,1.6288560032844543,1.6543859615921974,project://predictive_profile_confirmatory64_v1/runs/confirm_K4_i000909/gru/d8/n256/seed1/DONE.json,1.6318533017249228,1.6316537487975449,1.6316514294605773,1.6316514066853085,0.015194342370592,0.0227345549068891,82.36075616173164
done,confirm_K4_i000909,GRU,8,2,256,48,1.6078094616532326,16,48,576,cpu,1.7109403535723686,1.6240402981638908,1.6657720431685448,1.6914575472474098,project://predictive_profile_confirmatory64_v1/runs/confirm_K4_i000909/gru/d8/n256/seed2/DONE.json,1.6318533017249228,1.6316537487975449,1.6316514294605773,1.6316514066853085,0.0373393261413839,0.0598061405621015,96.49967806121158
done,confirm_K4_i000909,GRU,8,3,256,48,1.6544729135930538,16,48,576,cpu,1.7247069254517555,1.6587097942829132,1.64511439204216,1.6413497850298882,project://predictive_profile_confirmatory64_v1/runs/confirm_K4_i000909/gru/d8/n256/seed3/DONE.json,1.6318533017249228,1.6316537487975449,1.6316514294605773,1.6316514066853085,0.0425154546536626,0.0096983783445798,412.8736425670144
done,confirm_K4_i000909,GRU,8,4,256,48,1.6324966996908188,16,48,576,cpu,1.682084433734417,1.6300854235887527,1.6376818493008614,1.7123758718371391,project://predictive_profile_confirmatory64_v1/runs/confirm_K4_i000909/gru/d8/n256/seed4/DONE.json,1.6318533017249228,1.6316537487975449,1.6316514294605773,1.6316514066853085,0.0576219296719364,0.0807244651518308,-150.035573734524
done,confirm_K4_i000909,GRU,8,5,256,46,1.6522631794214249,16,48,576,cpu,1.626898132264614,1.6765365451574326,1.6734905913472176,1.6743719354271889,project://predictive_profile_confirmatory64_v1/runs/confirm_K4_i000909/gru/d8/n256/seed5/DONE.json,1.6318533017249228,1.6316537487975449,1.6316514294605773,1.6316514066853085,0.023866422060353,0.0427205287418805,-235.14100818530213
done,confirm_K4_i000909,GRU,32,1,256,48,1.6272178255021572,16,48,6888,cpu,1.646461382508278,1.6042499169707298,1.5772140994668007,1.627632312476635,project://predictive_profile_confirmatory64_v1/runs/confirm_K4_i000909/gru/d32/n256/seed1/DONE.json,1.6318533017249228,1.6316537487975449,1.6316514294605773,1.6316514066853085,0.0293079174513272,-0.0040190942086733,93.261677293268
done,confirm_K4_i000909,GRU,32,2,256,46,1.660429671406746,16,48,6888,cpu,1.691796563565731,1.6188537552952766,1.6631648242473602,1.56653094291687,project://predictive_profile_confirmatory64_v1/runs/confirm_K4_i000909/gru/d32/n256/seed2/DONE.json,1.6318533017249228,1.6316537487975449,1.6316514294605773,1.6316514066853085,0.0832413204055061,-0.0651204637684381,620.44922395329
done,confirm_K4_i000909,GRU,32,3,256,23,1.6146122850477695,16,31,6888,cpu,1.6282969415187836,1.6401348859071732,1.6859661489725113,1.6855424642562866,project://predictive_profile_confirmatory64_v1/runs/confirm_K4_i000909/gru/d32/n256/seed3/DONE.json,1.6318533017249228,1.6316537487975449,1.6316514294605773,1.6316514066853085,0.0366143625337279,0.0538910575709783,-283.54100648929455
done,confirm_K4_i000909,GRU,32,4,256,31,1.6635560654103756,16,39,6888,cpu,1.6374479234218595,1.6154329776763916,1.626883327960968,1.627551406621933,project://predictive_profile_confirmatory64_v1/runs/confirm_K4_i000909/gru/d32/n256/seed4/DONE.json,1.6318533017249228,1.6316537487975449,1.6316514294605773,1.6316514066853085,0.0077676434914278,-0.0041000000633752,49.01812753211381
done,confirm_K4_i000909,GRU,32,5,256,43,1.6612843498587608,16,48,6888,cpu,1.6170122772455215,1.7041543126106262,1.5894180312752724,1.6506375670433044,project://predictive_profile_confirmatory64_v1/runs/confirm_K4_i000909/gru/d32/n256/seed5/DONE.json,1.6318533017249228,1.6316537487975449,1.6316514294605773,1.6316514066853085,0.0440338056480863,0.0189861603579961,-166.5483701926526
done,confirm_K4_i000909,GRU,128,1,256,10,1.644478190690279,16,18,101256,cpu,1.6884898617863655,1.657974898815155,1.6676819771528244,1.6613235771656036,project://predictive_profile_confirmatory64_v1/runs/confirm_K4_i000909/gru/d128/n256/seed1/DONE.json,1.6318533017249228,1.6316537487975449,1.6316514294605773,1.6316514066853085,0.0139529262557598,0.0296721704802953,134.5564738620019
done,confirm_K4_i000909,GRU,128,2,256,11,1.7091078832745552,16,19,101256,cpu,1.6507622376084328,1.6600541472434998,1.689958117902279,1.7298177927732468,project://predictive_profile_confirmatory64_v1/runs/confirm_K4_i000909/gru/d128/n256/seed2/DONE.json,1.6318533017249228,1.6316537487975449,1.6316514294605773,1.6316514066853085,0.0564310019869803,0.0981663860879384,-391.56759529975136
done,confirm_K4_i000909,GRU,128,3,256,15,1.6690277867019176,16,23,101256,cpu,1.671879693865776,1.661580704152584,1.7317115887999537,1.6344392150640488,project://predictive_profile_confirmatory64_v1/runs/confirm_K4_i000909/gru/d128/n256/seed3/DONE.json,1.6318533017249228,1.6316537487975449,1.6316514294605773,1.6316514066853085,0.0538171805295904,0.0027878083787404,185.4452634062173
done,confirm_K4_i000909,GRU,128,4,256,7,1.686248991638422,16,15,101256,cpu,1.7419547587633133,1.675335772335529,1.6547322794795036,1.58732408285141,project://predictive_profile_confirmatory64_v1/runs/confirm_K4_i000909/gru/d128/n256/seed4/DONE.json,1.6318533017249228,1.6316537487975449,1.6316514294605773,1.6316514066853085,0.0950496652922812,-0.0443273238338983,765.8963598468033
done,confirm_K4_i000909,GRU,128,5,256,12,1.6508703827857971,16,20,101256,cpu,1.7105286717414856,1.635853797197342,1.6280496641993525,1.5777447298169136,project://predictive_profile_confirmatory64_v1/runs/confirm_K4_i000909/gru/d128/n256/seed5/DONE.json,1.6318533017249228,1.6316537487975449,1.6316514294605773,1.6316514066853085,0.0766240412817728,-0.0539066768683946,657.6879856884226
done,confirm_K4_i000909,GRU,256,1,256,14,1.6860708706080914,16,22,399112,cpu,1.6475308686494827,1.6807792633771896,1.6412745341658592,1.612688086926937,project://predictive_profile_confirmatory64_v1/runs/confirm_K4_i000909/gru/d256/n256/seed1/DONE.json,1.6318533017249228,1.6316537487975449,1.6316514294605773,1.6316514066853085,0.0407837714517232,-0.0189633197583711,172.5786913292549
done,confirm_K4_i000909,GRU,256,2,256,10,1.631622839719057,16,18,399112,cpu,1.6625836566090584,1.6570093780755997,1.64964260160923,1.624190390110016,project://predictive_profile_confirmatory64_v1/runs/confirm_K4_i000909/gru/d256/n256/seed2/DONE.json,1.6318533017249228,1.6316537487975449,1.6316514294605773,1.6316514066853085,0.0282104901138536,-0.0074610165752924,190.16448632092724
done,confirm_K4_i000909,GRU,256,3,256,14,1.627346932888031,16,22,399112,cpu,1.6461971402168274,1.6835432648658752,1.6438268944621086,1.5798190087080002,project://predictive_profile_confirmatory64_v1/runs/confirm_K4_i000909/gru/d256/n256/seed3/DONE.json,1.6318533017249228,1.6316537487975449,1.6316514294605773,1.6316514066853085,0.0693443152854613,-0.0518323979773081,328.77544508055547
done,confirm_K4_i000909,GRU,256,4,256,13,1.604115553200245,16,21,399112,cpu,1.6413304209709167,1.714837059378624,1.6289374381303787,1.652694933116436,project://predictive_profile_confirmatory64_v1/runs/confirm_K4_i000909/gru/d256/n256/seed4/DONE.json,1.6318533017249228,1.6316537487975449,1.6316514294605773,1.6316514066853085,0.0337622355582187,0.0210435264311277,-56.28920931993385
done,confirm_K4_i000909,GRU,256,5,256,16,1.651989471167326,16,24,399112,cpu,1.6432484090328217,1.665636919438839,1.5955269262194631,1.667184196412563,project://predictive_profile_confirmatory64_v1/runs/confirm_K4_i000909/gru/d256/n256/seed5/DONE.json,1.6318533017249228,1.6316537487975449,1.6316514294605773,1.6316514066853085,0.0378146686731615,0.035532789727255,-118.55559911447033
done,confirm_K4_i000909,Transformer,8,1,256,42,1.6109467148780825,16,48,1064,cpu,1.6327299252152443,1.6817708760499954,1.6626926064491272,1.6194011121988297,project://predictive_profile_confirmatory64_v1/runs/confirm_K4_i000909/transformer/d8/n256/seed1/DONE.json,1.6318533017249228,1.6316537487975449,1.6316514294605773,1.6316514066853085,0.0385232487350311,-0.0122502944864786,66.01852646732705
done,confirm_K4_i000909,Transformer,8,2,256,48,1.659969363361597,16,48,1064,cpu,1.6495822370052338,1.6731451600790024,1.7354816645383837,1.6074930503964424,project://predictive_profile_confirmatory64_v1/runs/confirm_K4_i000909/transformer/d8/n256/seed2/DONE.json,1.6318533017249228,1.6316537487975449,1.6316514294605773,1.6316514066853085,0.0749091394575182,-0.0241583562888658,208.47063250859532
done,confirm_K4_i000909,Transformer,8,3,256,35,1.6545596718788147,16,43,1064,cpu,1.654187761247158,1.6851416155695915,1.6058368310332298,1.665896214544773,project://predictive_profile_confirmatory64_v1/runs/confirm_K4_i000909/transformer/d8/n256/seed3/DONE.json,1.6318533017249228,1.6316537487975449,1.6316514294605773,1.6316514066853085,0.0320908242234117,0.0342448078594648,-57.99277347263641
done,confirm_K4_i000909,Transformer,8,4,256,48,1.6823388263583183,16,48,1064,cpu,1.6276448294520378,1.6077987477183342,1.683931477367878,1.6594844162464142,project://predictive_profile_confirmatory64_v1/runs/confirm_K4_i000909/transformer/d8/n256/seed4/DONE.json,1.6318533017249228,1.6316537487975449,1.6316514294605773,1.6316514066853085,0.0327718045199366,0.0278330095611059,-157.70366055136674
done,confirm_K4_i000909,Transformer,8,5,256,47,1.6408371850848198,16,48,1064,cpu,1.6622551456093788,1.6661411300301552,1.5814248397946358,1.749603271484375,project://predictive_profile_confirmatory64_v1/runs/confirm_K4_i000909/transformer/d8/n256/seed5/DONE.json,1.6318533017249228,1.6316537487975449,1.6316514294605773,1.6316514066853085,0.1035800641115399,0.1179518647990667,-432.64126766938654
done,confirm_K4_i000909,Transformer,32,1,256,11,1.646159004420042,16,19,13448,cpu,1.580825850367546,1.668343298137188,1.665420085191727,1.5971475541591644,project://predictive_profile_confirmatory64_v1/runs/confirm_K4_i000909/transformer/d32/n256/seed1/DONE.json,1.6318533017249228,1.6316537487975449,1.6316514294605773,1.6316514066853085,0.0500066624843658,-0.0345038525261438,-80.842520067753
done,confirm_K4_i000909,Transformer,32,2,256,25,1.6482090651988983,16,33,13448,cpu,1.649027869105339,1.588564559817314,1.6928423270583153,1.6506343632936478,project://predictive_profile_confirmatory64_v1/runs/confirm_K4_i000909/transformer/d32/n256/seed2/DONE.json,1.6318533017249228,1.6316537487975449,1.6316514294605773,1.6316514066853085,0.037542415386243,0.0189829566083394,-7.957076069703542
done,confirm_K4_i000909,Transformer,32,3,256,40,1.6647159345448015,16,48,13448,cpu,1.6239631623029709,1.6443501189351082,1.6545755788683891,1.6387927755713465,project://predictive_profile_confirmatory64_v1/runs/confirm_K4_i000909/transformer/d32/n256/seed3/DONE.json,1.6318533017249228,1.6316537487975449,1.6316514294605773,1.6316514066853085,0.011246115350601,0.007141368886038,-73.45209320985865
done,confirm_K4_i000909,Transformer,32,4,256,22,1.6232285425066948,16,30,13448,cpu,1.6415395587682724,1.6978959813714027,1.6697769239544868,1.6625905111432076,project://predictive_profile_confirmatory64_v1/runs/confirm_K4_i000909/transformer/d32/n256/seed4/DONE.json,1.6318533017249228,1.6316537487975449,1.6316514294605773,1.6316514066853085,0.0209143406526932,0.0309391044578992,-104.26681316750374
done,confirm_K4_i000909,Transformer,32,5,256,19,1.6039615534245968,16,27,13448,cpu,1.6845922619104383,1.5881667733192444,1.6579549685120585,1.604799009859562,project://predictive_profile_confirmatory64_v1/runs/confirm_K4_i000909/transformer/d32/n256/seed5/DONE.json,1.6318533017249228,1.6316537487975449,1.6316514294605773,1.6316514066853085,0.0485722318738445,-0.0268523968257463,395.22145865108
done,confirm_K4_i000909,Transformer,128,1,256,14,1.6434496268630028,16,22,201224,cpu,1.6188443899154663,1.6604528352618215,1.6181841045618055,1.6480084359645844,project://predictive_profile_confirmatory64_v1/runs/confirm_K4_i000909/transformer/d128/n256/seed1/DONE.json,1.6318533017249228,1.6316537487975449,1.6316514294605773,1.6316514066853085,0.0218326326009907,0.016357029279276,-144.45152344900663
done,confirm_K4_i000909,Transformer,128,2,256,11,1.590187318623066,16,19,201224,cpu,1.6971700191497805,1.634925656020641,1.629206322133541,1.606864146888256,project://predictive_profile_confirmatory64_v1/runs/confirm_K4_i000909/transformer/d128/n256/seed2/DONE.json,1.6318533017249228,1.6316537487975449,1.6316514294605773,1.6316514066853085,0.0484902447458879,-0.0247872597970522,447.291188698526
done,confirm_K4_i000909,Transformer,128,3,256,26,1.5988238006830215,16,34,201224,cpu,1.605989433825016,1.6609746366739273,1.6430246010422709,1.5493973717093468,project://predictive_profile_confirmatory64_v1/runs/confirm_K4_i000909/transformer/d128/n256/seed3/DONE.json,1.6318533017249228,1.6316537487975449,1.6316514294605773,1.6316514066853085,0.0780942830176474,-0.0822540349759615,280.30437114113846
done,confirm_K4_i000909,Transformer,128,4,256,16,1.60849766805768,16,24,201224,cpu,1.6551897823810575,1.5660698860883713,1.639737531542778,1.6498994529247284,project://predictive_profile_confirmatory64_v1/runs/confirm_K4_i000909/transformer/d128/n256/seed4/DONE.json,1.6318533017249228,1.6316537487975449,1.6316514294605773,1.6316514066853085,0.0422993682926617,0.0182480462394201,26.20336520614701
done,confirm_K4_i000909,Transformer,128,5,256,13,1.5839408189058304,16,21,201224,cpu,1.6448511853814125,1.64286457747221,1.6810211837291718,1.698903188109398,project://predictive_profile_confirmatory64_v1/runs/confirm_K4_i000909/transformer/d128/n256/seed5/DONE.json,1.6318533017249228,1.6316537487975449,1.6316514294605773,1.6316514066853085,0.0400120003974754,0.0672517814240896,-267.7232825094744
done,confirm_K4_i000909,Transformer,256,1,256,13,1.6469629518687725,16,21,795656,cpu,1.727166049182415,1.7277417182922363,1.6392323449254036,1.6696151420474052,project://predictive_profile_confirmatory64_v1/runs/confirm_K4_i000909/transformer/d256/n256/seed1/DONE.json,1.6318533017249228,1.6316537487975449,1.6316514294605773,1.6316514066853085,0.0435615987043876,0.0379637353620969,285.0535963879357
done,confirm_K4_i000909,Transformer,256,2,256,8,1.6537123657763004,16,16,795656,cpu,1.6863634809851646,1.621601827442646,1.6558672562241554,1.6436012536287308,project://predictive_profile_confirmatory64_v1/runs/confirm_K4_i000909/transformer/d256/n256/seed2/DONE.json,1.6318533017249228,1.6316537487975449,1.6316514294605773,1.6316514066853085,0.0247280910915075,0.0119498469434224,211.80424956490089
done,confirm_K4_i000909,Transformer,256,3,256,8,1.6420214921236038,16,16,795656,cpu,1.5739921405911446,1.6472054943442345,1.6551423594355583,1.6672954857349396,project://predictive_profile_confirmatory64_v1/runs/confirm_K4_i000909/transformer/d256/n256/seed3/DONE.json,1.6318533017249228,1.6316537487975449,1.6316514294605773,1.6316514066853085,0.048204332895968,0.0356440790496312,-462.13787779001433
done,confirm_K4_i000909,Transformer,256,4,256,14,1.6655223183333874,16,22,795656,cpu,1.6271384358406067,1.6857118010520935,1.6058173775672913,1.6429204866290092,project://predictive_profile_confirmatory64_v1/runs/confirm_K4_i000909/transformer/d256/n256/seed4/DONE.json,1.6318533017249228,1.6316537487975449,1.6316514294605773,1.6316514066853085,0.0294237364544525,0.0112690799437009,-78.16958167240611
done,confirm_K4_i000909,Transformer,256,5,256,16,1.616905990988016,16,24,795656,cpu,1.5962732881307602,1.6449444890022278,1.689774513244629,1.6656042411923409,project://predictive_profile_confirmatory64_v1/runs/confirm_K4_i000909/transformer/d256/n256/seed5/DONE.json,1.6318533017249228,1.6316537487975449,1.6316514294605773,1.6316514066853085,0.0382293737070603,0.0339528345070325,-343.4009730697076
done,confirm_K4_i001008,GRU,8,1,256,48,1.662766084074974,16,48,576,cpu,1.652603693306446,1.594598539173603,1.6077078431844711,1.6602670848369598,project://predictive_profile_confirmatory64_v1/runs/confirm_K4_i001008/gru/d8/n256/seed1/DONE.json,1.6121583926377874,1.6112024288978564,1.6111797657977962,1.61117935012559,0.0422865190257572,0.0490877347113698,-7.827434901998184
done,confirm_K4_i001008,GRU,8,2,256,47,1.6717246137559414,16,48,576,cpu,1.6824287176132202,1.5425026267766953,1.6086819767951963,1.6117546558380127,project://predictive_profile_confirmatory64_v1/runs/confirm_K4_i001008/gru/d8/n256/seed2/DONE.json,1.6121583926377874,1.6112024288978564,1.6111797657977962,1.61117935012559,0.0491576041588519,0.0005753057124227,72.18691823359677
done,confirm_K4_i001008,GRU,8,3,256,48,1.6421599611639977,16,48,576,cpu,1.6725007221102717,1.6598591804504397,1.5787563771009443,1.6670686602592468,project://predictive_profile_confirmatory64_v1/runs/confirm_K4_i001008/gru/d8/n256/seed3/DONE.json,1.6121583926377874,1.6112024288978564,1.6111797657977962,1.61117935012559,0.0443600948477027,0.0558893101336568,5.548341142850689
done,confirm_K4_i001008,GRU,8,4,256,48,1.6535265557467935,16,48,576,cpu,1.649123527109623,1.6549634039402008,1.640185371041298,1.641471527516842,project://predictive_profile_confirmatory64_v1/runs/confirm_K4_i001008/gru/d8/n256/seed4/DONE.json,1.6121583926377874,1.6112024288978564,1.6111797657977962,1.61117935012559,0.0075430785203515,0.0302921773912518,7.8157991072387425
done,confirm_K4_i001008,GRU,8,5,256,46,1.6542796194553375,16,48,576,cpu,1.6664604768157003,1.6632183492183683,1.6979826018214226,1.6533106192946434,project://predictive_profile_confirmatory64_v1/runs/confirm_K4_i001008/gru/d8/n256/seed5/DONE.json,1.6121583926377874,1.6112024288978564,1.6111797657977962,1.61117935012559,0.023671628332291,0.0421312691690534,13.431344765145433
done,confirm_K4_i001008,GRU,32,1,256,34,1.642992451786995,16,42,6888,cpu,1.6534685268998146,1.6468231156468391,1.6330558508634567,1.6568462029099464,project://predictive_profile_confirmatory64_v1/runs/confirm_K4_i001008/gru/d32/n256/seed1/DONE.json,1.6121583926377874,1.6112024288978564,1.6111797657977962,1.61117935012559,0.0130949138689229,0.0456668527843564,-3.449978900866028
done,confirm_K4_i001008,GRU,32,2,256,44,1.6462627314031124,16,48,6888,cpu,1.6148522272706032,1.6452734172344208,1.5638983324170113,1.609843760728836,project://predictive_profile_confirmatory64_v1/runs/confirm_K4_i001008/gru/d32/n256/seed2/DONE.json,1.6121583926377874,1.6112024288978564,1.6111797657977962,1.61117935012559,0.0290726786872164,-0.0013355893967539,5.115678307498645
done,confirm_K4_i001008,GRU,32,3,256,28,1.6214253678917885,16,36,6888,cpu,1.6534345373511314,1.644575648009777,1.5340959057211876,1.634447105228901,project://predictive_profile_confirmatory64_v1/runs/confirm_K4_i001008/gru/d32/n256/seed3/DONE.json,1.6121583926377874,1.6112024288978564,1.6111797657977962,1.61117935012559,0.0512271148133357,0.0232677551033109,19.39387910706225
done,confirm_K4_i001008,GRU,32,4,256,30,1.6161451153457165,16,38,6888,cpu,1.6530527174472809,1.6063304916024208,1.6026567965745926,1.589923307299614,project://predictive_profile_confirmatory64_v1/runs/confirm_K4_i001008/gru/d32/n256/seed4/DONE.json,1.6121583926377874,1.6112024288978564,1.6111797657977962,1.61117935012559,0.0327614036429818,-0.021256042825976,64.4807649935222
done,confirm_K4_i001008,GRU,32,5,256,34,1.6098110228776932,16,42,6888,cpu,1.6803637444972992,1.6143764555454254,1.651452712714672,1.6077450811862946,project://predictive_profile_confirmatory64_v1/runs/confirm_K4_i001008/gru/d32/n256/seed5/DONE.json,1.6121583926377874,1.6112024288978564,1.6111797657977962,1.61117935012559,0.0420898608831694,-0.0034342689392954,74.17314611601284
done,confirm_K4_i001008,GRU,128,1,256,29,1.6277147494256496,16,37,101256,cpu,1.601126492023468,1.6319647133350372,1.680727757513523,1.6222727000713348,project://predictive_profile_confirmatory64_v1/runs/confirm_K4_i001008/gru/d128/n256/seed1/DONE.json,1.6121583926377874,1.6112024288978564,1.6111797657977962,1.61117935012559,0.0316226190842972,0.0110933499457448,-21.59886601901064
done,confirm_K4_i001008,GRU,128,2,256,6,1.6434085257351398,16,14,101256,cpu,1.637480340898037,1.651917316019535,1.5675134360790253,1.5972482189536097,project://predictive_profile_confirmatory64_v1/runs/confirm_K4_i001008/gru/d128/n256/seed2/DONE.json,1.6121583926377874,1.6112024288978564,1.6111797657977962,1.61117935012559,0.0367803398328541,-0.0139311311719805,41.09333501170421
done,confirm_K4_i001008,GRU,128,3,256,6,1.665011789649725,16,14,101256,cpu,1.6802672743797302,1.607586748898029,1.5747292414307594,1.6593729183077812,project://predictive_profile_confirmatory64_v1/runs/confirm_K4_i001008/gru/d128/n256/seed3/DONE.json,1.6121583926377874,1.6112024288978564,1.6111797657977962,1.61117935012559,0.0506098812359095,0.0481935681821912,21.341622872997952
done,confirm_K4_i001008,GRU,128,4,256,14,1.6528005190193653,16,22,101256,cpu,1.7041257470846176,1.7155684977769852,1.5938730835914612,1.6401707753539083,project://predictive_profile_confirmatory64_v1/runs/confirm_K4_i001008/gru/d128/n256/seed4/DONE.json,1.6121583926377874,1.6112024288978564,1.6111797657977962,1.61117935012559,0.054292769588713,0.0289914252283185,65.32399863532724
done,confirm_K4_i001008,GRU,128,5,256,6,1.6174030900001526,16,14,101256,cpu,1.6699678972363472,1.6902279183268547,1.6111794859170914,1.6968619748950005,project://predictive_profile_confirmatory64_v1/runs/confirm_K4_i001008/gru/d128/n256/seed5/DONE.json,1.6121583926377874,1.6112024288978564,1.6111797657977962,1.61117935012559,0.0451740756083619,0.0856826247694104,-27.46977513600681
done,confirm_K4_i001008,GRU,256,1,256,13,1.7010195143520832,16,21,399112,cpu,1.6439191401004791,1.624013863503933,1.6621956378221512,1.6454691886901855,project://predictive_profile_confirmatory64_v1/runs/confirm_K4_i001008/gru/d256/n256/seed1/DONE.json,1.6121583926377874,1.6112024288978564,1.6111797657977962,1.61117935012559,0.0136700249972708,0.0342898385645955,-1.5832290941355174
done,confirm_K4_i001008,GRU,256,2,256,17,1.633998021483421,16,25,399112,cpu,1.656063474714756,1.6172319948673248,1.6262435838580132,1.6061695143580437,project://predictive_profile_confirmatory64_v1/runs/confirm_K4_i001008/gru/d256/n256/seed2/DONE.json,1.6121583926377874,1.6112024288978564,1.6111797657977962,1.61117935012559,0.0270068933628237,-0.0050098357675463,50.961995761276405
done,confirm_K4_i001008,GRU,256,3,256,16,1.641652625054121,16,24,399112,cpu,1.6517002657055857,1.6714704856276512,1.6938951909542084,1.6049123331904411,project://predictive_profile_confirmatory64_v1/runs/confirm_K4_i001008/gru/d256/n256/seed3/DONE.json,1.6121583926377874,1.6112024288978564,1.6111797657977962,1.61117935012559,0.0600900271082473,-0.0062670169351488,47.78947995846743
done,confirm_K4_i001008,GRU,256,4,256,27,1.6251580640673635,16,35,399112,cpu,1.6262940019369123,1.5828554332256315,1.576608031988144,1.6571965292096138,project://predictive_profile_confirmatory64_v1/runs/confirm_K4_i001008/gru/d256/n256/seed4/DONE.json,1.6121583926377874,1.6112024288978564,1.6111797657977962,1.61117935012559,0.0570986818160273,0.0460171790840238,-31.5640300474216
done,confirm_K4_i001008,GRU,256,5,256,21,1.647955734282732,16,29,399112,cpu,1.5732240676879885,1.6531854197382927,1.66735677421093,1.6011540964245796,project://predictive_profile_confirmatory64_v1/runs/confirm_K4_i001008/gru/d256/n256/seed5/DONE.json,1.6121583926377874,1.6112024288978564,1.6111797657977962,1.61117935012559,0.0445065484220589,-0.0100252537010103,-28.527901892538523
done,confirm_K4_i001008,Transformer,8,1,256,45,1.6323251202702522,16,48,1064,cpu,1.7337638884782791,1.6347153410315514,1.6297831982374191,1.6629604026675224,project://predictive_profile_confirmatory64_v1/runs/confirm_K4_i001008/transformer/d8/n256/seed1/DONE.json,1.6121583926377874,1.6112024288978564,1.6111797657977962,1.61117935012559,0.0411560904355197,0.0517810525419324,72.31911273377091
done,confirm_K4_i001008,Transformer,8,2,256,44,1.6759435534477234,16,48,1064,cpu,1.6744447201490402,1.6349242702126503,1.7066854238510132,1.664674311876297,project://predictive_profile_confirmatory64_v1/runs/confirm_K4_i001008/transformer/d8/n256/seed2/DONE.json,1.6121583926377874,1.6112024288978564,1.6111797657977962,1.61117935012559,0.0261181230960841,0.053494961750707,9.979554667972836
done,confirm_K4_i001008,Transformer,8,3,256,48,1.615362249314785,16,48,1064,cpu,1.6200864538550377,1.6226134225726128,1.6691792085766792,1.6711587235331535,project://predictive_profile_confirmatory64_v1/runs/confirm_K4_i001008/transformer/d8/n256/seed3/DONE.json,1.6121583926377874,1.6112024288978564,1.6111797657977962,1.61117935012559,0.0356095027201237,0.0599793734075635,-52.16552809692431
done,confirm_K4_i001008,Transformer,8,4,256,48,1.6454105079174042,16,48,1064,cpu,1.666826032102108,1.6665093079209328,1.5804409980773926,1.610130496323109,project://predictive_profile_confirmatory64_v1/runs/confirm_K4_i001008/transformer/d8/n256/seed4/DONE.json,1.6121583926377874,1.6112024288978564,1.6111797657977962,1.61117935012559,0.0423136716461384,-0.0010488538024813,57.90916642807554
done,confirm_K4_i001008,Transformer,8,5,256,38,1.667693667113781,16,46,1064,cpu,1.5864837914705276,1.6268365755677223,1.614813208580017,1.6378268375992775,project://predictive_profile_confirmatory64_v1/runs/confirm_K4_i001008/transformer/d8/n256/seed5/DONE.json,1.6121583926377874,1.6112024288978564,1.6111797657977962,1.61117935012559,0.0291055874724814,0.0266474874736875,-52.4421008169651
done,confirm_K4_i001008,Transformer,32,1,256,10,1.5962376929819584,16,18,13448,cpu,1.7008415907621384,1.677031397819519,1.62485109269619,1.6262915879487991,project://predictive_profile_confirmatory64_v1/runs/confirm_K4_i001008/transformer/d32/n256/seed1/DONE.json,1.6121583926377874,1.6112024288978564,1.6111797657977962,1.61117935012559,0.0446848666699316,0.0151122378232091,76.14582807647221
done,confirm_K4_i001008,Transformer,32,2,256,12,1.659766610711813,16,20,13448,cpu,1.609692081809044,1.6202792674303057,1.6499607488512993,1.6353564262390137,project://predictive_profile_confirmatory64_v1/runs/confirm_K4_i001008/transformer/d32/n256/seed2/DONE.json,1.6121583926377874,1.6112024288978564,1.6111797657977962,1.61117935012559,0.0169643843143983,0.0241770761134236,-26.213718107468345
done,confirm_K4_i001008,Transformer,32,3,256,27,1.6356455944478512,16,35,13448,cpu,1.619454748928547,1.6867728754878044,1.6388019397854805,1.670504592359066,project://predictive_profile_confirmatory64_v1/runs/confirm_K4_i001008/transformer/d32/n256/seed3/DONE.json,1.6121583926377874,1.6112024288978564,1.6111797657977962,1.61117935012559,0.031527750368608,0.059325242233476,-52.14262179069414
done,confirm_K4_i001008,Transformer,32,4,256,12,1.6689949035644531,16,20,13448,cpu,1.6319131553173063,1.6512773633003237,1.631309188902378,1.6236713230609894,project://predictive_profile_confirmatory64_v1/runs/confirm_K4_i001008/transformer/d32/n256/seed4/DONE.json,1.6121583926377874,1.6112024288978564,1.6111797657977962,1.61117935012559,0.0147639639261258,0.0124919729353993,8.418257791297558
done,confirm_K4_i001008,Transformer,32,5,256,29,1.620384443551302,16,37,13448,cpu,1.6606694012880323,1.5662239864468577,1.7385617196559906,1.6171953603625298,project://predictive_profile_confirmatory64_v1/runs/confirm_K4_i001008/transformer/d32/n256/seed5/DONE.json,1.6121583926377874,1.6112024288978564,1.6111797657977962,1.61117935012559,0.0691663779703816,0.0060160102369397,44.40465085415835
done,confirm_K4_i001008,Transformer,128,1,256,22,1.6366520524024963,16,30,201224,cpu,1.6629670187830925,1.6263914480805397,1.6206338927149773,1.6247631460428238,project://predictive_profile_confirmatory64_v1/runs/confirm_K4_i001008/transformer/d128/n256/seed1/DONE.json,1.6121583926377874,1.6112024288978564,1.6111797657977962,1.61117935012559,0.0187437915940896,0.0135837959172337,39.02166889007019
done,confirm_K4_i001008,Transformer,128,2,256,13,1.6201607808470726,16,21,201224,cpu,1.669548012316227,1.6784339845180511,1.6766198873519895,1.7108362168073654,project://predictive_profile_confirmatory64_v1/runs/confirm_K4_i001008/transformer/d128/n256/seed2/DONE.json,1.6121583926377874,1.6112024288978564,1.6111797657977962,1.61117935012559,0.0316571738070818,0.0996568666817754,-42.17202417336347
done,confirm_K4_i001008,Transformer,128,3,256,19,1.645767904818058,16,27,201224,cpu,1.630608506500721,1.694259576499462,1.6225744858384132,1.663414128124714,project://predictive_profile_confirmatory64_v1/runs/confirm_K4_i001008/transformer/d128/n256/seed3/DONE.json,1.6121583926377874,1.6112024288978564,1.6111797657977962,1.61117935012559,0.0306566971996388,0.0522347779991239,-33.50786223814058
done,confirm_K4_i001008,Transformer,128,4,256,18,1.675222858786583,16,26,201224,cpu,1.6248789504170418,1.6503872573375702,1.6372751221060753,1.581875406205654,project://predictive_profile_confirmatory64_v1/runs/confirm_K4_i001008/transformer/d128/n256/seed4/DONE.json,1.6121583926377874,1.6112024288978564,1.6111797657977962,1.61117935012559,0.0488002385961714,-0.0293039439199358,43.92408263750436
done,confirm_K4_i001008,Transformer,128,5,256,9,1.6672184616327286,16,17,201224,cpu,1.5928081050515177,1.6412838101387024,1.6810519620776176,1.651327259838581,project://predictive_profile_confirmatory64_v1/runs/confirm_K4_i001008/transformer/d128/n256/seed5/DONE.json,1.6121583926377874,1.6112024288978564,1.6111797657977962,1.61117935012559,0.0336337021796937,0.040147909712991,-59.77182201794498
done,confirm_K4_i001008,Transformer,256,1,256,24,1.6457379944622517,16,32,795656,cpu,1.6543344408273697,1.6491345539689064,1.6383475810289383,1.6231914833188057,project://predictive_profile_confirmatory64_v1/runs/confirm_K4_i001008/transformer/d256/n256/seed1/DONE.json,1.6121583926377874,1.6112024288978564,1.6111797657977962,1.61117935012559,0.0212802869158862,0.0120121331932157,31.809606958400774
done,confirm_K4_i001008,Transformer,256,2,256,6,1.6758615337312222,16,14,795656,cpu,1.6988274455070496,1.6894315257668495,1.5968952625989914,1.6841196790337565,project://predictive_profile_confirmatory64_v1/runs/confirm_K4_i001008/transformer/d256/n256/seed2/DONE.json,1.6121583926377874,1.6112024288978564,1.6111797657977962,1.61117935012559,0.0442284418226347,0.0729403289081662,15.02260248156428
done,confirm_K4_i001008,Transformer,256,3,256,19,1.6605913564562798,16,27,795656,cpu,1.621466912329197,1.5910554453730583,1.646234691143036,1.6502774730324743,project://predictive_profile_confirmatory64_v1/runs/confirm_K4_i001008/transformer/d256/n256/seed3/DONE.json,1.6121583926377874,1.6112024288978564,1.6111797657977962,1.61117935012559,0.0332180317838042,0.0390981229068845,-29.42728261984725
done,confirm_K4_i001008,Transformer,256,4,256,11,1.6687114164233208,16,19,795656,cpu,1.668546475470066,1.6308299973607063,1.6321014016866684,1.6643137112259865,project://predictive_profile_confirmatory64_v1/runs/confirm_K4_i001008/transformer/d256/n256/seed4/DONE.json,1.6121583926377874,1.6112024288978564,1.6111797657977962,1.61117935012559,0.0232967354124845,0.0531343611003964,4.3233712441960215
done,confirm_K4_i001008,Transformer,256,5,256,14,1.6507426165044308,16,22,795656,cpu,1.6874303221702576,1.63065867125988,1.658623456954956,1.716510258615017,project://predictive_profile_confirmatory64_v1/runs/confirm_K4_i001008/transformer/d256/n256/seed5/DONE.json,1.6121583926377874,1.6112024288978564,1.6111797657977962,1.61117935012559,0.0539187593257227,0.1053309084894269,-29.702424647007227
done,confirm_K4_i000767,GRU,8,1,256,33,1.9893746934831145,16,41,576,cpu,1.999491810798645,2.0176566913723946,1.9425527229905128,1.9799967557191849,project://predictive_profile_confirmatory64_v1/runs/confirm_K4_i000767/gru/d8/n256/seed1/DONE.json,1.9702833566089573,1.970174153356505,1.9701666221910847,1.970165983253048,0.0282632864075484,0.0098307724661368,166.09438256615704
done,confirm_K4_i000767,GRU,8,2,256,40,1.9615538492798803,16,48,576,cpu,2.0098791494965558,1.9597868025302887,1.951496183872223,2.0019915848970413,project://predictive_profile_confirmatory64_v1/runs/confirm_K4_i000767/gru/d8/n256/seed2/DONE.json,1.9702833566089573,1.970174153356505,1.9701666221910847,1.970165983253048,0.0331366839022278,0.0318256016439932,67.20063968874076
done,confirm_K4_i000767,GRU,8,3,256,22,2.0059208273887634,16,30,576,cpu,1.9943151399493215,1.962512992322445,2.000571027398109,1.9865066334605217,project://predictive_profile_confirmatory64_v1/runs/confirm_K4_i000767/gru/d8/n256/seed3/DONE.json,1.9702833566089573,1.970174153356505,1.9701666221910847,1.970165983253048,0.0144311267442068,0.0163406502074736,66.52707872508303
done,confirm_K4_i000767,GRU,8,4,256,41,1.9689579866826532,16,48,576,cpu,1.9847451448440552,1.9782011210918429,1.9804254993796349,1.960681974887848,project://predictive_profile_confirmatory64_v1/runs/confirm_K4_i000767/gru/d8/n256/seed4/DONE.json,1.9702833566089573,1.970174153356505,1.9701666221910847,1.970165983253048,0.0178172457804574,-0.0094840083652001,205.01390430395364
done,confirm_K4_i000767,GRU,8,5,256,48,1.9587958417832847,16,48,576,cpu,1.987895406782627,1.965526595711708,1.9944443702697756,1.97677780687809,project://predictive_profile_confirmatory64_v1/runs/confirm_K4_i000767/gru/d8/n256/seed5/DONE.json,1.9702833566089573,1.970174153356505,1.9701666221910847,1.970165983253048,0.0118307178301101,0.0066118236250418,94.7199627923702
done,confirm_K4_i000767,GRU,32,1,256,11,1.9691458493471143,16,19,6888,cpu,1.99939826130867,1.988278292119503,1.9829833656549452,1.9969200640916824,project://predictive_profile_confirmatory64_v1/runs/confirm_K4_i000767/gru/d32/n256/seed1/DONE.json,1.9702833566089573,1.970174153356505,1.9701666221910847,1.970165983253048,0.0082861987713483,0.0267540808386343,21.11379706058897
done,confirm_K4_i000767,GRU,32,2,256,10,1.973694048821926,16,18,6888,cpu,1.9975946247577667,1.9795233458280563,1.986566036939621,1.9785386770963669,project://predictive_profile_confirmatory64_v1/runs/confirm_K4_i000767/gru/d32/n256/seed2/DONE.json,1.9702833566089573,1.970174153356505,1.9701666221910847,1.970165983253048,0.0102962541099394,0.0083726938433188,162.3532658991009
done,confirm_K4_i000767,GRU,32,3,256,46,1.983932662755251,16,48,6888,cpu,1.9788087829947472,1.9650529325008392,1.9766634404659271,1.9463990405201912,project://predictive_profile_confirmatory64_v1/runs/confirm_K4_i000767/gru/d32/n256/seed3/DONE.json,1.9702833566089573,1.970174153356505,1.9701666221910847,1.970165983253048,0.0240122639392228,-0.0237669427328568,276.12520936712303
done,confirm_K4_i000767,GRU,32,4,256,25,1.9723356515169144,16,33,6888,cpu,1.989442728459835,1.9869623556733127,1.9742097482085228,1.980919748544693,project://predictive_profile_confirmatory64_v1/runs/confirm_K4_i000767/gru/d32/n256/seed4/DONE.json,1.9702833566089573,1.970174153356505,1.9701666221910847,1.970165983253048,0.0061664684242241,0.0107537652916449,72.6142645332028
done,confirm_K4_i000767,GRU,32,5,256,13,1.961275722831488,16,21,6888,cpu,1.975248143076897,1.9731237292289732,1.9774777740240097,1.977242112159729,project://predictive_profile_confirmatory64_v1/runs/confirm_K4_i000767/gru/d32/n256/seed5/DONE.json,1.9702833566089573,1.970174153356505,1.9701666221910847,1.970165983253048,0.002320637984136,0.0070761289066809,-16.98825996229063
done,confirm_K4_i000767,GRU,128,1,256,17,1.9863996170461176,16,25,101256,cpu,2.0046162456274037,2.016981445252896,2.009049355983734,2.0294635221362114,project://predictive_profile_confirmatory64_v1/runs/confirm_K4_i000767/gru/d128/n256/seed1/DONE.json,1.9702833566089573,1.970174153356505,1.9701666221910847,1.970165983253048,0.0172916474023024,0.0592975388831633,-211.69435189384183
done,confirm_K4_i000767,GRU,128,2,256,1,2.0168118365108967,16,12,101256,cpu,2.017638221383095,1.9802496135234835,2.00489042699337,1.9913863465189932,project://predictive_profile_confirmatory64_v1/runs/confirm_K4_i000767/gru/d128/n256/seed2/DONE.json,1.9702833566089573,1.970174153356505,1.9701666221910847,1.970165983253048,0.0157286678352968,0.0212203632659453,223.66127866706623
done,confirm_K4_i000767,GRU,128,3,256,9,1.9886235520243645,16,17,101256,cpu,1.9927183613181116,2.008607439696789,1.9922913685441015,2.0049350559711456,project://predictive_profile_confirmatory64_v1/runs/confirm_K4_i000767/gru/d128/n256/seed3/DONE.json,1.9702833566089573,1.970174153356505,1.9701666221910847,1.970165983253048,0.009019904161699,0.0347690727180975,-104.08405347532772
done,confirm_K4_i000767,GRU,128,4,256,24,1.96537384018302,16,32,101256,cpu,1.9847607538104055,2.006673388183117,2.0067614689469337,2.0329140573740005,project://predictive_profile_confirmatory64_v1/runs/confirm_K4_i000767/gru/d128/n256/seed4/DONE.json,1.9702833566089573,1.970174153356505,1.9701666221910847,1.970165983253048,0.0304263500775975,0.0627480741209525,-410.2575340934861
done,confirm_K4_i000767,GRU,128,5,256,20,1.9500908590853212,16,28,101256,cpu,2.002291738986969,1.9438898861408236,1.9447929561138155,2.032145418226719,project://predictive_profile_confirmatory64_v1/runs/confirm_K4_i000767/gru/d128/n256/seed5/DONE.json,1.9702833566089573,1.970174153356505,1.9701666221910847,1.970165983253048,0.0638735261690599,0.0619794349736708,-254.348007761139
done,confirm_K4_i000767,GRU,256,1,256,27,1.994729332625866,16,35,399112,cpu,1.9937398061156275,2.020524583756924,2.0057075694203377,1.983348563313484,project://predictive_profile_confirmatory64_v1/runs/confirm_K4_i000767/gru/d256/n256/seed1/DONE.json,1.9702833566089573,1.970174153356505,1.9701666221910847,1.970165983253048,0.0222873174403583,0.0131825800604361,88.53153018969441
done,confirm_K4_i000767,GRU,256,2,256,13,1.9627609848976133,16,21,399112,cpu,1.972099833190441,2.008415251970291,1.98565374314785,1.9929082095623016,project://predictive_profile_confirmatory64_v1/runs/confirm_K4_i000767/gru/d256/n256/seed2/DONE.json,1.9702833566089573,1.970174153356505,1.9701666221910847,1.970165983253048,0.0135160885434467,0.0227422263092536,-177.28364508853127
done,confirm_K4_i000767,GRU,256,3,256,24,1.998188305646181,16,32,399112,cpu,1.9984304383397105,2.0195480957627296,1.9949108138680456,2.0209100767970085,project://predictive_profile_confirmatory64_v1/runs/confirm_K4_i000767/gru/d256/n256/seed3/DONE.json,1.9702833566089573,1.970174153356505,1.9701666221910847,1.970165983253048,0.0172372935384307,0.0507440935439604,-191.5224991495018
done,confirm_K4_i000767,GRU,256,4,256,24,2.009278111159801,16,32,399112,cpu,2.018323354423046,1.9906465262174609,1.949013248085976,1.9866483584046364,project://predictive_profile_confirmatory64_v1/runs/confirm_K4_i000767/gru/d256/n256/seed4/DONE.json,1.9702833566089573,1.970174153356505,1.9701666221910847,1.970165983253048,0.0246386548534135,0.0164823751515883,269.86530097092367
done,confirm_K4_i000767,GRU,256,5,256,26,1.955887958407402,16,34,399112,cpu,1.983989454805851,1.98471574485302,1.965347722172737,1.9894443228840828,project://predictive_profile_confirmatory64_v1/runs/confirm_K4_i000767/gru/d256/n256/seed5/DONE.json,1.9702833566089573,1.970174153356505,1.9701666221910847,1.970165983253048,0.0125913027146719,0.0192783396310347,-46.47450041771525
done,confirm_K4_i000767,Transformer,8,1,256,48,1.9928903095424173,16,48,1064,cpu,1.954673454165459,2.012314945459366,1.992810145020485,2.001382514834404,project://predictive_profile_confirmatory64_v1/runs/confirm_K4_i000767/transformer/d8/n256/seed1/DONE.json,1.9702833566089573,1.970174153356505,1.9701666221910847,1.970165983253048,0.0244210507067513,0.0312165315813559,-397.9528429354137
done,confirm_K4_i000767,Transformer,8,2,256,26,1.992978297173977,16,34,1064,cpu,2.0034291222691536,1.9786961525678637,1.992895245552063,1.997439615428448,project://predictive_profile_confirmatory64_v1/runs/confirm_K4_i000767/transformer/d8/n256/seed2/DONE.json,1.9702833566089573,1.970174153356505,1.9701666221910847,1.970165983253048,0.0100841806261658,0.0272736321753996,51.02952705329644
done,confirm_K4_i000767,Transformer,8,3,256,30,1.96485535800457,16,38,1064,cpu,1.9780732840299609,1.9703676775097847,1.9721078425645828,1.9932451322674751,project://predictive_profile_confirmatory64_v1/runs/confirm_K4_i000767/transformer/d8/n256/seed3/DONE.json,1.9702833566089573,1.970174153356505,1.9701666221910847,1.970165983253048,0.0173516868736659,0.023079149014427,-129.26143348281272
done,confirm_K4_i000767,Transformer,8,4,256,37,1.9820273220539093,16,45,1064,cpu,1.9714664816856384,1.9595299661159515,2.002376511693001,1.980538949370384,project://predictive_profile_confirmatory64_v1/runs/confirm_K4_i000767/transformer/d8/n256/seed4/DONE.json,1.9702833566089573,1.970174153356505,1.9701666221910847,1.970165983253048,0.0158352860451394,0.0103729661173361,-77.29580205376843
done,confirm_K4_i000767,Transformer,8,5,256,35,1.991189680993557,16,43,1064,cpu,1.9684815630316732,2.013122983276844,2.0120553597807884,1.9984120056033132,project://predictive_profile_confirmatory64_v1/runs/confirm_K4_i000767/transformer/d8/n256/seed5/DONE.json,1.9702833566089573,1.970174153356505,1.9701666221910847,1.970165983253048,0.0180635508106994,0.0282460223502654,-255.0020176196411
done,confirm_K4_i000767,Transformer,32,1,256,29,1.9600589461624625,16,37,13448,cpu,2.0012200474739075,2.010348662734032,1.9935301095247269,1.998013585805893,project://predictive_profile_confirmatory64_v1/runs/confirm_K4_i000767/transformer/d32/n256/seed1/DONE.json,1.9702833566089573,1.970174153356505,1.9701666221910847,1.970165983253048,0.0067379965079291,0.0278476025528449,27.31847993248505
done,confirm_K4_i000767,Transformer,32,2,256,18,1.976209178566933,16,26,13448,cpu,1.9934264495968816,1.969692789018154,1.9737471267580984,2.063052110373974,project://predictive_profile_confirmatory64_v1/runs/confirm_K4_i000767/transformer/d32/n256/seed2/DONE.json,1.9702833566089573,1.970174153356505,1.9701666221910847,1.970165983253048,0.0734116364945247,0.0928861271209258,-593.1981771990987
done,confirm_K4_i000767,Transformer,32,3,256,29,1.9719834811985493,16,37,13448,cpu,1.965638816356659,1.9850619286298752,1.992437101900577,1.9950482696294785,project://predictive_profile_confirmatory64_v1/runs/confirm_K4_i000767/transformer/d32/n256/seed3/DONE.json,1.9702833566089573,1.970174153356505,1.9701666221910847,1.970165983253048,0.0156408541727878,0.0248822863764304,-250.56328197316756
done,confirm_K4_i000767,Transformer,32,4,256,28,1.9603161215782168,16,36,13448,cpu,2.012309394776821,2.0083213821053505,2.0262540355324745,1.9820953980088236,project://predictive_profile_confirmatory64_v1/runs/confirm_K4_i000767/transformer/d32/n256/seed4/DONE.json,1.9702833566089573,1.970174153356505,1.9701666221910847,1.970165983253048,0.0297620116527402,0.0119294147557753,257.4178486586465
done,confirm_K4_i000767,Transformer,32,5,256,23,2.027688268572092,16,31,13448,cpu,1.9855436384677887,1.9858289137482643,1.9879615604877472,2.003307096660137,project://predictive_profile_confirmatory64_v1/runs/confirm_K4_i000767/transformer/d32/n256/seed5/DONE.json,1.9702833566089573,1.970174153356505,1.9701666221910847,1.970165983253048,0.0146714158242634,0.0331411134070891,-151.3414867858669
done,confirm_K4_i000767,Transformer,128,1,256,19,1.95694038271904,16,27,201224,cpu,1.9962884336709976,2.023062936961651,1.9669997096061709,2.066667161881924,project://predictive_profile_confirmatory64_v1/runs/confirm_K4_i000767/transformer/d128/n256/seed1/DONE.json,1.9702833566089573,1.970174153356505,1.9701666221910847,1.970165983253048,0.0648179561194808,0.0965011786288756,-599.6141770484726
done,confirm_K4_i000767,Transformer,128,2,256,9,2.0158063881099224,16,17,201224,cpu,1.991725876927376,2.032898299396038,2.043427847325802,2.010556548833847,project://predictive_profile_confirmatory64_v1/runs/confirm_K4_i000767/transformer/d128/n256/seed2/DONE.json,1.9702833566089573,1.970174153356505,1.9701666221910847,1.970165983253048,0.022013050077633,0.040390565580799,-160.433956757912
done,confirm_K4_i000767,Transformer,128,3,256,19,1.9934253878891468,16,27,201224,cpu,2.038277141749859,1.987193413078785,2.0345181301236157,2.028612308204174,project://predictive_profile_confirmatory64_v1/runs/confirm_K4_i000767/transformer/d128/n256/seed3/DONE.json,1.9702833566089573,1.970174153356505,1.9701666221910847,1.970165983253048,0.0214605854742727,0.058446324951126,82.34265324371961
done,confirm_K4_i000767,Transformer,128,4,256,11,1.99880588427186,16,19,201224,cpu,2.010582387447357,1.9949416145682333,2.0082401260733604,1.9876552447676656,project://predictive_profile_confirmatory64_v1/runs/confirm_K4_i000767/transformer/d128/n256/seed4/DONE.json,1.9702833566089573,1.970174153356505,1.9701666221910847,1.970165983253048,0.015787406383615,0.0174892615146178,195.33515508769565
done,confirm_K4_i000767,Transformer,128,5,256,8,1.994629327207804,16,16,201224,cpu,2.0002092495560646,1.9426025673747065,2.0228802040219307,2.0234643667936325,project://predictive_profile_confirmatory64_v1/runs/confirm_K4_i000767/transformer/d128/n256/seed5/DONE.json,1.9702833566089573,1.970174153356505,1.9701666221910847,1.970165983253048,0.0420908757337414,0.0532983835405844,-198.12943966221397
done,confirm_K4_i000767,Transformer,256,1,256,12,1.999879501760006,16,20,795656,cpu,2.0045213848352432,1.98532459884882,2.0146061331033707,2.035006016492844,project://predictive_profile_confirmatory64_v1/runs/confirm_K4_i000767/transformer/d256/n256/seed1/DONE.json,1.9702833566089573,1.970174153356505,1.9701666221910847,1.970165983253048,0.0309100273074802,0.0648400332397955,-259.72360951473013
done,confirm_K4_i000767,Transformer,256,2,256,16,1.9895148389041424,16,24,795656,cpu,2.059600412845612,1.9897169470787048,2.0040366873145103,2.002385951578617,project://predictive_profile_confirmatory64_v1/runs/confirm_K4_i000767/transformer/d256/n256/seed2/DONE.json,1.9702833566089573,1.970174153356505,1.9701666221910847,1.970165983253048,0.0292553884920915,0.032219968325569,487.4569771289874
done,confirm_K4_i000767,Transformer,256,3,256,22,1.9512867480516436,16,30,795656,cpu,1.971294716000557,1.9626394957304,2.012299545109272,1.9825738668441768,project://predictive_profile_confirmatory64_v1/runs/confirm_K4_i000767/transformer/d256/n256/seed3/DONE.json,1.9702833566089573,1.970174153356505,1.9701666221910847,1.970165983253048,0.0187827292813548,0.0124078835911292,-96.096347899805
done,confirm_K4_i000767,Transformer,256,4,256,35,1.9832628071308136,16,43,795656,cpu,1.99249953776598,1.9737328812479973,1.9878915771842005,1.9997986406087875,project://predictive_profile_confirmatory64_v1/runs/confirm_K4_i000767/transformer/d256/n256/seed4/DONE.json,1.9702833566089573,1.970174153356505,1.9701666221910847,1.970165983253048,0.0148041150737685,0.0296326573557395,-62.18705076859983
done,confirm_K4_i000767,Transformer,256,5,256,24,1.9964127875864504,16,32,795656,cpu,1.9740832597017288,2.014352686703205,1.9533855244517329,1.9733503982424736,project://predictive_profile_confirmatory64_v1/runs/confirm_K4_i000767/transformer/d256/n256/seed5/DONE.json,1.9702833566089573,1.970174153356505,1.9701666221910847,1.970165983253048,0.0228008676590311,0.0031844149894255,6.243848559821517
done,confirm_K4_i000599,GRU,8,1,256,36,1.9409372694790363,16,44,576,cpu,1.9664579629898071,1.9840242490172384,2.0267958864569664,1.9875183552503584,project://predictive_profile_confirmatory64_v1/runs/confirm_K4_i000599/gru/d8/n256/seed1/DONE.json,1.9718188387495408,1.9644980681047328,1.9603139633890787,1.957782720427756,0.0259147048217997,0.0297356348226025,-1.5004427704106778
done,confirm_K4_i000599,GRU,8,2,256,39,1.994585059583187,16,47,576,cpu,1.9686733037233357,1.9558314308524127,1.9927122443914411,1.988118834793568,project://predictive_profile_confirmatory64_v1/runs/confirm_K4_i000599/gru/d8/n256/seed2/DONE.json,1.9718188387495408,1.9644980681047328,1.9603139633890787,1.957782720427756,0.0257220139716573,0.0303361143658116,-1.3853923588013182
done,confirm_K4_i000599,GRU,8,3,256,48,1.9818096086382864,16,48,576,cpu,1.987172484397888,1.9889093190431597,1.9711010307073595,1.9678716212511065,project://predictive_profile_confirmatory64_v1/runs/confirm_K4_i000599/gru/d8/n256/seed3/DONE.json,1.9718188387495408,1.9644980681047328,1.9603139633890787,1.957782720427756,0.0076376483184584,0.0100889008233502,1.3750855260906012
done,confirm_K4_i000599,GRU,8,4,256,48,1.9942173548042772,16,48,576,cpu,1.983605183660984,1.982623651623726,1.976302020251751,1.9750563353300092,project://predictive_profile_confirmatory64_v1/runs/confirm_K4_i000599/gru/d8/n256/seed4/DONE.json,1.9718188387495408,1.9644980681047328,1.9603139633890787,1.957782720427756,0.0028499404357412,0.0172736149022534,0.6090607199930819
done,confirm_K4_i000599,GRU,8,5,256,47,1.9732500091195109,16,48,576,cpu,2.0175777077674866,1.968575470149517,1.9972923249006271,1.9767292365431783,project://predictive_profile_confirmatory64_v1/runs/confirm_K4_i000599/gru/d8/n256/seed5/DONE.json,1.9718188387495408,1.9644980681047328,1.9603139633890787,1.957782720427756,0.0177844051756367,0.0189465161154225,2.910239874574716
done,confirm_K4_i000599,GRU,32,1,256,23,1.973336547613144,16,31,6888,cpu,1.948699526488781,1.966153398156166,1.9152730479836464,1.9577228054404257,project://predictive_profile_confirmatory64_v1/runs/confirm_K4_i000599/gru/d32/n256/seed1/DONE.json,1.9718188387495408,1.9644980681047328,1.9603139633890787,1.957782720427756,0.025288180375277,-5.991498733015632e-05,-0.6428614197160218
done,confirm_K4_i000599,GRU,32,2,256,15,1.9752690978348253,16,23,6888,cpu,2.0133046582341194,1.9568378925323489,1.9480264261364937,1.982974849641323,project://predictive_profile_confirmatory64_v1/runs/confirm_K4_i000599/gru/d32/n256/seed2/DONE.json,1.9718188387495408,1.9644980681047328,1.9603139633890787,1.957782720427756,0.0262177595858736,0.025192129213567,2.160840190818426
done,confirm_K4_i000599,GRU,32,3,256,27,1.945701643824577,16,35,6888,cpu,1.9710425063967705,1.9701983332633968,1.9867875277996063,1.964988335967064,project://predictive_profile_confirmatory64_v1/runs/confirm_K4_i000599/gru/d32/n256/seed3/DONE.json,1.9718188387495408,1.9644980681047328,1.9603139633890787,1.957782720427756,0.0104550397610948,0.0072056155393078,0.4313279705194568
done,confirm_K4_i000599,GRU,32,4,256,20,1.9710928574204445,16,28,6888,cpu,2.0060489028692245,1.965829037129879,1.9132525622844696,1.9849210307002068,project://predictive_profile_confirmatory64_v1/runs/confirm_K4_i000599/gru/d32/n256/seed4/DONE.json,1.9718188387495408,1.9644980681047328,1.9603139633890787,1.957782720427756,0.0394395391812694,0.0271383102724507,1.5052503608654837
done,confirm_K4_i000599,GRU,32,5,256,16,1.969325914978981,16,24,6888,cpu,1.972128041088581,1.983343981206417,1.9745003208518028,1.940416008234024,project://predictive_profile_confirmatory64_v1/runs/confirm_K4_i000599/gru/d32/n256/seed5/DONE.json,1.9718188387495408,1.9644980681047328,1.9603139633890787,1.957782720427756,0.0255899804127574,-0.0173667121937319,2.2593164383159543
done,confirm_K4_i000599,GRU,128,1,256,17,1.98037501052022,16,25,101256,cpu,1.997909173369408,1.977257788181305,2.025830842554569,1.9595639631152155,project://predictive_profile_confirmatory64_v1/runs/confirm_K4_i000599/gru/d128/n256/seed1/DONE.json,1.9718188387495408,1.9644980681047328,1.9603139633890787,1.957782720427756,0.0345459486540073,0.0017812426874592,2.7318956263483094
done,confirm_K4_i000599,GRU,128,2,256,7,1.9693589396774769,16,15,101256,cpu,1.9889952540397644,1.9739605411887169,1.9589847102761269,1.9856638312339785,project://predictive_profile_confirmatory64_v1/runs/confirm_K4_i000599/gru/d128/n256/seed2/DONE.json,1.9718188387495408,1.9644980681047328,1.9603139633890787,1.957782720427756,0.0180767950832268,0.0278811108062222,0.237346446461305
done,confirm_K4_i000599,GRU,128,3,256,15,2.017757374793291,16,23,101256,cpu,2.0053916573524475,1.971435643732548,1.9724839851260183,1.964038573205471,project://predictive_profile_confirmatory64_v1/runs/confirm_K4_i000599/gru/d128/n256/seed3/DONE.json,1.9718188387495408,1.9644980681047328,1.9603139633890787,1.957782720427756,0.0139790804634753,0.006255852777715,2.9461909054152904
done,confirm_K4_i000599,GRU,128,4,256,5,1.9812881983816624,16,13,101256,cpu,1.9942076802253723,2.039383828639984,2.0628581270575523,2.010715991258621,project://predictive_profile_confirmatory64_v1/runs/confirm_K4_i000599/gru/d128/n256/seed4/DONE.json,1.9718188387495408,1.9644980681047328,1.9603139633890787,1.957782720427756,0.0311292252432923,0.0529332708308651,-1.176130797332099
done,confirm_K4_i000599,GRU,128,5,256,25,1.952201522886753,16,33,101256,cpu,1.986930139362812,1.969569519162178,2.004052087664604,1.9683720394968989,project://predictive_profile_confirmatory64_v1/runs/confirm_K4_i000599/gru/d128/n256/seed5/DONE.json,1.9718188387495408,1.9644980681047328,1.9603139633890787,1.957782720427756,0.0169538968314858,0.0105893190691426,1.3221675281199157
done,confirm_K4_i000599,GRU,256,1,256,24,1.9792471043765545,16,32,399112,cpu,1.9776081666350365,1.994592696428299,1.968398541212082,1.9753746911883356,project://predictive_profile_confirmatory64_v1/runs/confirm_K4_i000599/gru/d256/n256/seed1/DONE.json,1.9718188387495408,1.9644980681047328,1.9603139633890787,1.957782720427756,0.0098235602691126,0.0175919707605793,0.1591234410751948
done,confirm_K4_i000599,GRU,256,2,256,5,2.006065621972084,16,13,399112,cpu,2.0100186243653297,2.0027258470654488,2.000573940575123,1.9410386085510252,project://predictive_profile_confirmatory64_v1/runs/confirm_K4_i000599/gru/d256/n256/seed2/DONE.json,1.9718188387495408,1.9644980681047328,1.9603139633890787,1.957782720427756,0.0481928594912912,-0.0167441118767306,4.914465255486038
done,confirm_K4_i000599,GRU,256,3,256,12,1.9976865164935589,16,20,399112,cpu,2.013211965560913,2.008438341319561,1.9846663922071457,1.9810379669070244,project://predictive_profile_confirmatory64_v1/runs/confirm_K4_i000599/gru/d256/n256/seed3/DONE.json,1.9718188387495408,1.9644980681047328,1.9603139633890787,1.957782720427756,0.0137664160466432,0.0232552464792683,2.2922290847286493
done,confirm_K4_i000599,GRU,256,4,256,11,1.9704103656113148,16,19,399112,cpu,2.020431943237781,1.9833991155028343,2.0063792914152145,2.030717149376869,project://predictive_profile_confirmatory64_v1/runs/confirm_K4_i000599/gru/d256/n256/seed4/DONE.json,1.9718188387495408,1.9644980681047328,1.9603139633890787,1.957782720427756,0.032531068725825,0.0729344289491131,-0.732767130006606
done,confirm_K4_i000599,GRU,256,5,256,27,1.9623583927750587,16,35,399112,cpu,1.9947042539715767,1.9890140146017077,2.017145089805126,1.9597525149583817,project://predictive_profile_confirmatory64_v1/runs/confirm_K4_i000599/gru/d256/n256/seed5/DONE.json,1.9718188387495408,1.9644980681047328,1.9603139633890787,1.957782720427756,0.0314466130673839,0.0019697945306256,2.490128553486693
done,confirm_K4_i000599,Transformer,8,1,256,48,1.968259822577238,16,48,1064,cpu,2.018174216151237,1.962348736822605,1.9916393905878067,1.9803987443447115,project://predictive_profile_confirmatory64_v1/runs/confirm_K4_i000599/transformer/d8/n256/seed1/DONE.json,1.9718188387495408,1.9644980681047328,1.9603139633890787,1.957782720427756,0.0176969872261833,0.0226160239169552,2.691304742558032
done,confirm_K4_i000599,Transformer,8,2,256,32,1.969928666949272,16,40,1064,cpu,1.989973068237305,1.9877259582281115,1.9788376316428185,1.9843339771032331,project://predictive_profile_confirmatory64_v1/runs/confirm_K4_i000599/transformer/d8/n256/seed2/DONE.json,1.9718188387495408,1.9644980681047328,1.9603139633890787,1.957782720427756,0.0060414610546545,0.0265512566754773,0.4017557422068053
done,confirm_K4_i000599,Transformer,8,3,256,28,1.97172487154603,16,36,1064,cpu,1.990253359079361,1.97983742505312,1.9931567907333372,1.9723362028598783,project://predictive_profile_confirmatory64_v1/runs/confirm_K4_i000599/transformer/d8/n256/seed3/DONE.json,1.9718188387495408,1.9644980681047328,1.9603139633890787,1.957782720427756,0.0093565510637434,0.0145534824321225,1.276503646430049
done,confirm_K4_i000599,Transformer,8,4,256,42,1.977616772055626,16,48,1064,cpu,1.9695501327514648,1.962532304227352,2.002745926380157,2.008639052510261,project://predictive_profile_confirmatory64_v1/runs/confirm_K4_i000599/transformer/d8/n256/seed4/DONE.json,1.9718188387495408,1.9644980681047328,1.9603139633890787,1.957782720427756,0.0376942087304113,0.0508563320825055,-2.78488103780997
done,confirm_K4_i000599,Transformer,8,5,256,47,1.983241021633148,16,48,1064,cpu,2.0091462209820747,1.9638397842645643,1.9703559800982475,1.982606790959835,project://predictive_profile_confirmatory64_v1/runs/confirm_K4_i000599/transformer/d8/n256/seed5/DONE.json,1.9718188387495408,1.9644980681047328,1.9603139633890787,1.957782720427756,0.0160015022970886,0.024824070532079,1.8907955471598108
done,confirm_K4_i000599,Transformer,32,1,256,11,1.984368931502104,16,19,13448,cpu,2.023040883243084,1.9441140964627264,2.0176490992307663,1.9789732173085213,project://predictive_profile_confirmatory64_v1/runs/confirm_K4_i000599/transformer/d32/n256/seed1/DONE.json,1.9718188387495408,1.9644980681047328,1.9603139633890787,1.957782720427756,0.0313718233873362,0.0211904968807652,3.139590656354477
done,confirm_K4_i000599,Transformer,32,2,256,21,1.9839033633470533,16,29,13448,cpu,1.972638726234436,2.028981707990169,1.975858733057976,1.9505701139569285,project://predictive_profile_confirmatory64_v1/runs/confirm_K4_i000599/transformer/d32/n256/seed2/DONE.json,1.9718188387495408,1.9644980681047328,1.9603139633890787,1.957782720427756,0.0378244989044528,-0.0072126064708277,1.572273172081736
done,confirm_K4_i000599,Transformer,32,3,256,27,1.951164431869984,16,35,13448,cpu,1.992494344711304,1.9741319194436076,1.9736804068088527,2.0236434638500214,project://predictive_profile_confirmatory64_v1/runs/confirm_K4_i000599/transformer/d32/n256/seed3/DONE.json,1.9718188387495408,1.9644980681047328,1.9603139633890787,1.957782720427756,0.0446061111577517,0.0658607434222653,-2.21921178096452
done,confirm_K4_i000599,Transformer,32,4,256,24,2.015917487442493,16,32,13448,cpu,1.9779056012630465,1.983296275138855,1.975906528532505,1.9687846526503563,project://predictive_profile_confirmatory64_v1/runs/confirm_K4_i000599/transformer/d32/n256/seed4/DONE.json,1.9718188387495408,1.9644980681047328,1.9603139633890787,1.957782720427756,0.0051481721226992,0.0110019322226002,0.649819872103352
done,confirm_K4_i000599,Transformer,32,5,256,25,1.9734714403748512,16,33,13448,cpu,1.9873569756746288,2.0241070985794067,1.9418532773852348,1.9620929881930351,project://predictive_profile_confirmatory64_v1/runs/confirm_K4_i000599/transformer/d32/n256/seed5/DONE.json,1.9718188387495408,1.9644980681047328,1.9603139633890787,1.957782720427756,0.0304242277577232,0.004310267765279,1.7999269386595529
done,confirm_K4_i000599,Transformer,128,1,256,4,2.03826292604208,16,12,201224,cpu,2.0468927323818207,2.108342006802559,2.043456017971039,2.031577587127685,project://predictive_profile_confirmatory64_v1/runs/confirm_K4_i000599/transformer/d128/n256/seed1/DONE.json,1.9718188387495408,1.9644980681047328,1.9603139633890787,1.957782720427756,0.0353407637119026,0.0737948666999295,1.0911239776573258
done,confirm_K4_i000599,Transformer,128,2,256,12,1.98154653981328,16,20,201224,cpu,1.9847895577549932,2.00298785418272,1.9747900143265724,1.991925582289696,project://predictive_profile_confirmatory64_v1/runs/confirm_K4_i000599/transformer/d128/n256/seed2/DONE.json,1.9718188387495408,1.9644980681047328,1.9603139633890787,1.957782720427756,0.0146111159328564,0.0341428618619397,-0.5084044157441029
done,confirm_K4_i000599,Transformer,128,3,256,14,1.969580102711916,16,22,201224,cpu,1.996311381459236,1.9791963919997213,2.017429143190384,1.993241295218468,project://predictive_profile_confirmatory64_v1/runs/confirm_K4_i000599/transformer/d128/n256/seed3/DONE.json,1.9718188387495408,1.9644980681047328,1.9603139633890787,1.957782720427756,0.015970679520923,0.0354585747907116,0.2187275833948627
done,confirm_K4_i000599,Transformer,128,4,256,14,2.0049400590360165,16,22,201224,cpu,2.024442508816719,2.0255356207489967,2.017877645790577,2.015304520726204,project://predictive_profile_confirmatory64_v1/runs/confirm_K4_i000599/transformer/d128/n256/seed4/DONE.json,1.9718188387495408,1.9644980681047328,1.9603139633890787,1.957782720427756,0.0030147117785183,0.0575218002984478,0.6510338457557912
done,confirm_K4_i000599,Transformer,128,5,256,24,1.9613507464528084,16,32,201224,cpu,1.9634222760796547,1.986633770167828,1.9690164476633072,1.981896884739399,project://predictive_profile_confirmatory64_v1/runs/confirm_K4_i000599/transformer/d128/n256/seed5/DONE.json,1.9718188387495408,1.9644980681047328,1.9603139633890787,1.957782720427756,0.0180165310431289,0.0241141643116429,-1.316219216467431
done,confirm_K4_i000599,Transformer,256,1,256,12,2.004215307533741,16,20,795656,cpu,1.9728713482618327,1.9823502451181407,2.023918218910694,1.998845435678959,project://predictive_profile_confirmatory64_v1/runs/confirm_K4_i000599/transformer/d256/n256/seed1/DONE.json,1.9718188387495408,1.9644980681047328,1.9603139633890787,1.957782720427756,0.0257277412840727,0.0410627152512028,-1.8505178441543777
done,confirm_K4_i000599,Transformer,256,2,256,6,2.009732972830534,16,14,795656,cpu,1.987307369709015,1.985405780375004,2.005949944257736,2.029221974313259,project://predictive_profile_confirmatory64_v1/runs/confirm_K4_i000599/transformer/d256/n256/seed2/DONE.json,1.9718188387495408,1.9644980681047328,1.9603139633890787,1.957782720427756,0.039842593390551,0.0714392538855031,-2.9861963003823755
done,confirm_K4_i000599,Transformer,256,3,256,27,1.967657491564751,16,35,795656,cpu,2.004598379135132,1.960156098008156,2.0106349363923077,1.9962788596749304,project://predictive_profile_confirmatory64_v1/runs/confirm_K4_i000599/transformer/d256/n256/seed3/DONE.json,1.9718188387495408,1.9644980681047328,1.9603139633890787,1.957782720427756,0.0224031795067675,0.0384961392471745,0.5927222376922182
done,confirm_K4_i000599,Transformer,256,4,256,21,2.0046544559299946,16,29,795656,cpu,2.024531774222851,1.9837753176689148,2.007962331175804,1.999731458723545,project://predictive_profile_confirmatory64_v1/runs/confirm_K4_i000599/transformer/d256/n256/seed4/DONE.json,1.9718188387495408,1.9644980681047328,1.9603139633890787,1.957782720427756,0.0128680818162409,0.041948738295789,1.7668927356371469
done,confirm_K4_i000599,Transformer,256,5,256,11,2.04276667162776,16,19,795656,cpu,2.006078250706196,1.9996818974614143,2.0288646519184117,1.9724978879094124,project://predictive_profile_confirmatory64_v1/runs/confirm_K4_i000599/transformer/d256/n256/seed5/DONE.json,1.9718188387495408,1.9644980681047328,1.9603139633890787,1.957782720427756,0.0304105530101287,0.0147151674816563,2.3924251724683736
done,confirm_K4_i000363,GRU,8,1,256,48,1.5629677437245846,16,48,576,cpu,1.5323831364512444,1.5364616960287094,1.5652077496051788,1.614106073975563,project://predictive_profile_confirmatory64_v1/runs/confirm_K4_i000363/gru/d8/n256/seed1/DONE.json,1.5102436348393646,1.5042667582415783,1.5033820293447686,1.5032439324451292,0.064157630859234,0.1108621415304338,-11.675201733093871
done,confirm_K4_i000363,GRU,8,2,256,48,1.5471954308450222,16,48,576,cpu,1.5771173983812332,1.5583520457148552,1.5408481806516647,1.5726369097828865,project://predictive_profile_confirmatory64_v1/runs/confirm_K4_i000363/gru/d8/n256/seed2/DONE.json,1.5102436348393646,1.5042667582415783,1.5033820293447686,1.5032439324451292,0.0177481972855089,0.0693929773377572,0.6400970135582623
done,confirm_K4_i000363,GRU,8,3,256,48,1.538267109543085,16,48,576,cpu,1.5537385493516922,1.4483968392014503,1.610986329615116,1.53907673060894,project://predictive_profile_confirmatory64_v1/runs/confirm_K4_i000363/gru/d8/n256/seed3/DONE.json,1.5102436348393646,1.5042667582415783,1.5033820293447686,1.5032439324451292,0.0583507602438742,0.0358327981638109,2.0946345882971777
done,confirm_K4_i000363,GRU,8,4,256,47,1.607101559638977,16,48,576,cpu,1.5857016369700432,1.5504826679825785,1.5916427373886108,1.5244131609797478,project://predictive_profile_confirmatory64_v1/runs/confirm_K4_i000363/gru/d8/n256/seed4/DONE.json,1.5102436348393646,1.5042667582415783,1.5033820293447686,1.5032439324451292,0.0449329328019965,0.0211692285346185,8.75586882676174
done,confirm_K4_i000363,GRU,8,5,256,48,1.5552488528192043,16,48,576,cpu,1.5843427032232285,1.5005419477820396,1.4653051272034645,1.539787530899048,project://predictive_profile_confirmatory64_v1/runs/confirm_K4_i000363/gru/d8/n256/seed5/DONE.json,1.5102436348393646,1.5042667582415783,1.5033820293447686,1.5032439324451292,0.0463685701395947,0.0365435984539186,6.3652952389624256
done,confirm_K4_i000363,GRU,32,1,256,45,1.484106156975031,16,48,6888,cpu,1.5337772071361542,1.5048108249902723,1.514186255633831,1.5638375878334043,project://predictive_profile_confirmatory64_v1/runs/confirm_K4_i000363/gru/d32/n256/seed1/DONE.json,1.5102436348393646,1.5042667582415783,1.5033820293447686,1.5032439324451292,0.043180985701337,0.0605936553882753,-4.294522681708081
done,confirm_K4_i000363,GRU,32,2,256,42,1.4898879751563072,16,48,6888,cpu,1.5608041658997536,1.5391699895262718,1.4380942806601524,1.5531833693385124,project://predictive_profile_confirmatory64_v1/runs/confirm_K4_i000363/gru/d32/n256/seed2/DONE.json,1.5102436348393646,1.5042667582415783,1.5033820293447686,1.5032439324451292,0.0581028775821339,0.0499394368933832,1.0887315105735398
done,confirm_K4_i000363,GRU,32,3,256,48,1.5447419472038746,16,48,6888,cpu,1.5458619073033333,1.486030489206314,1.4807226285338402,1.5480107069015503,project://predictive_profile_confirmatory64_v1/runs/confirm_K4_i000363/gru/d32/n256/seed3/DONE.json,1.5102436348393646,1.5042667582415783,1.5033820293447686,1.5032439324451292,0.04636638785021,0.044766774456421,-0.3069844226501182
done,confirm_K4_i000363,GRU,32,4,256,38,1.4993643574416635,16,46,6888,cpu,1.5816556811332705,1.5712212771177292,1.4863115325570109,1.5399083867669106,project://predictive_profile_confirmatory64_v1/runs/confirm_K4_i000363/gru/d32/n256/seed4/DONE.json,1.5102436348393646,1.5042667582415783,1.5033820293447686,1.5032439324451292,0.0353988987445714,0.0366644543217813,5.964152761800352
done,confirm_K4_i000363,GRU,32,5,256,42,1.5557610355317593,16,48,6888,cpu,1.5024256855249405,1.4755715653300283,1.5018129423260689,1.4714597463607788,project://predictive_profile_confirmatory64_v1/runs/confirm_K4_i000363/gru/d32/n256/seed5/DONE.json,1.5102436348393646,1.5042667582415783,1.5033820293447686,1.5032439324451292,0.0193447318105011,-0.0317841860843504,4.4238936772031305
done,confirm_K4_i000363,GRU,128,1,256,28,1.5156937465071678,16,36,101256,cpu,1.5396639853715897,1.5074940249323845,1.5658584907650948,1.5628629624843595,project://predictive_profile_confirmatory64_v1/runs/confirm_K4_i000363/gru/d128/n256/seed1/DONE.json,1.5102436348393646,1.5042667582415783,1.5033820293447686,1.5032439324451292,0.0320162307728798,0.0596190300392305,-3.3142804945358133
done,confirm_K4_i000363,GRU,128,2,256,27,1.5904576070606709,16,35,101256,cpu,1.5398744344711304,1.5022420808672905,1.4971777871251106,1.5253469049930573,project://predictive_profile_confirmatory64_v1/runs/confirm_K4_i000363/gru/d128/n256/seed2/DONE.json,1.5102436348393646,1.5042667582415783,1.5033820293447686,1.5032439324451292,0.0189743911580279,0.022102972547928,2.075449591976541
done,confirm_K4_i000363,GRU,128,3,256,14,1.5701098330318928,16,22,101256,cpu,1.533167116343975,1.4676454737782478,1.5744535773992538,1.5754299685359,project://predictive_profile_confirmatory64_v1/runs/confirm_K4_i000363/gru/d128/n256/seed3/DONE.json,1.5102436348393646,1.5042667582415783,1.5033820293447686,1.5032439324451292,0.0597224295681706,0.0721860360907709,-6.037807011156714
done,confirm_K4_i000363,GRU,128,4,256,11,1.5052166432142258,16,19,101256,cpu,1.593503013253212,1.5181256383657455,1.547345019876957,1.5938281193375587,project://predictive_profile_confirmatory64_v1/runs/confirm_K4_i000363/gru/d128/n256/seed4/DONE.json,1.5102436348393646,1.5042667582415783,1.5033820293447686,1.5032439324451292,0.0450387651584499,0.0905841868924295,-0.0464457009793032
done,confirm_K4_i000363,GRU,128,5,256,18,1.5196118764579296,16,26,101256,cpu,1.5013066977262497,1.5050152465701103,1.5036617890000343,1.5321718379855156,project://predictive_profile_confirmatory64_v1/runs/confirm_K4_i000363/gru/d128/n256/seed5/DONE.json,1.5102436348393646,1.5042667582415783,1.5033820293447686,1.5032439324451292,0.0276068022696822,0.0289279055403863,-4.409493221409639
done,confirm_K4_i000363,GRU,256,1,256,20,1.5461393520236015,16,28,399112,cpu,1.575301207602024,1.5039930194616318,1.5611217692494392,1.57130778580904,project://predictive_profile_confirmatory64_v1/runs/confirm_K4_i000363/gru/d256/n256/seed1/DONE.json,1.5102436348393646,1.5042667582415783,1.5033820293447686,1.5032439324451292,0.0345892018619717,0.0680638533639108,0.5705130829951824
done,confirm_K4_i000363,GRU,256,2,256,24,1.521199595183134,16,32,399112,cpu,1.5491983368992803,1.4784627854824066,1.5096743702888489,1.5166939720511436,project://predictive_profile_confirmatory64_v1/runs/confirm_K4_i000363/gru/d256/n256/seed2/DONE.json,1.5102436348393646,1.5042667582415783,1.5033820293447686,1.5032439324451292,0.0236780380510542,0.0134500396060144,4.643678119073428
done,confirm_K4_i000363,GRU,256,3,256,18,1.525716818869114,16,26,399112,cpu,1.5734010934829712,1.5680158585309982,1.5724501088261604,1.5388913974165916,project://predictive_profile_confirmatory64_v1/runs/confirm_K4_i000363/gru/d256/n256/seed3/DONE.json,1.5102436348393646,1.5042667582415783,1.5033820293447686,1.5032439324451292,0.0258042590167117,0.0356474649714624,4.930166187465326
done,confirm_K4_i000363,GRU,256,4,256,17,1.5671889334917068,16,25,399112,cpu,1.581643670797348,1.5567274242639542,1.42607381939888,1.5530740842223167,project://predictive_profile_confirmatory64_v1/runs/confirm_K4_i000363/gru/d256/n256/seed4/DONE.json,1.5102436348393646,1.5042667582415783,1.5033820293447686,1.5032439324451292,0.0644909732644709,0.0498301517771875,4.081543037966823
done,confirm_K4_i000363,GRU,256,5,256,16,1.5364856906235218,16,24,399112,cpu,1.567634716629982,1.5016107335686684,1.5580084696412086,1.6603641510009766,project://predictive_profile_confirmatory64_v1/runs/confirm_K4_i000363/gru/d256/n256/seed5/DONE.json,1.5102436348393646,1.5042667582415783,1.5033820293447686,1.5032439324451292,0.1072139487218448,0.1571202185558473,-13.247625277234867
done,confirm_K4_i000363,Transformer,8,1,256,48,1.5705558024346828,16,48,1064,cpu,1.554413162171841,1.532068483531475,1.5594432651996613,1.5507777705788612,project://predictive_profile_confirmatory64_v1/runs/confirm_K4_i000363/transformer/d8/n256/seed1/DONE.json,1.5102436348393646,1.5042667582415783,1.5033820293447686,1.5032439324451292,0.0108787795310888,0.047533838133732,0.519363736945923
done,confirm_K4_i000363,Transformer,8,2,256,48,1.5327253490686417,16,48,1064,cpu,1.570184387266636,1.5716962069272995,1.5743670538067818,1.5637025386095047,project://predictive_profile_confirmatory64_v1/runs/confirm_K4_i000363/transformer/d8/n256/seed2/DONE.json,1.5102436348393646,1.5042667582415783,1.5033820293447686,1.5032439324451292,0.0063179565550752,0.0604586061643754,0.9260177493359288
done,confirm_K4_i000363,Transformer,8,3,256,47,1.5737102180719376,16,48,1064,cpu,1.583191305398941,1.5757314935326576,1.5475666224956512,1.5750170052051544,project://predictive_profile_confirmatory64_v1/runs/confirm_K4_i000363/transformer/d8/n256/seed3/DONE.json,1.5102436348393646,1.5042667582415783,1.5033820293447686,1.5032439324451292,0.0138075971762789,0.0717730727600252,1.167806819975452
done,confirm_K4_i000363,Transformer,8,4,256,48,1.5157436355948448,16,48,1064,cpu,1.5418528467416763,1.4904098808765411,1.5191104263067243,1.5788602903485298,project://predictive_profile_confirmatory64_v1/runs/confirm_K4_i000363/transformer/d8/n256/seed4/DONE.json,1.5102436348393646,1.5042667582415783,1.5033820293447686,1.5032439324451292,0.0581563766802196,0.0756163579034006,-5.287002435607954
done,confirm_K4_i000363,Transformer,8,5,256,47,1.5483875833451748,16,48,1064,cpu,1.5760269463062286,1.5787608101963997,1.517928168177605,1.550712026655674,project://predictive_profile_confirmatory64_v1/runs/confirm_K4_i000363/transformer/d8/n256/seed5/DONE.json,1.5102436348393646,1.5042667582415783,1.5033820293447686,1.5032439324451292,0.0231824541465816,0.0474680942105447,3.616570851841169
done,confirm_K4_i000363,Transformer,32,1,256,48,1.5116807147860527,16,48,13448,cpu,1.524462915956974,1.5629790499806404,1.5012432038784027,1.481414146721363,project://predictive_profile_confirmatory64_v1/runs/confirm_K4_i000363/transformer/d32/n256/seed1/DONE.json,1.5102436348393646,1.5042667582415783,1.5033820293447686,1.5032439324451292,0.0452059049738546,-0.0218297857237661,6.150085648078928
done,confirm_K4_i000363,Transformer,32,2,256,28,1.525974374264479,16,36,13448,cpu,1.5476352125406263,1.5860398560762403,1.528266690671444,1.5855762884020803,project://predictive_profile_confirmatory64_v1/runs/confirm_K4_i000363/transformer/d32/n256/seed2/DONE.json,1.5102436348393646,1.5042667582415783,1.5033820293447686,1.5032439324451292,0.0364699326096437,0.0823323559569513,-5.420384142717304
done,confirm_K4_i000363,Transformer,32,3,256,44,1.470139142125845,16,48,13448,cpu,1.547747366130352,1.5421581640839577,1.6241743117570877,1.530648052692413,project://predictive_profile_confirmatory64_v1/runs/confirm_K4_i000363/transformer/d32/n256/seed3/DONE.json,1.5102436348393646,1.5042667582415783,1.5033820293447686,1.5032439324451292,0.0472581583828391,0.0274041202472841,2.4428629211465864
done,confirm_K4_i000363,Transformer,32,4,256,10,1.5303396880626678,16,18,13448,cpu,1.5030873119831083,1.5326115489006042,1.4652729332447052,1.6043070703744888,project://predictive_profile_confirmatory64_v1/runs/confirm_K4_i000363/transformer/d32/n256/seed4/DONE.json,1.5102436348393646,1.5042667582415783,1.5033820293447686,1.5032439324451292,0.0953523996121738,0.1010631379293596,-14.460580277632875
done,confirm_K4_i000363,Transformer,32,5,256,21,1.4962239377200603,16,29,13448,cpu,1.4430866315960884,1.4878772646188736,1.6200205236673355,1.5307637304067612,project://predictive_profile_confirmatory64_v1/runs/confirm_K4_i000363/transformer/d32/n256/seed5/DONE.json,1.5102436348393646,1.5042667582415783,1.5033820293447686,1.5032439324451292,0.0686182639952814,0.0275197979616319,-12.525832367227348
done,confirm_K4_i000363,Transformer,128,1,256,25,1.5717849172651768,16,33,201224,cpu,1.4818678870797155,1.5383047014474869,1.5792035833001137,1.515751600265503,project://predictive_profile_confirmatory64_v1/runs/confirm_K4_i000363/transformer/d128/n256/seed1/DONE.json,1.5102436348393646,1.5042667582415783,1.5033820293447686,1.5032439324451292,0.0391907342530665,0.0125076678203737,-4.840736259543266
done,confirm_K4_i000363,Transformer,128,2,256,7,1.551244005560875,16,15,201224,cpu,1.5118768513202667,1.5314939841628077,1.561797708272934,1.5356470867991447,project://predictive_profile_confirmatory64_v1/runs/confirm_K4_i000363/transformer/d128/n256/seed2/DONE.json,1.5102436348393646,1.5042667582415783,1.5033820293447686,1.5032439324451292,0.0203115161089548,0.0324031543540155,-3.3958923022861542
done,confirm_K4_i000363,Transformer,128,3,256,23,1.562728080898523,16,31,201224,cpu,1.5124053210020063,1.5846281945705414,1.5346363186836245,1.5411831438541412,project://predictive_profile_confirmatory64_v1/runs/confirm_K4_i000363/transformer/d128/n256/seed3/DONE.json,1.5102436348393646,1.5042667582415783,1.5033820293447686,1.5032439324451292,0.0279480082608655,0.037939211409012,-4.111292342347952
done,confirm_K4_i000363,Transformer,128,4,256,18,1.4827170260250568,16,26,201224,cpu,1.495914988219738,1.5706237703561785,1.54939117282629,1.5644211992621422,project://predictive_profile_confirmatory64_v1/runs/confirm_K4_i000363/transformer/d128/n256/seed4/DONE.json,1.5102436348393646,1.5042667582415783,1.5033820293447686,1.5032439324451292,0.0385941857368757,0.0611772668170129,-9.7870176736117
done,confirm_K4_i000363,Transformer,128,5,256,27,1.518335293978453,16,35,201224,cpu,1.5353070199489594,1.5791995748877523,1.44201597571373,1.577015399932861,project://predictive_profile_confirmatory64_v1/runs/confirm_K4_i000363/transformer/d128/n256/seed5/DONE.json,1.5102436348393646,1.5042667582415783,1.5033820293447686,1.5032439324451292,0.0718261366686067,0.0737714674877321,-5.958593327946453
done,confirm_K4_i000363,Transformer,256,1,256,6,1.5643220990896225,16,14,795656,cpu,1.4820957407355309,1.5675826892256737,1.6572585925459862,1.6040732860565186,project://predictive_profile_confirmatory64_v1/runs/confirm_K4_i000363/transformer/d256/n256/seed1/DONE.json,1.5102436348393646,1.5042667582415783,1.5033820293447686,1.5032439324451292,0.072208714416397,0.1008293536113893,-17.426104490019732
done,confirm_K4_i000363,Transformer,256,2,256,9,1.5561133585870266,16,17,795656,cpu,1.6092007085680962,1.5945156589150429,1.5921315848827362,1.573444791138172,project://predictive_profile_confirmatory64_v1/runs/confirm_K4_i000363/transformer/d256/n256/seed2/DONE.json,1.5102436348393646,1.5042667582415783,1.5033820293447686,1.5032439324451292,0.0198298893407932,0.0702008586930429,5.108205380184546
done,confirm_K4_i000363,Transformer,256,3,256,11,1.5029730685055256,16,19,795656,cpu,1.5228826105594635,1.5057073757052422,1.548363320529461,1.5739119127392769,project://predictive_profile_confirmatory64_v1/runs/confirm_K4_i000363/transformer/d256/n256/seed3/DONE.json,1.5102436348393646,1.5042667582415783,1.5033820293447686,1.5032439324451292,0.0469563604150817,0.0706679802941476,-7.290210255487204
done,confirm_K4_i000363,Transformer,256,4,256,32,1.5680885426700115,16,40,795656,cpu,1.6208278089761734,1.5303824245929718,1.528360776603222,1.532974012196064,project://predictive_profile_confirmatory64_v1/runs/confirm_K4_i000363/transformer/d256/n256/seed4/DONE.json,1.5102436348393646,1.5042667582415783,1.5033820293447686,1.5032439324451292,0.0405370932715849,0.0297300797509347,12.551076007525849
done,confirm_K4_i000363,Transformer,256,5,256,15,1.5289074704051018,16,23,795656,cpu,1.5912738293409348,1.5834608748555183,1.50797201693058,1.4563648700714111,project://predictive_profile_confirmatory64_v1/runs/confirm_K4_i000363/transformer/d256/n256/seed5/DONE.json,1.5102436348393646,1.5042667582415783,1.5033820293447686,1.5032439324451292,0.0934134459783214,-0.046879062373718,19.273527883217927
done,confirm_K4_i001076,GRU,8,1,256,45,2.0362092778086662,16,48,576,cpu,2.046503692865372,2.0206224769353867,2.022943191230297,2.024920843541622,project://predictive_profile_confirmatory64_v1/runs/confirm_K4_i001076/gru/d8/n256/seed1/DONE.json,2.020199036589233,2.020176681845177,2.0201757117213326,2.020175664182502,0.0110363835417735,0.0047451793591202,923.4328998400586
done,confirm_K4_i001076,GRU,8,2,256,32,2.0199084877967834,16,40,576,cpu,2.0401806831359863,2.051263116300106,2.0063307657837868,2.004351541399956,project://predictive_profile_confirmatory64_v1/runs/confirm_K4_i001076/gru/d8/n256/seed2/DONE.json,2.020199036589233,2.020176681845177,2.0201757117213326,2.020175664182502,0.0295235949647788,-0.0158241227825461,1532.9675779034378
done,confirm_K4_i001076,GRU,8,3,256,29,2.038464695215225,16,37,576,cpu,2.028408855199814,2.0357567816972733,2.011595614254474,2.032628484070301,project://predictive_profile_confirmatory64_v1/runs/confirm_K4_i001076/gru/d8/n256/seed3/DONE.json,2.020199036589233,2.020176681845177,2.0201757117213326,2.020175664182502,0.010841662144955,0.0124528198877991,-180.5389115066991
done,confirm_K4_i001076,GRU,8,4,256,42,2.01154226064682,16,48,576,cpu,2.0254921466112137,2.0052484646439552,1.9947158843278885,2.031103663146496,project://predictive_profile_confirmatory64_v1/runs/confirm_K4_i001076/gru/d8/n256/seed4/DONE.json,2.020199036589233,2.020176681845177,2.0201757117213326,2.020175664182502,0.0224964985875037,0.0109279989639938,-240.09151474610707
done,confirm_K4_i001076,GRU,8,5,256,47,2.039556439965964,16,48,576,cpu,2.027779154479504,2.0367019549012184,2.017648912966252,2.0077167227864265,project://predictive_profile_confirmatory64_v1/runs/confirm_K4_i001076/gru/d8/n256/seed5/DONE.json,2.020199036589233,2.020176681845177,2.0201757117213326,2.020175664182502,0.0183050269183703,-0.0124589413960753,858.3810783405281
done,confirm_K4_i001076,GRU,32,1,256,39,2.0331949293613434,16,47,6888,cpu,2.04899413138628,2.012861780822277,2.027628727257252,2.0547978207468987,project://predictive_profile_confirmatory64_v1/runs/confirm_K4_i001076/gru/d32/n256/seed1/DONE.json,2.020199036589233,2.020176681845177,2.0201757117213326,2.020175664182502,0.0251536959120625,0.0346221565643967,-248.3137242750235
done,confirm_K4_i001076,GRU,32,2,256,14,2.0098784789443016,16,22,6888,cpu,2.029507651925087,2.018269069492817,2.030842207372189,2.016381561756134,project://predictive_profile_confirmatory64_v1/runs/confirm_K4_i001076/gru/d32/n256/seed2/DONE.json,2.020199036589233,2.020176681845177,2.0201757117213326,2.020175664182502,0.009802409835173,-0.0037941024263679,561.6062701665812
done,confirm_K4_i001076,GRU,32,3,256,31,2.024799559265375,16,39,6888,cpu,2.011499226093292,2.022673100233078,2.0037005841732025,2.020537637174129,project://predictive_profile_confirmatory64_v1/runs/confirm_K4_i001076/gru/d32/n256/seed3/DONE.json,2.020199036589233,2.020176681845177,2.0201757117213326,2.020175664182502,0.0096197678208876,0.0003619729916275,-386.71289546277865
done,confirm_K4_i001076,GRU,32,4,256,8,2.043398190289736,16,16,6888,cpu,2.042179986834526,2.029027290642261,2.0313058346509933,2.0320736318826675,project://predictive_profile_confirmatory64_v1/runs/confirm_K4_i001076/gru/d32/n256/seed4/DONE.json,2.020199036589233,2.020176681845177,2.0201757117213326,2.020175664182502,0.0052806845882216,0.0118979677001656,432.40540301313314
done,confirm_K4_i001076,GRU,32,5,256,20,2.015649192035198,16,28,6888,cpu,2.017297007143497,2.0189122408628464,2.000509612262249,2.004822120070457,project://predictive_profile_confirmatory64_v1/runs/confirm_K4_i001076/gru/d32/n256/seed5/DONE.json,2.020199036589233,2.020176681845177,2.0201757117213326,2.020175664182502,0.009645480523363,-0.0153535441120444,533.744223120643
done,confirm_K4_i001076,GRU,128,1,256,45,2.032479591667652,16,48,101256,cpu,2.0469975993037224,2.0182424262166023,2.0107359290122986,2.007877044379711,project://predictive_profile_confirmatory64_v1/runs/confirm_K4_i001076/gru/d128/n256/seed1/DONE.json,2.020199036589233,2.020176681845177,2.0201757117213326,2.020175664182502,0.0202742612384147,-0.0122986198027907,1673.792321622714
done,confirm_K4_i001076,GRU,128,2,256,16,2.048602130264044,16,24,101256,cpu,2.046937257051468,2.042754605412483,2.0509799420833588,2.0684412121772766,project://predictive_profile_confirmatory64_v1/runs/confirm_K4_i001076/gru/d128/n256/seed2/DONE.json,2.020199036589233,2.020176681845177,2.0201757117213326,2.020175664182502,0.0188956178312039,0.0482655479947746,-920.0573724992414
done,confirm_K4_i001076,GRU,128,3,256,4,2.033984560519457,16,12,101256,cpu,2.071987599134445,2.043649047613144,2.029325917363167,2.017607718706131,project://predictive_profile_confirmatory64_v1/runs/confirm_K4_i001076/gru/d128/n256/seed3/DONE.json,2.020199036589233,2.020176681845177,2.0201757117213326,2.020175664182502,0.0307003372930638,-0.0025679454763709,2326.6701223557397
done,confirm_K4_i001076,GRU,128,4,256,10,2.031211975961924,16,18,101256,cpu,2.01791924983263,2.023854874074459,2.0441690385341644,2.054441601037979,project://predictive_profile_confirmatory64_v1/runs/confirm_K4_i001076/gru/d128/n256/seed4/DONE.json,2.020199036589233,2.020176681845177,2.0201757117213326,2.020175664182502,0.0243758412815645,0.0342659368554771,-1562.6268884442788
done,confirm_K4_i001076,GRU,128,5,256,8,2.0214605890214443,16,16,101256,cpu,2.0422213077545166,2.0472665578126907,2.059953093528748,2.0500934049487114,project://predictive_profile_confirmatory64_v1/runs/confirm_K4_i001076/gru/d128/n256/seed5/DONE.json,2.020199036589233,2.020176681845177,2.0201757117213326,2.020175664182502,0.0064720124575024,0.0299177407662094,-336.8115780643924
done,confirm_K4_i001076,GRU,256,1,256,13,2.041486140340566,16,21,399112,cpu,2.0536501556634903,2.053017176687717,2.043084897100925,2.057723969221115,project://predictive_profile_confirmatory64_v1/runs/confirm_K4_i001076/gru/d256/n256/seed1/DONE.json,2.020199036589233,2.020176681845177,2.0201757117213326,2.020175664182502,0.0079569817465524,0.0375483050386131,-174.30013111316504
done,confirm_K4_i001076,GRU,256,2,256,20,2.013531446456909,16,28,399112,cpu,2.0263242945075035,2.033871605992317,2.003322996199131,2.04567738622427,project://predictive_profile_confirmatory64_v1/runs/confirm_K4_i001076/gru/d256/n256/seed2/DONE.json,2.020199036589233,2.020176681845177,2.0201757117213326,2.020175664182502,0.0240247071772683,0.0255017220417679,-828.0316160674301
done,confirm_K4_i001076,GRU,256,3,256,13,2.046465076506138,16,21,399112,cpu,2.0591522976756096,2.045000024139881,2.0596952363848686,2.0646774768829346,project://predictive_profile_confirmatory64_v1/runs/confirm_K4_i001076/gru/d256/n256/seed3/DONE.json,2.020199036589233,2.020176681845177,2.0201757117213326,2.020175664182502,0.0105220223413274,0.0445018127004326,-236.39752940042865
done,confirm_K4_i001076,GRU,256,4,256,29,2.028591614216566,16,37,399112,cpu,2.035016074776649,2.017415910959244,2.0472197085618973,2.029179908335209,project://predictive_profile_confirmatory64_v1/runs/confirm_K4_i001076/gru/d256/n256/seed4/DONE.json,2.020199036589233,2.020176681845177,2.0201757117213326,2.020175664182502,0.0111538875553375,0.0090042441527069,249.7032722662051
done,confirm_K4_i001076,GRU,256,5,256,15,2.0175898410379887,16,23,399112,cpu,2.0544634833931923,2.0300392657518387,2.055317647755146,2.021310694515705,project://predictive_profile_confirmatory64_v1/runs/confirm_K4_i001076/gru/d256/n256/seed5/DONE.json,2.020199036589233,2.020176681845177,2.0201757117213326,2.020175664182502,0.0241360625537835,0.0011350303332031,1418.4584950623498
done,confirm_K4_i001076,Transformer,8,1,256,48,2.031402345746756,16,48,1064,cpu,1.999142549932003,2.030158892273903,2.002928711473942,2.006120443344116,project://predictive_profile_confirmatory64_v1/runs/confirm_K4_i001076/transformer/d8/n256/seed1/DONE.json,2.020199036589233,2.020176681845177,2.0201757117213326,2.020175664182502,0.0126194619614207,-0.0140552208383857,-298.55262628516965
done,confirm_K4_i001076,Transformer,8,2,256,37,2.01055858284235,16,45,1064,cpu,2.014623962342739,2.036701463162899,2.018046081066132,2.013200022280216,project://predictive_profile_confirmatory64_v1/runs/confirm_K4_i001076/transformer/d8/n256/seed2/DONE.json,2.020199036589233,2.020176681845177,2.0201757117213326,2.020175664182502,0.012017854491181,-0.0069756419022857,60.923980954035954
done,confirm_K4_i001076,Transformer,8,3,256,37,2.0194987170398235,16,45,1064,cpu,2.03681593388319,2.034796424210072,2.027003549039364,2.045035697519779,project://predictive_profile_confirmatory64_v1/runs/confirm_K4_i001076/transformer/d8/n256/seed3/DONE.json,2.020199036589233,2.020176681845177,2.0201757117213326,2.020175664182502,0.0111576536994147,0.0248600333372772,-351.686659026197
done,confirm_K4_i001076,Transformer,8,4,256,33,2.0464097782969475,16,41,1064,cpu,2.025736317038536,2.0248741060495377,2.0062524527311325,2.0464616417884827,project://predictive_profile_confirmatory64_v1/runs/confirm_K4_i001076/transformer/d8/n256/seed4/DONE.json,2.020199036589233,2.020176681845177,2.0201757117213326,2.020175664182502,0.0250666949323288,0.0262859776059807,-886.7432861568641
done,confirm_K4_i001076,Transformer,8,5,256,28,2.021818693727255,16,36,1064,cpu,2.009677439928055,2.0288506895303726,2.0155392587184906,2.01367773860693,project://predictive_profile_confirmatory64_v1/runs/confirm_K4_i001076/transformer/d8/n256/seed5/DONE.json,2.020199036589233,2.020176681845177,2.0201757117213326,2.020175664182502,0.0079032045401431,-0.0064979255755721,-171.15476060869412
done,confirm_K4_i001076,Transformer,32,1,256,48,2.024183064699173,16,48,13448,cpu,2.014440104365349,2.0527166053652763,2.008262805640697,2.0295522287487984,project://predictive_profile_confirmatory64_v1/runs/confirm_K4_i001076/transformer/d32/n256/seed1/DONE.json,2.020199036589233,2.020176681845177,2.0201757117213326,2.020175664182502,0.0174561308824066,0.0093765645662964,-646.5797278581057
done,confirm_K4_i001076,Transformer,32,2,256,24,2.0328935235738754,16,32,13448,cpu,2.0655207335948944,2.048999659717083,2.0312080681324005,2.0404310077428818,project://predictive_profile_confirmatory64_v1/runs/confirm_K4_i001076/transformer/d32/n256/seed2/DONE.json,2.020199036589233,2.020176681845177,2.0201757117213326,2.020175664182502,0.0140248879201956,0.0202553435603798,1073.476349307667
done,confirm_K4_i001076,Transformer,32,3,256,21,2.0356228314340115,16,29,13448,cpu,2.0374304577708244,2.0244204625487328,2.0441872105002403,2.014622874557972,project://predictive_profile_confirmatory64_v1/runs/confirm_K4_i001076/transformer/d32/n256/seed3/DONE.json,2.020199036589233,2.020176681845177,2.0201757117213326,2.020175664182502,0.0192946896907708,-0.0055527896245299,975.8337459833072
done,confirm_K4_i001076,Transformer,32,4,256,15,2.040693946182728,16,23,13448,cpu,2.012014709413052,2.068655289709568,2.061125583946705,2.031523920595646,project://predictive_profile_confirmatory64_v1/runs/confirm_K4_i001076/transformer/d32/n256/seed4/DONE.json,2.020199036589233,2.020176681845177,2.0201757117213326,2.020175664182502,0.0256731400458819,0.0113482564131439,-834.7112647499764
done,confirm_K4_i001076,Transformer,32,5,256,17,2.0303500778973103,16,25,13448,cpu,2.027005642652512,2.046733796596527,2.021482951939106,2.0183780044317245,project://predictive_profile_confirmatory64_v1/runs/confirm_K4_i001076/transformer/d32/n256/seed5/DONE.json,2.020199036589233,2.020176681845177,2.0201757117213326,2.020175664182502,0.0148968707375084,-0.0017976597507773,369.1377751604583
done,confirm_K4_i001076,Transformer,128,1,256,28,2.032031014561653,16,36,201224,cpu,2.037863679230213,1.999889299273491,2.023642510175705,2.022239476442337,project://predictive_profile_confirmatory64_v1/runs/confirm_K4_i001076/transformer/d128/n256/seed1/DONE.json,2.020199036589233,2.020176681845177,2.0201757117213326,2.020175664182502,0.0136467046318877,0.002063812259835,668.4892560604252
done,confirm_K4_i001076,Transformer,128,2,256,23,2.0260421335697174,16,31,201224,cpu,2.0306970477104187,2.028662160038948,2.022762857377529,2.0498905405402184,project://predictive_profile_confirmatory64_v1/runs/confirm_K4_i001076/transformer/d128/n256/seed2/DONE.json,2.020199036589233,2.020176681845177,2.0201757117213326,2.020175664182502,0.0197223796037425,0.0297148763577164,-821.2030986278567
done,confirm_K4_i001076,Transformer,128,3,256,22,2.0341675728559494,16,30,201224,cpu,2.0169456228613853,2.0386122912168503,2.0331598967313766,2.053888753056526,project://predictive_profile_confirmatory64_v1/runs/confirm_K4_i001076/transformer/d128/n256/seed3/DONE.json,2.020199036589233,2.020176681845177,2.0201757117213326,2.020175664182502,0.022525602932891,0.0337130888740242,-1580.6301259643458
done,confirm_K4_i001076,Transformer,128,4,256,12,2.046875536441803,16,20,201224,cpu,2.0144776925444603,2.0636445060372357,2.073980189859867,2.1479459404945374,project://predictive_profile_confirmatory64_v1/runs/confirm_K4_i001076/transformer/d128/n256/seed4/DONE.json,2.020199036589233,2.020176681845177,2.0201757117213326,2.020175664182502,0.0871749038404549,0.1277702763120354,-5710.505104879258
done,confirm_K4_i001076,Transformer,128,5,256,15,2.040934044867754,16,23,201224,cpu,2.0472884997725487,2.093209780752659,2.054046779870987,2.051319882273674,project://predictive_profile_confirmatory64_v1/runs/confirm_K4_i001076/transformer/d128/n256/seed5/DONE.json,2.020199036589233,2.020176681845177,2.0201757117213326,2.020175664182502,0.0210864594268883,0.031144218091172,-172.48469734170845
done,confirm_K4_i001076,Transformer,256,1,256,46,2.032991487532854,16,48,795656,cpu,2.0169179812073708,2.0150684490799904,2.0373526364564896,2.0216785296797752,project://predictive_profile_confirmatory64_v1/runs/confirm_K4_i001076/transformer/d256/n256/seed1/DONE.json,2.020199036589233,2.020176681845177,2.0201757117213326,2.020175664182502,0.0088355624072043,0.0015028654972732,-203.6824246307584
done,confirm_K4_i001076,Transformer,256,2,256,19,2.031404986977577,16,27,795656,cpu,2.029690660536289,2.063045285642147,2.011024758219719,2.03762599080801,project://predictive_profile_confirmatory64_v1/runs/confirm_K4_i001076/transformer/d256/n256/seed2/DONE.json,2.020199036589233,2.020176681845177,2.0201757117213326,2.020175664182502,0.0188219145352622,0.0174503266255081,-339.51703661019604
done,confirm_K4_i001076,Transformer,256,3,256,7,2.0569898076355457,16,15,795656,cpu,2.0425021946430206,2.0572840124368668,2.0263266637921333,2.0475554540753365,project://predictive_profile_confirmatory64_v1/runs/confirm_K4_i001076/transformer/d256/n256/seed3/DONE.json,2.020199036589233,2.020176681845177,2.0201757117213326,2.020175664182502,0.0119484391674322,0.0273797898928345,-216.20620805116465
done,confirm_K4_i001076,Transformer,256,4,256,16,2.050598446279764,16,24,795656,cpu,2.008503146469593,2.0405291691422462,2.0083266869187355,2.044633083045482,project://predictive_profile_confirmatory64_v1/runs/confirm_K4_i001076/transformer/d256/n256/seed4/DONE.json,2.020199036589233,2.020176681845177,2.0201757117213326,2.020175664182502,0.0257005353309781,0.0244574188629806,-1545.8372341319268
done,confirm_K4_i001076,Transformer,256,5,256,17,2.048056371510029,16,25,795656,cpu,2.029709614813328,2.035926729440689,2.029296599328518,2.035373449325561,project://predictive_profile_confirmatory64_v1/runs/confirm_K4_i001076/transformer/d256/n256/seed5/DONE.json,2.020199036589233,2.020176681845177,2.0201757117213326,2.020175664182502,0.0041706714092883,0.0151977851430595,-242.3299653068038
done,confirm_K4_i000216,GRU,8,1,256,48,0.5524346930906177,16,48,576,cpu,0.615149462595582,0.5359670827165246,0.5324719827622175,0.5124648222699761,project://predictive_profile_confirmatory64_v1/runs/confirm_K4_i000216/gru/d8/n256/seed1/DONE.json,0.5235279384007138,0.4838399124800948,0.4720634988576972,0.4674014342316742,0.0247640315198241,0.0450633880383019,1.829521397169942
done,confirm_K4_i000216,GRU,8,2,256,48,0.5432336363010108,16,48,576,cpu,0.5238569378852844,0.5628700591623783,0.540065148845315,0.5282118050381541,project://predictive_profile_confirmatory64_v1/runs/confirm_K4_i000216/gru/d8/n256/seed2/DONE.json,0.5235279384007138,0.4838399124800948,0.4720634988576972,0.4674014342316742,0.0317870689361423,0.0608103708064799,-0.077590208357782
done,confirm_K4_i000216,GRU,8,3,256,48,0.5561689222231507,16,48,576,cpu,0.5385341048240662,0.4737499449402094,0.5705445446074009,0.4974879641085863,project://predictive_profile_confirmatory64_v1/runs/confirm_K4_i000216/gru/d8/n256/seed3/DONE.json,0.5235279384007138,0.4838399124800948,0.4720634988576972,0.4674014342316742,0.0403713329853218,0.0300865298769121,0.7313147562488251
done,confirm_K4_i000216,GRU,8,4,256,48,0.5463730366900563,16,48,576,cpu,0.5351989232003689,0.4801870696246624,0.4925663932226598,0.464212984777987,project://predictive_profile_confirmatory64_v1/runs/confirm_K4_i000216/gru/d8/n256/seed4/DONE.json,0.5235279384007138,0.4838399124800948,0.4720634988576972,0.4674014342316742,0.0139847972768151,-0.0031884494536871,1.264748971512447
done,confirm_K4_i000216,GRU,8,5,256,48,0.5329392636194825,16,48,576,cpu,0.555723967961967,0.5325222034007311,0.6450242903083563,0.483230878598988,project://predictive_profile_confirmatory64_v1/runs/confirm_K4_i000216/gru/d8/n256/seed5/DONE.json,0.5235279384007138,0.4838399124800948,0.4720634988576972,0.4674014342316742,0.0806805969143035,0.0158294443673138,1.2916017207244392
done,confirm_K4_i000216,GRU,32,1,256,47,0.5163967828266323,16,48,6888,cpu,0.5483031570911407,0.4599250322207808,0.478287661448121,0.4191857585683465,project://predictive_profile_confirmatory64_v1/runs/confirm_K4_i000216/gru/d32/n256/seed1/DONE.json,0.5235279384007138,0.4838399124800948,0.4720634988576972,0.4674014342316742,0.0471219038901319,-0.0482156756633276,2.30047105969621
done,confirm_K4_i000216,GRU,32,2,256,47,0.4522242117673158,16,48,6888,cpu,0.5416836943477392,0.4545149416662752,0.4494994794949889,0.5356581248342991,project://predictive_profile_confirmatory64_v1/runs/confirm_K4_i000216/gru/d32/n256/seed2/DONE.json,0.5235279384007138,0.4838399124800948,0.4720634988576972,0.4674014342316742,0.0712051361503603,0.0682566906026249,0.1073569359547596
done,confirm_K4_i000216,GRU,32,3,256,46,0.4981675799936056,16,48,6888,cpu,0.557231517508626,0.4895973715465516,0.4979755375534296,0.4395053517073393,project://predictive_profile_confirmatory64_v1/runs/confirm_K4_i000216/gru/d32/n256/seed3/DONE.json,0.5235279384007138,0.4838399124800948,0.4720634988576972,0.4674014342316742,0.0442221468385579,-0.0278960825243348,2.097514668769031
done,confirm_K4_i000216,GRU,32,4,256,42,0.5259868041612208,16,48,6888,cpu,0.5190500728785992,0.5368440430611372,0.4718295196071267,0.5188502706587315,project://predictive_profile_confirmatory64_v1/runs/confirm_K4_i000216/gru/d32/n256/seed4/DONE.json,0.5235279384007138,0.4838399124800948,0.4720634988576972,0.4674014342316742,0.0380832258585869,0.0514488364270572,0.0035598550600256
done,confirm_K4_i000216,GRU,32,5,256,43,0.5455840146169066,16,48,6888,cpu,0.4743572818115353,0.3584784613922238,0.4750907970592379,0.4293106896802783,project://predictive_profile_confirmatory64_v1/runs/confirm_K4_i000216/gru/d32/n256/seed5/DONE.json,0.5235279384007138,0.4838399124800948,0.4720634988576972,0.4674014342316742,0.0485531515711721,-0.0380907445513958,0.8025903768313721
done,confirm_K4_i000216,GRU,128,1,256,30,0.4898426607251167,16,38,101256,cpu,0.5327552985399961,0.4655827209353447,0.4477652702480554,0.4829136962071061,project://predictive_profile_confirmatory64_v1/runs/confirm_K4_i000216/gru/d128/n256/seed1/DONE.json,0.5235279384007138,0.4838399124800948,0.4720634988576972,0.4674014342316742,0.0262904504657395,0.0155122619754319,0.8880225674269516
done,confirm_K4_i000216,GRU,128,2,256,10,0.5370390536263585,16,18,101256,cpu,0.5295470054261386,0.5128250699490309,0.4584469282999635,0.3854400534182787,project://predictive_profile_confirmatory64_v1/runs/confirm_K4_i000216/gru/d128/n256/seed2/DONE.json,0.5235279384007138,0.4838399124800948,0.4720634988576972,0.4674014342316742,0.0786140996380971,-0.0819613808133954,2.567538351824734
done,confirm_K4_i000216,GRU,128,3,256,22,0.5467848544940352,16,30,101256,cpu,0.5161818666383624,0.5289432359859347,0.4169424641877413,0.4513889020308852,project://predictive_profile_confirmatory64_v1/runs/confirm_K4_i000216/gru/d128/n256/seed3/DONE.json,0.5235279384007138,0.4838399124800948,0.4720634988576972,0.4674014342316742,0.0365367291935982,-0.0160125322007889,1.154409410789888
done,confirm_K4_i000216,GRU,128,4,256,16,0.5131518077105284,16,24,101256,cpu,0.5296189393848181,0.4890781212598085,0.4524725181981921,0.48335848050192,project://predictive_profile_confirmatory64_v1/runs/confirm_K4_i000216/gru/d128/n256/seed4/DONE.json,0.5235279384007138,0.4838399124800948,0.4720634988576972,0.4674014342316742,0.0192086864812181,0.0159570462702458,0.8242177126081588
done,confirm_K4_i000216,GRU,128,5,256,20,0.5195927596651018,16,28,101256,cpu,0.5268474575132132,0.4761282885447144,0.444586125202477,0.4740142710506916,project://predictive_profile_confirmatory64_v1/runs/confirm_K4_i000216/gru/d128/n256/seed5/DONE.json,0.5235279384007138,0.4838399124800948,0.4720634988576972,0.4674014342316742,0.018561913745612,0.0066128368190174,0.941323306069458
done,confirm_K4_i000216,GRU,256,1,256,15,0.4810496070422232,16,23,399112,cpu,0.5735921040177345,0.526339397765696,0.4916518302634358,0.4997668704017997,project://predictive_profile_confirmatory64_v1/runs/confirm_K4_i000216/gru/d256/n256/seed1/DONE.json,0.5235279384007138,0.4838399124800948,0.4720634988576972,0.4674014342316742,0.0120332703542032,0.0323654361701254,1.315336394256641
done,confirm_K4_i000216,GRU,256,2,256,18,0.469360776245594,16,26,399112,cpu,0.6276358179748058,0.4361257837153971,0.5451405514031649,0.4930465687066316,project://predictive_profile_confirmatory64_v1/runs/confirm_K4_i000216/gru/d256/n256/seed2/DONE.json,0.5235279384007138,0.4838399124800948,0.4720634988576972,0.4674014342316742,0.0587106692250318,0.0256451344749574,2.3979624468116456
done,confirm_K4_i000216,GRU,256,3,256,15,0.5033958004787564,16,23,399112,cpu,0.5153367128223181,0.4343726178631186,0.424357945099473,0.426819615997374,project://predictive_profile_confirmatory64_v1/runs/confirm_K4_i000216/gru/d256/n256/seed3/DONE.json,0.5235279384007138,0.4838399124800948,0.4720634988576972,0.4674014342316742,0.0171671910265092,-0.0405818182343001,1.577099770161201
done,confirm_K4_i000216,GRU,256,4,256,9,0.4849942354485392,16,17,399112,cpu,0.5516775250434875,0.4961414635181427,0.4705259334295988,0.5716277828905731,project://predictive_profile_confirmatory64_v1/runs/confirm_K4_i000216/gru/d256/n256/seed4/DONE.json,0.5235279384007138,0.4838399124800948,0.4720634988576972,0.4674014342316742,0.0797242868571026,0.1042263486588989,-0.3554516380888465
done,confirm_K4_i000216,GRU,256,5,256,4,0.4987159138545394,16,12,399112,cpu,0.5131191639229655,0.6081319143995643,0.5786046083085239,0.5292784897610545,project://predictive_profile_confirmatory64_v1/runs/confirm_K4_i000216/gru/d256/n256/seed5/DONE.json,0.5235279384007138,0.4838399124800948,0.4720634988576972,0.4674014342316742,0.0527156154886648,0.0618770555293803,-0.2879090026597946
done,confirm_K4_i000216,Transformer,8,1,256,44,0.592052950290963,16,48,1064,cpu,0.5888932906091213,0.5110107809305191,0.4972246969118714,0.4664680976420641,project://predictive_profile_confirmatory64_v1/runs/confirm_K4_i000216/transformer/d8/n256/seed1/DONE.json,0.5235279384007138,0.4838399124800948,0.4720634988576972,0.4674014342316742,0.0382958457784403,-0.00093333658961,2.181236739746732
done,confirm_K4_i000216,Transformer,8,2,256,48,0.4703252706676721,16,48,1064,cpu,0.5492291934788227,0.4749875497072935,0.5115539086982608,0.581438347697258,project://predictive_profile_confirmatory64_v1/runs/confirm_K4_i000216/transformer/d8/n256/seed2/DONE.json,0.5235279384007138,0.4838399124800948,0.4720634988576972,0.4674014342316742,0.0843536364952008,0.1140369134655838,-0.5738671006736681
done,confirm_K4_i000216,Transformer,8,3,256,48,0.5765567068010569,16,48,1064,cpu,0.5564159480854869,0.510798268020153,0.4315585289150476,0.5368601763620973,project://predictive_profile_confirmatory64_v1/runs/confirm_K4_i000216/transformer/d8/n256/seed3/DONE.json,0.5235279384007138,0.4838399124800948,0.4720634988576972,0.4674014342316742,0.0617165279824444,0.069458742130423,0.3484231204653745
done,confirm_K4_i000216,Transformer,8,4,256,47,0.5555858472362161,16,48,1064,cpu,0.4736774219200015,0.4634434264153242,0.4362055025994777,0.4644469544291496,project://predictive_profile_confirmatory64_v1/runs/confirm_K4_i000216/transformer/d8/n256/seed4/DONE.json,0.5235279384007138,0.4838399124800948,0.4720634988576972,0.4674014342316742,0.0299420408194078,-0.0029544798025245,0.1644582649055056
done,confirm_K4_i000216,Transformer,8,5,256,46,0.5302361384965479,16,48,1064,cpu,0.6387983784079552,0.5043226238340139,0.5254504904150963,0.508422376587987,project://predictive_profile_confirmatory64_v1/runs/confirm_K4_i000216/transformer/d8/n256/seed5/DONE.json,0.5235279384007138,0.4838399124800948,0.4720634988576972,0.4674014342316742,0.039011940502129,0.0410209423563127,2.322895461782315
done,confirm_K4_i000216,Transformer,32,1,256,29,0.5323061081580818,16,37,13448,cpu,0.5222331918776035,0.5107544884085655,0.5212361011654139,0.4925185358151793,project://predictive_profile_confirmatory64_v1/runs/confirm_K4_i000216/transformer/d32/n256/seed1/DONE.json,0.5235279384007138,0.4838399124800948,0.4720634988576972,0.4674014342316742,0.0178849360462951,0.0251171015835051,0.5294228903501768
done,confirm_K4_i000216,Transformer,32,2,256,16,0.5040794657543302,16,24,13448,cpu,0.5111958030611277,0.4958099699579179,0.4367395034059882,0.4812577124685049,project://predictive_profile_confirmatory64_v1/runs/confirm_K4_i000216/transformer/d32/n256/seed2/DONE.json,0.5235279384007138,0.4838399124800948,0.4720634988576972,0.4674014342316742,0.0278751240108489,0.0138562782368307,0.533403799788713
done,confirm_K4_i000216,Transformer,32,3,256,31,0.4967631506733596,16,39,13448,cpu,0.5010636746883392,0.5518592949956656,0.4880678746849298,0.5067238509654999,project://predictive_profile_confirmatory64_v1/runs/confirm_K4_i000216/transformer/d32/n256/seed3/DONE.json,0.5235279384007138,0.4838399124800948,0.4720634988576972,0.4674014342316742,0.0360029191780369,0.0393224167338256,-0.1008467632353076
done,confirm_K4_i000216,Transformer,32,4,256,41,0.5069327354431152,16,48,13448,cpu,0.4780152421444654,0.4735810849815607,0.4773619696497917,0.5390326408669353,project://predictive_profile_confirmatory64_v1/runs/confirm_K4_i000216/transformer/d32/n256/seed4/DONE.json,0.5235279384007138,0.4838399124800948,0.4720634988576972,0.4674014342316742,0.0787856324457842,0.071631206635261,-1.0871405519698862
done,confirm_K4_i000216,Transformer,32,5,256,30,0.4947654334828257,16,38,13448,cpu,0.4735737591981888,0.4971597334370017,0.4643335165455937,0.4502582401037216,project://predictive_profile_confirmatory64_v1/runs/confirm_K4_i000216/transformer/d32/n256/seed5/DONE.json,0.5235279384007138,0.4838399124800948,0.4720634988576972,0.4674014342316742,0.0228755578419097,-0.0171431941279525,0.4154101424925095
done,confirm_K4_i000216,Transformer,128,1,256,18,0.5074913301505148,16,26,201224,cpu,0.5487100994214416,0.4545885361731052,0.4358399948105216,0.4690337274223566,project://predictive_profile_confirmatory64_v1/runs/confirm_K4_i000216/transformer/d128/n256/seed1/DONE.json,0.5235279384007138,0.4838399124800948,0.4720634988576972,0.4674014342316742,0.0271176082138887,0.0016322931906824,1.4195855091761782
done,confirm_K4_i000216,Transformer,128,2,256,11,0.5306727020069957,16,19,201224,cpu,0.5225701052695513,0.5128068355843425,0.4622280122712254,0.5508296508342028,project://predictive_profile_confirmatory64_v1/runs/confirm_K4_i000216/transformer/d128/n256/seed2/DONE.json,0.5235279384007138,0.4838399124800948,0.4720634988576972,0.4674014342316742,0.0685294757963477,0.0834282166025285,-0.5034973402145358
done,confirm_K4_i000216,Transformer,128,3,256,14,0.5601984108798206,16,22,201224,cpu,0.5090252468362451,0.5536403134465218,0.5003475276753306,0.514667609706521,project://predictive_profile_confirmatory64_v1/runs/confirm_K4_i000216/transformer/d128/n256/seed3/DONE.json,0.5235279384007138,0.4838399124800948,0.4720634988576972,0.4674014342316742,0.0342180732418629,0.0472661754748468,-0.1005293836452476
done,confirm_K4_i000216,Transformer,128,4,256,15,0.4743971438147127,16,23,201224,cpu,0.5095055354759097,0.48400295432657,0.4857983523979783,0.4437877503223717,project://predictive_profile_confirmatory64_v1/runs/confirm_K4_i000216/transformer/d128/n256/seed4/DONE.json,0.5235279384007138,0.4838399124800948,0.4720634988576972,0.4674014342316742,0.0226508201187727,-0.0236136839093024,1.1708868408339093
done,confirm_K4_i000216,Transformer,128,5,256,13,0.4989517850335687,16,21,201224,cpu,0.5253799380734563,0.5058684665709734,0.5258585922420025,0.4498271960765123,project://predictive_profile_confirmatory64_v1/runs/confirm_K4_i000216/transformer/d128/n256/seed5/DONE.json,0.5235279384007138,0.4838399124800948,0.4720634988576972,0.4674014342316742,0.0419503913993055,-0.0175742381551618,1.346115228723264
done,confirm_K4_i000216,Transformer,256,1,256,7,0.5164977256208658,16,15,795656,cpu,0.4930953811854124,0.5823406977578998,0.5698231365531683,0.5167218884453177,project://predictive_profile_confirmatory64_v1/runs/confirm_K4_i000216/transformer/d256/n256/seed1/DONE.json,0.5235279384007138,0.4838399124800948,0.4720634988576972,0.4674014342316742,0.0527389853238382,0.0493204542136435,-0.420950985807845
done,confirm_K4_i000216,Transformer,256,2,256,15,0.5325013580732048,16,23,795656,cpu,0.5471809776499867,0.5136363804340363,0.5191039280034602,0.452209148555994,project://predictive_profile_confirmatory64_v1/runs/confirm_K4_i000216/transformer/d256/n256/seed2/DONE.json,0.5235279384007138,0.4838399124800948,0.4720634988576972,0.4674014342316742,0.0430286474796705,-0.0151922856756801,1.6921030536297132
done,confirm_K4_i000216,Transformer,256,3,256,14,0.5247110673226416,16,22,795656,cpu,0.5247701592743397,0.4952644929289818,0.4138211207464337,0.5033944761380553,project://predictive_profile_confirmatory64_v1/runs/confirm_K4_i000216/transformer/d256/n256/seed3/DONE.json,0.5235279384007138,0.4838399124800948,0.4720634988576972,0.4674014342316742,0.0516999594940384,0.0359930419063811,0.3808482899969311
done,confirm_K4_i000216,Transformer,256,4,256,19,0.5285848062485456,16,27,795656,cpu,0.5736790224909782,0.5214582867920399,0.5421691602095962,0.4329131999984383,project://predictive_profile_confirmatory64_v1/runs/confirm_K4_i000216/transformer/d256/n256/seed4/DONE.json,0.5235279384007138,0.4838399124800948,0.4720634988576972,0.4674014342316742,0.0763266994501741,-0.0344882342332358,2.508009799943837
done,confirm_K4_i000216,Transformer,256,5,256,15,0.5469900816679001,16,23,795656,cpu,0.452401353046298,0.5327501147985458,0.5320785837247968,0.5784934461116791,project://predictive_profile_confirmatory64_v1/runs/confirm_K4_i000216/transformer/d256/n256/seed5/DONE.json,0.5235279384007138,0.4838399124800948,0.4720634988576972,0.4674014342316742,0.0995980008477969,0.1110920118800048,-2.246569511716281
done,confirm_K4_i001198,GRU,8,1,256,39,1.9048650227487087,16,47,576,cpu,1.9197532832622528,1.9095174297690392,1.950044132769108,1.8871243447065356,project://predictive_profile_confirmatory64_v1/runs/confirm_K4_i001198/gru/d8/n256/seed1/DONE.json,1.8947870038971075,1.892609665557461,1.891680105268227,1.8912844218959484,0.0360605818545798,-0.004160077189413,9.315681558610525
done,confirm_K4_i001198,GRU,8,2,256,45,1.906825739890337,16,48,576,cpu,1.929832935333252,1.917129009962082,1.941965363919735,1.874837689101696,project://predictive_profile_confirmatory64_v1/runs/confirm_K4_i001198/gru/d8/n256/seed2/DONE.json,1.8947870038971075,1.892609665557461,1.891680105268227,1.8912844218959484,0.0468584907805551,-0.0164467327942523,15.701344383474549
done,confirm_K4_i001198,GRU,8,3,256,46,1.8926128149032595,16,48,576,cpu,1.9661176651716232,1.8908484652638435,1.8854814916849136,1.8337621688842771,project://predictive_profile_confirmatory64_v1/runs/confirm_K4_i001198/gru/d8/n256/seed3/DONE.json,1.8947870038971075,1.892609665557461,1.891680105268227,1.8912844218959484,0.0747437028859974,-0.057522253011671,37.7879793374008
done,confirm_K4_i001198,GRU,8,4,256,22,1.903189606964588,16,30,576,cpu,1.9490801095962524,1.9096508175134657,1.8982509672641756,1.8874671682715416,project://predictive_profile_confirmatory64_v1/runs/confirm_K4_i001198/gru/d8/n256/seed4/DONE.json,1.8947870038971075,1.892609665557461,1.891680105268227,1.8912844218959484,0.0313041526407086,-0.0038172536244067,17.590720589646235
done,confirm_K4_i001198,GRU,8,5,256,45,1.9436123445630076,16,48,576,cpu,1.919803097844124,1.9289503917098043,1.915113501250744,1.9326588585972784,project://predictive_profile_confirmatory64_v1/runs/confirm_K4_i001198/gru/d8/n256/seed5/DONE.json,1.8947870038971075,1.892609665557461,1.891680105268227,1.8912844218959484,0.0123977272275275,0.0413744367013302,-3.670366817650815
done,confirm_K4_i001198,GRU,32,1,256,33,1.8933260403573515,16,41,6888,cpu,1.9111805483698845,1.928519606590271,1.8929222598671915,1.936956837773323,project://predictive_profile_confirmatory64_v1/runs/confirm_K4_i001198/gru/d32/n256/seed1/DONE.json,1.8947870038971075,1.892609665557461,1.891680105268227,1.8912844218959484,0.0270490588703448,0.0456724158773746,-7.359225107337867
done,confirm_K4_i001198,GRU,32,2,256,34,1.8988938853144648,16,42,6888,cpu,1.9216080158948896,1.886759340763092,1.9250341355800629,1.9373342990875244,project://predictive_profile_confirmatory64_v1/runs/confirm_K4_i001198/gru/d32/n256/seed2/DONE.json,1.8947870038971075,1.892609665557461,1.891680105268227,1.8912844218959484,0.0283926255866588,0.046049877191576,-4.489911495985263
done,confirm_K4_i001198,GRU,32,3,256,32,1.9023633524775505,16,40,6888,cpu,1.9024595469236372,1.9182166755199432,1.897835984826088,1.861066073179245,project://predictive_profile_confirmatory64_v1/runs/confirm_K4_i001198/gru/d32/n256/seed3/DONE.json,1.8947870038971075,1.892609665557461,1.891680105268227,1.8912844218959484,0.0383251706823573,-0.0302183487167033,11.81798848126784
done,confirm_K4_i001198,GRU,32,4,256,33,1.9355138204991815,16,41,6888,cpu,1.8776824101805687,1.8699329495429995,1.891475923359394,1.9190032556653025,project://predictive_profile_confirmatory64_v1/runs/confirm_K4_i001198/gru/d32/n256/seed4/DONE.json,1.8947870038971075,1.892609665557461,1.891680105268227,1.8912844218959484,0.0364984448098832,0.0277188337693539,-11.7972528469173
done,confirm_K4_i001198,GRU,32,5,256,34,1.8877252861857412,16,42,6888,cpu,1.9184032753109928,1.9305780082941053,1.910941481590271,1.9202457666397093,project://predictive_profile_confirmatory64_v1/runs/confirm_K4_i001198/gru/d32/n256/seed5/DONE.json,1.8947870038971075,1.892609665557461,1.891680105268227,1.8912844218959484,0.0071376678461501,0.0289613447437611,-0.5260380279766848
done,confirm_K4_i001198,GRU,128,1,256,12,1.9264785386621952,16,20,101256,cpu,1.9543674513697624,1.8697372749447825,1.9316228702664373,1.9285695180296896,project://predictive_profile_confirmatory64_v1/runs/confirm_K4_i001198/gru/d128/n256/seed1/DONE.json,1.8947870038971075,1.892609665557461,1.891680105268227,1.8912844218959484,0.032105564575181,0.0372850961337414,7.365404530582463
done,confirm_K4_i001198,GRU,128,2,256,23,1.914709948003292,16,31,101256,cpu,1.9207829982042317,1.861616164445877,1.914100840687752,1.9274813011288645,project://predictive_profile_confirmatory64_v1/runs/confirm_K4_i001198/gru/d128/n256/seed2/DONE.json,1.8947870038971075,1.892609665557461,1.891680105268227,1.8912844218959484,0.0346712683733773,0.0361968792329159,-1.9123900375256555
done,confirm_K4_i001198,GRU,128,3,256,13,1.9203475564718249,16,21,101256,cpu,1.922343708574772,1.8935947939753528,1.9380626380443573,1.8978640139102936,project://predictive_profile_confirmatory64_v1/runs/confirm_K4_i001198/gru/d128/n256/seed3/DONE.json,1.8947870038971075,1.892609665557461,1.891680105268227,1.8912844218959484,0.0226694252899571,0.0065795920143452,6.989042556713429
done,confirm_K4_i001198,GRU,128,4,256,22,1.8983386009931564,16,30,101256,cpu,1.9362531453371048,1.963994838297367,1.9242514669895168,1.9122732058167455,project://predictive_profile_confirmatory64_v1/runs/confirm_K4_i001198/gru/d128/n256/seed4/DONE.json,1.8947870038971075,1.892609665557461,1.891680105268227,1.8912844218959484,0.0278086060666495,0.0209887839207973,6.846360631221348
done,confirm_K4_i001198,GRU,128,5,256,5,1.940266102552414,16,13,101256,cpu,1.9489902034401891,1.914332903921604,1.9574484676122663,1.958344042301178,project://predictive_profile_confirmatory64_v1/runs/confirm_K4_i001198/gru/d128/n256/seed5/DONE.json,1.8947870038971075,1.892609665557461,1.891680105268227,1.8912844218959484,0.0235708635890827,0.0670596204052296,-2.6705552811878803
done,confirm_K4_i001198,GRU,256,1,256,34,1.9049159996211529,16,42,399112,cpu,1.9303948432207108,1.8945538774132729,1.9106500819325447,1.8988897055387497,project://predictive_profile_confirmatory64_v1/runs/confirm_K4_i001198/gru/d256/n256/seed1/DONE.json,1.8947870038971075,1.892609665557461,1.891680105268227,1.8912844218959484,0.0153732487287753,0.0076052836428013,8.99483228987547
done,confirm_K4_i001198,GRU,256,2,256,29,1.9119574204087255,16,37,399112,cpu,1.9193442910909653,1.924743130803108,1.980810284614563,1.912152737379074,project://predictive_profile_confirmatory64_v1/runs/confirm_K4_i001198/gru/d256/n256/seed2/DONE.json,1.8947870038971075,1.892609665557461,1.891680105268227,1.8912844218959484,0.0346417167932467,0.0208683154831257,2.053214945292252
done,confirm_K4_i001198,GRU,256,3,256,21,1.907884940505028,16,29,399112,cpu,1.951469086110592,1.9441989213228223,1.9140216931700704,1.864215023815632,project://predictive_profile_confirmatory64_v1/runs/confirm_K4_i001198/gru/d256/n256/seed3/DONE.json,1.8947870038971075,1.892609665557461,1.891680105268227,1.8912844218959484,0.0625358693310215,-0.0270693980803164,24.911354613850385
done,confirm_K4_i001198,GRU,256,4,256,13,1.889975380152464,16,21,399112,cpu,1.9189172461628916,1.8841009363532064,1.928517773747444,1.9403395280241968,project://predictive_profile_confirmatory64_v1/runs/confirm_K4_i001198/gru/d256/n256/seed4/DONE.json,1.8947870038971075,1.892609665557461,1.891680105268227,1.8912844218959484,0.03195351999177,0.0490551061282482,-6.116139994500346
done,confirm_K4_i001198,GRU,256,5,256,15,1.904927629977465,16,23,399112,cpu,1.931064136326313,1.9142564684152603,1.911161057651043,1.901357896625996,project://predictive_profile_confirmatory64_v1/runs/confirm_K4_i001198/gru/d256/n256/seed5/DONE.json,1.8947870038971075,1.892609665557461,1.891680105268227,1.8912844218959484,0.0150754289868864,0.0100734747300472,8.481240322278865
done,confirm_K4_i001198,Transformer,8,1,256,47,1.9145526252686975,16,48,1064,cpu,1.959226869046688,1.9104061052203176,1.904805190861225,1.917576089501381,project://predictive_profile_confirmatory64_v1/runs/confirm_K4_i001198/transformer/d8/n256/seed1/DONE.json,1.8947870038971075,1.892609665557461,1.891680105268227,1.8912844218959484,0.0206204555936201,0.0262916676054325,11.8914502305801
done,confirm_K4_i001198,Transformer,8,2,256,48,1.8998535200953484,16,48,1064,cpu,1.9193236604332924,1.8968215435743327,1.9375300854444504,1.886227749288082,project://predictive_profile_confirmatory64_v1/runs/confirm_K4_i001198/transformer/d8/n256/seed2/DONE.json,1.8947870038971075,1.892609665557461,1.891680105268227,1.8912844218959484,0.0298041878692884,-0.0050566726078662,9.44900394459272
done,confirm_K4_i001198,Transformer,8,3,256,40,1.8783892802894115,16,48,1064,cpu,1.920565940439701,1.9173912182450292,1.9184557870030403,1.9123523086309435,project://predictive_profile_confirmatory64_v1/runs/confirm_K4_i001198/transformer/d8/n256/seed3/DONE.json,1.8947870038971075,1.892609665557461,1.891680105268227,1.8912844218959484,0.0041401759883165,0.0210678867349949,2.345021988361742
done,confirm_K4_i001198,Transformer,8,4,256,21,1.877979185432196,16,29,1064,cpu,1.9126061275601387,1.8499000892043116,1.8989079892635343,1.939598672091961,project://predictive_profile_confirmatory64_v1/runs/confirm_K4_i001198/transformer/d8/n256/seed4/DONE.json,1.8947870038971075,1.892609665557461,1.891680105268227,1.8912844218959484,0.0522096237045741,0.0483142501960125,-7.706470404658872
done,confirm_K4_i001198,Transformer,8,5,256,34,1.9027438387274744,16,42,1064,cpu,1.9533011615276337,1.881340242922306,1.896956518292427,1.9282001480460167,project://predictive_profile_confirmatory64_v1/runs/confirm_K4_i001198/transformer/d8/n256/seed5/DONE.json,1.8947870038971075,1.892609665557461,1.891680105268227,1.8912844218959484,0.0307788358330317,0.0369157261500683,7.166431356442625
done,confirm_K4_i001198,Transformer,32,1,256,8,1.904299765825272,16,16,13448,cpu,1.943727321922779,1.9272565320134163,1.9221477061510088,1.933289960026741,project://predictive_profile_confirmatory64_v1/runs/confirm_K4_i001198/transformer/d32/n256/seed1/DONE.json,1.8947870038971075,1.892609665557461,1.891680105268227,1.8912844218959484,0.0076708085777757,0.0420055381307926,2.979905079334197
done,confirm_K4_i001198,Transformer,32,2,256,18,1.892989464104176,16,26,13448,cpu,1.882652647793293,1.89611391723156,1.9398060366511345,1.8873159438371656,project://predictive_profile_confirmatory64_v1/runs/confirm_K4_i001198/transformer/d32/n256/seed2/DONE.json,1.8947870038971075,1.892609665557461,1.891680105268227,1.8912844218959484,0.0266287004423115,-0.0039684780587825,-1.3313881137771613
done,confirm_K4_i001198,Transformer,32,3,256,9,1.903081610798836,16,17,13448,cpu,1.9063047468662264,1.8737593665719032,1.9500480592250824,1.8657626286149025,project://predictive_profile_confirmatory64_v1/runs/confirm_K4_i001198/transformer/d32/n256/seed3/DONE.json,1.8947870038971075,1.892609665557461,1.891680105268227,1.8912844218959484,0.0459726162334735,-0.0255217932810458,11.574923367364155
done,confirm_K4_i001198,Transformer,32,4,256,6,1.9273798689246175,16,14,13448,cpu,1.932241789996624,1.9259669855237007,1.9181624352931976,1.907210431993008,project://predictive_profile_confirmatory64_v1/runs/confirm_K4_i001198/transformer/d32/n256/seed4/DONE.json,1.8947870038971075,1.892609665557461,1.891680105268227,1.8912844218959484,0.0148220667447204,0.0159260100970592,7.146544462152186
done,confirm_K4_i001198,Transformer,32,5,256,21,1.9104019701480863,16,29,13448,cpu,1.9405120983719824,1.8657998070120807,1.9367826730012891,1.921748369932175,project://predictive_profile_confirmatory64_v1/runs/confirm_K4_i001198/transformer/d32/n256/seed5/DONE.json,1.8947870038971075,1.892609665557461,1.891680105268227,1.8912844218959484,0.0305265486814252,0.0304639480362263,5.357113247769597
done,confirm_K4_i001198,Transformer,128,1,256,12,1.8859011456370356,16,20,201224,cpu,1.9373510405421257,2.014587923884392,1.988410785794258,1.9466147124767303,project://predictive_profile_confirmatory64_v1/runs/confirm_K4_i001198/transformer/d128/n256/seed1/DONE.json,1.8947870038971075,1.892609665557461,1.891680105268227,1.8912844218959484,0.039745820949701,0.0553302905807819,-2.6448122931995512
done,confirm_K4_i001198,Transformer,128,2,256,5,1.931113764643669,16,13,201224,cpu,1.9153985977172847,1.9566718488931656,1.9245678707957268,2.000591941177845,project://predictive_profile_confirmatory64_v1/runs/confirm_K4_i001198/transformer/d128/n256/seed2/DONE.json,1.8947870038971075,1.892609665557461,1.891680105268227,1.8912844218959484,0.0627576417304641,0.1093075192818966,-24.32301183309084
done,confirm_K4_i001198,Transformer,128,3,256,21,1.90308865532279,16,29,201224,cpu,1.9728387221693997,1.9972173124551773,1.8841007575392723,1.913114421069622,project://predictive_profile_confirmatory64_v1/runs/confirm_K4_i001198/transformer/d128/n256/seed3/DONE.json,1.8947870038971075,1.892609665557461,1.891680105268227,1.8912844218959484,0.0521486585310897,0.0218299991736736,17.051506882641313
done,confirm_K4_i001198,Transformer,128,4,256,18,1.888953488320112,16,26,201224,cpu,1.887263894081116,1.9339695870876312,1.857883796095848,1.9602414891123767,project://predictive_profile_confirmatory64_v1/runs/confirm_K4_i001198/transformer/d128/n256/seed4/DONE.json,1.8947870038971075,1.892609665557461,1.891680105268227,1.8912844218959484,0.0655154109508574,0.0689570672164288,-20.835370879857926
done,confirm_K4_i001198,Transformer,128,5,256,7,1.94132337346673,16,15,201224,cpu,1.9117419347167013,1.9132434278726576,1.9754854142665863,1.882401131093502,project://predictive_profile_confirmatory64_v1/runs/confirm_K4_i001198/transformer/d128/n256/seed5/DONE.json,1.8947870038971075,1.892609665557461,1.891680105268227,1.8912844218959484,0.0503240664453235,-0.0088832908024463,8.376906982760474
done,confirm_K4_i001198,Transformer,256,1,256,18,1.914544336497784,16,26,795656,cpu,1.985971838235855,1.9518286809325216,1.9073013067245483,1.9065046682953837,project://predictive_profile_confirmatory64_v1/runs/confirm_K4_i001198/transformer/d256/n256/seed1/DONE.json,1.8947870038971075,1.892609665557461,1.891680105268227,1.8912844218959484,0.0438938237600625,0.015220246399435,22.68816830389052
done,confirm_K4_i001198,Transformer,256,2,256,17,1.9341278187930584,16,25,795656,cpu,1.8964982256293297,1.935609482228756,1.9580042362213133,1.9181858375668528,project://predictive_profile_confirmatory64_v1/runs/confirm_K4_i001198/transformer/d256/n256/seed2/DONE.json,1.8947870038971075,1.892609665557461,1.891680105268227,1.8912844218959484,0.0247379004043279,0.0269014156709042,-6.191892703824455
done,confirm_K4_i001198,Transformer,256,3,256,13,1.929373599588871,16,21,795656,cpu,1.8787646740674973,1.902327671647072,1.9295086041092877,1.9477466344833372,project://predictive_profile_confirmatory64_v1/runs/confirm_K4_i001198/transformer/d256/n256/seed3/DONE.json,1.8947870038971075,1.892609665557461,1.891680105268227,1.8912844218959484,0.0441198510267452,0.056462212587389,-19.69460255120803
done,confirm_K4_i001198,Transformer,256,4,256,25,1.937504656612873,16,33,795656,cpu,1.9153339937329288,1.936723180115223,1.903618723154068,1.927056573331356,project://predictive_profile_confirmatory64_v1/runs/confirm_K4_i001198/transformer/d256/n256/seed4/DONE.json,1.8947870038971075,1.892609665557461,1.891680105268227,1.8912844218959484,0.0147429746483774,0.0357721514354076,-3.3468394443150906
done,confirm_K4_i001198,Transformer,256,5,256,20,1.9355504736304283,16,28,795656,cpu,1.9474346041679385,1.899559661746025,1.9024052321910856,1.9450587332248688,project://predictive_profile_confirmatory64_v1/runs/confirm_K4_i001198/transformer/d256/n256/seed5/DONE.json,1.8947870038971075,1.892609665557461,1.891680105268227,1.8912844218959484,0.0318080895535983,0.0537743113289204,0.6783198629706106
done,confirm_K4_i000247,GRU,8,1,256,44,1.7233898863196373,16,48,576,cpu,1.7424685955047607,1.7475763782858849,1.7189250513911247,1.7476473972201347,project://predictive_profile_confirmatory64_v1/runs/confirm_K4_i000247/gru/d8/n256/seed1/DONE.json,1.7046654596345898,1.6919807615888236,1.6838037364034888,1.6785561619155438,0.0240573916611835,0.0690912353045909,-0.1983508622522695
done,confirm_K4_i000247,GRU,8,2,256,48,1.742570035159588,16,48,576,cpu,1.7528420239686966,1.6569518521428108,1.7292304337024689,1.7785828113555908,project://predictive_profile_confirmatory64_v1/runs/confirm_K4_i000247/gru/d8/n256/seed2/DONE.json,1.7046654596345898,1.6919807615888236,1.6838037364034888,1.6785561619155438,0.0773136308895883,0.100026649440047,-0.985885858129268
done,confirm_K4_i000247,GRU,8,3,256,41,1.7090625949203968,16,48,576,cpu,1.7248477041721344,1.707209214568138,1.7936158254742622,1.6938008964061737,project://predictive_profile_confirmatory64_v1/runs/confirm_K4_i000247/gru/d8/n256/seed3/DONE.json,1.7046654596345898,1.6919807615888236,1.6838037364034888,1.6785561619155438,0.0473480829148276,0.0152447344906299,1.1891092629164397
done,confirm_K4_i000247,GRU,8,4,256,48,1.7432739436626434,16,48,576,cpu,1.7288796827197075,1.6606658548116684,1.727988883852959,1.6341783255338669,project://predictive_profile_confirmatory64_v1/runs/confirm_K4_i000247/gru/d8/n256/seed4/DONE.json,1.7046654596345898,1.6919807615888236,1.6838037364034888,1.6785561619155438,0.0563890788558053,-0.0443778363816769,3.627112387506254
done,confirm_K4_i000247,GRU,8,5,256,48,1.7112197801470757,16,48,576,cpu,1.7614476084709167,1.723281912505627,1.7513471990823746,1.6776015534996986,project://predictive_profile_confirmatory64_v1/runs/confirm_K4_i000247/gru/d8/n256/seed5/DONE.json,1.7046654596345898,1.6919807615888236,1.6838037364034888,1.6785561619155438,0.0476076487862527,-0.0009546084158451,3.211348534666051
done,confirm_K4_i000247,GRU,32,1,256,30,1.6686917282640934,16,38,6888,cpu,1.7066662311553955,1.66167164593935,1.709565982222557,1.6992661878466606,project://predictive_profile_confirmatory64_v1/runs/confirm_K4_i000247/gru/d32/n256/seed1/DONE.json,1.7046654596345898,1.6919807615888236,1.6838037364034888,1.6785561619155438,0.0272878816235626,0.0207100259311168,0.2834255975922617
done,confirm_K4_i000247,GRU,32,2,256,38,1.7492963783442974,16,46,6888,cpu,1.70506589114666,1.7305207327008247,1.6835014894604683,1.7135999202728271,project://predictive_profile_confirmatory64_v1/runs/confirm_K4_i000247/gru/d32/n256/seed2/DONE.json,1.7046654596345898,1.6919807615888236,1.6838037364034888,1.6785561619155438,0.0248078802461014,0.0350437583572833,-0.3268578579937045
done,confirm_K4_i000247,GRU,32,3,256,47,1.7337323017418385,16,48,6888,cpu,1.716096580028534,1.7290871888399124,1.6873875707387924,1.6475598439574242,project://predictive_profile_confirmatory64_v1/runs/confirm_K4_i000247/gru/d32/n256/seed3/DONE.json,1.7046654596345898,1.6919807615888236,1.6838037364034888,1.6785561619155438,0.0436859770486619,-0.0309963179581196,2.624993472004193
done,confirm_K4_i000247,GRU,32,4,256,45,1.7206666581332684,16,48,6888,cpu,1.7293627858161926,1.721525602042675,1.634153701364994,1.6588161438703537,project://predictive_profile_confirmatory64_v1/runs/confirm_K4_i000247/gru/d32/n256/seed4/DONE.json,1.7046654596345898,1.6919807615888236,1.6838037364034888,1.6785561619155438,0.0363946560491399,-0.0197400180451901,2.701973936831594
done,confirm_K4_i000247,GRU,32,5,256,39,1.6869371570646765,16,47,6888,cpu,1.7371038869023323,1.741850048303604,1.769352488219738,1.740590289235115,project://predictive_profile_confirmatory64_v1/runs/confirm_K4_i000247/gru/d32/n256/seed5/DONE.json,1.7046654596345898,1.6919807615888236,1.6838037364034888,1.6785561619155438,0.0198546365725839,0.0620341273195712,-0.1335310650749334
done,confirm_K4_i000247,GRU,128,1,256,21,1.7361100316047668,16,29,101256,cpu,1.7231723219156263,1.6694945693016052,1.702719762921333,1.720062404870987,project://predictive_profile_confirmatory64_v1/runs/confirm_K4_i000247/gru/d128/n256/seed1/DONE.json,1.7046654596345898,1.6919807615888236,1.6838037364034888,1.6785561619155438,0.0358270887681026,0.0415062429554431,0.1191114781448521
done,confirm_K4_i000247,GRU,128,2,256,21,1.7160197235643864,16,29,101256,cpu,1.7278711423277855,1.6844469532370567,1.7061626985669136,1.6855006888508797,project://predictive_profile_confirmatory64_v1/runs/confirm_K4_i000247/gru/d128/n256/seed2/DONE.json,1.7046654596345898,1.6919807615888236,1.6838037364034888,1.6785561619155438,0.0133384050083592,0.0069445269353358,1.6228109209539456
done,confirm_K4_i000247,GRU,128,3,256,19,1.7325794957578182,16,27,101256,cpu,1.7083565071225166,1.704807162284851,1.697061687707901,1.6967237293720243,project://predictive_profile_confirmatory64_v1/runs/confirm_K4_i000247/gru/d128/n256/seed3/DONE.json,1.7046654596345898,1.6919807615888236,1.6838037364034888,1.6785561619155438,0.008096326690598,0.0181675674564807,0.4455415796958147
done,confirm_K4_i000247,GRU,128,4,256,20,1.7182814814150331,16,28,101256,cpu,1.747694469988346,1.6812363862991333,1.6737891361117363,1.728783741593361,project://predictive_profile_confirmatory64_v1/runs/confirm_K4_i000247/gru/d128/n256/seed4/DONE.json,1.7046654596345898,1.6919807615888236,1.6838037364034888,1.6785561619155438,0.0430073218776729,0.0502275796778171,0.7242909632605835
done,confirm_K4_i000247,GRU,128,5,256,9,1.6992365829646587,16,17,101256,cpu,1.7102518901228905,1.7152032405138016,1.7720723897218704,1.6720240488648417,project://predictive_profile_confirmatory64_v1/runs/confirm_K4_i000247/gru/d128/n256/seed5/DONE.json,1.7046654596345898,1.6919807615888236,1.6838037364034888,1.6785561619155438,0.0500484269116212,-0.0065321130507023,1.4641466679574011
done,confirm_K4_i000247,GRU,256,1,256,10,1.785090234130621,16,18,399112,cpu,1.767628662288189,1.7635536938905716,1.7337657809257507,1.6901779919862747,project://predictive_profile_confirmatory64_v1/runs/confirm_K4_i000247/gru/d256/n256/seed1/DONE.json,1.7046654596345898,1.6919807615888236,1.6838037364034888,1.6785561619155438,0.0438749451327182,0.0116218300707309,2.9664018977199857
done,confirm_K4_i000247,GRU,256,2,256,24,1.6887191161513329,16,32,399112,cpu,1.7188241556286812,1.719082124531269,1.70818243175745,1.6886845976114273,project://predictive_profile_confirmatory64_v1/runs/confirm_K4_i000247/gru/d256/n256/seed2/DONE.json,1.7046654596345898,1.6919807615888236,1.6838037364034888,1.6785561619155438,0.0112626945900063,0.0101284356958835,1.1543611146334238
done,confirm_K4_i000247,GRU,256,3,256,43,1.659235130995512,16,48,399112,cpu,1.7282433658838272,1.7192215099930763,1.6966717913746834,1.6806840524077415,project://predictive_profile_confirmatory64_v1/runs/confirm_K4_i000247/gru/d256/n256/seed3/DONE.json,1.7046654596345898,1.6919807615888236,1.6838037364034888,1.6785561619155438,0.0173645467945769,0.0021278904921977,1.8215470208297653
done,confirm_K4_i000247,GRU,256,4,256,16,1.6998826414346695,16,24,399112,cpu,1.6914512515068054,1.6873387023806572,1.674723595380783,1.7106004878878591,project://predictive_profile_confirmatory64_v1/runs/confirm_K4_i000247/gru/d256/n256/seed4/DONE.json,1.7046654596345898,1.6919807615888236,1.6838037364034888,1.6785561619155438,0.0356561619924424,0.0320443259723155,-0.7334259460791654
done,confirm_K4_i000247,GRU,256,5,256,17,1.7267721220850945,16,25,399112,cpu,1.6988682448863983,1.7415024042129517,1.709652058780193,1.6817216649651527,project://predictive_profile_confirmatory64_v1/runs/confirm_K4_i000247/gru/d256/n256/seed5/DONE.json,1.7046654596345898,1.6919807615888236,1.6838037364034888,1.6785561619155438,0.0261903239728003,0.0031655030496089,0.6567231377019235
done,confirm_K4_i000247,Transformer,8,1,256,42,1.7430746518075466,16,48,1064,cpu,1.7316813692450523,1.7142128348350525,1.6585374921560287,1.7243072986602783,project://predictive_profile_confirmatory64_v1/runs/confirm_K4_i000247/transformer/d8/n256/seed1/DONE.json,1.7046654596345898,1.6919807615888236,1.6838037364034888,1.6785561619155438,0.0385604184579538,0.0457511367447345,0.2824308284398946
done,confirm_K4_i000247,Transformer,8,2,256,39,1.7206119112670422,16,47,1064,cpu,1.723750323057175,1.7028591558337212,1.6707873940467834,1.6683906614780426,project://predictive_profile_confirmatory64_v1/runs/confirm_K4_i000247/transformer/d8/n256/seed2/DONE.json,1.7046654596345898,1.6919807615888236,1.6838037364034888,1.6785561619155438,0.0180731609645325,-0.0101655004375011,2.120304505116916
done,confirm_K4_i000247,Transformer,8,3,256,41,1.7464951910078526,16,48,1064,cpu,1.6648899465799332,1.6974663138389587,1.77352587133646,1.7465452328324318,project://predictive_profile_confirmatory64_v1/runs/confirm_K4_i000247/transformer/d8/n256/seed3/DONE.json,1.7046654596345898,1.6919807615888236,1.6838037364034888,1.6785561619155438,0.0632301776761152,0.067989070916888,-3.127440926644814
done,confirm_K4_i000247,Transformer,8,4,256,38,1.7821058258414268,16,46,1064,cpu,1.7199194431304932,1.7504206374287603,1.6996358707547188,1.7323487922549248,project://predictive_profile_confirmatory64_v1/runs/confirm_K4_i000247/transformer/d8/n256/seed4/DONE.json,1.7046654596345898,1.6919807615888236,1.6838037364034888,1.6785561619155438,0.0271469309818584,0.0537926303393809,-0.4760506873137664
done,confirm_K4_i000247,Transformer,8,5,256,35,1.76379132270813,16,43,1064,cpu,1.721507407724857,1.7289043590426445,1.7262937501072884,1.7386186346411705,project://predictive_profile_confirmatory64_v1/runs/confirm_K4_i000247/transformer/d8/n256/seed5/DONE.json,1.7046654596345898,1.6919807615888236,1.6838037364034888,1.6785561619155438,0.0260394537897479,0.0600624727256267,-0.6553690987954455
done,confirm_K4_i000247,Transformer,32,1,256,28,1.6935263015329838,16,36,13448,cpu,1.7609313949942589,1.7061066552996635,1.7463413700461388,1.7327011451125145,project://predictive_profile_confirmatory64_v1/runs/confirm_K4_i000247/transformer/d32/n256/seed1/DONE.json,1.7046654596345898,1.6919807615888236,1.6838037364034888,1.6785561619155438,0.0204723138828928,0.0541449831969707,1.0812335967639293
done,confirm_K4_i000247,Transformer,32,2,256,21,1.7161246724426746,16,29,13448,cpu,1.7303065061569214,1.7391445115208626,1.7152879536151886,1.7213757187128067,project://predictive_profile_confirmatory64_v1/runs/confirm_K4_i000247/transformer/d32/n256/seed2/DONE.json,1.7046654596345898,1.6919807615888236,1.6838037364034888,1.6785561619155438,0.0105174040615803,0.0428195567972629,0.3420539127561412
done,confirm_K4_i000247,Transformer,32,3,256,23,1.7509561479091644,16,31,13448,cpu,1.7725230231881142,1.7031986713409424,1.7054564282298088,1.7042512595653534,project://predictive_profile_confirmatory64_v1/runs/confirm_K4_i000247/transformer/d32/n256/seed3/DONE.json,1.7046654596345898,1.6919807615888236,1.6838037364034888,1.6785561619155438,0.0223808151401414,0.0256950976498095,2.6148448861938705
done,confirm_K4_i000247,Transformer,32,4,256,11,1.7052015028893948,16,19,13448,cpu,1.736363060772419,1.686697632074356,1.709955170750618,1.698274813592434,project://predictive_profile_confirmatory64_v1/runs/confirm_K4_i000247/transformer/d32/n256/seed4/DONE.json,1.7046654596345898,1.6919807615888236,1.6838037364034888,1.6785561619155438,0.0142299418991328,0.0197186516768901,1.4588001404649311
done,confirm_K4_i000247,Transformer,32,5,256,11,1.7580108679831028,16,19,13448,cpu,1.7611118257045746,1.7225017547607422,1.7341494709253311,1.7108197957277298,project://predictive_profile_confirmatory64_v1/runs/confirm_K4_i000247/transformer/d32/n256/seed5/DONE.json,1.7046654596345898,1.6919807615888236,1.6838037364034888,1.6785561619155438,0.0151228610217085,0.032263633812186,1.9262115173690837
done,confirm_K4_i000247,Transformer,128,1,256,10,1.7682835906744003,16,18,201224,cpu,1.7680578008294106,1.7451698407530785,1.7601363882422447,1.7828566208481789,project://predictive_profile_confirmatory64_v1/runs/confirm_K4_i000247/transformer/d128/n256/seed1/DONE.json,1.7046654596345898,1.6919807615888236,1.6838037364034888,1.6785561619155438,0.0355951031474797,0.104300458932635,-0.5668026837800764
done,confirm_K4_i000247,Transformer,128,2,256,7,1.7947001233696938,16,15,201224,cpu,1.7466177642345428,1.7525895684957504,1.7592986226081848,1.7456857189536097,project://predictive_profile_confirmatory64_v1/runs/confirm_K4_i000247/transformer/d128/n256/seed2/DONE.json,1.7046654596345898,1.6919807615888236,1.6838037364034888,1.6785561619155438,0.0136600965834,0.0671295570380656,0.0356978303653674
done,confirm_K4_i000247,Transformer,128,3,256,13,1.7022875659167769,16,21,201224,cpu,1.719866506755352,1.6985884085297585,1.6906365156173706,1.7940402328968048,project://predictive_profile_confirmatory64_v1/runs/confirm_K4_i000247/transformer/d128/n256/seed3/DONE.json,1.7046654596345898,1.6919807615888236,1.6838037364034888,1.6785561619155438,0.0918094001030592,0.115484070981261,-2.840893192134581
done,confirm_K4_i000247,Transformer,128,4,256,9,1.7225788719952106,16,17,201224,cpu,1.7438939288258553,1.775882467627525,1.7335786074399948,1.6596418470144272,project://predictive_profile_confirmatory64_v1/runs/confirm_K4_i000247/transformer/d128/n256/seed4/DONE.json,1.7046654596345898,1.6919807615888236,1.6838037364034888,1.6785561619155438,0.0683189610735625,-0.0189143149011166,3.22689957876456
done,confirm_K4_i000247,Transformer,128,5,256,23,1.748548336327076,16,31,201224,cpu,1.7318851947784424,1.7194219157099724,1.721834361553192,1.689778633415699,project://predictive_profile_confirmatory64_v1/runs/confirm_K4_i000247/transformer/d128/n256/seed5/DONE.json,1.7046654596345898,1.6919807615888236,1.6838037364034888,1.6785561619155438,0.0175900199839586,0.0112224715001552,1.6127037125180042
done,confirm_K4_i000247,Transformer,256,1,256,39,1.7176129445433617,16,47,795656,cpu,1.6993562653660774,1.66764747351408,1.7575365379452703,1.7415954247117045,project://predictive_profile_confirmatory64_v1/runs/confirm_K4_i000247/transformer/d256/n256/seed1/DONE.json,1.7046654596345898,1.6919807615888236,1.6838037364034888,1.6785561619155438,0.055722136534133,0.0630392627961604,-1.617782285841205
done,confirm_K4_i000247,Transformer,256,2,256,7,1.7096692509949207,16,15,795656,cpu,1.7509650811553,1.6754193380475044,1.6922110542654991,1.7159841656684875,project://predictive_profile_confirmatory64_v1/runs/confirm_K4_i000247/transformer/d256/n256/seed2/DONE.json,1.7046654596345898,1.6919807615888236,1.6838037364034888,1.6785561619155438,0.0309667728015048,0.0374280037529437,1.3397876826573918
done,confirm_K4_i000247,Transformer,256,3,256,10,1.74627773091197,16,18,795656,cpu,1.730422981083393,1.7486502528190613,1.748175986111164,1.7240662276744845,project://predictive_profile_confirmatory64_v1/runs/confirm_K4_i000247/transformer/d256/n256/seed3/DONE.json,1.7046654596345898,1.6919807615888236,1.6838037364034888,1.6785561619155438,0.0147519301015941,0.0455100657589404,0.2434670391104302
done,confirm_K4_i000247,Transformer,256,4,256,25,1.7400831207633018,16,33,795656,cpu,1.7284713238477707,1.7359953224658966,1.7434936612844467,1.7464665845036509,project://predictive_profile_confirmatory64_v1/runs/confirm_K4_i000247/transformer/d256/n256/seed4/DONE.json,1.7046654596345898,1.6919807615888236,1.6838037364034888,1.6785561619155438,0.0254155506477498,0.0679104225881068,-0.6892280615710672
done,confirm_K4_i000247,Transformer,256,5,256,14,1.7216671146452427,16,22,795656,cpu,1.7632935270667076,1.684704415500164,1.8006524965167046,1.698548749089241,project://predictive_profile_confirmatory64_v1/runs/confirm_K4_i000247/transformer/d256/n256/seed5/DONE.json,1.7046654596345898,1.6919807615888236,1.6838037364034888,1.6785561619155438,0.0538920525044175,0.0199925871736972,2.479759458648213
done,confirm_K4_i000654,GRU,8,1,256,48,0.98560949601233,16,48,576,cpu,0.9172329232096672,0.9485454112291336,0.9357888139784336,0.8243649154901505,project://predictive_profile_confirmatory64_v1/runs/confirm_K4_i000654/gru/d8/n256/seed1/DONE.json,0.8856753496562095,0.853664133064591,0.8470754111606197,0.8458633863275855,0.0844183731760632,-0.021498470837435,2.332665861086697
done,confirm_K4_i000654,GRU,8,2,256,48,1.01311157643795,16,48,576,cpu,1.0085469409823418,0.9132867604494096,0.9174856171011924,0.935589611530304,project://predictive_profile_confirmatory64_v1/runs/confirm_K4_i000654/gru/d8/n256/seed2/DONE.json,0.8856753496562095,0.853664133064591,0.8470754111606197,0.8458633863275855,0.02438211689524,0.0897262252027184,1.832547891442041
done,confirm_K4_i000654,GRU,8,3,256,48,0.9445618819445372,16,48,576,cpu,1.003393787890673,0.923503290861845,0.8913751468062401,0.8948401920497417,project://predictive_profile_confirmatory64_v1/runs/confirm_K4_i000654/gru/d8/n256/seed3/DONE.json,0.8856753496562095,0.853664133064591,0.8470754111606197,0.8458633863275855,0.035994877271159,0.0489768057221562,2.726657686908976
done,confirm_K4_i000654,GRU,8,4,256,48,0.9869592767208816,16,48,576,cpu,1.0650958605110643,0.9454869739711284,0.9284553602337836,0.929738461971283,project://predictive_profile_confirmatory64_v1/runs/confirm_K4_i000654/gru/d8/n256/seed4/DONE.json,0.8856753496562095,0.853664133064591,0.8470754111606197,0.8458633863275855,0.0479539435786195,0.0838750756436974,3.399917693646177
done,confirm_K4_i000654,GRU,8,5,256,48,0.9290899923071264,16,48,576,cpu,0.9266046211123466,0.8850993849337101,0.9032725058495998,0.8866145759820938,project://predictive_profile_confirmatory64_v1/runs/confirm_K4_i000654/gru/d8/n256/seed5/DONE.json,0.8856753496562095,0.853664133064591,0.8470754111606197,0.8458633863275855,0.0090193457673386,0.0407511896545083,1.0044730725827022
done,confirm_K4_i000654,GRU,32,1,256,44,0.8757898267358541,16,48,6888,cpu,0.8927514180541039,0.8327473551034927,0.8669892624020576,0.8595611080527306,project://predictive_profile_confirmatory64_v1/runs/confirm_K4_i000654/gru/d32/n256/seed1/DONE.json,0.8856753496562095,0.853664133064591,0.8470754111606197,0.8458633863275855,0.0178930862868773,0.013697721725145,0.8336767952740002
done,confirm_K4_i000654,GRU,32,2,256,47,0.846082640811801,16,48,6888,cpu,0.899668101221323,0.9058665782213212,0.8930493704974651,0.8487851060926914,project://predictive_profile_confirmatory64_v1/runs/confirm_K4_i000654/gru/d32/n256/seed2/DONE.json,0.8856753496562095,0.853664133064591,0.8470754111606197,0.8458633863275855,0.0331837798193029,0.0029217197651059,1.2780830402314702
done,confirm_K4_i000654,GRU,32,3,256,44,0.9317120090126992,16,48,6888,cpu,0.9136444739997388,0.907179668545723,0.8334432803094387,0.8890426345169544,project://predictive_profile_confirmatory64_v1/runs/confirm_K4_i000654/gru/d32/n256/seed3/DONE.json,0.8856753496562095,0.853664133064591,0.8470754111606197,0.8458633863275855,0.0298568228838597,0.0431792481893689,0.6179509229351678
done,confirm_K4_i000654,GRU,32,4,256,46,0.9226080272346736,16,48,6888,cpu,0.928739856928587,0.8424895778298378,0.9202115088701248,0.8144002594053745,project://predictive_profile_confirmatory64_v1/runs/confirm_K4_i000654/gru/d32/n256/seed4/DONE.json,0.8856753496562095,0.853664133064591,0.8470754111606197,0.8458633863275855,0.0650134451350559,-0.0314631269222109,2.8719909284404594
done,confirm_K4_i000654,GRU,32,5,256,45,0.8618735000491142,16,48,6888,cpu,0.9471468292176723,0.9153101667761804,0.8379759695380926,0.8500829488039017,project://predictive_profile_confirmatory64_v1/runs/confirm_K4_i000654/gru/d32/n256/seed5/DONE.json,0.8856753496562095,0.853664133064591,0.8470754111606197,0.8458633863275855,0.0410882509929698,0.0042195624763161,2.438058118675691
done,confirm_K4_i000654,GRU,128,1,256,16,0.909623086452484,16,24,101256,cpu,0.915926557034254,0.906051317229867,0.9575909040868282,0.93144528567791,project://predictive_profile_confirmatory64_v1/runs/confirm_K4_i000654/gru/d128/n256/seed1/DONE.json,0.8856753496562095,0.853664133064591,0.8470754111606197,0.8458633863275855,0.0345870592814536,0.0855818993503243,-0.3898006364458322
done,confirm_K4_i000654,GRU,128,2,256,25,0.854537446051836,16,33,101256,cpu,0.9712224304676056,0.847166832536459,0.7239195443689823,0.966326590627432,project://predictive_profile_confirmatory64_v1/runs/confirm_K4_i000654/gru/d128/n256/seed2/DONE.json,0.8856753496562095,0.853664133064591,0.8470754111606197,0.8458633863275855,0.1384633139726126,0.1204632042998463,0.1229740869537501
done,confirm_K4_i000654,GRU,128,3,256,16,0.8657990889623761,16,24,101256,cpu,0.8765680342912674,0.8221764080226421,0.9007832817733288,0.8652831092476845,project://predictive_profile_confirmatory64_v1/runs/confirm_K4_i000654/gru/d128/n256/seed3/DONE.json,0.8856753496562095,0.853664133064591,0.8470754111606197,0.8458633863275855,0.0338416800835709,0.0194197229200989,0.2834556274060786
done,confirm_K4_i000654,GRU,128,4,256,8,0.9185787364840508,16,16,101256,cpu,0.97032318264246,0.835603741928935,0.8343877159059048,0.8352162949740887,project://predictive_profile_confirmatory64_v1/runs/confirm_K4_i000654/gru/d128/n256/seed4/DONE.json,0.8856753496562095,0.853664133064591,0.8470754111606197,0.8458633863275855,0.0478023108302829,-0.0106470913534968,3.3936253420396376
done,confirm_K4_i000654,GRU,128,5,256,18,0.8610205706208944,16,26,101256,cpu,0.9424279853701591,0.8858782015740871,0.8809812031686306,0.9234693702310324,project://predictive_profile_confirmatory64_v1/runs/confirm_K4_i000654/gru/d128/n256/seed5/DONE.json,0.8856753496562095,0.853664133064591,0.8470754111606197,0.8458633863275855,0.0331850677471883,0.0776059839034468,0.4762039737310796
done,confirm_K4_i000654,GRU,256,1,256,25,0.9156739562749864,16,33,399112,cpu,0.8637634627521038,0.876969538629055,0.8672173172235489,0.8696045354008675,project://predictive_profile_confirmatory64_v1/runs/confirm_K4_i000654/gru/d256/n256/seed1/DONE.json,0.8856753496562095,0.853664133064591,0.8470754111606197,0.8458633863275855,0.0228983848590119,0.0237411490732819,-0.1467165183628118
done,confirm_K4_i000654,GRU,256,2,256,8,0.9433405492454768,16,16,399112,cpu,0.9355216771364212,0.8052412010729313,0.8797798417508602,0.9075967445969582,project://predictive_profile_confirmatory64_v1/runs/confirm_K4_i000654/gru/d256/n256/seed2/DONE.json,0.8856753496562095,0.853664133064591,0.8470754111606197,0.8458633863275855,0.0572677667349957,0.0617333582693726,0.7014206335155936
done,confirm_K4_i000654,GRU,256,3,256,12,0.9136545099318027,16,20,399112,cpu,0.9454306066036224,0.8927767649292946,0.8921155072748661,0.827985005453229,project://predictive_profile_confirmatory64_v1/runs/confirm_K4_i000654/gru/d256/n256/seed3/DONE.json,0.8856753496562095,0.853664133064591,0.8470754111606197,0.8458633863275855,0.0575188925506888,-0.0178783808743565,2.950007769798994
done,confirm_K4_i000654,GRU,256,4,256,4,0.9049994088709354,16,12,399112,cpu,0.9112183414399624,0.8932579830288887,0.8272455669939518,0.8879484832286835,project://predictive_profile_confirmatory64_v1/runs/confirm_K4_i000654/gru/d256/n256/seed4/DONE.json,0.8856753496562095,0.853664133064591,0.8470754111606197,0.8458633863275855,0.0320675360779337,0.0420850969010979,0.5844941134703684
done,confirm_K4_i000654,GRU,256,5,256,5,0.9117101784795524,16,13,399112,cpu,0.8703996427357197,0.9333621636033058,0.9220077618956566,0.9419118948280812,project://predictive_profile_confirmatory64_v1/runs/confirm_K4_i000654/gru/d256/n256/seed5/DONE.json,0.8856753496562095,0.853664133064591,0.8470754111606197,0.8458633863275855,0.0572413993265634,0.0960485085004956,-1.7962503256136966
done,confirm_K4_i000654,Transformer,8,1,256,47,0.9541135169565678,16,48,1064,cpu,0.9387632347643377,0.918677356094122,1.0557431988418102,0.8589421063661575,project://predictive_profile_confirmatory64_v1/runs/confirm_K4_i000654/transformer/d8/n256/seed1/DONE.json,0.8856753496562095,0.853664133064591,0.8470754111606197,0.8458633863275855,0.1031419037925295,0.013078720038572,2.004953328709368
done,confirm_K4_i000654,Transformer,8,2,256,48,0.9552004467695951,16,48,1064,cpu,0.9548545852303504,0.9142909273505212,0.982039213180542,1.0442563220858574,project://predictive_profile_confirmatory64_v1/runs/confirm_K4_i000654/transformer/d8/n256/seed2/DONE.json,0.8856753496562095,0.853664133064591,0.8470754111606197,0.8458633863275855,0.0996229705668441,0.1983929357582718,-2.245599799174657
done,confirm_K4_i000654,Transformer,8,3,256,48,0.9548898432403804,16,48,1064,cpu,0.9617039076983928,0.9094388447701932,0.8995069600641727,0.9335963353514672,project://predictive_profile_confirmatory64_v1/runs/confirm_K4_i000654/transformer/d8/n256/seed3/DONE.json,0.8856753496562095,0.853664133064591,0.8470754111606197,0.8458633863275855,0.0245179044332884,0.0877329490238816,0.7060081944443303
done,confirm_K4_i000654,Transformer,8,4,256,46,0.934679581783712,16,48,1064,cpu,0.9230510480701924,0.8758589550852776,1.0038941130042076,0.8309550173580647,project://predictive_profile_confirmatory64_v1/runs/confirm_K4_i000654/transformer/d8/n256/seed4/DONE.json,0.8856753496562095,0.853664133064591,0.8470754111606197,0.8458633863275855,0.0916521376371945,-0.0149083689695208,2.313275282405187
done,confirm_K4_i000654,Transformer,8,5,256,44,0.966631825082004,16,48,1064,cpu,0.8837649784982204,0.9379805773496628,1.0266883932054045,0.953818541020155,project://predictive_profile_confirmatory64_v1/runs/confirm_K4_i000654/transformer/d8/n256/seed5/DONE.json,0.8856753496562095,0.853664133064591,0.8470754111606197,0.8458633863275855,0.0666409532888545,0.1079551546925694,-1.7596108472140426
done,confirm_K4_i000654,Transformer,32,1,256,21,0.9248083811253308,16,29,13448,cpu,0.8384667746722698,0.8594133518636227,0.931748017668724,0.8415381982922554,project://predictive_profile_confirmatory64_v1/runs/confirm_K4_i000654/transformer/d32/n256/seed1/DONE.json,0.8856753496562095,0.853664133064591,0.8470754111606197,0.8458633863275855,0.0496515004376599,-0.0043251880353301,-0.0771482580407504
done,confirm_K4_i000654,Transformer,32,2,256,19,0.9059725981205702,16,27,13448,cpu,0.8960085697472095,0.9777283780276776,0.9137066379189492,0.9255401641130448,project://predictive_profile_confirmatory64_v1/runs/confirm_K4_i000654/transformer/d32/n256/seed2/DONE.json,0.8856753496562095,0.853664133064591,0.8470754111606197,0.8458633863275855,0.0416802190426441,0.0796767777854592,-0.741776890581092
done,confirm_K4_i000654,Transformer,32,3,256,45,0.93473095074296,16,48,13448,cpu,0.8542240671813488,0.8750494867563248,0.8664573915302753,0.9008519276976584,project://predictive_profile_confirmatory64_v1/runs/confirm_K4_i000654/transformer/d32/n256/seed3/DONE.json,0.8856753496562095,0.853664133064591,0.8470754111606197,0.8458633863275855,0.0496710291688357,0.054988541370073,-1.171202237162346
done,confirm_K4_i000654,Transformer,32,4,256,17,0.8940591420978308,16,25,13448,cpu,0.9097890481352806,0.9448885172605516,0.9184690564870834,0.8749321661889553,project://predictive_profile_confirmatory64_v1/runs/confirm_K4_i000654/transformer/d32/n256/seed4/DONE.json,0.8856753496562095,0.853664133064591,0.8470754111606197,0.8458633863275855,0.0376804532162953,0.0290687798613697,0.8755378793706435
done,confirm_K4_i000654,Transformer,32,5,256,28,0.8905063318088651,16,36,13448,cpu,0.9471953324973584,0.8619359545409679,0.8794171176850796,0.7881404757499695,project://predictive_profile_confirmatory64_v1/runs/confirm_K4_i000654/transformer/d32/n256/seed5/DONE.json,0.8856753496562095,0.853664133064591,0.8470754111606197,0.8458633863275855,0.0816789561997164,-0.057722910577616,3.9951522971747417
done,confirm_K4_i000654,Transformer,128,1,256,23,0.9164117407053708,16,31,201224,cpu,0.8962258137762547,0.8932962901890278,0.8703315518796444,0.8552944846451283,project://predictive_profile_confirmatory64_v1/runs/confirm_K4_i000654/transformer/d128/n256/seed1/DONE.json,0.8856753496562095,0.853664133064591,0.8470754111606197,0.8458633863275855,0.0166169245820342,0.0094310983175427,1.028116317531559
done,confirm_K4_i000654,Transformer,128,2,256,24,0.8732067700475454,16,32,201224,cpu,0.99276639893651,0.7790720984339714,0.8918198049068451,0.8520747385919094,project://predictive_profile_confirmatory64_v1/runs/confirm_K4_i000654/transformer/d128/n256/seed2/DONE.json,0.8856753496562095,0.853664133064591,0.8470754111606197,0.8458633863275855,0.0674364439483116,0.0062113522643238,3.533904097702364
done,confirm_K4_i000654,Transformer,128,3,256,6,0.9423172418028116,16,14,201224,cpu,0.9595567174255848,1.0190096832811832,0.971092503517866,0.932783741503954,project://predictive_profile_confirmatory64_v1/runs/confirm_K4_i000654/transformer/d128/n256/seed3/DONE.json,0.8856753496562095,0.853664133064591,0.8470754111606197,0.8458633863275855,0.0438654029936008,0.0869203551763684,0.6724856973426783
done,confirm_K4_i000654,Transformer,128,4,256,17,0.8554888069629669,16,25,201224,cpu,0.9417223446071148,0.9014365151524544,0.9080862440168858,0.8544987440109253,project://predictive_profile_confirmatory64_v1/runs/confirm_K4_i000654/transformer/d128/n256/seed4/DONE.json,0.8856753496562095,0.853664133064591,0.8470754111606197,0.8458633863275855,0.0403818041549077,0.0086353576833397,2.190889202730613
done,confirm_K4_i000654,Transformer,128,5,256,3,0.9667325932532548,16,12,201224,cpu,1.0052852220833302,0.868038285523653,0.9119313098490238,0.9627474136650562,project://predictive_profile_confirmatory64_v1/runs/confirm_K4_i000654/transformer/d128/n256/seed5/DONE.json,0.8856753496562095,0.853664133064591,0.8470754111606197,0.8458633863275855,0.0574948494427187,0.1168840273374707,1.0684679895625764
done,confirm_K4_i000654,Transformer,256,1,256,15,0.9421453773975372,16,23,795656,cpu,0.8694543242454529,0.9720551408827304,0.8575073257088661,0.8317209333181381,project://predictive_profile_confirmatory64_v1/runs/confirm_K4_i000654/transformer/d256/n256/seed1/DONE.json,0.8856753496562095,0.853664133064591,0.8470754111606197,0.8458633863275855,0.0674042621853871,-0.0141424530094473,0.947790256306832
done,confirm_K4_i000654,Transformer,256,2,256,15,0.907485280185938,16,23,795656,cpu,0.9572786949574948,0.8988369442522526,0.9104459024965764,0.8674755357205868,project://predictive_profile_confirmatory64_v1/runs/confirm_K4_i000654/transformer/d256/n256/seed2/DONE.json,0.8856753496562095,0.853664133064591,0.8470754111606197,0.8458633863275855,0.0346337392377995,0.0216121493930012,2.2556827578594008
done,confirm_K4_i000654,Transformer,256,3,256,17,0.926332525908947,16,25,795656,cpu,0.9494146779179572,0.906356267631054,0.9033338353037834,0.9194434843957424,project://predictive_profile_confirmatory64_v1/runs/confirm_K4_i000654/transformer/d256/n256/seed3/DONE.json,0.8856753496562095,0.853664133064591,0.8470754111606197,0.8458633863275855,0.014432499412737,0.0735800980681569,0.7528187764773255
done,confirm_K4_i000654,Transformer,256,4,256,9,0.9661168027669192,16,17,795656,cpu,0.8641999363899231,0.8959304429590702,0.8988746479153633,0.9663213528692722,project://predictive_profile_confirmatory64_v1/runs/confirm_K4_i000654/transformer/d256/n256/seed4/DONE.json,0.8856753496562095,0.853664133064591,0.8470754111606197,0.8458633863275855,0.0879957962758813,0.1204579665416867,-2.565093704030563
done,confirm_K4_i000654,Transformer,256,5,256,10,0.9747383669018744,16,18,795656,cpu,0.9037456661462784,0.8706388473510742,0.905114147812128,0.8552417270839214,project://predictive_profile_confirmatory64_v1/runs/confirm_K4_i000654/transformer/d256/n256/seed5/DONE.json,0.8856753496562095,0.853664133064591,0.8470754111606197,0.8458633863275855,0.0250054467148671,0.0093783407563359,1.2183257244056478
done,confirm_K4_i000041,GRU,8,1,256,48,1.983729001134634,16,48,576,cpu,1.9992128387093544,1.968082457780838,1.9669147431850436,1.983214057981968,project://predictive_profile_confirmatory64_v1/runs/confirm_K4_i000041/gru/d8/n256/seed1/DONE.json,1.958346914491902,1.9562728333339985,1.955941858086481,1.9558919636238672,0.0131469454001587,0.0273220943581007,6.516945384000355
done,confirm_K4_i000041,GRU,8,2,256,48,1.9432665519416328,16,48,576,cpu,1.9529953971505165,1.952178113162517,1.969044178724289,1.9488252848386765,project://predictive_profile_confirmatory64_v1/runs/confirm_K4_i000041/gru/d8/n256/seed2/DONE.json,1.958346914491902,1.9562728333339985,1.955941858086481,1.9558919636238672,0.0102294043632174,-0.0070666787851907,1.6986540814881577
done,confirm_K4_i000041,GRU,8,3,256,47,1.947235118597746,16,48,576,cpu,1.9533982574939728,1.9211724027991293,1.9517963603138924,1.9879734888672829,project://predictive_profile_confirmatory64_v1/runs/confirm_K4_i000041/gru/d8/n256/seed3/DONE.json,1.958346914491902,1.9562728333339985,1.955941858086481,1.9558919636238672,0.0424177049580263,0.0320815252434156,-14.08387916169947
done,confirm_K4_i000041,GRU,8,4,256,38,1.99865735322237,16,46,576,cpu,1.9887846484780312,1.9970746636390688,1.962514840066433,1.97185592353344,project://predictive_profile_confirmatory64_v1/runs/confirm_K4_i000041/gru/d8/n256/seed4/DONE.json,1.958346914491902,1.9562728333339985,1.955941858086481,1.9558919636238672,0.015121180577896,0.0159639599095724,6.89574898015929
done,confirm_K4_i000041,GRU,8,5,256,35,1.952685348689556,16,43,576,cpu,1.9659639075398443,2.0349552258849144,1.9406016990542407,1.981047548353672,project://predictive_profile_confirmatory64_v1/runs/confirm_K4_i000041/gru/d8/n256/seed5/DONE.json,1.958346914491902,1.9562728333339985,1.955941858086481,1.9558919636238672,0.0346865486051236,0.0251555847298048,-6.14417217477863
done,confirm_K4_i000041,GRU,32,1,256,40,1.968847967684269,16,48,6888,cpu,1.961520992219448,1.9664366617798803,1.9808832556009293,1.9542953968048096,project://predictive_profile_confirmatory64_v1/runs/confirm_K4_i000041/gru/d32/n256/seed1/DONE.json,1.958346914491902,1.9562728333339985,1.955941858086481,1.9558919636238672,0.0147082417129316,-0.0015965668190576,2.9432749586646128
done,confirm_K4_i000041,GRU,32,2,256,8,1.984841864556074,16,16,6888,cpu,1.9746046364307404,1.955568827688694,1.9535756781697275,1.9934432059526443,project://predictive_profile_confirmatory64_v1/runs/confirm_K4_i000041/gru/d32/n256/seed2/DONE.json,1.958346914491902,1.9562728333339985,1.955941858086481,1.9558919636238672,0.0296238021145294,0.0375512423287771,-7.673705314104734
done,confirm_K4_i000041,GRU,32,3,256,18,1.983714159578085,16,26,6888,cpu,1.9934280812740328,1.991701364517212,1.9636360630393028,1.946793921291828,project://predictive_profile_confirmatory64_v1/runs/confirm_K4_i000041/gru/d32/n256/seed3/DONE.json,1.958346914491902,1.9562728333339985,1.955941858086481,1.9558919636238672,0.0324668978955437,-0.009098042332039,18.9959646807665
done,confirm_K4_i000041,GRU,32,4,256,18,1.9418065920472145,16,26,6888,cpu,1.976823478937149,1.9695090427994728,1.9581832364201543,1.965913988649845,project://predictive_profile_confirmatory64_v1/runs/confirm_K4_i000041/gru/d32/n256/seed4/DONE.json,1.958346914491902,1.9562728333339985,1.955941858086481,1.9558919636238672,0.0059654983311024,0.0100220250259779,4.443873166405737
done,confirm_K4_i000041,GRU,32,5,256,20,1.939098034054041,16,28,6888,cpu,1.9514792785048485,1.9738896042108536,2.029359184205532,1.973958469927311,project://predictive_profile_confirmatory64_v1/runs/confirm_K4_i000041/gru/d32/n256/seed5/DONE.json,1.958346914491902,1.9562728333339985,1.955941858086481,1.9558919636238672,0.030354682373468,0.0180665063034437,-9.156676703863315
done,confirm_K4_i000041,GRU,128,1,256,3,1.9505593590438368,16,12,101256,cpu,1.990325339138508,1.9454252272844317,2.0067157447338104,2.0316810980439186,project://predictive_profile_confirmatory64_v1/runs/confirm_K4_i000041/gru/d128/n256/seed1/DONE.json,1.958346914491902,1.9562728333339985,1.955941858086481,1.9558919636238672,0.050127501711096,0.0757891344200514,-16.845860112270902
done,confirm_K4_i000041,GRU,128,2,256,12,1.9932907782495024,16,20,101256,cpu,1.9797354340553284,2.0007437467575078,2.017777979373932,1.9924136102199557,project://predictive_profile_confirmatory64_v1/runs/confirm_K4_i000041/gru/d128/n256/seed2/DONE.json,1.958346914491902,1.9562728333339985,1.955941858086481,1.9558919636238672,0.0152727290110498,0.0365216465960882,-5.16432989747631
done,confirm_K4_i000041,GRU,128,3,256,6,1.9633765555918217,16,14,101256,cpu,2.0158105939626694,1.983651950955391,2.0338331907987595,2.009142830967903,project://predictive_profile_confirmatory64_v1/runs/confirm_K4_i000041/gru/d128/n256/seed3/DONE.json,1.958346914491902,1.9562728333339985,1.955941858086481,1.9558919636238672,0.0179878275042443,0.0532508673440359,2.7160474295373795
done,confirm_K4_i000041,GRU,128,4,256,5,1.9758794605731964,16,13,101256,cpu,2.0070840045809746,1.9287360310554504,2.009937174618244,2.0162830874323845,project://predictive_profile_confirmatory64_v1/runs/confirm_K4_i000041/gru/d128/n256/seed4/DONE.json,1.958346914491902,1.9562728333339985,1.955941858086481,1.9558919636238672,0.0444635891450177,0.0603911238085173,-3.7471555831071095
done,confirm_K4_i000041,GRU,128,5,256,11,1.9677190072834487,16,19,101256,cpu,1.9856682792305944,1.9662084877491,1.9754094630479813,1.9592283740639689,project://predictive_profile_confirmatory64_v1/runs/confirm_K4_i000041/gru/d128/n256/seed5/DONE.json,1.958346914491902,1.9562728333339985,1.955941858086481,1.9558919636238672,0.0148243337998229,0.0033364104401014,10.770034346060948
done,confirm_K4_i000041,GRU,256,1,256,19,1.973991435021162,16,27,399112,cpu,1.9908064380288124,1.9650749638676643,1.9744285345077517,1.987058512866497,project://predictive_profile_confirmatory64_v1/runs/confirm_K4_i000041/gru/d256/n256/seed1/DONE.json,1.958346914491902,1.9562728333339985,1.955941858086481,1.9558919636238672,0.012870685505067,0.0311665492426298,1.5266803141016572
done,confirm_K4_i000041,GRU,256,2,256,26,1.9882003888487816,16,34,399112,cpu,1.981113448739052,1.99097840487957,1.9923624098300932,1.9726908281445503,project://predictive_profile_confirmatory64_v1/runs/confirm_K4_i000041/gru/d256/n256/seed2/DONE.json,1.958346914491902,1.9562728333339985,1.955941858086481,1.9558919636238672,0.0136131723701149,0.0167988645206831,3.4308713482498936
done,confirm_K4_i000041,GRU,256,3,256,17,1.9318961389362808,16,25,399112,cpu,1.9595993012189863,2.0075329691171646,2.03047937899828,1.9597543329000475,project://predictive_profile_confirmatory64_v1/runs/confirm_K4_i000041/gru/d256/n256/seed3/DONE.json,1.958346914491902,1.9562728333339985,1.955941858086481,1.9558919636238672,0.0425685838896333,0.0038623692761801,-0.0631506247556393
done,confirm_K4_i000041,GRU,256,4,256,11,1.9858892820775509,16,19,399112,cpu,2.007824279367924,2.006544634699821,2.0140607804059982,2.0133359506726265,project://predictive_profile_confirmatory64_v1/runs/confirm_K4_i000041/gru/d256/n256/seed4/DONE.json,1.958346914491902,1.9562728333339985,1.955941858086481,1.9558919636238672,0.0053703550611989,0.0574439870487593,-2.2451248929128584
done,confirm_K4_i000041,GRU,256,5,256,9,1.986797753721476,16,17,399112,cpu,1.94890958070755,1.9673167765140531,2.0005989745259285,1.9927998706698415,project://predictive_profile_confirmatory64_v1/runs/confirm_K4_i000041/gru/d256/n256/seed5/DONE.json,1.958346914491902,1.9562728333339985,1.955941858086481,1.9558919636238672,0.0268182597342857,0.0369079070459745,-17.878276316555247
done,confirm_K4_i000041,Transformer,8,1,256,43,1.985594149678945,16,48,1064,cpu,1.9671882763504984,1.938917964696884,1.979741215705872,1.977562226355076,project://predictive_profile_confirmatory64_v1/runs/confirm_K4_i000041/transformer/d8/n256/seed1/DONE.json,1.958346914491902,1.9562728333339985,1.955941858086481,1.9558919636238672,0.020567417320589,0.0216702627312086,-4.225726119269512
done,confirm_K4_i000041,Transformer,8,2,256,48,1.9505082927644253,16,48,1064,cpu,1.971773751080036,1.962440133094788,2.020879164338112,1.985164687037468,project://predictive_profile_confirmatory64_v1/runs/confirm_K4_i000041/transformer/d8/n256/seed2/DONE.json,1.958346914491902,1.9562728333339985,1.955941858086481,1.9558919636238672,0.0226766135063864,0.0292727234136007,-5.454665562472861
done,confirm_K4_i000041,Transformer,8,3,256,48,1.9537338577210903,16,48,1064,cpu,1.95041049271822,1.987387090921402,1.9687818959355357,1.9759633019566536,project://predictive_profile_confirmatory64_v1/runs/confirm_K4_i000041/transformer/d8/n256/seed3/DONE.json,1.958346914491902,1.9562728333339985,1.955941858086481,1.9558919636238672,0.0154812176405112,0.0200713383327864,-10.40868457741882
done,confirm_K4_i000041,Transformer,8,4,256,45,1.9544079005718231,16,48,1064,cpu,1.967860326170921,2.00074215233326,1.9772604331374168,1.991328462958336,project://predictive_profile_confirmatory64_v1/runs/confirm_K4_i000041/transformer/d8/n256/seed4/DONE.json,1.958346914491902,1.9562728333339985,1.955941858086481,1.9558919636238672,0.015434653306475,0.0354364993344686,-9.559513835077995
done,confirm_K4_i000041,Transformer,8,5,256,17,1.9910825341939928,16,25,1064,cpu,1.9901329427957533,1.988730363547802,2.005227170884609,1.9941093400120733,project://predictive_profile_confirmatory64_v1/runs/confirm_K4_i000041/transformer/d8/n256/seed5/DONE.json,1.958346914491902,1.9562728333339985,1.955941858086481,1.9558919636238672,0.0070184984595886,0.0382173763882063,-1.619746149748124
done,confirm_K4_i000041,Transformer,32,1,256,8,1.9606670215725897,16,16,13448,cpu,1.979271657764912,2.015436425805092,1.9226050600409508,1.9691686555743215,project://predictive_profile_confirmatory64_v1/runs/confirm_K4_i000041/transformer/d32/n256/seed1/DONE.json,1.958346914491902,1.9562728333339985,1.955941858086481,1.9558919636238672,0.0329276395222509,0.0132766919504545,4.115358202128816
done,confirm_K4_i000041,Transformer,32,2,256,18,1.9903283007442951,16,26,13448,cpu,1.9778204411268236,2.002417452633381,1.9565983042120931,1.9396658167243004,project://predictive_profile_confirmatory64_v1/runs/confirm_K4_i000041/transformer/d32/n256/seed2/DONE.json,1.958346914491902,1.9562728333339985,1.955941858086481,1.9558919636238672,0.0369107068273111,-0.0162261468995668,15.541909575187296
done,confirm_K4_i000041,Transformer,32,3,256,36,1.9364435598254204,16,44,13448,cpu,1.9634797796607015,1.988172024488449,1.982317477464676,1.9844269379973407,project://predictive_profile_confirmatory64_v1/runs/confirm_K4_i000041/transformer/d32/n256/seed3/DONE.json,1.958346914491902,1.9562728333339985,1.955941858086481,1.9558919636238672,0.0118705463624524,0.0285349743734739,-8.532618151095
done,confirm_K4_i000041,Transformer,32,4,256,20,1.9656269401311877,16,28,13448,cpu,1.954396173357964,1.9298874363303185,1.9737021252512927,1.9692804291844368,project://predictive_profile_confirmatory64_v1/runs/confirm_K4_i000041/transformer/d32/n256/seed4/DONE.json,1.958346914491902,1.9562728333339985,1.955941858086481,1.9558919636238672,0.0218043624152458,0.0133884655605696,-6.0629546685749744
done,confirm_K4_i000041,Transformer,32,5,256,14,1.973939161747694,16,22,13448,cpu,2.0114104077219963,1.9644693210721016,1.9752710163593288,1.9616305977106092,project://predictive_profile_confirmatory64_v1/runs/confirm_K4_i000041/transformer/d32/n256/seed5/DONE.json,1.958346914491902,1.9562728333339985,1.955941858086481,1.9558919636238672,0.0246494710144191,0.0057386340867422,20.277314165247493
done,confirm_K4_i000041,Transformer,128,1,256,12,1.9725777991116047,16,20,201224,cpu,2.02053152769804,1.9720321223139765,1.9627157375216484,1.9737465381622317,project://predictive_profile_confirmatory64_v1/runs/confirm_K4_i000041/transformer/d128/n256/seed1/DONE.json,1.958346914491902,1.9562728333339985,1.955941858086481,1.9558919636238672,0.0228709660586709,0.0178545745383642,19.057403610387475
done,confirm_K4_i000041,Transformer,128,2,256,32,1.9792036935687063,16,40,201224,cpu,1.9608358666300771,1.9677158296108248,1.9340880811214447,1.974175125360489,project://predictive_profile_confirmatory64_v1/runs/confirm_K4_i000041/transformer/d128/n256/seed2/DONE.json,1.958346914491902,1.9562728333339985,1.955941858086481,1.9558919636238672,0.0218358579445466,0.0182831617366217,-5.43361535422098
done,confirm_K4_i000041,Transformer,128,3,256,11,1.9732886925339697,16,19,201224,cpu,1.9800930619239807,1.9871904775500295,1.9876651987433436,2.029005452990532,project://predictive_profile_confirmatory64_v1/runs/confirm_K4_i000041/transformer/d128/n256/seed3/DONE.json,1.958346914491902,1.9562728333339985,1.955941858086481,1.9558919636238672,0.0391543023677489,0.0731134893666647,-19.92397962151788
done,confirm_K4_i000041,Transformer,128,4,256,10,1.9793110638856888,16,18,201224,cpu,1.9775722026824951,2.046433240175247,1.980731010437012,1.955760881304741,project://predictive_profile_confirmatory64_v1/runs/confirm_K4_i000041/transformer/d128/n256/seed4/DONE.json,1.958346914491902,1.9562728333339985,1.955941858086481,1.9558919636238672,0.0478232166162483,-0.0001310823191262,8.884626434587291
done,confirm_K4_i000041,Transformer,128,5,256,18,1.9960646964609623,16,26,201224,cpu,1.9685800895094872,2.003369905054569,2.0185337215662003,1.9937098398804665,project://predictive_profile_confirmatory64_v1/runs/confirm_K4_i000041/transformer/d128/n256/seed5/DONE.json,1.958346914491902,1.9562728333339985,1.955941858086481,1.9558919636238672,0.0191100082014344,0.0378178762565992,-10.236355724339488
done,confirm_K4_i000041,Transformer,256,1,256,44,1.9577891752123835,16,48,795656,cpu,1.9827936589717865,1.9590484723448756,1.9504858776926997,2.011321172118187,project://predictive_profile_confirmatory64_v1/runs/confirm_K4_i000041/transformer/d256/n256/seed1/DONE.json,1.958346914491902,1.9562728333339985,1.955941858086481,1.9558919636238672,0.0431257396507389,0.0554292084943197,-11.62040084705968
done,confirm_K4_i000041,Transformer,256,2,256,22,1.9698014110326767,16,30,795656,cpu,1.9878415241837504,2.010310269892216,1.964674487709999,1.9667989909648893,project://predictive_profile_confirmatory64_v1/runs/confirm_K4_i000041/transformer/d256/n256/seed2/DONE.json,1.958346914491902,1.9562728333339985,1.955941858086481,1.9558919636238672,0.0235077562855609,0.0109070273410223,8.571468167795162
done,confirm_K4_i000041,Transformer,256,3,256,39,1.958912417292595,16,47,795656,cpu,1.9774469137191768,1.9294537380337715,1.955450840294361,1.9881146177649496,project://predictive_profile_confirmatory64_v1/runs/confirm_K4_i000041/transformer/d256/n256/seed3/DONE.json,1.958346914491902,1.9562728333339985,1.955941858086481,1.9558919636238672,0.0343813778826214,0.0322226541410826,-4.345383927912369
done,confirm_K4_i000041,Transformer,256,4,256,20,1.9570688754320145,16,28,795656,cpu,1.967396192252636,1.9829522743821144,2.0000437423586845,1.9653593078255651,project://predictive_profile_confirmatory64_v1/runs/confirm_K4_i000041/transformer/d256/n256/seed4/DONE.json,1.958346914491902,1.9562728333339985,1.955941858086481,1.9558919636238672,0.0193389659967575,0.0094673442016981,0.8297047625646485
done,confirm_K4_i000041,Transformer,256,5,256,31,1.98838122561574,16,39,795656,cpu,1.9515261724591253,1.9638672769069672,1.997647315263748,1.921980507671833,project://predictive_profile_confirmatory64_v1/runs/confirm_K4_i000041/transformer/d256/n256/seed5/DONE.json,1.958346914491902,1.9562728333339985,1.955941858086481,1.9558919636238672,0.0452066478165518,-0.0339114559520341,12.035134866444396
done,confirm_K5_i000841,GRU,8,1,256,48,1.727434977889061,16,48,576,cpu,1.7973771020770073,1.7418439388275146,1.740491658449173,1.7899547815322876,project://predictive_profile_confirmatory64_v1/runs/confirm_K5_i000841/gru/d8/n256/seed1/DONE.json,1.7605353065569882,1.7126393763285472,1.6899480451916542,1.6784659481923103,0.0633585064021206,0.1114888333399772,0.0904396073347908
done,confirm_K5_i000841,GRU,8,2,256,48,1.7870420999825,16,48,576,cpu,1.765504203736782,1.7831973358988762,1.7711640372872353,1.7716205418109894,project://predictive_profile_confirmatory64_v1/runs/confirm_K5_i000841/gru/d8/n256/seed2/DONE.json,1.7605353065569882,1.7126393763285472,1.6899480451916542,1.6784659481923103,0.0459071212696178,0.093154593618679,-0.0745264517242739
done,confirm_K5_i000841,GRU,8,3,256,48,1.7748502604663372,16,48,576,cpu,1.7882411777973175,1.761451594531536,1.724774993956089,1.7285110279917717,project://predictive_profile_confirmatory64_v1/runs/confirm_K5_i000841/gru/d8/n256/seed3/DONE.json,1.7605353065569882,1.7126393763285472,1.6899480451916542,1.6784659481923103,0.0135291509246117,0.0500450797994613,0.727800862535478
done,confirm_K5_i000841,GRU,8,4,256,48,1.7678396850824356,16,48,576,cpu,1.824208468198776,1.7226694747805595,1.7289948165416718,1.7065502554178238,project://predictive_profile_confirmatory64_v1/runs/confirm_K5_i000841/gru/d8/n256/seed4/DONE.json,1.7605353065569882,1.7126393763285472,1.6899480451916542,1.6784659481923103,0.0206923695645338,0.0280843072255134,1.4336436293084482
done,confirm_K5_i000841,GRU,8,5,256,48,1.7357594408094883,16,48,576,cpu,1.8109468668699265,1.790242038667202,1.7979537323117256,1.7674498856067655,project://predictive_profile_confirmatory64_v1/runs/confirm_K5_i000841/gru/d8/n256/seed5/DONE.json,1.7605353065569882,1.7126393763285472,1.6899480451916542,1.6784659481923103,0.0222440366136397,0.0889839374144554,0.5300026968637972
done,confirm_K5_i000841,GRU,32,1,256,44,1.7506686300039291,16,48,6888,cpu,1.8123964667320247,1.718320444226265,1.7118737250566485,1.7500501945614817,project://predictive_profile_confirmatory64_v1/runs/confirm_K5_i000841/gru/d32/n256/seed1/DONE.json,1.7605353065569882,1.7126393763285472,1.6899480451916542,1.6784659481923103,0.0424211099834483,0.0715842463691711,0.7596778312010918
done,confirm_K5_i000841,GRU,32,2,256,13,1.7470389008522034,16,21,6888,cpu,1.7765773311257362,1.7271849811077118,1.7159126177430153,1.8156342953443527,project://predictive_profile_confirmatory64_v1/runs/confirm_K5_i000841/gru/d32/n256/seed2/DONE.json,1.7605353065569882,1.7126393763285472,1.6899480451916542,1.6784659481923103,0.1025599854414924,0.1371683471520424,-0.4759019078115072
done,confirm_K5_i000841,GRU,32,3,256,46,1.7633898705244064,16,48,6888,cpu,1.8039620667696,1.757384829223156,1.7875968217849731,1.7057209312915802,project://predictive_profile_confirmatory64_v1/runs/confirm_K5_i000841/gru/d32/n256/seed3/DONE.json,1.7605353065569882,1.7126393763285472,1.6899480451916542,1.6784659481923103,0.0371575331230024,0.0272549830992698,1.1970501224279348
done,confirm_K5_i000841,GRU,32,4,256,42,1.7450904175639153,16,48,6888,cpu,1.7971170768141749,1.763299398124218,1.7114261239767077,1.654785856604576,project://predictive_profile_confirmatory64_v1/runs/confirm_K5_i000841/gru/d32/n256/seed4/DONE.json,1.7605353065569882,1.7126393763285472,1.6899480451916542,1.6784659481923103,0.0529084227753282,-0.0236800915877342,1.7342796756999743
done,confirm_K5_i000841,GRU,32,5,256,44,1.698813397437334,16,48,6888,cpu,1.7669033780694008,1.6769164949655533,1.7360979542136192,1.701892003417015,project://predictive_profile_confirmatory64_v1/runs/confirm_K5_i000841/gru/d32/n256/seed5/DONE.json,1.7605353065569882,1.7126393763285472,1.6899480451916542,1.6784659481923103,0.032809850042265,0.0234260552247047,0.7921516135596618
done,confirm_K5_i000841,GRU,128,1,256,10,1.7184157520532608,16,18,101256,cpu,1.8278567343950272,1.73280880600214,1.688358835875988,1.7427631318569183,project://predictive_profile_confirmatory64_v1/runs/confirm_K5_i000841/gru/d128/n256/seed1/DONE.json,1.7605353065569882,1.7126393763285472,1.6899480451916542,1.6784659481923103,0.0396781473391312,0.064297183664608,1.036849857653238
done,confirm_K5_i000841,GRU,128,2,256,17,1.738026313483715,16,25,101256,cpu,1.830038696527481,1.725612372159958,1.7566649243235588,1.748807057738304,project://predictive_profile_confirmatory64_v1/runs/confirm_K5_i000841/gru/d128/n256/seed2/DONE.json,1.7605353065569882,1.7126393763285472,1.6899480451916542,1.6784659481923103,0.0287442920044612,0.0703411095459938,0.9897925414284524
done,confirm_K5_i000841,GRU,128,3,256,35,1.7368209138512611,16,43,101256,cpu,1.8189551532268524,1.743412345647812,1.775426223874092,1.7327626273036003,project://predictive_profile_confirmatory64_v1/runs/confirm_K5_i000841/gru/d128/n256/seed3/DONE.json,1.7605353065569882,1.7126393763285472,1.6899480451916542,1.6784659481923103,0.0196383002612306,0.0542966791112899,1.0502400364853932
done,confirm_K5_i000841,GRU,128,4,256,10,1.7230998538434503,16,18,101256,cpu,1.8368994444608688,1.711226724088192,1.7432929128408432,1.7580376267433169,project://predictive_profile_confirmatory64_v1/runs/confirm_K5_i000841/gru/d128/n256/seed4/DONE.json,1.7605353065569882,1.7126393763285472,1.6899480451916542,1.6784659481923103,0.0425928273328013,0.0795716785510063,0.960916708610382
done,confirm_K5_i000841,GRU,128,5,256,20,1.7282389663159847,16,28,101256,cpu,1.7739017605781555,1.7514234483242035,1.7744338139891624,1.7030373811721802,project://predictive_profile_confirmatory64_v1/runs/confirm_K5_i000841/gru/d128/n256/seed5/DONE.json,1.7605353065569882,1.7126393763285472,1.6899480451916542,1.6784659481923103,0.0312940820992035,0.0245714329798698,0.8634693973247256
done,confirm_K5_i000841,GRU,256,1,256,8,1.757466111332178,16,16,399112,cpu,1.7896190583705902,1.7638697549700737,1.7680202946066856,1.7657683119177818,project://predictive_profile_confirmatory64_v1/runs/confirm_K5_i000841/gru/d256/n256/seed1/DONE.json,1.7605353065569882,1.7126393763285472,1.6899480451916542,1.6784659481923103,0.0345535450099733,0.0873023637254715,0.2906169480066702
done,confirm_K5_i000841,GRU,256,2,256,27,1.7209245190024376,16,35,399112,cpu,1.8300066143274307,1.79134663939476,1.7516385838389397,1.681747741997242,project://predictive_profile_confirmatory64_v1/runs/confirm_K5_i000841/gru/d256/n256/seed2/DONE.json,1.7605353065569882,1.7126393763285472,1.6899480451916542,1.6784659481923103,0.0580552207952356,0.0032817938049316,1.8065070238687089
done,confirm_K5_i000841,GRU,256,3,256,23,1.7096626944839954,16,31,399112,cpu,1.8251387178897855,1.7501924335956571,1.7202047482132912,1.738795354962349,project://predictive_profile_confirmatory64_v1/runs/confirm_K5_i000841/gru/d256/n256/seed3/DONE.json,1.7605353065569882,1.7126393763285472,1.6899480451916542,1.6784659481923103,0.0189828654476949,0.0603294067700386,1.052077957570562
done,confirm_K5_i000841,GRU,256,4,256,29,1.711565025150776,16,37,399112,cpu,1.748054340481758,1.7366658449172974,1.704950787127018,1.7141734585165975,project://predictive_profile_confirmatory64_v1/runs/confirm_K5_i000841/gru/d256/n256/seed4/DONE.json,1.7605353065569882,1.7126393763285472,1.6899480451916542,1.6784659481923103,0.0268666309191029,0.0357075103242874,0.4128322999018655
done,confirm_K5_i000841,GRU,256,5,256,13,1.7436966635286808,16,21,399112,cpu,1.833718724548817,1.7313978970050812,1.7403545677661896,1.6902147755026815,project://predictive_profile_confirmatory64_v1/runs/confirm_K5_i000841/gru/d256/n256/seed5/DONE.json,1.7605353065569882,1.7126393763285472,1.6899480451916542,1.6784659481923103,0.0364614938545541,0.0117488273103714,1.748569160349353
done,confirm_K5_i000841,Transformer,8,1,256,48,1.7882557585835457,16,48,1064,cpu,1.7822046875953674,1.7795132622122765,1.7716273218393326,1.7686351090669632,project://predictive_profile_confirmatory64_v1/runs/confirm_K5_i000841/transformer/d8/n256/seed1/DONE.json,1.7605353065569882,1.7126393763285472,1.6899480451916542,1.6784659481923103,0.0364244691406345,0.0901691608746528,0.1653428124551354
done,confirm_K5_i000841,Transformer,8,2,256,47,1.7852448970079422,16,48,1064,cpu,1.82378900796175,1.8548316061496732,1.7963047474622726,1.8133984431624413,project://predictive_profile_confirmatory64_v1/runs/confirm_K5_i000841/transformer/d8/n256/seed2/DONE.json,1.7605353065569882,1.7126393763285472,1.6899480451916542,1.6784659481923103,0.0387528357849431,0.1349324949701309,0.1266071163020181
done,confirm_K5_i000841,Transformer,8,3,256,48,1.773760937154293,16,48,1064,cpu,1.802733592689037,1.749028019607067,1.7713569179177284,1.7657205387949944,project://predictive_profile_confirmatory64_v1/runs/confirm_K5_i000841/transformer/d8/n256/seed3/DONE.json,1.7605353065569882,1.7126393763285472,1.6899480451916542,1.6784659481923103,0.0341012741229272,0.087254590602684,0.4509972373559234
done,confirm_K5_i000841,Transformer,8,4,256,48,1.8249854147434237,16,48,1064,cpu,1.8115025609731676,1.7877226248383522,1.7839357405900955,1.801698938012123,project://predictive_profile_confirmatory64_v1/runs/confirm_K5_i000841/transformer/d8/n256/seed4/DONE.json,1.7605353065569882,1.7126393763285472,1.6899480451916542,1.6784659481923103,0.0458149029995736,0.1232329898198127,0.1194553382211372
done,confirm_K5_i000841,Transformer,8,5,256,48,1.737839948385954,16,48,1064,cpu,1.8017447590827944,1.7768989652395248,1.7765195071697235,1.808393508195877,project://predictive_profile_confirmatory64_v1/runs/confirm_K5_i000841/transformer/d8/n256/seed5/DONE.json,1.7605353065569882,1.7126393763285472,1.6899480451916542,1.6784659481923103,0.0592936258333245,0.1299275600035667,-0.0810137820688076
done,confirm_K5_i000841,Transformer,32,1,256,21,1.7169040776789188,16,29,13448,cpu,1.7771727219223976,1.7170015275478363,1.7100833356380465,1.7648585811257362,project://predictive_profile_confirmatory64_v1/runs/confirm_K5_i000841/transformer/d32/n256/seed1/DONE.json,1.7605353065569882,1.7126393763285472,1.6899480451916542,1.6784659481923103,0.0632155553278992,0.0863926329334259,0.1500455351672556
done,confirm_K5_i000841,Transformer,32,2,256,16,1.7796232514083383,16,24,13448,cpu,1.7748514488339424,1.71040241420269,1.7245597839355469,1.7280746176838877,project://predictive_profile_confirmatory64_v1/runs/confirm_K5_i000841/transformer/d32/n256/seed2/DONE.json,1.7605353065569882,1.7126393763285472,1.6899480451916542,1.6784659481923103,0.0322429834493353,0.0496086694915771,0.5699670630078592
done,confirm_K5_i000841,Transformer,32,3,256,38,1.709040753543377,16,46,13448,cpu,1.792155772447586,1.7487740963697431,1.741067185997963,1.7527811899781227,project://predictive_profile_confirmatory64_v1/runs/confirm_K5_i000841/transformer/d32/n256/seed3/DONE.json,1.7605353065569882,1.7126393763285472,1.6899480451916542,1.6784659481923103,0.0308976343353542,0.0743152417858123,0.4797720276366863
done,confirm_K5_i000841,Transformer,32,4,256,15,1.750493984669447,16,23,13448,cpu,1.812504731118679,1.742009200155735,1.8689439445734024,1.7809601053595543,project://predictive_profile_confirmatory64_v1/runs/confirm_K5_i000841/transformer/d32/n256/seed4/DONE.json,1.7605353065569882,1.7126393763285472,1.6899480451916542,1.6784659481923103,0.0586353845667118,0.1024941571672439,0.384365448782421
done,confirm_K5_i000841,Transformer,32,5,256,35,1.7425898425281048,16,43,13448,cpu,1.809524305164814,1.7675606831908226,1.7860722318291664,1.8061122447252276,project://predictive_profile_confirmatory64_v1/runs/confirm_K5_i000841/transformer/d32/n256/seed5/DONE.json,1.7605353065569882,1.7126393763285472,1.6899480451916542,1.6784659481923103,0.0558335429014886,0.127646296532917,0.0415753273520798
done,confirm_K5_i000841,Transformer,128,1,256,11,1.7892633751034737,16,19,201224,cpu,1.8153222054243088,1.8154455423355105,1.8065824434161184,1.7492125630378723,project://predictive_profile_confirmatory64_v1/runs/confirm_K5_i000841/transformer/d128/n256/seed1/DONE.json,1.7605353065569882,1.7126393763285472,1.6899480451916542,1.6784659481923103,0.0291041922160953,0.070746614845562,0.8055338034041415
done,confirm_K5_i000841,Transformer,128,2,256,19,1.7240645661950111,16,27,201224,cpu,1.8079549446702003,1.787265881896019,1.7347756922245026,1.7168610766530037,project://predictive_profile_confirmatory64_v1/runs/confirm_K5_i000841/transformer/d128/n256/seed2/DONE.json,1.7605353065569882,1.7126393763285472,1.6899480451916542,1.6784659481923103,0.018944205952633,0.0383951284606933,1.1099619862070575
done,confirm_K5_i000841,Transformer,128,3,256,19,1.7633328549563885,16,27,201224,cpu,1.7658725902438164,1.7565884962677956,1.6838655024766922,1.6997388899326324,project://predictive_profile_confirmatory64_v1/runs/confirm_K5_i000841/transformer/d128/n256/seed3/DONE.json,1.7605353065569882,1.7126393763285472,1.6899480451916542,1.6784659481923103,0.0194709834439007,0.0212729417403221,0.8058269447814697
done,confirm_K5_i000841,Transformer,128,4,256,15,1.725128088146448,16,23,201224,cpu,1.7937422767281532,1.7428998425602913,1.7824862971901894,1.8515708222985268,project://predictive_profile_confirmatory64_v1/runs/confirm_K5_i000841/transformer/d128/n256/seed4/DONE.json,1.7605353065569882,1.7126393763285472,1.6899480451916542,1.6784659481923103,0.1077809456539877,0.1731048741062164,-0.7046301655413278
done,confirm_K5_i000841,Transformer,128,5,256,23,1.7526432126760485,16,31,201224,cpu,1.781499110162258,1.733319140970707,1.6999530270695686,1.7649770230054855,project://predictive_profile_confirmatory64_v1/runs/confirm_K5_i000841/transformer/d128/n256/seed5/DONE.json,1.7605353065569882,1.7126393763285472,1.6899480451916542,1.6784659481923103,0.0601734750904705,0.0865110748131752,0.2013185857181456
done,confirm_K5_i000841,Transformer,256,1,256,14,1.7768577821552751,16,22,795656,cpu,1.78738272190094,1.7389028146862984,1.7987954318523407,1.7259816899895668,project://predictive_profile_confirmatory64_v1/runs/confirm_K5_i000841/transformer/d256/n256/seed1/DONE.json,1.7605353065569882,1.7126393763285472,1.6899480451916542,1.6784659481923103,0.034060280318573,0.0475157417972564,0.748160252923334
done,confirm_K5_i000841,Transformer,256,2,256,32,1.7568403668701649,16,40,795656,cpu,1.7776616886258123,1.7642996460199356,1.761935971677303,1.7877929136157036,project://predictive_profile_confirmatory64_v1/runs/confirm_K5_i000841/transformer/d256/n256/seed2/DONE.json,1.7605353065569882,1.7126393763285472,1.6899480451916542,1.6784659481923103,0.0574904322395579,0.1093269654233932,-0.1234471085404691
done,confirm_K5_i000841,Transformer,256,3,256,9,1.7664072513580322,16,17,795656,cpu,1.7962618097662926,1.844247318804264,1.7999464571475985,1.8359628692269323,project://predictive_profile_confirmatory64_v1/runs/confirm_K5_i000841/transformer/d256/n256/seed3/DONE.json,1.7605353065569882,1.7126393763285472,1.6899480451916542,1.6784659481923103,0.0666227855783462,0.1574969210346222,-0.4837500895794384
done,confirm_K5_i000841,Transformer,256,4,256,4,1.7686085812747478,16,12,795656,cpu,1.832457222044468,1.7596039846539495,1.8315975740551949,1.7824093997478485,project://predictive_profile_confirmatory64_v1/runs/confirm_K5_i000841/transformer/d256/n256/seed4/DONE.json,1.7605353065569882,1.7126393763285472,1.6899480451916542,1.6784659481923103,0.0377283567557593,0.1039434515555381,0.6098234870343482
done,confirm_K5_i000841,Transformer,256,5,256,16,1.7310377545654774,16,24,795656,cpu,1.828373186290264,1.7457797527313232,1.7881774380803108,1.8554807007312772,project://predictive_profile_confirmatory64_v1/runs/confirm_K5_i000841/transformer/d256/n256/seed5/DONE.json,1.7605353065569882,1.7126393763285472,1.6899480451916542,1.6784659481923103,0.0985222799160639,0.1770147525389671,-0.3303000654709667
done,confirm_K5_i001133,GRU,8,1,256,45,2.001031164079905,16,48,576,cpu,2.0168847292661667,2.0087638050317764,1.9869093522429464,2.011498413980007,project://predictive_profile_confirmatory64_v1/runs/confirm_K5_i001133/gru/d8/n256/seed1/DONE.json,1.9961229025123617,1.9957124017581005,1.9956758346947976,1.9956723245790915,0.0126179928738181,0.0158260894009156,11.954236744500289
done,confirm_K5_i001133,GRU,8,2,256,35,1.9980661310255527,16,43,576,cpu,1.9966759830713272,2.0436962991952896,2.0074727162718773,1.9952385500073435,project://predictive_profile_confirmatory64_v1/runs/confirm_K5_i001133/gru/d8/n256/seed2/DONE.json,1.9961229025123617,1.9957124017581005,1.9956758346947976,1.9956723245790915,0.0249741556195845,-0.0004337745717482,3.1901985380228437
done,confirm_K5_i001133,GRU,8,3,256,41,2.011615384370089,16,48,576,cpu,2.029248215258121,1.9958070069551468,2.0209882631897926,1.9716895148158076,project://predictive_profile_confirmatory64_v1/runs/confirm_K5_i001133/gru/d8/n256/seed3/DONE.json,1.9961229025123617,1.9957124017581005,1.9956758346947976,1.9956723245790915,0.0395950757122031,-0.0239828097632841,127.7441618691052
done,confirm_K5_i001133,GRU,8,4,256,46,1.997073668986559,16,48,576,cpu,2.016313299536705,2.0011779963970184,1.992798469960689,2.031843982636929,project://predictive_profile_confirmatory64_v1/runs/confirm_K5_i001133/gru/d8/n256/seed4/DONE.json,1.9961229025123617,1.9957124017581005,1.9956758346947976,1.9956723245790915,0.0260916136714137,0.036171658057837,-34.46836152739532
done,confirm_K5_i001133,GRU,8,5,256,42,2.01187901571393,16,48,576,cpu,2.0233413130044937,2.021192118525505,2.011088877916336,1.9771296307444568,project://predictive_profile_confirmatory64_v1/runs/confirm_K5_i001133/gru/d8/n256/seed5/DONE.json,1.9961229025123617,1.9957124017581005,1.9956758346947976,1.9956723245790915,0.0360036226769182,-0.0185426938346342,102.5609086637748
done,confirm_K5_i001133,GRU,32,1,256,14,2.000810034573078,16,22,6888,cpu,2.0212281346321106,2.005222745239734,2.0078038349747658,2.0037987157702446,project://predictive_profile_confirmatory64_v1/runs/confirm_K5_i001133/gru/d32/n256/seed1/DONE.json,1.9961229025123617,1.9957124017581005,1.9956758346947976,1.9956723245790915,0.0087494176737736,0.0081263911911531,38.6823623060439
done,confirm_K5_i001133,GRU,32,2,256,12,1.999514490365982,16,20,6888,cpu,2.0171358585357666,2.004932627081871,2.0589560344815254,2.04584875702858,project://predictive_profile_confirmatory64_v1/runs/confirm_K5_i001133/gru/d32/n256/seed2/DONE.json,1.9961229025123617,1.9957124017581005,1.9956758346947976,1.9956723245790915,0.0259789721592671,0.0501764324494882,-63.72459983652884
done,confirm_K5_i001133,GRU,32,3,256,12,2.000062648206949,16,20,6888,cpu,2.010320469737053,1.9940369874238968,2.0378809943795204,2.0176029056310654,project://predictive_profile_confirmatory64_v1/runs/confirm_K5_i001133/gru/d32/n256/seed3/DONE.json,1.9961229025123617,1.9957124017581005,1.9956758346947976,1.9956723245790915,0.0160320075143499,0.0219305810519738,-16.16243352433664
done,confirm_K5_i001133,GRU,32,4,256,17,2.006122432649136,16,25,6888,cpu,2.0028294026851654,2.010091342031956,2.0232038497924805,1.9974682554602623,project://predictive_profile_confirmatory64_v1/runs/confirm_K5_i001133/gru/d32/n256/seed4/DONE.json,1.9961229025123617,1.9957124017581005,1.9956758346947976,1.9956723245790915,0.0145308806879518,0.0017959308811708,11.898379456785944
done,confirm_K5_i001133,GRU,32,5,256,14,1.9823150262236595,16,22,6888,cpu,2.028648145496845,2.001269795000553,2.0028496608138084,2.0005970299243927,project://predictive_profile_confirmatory64_v1/runs/confirm_K5_i001133/gru/d32/n256/seed5/DONE.json,1.9961229025123617,1.9957124017581005,1.9956758346947976,1.9956723245790915,0.0138496255924289,0.0049247053453012,62.25585742484992
done,confirm_K5_i001133,GRU,128,1,256,6,2.040989402681589,16,14,101256,cpu,2.0406958013772964,2.014213524758816,2.049719795584678,2.0235085040330887,project://predictive_profile_confirmatory64_v1/runs/confirm_K5_i001133/gru/d128/n256/seed1/DONE.json,1.9961229025123617,1.9957124017581005,1.9956758346947976,1.9956723245790915,0.0162335213633507,0.0278361794539971,38.14500461544203
done,confirm_K5_i001133,GRU,128,2,256,16,2.0017213448882103,16,24,101256,cpu,2.0008302330970764,2.0178341418504715,2.0059420466423035,2.0174954310059547,project://predictive_profile_confirmatory64_v1/runs/confirm_K5_i001133/gru/d128/n256/seed2/DONE.json,1.9961229025123617,1.9957124017581005,1.9956758346947976,1.9956723245790915,0.0103271580644417,0.0218231064268632,-36.986271804138646
done,confirm_K5_i001133,GRU,128,3,256,5,2.016784593462944,16,13,101256,cpu,2.037423238158226,2.095543213188648,1.98979426920414,2.0451775267720222,project://predictive_profile_confirmatory64_v1/runs/confirm_K5_i001133/gru/d128/n256/seed3/DONE.json,1.9961229025123617,1.9957124017581005,1.9956758346947976,1.9956723245790915,0.0376420005267664,0.0495052021929307,-17.209650187521152
done,confirm_K5_i001133,GRU,128,4,256,18,2.003721382468939,16,26,101256,cpu,2.031249240040779,2.0167960822582245,1.9955488592386248,2.058775328099728,project://predictive_profile_confirmatory64_v1/runs/confirm_K5_i001133/gru/d128/n256/seed4/DONE.json,1.9961229025123617,1.9957124017581005,1.9956758346947976,1.9956723245790915,0.0404547512306962,0.0631030035206361,-61.09062611914992
done,confirm_K5_i001133,GRU,128,5,256,18,2.0285183303058147,16,26,101256,cpu,2.0216361954808235,2.013901926577091,2.026762872934341,2.030003033578396,project://predictive_profile_confirmatory64_v1/runs/confirm_K5_i001133/gru/d128/n256/seed5/DONE.json,1.9961229025123617,1.9957124017581005,1.9956758346947976,1.9956723245790915,0.0093381750385379,0.0343307089993043,-18.56912529392583
done,confirm_K5_i001133,GRU,256,1,256,10,2.03340994566679,16,18,399112,cpu,2.028315082192421,2.05535988509655,2.0810073614120483,2.072746731340885,project://predictive_profile_confirmatory64_v1/runs/confirm_K5_i001133/gru/d256/n256/seed1/DONE.json,1.9961229025123617,1.9957124017581005,1.9956758346947976,1.9956723245790915,0.0244248438980594,0.0770744067617936,-98.61035321013064
done,confirm_K5_i001133,GRU,256,2,256,45,1.996229387819767,16,48,399112,cpu,2.0174980089068413,2.0014277547597885,1.9882256016135216,2.009339220821857,project://predictive_profile_confirmatory64_v1/runs/confirm_K5_i001133/gru/d256/n256/seed2/DONE.json,1.9961229025123617,1.9957124017581005,1.9956758346947976,1.9956723245790915,0.0119224231444999,0.0136668962427659,18.10738494397455
done,confirm_K5_i001133,GRU,256,3,256,41,1.99633514136076,16,48,399112,cpu,2.022781126201153,2.018369771540165,2.002532199025154,1.9956517443060875,project://predictive_profile_confirmatory64_v1/runs/confirm_K5_i001133/gru/d256/n256/seed3/DONE.json,1.9961229025123617,1.9957124017581005,1.9956758346947976,1.9956723245790915,0.0178419475296964,-2.058027300400056e-05,60.21018760986917
done,confirm_K5_i001133,GRU,256,4,256,22,2.0154045447707176,16,30,399112,cpu,2.0091812387108803,1.99582913517952,2.0192705914378166,2.022399351000786,project://predictive_profile_confirmatory64_v1/runs/confirm_K5_i001133/gru/d256/n256/seed4/DONE.json,1.9961229025123617,1.9957124017581005,1.9956758346947976,1.9956723245790915,0.0150395470287304,0.0267270264216943,-29.33590687402628
done,confirm_K5_i001133,GRU,256,5,256,15,2.0157063640654087,16,23,399112,cpu,2.0352146178483963,1.9887629449367523,2.001545362174511,2.0325193107128143,project://predictive_profile_confirmatory64_v1/runs/confirm_K5_i001133/gru/d256/n256/seed5/DONE.json,1.9961229025123617,1.9957124017581005,1.9956758346947976,1.9956723245790915,0.0268457173929538,0.0368469861337228,5.9818888954904015
done,confirm_K5_i001133,Transformer,8,1,256,48,2.032518900930881,16,48,1064,cpu,2.013955377042293,2.014256283640861,2.011786475777626,1.98431658744812,project://predictive_profile_confirmatory64_v1/runs/confirm_K5_i001133/transformer/d8/n256/seed1/DONE.json,1.9961229025123617,1.9957124017581005,1.9956758346947976,1.9956723245790915,0.0250017041884724,-0.0113557371309713,65.77949652141622
done,confirm_K5_i001133,Transformer,8,2,256,38,1.9879030101001265,16,46,1064,cpu,2.037208318710327,1.9993139803409576,1.9872448667883875,2.0063966512680054,project://predictive_profile_confirmatory64_v1/runs/confirm_K5_i001133/transformer/d8/n256/seed2/DONE.json,1.9961229025123617,1.9957124017581005,1.9956758346947976,1.9956723245790915,0.0182992800937129,0.0107243266889138,68.38254864968151
done,confirm_K5_i001133,Transformer,8,3,256,20,1.9934520199894905,16,28,1064,cpu,1.999420322477817,2.0364609137177467,1.9996829703450203,2.005673162639141,project://predictive_profile_confirmatory64_v1/runs/confirm_K5_i001133/transformer/d8/n256/seed3/DONE.json,1.9961229025123617,1.9957124017581005,1.9956758346947976,1.9956723245790915,0.016017800511965,0.0100008380600495,-13.877377695667146
done,confirm_K5_i001133,Transformer,8,4,256,44,2.005043763667345,16,48,1064,cpu,1.997321479022503,1.9966922849416733,2.023560658097267,2.000137858092785,project://predictive_profile_confirmatory64_v1/runs/confirm_K5_i001133/transformer/d8/n256/seed4/DONE.json,1.9961229025123617,1.9957124017581005,1.9956758346947976,1.9956723245790915,0.0119507939608782,0.0044655335136933,-6.250592544205064
done,confirm_K5_i001133,Transformer,8,5,256,42,1.982362151145935,16,48,1064,cpu,2.060910701751709,2.023344300687313,2.0047032311558723,2.0086546689271927,project://predictive_profile_confirmatory64_v1/runs/confirm_K5_i001133/transformer/d8/n256/seed5/DONE.json,1.9961229025123617,1.9957124017581005,1.9956758346947976,1.9956723245790915,0.0269909995123513,0.0129823443481011,115.97557040855072
done,confirm_K5_i001133,Transformer,32,1,256,17,1.9925071336328983,16,25,13448,cpu,2.037451304495334,1.9909614399075508,2.07122490555048,2.0235735550522804,project://predictive_profile_confirmatory64_v1/runs/confirm_K5_i001133/transformer/d32/n256/seed1/DONE.json,1.9961229025123617,1.9957124017581005,1.9956758346947976,1.9956723245790915,0.0296511858591486,0.0279012304731889,30.799887030269524
done,confirm_K5_i001133,Transformer,32,2,256,29,2.008376207202673,16,37,13448,cpu,2.017702586948872,2.0127397179603577,1.9978308975696564,1.9993257597088812,project://predictive_profile_confirmatory64_v1/runs/confirm_K5_i001133/transformer/d32/n256/seed2/DONE.json,1.9961229025123617,1.9957124017581005,1.9956758346947976,1.9956723245790915,0.0112077677144194,0.0036534351297898,40.7850138301613
done,confirm_K5_i001133,Transformer,32,3,256,10,2.0129898376762867,16,18,13448,cpu,2.006168946623802,2.00326693803072,2.0558374747633934,2.02060130238533,project://predictive_profile_confirmatory64_v1/runs/confirm_K5_i001133/transformer/d32/n256/seed3/DONE.json,1.9961229025123617,1.9957124017581005,1.9956758346947976,1.9956723245790915,0.0210042461425197,0.0249289778062387,-32.03076470430165
done,confirm_K5_i001133,Transformer,32,4,256,18,2.000956919044256,16,26,13448,cpu,1.990234449505806,2.0453636571764946,2.0303483679890637,2.019492857158184,project://predictive_profile_confirmatory64_v1/runs/confirm_K5_i001133/transformer/d32/n256/seed4/DONE.json,1.9961229025123617,1.9957124017581005,1.9956758346947976,1.9956723245790915,0.0204182270683033,0.0238205325790925,-64.93528753178677
done,confirm_K5_i001133,Transformer,32,5,256,8,2.022449381649494,16,16,13448,cpu,2.015547104179859,2.0275044217705727,1.992033272981644,1.9802543744444847,project://predictive_profile_confirmatory64_v1/runs/confirm_K5_i001133/transformer/d32/n256/seed5/DONE.json,1.9961229025123617,1.9957124017581005,1.9956758346947976,1.9956723245790915,0.0299224689654991,-0.0154179501346067,78.32769234664455
done,confirm_K5_i001133,Transformer,128,1,256,22,2.0157936923205853,16,30,201224,cpu,2.028318241238594,2.014622785151005,2.0345125049352646,2.039319448173046,project://predictive_profile_confirmatory64_v1/runs/confirm_K5_i001133/transformer/d128/n256/seed1/DONE.json,1.9961229025123617,1.9957124017581005,1.9956758346947976,1.9956723245790915,0.0138400700314063,0.0436471235939546,-24.41576944216471
done,confirm_K5_i001133,Transformer,128,2,256,6,2.04942598938942,16,14,201224,cpu,2.050778992474079,2.0690665766596794,2.069211468100548,2.082442320883274,project://predictive_profile_confirmatory64_v1/runs/confirm_K5_i001133/transformer/d128/n256/seed2/DONE.json,1.9961229025123617,1.9957124017581005,1.9956758346947976,1.9956723245790915,0.0186174354155358,0.0867699963041825,-70.27270106059078
done,confirm_K5_i001133,Transformer,128,3,256,32,1.989548183977604,16,40,201224,cpu,1.98843701928854,2.011606492102146,2.0223609656095505,1.9911376237869265,project://predictive_profile_confirmatory64_v1/runs/confirm_K5_i001133/transformer/d128/n256/seed3/DONE.json,1.9961229025123617,1.9957124017581005,1.9956758346947976,1.9956723245790915,0.0187212669831183,-0.0045347007921652,-5.99364571359724
done,confirm_K5_i001133,Transformer,128,4,256,30,1.987819068133831,16,38,201224,cpu,2.056397430598736,1.9852594435215,2.007383421063423,2.020943440496921,project://predictive_profile_confirmatory64_v1/runs/confirm_K5_i001133/transformer/d128/n256/seed4/DONE.json,1.9961229025123617,1.9957124017581005,1.9956758346947976,1.9956723245790915,0.0259105078658466,0.02527111591783,78.68558907112333
done,confirm_K5_i001133,Transformer,128,5,256,24,2.029069531708956,16,32,201224,cpu,2.023970365524292,2.008261889219284,2.022676162421704,2.06974633038044,project://predictive_profile_confirmatory64_v1/runs/confirm_K5_i001133/transformer/d128/n256/seed5/DONE.json,1.9961229025123617,1.9957124017581005,1.9956758346947976,1.9956723245790915,0.0451056836294147,0.0740740058013482,-101.5938897049759
done,confirm_K5_i001133,Transformer,256,1,256,11,2.022823717445135,16,19,795656,cpu,2.042755752801895,2.04373362660408,2.0362838357687,2.0473403558135037,project://predictive_profile_confirmatory64_v1/runs/confirm_K5_i001133/transformer/d256/n256/seed1/DONE.json,1.9961229025123617,1.9957124017581005,1.9956758346947976,1.9956723245790915,0.006343825957846,0.0516680312344117,-10.174939057343822
done,confirm_K5_i001133,Transformer,256,2,256,7,2.055297836661339,16,15,795656,cpu,2.023861952126026,2.0389460027217865,2.0639228895306587,2.076320432126522,project://predictive_profile_confirmatory64_v1/runs/confirm_K5_i001133/transformer/d256/n256/seed2/DONE.json,1.9961229025123617,1.9957124017581005,1.9956758346947976,1.9956723245790915,0.0329886337345865,0.0806481075474305,-116.42487598041994
done,confirm_K5_i001133,Transformer,256,3,256,17,1.983393140137196,16,25,795656,cpu,2.0056087523698807,2.0186031088232994,2.034898839890957,2.076081402599812,project://predictive_profile_confirmatory64_v1/runs/confirm_K5_i001133/transformer/d256/n256/seed3/DONE.json,1.9961229025123617,1.9957124017581005,1.9956758346947976,1.9956723245790915,0.0500868243283012,0.08040907802072,-156.40501903512364
done,confirm_K5_i001133,Transformer,256,4,256,29,2.000790510326624,16,37,795656,cpu,2.0210044905543327,2.0154290199279785,1.9862833470106125,2.0211493968963623,project://predictive_profile_confirmatory64_v1/runs/confirm_K5_i001133/transformer/d256/n256/seed4/DONE.json,1.9961229025123617,1.9957124017581005,1.9956758346947976,1.9956723245790915,0.0176735936371291,0.0254770723172708,-0.3216010623908602
done,confirm_K5_i001133,Transformer,256,5,256,22,2.005595955997705,16,30,795656,cpu,2.0490314811468124,2.020948559045792,2.015257865190506,2.001955047249794,project://predictive_profile_confirmatory64_v1/runs/confirm_K5_i001133/transformer/d256/n256/seed5/DONE.json,1.9961229025123617,1.9957124017581005,1.9956758346947976,1.9956723245790915,0.0260291889844695,0.0062827226707025,104.48011413996356
done,confirm_K5_i000723,GRU,8,1,256,47,1.471579633653164,16,48,576,cpu,1.469898983836174,1.4650831893086431,1.450172483921051,1.503589250147343,project://predictive_profile_confirmatory64_v1/runs/confirm_K5_i000723/gru/d8/n256/seed1/DONE.json,1.4414097195787998,1.441108902823147,1.4410887337307825,1.4410870385251675,0.037063505047183,0.0625022116221749,-104.40732708645844
done,confirm_K5_i000723,GRU,8,2,256,48,1.4754349291324615,16,48,576,cpu,1.4057285487651825,1.424776628613472,1.4335780441761017,1.407431848347187,project://predictive_profile_confirmatory64_v1/runs/confirm_K5_i000723/gru/d8/n256/seed2/DONE.json,1.4414097195787998,1.441108902823147,1.4410887337307825,1.4410870385251675,0.0157140297825119,-0.0336551901779806,-5.278585658600802
done,confirm_K5_i000723,GRU,8,3,256,48,1.475566253066063,16,48,576,cpu,1.4662644565105438,1.4524892270565033,1.4562127068638802,1.4186716079711914,project://predictive_profile_confirmatory64_v1/runs/confirm_K5_i000723/gru/d8/n256/seed3/DONE.json,1.4414097195787998,1.441108902823147,1.4410887337307825,1.4410870385251675,0.0345898417348023,-0.0224154305539763,147.491921213373
done,confirm_K5_i000723,GRU,8,4,256,47,1.4653669223189354,16,48,576,cpu,1.4638824090361595,1.429052121937275,1.4477270245552063,1.4615732207894323,project://predictive_profile_confirmatory64_v1/runs/confirm_K5_i000723/gru/d8/n256/seed4/DONE.json,1.4414097195787998,1.441108902823147,1.4410887337307825,1.4410870385251675,0.0177112588397112,0.0204861822642647,7.156256063796814
done,confirm_K5_i000723,GRU,8,5,256,45,1.4976430796086788,16,48,576,cpu,1.5300622060894966,1.4643874913454056,1.4375141113996506,1.4832102432847023,project://predictive_profile_confirmatory64_v1/runs/confirm_K5_i000723/gru/d8/n256/seed5/DONE.json,1.4414097195787998,1.441108902823147,1.4410887337307825,1.4410870385251675,0.0339425434455701,0.0421232047595345,145.19589011325505
done,confirm_K5_i000723,GRU,32,1,256,17,1.4397977367043495,16,25,6888,cpu,1.4504310190677645,1.4911177605390549,1.4353137239813805,1.4510686099529266,project://predictive_profile_confirmatory64_v1/runs/confirm_K5_i000723/gru/d32/n256/seed1/DONE.json,1.4414097195787998,1.441108902823147,1.4410887337307825,1.4410870385251675,0.0215138073117145,0.0099815714277589,-1.975916707800616
done,confirm_K5_i000723,GRU,32,2,256,25,1.4665567986667156,16,33,6888,cpu,1.470407173037529,1.4651147201657295,1.527821198105812,1.4630422443151474,project://predictive_profile_confirmatory64_v1/runs/confirm_K5_i000723/gru/d32/n256/seed2/DONE.json,1.4414097195787998,1.441108902823147,1.4410887337307825,1.4410870385251675,0.0325955959055902,0.0219552057899796,22.82417464391582
done,confirm_K5_i000723,GRU,32,3,256,19,1.4478823319077492,16,27,6888,cpu,1.4022865742444992,1.3830232843756676,1.442945919930935,1.4329769015312197,project://predictive_profile_confirmatory64_v1/runs/confirm_K5_i000723/gru/d32/n256/seed3/DONE.json,1.4414097195787998,1.441108902823147,1.4410887337307825,1.4410870385251675,0.02982743269411,-0.0081101369939482,-95.11040992729724
done,confirm_K5_i000723,GRU,32,4,256,29,1.4643474891781807,16,37,6888,cpu,1.4441229328513143,1.4473335519433022,1.4437850937247276,1.4775939136743546,project://predictive_profile_confirmatory64_v1/runs/confirm_K5_i000723/gru/d32/n256/seed4/DONE.json,1.4414097195787998,1.441108902823147,1.4410887337307825,1.4410870385251675,0.0282938850786305,0.0365068751491868,-103.72775360155627
done,confirm_K5_i000723,GRU,32,5,256,24,1.442196298390627,16,32,6888,cpu,1.449008271098137,1.4030529111623764,1.456223838031292,1.4464409053325653,project://predictive_profile_confirmatory64_v1/runs/confirm_K5_i000723/gru/d32/n256/seed5/DONE.json,1.4414097195787998,1.441108902823147,1.4410887337307825,1.4410870385251675,0.0222773821878776,0.0053538668073975,7.956357327687472
done,confirm_K5_i000723,GRU,128,1,256,15,1.458114992827177,16,23,101256,cpu,1.4704312160611153,1.452065922319889,1.467488631606102,1.4876728728413582,project://predictive_profile_confirmatory64_v1/runs/confirm_K5_i000723/gru/d128/n256/seed1/DONE.json,1.4414097195787998,1.441108902823147,1.4410887337307825,1.4410870385251675,0.0222788601536069,0.0465858343161904,-53.43250428301027
done,confirm_K5_i000723,GRU,128,2,256,15,1.4742199592292309,16,23,101256,cpu,1.4547707960009575,1.4694317355751991,1.448326140642166,1.474364198744297,project://predictive_profile_confirmatory64_v1/runs/confirm_K5_i000723/gru/d128/n256/seed2/DONE.json,1.4414097195787998,1.441108902823147,1.4410887337307825,1.4410870385251675,0.01657757903606,0.0332771602191293,-60.72064821530943
done,confirm_K5_i000723,GRU,128,3,256,5,1.4702392779290676,16,13,101256,cpu,1.5184930488467216,1.4666913524270058,1.4124689996242523,1.4190708249807358,project://predictive_profile_confirmatory64_v1/runs/confirm_K5_i000723/gru/d128/n256/seed3/DONE.json,1.4414097195787998,1.441108902823147,1.4410887337307825,1.4410870385251675,0.0550680456411339,-0.0220162135444319,308.1129888070332
done,confirm_K5_i000723,GRU,128,4,256,8,1.478828489780426,16,16,101256,cpu,1.4267574474215508,1.4867416769266129,1.4522094503045082,1.4503610655665398,project://predictive_profile_confirmatory64_v1/runs/confirm_K5_i000723/gru/d128/n256/seed4/DONE.json,1.4414097195787998,1.441108902823147,1.4410887337307825,1.4410870385251675,0.0217820829094473,0.009274027041372,-73.14844760579297
done,confirm_K5_i000723,GRU,128,5,256,11,1.4935041666030884,16,19,101256,cpu,1.4796991422772408,1.4901024401187897,1.445512630045414,1.42506954818964,project://predictive_profile_confirmatory64_v1/runs/confirm_K5_i000723/gru/d128/n256/seed5/DONE.json,1.4414097195787998,1.441108902823147,1.4410887337307825,1.4410870385251675,0.0435704165837358,-0.0160174903355276,169.29904459121886
done,confirm_K5_i000723,GRU,256,1,256,10,1.446868684142828,16,18,399112,cpu,1.5360407158732414,1.4949629977345469,1.4615589752793312,1.530755139887333,project://predictive_profile_confirmatory64_v1/runs/confirm_K5_i000723/gru/d256/n256/seed1/DONE.json,1.4414097195787998,1.441108902823147,1.4410887337307825,1.4410870385251675,0.0390372168159731,0.0896681013621651,16.380186956792762
done,confirm_K5_i000723,GRU,256,2,256,8,1.456739917397499,16,16,399112,cpu,1.4340421855449677,1.487335853278637,1.522901676595211,1.5065656378865242,project://predictive_profile_confirmatory64_v1/runs/confirm_K5_i000723/gru/d256/n256/seed2/DONE.json,1.4414097195787998,1.441108902823147,1.4410887337307825,1.4410870385251675,0.0385486572849844,0.0654785993613564,-224.75274431279536
done,confirm_K5_i000723,GRU,256,3,256,31,1.4380097463726995,16,39,399112,cpu,1.4728319942951202,1.4247967004776,1.4351004660129547,1.4468649625778198,project://predictive_profile_confirmatory64_v1/runs/confirm_K5_i000723/gru/d256/n256/seed3/DONE.json,1.4414097195787998,1.441108902823147,1.4410887337307825,1.4410870385251675,0.0179168194305608,0.005777924052652,80.47274987178868
done,confirm_K5_i000723,GRU,256,4,256,17,1.479551762342453,16,25,399112,cpu,1.4085972011089325,1.4119474664330482,1.5433774664998057,1.4468306675553322,project://predictive_profile_confirmatory64_v1/runs/confirm_K5_i000723/gru/d256/n256/seed4/DONE.json,1.4414097195787998,1.441108902823147,1.4410887337307825,1.4410870385251675,0.054831325804653,0.0057436290301644,-118.48686502056664
done,confirm_K5_i000723,GRU,256,5,256,19,1.4639571234583857,16,27,399112,cpu,1.4344299510121346,1.430052071809769,1.404265932738781,1.5129358693957329,project://predictive_profile_confirmatory64_v1/runs/confirm_K5_i000723/gru/d256/n256/seed5/DONE.json,1.4414097195787998,1.441108902823147,1.4410887337307825,1.4410870385251675,0.0788936316082027,0.0718488308705651,-243.2926182059269
done,confirm_K5_i000723,Transformer,8,1,256,38,1.4434895254671574,16,46,1064,cpu,1.5650436580181122,1.4438098594546318,1.4092066437005997,1.418977528810501,project://predictive_profile_confirmatory64_v1/runs/confirm_K5_i000723/transformer/d8/n256/seed1/DONE.json,1.4414097195787998,1.441108902823147,1.4410887337307825,1.4410870385251675,0.0740813999026548,-0.0221095097146666,452.6641014819255
done,confirm_K5_i000723,Transformer,8,2,256,47,1.463146839290857,16,48,1064,cpu,1.40964737534523,1.4252595230937004,1.460154451429844,1.4484320431947708,project://predictive_profile_confirmatory64_v1/runs/confirm_K5_i000723/transformer/d8/n256/seed2/DONE.json,1.4414097195787998,1.441108902823147,1.4410887337307825,1.4410870385251675,0.0234773258688265,0.007345004669603,-120.19505766756812
done,confirm_K5_i000723,Transformer,8,3,256,42,1.4669945761561394,16,48,1064,cpu,1.4415209144353869,1.4733733758330343,1.4009590819478035,1.507421225309372,project://predictive_profile_confirmatory64_v1/runs/confirm_K5_i000723/transformer/d8/n256/seed3/DONE.json,1.4414097195787998,1.441108902823147,1.4410887337307825,1.4410870385251675,0.0649630259820314,0.0663341867842042,-204.22739461215028
done,confirm_K5_i000723,Transformer,8,4,256,42,1.466022338718176,16,48,1064,cpu,1.4784318432211876,1.4368996620178225,1.489925168454647,1.4678271561861038,project://predictive_profile_confirmatory64_v1/runs/confirm_K5_i000723/transformer/d8/n256/seed4/DONE.json,1.4414097195787998,1.441108902823147,1.4410887337307825,1.4410870385251675,0.0196966346378079,0.026740117660936,32.86430026094706
done,confirm_K5_i000723,Transformer,8,5,256,43,1.4430164098739624,16,48,1064,cpu,1.4791027903556824,1.4669971987605095,1.4190972596406937,1.420848727226257,project://predictive_profile_confirmatory64_v1/runs/confirm_K5_i000723/transformer/d8/n256/seed5/DONE.json,1.4414097195787998,1.441108902823147,1.4410887337307825,1.4410870385251675,0.0370364094645838,-0.0202383112989104,180.53140236688435
done,confirm_K5_i000723,Transformer,32,1,256,12,1.5186610706150532,16,20,13448,cpu,1.435676321387291,1.47952002286911,1.3707648664712906,1.446305550634861,project://predictive_profile_confirmatory64_v1/runs/confirm_K5_i000723/transformer/d32/n256/seed1/DONE.json,1.4414097195787998,1.441108902823147,1.4410887337307825,1.4410870385251675,0.0416183392316847,0.0052185121096932,-32.94035744561911
done,confirm_K5_i000723,Transformer,32,2,256,6,1.452859956771135,16,14,13448,cpu,1.4522058814764025,1.4576372057199478,1.4943857565522194,1.4645549356937408,project://predictive_profile_confirmatory64_v1/runs/confirm_K5_i000723/transformer/d32/n256/seed2/DONE.json,1.4414097195787998,1.441108902823147,1.4410887337307825,1.4410870385251675,0.0165718705993675,0.0234678971685731,-38.2701558654836
done,confirm_K5_i000723,Transformer,32,3,256,18,1.4673872478306291,16,26,13448,cpu,1.4858972057700155,1.4426641687750816,1.4232087880373,1.4428967908024788,project://predictive_profile_confirmatory64_v1/runs/confirm_K5_i000723/transformer/d32/n256/seed3/DONE.json,1.4414097195787998,1.441108902823147,1.4410887337307825,1.4410870385251675,0.0235007337199124,0.001809752277311,133.25980711766402
done,confirm_K5_i000723,Transformer,32,4,256,22,1.4814654998481274,16,30,13448,cpu,1.440625287592411,1.4518268778920174,1.3858678340911863,1.4113530069589617,project://predictive_profile_confirmatory64_v1/runs/confirm_K5_i000723/transformer/d32/n256/seed4/DONE.json,1.4414097195787998,1.441108902823147,1.4410887337307825,1.4410870385251675,0.027946487260595,-0.0297340315662062,90.7158331856224
done,confirm_K5_i000723,Transformer,32,5,256,17,1.4823765829205513,16,25,13448,cpu,1.4147727265954018,1.4286904111504557,1.427472099661827,1.4191651865839958,project://predictive_profile_confirmatory64_v1/runs/confirm_K5_i000723/transformer/d32/n256/seed5/DONE.json,1.4414097195787998,1.441108902823147,1.4410887337307825,1.4410870385251675,0.006736524611133,-0.0219218519411719,-13.612388887270052
done,confirm_K5_i000723,Transformer,128,1,256,22,1.4491663910448551,16,30,201224,cpu,1.479834146797657,1.4210676103830338,1.4806933104991913,1.431834541261196,project://predictive_profile_confirmatory64_v1/runs/confirm_K5_i000723/transformer/d128/n256/seed1/DONE.json,1.4414097195787998,1.441108902823147,1.4410887337307825,1.4410870385251675,0.0345561170869197,-0.0092524972639715,148.75247553638022
done,confirm_K5_i000723,Transformer,128,2,256,33,1.4583385325968266,16,41,201224,cpu,1.430573619902134,1.462667964398861,1.4334688410162926,1.4863757342100143,project://predictive_profile_confirmatory64_v1/runs/confirm_K5_i000723/transformer/d128/n256/seed2/DONE.json,1.4414097195787998,1.441108902823147,1.4410887337307825,1.4410870385251675,0.0403497426129812,0.0452886956848466,-172.9327262315936
done,confirm_K5_i000723,Transformer,128,3,256,9,1.4838261418044567,16,17,201224,cpu,1.423068456351757,1.405955009162426,1.506738193333149,1.5266073495149612,project://predictive_profile_confirmatory64_v1/runs/confirm_K5_i000723/transformer/d128/n256/seed3/DONE.json,1.4414097195787998,1.441108902823147,1.4410887337307825,1.4410870385251675,0.0802252158016649,0.0855203109897935,-320.87069258567533
done,confirm_K5_i000723,Transformer,128,4,256,12,1.457300003618002,16,20,201224,cpu,1.459545262157917,1.4415278881788254,1.4377330541610718,1.4387878477573397,project://predictive_profile_confirmatory64_v1/runs/confirm_K5_i000723/transformer/d128/n256/seed4/DONE.json,1.4414097195787998,1.441108902823147,1.4410887337307825,1.4410870385251675,0.0103208887333851,-0.0022991907678282,64.32796151782881
done,confirm_K5_i000723,Transformer,128,5,256,17,1.4801224507391453,16,25,201224,cpu,1.4708948731422424,1.4165698066353798,1.4437597393989563,1.4446272030472755,project://predictive_profile_confirmatory64_v1/runs/confirm_K5_i000723/transformer/d128/n256/seed5/DONE.json,1.4414097195787998,1.441108902823147,1.4410887337307825,1.4410870385251675,0.0191202953395174,0.0035401645221078,81.40443883921486
done,confirm_K5_i000723,Transformer,256,1,256,17,1.4567396827042105,16,25,795656,cpu,1.4751577600836754,1.396252267062664,1.3750901073217392,1.4713806584477425,project://predictive_profile_confirmatory64_v1/runs/confirm_K5_i000723/transformer/d256/n256/seed1/DONE.json,1.4414097195787998,1.441108902823147,1.4410887337307825,1.4410870385251675,0.061097648593005,0.0302936199225747,11.705371584163242
done,confirm_K5_i000723,Transformer,256,2,256,16,1.474739097058773,16,24,795656,cpu,1.5127990022301674,1.500788077712059,1.4240722060203552,1.4658905044198036,project://predictive_profile_confirmatory64_v1/runs/confirm_K5_i000723/transformer/d256/n256/seed2/DONE.json,1.4414097195787998,1.441108902823147,1.4410887337307825,1.4410870385251675,0.035831080313998,0.0248034658946358,145.3710940954322
done,confirm_K5_i000723,Transformer,256,3,256,22,1.4459277167916298,16,30,795656,cpu,1.456266552209854,1.5109879076480863,1.4445424899458883,1.477963037788868,project://predictive_profile_confirmatory64_v1/runs/confirm_K5_i000723/transformer/d256/n256/seed3/DONE.json,1.4414097195787998,1.441108902823147,1.4410887337307825,1.4410870385251675,0.0259378507478487,0.0368759992637002,-67.23817631930574
done,confirm_K5_i000723,Transformer,256,4,256,9,1.4765416383743286,16,17,795656,cpu,1.4389536380767822,1.471881277859211,1.4556250795722008,1.4727217480540276,project://predictive_profile_confirmatory64_v1/runs/confirm_K5_i000723/transformer/d256/n256/seed4/DONE.json,1.4414097195787998,1.441108902823147,1.4410887337307825,1.4410870385251675,0.0190740641623411,0.0316347095288598,-104.6485673613381
done,confirm_K5_i000723,Transformer,256,5,256,12,1.4696671813726423,16,20,795656,cpu,1.445703811943531,1.496231473982334,1.402878277003765,1.4713750556111336,project://predictive_profile_confirmatory64_v1/runs/confirm_K5_i000723/transformer/d256/n256/seed5/DONE.json,1.4414097195787998,1.441108902823147,1.4410887337307825,1.4410870385251675,0.0386797108092113,0.0302880170859658,-79.55609224231681
done,confirm_K5_i000543,GRU,8,1,256,48,1.121945295482874,16,48,576,cpu,1.2267769128084185,1.0516196079552174,1.0163124315440657,0.8915085233747959,project://predictive_profile_confirmatory64_v1/runs/confirm_K5_i000543/gru/d8/n256/seed1/DONE.json,1.1187185978462848,0.9932208792737128,0.9479340748269844,0.9301750150568197,0.102966530311763,-0.0386664916820236,1.7782010104687331
done,confirm_K5_i000543,GRU,8,2,256,48,1.090289769694209,16,48,576,cpu,1.1714556813240051,1.100520484149456,1.078962478786707,1.0027110762894154,project://predictive_profile_confirmatory64_v1/runs/confirm_K5_i000543/gru/d8/n256/seed2/DONE.json,1.1187185978462848,0.9932208792737128,0.9479340748269844,0.9301750150568197,0.0354325332303333,0.0725360612325958,0.8949899144698881
done,confirm_K5_i000543,GRU,8,3,256,48,1.1135634910315275,16,48,576,cpu,1.1993583850562572,1.1425769701600077,0.9880947880446912,1.037974514067173,project://predictive_profile_confirmatory64_v1/runs/confirm_K5_i000543/gru/d8/n256/seed3/DONE.json,1.1187185978462848,0.9932208792737128,0.9479340748269844,0.9301750150568197,0.0419511788181418,0.1077994990103534,0.855949953859164
done,confirm_K5_i000543,GRU,8,4,256,48,1.136251986026764,16,48,576,cpu,1.2019141353666782,1.1048853509128094,1.113869819790125,1.137115079909563,project://predictive_profile_confirmatory64_v1/runs/confirm_K5_i000543/gru/d8/n256/seed4/DONE.json,1.1187185978462848,0.9932208792737128,0.9479340748269844,0.9301750150568197,0.0807333588991068,0.2069400648527435,0.3436821052110386
done,confirm_K5_i000543,GRU,8,5,256,48,1.131544552743435,16,48,576,cpu,1.19317614287138,1.003993395715952,1.0919012166559696,1.0137349218130112,project://predictive_profile_confirmatory64_v1/runs/confirm_K5_i000543/gru/d8/n256/seed5/DONE.json,1.1187185978462848,0.9932208792737128,0.9479340748269844,0.9301750150568197,0.0475128699063189,0.0835599067561916,0.9517227709560362
done,confirm_K5_i000543,GRU,32,1,256,46,1.055393509566784,16,48,6888,cpu,1.175909399986267,0.9701493047177792,0.973200861364603,1.01705564558506,project://predictive_profile_confirmatory64_v1/runs/confirm_K5_i000543/gru/d32/n256/seed1/DONE.json,1.1187185978462848,0.9932208792737128,0.9479340748269844,0.9301750150568197,0.0647441871597313,0.0868806305282405,0.842530687340279
done,confirm_K5_i000543,GRU,32,2,256,46,1.0541986171156168,16,48,6888,cpu,1.1521748825907707,1.040591061115265,0.9794168919324876,1.0059194937348366,project://predictive_profile_confirmatory64_v1/runs/confirm_K5_i000543/gru/d32/n256/seed2/DONE.json,1.1187185978462848,0.9932208792737128,0.9479340748269844,0.9301750150568197,0.033736059166282,0.075744478678017,0.7757113060657616
done,confirm_K5_i000543,GRU,32,3,256,41,1.0120122395455835,16,48,6888,cpu,1.1438322328031063,1.043404635041952,0.9784115999937056,0.9322497695684432,project://predictive_profile_confirmatory64_v1/runs/confirm_K5_i000543/gru/d32/n256/seed3/DONE.json,1.1187185978462848,0.9932208792737128,0.9479340748269844,0.9301750150568197,0.0302158211660845,0.0020747545116237,1.1221939251622466
done,confirm_K5_i000543,GRU,32,4,256,45,1.039788704365492,16,48,6888,cpu,1.1259294785559175,1.0447065494954586,0.9037648402154446,0.9716876968741416,project://predictive_profile_confirmatory64_v1/runs/confirm_K5_i000543/gru/d32/n256/seed4/DONE.json,1.1187185978462848,0.9932208792737128,0.9479340748269844,0.9301750150568197,0.0464151507049926,0.0415126818173221,0.8180696441628996
done,confirm_K5_i000543,GRU,32,5,256,47,1.106151696294546,16,48,6888,cpu,1.1671739406883717,1.08000335842371,0.9220095127820968,0.961928229779005,project://predictive_profile_confirmatory64_v1/runs/confirm_K5_i000543/gru/d32/n256/seed5/DONE.json,1.1187185978462848,0.9932208792737128,0.9479340748269844,0.9301750150568197,0.0407243998113904,0.0317532147221855,1.0885849726243484
done,confirm_K5_i000543,GRU,128,1,256,18,1.0615877509117126,16,26,101256,cpu,1.1703514903783798,1.0144805237650871,0.92093063890934,0.923097774386406,project://predictive_profile_confirmatory64_v1/runs/confirm_K5_i000543/gru/d128/n256/seed1/DONE.json,1.1187185978462848,0.9932208792737128,0.9479340748269844,0.9301750150568197,0.0340841314190321,-0.0070772406704135,1.3113875971481168
done,confirm_K5_i000543,GRU,128,2,256,34,1.029912183061242,16,42,101256,cpu,1.1274977885186672,1.0432851538062096,0.971431065350771,1.0526106618344784,project://predictive_profile_confirmatory64_v1/runs/confirm_K5_i000543/gru/d128/n256/seed2/DONE.json,1.1187185978462848,0.9932208792737128,0.9479340748269844,0.9301750150568197,0.0835826884533818,0.1224356467776588,0.3971873535882183
done,confirm_K5_i000543,GRU,128,3,256,28,1.0959817580878737,16,36,101256,cpu,1.108362227678299,1.0354719310998917,1.003475610166788,0.9984437040984632,project://predictive_profile_confirmatory64_v1/runs/confirm_K5_i000543/gru/d128/n256/seed3/DONE.json,1.1187185978462848,0.9932208792737128,0.9479340748269844,0.9301750150568197,0.0418951006185195,0.0682686890416435,0.5829873494160498
done,confirm_K5_i000543,GRU,128,4,256,22,1.0775840301066637,16,30,101256,cpu,1.139449067413807,1.0813561901450155,1.0361124575138092,0.9198663607239724,project://predictive_profile_confirmatory64_v1/runs/confirm_K5_i000543/gru/d128/n256/seed4/DONE.json,1.1187185978462848,0.9932208792737128,0.9479340748269844,0.9301750150568197,0.0713343149517338,-0.0103086543328472,1.1646257244142262
done,confirm_K5_i000543,GRU,128,5,256,39,1.0143421981483698,16,47,101256,cpu,1.0925511866807938,0.9664874374866486,0.907858982682228,0.9700018130242825,project://predictive_profile_confirmatory64_v1/runs/confirm_K5_i000543/gru/d128/n256/seed5/DONE.json,1.1187185978462848,0.9932208792737128,0.9479340748269844,0.9301750150568197,0.0615828977857679,0.0398267979674629,0.6499790225868067
done,confirm_K5_i000543,GRU,256,1,256,11,1.125098630785942,16,19,399112,cpu,1.1689095348119736,1.0335607156157494,1.0283361040055752,1.0812252722680569,project://predictive_profile_confirmatory64_v1/runs/confirm_K5_i000543/gru/d256/n256/seed1/DONE.json,1.1187185978462848,0.9932208792737128,0.9479340748269844,0.9301750150568197,0.0827957907951584,0.1510502572112373,0.4650609755402187
done,confirm_K5_i000543,GRU,256,2,256,11,1.0618985500186682,16,19,399112,cpu,1.172161940485239,1.0240912027657032,0.9925221726298332,0.9441120103001596,project://predictive_profile_confirmatory64_v1/runs/confirm_K5_i000543/gru/d256/n256/seed2/DONE.json,1.1187185978462848,0.9932208792737128,0.9479340748269844,0.9301750150568197,0.026395923824679,0.0139369952433399,1.2095342987076283
done,confirm_K5_i000543,GRU,256,3,256,22,1.055054385215044,16,30,399112,cpu,1.1841243021190166,0.990065723657608,0.9293421506881714,1.0197442919015884,project://predictive_profile_confirmatory64_v1/runs/confirm_K5_i000543/gru/d256/n256/seed3/DONE.json,1.1187185978462848,0.9932208792737128,0.9479340748269844,0.9301750150568197,0.0722505086709534,0.0895692768447689,0.8718409175505114
done,confirm_K5_i000543,GRU,256,4,256,21,1.0766035430133345,16,29,399112,cpu,1.1892118491232395,1.0057860910892489,0.9311970844864844,0.9706626571714878,project://predictive_profile_confirmatory64_v1/runs/confirm_K5_i000543/gru/d256/n256/seed4/DONE.json,1.1187185978462848,0.9932208792737128,0.9479340748269844,0.9301750150568197,0.0351946631417282,0.0404876421146682,1.159144154992492
done,confirm_K5_i000543,GRU,256,5,256,13,1.0754724368453026,16,21,399112,cpu,1.1216257438063622,0.999682791531086,1.0413181893527508,1.0167452208697796,project://predictive_profile_confirmatory64_v1/runs/confirm_K5_i000543/gru/d256/n256/seed5/DONE.json,1.1187185978462848,0.9932208792737128,0.9479340748269844,0.9301750150568197,0.0580156781229901,0.08657020581296,0.5562667335843301
done,confirm_K5_i000543,Transformer,8,1,256,45,1.138258507475257,16,48,1064,cpu,1.2343511506915092,1.0906629413366318,1.068462949246168,1.0167908407747746,project://predictive_profile_confirmatory64_v1/runs/confirm_K5_i000543/transformer/d8/n256/seed1/DONE.json,1.1187185978462848,0.9932208792737128,0.9479340748269844,0.9301750150568197,0.0229634095834402,0.086615825717955,1.153899309103883
done,confirm_K5_i000543,Transformer,8,2,256,48,1.1219147220253944,16,48,1064,cpu,1.266848050057888,1.1079481579363346,1.0571858659386637,0.983816884458065,project://predictive_profile_confirmatory64_v1/runs/confirm_K5_i000543/transformer/d8/n256/seed2/DONE.json,1.1187185978462848,0.9932208792737128,0.9479340748269844,0.9301750150568197,0.0627530754676903,0.0536418694012454,1.5011445174236775
done,confirm_K5_i000543,Transformer,8,3,256,48,1.1437124069780111,16,48,1064,cpu,1.192514967173338,1.02620792016387,1.0637628845870497,1.0731269046664238,project://predictive_profile_confirmatory64_v1/runs/confirm_K5_i000543/transformer/d8/n256/seed3/DONE.json,1.1187185978462848,0.9932208792737128,0.9479340748269844,0.9301750150568197,0.0663521201619921,0.1429518896096042,0.6332120178294652
done,confirm_K5_i000543,Transformer,8,4,256,47,1.0672499611973765,16,48,1064,cpu,1.1962660364806652,1.0226235017180445,1.0345905683934689,1.0142429769039154,project://predictive_profile_confirmatory64_v1/runs/confirm_K5_i000543/transformer/d8/n256/seed4/DONE.json,1.1187185978462848,0.9932208792737128,0.9479340748269844,0.9301750150568197,0.0275568369531468,0.0840679618470958,0.9654163609482456
done,confirm_K5_i000543,Transformer,8,5,256,48,1.0996054969727993,16,48,1064,cpu,1.1569633893668652,1.1181696020066738,1.117411568760872,1.0090125761926174,project://predictive_profile_confirmatory64_v1/runs/confirm_K5_i000543/transformer/d8/n256/seed5/DONE.json,1.1187185978462848,0.9932208792737128,0.9479340748269844,0.9301750150568197,0.0547485378492339,0.0788375611357978,0.7847035204558253
done,confirm_K5_i000543,Transformer,32,1,256,24,1.0401856377720833,16,32,13448,cpu,1.194006014615297,1.064943004399538,0.9773679077625276,0.940281867980957,project://predictive_profile_confirmatory64_v1/runs/confirm_K5_i000543/transformer/d32/n256/seed1/DONE.json,1.1187185978462848,0.9932208792737128,0.9479340748269844,0.9301750150568197,0.0458761371193814,0.0101068529241374,1.3457055545489345
done,confirm_K5_i000543,Transformer,32,2,256,23,1.0906498581171036,16,31,13448,cpu,1.1676624864339828,1.0653428435325625,1.0427631996572018,1.0330411940813065,project://predictive_profile_confirmatory64_v1/runs/confirm_K5_i000543/transformer/d32/n256/seed2/DONE.json,1.1187185978462848,0.9932208792737128,0.9479340748269844,0.9301750150568197,0.0312946256872753,0.1028661790244869,0.7140062279552601
done,confirm_K5_i000543,Transformer,32,3,256,46,1.0555810201913118,16,48,13448,cpu,1.1085815876722336,0.9572435766458512,1.0112598575651646,0.9734307266771792,project://predictive_profile_confirmatory64_v1/runs/confirm_K5_i000543/transformer/d32/n256/seed3/DONE.json,1.1187185978462848,0.9932208792737128,0.9479340748269844,0.9301750150568197,0.0488146008949899,0.0432557116203597,0.7168149612706188
done,confirm_K5_i000543,Transformer,32,4,256,47,1.044018542394042,16,48,13448,cpu,1.1565340980887413,1.0621270388364792,1.0165807157754898,0.95517897605896,project://predictive_profile_confirmatory64_v1/runs/confirm_K5_i000543/transformer/d32/n256/seed4/DONE.json,1.1187185978462848,0.9932208792737128,0.9479340748269844,0.9301750150568197,0.0316078395697318,0.0250039610021404,1.06795001479643
done,confirm_K5_i000543,Transformer,32,5,256,15,1.0958334039896729,16,23,13448,cpu,1.1177689880132675,1.091617986559868,0.972256112843752,1.0397299230098724,project://predictive_profile_confirmatory64_v1/runs/confirm_K5_i000543/transformer/d32/n256/seed5/DONE.json,1.1187185978462848,0.9932208792737128,0.9479340748269844,0.9301750150568197,0.0700006912187834,0.1095549079530529,0.413904646601186
done,confirm_K5_i000543,Transformer,128,1,256,17,1.088658755645156,16,25,201224,cpu,1.1093099527060986,1.0345889888703823,1.0523748621344566,1.0220874100923538,project://predictive_profile_confirmatory64_v1/runs/confirm_K5_i000543/transformer/d128/n256/seed1/DONE.json,1.1187185978462848,0.9932208792737128,0.9479340748269844,0.9301750150568197,0.0569597195080325,0.0919123950355342,0.4626120991407098
done,confirm_K5_i000543,Transformer,128,2,256,25,1.0637840554118156,16,33,201224,cpu,1.24362301081419,1.0418735593557358,1.0823538564145565,1.0249396711587906,project://predictive_profile_confirmatory64_v1/runs/confirm_K5_i000543/transformer/d128/n256/seed2/DONE.json,1.1187185978462848,0.9932208792737128,0.9479340748269844,0.9301750150568197,0.0339383568167371,0.094764656101971,1.1598556493942795
done,confirm_K5_i000543,Transformer,128,3,256,4,1.0993302129209042,16,12,201224,cpu,1.075888890773058,1.1469423808157444,1.13718768581748,1.0671717934310436,project://predictive_profile_confirmatory64_v1/runs/confirm_K5_i000543/transformer/d128/n256/seed3/DONE.json,1.1187185978462848,0.9932208792737128,0.9479340748269844,0.9301750150568197,0.0940053958404876,0.136996778374224,0.0462338585755429
done,confirm_K5_i000543,Transformer,128,4,256,11,1.0731168892234564,16,19,201224,cpu,1.17179174721241,1.0775261782109735,1.0259501188993454,0.9529849924147128,project://predictive_profile_confirmatory64_v1/runs/confirm_K5_i000543/transformer/d128/n256/seed4/DONE.json,1.1187185978462848,0.9932208792737128,0.9479340748269844,0.9301750150568197,0.044003533830341,0.0228099773578933,1.1605102202922748
done,confirm_K5_i000543,Transformer,128,5,256,17,1.091612635180354,16,25,201224,cpu,1.165793925523758,1.134396445006132,1.0288143157958984,0.9963196776807308,project://predictive_profile_confirmatory64_v1/runs/confirm_K5_i000543/transformer/d128/n256/seed5/DONE.json,1.1187185978462848,0.9932208792737128,0.9479340748269844,0.9301750150568197,0.0394030875241378,0.0661446626239112,0.8988598038484732
done,confirm_K5_i000543,Transformer,256,1,256,10,1.1122284717857838,16,18,795656,cpu,1.2611435689032078,0.9990694969892502,1.0219818316400051,1.0102351270616057,project://predictive_profile_confirmatory64_v1/runs/confirm_K5_i000543/transformer/d256/n256/seed1/DONE.json,1.1187185978462848,0.9932208792737128,0.9479340748269844,0.9301750150568197,0.0485614815058912,0.0800601120047859,1.3307715814532706
done,confirm_K5_i000543,Transformer,256,2,256,7,1.1252681370824575,16,15,795656,cpu,1.2403262928128242,1.0939803458750248,1.109765186905861,1.009435947984457,project://predictive_profile_confirmatory64_v1/runs/confirm_K5_i000543/transformer/d256/n256/seed2/DONE.json,1.1187185978462848,0.9932208792737128,0.9479340748269844,0.9301750150568197,0.0476268561065214,0.0792609329276374,1.2245993282422554
done,confirm_K5_i000543,Transformer,256,3,256,9,1.1118169147521255,16,17,795656,cpu,1.1389676444232464,1.1251234635710716,1.033371228724718,1.0687877349555492,project://predictive_profile_confirmatory64_v1/runs/confirm_K5_i000543/transformer/d256/n256/seed3/DONE.json,1.1187185978462848,0.9932208792737128,0.9479340748269844,0.9301750150568197,0.0649665796805121,0.1386127198987297,0.3722211513613944
done,confirm_K5_i000543,Transformer,256,4,256,8,1.105038981884718,16,16,795656,cpu,1.1716248877346516,1.061624750494957,1.1484139487147331,1.1106908693909645,project://predictive_profile_confirmatory64_v1/runs/confirm_K5_i000543/transformer/d256/n256/seed4/DONE.json,1.1187185978462848,0.9932208792737128,0.9479340748269844,0.9301750150568197,0.0855158753862189,0.1805158543341449,0.3231826691854489
done,confirm_K5_i000543,Transformer,256,5,256,18,1.129627026617527,16,26,795656,cpu,1.201485846191645,1.0171546638011932,1.0366134010255337,1.0156210847198963,project://predictive_profile_confirmatory64_v1/runs/confirm_K5_i000543/transformer/d256/n256/seed5/DONE.json,1.1187185978462848,0.9932208792737128,0.9479340748269844,0.9301750150568197,0.0308277117788498,0.0854460696630767,0.9857920313272704
done,confirm_K5_i000202,GRU,8,1,256,44,1.912903975695372,16,48,576,cpu,1.90860228985548,1.8926380723714828,1.90966472029686,1.889834612607956,project://predictive_profile_confirmatory64_v1/runs/confirm_K5_i000202/gru/d8/n256/seed1/DONE.json,1.8935646414575609,1.8905818784768589,1.8901325682445256,1.8900558607671785,0.012532133561051,-0.0002212481592223,5.348774660942877
done,confirm_K5_i000202,GRU,8,2,256,48,1.8995311483740809,16,48,576,cpu,1.9265448823571203,1.9071315750479696,1.8721060827374456,1.9128659665584564,project://predictive_profile_confirmatory64_v1/runs/confirm_K5_i000202/gru/d8/n256/seed2/DONE.json,1.8935646414575609,1.8905818784768589,1.8901325682445256,1.8900558607671785,0.0212735255693185,0.0228101057912781,3.89848126905088
done,confirm_K5_i000202,GRU,8,3,256,48,1.895193550735712,16,48,576,cpu,1.9382758513092997,1.883851520717144,1.8715205565094948,1.9084301069378853,project://predictive_profile_confirmatory64_v1/runs/confirm_K5_i000202/gru/d8/n256/seed3/DONE.json,1.8935646414575609,1.8905818784768589,1.8901325682445256,1.8900558607671785,0.0259415692870974,0.018374246170707,8.50601590838085
done,confirm_K5_i000202,GRU,8,4,256,44,1.924028042703867,16,48,576,cpu,1.9350114464759829,1.925676353275776,1.890419505536556,1.859365776181221,project://predictive_profile_confirmatory64_v1/runs/confirm_K5_i000202/gru/d8/n256/seed4/DONE.json,1.8935646414575609,1.8905818784768589,1.8901325682445256,1.8900558607671785,0.0512125838532038,-0.0306900845859572,21.55896220647309
done,confirm_K5_i000202,GRU,8,5,256,48,1.895631775259972,16,48,576,cpu,1.9018378481268885,1.9038284495472908,1.9035563245415688,1.8886651247739792,project://predictive_profile_confirmatory64_v1/runs/confirm_K5_i000202/gru/d8/n256/seed5/DONE.json,1.8935646414575609,1.8905818784768589,1.8901325682445256,1.8900558607671785,0.0114794569522828,-0.001390735993199,3.754216782204366
done,confirm_K5_i000202,GRU,32,1,256,10,1.9100174456834795,16,18,6888,cpu,1.9278913587331767,1.88961298763752,1.896973729133606,1.855713687837124,project://predictive_profile_confirmatory64_v1/runs/confirm_K5_i000202/gru/d32/n256/seed1/DONE.json,1.8935646414575609,1.8905818784768589,1.8901325682445256,1.8900558607671785,0.043374126573463,-0.0343421729300543,20.570584845581333
done,confirm_K5_i000202,GRU,32,2,256,39,1.8968912959098816,16,47,6888,cpu,1.8770408779382703,1.8821070343256,1.880820669233799,1.942656435072422,project://predictive_profile_confirmatory64_v1/runs/confirm_K5_i000202/gru/d32/n256/seed2/DONE.json,1.8935646414575609,1.8905818784768589,1.8901325682445256,1.8900558607671785,0.0555462311309643,0.0526005743052437,-18.700387092872468
done,confirm_K5_i000202,GRU,32,3,256,19,1.912606343626976,16,27,6888,cpu,1.915606066584587,1.871705338358879,1.9167127311229704,1.897807322442532,project://predictive_profile_confirmatory64_v1/runs/confirm_K5_i000202/gru/d32/n256/seed3/DONE.json,1.8935646414575609,1.8905818784768589,1.8901325682445256,1.8900558607671785,0.0178029037234884,0.0077514616753533,5.0726294153524245
done,confirm_K5_i000202,GRU,32,4,256,30,1.891287300735712,16,38,6888,cpu,1.893410995602608,1.860472083091736,1.887301944196224,1.941337689757347,project://predictive_profile_confirmatory64_v1/runs/confirm_K5_i000202/gru/d32/n256/seed4/DONE.json,1.8935646414575609,1.8905818784768589,1.8901325682445256,1.8900558607671785,0.0552230978957909,0.0512818289901688,-13.65907373068478
done,confirm_K5_i000202,GRU,32,5,256,28,1.9083745144307611,16,36,6888,cpu,1.9138158932328224,1.868594780564308,1.870669722557068,1.9466197863221169,project://predictive_profile_confirmatory64_v1/runs/confirm_K5_i000202/gru/d32/n256/seed5/DONE.json,1.8935646414575609,1.8905818784768589,1.8901325682445256,1.8900558607671785,0.0575954501466109,0.0565639255549386,-9.349086188033372
done,confirm_K5_i000202,GRU,128,1,256,8,1.922474980354309,16,16,101256,cpu,1.9395678713917728,1.9548647701740265,1.857186920940876,1.9202445670962331,project://predictive_profile_confirmatory64_v1/runs/confirm_K5_i000202/gru/d128/n256/seed1/DONE.json,1.8935646414575609,1.8905818784768589,1.8901325682445256,1.8900558607671785,0.036737104000563,0.0301887063290551,5.507127974257253
done,confirm_K5_i000202,GRU,128,2,256,4,1.9334339052438736,16,12,101256,cpu,1.942392781376839,1.900168165564537,1.931004375219345,1.9159646332263949,project://predictive_profile_confirmatory64_v1/runs/confirm_K5_i000202/gru/d128/n256/seed2/DONE.json,1.8935646414575609,1.8905818784768589,1.8901325682445256,1.8900558607671785,0.0159343444749738,0.0259087724592164,7.532003417278857
done,confirm_K5_i000202,GRU,128,3,256,9,1.9217905476689336,16,17,101256,cpu,1.933343067765236,1.9596312642097475,1.9374948218464847,1.885446771979332,project://predictive_profile_confirmatory64_v1/runs/confirm_K5_i000202/gru/d128/n256/seed3/DONE.json,1.8935646414575609,1.8905818784768589,1.8901325682445256,1.8900558607671785,0.0502415236504508,-0.0046090887878462,13.650410217197384
done,confirm_K5_i000202,GRU,128,4,256,22,1.8861556760966776,16,30,101256,cpu,1.9245210886001587,1.918660581111908,1.8803856372833248,1.8853342533111568,project://predictive_profile_confirmatory64_v1/runs/confirm_K5_i000202/gru/d128/n256/seed4/DONE.json,1.8935646414575609,1.8905818784768589,1.8901325682445256,1.8900558607671785,0.0243620493716358,-0.004721607456021,11.168220173010637
done,confirm_K5_i000202,GRU,128,5,256,6,1.9169020131230357,16,14,101256,cpu,1.9159716218709943,1.9394108057022093,1.8303362056612968,1.900994934141636,project://predictive_profile_confirmatory64_v1/runs/confirm_K5_i000202/gru/d128/n256/seed5/DONE.json,1.8935646414575609,1.8905818784768589,1.8901325682445256,1.8900558607671785,0.0405297909469707,0.0109390733744576,4.268345345837354
done,confirm_K5_i000202,GRU,256,1,256,23,1.913860306143761,16,31,399112,cpu,1.899778671562672,1.9018310457468035,1.9282287880778315,1.9290372282266617,project://predictive_profile_confirmatory64_v1/runs/confirm_K5_i000202/gru/d256/n256/seed1/DONE.json,1.8935646414575609,1.8905818784768589,1.8901325682445256,1.8900558607671785,0.0214683302271512,0.0389813674594834,-8.338667829592794
done,confirm_K5_i000202,GRU,256,2,256,27,1.8935413546860216,16,35,399112,cpu,1.9146504551172256,1.8849523589015007,1.949169769883156,1.866884842514992,project://predictive_profile_confirmatory64_v1/runs/confirm_K5_i000202/gru/d256/n256/seed2/DONE.json,1.8935646414575609,1.8905818784768589,1.8901325682445256,1.8900558607671785,0.0474988493658527,-0.0231710182521864,13.61316560284225
done,confirm_K5_i000202,GRU,256,3,256,36,1.8622820265591145,16,44,399112,cpu,1.8575207889080048,1.8749442398548128,1.92949353158474,1.8612430915236475,project://predictive_profile_confirmatory64_v1/runs/confirm_K5_i000202/gru/d256/n256/seed3/DONE.json,1.8935646414575609,1.8905818784768589,1.8901325682445256,1.8900558607671785,0.0349053378692708,-0.0288127692435309,-1.0608535967623085
done,confirm_K5_i000202,GRU,256,4,256,22,1.9043696112930772,16,30,399112,cpu,1.9452210068702696,1.9208270162343977,1.88690122961998,1.872149683535099,project://predictive_profile_confirmatory64_v1/runs/confirm_K5_i000202/gru/d256/n256/seed4/DONE.json,1.8935646414575609,1.8905818784768589,1.8901325682445256,1.8900558607671785,0.0429326430661872,-0.0179061772320792,20.825275154829463
done,confirm_K5_i000202,GRU,256,5,256,20,1.9220413640141487,16,28,399112,cpu,1.906540617346764,1.9187383204698565,1.9421596452593803,1.9148477986454964,project://predictive_profile_confirmatory64_v1/runs/confirm_K5_i000202/gru/d256/n256/seed5/DONE.json,1.8935646414575609,1.8905818784768589,1.8901325682445256,1.8900558607671785,0.0149389562005885,0.0247919378783181,-2.367540758960021
done,confirm_K5_i000202,Transformer,8,1,256,43,1.9130626544356344,16,48,1064,cpu,1.8835255280137064,1.907346233725548,1.9311693608760836,1.9138678535819051,project://predictive_profile_confirmatory64_v1/runs/confirm_K5_i000202/transformer/d8/n256/seed1/DONE.json,1.8935646414575609,1.8905818784768589,1.8901325682445256,1.8900558607671785,0.019314892692699,0.0238119928147271,-8.647541196110025
done,confirm_K5_i000202,Transformer,8,2,256,39,1.9175291657447813,16,47,1064,cpu,1.9483507201075556,1.9246801882982252,1.93199185281992,1.863011084496975,project://predictive_profile_confirmatory64_v1/runs/confirm_K5_i000202/transformer/d8/n256/seed2/DONE.json,1.8935646414575609,1.8905818784768589,1.8901325682445256,1.8900558607671785,0.0616087156877688,-0.0270447762702032,24.32173542350241
done,confirm_K5_i000202,Transformer,8,3,256,33,1.8695795834064484,16,41,1064,cpu,1.8947936743497849,1.9042468592524529,1.931656263768673,1.9054796770215037,project://predictive_profile_confirmatory64_v1/runs/confirm_K5_i000202/transformer/d8/n256/seed3/DONE.json,1.8935646414575609,1.8905818784768589,1.8901325682445256,1.8900558607671785,0.0148811044183346,0.0154238162543252,-3.045503157552232
done,confirm_K5_i000202,Transformer,8,4,256,48,1.9015873558819292,16,48,1064,cpu,1.9103507548570635,1.8987883627414703,1.8757306188344955,1.951710507273674,project://predictive_profile_confirmatory64_v1/runs/confirm_K5_i000202/transformer/d8/n256/seed4/DONE.json,1.8935646414575609,1.8905818784768589,1.8901325682445256,1.8900558607671785,0.0516103116940255,0.0616546465064957,-11.78750000818674
done,confirm_K5_i000202,Transformer,8,5,256,32,1.9591943137347696,16,40,1064,cpu,1.8717950507998464,1.9193653613328931,1.921280950307846,1.9252866581082344,project://predictive_profile_confirmatory64_v1/runs/confirm_K5_i000202/transformer/d8/n256/seed5/DONE.json,1.8935646414575609,1.8905818784768589,1.8901325682445256,1.8900558607671785,0.0287544701332637,0.0352307973410561,-15.245070019623984
done,confirm_K5_i000202,Transformer,32,1,256,18,1.918652705848217,16,26,13448,cpu,1.9020556136965752,1.9056055694818497,1.899693600833416,1.894027091562748,project://predictive_profile_confirmatory64_v1/runs/confirm_K5_i000202/transformer/d32/n256/seed1/DONE.json,1.8935646414575609,1.8905818784768589,1.8901325682445256,1.8900558607671785,0.0065922458897752,0.0039712307955697,2.288123095248711
done,confirm_K5_i000202,Transformer,32,2,256,12,1.9150267355144024,16,20,13448,cpu,1.9163730666041372,1.9037811532616613,1.8767866417765615,1.8942166566848757,project://predictive_profile_confirmatory64_v1/runs/confirm_K5_i000202/transformer/d32/n256/seed2/DONE.json,1.8935646414575609,1.8905818784768589,1.8901325682445256,1.8900558607671785,0.0135638628787808,0.0041607959176972,6.31456106105218
done,confirm_K5_i000202,Transformer,32,3,256,14,1.8828318789601328,16,22,13448,cpu,1.948223516345024,1.9012079536914823,1.9583605080842967,1.9498887062072756,project://predictive_profile_confirmatory64_v1/runs/confirm_K5_i000202/transformer/d32/n256/seed3/DONE.json,1.8935646414575609,1.8905818784768589,1.8901325682445256,1.8900558607671785,0.0250925976000966,0.0598328454400971,-0.4745779258348844
done,confirm_K5_i000202,Transformer,32,4,256,10,1.9140935838222504,16,18,13448,cpu,1.9052248671650889,1.9145452454686165,1.914799764752388,1.8994768038392067,project://predictive_profile_confirmatory64_v1/runs/confirm_K5_i000202/transformer/d32/n256/seed4/DONE.json,1.8935646414575609,1.8905818784768589,1.8901325682445256,1.8900558607671785,0.0105941578713509,0.0094209430720284,1.6381939577007696
done,confirm_K5_i000202,Transformer,32,5,256,27,1.913327619433403,16,35,13448,cpu,1.9198086336255076,1.8716006875038147,1.8726043105125427,1.891402289271355,project://predictive_profile_confirmatory64_v1/runs/confirm_K5_i000202/transformer/d32/n256/seed5/DONE.json,1.8935646414575609,1.8905818784768589,1.8901325682445256,1.8900558607671785,0.0186370234380092,0.0013464285041764,8.095787927701744
done,confirm_K5_i000202,Transformer,128,1,256,15,1.921872280538082,16,23,201224,cpu,1.9210468754172323,1.9625722542405128,1.922619812190533,1.8888806775212288,project://predictive_profile_confirmatory64_v1/runs/confirm_K5_i000202/transformer/d128/n256/seed1/DONE.json,1.8935646414575609,1.8905818784768589,1.8901325682445256,1.8900558607671785,0.0427422671092051,-0.0011751832459494,9.16734351171319
done,confirm_K5_i000202,Transformer,128,2,256,15,1.9211855940520763,16,23,201224,cpu,1.8828584253787997,1.9603797122836115,1.926577441394329,1.932953953742981,project://predictive_profile_confirmatory64_v1/runs/confirm_K5_i000202/transformer/d128/n256/seed2/DONE.json,1.8935646414575609,1.8905818784768589,1.8901325682445256,1.8900558607671785,0.0301606616808723,0.0428980929758027,-14.27718993708856
done,confirm_K5_i000202,Transformer,128,3,256,9,1.9386226683855057,16,17,201224,cpu,1.9025703966617584,1.9099977687001228,1.935495287179947,1.9277429729700089,project://predictive_profile_confirmatory64_v1/runs/confirm_K5_i000202/transformer/d128/n256/seed3/DONE.json,1.8935646414575609,1.8905818784768589,1.8901325682445256,1.8900558607671785,0.0174310981483025,0.0376871122028306,-7.174166335686652
done,confirm_K5_i000202,Transformer,128,4,256,9,1.9029343985021117,16,17,201224,cpu,1.894867904484272,1.958298429846764,1.9248799309134483,1.9001038372516632,project://predictive_profile_confirmatory64_v1/runs/confirm_K5_i000202/transformer/d128/n256/seed4/DONE.json,1.8935646414575609,1.8905818784768589,1.8901325682445256,1.8900558607671785,0.0316709418105217,0.0100479764844849,-1.492237112949978
done,confirm_K5_i000202,Transformer,128,5,256,12,1.905953157693148,16,20,201224,cpu,1.8953951224684715,1.881444588303566,1.894974000751972,1.9394739717245104,project://predictive_profile_confirmatory64_v1/runs/confirm_K5_i000202/transformer/d128/n256/seed5/DONE.json,1.8935646414575609,1.8905818784768589,1.8901325682445256,1.8900558607671785,0.043818939361623,0.0494181109573319,-12.56244067258359
done,confirm_K5_i000202,Transformer,256,1,256,14,1.904518272727728,16,22,795656,cpu,1.9236284866929052,1.9528337940573688,1.936467356979847,1.8805178552865984,project://predictive_profile_confirmatory64_v1/runs/confirm_K5_i000202/transformer/d256/n256/seed1/DONE.json,1.8935646414575609,1.8905818784768589,1.8901325682445256,1.8900558607671785,0.0496081356220338,-0.00953800548058,12.28649927436931
done,confirm_K5_i000202,Transformer,256,2,256,20,1.9160765036940572,16,28,795656,cpu,1.915056988596916,1.9432972595095637,1.9186426997184756,1.88933589309454,project://predictive_profile_confirmatory64_v1/runs/confirm_K5_i000202/transformer/d256/n256/seed2/DONE.json,1.8935646414575609,1.8905818784768589,1.8901325682445256,1.8900558607671785,0.0324157450812414,-0.0007199676726385,7.330493915700298
done,confirm_K5_i000202,Transformer,256,3,256,11,1.942026998847723,16,19,795656,cpu,1.9747839495539663,1.9304673299193384,1.9412256255745888,1.9139095172286036,project://predictive_profile_confirmatory64_v1/runs/confirm_K5_i000202/transformer/d256/n256/seed3/DONE.json,1.8935646414575609,1.8905818784768589,1.8901325682445256,1.8900558607671785,0.0327483640717473,0.0238536564614251,17.349169896031565
done,confirm_K5_i000202,Transformer,256,4,256,13,1.8978517055511477,16,21,795656,cpu,1.9308445379137995,1.9299389347434044,1.8929958418011663,1.9013127088546755,project://predictive_profile_confirmatory64_v1/runs/confirm_K5_i000202/transformer/d256/n256/seed4/DONE.json,1.8935646414575609,1.8905818784768589,1.8901325682445256,1.8900558607671785,0.0196040355508295,0.011256848087497,8.416550267752292
done,confirm_K5_i000202,Transformer,256,5,256,14,1.9409808963537216,16,22,795656,cpu,1.9271632730960848,1.9356489032506945,1.9688429683446884,1.9607324078679085,project://predictive_profile_confirmatory64_v1/runs/confirm_K5_i000202/transformer/d256/n256/seed5/DONE.json,1.8935646414575609,1.8905818784768589,1.8901325682445256,1.8900558607671785,0.0228864711284349,0.0706765471007302,-9.567179523027756
done,confirm_K5_i000834,GRU,8,1,256,48,1.629369344562292,16,48,576,cpu,1.6330334022641182,1.6419295147061348,1.616888962686062,1.6664931401610374,project://predictive_profile_confirmatory64_v1/runs/confirm_K5_i000834/gru/d8/n256/seed1/DONE.json,1.5936006217124508,1.590645103631183,1.5902305696346928,1.5901675238694706,0.0333728046170211,0.0763256162915668,-9.746223215087204
done,confirm_K5_i000834,GRU,8,2,256,48,1.5997164100408554,16,48,576,cpu,1.6738029345870018,1.588329717516899,1.6043280959129331,1.650505654513836,project://predictive_profile_confirmatory64_v1/runs/confirm_K5_i000834/gru/d8/n256/seed2/DONE.json,1.5936006217124508,1.590645103631183,1.5902305696346928,1.5901675238694706,0.0401815952584166,0.0603381306443653,6.786081008673536
done,confirm_K5_i000834,GRU,8,3,256,48,1.671433612704277,16,48,576,cpu,1.6690331250429151,1.6310838162899015,1.598316252231598,1.6641860827803612,project://predictive_profile_confirmatory64_v1/runs/confirm_K5_i000834/gru/d8/n256/seed3/DONE.json,1.5936006217124508,1.590645103631183,1.5902305696346928,1.5901675238694706,0.0370025319815295,0.0740185589108906,1.4118567207355148
done,confirm_K5_i000834,GRU,8,4,256,48,1.6326332464814186,16,48,576,cpu,1.6574516370892525,1.598848082125187,1.5959895327687263,1.6272821575403214,project://predictive_profile_confirmatory64_v1/runs/confirm_K5_i000834/gru/d8/n256/seed4/DONE.json,1.5936006217124508,1.590645103631183,1.5902305696346928,1.5901675238694706,0.0251689093258162,0.0371146336708507,8.78782980526468
done,confirm_K5_i000834,GRU,8,5,256,46,1.605241607874632,16,48,576,cpu,1.678943544626236,1.589125782251358,1.5966345220804214,1.6445773914456367,project://predictive_profile_confirmatory64_v1/runs/confirm_K5_i000834/gru/d8/n256/seed5/DONE.json,1.5936006217124508,1.590645103631183,1.5902305696346928,1.5901675238694706,0.039967161449451,0.0544098675761661,10.010245775799635
done,confirm_K5_i000834,GRU,32,1,256,29,1.61161857098341,16,37,6888,cpu,1.6137786582112312,1.5280423909425735,1.587105929851532,1.6278585493564606,project://predictive_profile_confirmatory64_v1/runs/confirm_K5_i000834/gru/d32/n256/seed1/DONE.json,1.5936006217124508,1.590645103631183,1.5902305696346928,1.5901675238694706,0.0548439997446891,0.0376910254869899,-4.101220468859972
done,confirm_K5_i000834,GRU,32,2,256,22,1.590361054986715,16,30,6888,cpu,1.7048880606889725,1.618746429681778,1.548415794968605,1.6378180757164955,project://predictive_profile_confirmatory64_v1/runs/confirm_K5_i000834/gru/d32/n256/seed2/DONE.json,1.5936006217124508,1.590645103631183,1.5902305696346928,1.5901675238694706,0.0557581166308322,0.0476505518470249,19.53628706202421
done,confirm_K5_i000834,GRU,32,3,256,37,1.5923118367791176,16,45,6888,cpu,1.629281885921955,1.5945240780711174,1.6032497212290764,1.6789556071162224,project://predictive_profile_confirmatory64_v1/runs/confirm_K5_i000834/gru/d32/n256/seed3/DONE.json,1.5936006217124508,1.590645103631183,1.5902305696346928,1.5901675238694706,0.0627909666878209,0.0887880832467518,-14.469066559182837
done,confirm_K5_i000834,GRU,32,4,256,37,1.5999054200947285,16,45,6888,cpu,1.5722461119294169,1.645722322165966,1.558679074048996,1.615186758339405,project://predictive_profile_confirmatory64_v1/runs/confirm_K5_i000834/gru/d32/n256/seed4/DONE.json,1.5936006217124508,1.590645103631183,1.5902305696346928,1.5901675238694706,0.039541920986181,0.0250192344699344,-12.507842296947985
done,confirm_K5_i000834,GRU,32,5,256,45,1.5442278683185575,16,48,6888,cpu,1.6124751716852188,1.6020831316709518,1.672320418059826,1.560935728251934,project://predictive_profile_confirmatory64_v1/runs/confirm_K5_i000834/gru/d32/n256/seed5/DONE.json,1.5936006217124508,1.590645103631183,1.5902305696346928,1.5901675238694706,0.063954600058817,-0.0292317956175365,15.01251807858314
done,confirm_K5_i000834,GRU,128,1,256,14,1.6062642969191074,16,22,101256,cpu,1.589291900396347,1.556413285434246,1.6206419467926023,1.6522616520524025,project://predictive_profile_confirmatory64_v1/runs/confirm_K5_i000834/gru/d128/n256/seed1/DONE.json,1.5936006217124508,1.590645103631183,1.5902305696346928,1.5901675238694706,0.0606049153948805,0.0620941281829319,-18.34196243046573
done,confirm_K5_i000834,GRU,128,2,256,20,1.5990489572286606,16,28,101256,cpu,1.6362478956580162,1.6367551907896996,1.708493985235691,1.62946205586195,project://predictive_profile_confirmatory64_v1/runs/confirm_K5_i000834/gru/d128/n256/seed2/DONE.json,1.5936006217124508,1.590645103631183,1.5902305696346928,1.5901675238694706,0.0396666650009838,0.0392945319924793,1.976593766455452
done,confirm_K5_i000834,GRU,128,3,256,17,1.5778149031102655,16,25,101256,cpu,1.6127320379018784,1.6161993071436882,1.591823361814022,1.6519040912389755,project://predictive_profile_confirmatory64_v1/runs/confirm_K5_i000834/gru/d128/n256/seed3/DONE.json,1.5936006217124508,1.590645103631183,1.5902305696346928,1.5901675238694706,0.0410537332513255,0.0617365673695049,-11.410118536875997
done,confirm_K5_i000834,GRU,128,4,256,17,1.5767503455281258,16,25,101256,cpu,1.6511896774172783,1.6193398907780647,1.6437970399856567,1.6261639297008514,project://predictive_profile_confirmatory64_v1/runs/confirm_K5_i000834/gru/d128/n256/seed4/DONE.json,1.5936006217124508,1.590645103631183,1.5902305696346928,1.5901675238694706,0.0143897822359599,0.0359964058313808,7.289552719156602
done,confirm_K5_i000834,GRU,128,5,256,12,1.5908299311995506,16,20,101256,cpu,1.6462404429912567,1.6516801416873932,1.6105229556560516,1.6296450272202492,project://predictive_profile_confirmatory64_v1/runs/confirm_K5_i000834/gru/d128/n256/seed5/DONE.json,1.5936006217124508,1.590645103631183,1.5902305696346928,1.5901675238694706,0.0158590876373607,0.0394775033507786,4.833947801674506
done,confirm_K5_i000834,GRU,256,1,256,12,1.6225879043340683,16,20,399112,cpu,1.6827286258339882,1.6139922738075256,1.6245198771357536,1.608253836631775,project://predictive_profile_confirmatory64_v1/runs/confirm_K5_i000834/gru/d256/n256/seed1/DONE.json,1.5936006217124508,1.590645103631183,1.5902305696346928,1.5901675238694706,0.0365278509168536,0.0180863127623043,21.69317409770171
done,confirm_K5_i000834,GRU,256,2,256,38,1.6353685595095158,16,46,399112,cpu,1.596808835864067,1.631281241774559,1.6232370808720589,1.6163548976182938,project://predictive_profile_confirmatory64_v1/runs/confirm_K5_i000834/gru/d256/n256/seed2/DONE.json,1.5936006217124508,1.590645103631183,1.5902305696346928,1.5901675238694706,0.0139938308229988,0.0261873737488231,-5.693418203676731
done,confirm_K5_i000834,GRU,256,3,256,9,1.584682859480381,16,17,399112,cpu,1.6315986290574074,1.5608405247330666,1.5962802469730375,1.6756782457232475,project://predictive_profile_confirmatory64_v1/runs/confirm_K5_i000834/gru/d256/n256/seed3/DONE.json,1.5936006217124508,1.590645103631183,1.5902305696346928,1.5901675238694706,0.0739410816511697,0.0855107218537769,-12.839603961760613
done,confirm_K5_i000834,GRU,256,4,256,19,1.5701459757983685,16,27,399112,cpu,1.5912198275327682,1.5983990654349327,1.6434754729270935,1.6643343046307564,project://predictive_profile_confirmatory64_v1/runs/confirm_K5_i000834/gru/d256/n256/seed4/DONE.json,1.5936006217124508,1.590645103631183,1.5902305696346928,1.5901675238694706,0.0517395368844094,0.0741667807612858,-21.29693951120233
done,confirm_K5_i000834,GRU,256,5,256,24,1.5774137377738953,16,32,399112,cpu,1.5657668709754944,1.5765499249100683,1.5751731991767883,1.6958716213703156,project://predictive_profile_confirmatory64_v1/runs/confirm_K5_i000834/gru/d256/n256/seed5/DONE.json,1.5936006217124508,1.590645103631183,1.5902305696346928,1.5901675238694706,0.1081290382353874,0.1057040975008449,-37.8971868398253
done,confirm_K5_i000834,Transformer,8,1,256,48,1.6128596179187298,16,48,1064,cpu,1.5855754017829895,1.6345966681838036,1.5905876010656357,1.5501441806554794,project://predictive_profile_confirmatory64_v1/runs/confirm_K5_i000834/transformer/d8/n256/seed1/DONE.json,1.5936006217124508,1.590645103631183,1.5902305696346928,1.5901675238694706,0.0492601250622857,-0.0400233432139911,10.32048101977576
done,confirm_K5_i000834,Transformer,8,2,256,47,1.6501209028065205,16,48,1064,cpu,1.6178574189543724,1.606841117143631,1.6754124760627749,1.6411321386694908,project://predictive_profile_confirmatory64_v1/runs/confirm_K5_i000834/transformer/d8/n256/seed2/DONE.json,1.5936006217124508,1.590645103631183,1.5902305696346928,1.5901675238694706,0.0278073110915577,0.0509646148000202,-6.7795095798709415
done,confirm_K5_i000834,Transformer,8,3,256,48,1.5935033969581127,16,48,1064,cpu,1.6226183399558067,1.658539816737175,1.6882005333900452,1.5990950092673302,project://predictive_profile_confirmatory64_v1/runs/confirm_K5_i000834/transformer/d8/n256/seed3/DONE.json,1.5936006217124508,1.590645103631183,1.5902305696346928,1.5901675238694706,0.0543353346161905,0.0089274853978595,6.851925509951846
done,confirm_K5_i000834,Transformer,8,4,256,47,1.6197190955281258,16,48,1064,cpu,1.6508874371647837,1.5943264737725258,1.6475081890821457,1.6235206127166748,project://predictive_profile_confirmatory64_v1/runs/confirm_K5_i000834/transformer/d8/n256/seed4/DONE.json,1.5936006217124508,1.590645103631183,1.5902305696346928,1.5901675238694706,0.0225034293198339,0.0333530888472042,7.971466500457282
done,confirm_K5_i000834,Transformer,8,5,256,47,1.5815572403371334,16,48,1064,cpu,1.575587160885334,1.6199804693460464,1.5893410742282867,1.581105761229992,project://predictive_profile_confirmatory64_v1/runs/confirm_K5_i000834/transformer/d8/n256/seed5/DONE.json,1.5936006217124508,1.590645103631183,1.5902305696346928,1.5901675238694706,0.020132426071087,-0.0090617626394786,-1.6074695790980855
done,confirm_K5_i000834,Transformer,32,1,256,26,1.6099108941853046,16,34,13448,cpu,1.5759345665574074,1.6532361954450607,1.683151848614216,1.5661519840359688,project://predictive_profile_confirmatory64_v1/runs/confirm_K5_i000834/transformer/d32/n256/seed1/DONE.json,1.5936006217124508,1.590645103631183,1.5902305696346928,1.5901675238694706,0.0728272685796622,-0.0240155398335017,2.849491324997192
done,confirm_K5_i000834,Transformer,32,2,256,7,1.5714884735643864,16,15,13448,cpu,1.6437537372112274,1.670584797859192,1.643311582505703,1.632935956120491,project://predictive_profile_confirmatory64_v1/runs/confirm_K5_i000834/transformer/d32/n256/seed2/DONE.json,1.5936006217124508,1.590645103631183,1.5902305696346928,1.5901675238694706,0.0196378816492218,0.0427684322510204,3.1510261534945823
done,confirm_K5_i000834,Transformer,32,3,256,32,1.6155210845172403,16,40,13448,cpu,1.600728839635849,1.584892921149731,1.5993102863430977,1.6146975234150889,project://predictive_profile_confirmatory64_v1/runs/confirm_K5_i000834/transformer/d32/n256/seed3/DONE.json,1.5936006217124508,1.590645103631183,1.5902305696346928,1.5901675238694706,0.019095443119354,0.024529999545618,-4.068827752113761
done,confirm_K5_i000834,Transformer,32,4,256,17,1.5708008594810965,16,25,13448,cpu,1.6900656819343567,1.61869977414608,1.6317532435059547,1.6135838702321053,project://predictive_profile_confirmatory64_v1/runs/confirm_K5_i000834/transformer/d32/n256/seed4/DONE.json,1.5936006217124508,1.590645103631183,1.5902305696346928,1.5901675238694706,0.0377010203551734,0.0234163463626346,22.27778385595314
done,confirm_K5_i000834,Transformer,32,5,256,24,1.60809426009655,16,32,13448,cpu,1.6197549700737,1.6289144456386566,1.6005760580301285,1.6728432327508926,project://predictive_profile_confirmatory64_v1/runs/confirm_K5_i000834/transformer/d32/n256/seed5/DONE.json,1.5936006217124508,1.590645103631183,1.5902305696346928,1.5901675238694706,0.0509859059190539,0.082675708881422,-15.463661423383192
done,confirm_K5_i000834,Transformer,128,1,256,6,1.6402927227318287,16,14,201224,cpu,1.68767362087965,1.636165827512741,1.6346212178468704,1.6282296106219292,project://predictive_profile_confirmatory64_v1/runs/confirm_K5_i000834/transformer/d128/n256/seed1/DONE.json,1.5936006217124508,1.590645103631183,1.5902305696346928,1.5901675238694706,0.0284293170314764,0.0380620867524585,17.31497701974004
done,confirm_K5_i000834,Transformer,128,2,256,3,1.6296837851405144,16,12,201224,cpu,1.6832518950104711,1.5539236217737198,1.651043176651001,1.6132042780518532,project://predictive_profile_confirmatory64_v1/runs/confirm_K5_i000834/transformer/d128/n256/seed2/DONE.json,1.5936006217124508,1.590645103631183,1.5902305696346928,1.5901675238694706,0.0485683950448541,0.0230367541823826,20.40361800402743
done,confirm_K5_i000834,Transformer,128,3,256,17,1.6007349602878094,16,25,201224,cpu,1.6126168072223663,1.5886575058102608,1.6069785878062248,1.591046221554279,project://predictive_profile_confirmatory64_v1/runs/confirm_K5_i000834/transformer/d128/n256/seed3/DONE.json,1.5936006217124508,1.590645103631183,1.5902305696346928,1.5901675238694706,0.0121348614252739,0.0008786976848087,6.283125810758178
done,confirm_K5_i000834,Transformer,128,4,256,11,1.6383780129253864,16,19,201224,cpu,1.6116442158818245,1.63346728682518,1.6713268011808395,1.5983573570847511,project://predictive_profile_confirmatory64_v1/runs/confirm_K5_i000834/transformer/d128/n256/seed4/DONE.json,1.5936006217124508,1.590645103631183,1.5902305696346928,1.5901675238694706,0.04065660828072,0.0081898332152805,3.870224329388583
done,confirm_K5_i000834,Transformer,128,5,256,15,1.6071438640356064,16,23,201224,cpu,1.6409458965063095,1.6356659084558487,1.6282794997096062,1.6217012777924538,project://predictive_profile_confirmatory64_v1/runs/confirm_K5_i000834/transformer/d128/n256/seed5/DONE.json,1.5936006217124508,1.590645103631183,1.5902305696346928,1.5901675238694706,0.0108898146743343,0.0315337539229831,5.605613237387373
done,confirm_K5_i000834,Transformer,256,1,256,30,1.580323826521635,16,38,795656,cpu,1.6522421687841415,1.63875050842762,1.5780490413308144,1.6615008115768433,project://predictive_profile_confirmatory64_v1/runs/confirm_K5_i000834/transformer/d256/n256/seed1/DONE.json,1.5936006217124508,1.590645103631183,1.5902305696346928,1.5901675238694706,0.0438045069549946,0.0713332877073726,-2.696877052785812
done,confirm_K5_i000834,Transformer,256,2,256,7,1.622686017304659,16,15,795656,cpu,1.6492065116763115,1.6266209036111832,1.663725048303604,1.5918094664812088,project://predictive_profile_confirmatory64_v1/runs/confirm_K5_i000834/transformer/d256/n256/seed2/DONE.json,1.5936006217124508,1.590645103631183,1.5902305696346928,1.5901675238694706,0.0480980984901018,0.0016419426117382,16.71873270738996
done,confirm_K5_i000834,Transformer,256,3,256,14,1.621923491358757,16,22,795656,cpu,1.66743203997612,1.6147103682160378,1.605758175253868,1.6789245381951332,project://predictive_profile_confirmatory64_v1/runs/confirm_K5_i000834/transformer/d256/n256/seed3/DONE.json,1.5936006217124508,1.590645103631183,1.5902305696346928,1.5901675238694706,0.0494225206809478,0.0887570143256626,-3.347559185507186
done,confirm_K5_i000834,Transformer,256,4,256,11,1.6192203164100647,16,19,795656,cpu,1.6217284575104711,1.6184400990605354,1.6474544331431389,1.5838903784751892,project://predictive_profile_confirmatory64_v1/runs/confirm_K5_i000834/transformer/d256/n256/seed4/DONE.json,1.5936006217124508,1.590645103631183,1.5902305696346928,1.5901675238694706,0.0399280341452357,-0.0062771453942813,11.02155568116168
done,confirm_K5_i000834,Transformer,256,5,256,7,1.6052477359771729,16,15,795656,cpu,1.6144137978553772,1.6115949377417564,1.651257462799549,1.6467672064900398,project://predictive_profile_confirmatory64_v1/runs/confirm_K5_i000834/transformer/d256/n256/seed5/DONE.json,1.5936006217124508,1.590645103631183,1.5902305696346928,1.5901675238694706,0.0253534314140289,0.0565996826205692,-9.42396928791796
done,confirm_K5_i000511,GRU,8,1,256,46,1.9258794449269767,16,48,576,cpu,1.926442876458168,1.9242339208722117,1.9358289316296575,1.916612721979618,project://predictive_profile_confirmatory64_v1/runs/confirm_K5_i000511/gru/d8/n256/seed1/DONE.json,1.914118235902952,1.9129262460257896,1.9127540996446897,1.9127275506224544,0.0111193668142935,0.0038851713571634,7.068568723929226
done,confirm_K5_i000511,GRU,8,2,256,45,1.8957418352365492,16,48,576,cpu,1.9586193710565567,1.9594547599554064,1.91765745729208,1.886747054755688,project://predictive_profile_confirmatory64_v1/runs/confirm_K5_i000511/gru/d8/n256/seed2/DONE.json,1.914118235902952,1.9129262460257896,1.9127540996446897,1.9127275506224544,0.0528654642011866,-0.0259804958667668,51.68122314143034
done,confirm_K5_i000511,GRU,8,3,256,47,1.9279560670256612,16,48,576,cpu,1.9420011937618256,1.9027222767472267,1.890508994460106,1.9356505945324896,project://predictive_profile_confirmatory64_v1/runs/confirm_K5_i000511/gru/d8/n256/seed3/DONE.json,1.914118235902952,1.9129262460257896,1.9127540996446897,1.9127275506224544,0.028116549582991,0.0229230439100351,4.566525092626381
done,confirm_K5_i000511,GRU,8,4,256,26,1.966593224555254,16,34,576,cpu,1.9337391927838328,1.9588096216320992,1.907167561352253,1.9422688335180285,project://predictive_profile_confirmatory64_v1/runs/confirm_K5_i000511/gru/d8/n256/seed4/DONE.json,1.914118235902952,1.9129262460257896,1.9127540996446897,1.9127275506224544,0.0199965039683247,0.0295412828955736,-6.133408366231719
done,confirm_K5_i000511,GRU,8,5,256,48,1.9130930304527285,16,48,576,cpu,1.945562519133091,1.9114679247140884,1.92635777592659,1.925039939582348,project://predictive_profile_confirmatory64_v1/runs/confirm_K5_i000511/gru/d8/n256/seed5/DONE.json,1.914118235902952,1.9129262460257896,1.9127540996446897,1.9127275506224544,0.0118039110330014,0.0123123889598932,14.7571703235462
done,confirm_K5_i000511,GRU,32,1,256,48,1.9131695218384264,16,48,6888,cpu,1.9358799532055853,1.9054768607020376,1.916962347924709,1.9176140427589417,project://predictive_profile_confirmatory64_v1/runs/confirm_K5_i000511/gru/d32/n256/seed1/DONE.json,1.914118235902952,1.9129262460257896,1.9127540996446897,1.9127275506224544,0.0104571400470087,0.004886492136487,13.134467375764396
done,confirm_K5_i000511,GRU,32,2,256,15,1.9031285755336285,16,23,6888,cpu,1.9428406208753584,1.9164233431220052,1.8927625194191933,1.925396792590618,project://predictive_profile_confirmatory64_v1/runs/confirm_K5_i000511/gru/d32/n256/seed2/DONE.json,1.914118235902952,1.9129262460257896,1.9127540996446897,1.9127275506224544,0.0187653999972859,0.0126692419681635,12.543332793819603
done,confirm_K5_i000511,GRU,32,3,256,21,1.9214685261249544,16,29,6888,cpu,1.9285478591918943,1.8875765949487688,1.8633027747273443,1.918373920023441,project://predictive_profile_confirmatory64_v1/runs/confirm_K5_i000511/gru/d32/n256/seed3/DONE.json,1.914118235902952,1.9129262460257896,1.9127540996446897,1.9127275506224544,0.0319125945103563,0.0056463694009867,7.315773964916887
done,confirm_K5_i000511,GRU,32,4,256,26,1.9296582490205765,16,34,6888,cpu,1.916190855205059,1.9129105508327484,1.9452470168471336,1.9058366641402245,project://predictive_profile_confirmatory64_v1/runs/confirm_K5_i000511/gru/d32/n256/seed4/DONE.json,1.914118235902952,1.9129262460257896,1.9127540996446897,1.9127275506224544,0.0204859505752219,-0.0068908864822301,7.445387687668708
done,confirm_K5_i000511,GRU,32,5,256,15,1.9221005477011204,16,23,6888,cpu,1.95939090102911,1.89904360473156,1.9050325974822044,1.913601040840149,project://predictive_profile_confirmatory64_v1/runs/confirm_K5_i000511/gru/d32/n256/seed5/DONE.json,1.914118235902952,1.9129262460257896,1.9127540996446897,1.9127275506224544,0.0237849955001305,0.0008734902176943,32.92611263750213
done,confirm_K5_i000511,GRU,128,1,256,5,1.9288460463285448,16,13,101256,cpu,1.927846163511276,1.968868426978588,1.9386340230703356,1.963443860411644,project://predictive_profile_confirmatory64_v1/runs/confirm_K5_i000511/gru/d128/n256/seed1/DONE.json,1.914118235902952,1.9129262460257896,1.9127540996446897,1.9127275506224544,0.0224293124804103,0.0507163097891893,-25.59723425536328
done,confirm_K5_i000511,GRU,128,2,256,11,1.9322830438613887,16,19,101256,cpu,1.9231304451823237,1.92340886592865,1.9108509123325348,1.9320198148489,project://predictive_profile_confirmatory64_v1/runs/confirm_K5_i000511/gru/d128/n256/seed2/DONE.json,1.914118235902952,1.9129262460257896,1.9127540996446897,1.9127275506224544,0.0125751394500028,0.0192922642264452,-6.392078632916437
done,confirm_K5_i000511,GRU,128,3,256,6,1.9094669334590435,16,14,101256,cpu,1.9653234034776688,1.942584067583084,1.9185572639107704,1.9706748574972155,project://predictive_profile_confirmatory64_v1/runs/confirm_K5_i000511/gru/d128/n256/seed3/DONE.json,1.914118235902952,1.9129262460257896,1.9127540996446897,1.9127275506224544,0.0298528182516436,0.0579473068747606,-3.848069793069178
done,confirm_K5_i000511,GRU,128,4,256,8,1.9365718960762024,16,16,101256,cpu,1.9300361946225169,1.949687957763672,1.932150825858116,1.912814937531948,project://predictive_profile_confirmatory64_v1/runs/confirm_K5_i000511/gru/d128/n256/seed4/DONE.json,1.914118235902952,1.9129262460257896,1.9127540996446897,1.9127275506224544,0.0221836859527807,8.738690949350314e-05,12.38328853557279
done,confirm_K5_i000511,GRU,128,5,256,6,1.9021441973745823,16,14,101256,cpu,1.947505369782448,1.9344877526164053,1.9230754226446152,2.000456228852272,project://predictive_profile_confirmatory64_v1/runs/confirm_K5_i000511/gru/d128/n256/seed5/DONE.json,1.914118235902952,1.9129262460257896,1.9127540996446897,1.9127275506224544,0.0577126430879668,0.0877286782298174,-38.07537176988032
done,confirm_K5_i000511,GRU,256,1,256,29,1.9286916330456731,16,37,399112,cpu,1.931999348104,1.921787425875664,1.9484710544347763,1.937553808093071,project://predictive_profile_confirmatory64_v1/runs/confirm_K5_i000511/gru/d256/n256/seed1/DONE.json,1.914118235902952,1.9129262460257896,1.9127540996446897,1.9127275506224544,0.0102679846410583,0.0248262574706163,-3.994045286138201
done,confirm_K5_i000511,GRU,256,2,256,15,1.9238077402114868,16,23,399112,cpu,1.9182668328285215,1.941178180277348,1.959581471979618,1.9627660363912585,project://predictive_profile_confirmatory64_v1/runs/confirm_K5_i000511/gru/d256/n256/seed2/DONE.json,1.914118235902952,1.9129262460257896,1.9127540996446897,1.9127275506224544,0.0254501816031985,0.0500384857688036,-31.99804023727995
done,confirm_K5_i000511,GRU,256,3,256,15,1.928112454712391,16,23,399112,cpu,1.94978541880846,1.920833729207516,1.9345634505152705,1.9922316148877144,project://predictive_profile_confirmatory64_v1/runs/confirm_K5_i000511/gru/d256/n256/seed3/DONE.json,1.914118235902952,1.9129262460257896,1.9127540996446897,1.9127275506224544,0.050932363345652,0.0795040642652598,-30.5217842415678
done,confirm_K5_i000511,GRU,256,4,256,21,1.9270540699362757,16,29,399112,cpu,1.9503092244267464,1.93358813226223,1.948286719620228,1.8933526054024696,project://predictive_profile_confirmatory64_v1/runs/confirm_K5_i000511/gru/d256/n256/seed4/DONE.json,1.914118235902952,1.9129262460257896,1.9127540996446897,1.9127275506224544,0.0438900945020312,-0.0193749452199849,40.9557933941179
done,confirm_K5_i000511,GRU,256,5,256,12,1.9187843315303328,16,20,399112,cpu,1.8959362655878067,1.9549134820699687,1.951493687927723,1.9497273415327072,project://predictive_profile_confirmatory64_v1/runs/confirm_K5_i000511/gru/d256/n256/seed5/DONE.json,1.914118235902952,1.9129262460257896,1.9127540996446897,1.9127275506224544,0.0277169996383043,0.0369997909102526,-38.67954647918335
done,confirm_K5_i000511,Transformer,8,1,256,44,1.911035183817148,16,48,1064,cpu,1.9593718200922008,1.934685319662094,1.946696899831295,1.920902170240879,project://predictive_profile_confirmatory64_v1/runs/confirm_K5_i000511/transformer/d8/n256/seed1/DONE.json,1.914118235902952,1.9129262460257896,1.9127540996446897,1.9127275506224544,0.023576397807992,0.0081746196184244,27.66236933030132
done,confirm_K5_i000511,Transformer,8,2,256,48,1.9304204620420933,16,48,1064,cpu,1.952888794243336,1.9419067054986956,1.9506370425224304,1.8989640921354292,project://predictive_profile_confirmatory64_v1/runs/confirm_K5_i000511/transformer/d8/n256/seed2/DONE.json,1.914118235902952,1.9129262460257896,1.9127540996446897,1.9127275506224544,0.0425858433652497,-0.0137634584870252,38.77563303800425
done,confirm_K5_i000511,Transformer,8,3,256,32,1.934115719050169,16,40,1064,cpu,1.9403859600424769,1.9942817017436028,2.014324150979519,1.913261875510216,project://predictive_profile_confirmatory64_v1/runs/confirm_K5_i000511/transformer/d8/n256/seed3/DONE.json,1.914118235902952,1.9129262460257896,1.9127540996446897,1.9127275506224544,0.065959231810994,0.0005343248877611,19.504114203730563
done,confirm_K5_i000511,Transformer,8,4,256,32,1.9039654023945327,16,40,1064,cpu,1.8996610566973688,1.9157248213887212,1.90635434538126,1.9469614550471304,project://predictive_profile_confirmatory64_v1/runs/confirm_K5_i000511/transformer/d8/n256/seed4/DONE.json,1.914118235902952,1.9129262460257896,1.9127540996446897,1.9127275506224544,0.0353910149497386,0.034233904424676,-34.01229524257082
done,confirm_K5_i000511,Transformer,8,5,256,40,1.9277761429548264,16,48,1064,cpu,1.9299855679273603,1.9053208753466608,1.902827635407448,1.9466572552919388,project://predictive_profile_confirmatory64_v1/runs/confirm_K5_i000511/transformer/d8/n256/seed5/DONE.json,1.914118235902952,1.9129262460257896,1.9127540996446897,1.9127275506224544,0.0315229096886685,0.0339297046694841,-11.988109458252088
done,confirm_K5_i000511,Transformer,32,1,256,9,1.925124425441027,16,17,13448,cpu,1.969597510993481,1.8952204212546349,1.9231940358877184,1.8761696815490725,project://predictive_profile_confirmatory64_v1/runs/confirm_K5_i000511/transformer/d32/n256/seed1/DONE.json,1.914118235902952,1.9129262460257896,1.9127540996446897,1.9127275506224544,0.0525238735833073,-0.0365578690733823,67.18114497553195
done,confirm_K5_i000511,Transformer,32,2,256,21,1.923559233546257,16,29,13448,cpu,1.925085499882698,1.9437595903873444,1.90864809602499,1.9222951382398603,project://predictive_profile_confirmatory64_v1/runs/confirm_K5_i000511/transformer/d32/n256/seed2/DONE.json,1.914118235902952,1.9129262460257896,1.9127540996446897,1.9127275506224544,0.01266055489641,0.0095675876174059,2.006465216803241
done,confirm_K5_i000511,Transformer,32,3,256,9,1.9113918952643871,16,17,13448,cpu,1.946126103401184,1.9213256314396856,1.945355981588364,1.9943262413144112,project://predictive_profile_confirmatory64_v1/runs/confirm_K5_i000511/transformer/d32/n256/seed3/DONE.json,1.914118235902952,1.9129262460257896,1.9127540996446897,1.9127275506224544,0.0505422479361021,0.0815986906919565,-34.659270928646656
done,confirm_K5_i000511,Transformer,32,4,256,19,1.9191684201359749,16,27,13448,cpu,1.8961962908506396,1.9210827723145485,1.93054361641407,1.947286620736122,project://predictive_profile_confirmatory64_v1/runs/confirm_K5_i000511/transformer/d32/n256/seed4/DONE.json,1.914118235902952,1.9129262460257896,1.9127540996446897,1.9127275506224544,0.0305473779261204,0.0345590701136675,-36.73752113578394
done,confirm_K5_i000511,Transformer,32,5,256,22,1.925778981298208,16,30,13448,cpu,1.9836925268173216,1.88250033557415,1.913695991039276,1.9139870926737783,project://predictive_profile_confirmatory64_v1/runs/confirm_K5_i000511/transformer/d32/n256/seed5/DONE.json,1.914118235902952,1.9129262460257896,1.9127540996446897,1.9127275506224544,0.0376529338647015,0.0012595420513239,50.12308328929117
done,confirm_K5_i000511,Transformer,128,1,256,15,1.9339530803263187,16,23,201224,cpu,1.9682904034852984,1.9243457540869715,1.9388766437768936,1.9637956842780115,project://predictive_profile_confirmatory64_v1/runs/confirm_K5_i000511/transformer/d128/n256/seed1/DONE.json,1.914118235902952,1.9129262460257896,1.9127540996446897,1.9127275506224544,0.0234730216142341,0.0510681336555567,3.232017531443539
done,confirm_K5_i000511,Transformer,128,2,256,17,1.9426445662975311,16,25,201224,cpu,1.931318551301956,1.965014345943928,1.9359043091535568,1.939668953418732,project://predictive_profile_confirmatory64_v1/runs/confirm_K5_i000511/transformer/d128/n256/seed2/DONE.json,1.914118235902952,1.9129262460257896,1.9127540996446897,1.9127275506224544,0.0136163349176863,0.0269414027962771,-6.004523261935412
done,confirm_K5_i000511,Transformer,128,3,256,25,1.8990655653178687,16,33,201224,cpu,1.976608656346798,2.002123773097992,1.9049179404973984,2.0090693160891533,project://predictive_profile_confirmatory64_v1/runs/confirm_K5_i000511/transformer/d128/n256/seed3/DONE.json,1.914118235902952,1.9129262460257896,1.9127540996446897,1.9127275506224544,0.0548862316045011,0.0963417654666987,-23.341485091978704
done,confirm_K5_i000511,Transformer,128,4,256,12,1.9107087180018425,16,20,201224,cpu,1.956053584814072,1.9537774994969368,2.040260799229145,1.9290369749069212,project://predictive_profile_confirmatory64_v1/runs/confirm_K5_i000511/transformer/d128/n256/seed4/DONE.json,1.914118235902952,1.9129262460257896,1.9127540996446897,1.9127275506224544,0.0583605676526123,0.0163094242844668,19.4268324300483
done,confirm_K5_i000511,Transformer,128,5,256,24,1.917629074305296,16,32,201224,cpu,1.886668048799038,1.9526706486940384,1.9414698258042336,1.947746992111206,project://predictive_profile_confirmatory64_v1/runs/confirm_K5_i000511/transformer/d128/n256/seed5/DONE.json,1.914118235902952,1.9129262460257896,1.9127540996446897,1.9127275506224544,0.0314822036300072,0.0350194414887514,-43.9200329281828
done,confirm_K5_i000511,Transformer,256,1,256,12,1.9426042586565015,16,20,795656,cpu,1.9080747738480568,1.953613445162773,1.948236793279648,1.9848363101482391,project://predictive_profile_confirmatory64_v1/runs/confirm_K5_i000511/transformer/d256/n256/seed1/DONE.json,1.914118235902952,1.9129262460257896,1.9127540996446897,1.9127275506224544,0.0459253549194283,0.0721087595257845,-55.19691433905774
done,confirm_K5_i000511,Transformer,256,2,256,16,1.935340117663145,16,24,795656,cpu,1.921819478273392,1.9614192694425585,1.9510821178555489,1.8998753055930135,project://predictive_profile_confirmatory64_v1/runs/confirm_K5_i000511/transformer/d256/n256/seed2/DONE.json,1.914118235902952,1.9129262460257896,1.9127540996446897,1.9127275506224544,0.0412465366739468,-0.0128522450294408,15.779395229188973
done,confirm_K5_i000511,Transformer,256,3,256,6,1.9298241138458248,16,14,795656,cpu,1.9432443529367447,1.9690264090895653,1.9467027261853216,1.9429724141955376,project://predictive_profile_confirmatory64_v1/runs/confirm_K5_i000511/transformer/d256/n256/seed3/DONE.json,1.914118235902952,1.9129262460257896,1.9127540996446897,1.9127275506224544,0.0130715910058069,0.0302448635730829,0.1955429779985408
done,confirm_K5_i000511,Transformer,256,4,256,12,1.896632552146912,16,20,795656,cpu,1.942069821059704,2.0142511278390884,1.9968506395816803,1.9874590262770653,project://predictive_profile_confirmatory64_v1/runs/confirm_K5_i000511/transformer/d256/n256/seed4/DONE.json,1.914118235902952,1.9129262460257896,1.9127540996446897,1.9127275506224544,0.027309667862891,0.0747314756546106,-32.63801368569875
done,confirm_K5_i000511,Transformer,256,5,256,9,1.94541559368372,16,17,795656,cpu,1.9501587226986885,1.9474726989865303,1.9882657304406168,1.9408938884735107,project://predictive_profile_confirmatory64_v1/runs/confirm_K5_i000511/transformer/d256/n256/seed5/DONE.json,1.914118235902952,1.9129262460257896,1.9127540996446897,1.9127275506224544,0.0242089077327513,0.0281663378510561,6.662063915616195
done,confirm_K5_i000246,GRU,8,1,256,47,1.064741654321551,16,48,576,cpu,0.984616920351982,1.0514417812228205,1.0497130416333675,1.0438137538731098,project://predictive_profile_confirmatory64_v1/runs/confirm_K5_i000246/gru/d8/n256/seed1/DONE.json,1.0344651570009795,1.0269224428647448,1.023309567462301,1.0211877681870805,0.0362986470362953,0.0226259856860293,-4.458469534247515
done,confirm_K5_i000246,GRU,8,2,256,48,0.9988890010863544,16,48,576,cpu,1.0760744027793407,1.0160352103412151,1.0324380360543728,0.9955259077250956,project://predictive_profile_confirmatory64_v1/runs/confirm_K5_i000246/gru/d8/n256/seed2/DONE.json,1.0344651570009795,1.0269224428647448,1.023309567462301,1.0211877681870805,0.0385812725334754,-0.0256618604619847,6.066591570318787
done,confirm_K5_i000246,GRU,8,3,256,46,1.091380825266242,16,48,576,cpu,1.0285394862294197,1.073579091578722,1.0968661941587925,1.0717439539730549,project://predictive_profile_confirmatory64_v1/runs/confirm_K5_i000246/gru/d8/n256/seed3/DONE.json,1.0344651570009795,1.0269224428647448,1.023309567462301,1.0211877681870805,0.030554978283579,0.0505561857859744,-3.2539882916140708
done,confirm_K5_i000246,GRU,8,4,256,47,1.0474663693457842,16,48,576,cpu,1.0388863198459148,0.9928270541131496,1.0995642766356468,1.148796133697033,project://predictive_profile_confirmatory64_v1/runs/confirm_K5_i000246/gru/d8/n256/seed4/DONE.json,1.0344651570009795,1.0269224428647448,1.023309567462301,1.0211877681870805,0.1048336647526085,0.1276083655099524,-8.277969063921823
done,confirm_K5_i000246,GRU,8,5,256,48,1.0453735832124949,16,48,576,cpu,1.0928384773433208,1.0616491436958313,1.0579983107745647,1.066686648875475,project://predictive_profile_confirmatory64_v1/runs/confirm_K5_i000246/gru/d8/n256/seed5/DONE.json,1.0344651570009795,1.0269224428647448,1.023309567462301,1.0211877681870805,0.0099831123074436,0.0454988806883944,1.969651475482108
done,confirm_K5_i000246,GRU,32,1,256,32,1.051552316173911,16,40,6888,cpu,1.0898551493883133,1.070007462054491,0.9950392916798592,1.0015319176018238,project://predictive_profile_confirmatory64_v1/runs/confirm_K5_i000246/gru/d32/n256/seed1/DONE.json,1.0344651570009795,1.0269224428647448,1.023309567462301,1.0211877681870805,0.0490981252418778,-0.0196558505852566,6.652153749842047
done,confirm_K5_i000246,GRU,32,2,256,46,0.9968876838684082,16,48,6888,cpu,1.0924672335386276,1.0866077803075314,1.027801025658846,1.0564409792423248,project://predictive_profile_confirmatory64_v1/runs/confirm_K5_i000246/gru/d32/n256/seed2/DONE.json,1.0344651570009795,1.0269224428647448,1.023309567462301,1.0211877681870805,0.0226976051572244,0.0352532110552443,2.713353868088108
done,confirm_K5_i000246,GRU,32,3,256,27,1.0244996529072523,16,35,6888,cpu,1.0388196296989918,1.0808824300765991,1.1107233241200447,0.9817837774753572,project://predictive_profile_confirmatory64_v1/runs/confirm_K5_i000246/gru/d32/n256/seed3/DONE.json,1.0344651570009795,1.0269224428647448,1.023309567462301,1.0211877681870805,0.0817226659831308,-0.0394039907117234,4.295713036883303
done,confirm_K5_i000246,GRU,32,4,256,31,1.074117686599493,16,39,6888,cpu,1.0689420476555824,1.0064575672149658,1.0842210613191128,1.0273623764514923,project://predictive_profile_confirmatory64_v1/runs/confirm_K5_i000246/gru/d32/n256/seed4/DONE.json,1.0344651570009795,1.0269224428647448,1.023309567462301,1.0211877681870805,0.0335663817534152,0.0061746082644118,3.131615092913722
done,confirm_K5_i000246,GRU,32,5,256,39,0.9955495968461036,16,47,6888,cpu,1.0217017456889153,1.0559084191918373,1.076943926513195,1.057424679398537,project://predictive_profile_confirmatory64_v1/runs/confirm_K5_i000246/gru/d32/n256/seed5/DONE.json,1.0344651570009795,1.0269224428647448,1.023309567462301,1.0211877681870805,0.0262501374064607,0.0362369112114562,-2.690508970576043
done,confirm_K5_i000246,GRU,128,1,256,14,1.0482065211981535,16,22,101256,cpu,1.050354529172182,1.0268752202391624,1.0857407711446283,1.0556133799254894,project://predictive_profile_confirmatory64_v1/runs/confirm_K5_i000246/gru/d128/n256/seed1/DONE.json,1.0344651570009795,1.0269224428647448,1.023309567462301,1.0211877681870805,0.0240638819941282,0.0344256117384089,-0.3960756762506091
done,confirm_K5_i000246,GRU,128,2,256,27,1.068117743358016,16,35,101256,cpu,1.1174931526184082,1.019107036292553,1.0350208058953283,1.0108427181839943,project://predictive_profile_confirmatory64_v1/runs/confirm_K5_i000246/gru/d128/n256/seed2/DONE.json,1.0344651570009795,1.0269224428647448,1.023309567462301,1.0211877681870805,0.0479880313305183,-0.0103450500030861,8.032485598581696
done,confirm_K5_i000246,GRU,128,3,256,7,1.0212879851460457,16,15,101256,cpu,1.0632303059101105,1.0098158568143845,1.0712840259075165,0.9830471202731133,project://predictive_profile_confirmatory64_v1/runs/confirm_K5_i000246/gru/d128/n256/seed3/DONE.json,1.0344651570009795,1.0269224428647448,1.023309567462301,1.0211877681870805,0.0555306873500344,-0.0381406479139672,6.0390779211843
done,confirm_K5_i000246,GRU,128,4,256,21,0.991527322679758,16,29,101256,cpu,1.0088097639381886,1.0373762100934982,1.1199646778404713,0.9694019965827464,project://predictive_profile_confirmatory64_v1/runs/confirm_K5_i000246/gru/d128/n256/seed4/DONE.json,1.0344651570009795,1.0269224428647448,1.023309567462301,1.0211877681870805,0.0815341221830214,-0.0517857716043339,2.96803595253527
done,confirm_K5_i000246,GRU,128,5,256,14,1.0533420983701944,16,22,101256,cpu,1.0856161266565325,1.0650649592280388,0.9770463407039642,1.007398657500744,project://predictive_profile_confirmatory64_v1/runs/confirm_K5_i000246/gru/d128/n256/seed5/DONE.json,1.0344651570009795,1.0269224428647448,1.023309567462301,1.0211877681870805,0.044633720821512,-0.0137891106863365,5.891027991430715
done,confirm_K5_i000246,GRU,256,1,256,12,1.0642385054379702,16,20,399112,cpu,1.0440686009824276,0.9757848083972932,1.0551877468824389,1.141770016402006,project://predictive_profile_confirmatory64_v1/runs/confirm_K5_i000246/gru/d256/n256/seed1/DONE.json,1.0344651570009795,1.0269224428647448,1.023309567462301,1.0211877681870805,0.1114365569710995,0.1205822482149256,-7.3584811583812755
done,confirm_K5_i000246,GRU,256,2,256,48,1.0682944115251305,16,48,399112,cpu,1.052070491015911,1.002962950617075,0.9906360134482384,1.0520133189857006,project://predictive_profile_confirmatory64_v1/runs/confirm_K5_i000246/gru/d256/n256/seed2/DONE.json,1.0344651570009795,1.0269224428647448,1.023309567462301,1.0211877681870805,0.0424508874624654,0.0308255507986201,0.0043059694200297
done,confirm_K5_i000246,GRU,256,3,256,15,1.0690665766596794,16,23,399112,cpu,1.0500466525554657,1.018898729234934,1.00391336530447,1.0349615216255188,project://predictive_profile_confirmatory64_v1/runs/confirm_K5_i000246/gru/d256/n256/seed3/DONE.json,1.0344651570009795,1.0269224428647448,1.023309567462301,1.0211877681870805,0.0198660731928079,0.0137737534384383,1.1361519302767915
done,confirm_K5_i000246,GRU,256,4,256,23,1.0695420764386654,16,31,399112,cpu,1.050537284463644,0.9938364066183568,0.9357612058520316,1.0434675253927708,project://predictive_profile_confirmatory64_v1/runs/confirm_K5_i000246/gru/d256/n256/seed4/DONE.json,1.0344651570009795,1.0269224428647448,1.023309567462301,1.0211877681870805,0.0615754038441024,0.0222797572056903,0.5324660722048361
done,confirm_K5_i000246,GRU,256,5,256,14,1.0754831414669752,16,22,399112,cpu,1.0955805480480194,0.9586261473596096,1.019166175276041,0.95290132984519,project://predictive_profile_confirmatory64_v1/runs/confirm_K5_i000246/gru/d256/n256/seed5/DONE.json,1.0344651570009795,1.0269224428647448,1.023309567462301,1.0211877681870805,0.0722135096718211,-0.0682864383418904,10.746029976426511
done,confirm_K5_i000246,Transformer,8,1,256,47,0.9849888533353806,16,48,1064,cpu,1.006707899272442,1.031035792082548,0.9911084845662116,0.9982604086399078,project://predictive_profile_confirmatory64_v1/runs/confirm_K5_i000246/transformer/d8/n256/seed1/DONE.json,1.0344651570009795,1.0269224428647448,1.023309567462301,1.0211877681870805,0.0144959459134859,-0.0229273595471726,0.63623132160527
done,confirm_K5_i000246,Transformer,8,2,256,48,1.0027225110679865,16,48,1064,cpu,1.01016029343009,0.9784629680216312,1.0367616340517998,1.0302290506660938,project://predictive_profile_confirmatory64_v1/runs/confirm_K5_i000246/transformer/d8/n256/seed2/DONE.json,1.0344651570009795,1.0269224428647448,1.023309567462301,1.0211877681870805,0.0333082480981396,0.0090412824790133,-1.5114987982422765
done,confirm_K5_i000246,Transformer,8,3,256,47,1.059350162744522,16,48,1064,cpu,0.9886753670871258,0.9907605685293674,1.0831400491297245,1.0758040510118008,project://predictive_profile_confirmatory64_v1/runs/confirm_K5_i000246/transformer/d8/n256/seed3/DONE.json,1.0344651570009795,1.0269224428647448,1.023309567462301,1.0211877681870805,0.0677296853856166,0.0546162828247203,-6.562185166519096
done,confirm_K5_i000246,Transformer,8,4,256,46,1.070526123046875,16,48,1064,cpu,1.0715079493820667,1.0221292786300182,1.0495901629328728,1.0608061626553535,project://predictive_profile_confirmatory64_v1/runs/confirm_K5_i000246/transformer/d8/n256/seed4/DONE.json,1.0344651570009795,1.0269224428647448,1.023309567462301,1.0211877681870805,0.0232213110883331,0.039618394468273,0.8060159174905172
done,confirm_K5_i000246,Transformer,8,5,256,41,1.0180935468524694,16,48,1064,cpu,1.0564563162624836,1.0577165000140667,1.1168429031968117,1.020539976656437,project://predictive_profile_confirmatory64_v1/runs/confirm_K5_i000246/transformer/d8/n256/seed5/DONE.json,1.0344651570009795,1.0269224428647448,1.023309567462301,1.0211877681870805,0.0509195362172474,-0.0006477915306435,2.7050755317528
done,confirm_K5_i000246,Transformer,32,1,256,33,1.029032338410616,16,41,13448,cpu,0.9590979032218456,1.1547851376235485,1.009875301271677,1.07682766020298,project://predictive_profile_confirmatory64_v1/runs/confirm_K5_i000246/transformer/d32/n256/seed1/DONE.json,1.0344651570009795,1.0269224428647448,1.023309567462301,1.0211877681870805,0.0823866567129372,0.0556398920158995,-8.866936009126459
done,confirm_K5_i000246,Transformer,32,2,256,13,1.0148117747157812,16,21,13448,cpu,1.0533258207142353,1.009452871978283,1.0702641569077969,1.1200684159994123,project://predictive_profile_confirmatory64_v1/runs/confirm_K5_i000246/transformer/d32/n256/seed2/DONE.json,1.0344651570009795,1.0269224428647448,1.023309567462301,1.0211877681870805,0.0752277986916898,0.098880647812332,-5.026786231891442
done,confirm_K5_i000246,Transformer,32,3,256,19,1.0872558373957872,16,27,13448,cpu,1.0467583239078522,1.0437357872724533,1.0112854316830635,1.0608166866004467,project://predictive_profile_confirmatory64_v1/runs/confirm_K5_i000246/transformer/d32/n256/seed3/DONE.json,1.0344651570009795,1.0269224428647448,1.023309567462301,1.0211877681870805,0.0313681037642398,0.0396289184133662,-1.058819839476112
done,confirm_K5_i000246,Transformer,32,4,256,25,1.021556654945016,16,33,13448,cpu,0.9824040867388248,1.075255274772644,0.9946414269506932,0.9839706383645536,project://predictive_profile_confirmatory64_v1/runs/confirm_K5_i000246/transformer/d32/n256/seed4/DONE.json,1.0344651570009795,1.0269224428647448,1.023309567462301,1.0211877681870805,0.0436240293247048,-0.037217129822527,-0.1179864239637771
done,confirm_K5_i000246,Transformer,32,5,256,27,1.1066436171531675,16,35,13448,cpu,1.0910749100148678,1.0860857293009758,0.9877957850694656,1.083362128585577,project://predictive_profile_confirmatory64_v1/runs/confirm_K5_i000246/transformer/d32/n256/seed5/DONE.json,1.0344651570009795,1.0269224428647448,1.023309567462301,1.0211877681870805,0.0489464111650964,0.0621743603984965,0.5808959530669814
done,confirm_K5_i000246,Transformer,128,1,256,6,1.019557859748602,16,14,201224,cpu,1.1031904630362988,1.103469651192427,1.1240441612899303,1.0829773731529713,project://predictive_profile_confirmatory64_v1/runs/confirm_K5_i000246/transformer/d128/n256/seed1/DONE.json,1.0344651570009795,1.0269224428647448,1.023309567462301,1.0211877681870805,0.021110441514505,0.0617896049658908,1.5223693579092887
done,confirm_K5_i000246,Transformer,128,2,256,5,1.0516894329339266,16,13,201224,cpu,1.0957436375319958,1.0447432436048985,1.0381986796855929,1.0732897333800793,project://predictive_profile_confirmatory64_v1/runs/confirm_K5_i000246/transformer/d128/n256/seed2/DONE.json,1.0344651570009795,1.0269224428647448,1.023309567462301,1.0211877681870805,0.0257109076859264,0.0521019651929988,1.6911385564314625
done,confirm_K5_i000246,Transformer,128,3,256,20,1.0333318058401346,16,28,201224,cpu,1.0027032904326916,1.020531378686428,1.076187435537577,1.0752416662871838,project://predictive_profile_confirmatory64_v1/runs/confirm_K5_i000246/transformer/d128/n256/seed3/DONE.json,1.0344651570009795,1.0269224428647448,1.023309567462301,1.0211877681870805,0.0524864791567305,0.0540538981001033,-5.463301321609068
done,confirm_K5_i000246,Transformer,128,4,256,11,1.0082785654813051,16,19,201224,cpu,1.0233739614486694,1.0339673273265362,1.055586714297533,1.0469472780823708,project://predictive_profile_confirmatory64_v1/runs/confirm_K5_i000246/transformer/d128/n256/seed4/DONE.json,1.0344651570009795,1.0269224428647448,1.023309567462301,1.0211877681870805,0.0209206314937125,0.0257595098952903,-1.7754482424303386
done,confirm_K5_i000246,Transformer,128,5,256,12,0.9824889022856952,16,20,201224,cpu,1.019740518182516,1.1211928091943264,1.0882027558982372,1.0254752300679684,project://predictive_profile_confirmatory64_v1/runs/confirm_K5_i000246/transformer/d128/n256/seed5/DONE.json,1.0344651570009795,1.0269224428647448,1.023309567462301,1.0211877681870805,0.0550714017374043,0.0042874618808879,-0.4319156398771006
done,confirm_K5_i000246,Transformer,256,1,256,12,1.047547345981002,16,20,795656,cpu,1.000530008226633,1.0369486510753632,1.0268858596682549,1.0817100331187248,project://predictive_profile_confirmatory64_v1/runs/confirm_K5_i000246/transformer/d256/n256/seed1/DONE.json,1.0344651570009795,1.0269224428647448,1.023309567462301,1.0211877681870805,0.0606524907940161,0.0605222649316443,-6.11415588034228
done,confirm_K5_i000246,Transformer,256,2,256,23,1.1083385664969685,16,31,795656,cpu,1.055871807038784,1.0562985390424728,1.0917975530028343,0.992549229413271,project://predictive_profile_confirmatory64_v1/runs/confirm_K5_i000246/transformer/d256/n256/seed2/DONE.json,1.0344651570009795,1.0269224428647448,1.023309567462301,1.0211877681870805,0.0618542248297052,-0.0286385387738095,4.769204134417275
done,confirm_K5_i000246,Transformer,256,3,256,19,0.9851024113595486,16,27,795656,cpu,1.0551568754017353,0.9660095535218716,1.0428680442273617,1.0248370729386806,project://predictive_profile_confirmatory64_v1/runs/confirm_K5_i000246/transformer/d256/n256/seed3/DONE.json,1.0344651570009795,1.0269224428647448,1.023309567462301,1.0211877681870805,0.0343213582315562,0.0036493047516001,2.2835666626946427
done,confirm_K5_i000246,Transformer,256,4,256,26,1.0617320463061333,16,34,795656,cpu,1.0823785848915577,1.072782777249813,1.0476711355149746,1.0571871958673,project://predictive_profile_confirmatory64_v1/runs/confirm_K5_i000246/transformer/d256/n256/seed4/DONE.json,1.0344651570009795,1.0269224428647448,1.023309567462301,1.0211877681870805,0.0096775598521091,0.0359994276802195,1.8973150050322216
done,confirm_K5_i000246,Transformer,256,5,256,5,1.0951112462207675,16,13,795656,cpu,1.1055835150182247,1.0697021707892418,1.0267967879772186,1.14076704159379,project://predictive_profile_confirmatory64_v1/runs/confirm_K5_i000246/transformer/d256/n256/seed5/DONE.json,1.0344651570009795,1.0269224428647448,1.023309567462301,1.0211877681870805,0.0736953106569371,0.1195792734067096,-2.6498829753885382
done,confirm_K5_i000807,GRU,8,1,256,47,1.6970751658082008,16,48,576,cpu,1.7207223996520042,1.6928955167531967,1.7063454389572144,1.7488923147320747,project://predictive_profile_confirmatory64_v1/runs/confirm_K5_i000807/gru/d8/n256/seed1/DONE.json,1.66241229049339,1.6601688842786495,1.6599375311887845,1.6599069349134836,0.0384670638630181,0.0889853798185911,-11.24387903497637
done,confirm_K5_i000807,GRU,8,2,256,46,1.691331896930933,16,48,576,cpu,1.707839697599411,1.6452696695923803,1.6089574098587036,1.6855847612023354,project://predictive_profile_confirmatory64_v1/runs/confirm_K5_i000807/gru/d8/n256/seed2/DONE.json,1.66241229049339,1.6601688842786495,1.6599375311887845,1.6599069349134836,0.0444774750011101,0.0256778262888517,8.882945229637706
done,confirm_K5_i000807,GRU,8,3,256,47,1.7102501206099987,16,48,576,cpu,1.7147987484931946,1.642060570418835,1.6197433546185491,1.587353952229023,project://predictive_profile_confirmatory64_v1/runs/confirm_K5_i000807/gru/d8/n256/seed3/DONE.json,1.66241229049339,1.6601688842786495,1.6599375311887845,1.6599069349134836,0.0700378078880621,-0.0725529826844606,50.868945424878
done,confirm_K5_i000807,GRU,8,4,256,48,1.703288700431585,16,48,576,cpu,1.7075040861964226,1.644646555185318,1.7095382288098335,1.686045616865158,project://predictive_profile_confirmatory64_v1/runs/confirm_K5_i000807/gru/d8/n256/seed4/DONE.json,1.66241229049339,1.6601688842786495,1.6599375311887845,1.6599069349134836,0.0257163690158332,0.0261386819516744,8.565039431275576
done,confirm_K5_i000807,GRU,8,5,256,47,1.7027668058872223,16,48,576,cpu,1.668630838394165,1.7090054377913475,1.702391430735588,1.6263415142893791,project://predictive_profile_confirmatory64_v1/runs/confirm_K5_i000807/gru/d8/n256/seed5/DONE.json,1.66241229049339,1.6601688842786495,1.6599375311887845,1.6599069349134836,0.0594806408264022,-0.0335654206241045,16.8795696882141
done,confirm_K5_i000807,GRU,32,1,256,27,1.698372408747673,16,35,6888,cpu,1.6987426355481148,1.6464718133211136,1.6953177228569984,1.660511963069439,project://predictive_profile_confirmatory64_v1/runs/confirm_K5_i000807/gru/d32/n256/seed1/DONE.json,1.66241229049339,1.6601688842786495,1.6599375311887845,1.6599069349134836,0.0259333776428851,0.0006050281559553,15.259579432674514
done,confirm_K5_i000807,GRU,32,2,256,28,1.6762647479772568,16,36,6888,cpu,1.7138644233345983,1.6690080761909485,1.6681228056550026,1.6534965336322784,project://predictive_profile_confirmatory64_v1/runs/confirm_K5_i000807/gru/d32/n256/seed2/DONE.json,1.66241229049339,1.6601688842786495,1.6599375311887845,1.6599069349134836,0.0307963337840674,-0.0064104012812051,24.09553765001922
done,confirm_K5_i000807,GRU,32,3,256,41,1.682196673005819,16,48,6888,cpu,1.7169469520449638,1.7187399715185163,1.6930214017629623,1.739308848977089,project://predictive_profile_confirmatory64_v1/runs/confirm_K5_i000807/gru/d32/n256/seed3/DONE.json,1.66241229049339,1.6601688842786495,1.6599375311887845,1.6599069349134836,0.0282739489033022,0.0794019140636053,-8.925637985870509
done,confirm_K5_i000807,GRU,32,4,256,40,1.6503454595804214,16,48,6888,cpu,1.6320640370249748,1.6488691717386246,1.5790177807211876,1.6790180206298828,project://predictive_profile_confirmatory64_v1/runs/confirm_K5_i000807/gru/d32/n256/seed4/DONE.json,1.66241229049339,1.6601688842786495,1.6599375311887845,1.6599069349134836,0.0578299469800484,0.0191110857163991,-18.741444919631896
done,confirm_K5_i000807,GRU,32,5,256,10,1.7436786741018295,16,18,6888,cpu,1.7607790678739548,1.647958092391491,1.6403833404183388,1.745045192539692,project://predictive_profile_confirmatory64_v1/runs/confirm_K5_i000807/gru/d32/n256/seed5/DONE.json,1.66241229049339,1.6601688842786495,1.6599375311887845,1.6599069349134836,0.0717849913410411,0.0851382576262083,6.280096709805457
done,confirm_K5_i000807,GRU,128,1,256,21,1.6472695618867874,16,29,101256,cpu,1.6037510558962822,1.638052448630333,1.6940470337867737,1.6886095851659777,project://predictive_profile_confirmatory64_v1/runs/confirm_K5_i000807/gru/d128/n256/seed1/DONE.json,1.66241229049339,1.6601688842786495,1.6599375311887845,1.6599069349134836,0.0506069706663381,0.0287026502524938,-33.87085248508558
done,confirm_K5_i000807,GRU,128,2,256,22,1.686539102345705,16,30,101256,cpu,1.6960713863372805,1.667282484471798,1.6973383575677872,1.6563686802983284,project://predictive_profile_confirmatory64_v1/runs/confirm_K5_i000807/gru/d128/n256/seed2/DONE.json,1.66241229049339,1.6601688842786495,1.6599375311887845,1.6599069349134836,0.0281651968068592,-0.0035382546151552,15.847134178229249
done,confirm_K5_i000807,GRU,128,3,256,42,1.6726205460727217,16,48,101256,cpu,1.6396516114473343,1.6514439433813095,1.646586872637272,1.63706573843956,project://predictive_profile_confirmatory64_v1/runs/confirm_K5_i000807/gru/d128/n256/seed3/DONE.json,1.66241229049339,1.6601688842786495,1.6599375311887845,1.6599069349134836,0.0085050788446718,-0.0228411964739236,1.0321381238310987
done,confirm_K5_i000807,GRU,128,4,256,19,1.7096713297069073,16,27,101256,cpu,1.654552862048149,1.6899633556604383,1.6489249616861343,1.6383265256881714,project://predictive_profile_confirmatory64_v1/runs/confirm_K5_i000807/gru/d128/n256/seed4/DONE.json,1.66241229049339,1.6601688842786495,1.6599375311887845,1.6599069349134836,0.0271077613764252,-0.0215804092253122,6.476660035851684
done,confirm_K5_i000807,GRU,128,5,256,10,1.6763325780630112,16,18,101256,cpu,1.718354620039463,1.669086292386055,1.6670171171426773,1.7043150663375854,project://predictive_profile_confirmatory64_v1/runs/confirm_K5_i000807/gru/d128/n256/seed5/DONE.json,1.66241229049339,1.6601688842786495,1.6599375311887845,1.6599069349134836,0.0263915207726868,0.0444081314241018,5.603816805278467
done,confirm_K5_i000807,GRU,256,1,256,28,1.677131239324808,16,36,399112,cpu,1.6362119242548945,1.6984207779169085,1.6653964817523956,1.687366247177124,project://predictive_profile_confirmatory64_v1/runs/confirm_K5_i000807/gru/d256/n256/seed1/DONE.json,1.66241229049339,1.6601688842786495,1.6599375311887845,1.6599069349134836,0.0294951556387335,0.0274593122636404,-20.41798910003072
done,confirm_K5_i000807,GRU,256,2,256,17,1.6814909093081951,16,25,399112,cpu,1.6899355053901672,1.6626130789518356,1.6566066816449163,1.662436880171299,project://predictive_profile_confirmatory64_v1/runs/confirm_K5_i000807/gru/d256/n256/seed2/DONE.json,1.66241229049339,1.6601688842786495,1.6599375311887845,1.6599069349134836,0.0128356904383446,0.0025299452578153,10.975937084306308
done,confirm_K5_i000807,GRU,256,3,256,25,1.6879842430353165,16,33,399112,cpu,1.650948166847229,1.7207399383187294,1.648670732975006,1.6529499292373655,project://predictive_profile_confirmatory64_v1/runs/confirm_K5_i000807/gru/d256/n256/seed3/DONE.json,1.66241229049339,1.6601688842786495,1.6599375311887845,1.6599069349134836,0.0339076955614352,-0.0069570056761179,-0.7989933270116949
done,confirm_K5_i000807,GRU,256,4,256,24,1.7156275399029255,16,32,399112,cpu,1.6851264089345932,1.7077833861112597,1.6972559615969658,1.705290570855141,project://predictive_profile_confirmatory64_v1/runs/confirm_K5_i000807/gru/d256/n256/seed4/DONE.json,1.66241229049339,1.6601688842786495,1.6599375311887845,1.6599069349134836,0.0120823355215786,0.045383635941657,-8.04842317883712
done,confirm_K5_i000807,GRU,256,5,256,18,1.685555625706911,16,26,399112,cpu,1.7090575993061066,1.6176500171422958,1.6267338618636131,1.7007696628570557,project://predictive_profile_confirmatory64_v1/runs/confirm_K5_i000807/gru/d256/n256/seed5/DONE.json,1.66241229049339,1.6601688842786495,1.6599375311887845,1.6599069349134836,0.0558385168229606,0.040862727943572,3.308087888011721
done,confirm_K5_i000807,Transformer,8,1,256,43,1.621319204568863,16,48,1064,cpu,1.6845819279551506,1.6727712377905846,1.6336414515972135,1.682833842933178,project://predictive_profile_confirmatory64_v1/runs/confirm_K5_i000807/transformer/d8/n256/seed1/DONE.json,1.66241229049339,1.6601688842786495,1.6599375311887845,1.6599069349134836,0.0251499124941834,0.0229269080196943,0.6977392893818183
done,confirm_K5_i000807,Transformer,8,2,256,46,1.6720495149493215,16,48,1064,cpu,1.6520855873823166,1.686412051320076,1.6686136573553083,1.6575374528765678,project://predictive_profile_confirmatory64_v1/runs/confirm_K5_i000807/transformer/d8/n256/seed2/DONE.json,1.66241229049339,1.6601688842786495,1.6599375311887845,1.6599069349134836,0.0158430309212542,-0.0023694820369157,-2.1760845198887737
done,confirm_K5_i000807,Transformer,8,3,256,45,1.6344541758298874,16,48,1064,cpu,1.7603730335831642,1.6816173866391182,1.6988164260983467,1.6731454730033877,project://predictive_profile_confirmatory64_v1/runs/confirm_K5_i000807/transformer/d8/n256/seed3/DONE.json,1.66241229049339,1.6601688842786495,1.6599375311887845,1.6599069349134836,0.0444485191856922,0.0132385380899038,34.81643934272835
done,confirm_K5_i000807,Transformer,8,4,256,48,1.7033528871834278,16,48,1064,cpu,1.6747220382094383,1.7078898400068283,1.7429536655545237,1.6326496303081512,project://predictive_profile_confirmatory64_v1/runs/confirm_K5_i000807/transformer/d8/n256/seed4/DONE.json,1.66241229049339,1.6601688842786495,1.6599375311887845,1.6599069349134836,0.0695476859689617,-0.0272573046053323,16.792988683410403
done,confirm_K5_i000807,Transformer,8,5,256,37,1.702357977628708,16,45,1064,cpu,1.6533544063568115,1.7040702775120735,1.6962744742631912,1.6594294980168345,project://predictive_profile_confirmatory64_v1/runs/confirm_K5_i000807/transformer/d8/n256/seed5/DONE.json,1.66241229049339,1.6601688842786495,1.6599375311887845,1.6599069349134836,0.0291479124947414,-0.0004774368966493,-2.4248420897802183
done,confirm_K5_i000807,Transformer,32,1,256,16,1.6604696027934551,16,24,13448,cpu,1.6529128551483154,1.653051532804966,1.6710254848003387,1.6965559124946594,project://predictive_profile_confirmatory64_v1/runs/confirm_K5_i000807/transformer/d32/n256/seed1/DONE.json,1.66241229049339,1.6601688842786495,1.6599375311887845,1.6599069349134836,0.0342729248858538,0.0366489775811758,-17.419905460275906
done,confirm_K5_i000807,Transformer,32,2,256,17,1.679831646382809,16,25,13448,cpu,1.7041100040078163,1.703554317355156,1.682075522840023,1.6534005105495453,project://predictive_profile_confirmatory64_v1/runs/confirm_K5_i000807/transformer/d32/n256/seed2/DONE.json,1.66241229049339,1.6601688842786495,1.6599375311887845,1.6599069349134836,0.0375277860934553,-0.0065064243639383,20.24043767079393
done,confirm_K5_i000807,Transformer,32,3,256,13,1.721255600452423,16,21,13448,cpu,1.7160283476114273,1.7305261045694351,1.689732275903225,1.7139840573072431,project://predictive_profile_confirmatory64_v1/runs/confirm_K5_i000807/transformer/d32/n256/seed3/DONE.json,1.66241229049339,1.6601688842786495,1.6599375311887845,1.6599069349134836,0.0146192342009278,0.0540771223937597,0.8159681286679253
done,confirm_K5_i000807,Transformer,32,4,256,7,1.6901501789689064,16,15,13448,cpu,1.6833517402410507,1.6575767397880554,1.6397660672664642,1.6969220861792564,project://predictive_profile_confirmatory64_v1/runs/confirm_K5_i000807/transformer/d32/n256/seed4/DONE.json,1.66241229049339,1.6601688842786495,1.6599375311887845,1.6599069349134836,0.0356983018262171,0.0370151512657728,-5.416534901090876
done,confirm_K5_i000807,Transformer,32,5,256,7,1.7019133530557156,16,15,13448,cpu,1.6760763227939606,1.6883771866559982,1.6965333223342896,1.7524105906486511,project://predictive_profile_confirmatory64_v1/runs/confirm_K5_i000807/transformer/d32/n256/seed5/DONE.json,1.66241229049339,1.6601688842786495,1.6599375311887845,1.6599069349134836,0.058041511028082,0.0925036557351675,-30.46843668296489
done,confirm_K5_i000807,Transformer,128,1,256,12,1.6610771492123604,16,20,201224,cpu,1.6414551809430122,1.6428338289260864,1.7094556242227554,1.6166114062070849,project://predictive_profile_confirmatory64_v1/runs/confirm_K5_i000807/transformer/d128/n256/seed1/DONE.json,1.66241229049339,1.6601688842786495,1.6599375311887845,1.6599069349134836,0.0494654412891207,-0.0432955287063989,9.91626695036074
done,confirm_K5_i000807,Transformer,128,2,256,19,1.6561655215919018,16,27,201224,cpu,1.6852748915553093,1.6765771731734276,1.6825193464756012,1.626412197947502,project://predictive_profile_confirmatory64_v1/runs/confirm_K5_i000807/transformer/d128/n256/seed2/DONE.json,1.66241229049339,1.6601688842786495,1.6599375311887845,1.6599069349134836,0.0469335734102239,-0.0334947369659814,23.494746246760933
done,confirm_K5_i000807,Transformer,128,3,256,6,1.647268209606409,16,14,201224,cpu,1.655519187450409,1.6954999715089798,1.6557944416999817,1.7160883471369743,project://predictive_profile_confirmatory64_v1/runs/confirm_K5_i000807/transformer/d128/n256/seed3/DONE.json,1.66241229049339,1.6601688842786495,1.6599375311887845,1.6599069349134836,0.0448669589878155,0.0561814122234907,-24.1758735455941
done,confirm_K5_i000807,Transformer,128,4,256,5,1.7084953002631664,16,13,201224,cpu,1.706764616072178,1.7262191027402878,1.707967534661293,1.6726145222783089,project://predictive_profile_confirmatory64_v1/runs/confirm_K5_i000807/transformer/d128/n256/seed4/DONE.json,1.66241229049339,1.6601688842786495,1.6599375311887845,1.6599069349134836,0.0356878789949936,0.0127075873648252,13.630837102629972
done,confirm_K5_i000807,Transformer,128,5,256,16,1.656563762575388,16,24,201224,cpu,1.6526204645633698,1.6890181005001068,1.6567745208740234,1.690412886440754,project://predictive_profile_confirmatory64_v1/runs/confirm_K5_i000807/transformer/d128/n256/seed5/DONE.json,1.66241229049339,1.6601688842786495,1.6599375311887845,1.6599069349134836,0.0262690627516047,0.0305059515272703,-15.084653923175368
done,confirm_K5_i000807,Transformer,256,1,256,19,1.690384726971388,16,27,795656,cpu,1.7183768525719645,1.6502956077456474,1.6614578366279602,1.6553363651037216,project://predictive_profile_confirmatory64_v1/runs/confirm_K5_i000807/transformer/d256/n256/seed1/DONE.json,1.66241229049339,1.6601688842786495,1.6599375311887845,1.6599069349134836,0.0305357153699937,-0.004570569809762,25.162291522147186
done,confirm_K5_i000807,Transformer,256,2,256,9,1.73983721062541,16,17,795656,cpu,1.624001517891884,1.669140212237835,1.7140258327126503,1.6376888751983645,project://predictive_profile_confirmatory64_v1/runs/confirm_K5_i000807/transformer/d256/n256/seed2/DONE.json,1.66241229049339,1.6601688842786495,1.6599375311887845,1.6599069349134836,0.0420048884644797,-0.0222180597151193,-5.46323939653781
done,confirm_K5_i000807,Transformer,256,3,256,14,1.6814628019928932,16,22,795656,cpu,1.6260119676589966,1.6533970907330513,1.6568187177181244,1.686502143740654,project://predictive_profile_confirmatory64_v1/runs/confirm_K5_i000807/transformer/d256/n256/seed3/DONE.json,1.66241229049339,1.6601688842786495,1.6599375311887845,1.6599069349134836,0.0386157900922129,0.0265952088271703,-24.144347639434727
done,confirm_K5_i000807,Transformer,256,4,256,10,1.6823121272027493,16,18,795656,cpu,1.7438348680734634,1.7002691850066185,1.6861194968223572,1.626222550868988,project://predictive_profile_confirmatory64_v1/runs/confirm_K5_i000807/transformer/d256/n256/seed4/DONE.json,1.66241229049339,1.6601688842786495,1.6599375311887845,1.6599069349134836,0.0746287011564396,-0.0336843840444955,46.94436117082829
done,confirm_K5_i000807,Transformer,256,5,256,29,1.6838393211364746,16,37,795656,cpu,1.6838432475924492,1.661716416478157,1.639134019613266,1.6094966232776642,project://predictive_profile_confirmatory64_v1/runs/confirm_K5_i000807/transformer/d256/n256/seed5/DONE.json,1.66241229049339,1.6601688842786495,1.6599375311887845,1.6599069349134836,0.0467368913152765,-0.0504103116358194,29.675078823566817
done,confirm_K5_i000634,GRU,8,1,256,25,1.9047055169939997,16,33,576,cpu,1.88398876786232,1.9167730808258057,1.9315551072359085,1.9148029461503029,project://predictive_profile_confirmatory64_v1/runs/confirm_K5_i000634/gru/d8/n256/seed1/DONE.json,1.8978302926469808,1.893253901400629,1.891310317548108,1.8904788307853135,0.0206804973392374,0.0243241153649891,-4.19157153608543
done,confirm_K5_i000634,GRU,8,2,256,35,1.9012857712805271,16,43,576,cpu,1.893511325120926,1.9550612345337868,1.8928729966282845,1.9046105071902275,project://predictive_profile_confirmatory64_v1/runs/confirm_K5_i000634/gru/d8/n256/seed2/DONE.json,1.8978302926469808,1.893253901400629,1.891310317548108,1.8904788307853135,0.0263219214709241,0.0141316764049137,-1.509792511769092
done,confirm_K5_i000634,GRU,8,3,256,48,1.8913891427218916,16,48,576,cpu,1.94710074365139,1.909314237535,1.8624992668628693,1.9037499353289604,project://predictive_profile_confirmatory64_v1/runs/confirm_K5_i000634/gru/d8/n256/seed3/DONE.json,1.8978302926469808,1.893253901400629,1.891310317548108,1.8904788307853135,0.0277247206801831,0.0132711045436466,5.896896309626886
done,confirm_K5_i000634,GRU,8,4,256,46,1.904761414974928,16,48,576,cpu,1.8973678946495056,1.912154860794544,1.9034096598625183,1.9124228060245516,project://predictive_profile_confirmatory64_v1/runs/confirm_K5_i000634/gru/d8/n256/seed4/DONE.json,1.8978302926469808,1.893253901400629,1.891310317548108,1.8904788307853135,0.012331081709266,0.0219439752392376,-2.0478799534479277
done,confirm_K5_i000634,GRU,8,5,256,34,1.8715458661317823,16,42,576,cpu,1.9217527657747269,1.906787782907486,1.9112530276179316,1.902939274907112,project://predictive_profile_confirmatory64_v1/runs/confirm_K5_i000634/gru/d8/n256/seed5/DONE.json,1.8978302926469808,1.893253901400629,1.891310317548108,1.8904788307853135,0.0068650324192568,0.0124604441217983,2.559149625153256
done,confirm_K5_i000634,GRU,32,1,256,13,1.902213852852583,16,21,6888,cpu,1.9591827169060707,1.901210077106953,1.9816957339644432,1.893731229007244,project://predictive_profile_confirmatory64_v1/runs/confirm_K5_i000634/gru/d32/n256/seed1/DONE.json,1.8978302926469808,1.893253901400629,1.891310317548108,1.8904788307853135,0.0524163653065712,0.0032523982219303,8.903193559380155
done,confirm_K5_i000634,GRU,32,2,256,11,1.8611101917922497,16,19,6888,cpu,1.927817977964878,1.9203985929489136,1.9120374843478205,1.9379121288657188,project://predictive_profile_confirmatory64_v1/runs/confirm_K5_i000634/gru/d32/n256/seed2/DONE.json,1.8978302926469808,1.893253901400629,1.891310317548108,1.8904788307853135,0.0189023438206496,0.047433298080405,-1.3730807682584096
done,confirm_K5_i000634,GRU,32,3,256,17,1.8760807365179064,16,25,6888,cpu,1.894914880394936,1.8832852393388748,1.892170563340187,1.926597736775875,project://predictive_profile_confirmatory64_v1/runs/confirm_K5_i000634/gru/d32/n256/seed3/DONE.json,1.8978302926469808,1.893253901400629,1.891310317548108,1.8904788307853135,0.0349675386917423,0.0361189059905613,-4.309735529764846
done,confirm_K5_i000634,GRU,32,4,256,18,1.890683565288782,16,26,6888,cpu,1.9200087860226631,1.940918751060963,1.900868937373161,1.934594750404358,project://predictive_profile_confirmatory64_v1/runs/confirm_K5_i000634/gru/d32/n256/seed4/DONE.json,1.8978302926469808,1.893253901400629,1.891310317548108,1.8904788307853135,0.0205429583049319,0.0441159196190441,-1.9840903287208775
done,confirm_K5_i000634,GRU,32,5,256,26,1.9078029803931715,16,34,6888,cpu,1.8921918645501137,1.92781063914299,1.8607584983110428,1.8421005457639692,project://predictive_profile_confirmatory64_v1/runs/confirm_K5_i000634/gru/d32/n256/seed5/DONE.json,1.8978302926469808,1.893253901400629,1.891310317548108,1.8904788307853135,0.0474939371212239,-0.0483782850213443,6.813790199651871
done,confirm_K5_i000634,GRU,128,1,256,17,1.9248619377613068,16,25,101256,cpu,1.907310627400875,1.84733235090971,1.8872454389929767,1.9196750074625013,project://predictive_profile_confirmatory64_v1/runs/confirm_K5_i000634/gru/d128/n256/seed1/DONE.json,1.8978302926469808,1.893253901400629,1.891310317548108,1.8904788307853135,0.0422424110131448,0.0291961766771877,-1.68189406328797
done,confirm_K5_i000634,GRU,128,2,256,30,1.8995474241673944,16,38,101256,cpu,1.9087745249271395,1.865987740457058,1.9611966088414192,1.933184638619423,project://predictive_profile_confirmatory64_v1/runs/confirm_K5_i000634/gru/d128/n256/seed2/DONE.json,1.8978302926469808,1.893253901400629,1.891310317548108,1.8904788307853135,0.0407543027709038,0.0427058078341091,-3.320443491595141
done,confirm_K5_i000634,GRU,128,3,256,18,1.9169730469584465,16,26,101256,cpu,1.9146250560879707,1.901793912053108,1.894411876797676,1.918827801942825,project://predictive_profile_confirmatory64_v1/runs/confirm_K5_i000634/gru/d128/n256/seed3/DONE.json,1.8978302926469808,1.893253901400629,1.891310317548108,1.8904788307853135,0.0170537857988765,0.0283489711575115,-0.5716884524381269
done,confirm_K5_i000634,GRU,128,4,256,23,1.900580681860447,16,31,101256,cpu,1.9350727573037148,1.9004701748490331,1.9430076330900192,1.900693990290165,project://predictive_profile_confirmatory64_v1/runs/confirm_K5_i000634/gru/d128/n256/seed4/DONE.json,1.8978302926469808,1.893253901400629,1.891310317548108,1.8904788307853135,0.0248003921886101,0.0102151595048511,4.676453154550133
done,confirm_K5_i000634,GRU,128,5,256,24,1.8464274518191812,16,32,101256,cpu,1.8848040252923963,1.9310712963342669,1.9010965153574944,1.896393045783043,project://predictive_profile_confirmatory64_v1/runs/confirm_K5_i000634/gru/d128/n256/seed5/DONE.json,1.8978302926469808,1.893253901400629,1.891310317548108,1.8904788307853135,0.0186517225253796,0.0059142149977291,-1.5764239424371758
done,confirm_K5_i000634,GRU,256,1,256,10,1.9291097111999989,16,18,399112,cpu,1.9331390038132668,1.8735452219843864,1.9401979222893715,1.9264205023646357,project://predictive_profile_confirmatory64_v1/runs/confirm_K5_i000634/gru/d256/n256/seed1/DONE.json,1.8978302926469808,1.893253901400629,1.891310317548108,1.8904788307853135,0.0285699115777747,0.0359416715793217,0.9139000616548656
done,confirm_K5_i000634,GRU,256,2,256,14,1.9103833511471748,16,22,399112,cpu,1.8873554542660715,1.907735988497734,1.9129905551671984,1.875845424830913,project://predictive_profile_confirmatory64_v1/runs/confirm_K5_i000634/gru/d256/n256/seed2/DONE.json,1.8978302926469808,1.893253901400629,1.891310317548108,1.8904788307853135,0.0233649648484542,-0.0146334059544002,1.5656789971494274
done,confirm_K5_i000634,GRU,256,3,256,22,1.892314825206995,16,30,399112,cpu,1.891625963151455,1.8889016583561895,1.9354604557156565,1.9226491004228592,project://predictive_profile_confirmatory64_v1/runs/confirm_K5_i000634/gru/d256/n256/seed3/DONE.json,1.8978302926469808,1.893253901400629,1.891310317548108,1.8904788307853135,0.0271570480779201,0.0321702696375454,-4.219995676392937
done,confirm_K5_i000634,GRU,256,4,256,19,1.9134535007178783,16,27,399112,cpu,1.9161280021071436,1.913818098604679,1.9641262143850329,1.920876182615757,project://predictive_profile_confirmatory64_v1/runs/confirm_K5_i000634/gru/d256/n256/seed4/DONE.json,1.8978302926469808,1.893253901400629,1.891310317548108,1.8904788307853135,0.0225965995000472,0.0303973518304432,-0.6458824922117736
done,confirm_K5_i000634,GRU,256,5,256,23,1.895582679659128,16,31,399112,cpu,1.9260793775320053,1.897784061729908,1.9092851653695109,1.933716207742691,project://predictive_profile_confirmatory64_v1/runs/confirm_K5_i000634/gru/d256/n256/seed5/DONE.json,1.8978302926469808,1.893253901400629,1.891310317548108,1.8904788307853135,0.0242955391825675,0.0432373769573772,-1.038817905117111
done,confirm_K5_i000634,Transformer,8,1,256,35,1.89836335927248,16,43,1064,cpu,1.9342159181833267,1.8835539370775225,1.9606253951787949,1.898626416921616,project://predictive_profile_confirmatory64_v1/runs/confirm_K5_i000634/transformer/d8/n256/seed1/DONE.json,1.8978302926469808,1.893253901400629,1.891310317548108,1.8904788307853135,0.0348474674197251,0.0081475861363018,4.841146146358255
done,confirm_K5_i000634,Transformer,8,2,256,47,1.895572479814291,16,48,1064,cpu,1.891279049217701,1.9067357406020164,1.870906926691532,1.9348312094807625,project://predictive_profile_confirmatory64_v1/runs/confirm_K5_i000634/transformer/d8/n256/seed2/DONE.json,1.8978302926469808,1.893253901400629,1.891310317548108,1.8904788307853135,0.0439814695194082,0.0443523786954487,-5.9242856839337525
done,confirm_K5_i000634,Transformer,8,3,256,28,1.9014823883771896,16,36,1064,cpu,1.9457798972725868,1.9265938252210617,1.8889244720339773,1.881686344742775,project://predictive_profile_confirmatory64_v1/runs/confirm_K5_i000634/transformer/d8/n256/seed3/DONE.json,1.8978302926469808,1.893253901400629,1.891310317548108,1.8904788307853135,0.0354818610599611,-0.0087924860425387,8.718477186695779
done,confirm_K5_i000634,Transformer,8,4,256,31,1.8685506470501425,16,39,1064,cpu,1.8584483563899996,1.892962023615837,1.893774837255478,1.8850411549210548,project://predictive_profile_confirmatory64_v1/runs/confirm_K5_i000634/transformer/d8/n256/seed4/DONE.json,1.8978302926469808,1.893253901400629,1.891310317548108,1.8904788307853135,0.017614885369595,-0.0054376758642589,-3.6173483630130208
done,confirm_K5_i000634,Transformer,8,5,256,37,1.9263593591749668,16,45,1064,cpu,1.870360940694809,1.8952848613262177,1.9394669905304909,1.8925156220793724,project://predictive_profile_confirmatory64_v1/runs/confirm_K5_i000634/transformer/d8/n256/seed5/DONE.json,1.8978302926469808,1.893253901400629,1.891310317548108,1.8904788307853135,0.0273754269839621,0.0020367912940586,-3.0136429735266703
done,confirm_K5_i000634,Transformer,32,1,256,29,1.9125208035111427,16,37,13448,cpu,1.904384396970272,1.8696648925542831,1.9042127802968023,1.907740592956543,project://predictive_profile_confirmatory64_v1/runs/confirm_K5_i000634/transformer/d32/n256/seed1/DONE.json,1.8978302926469808,1.893253901400629,1.891310317548108,1.8904788307853135,0.0212275936034575,0.0172617621712292,-0.4565345028545996
done,confirm_K5_i000634,Transformer,32,2,256,9,1.90405285730958,16,17,13448,cpu,1.8695000857114792,1.9185044467449188,1.9270606264472008,1.9415860772132876,project://predictive_profile_confirmatory64_v1/runs/confirm_K5_i000634/transformer/d32/n256/seed2/DONE.json,1.8978302926469808,1.893253901400629,1.891310317548108,1.8904788307853135,0.0424697348651698,0.0511072464279735,-9.80566761526497
done,confirm_K5_i000634,Transformer,32,3,256,22,1.8658973276615145,16,30,13448,cpu,1.9102688506245613,1.930128902196884,1.907338485121727,1.8918838277459145,project://predictive_profile_confirmatory64_v1/runs/confirm_K5_i000634/transformer/d32/n256/seed3/DONE.json,1.8978302926469808,1.893253901400629,1.891310317548108,1.8904788307853135,0.0199605721335472,0.0014049969606007,2.500866252807676
done,confirm_K5_i000634,Transformer,32,4,256,24,1.8884148597717283,16,32,13448,cpu,1.9559535756707191,1.893893286585808,1.9404078871011732,1.9210065826773643,project://predictive_profile_confirmatory64_v1/runs/confirm_K5_i000634/transformer/d32/n256/seed4/DONE.json,1.8978302926469808,1.893253901400629,1.891310317548108,1.8904788307853135,0.0223588121934491,0.0305277518920505,4.753747438394259
done,confirm_K5_i000634,Transformer,32,5,256,32,1.899956051260233,16,40,13448,cpu,1.948530159890652,1.8853693082928655,1.8861629962921145,1.885318107903004,project://predictive_profile_confirmatory64_v1/runs/confirm_K5_i000634/transformer/d32/n256/seed5/DONE.json,1.8978302926469808,1.893253901400629,1.891310317548108,1.8904788307853135,0.0279634814438022,-0.00516072288231,8.598568989013325
done,confirm_K5_i000634,Transformer,128,1,256,6,1.9032852798700333,16,14,201224,cpu,1.940144881606102,1.967904232442379,1.9254865497350693,1.8855342641472816,project://predictive_profile_confirmatory64_v1/runs/confirm_K5_i000634/transformer/d128/n256/seed1/DONE.json,1.8978302926469808,1.893253901400629,1.891310317548108,1.8904788307853135,0.050247418901662,-0.0049445666380321,7.428538498386977
done,confirm_K5_i000634,Transformer,128,2,256,24,1.8860470987856388,16,32,201224,cpu,1.930782072246075,1.917681068181992,1.9864919483661647,1.88161651045084,project://predictive_profile_confirmatory64_v1/runs/confirm_K5_i000634/transformer/d128/n256/seed2/DONE.json,1.8978302926469808,1.893253901400629,1.891310317548108,1.8904788307853135,0.0584845122171673,-0.0088623203344737,6.687861913777638
done,confirm_K5_i000634,Transformer,128,3,256,4,1.912060350179672,16,12,201224,cpu,1.917020961642265,1.9671322405338287,1.9679574221372604,1.9329698383808136,project://predictive_profile_confirmatory64_v1/runs/confirm_K5_i000634/transformer/d128/n256/seed3/DONE.json,1.8978302926469808,1.893253901400629,1.891310317548108,1.8904788307853135,0.0259552948441256,0.0424910075954998,-2.1694837079561133
done,confirm_K5_i000634,Transformer,128,4,256,4,1.9267163947224617,16,12,201224,cpu,2.0114886090159416,1.9668912142515185,1.972305864095688,1.9005213603377344,project://predictive_profile_confirmatory64_v1/runs/confirm_K5_i000634/transformer/d128/n256/seed4/DONE.json,1.8978302926469808,1.893253901400629,1.891310317548108,1.8904788307853135,0.0703826298903095,0.0100425295524204,15.094582651216768
done,confirm_K5_i000634,Transformer,128,5,256,7,1.8979836143553257,16,15,201224,cpu,1.8818157315254207,1.8946771249175072,1.9367111846804617,1.9516775161027908,project://predictive_profile_confirmatory64_v1/runs/confirm_K5_i000634/transformer/d128/n256/seed5/DONE.json,1.8978302926469808,1.893253901400629,1.891310317548108,1.8904788307853135,0.0494584732845156,0.061198685317477,-9.50311460386514
done,confirm_K5_i000634,Transformer,256,1,256,6,1.931763738393784,16,14,795656,cpu,2.042944133281708,1.9494191110134125,1.9650514051318169,1.9668418690562248,project://predictive_profile_confirmatory64_v1/runs/confirm_K5_i000634/transformer/d256/n256/seed1/DONE.json,1.8978302926469808,1.893253901400629,1.891310317548108,1.8904788307853135,0.03585212592573,0.076363038270911,10.351990618668784
done,confirm_K5_i000634,Transformer,256,2,256,24,1.9117375910282133,16,32,795656,cpu,1.8926167264580729,1.934214234352112,1.8663965463638303,1.9230165556073189,project://predictive_profile_confirmatory64_v1/runs/confirm_K5_i000634/transformer/d256/n256/seed2/DONE.json,1.8978302926469808,1.893253901400629,1.891310317548108,1.8904788307853135,0.0346293758753075,0.0325377248220051,-4.135208713760627
done,confirm_K5_i000634,Transformer,256,3,256,13,1.882264580577612,16,21,795656,cpu,1.9260479360818863,1.911822393536568,1.936303555965424,1.928745560348034,project://predictive_profile_confirmatory64_v1/runs/confirm_K5_i000634/transformer/d256/n256/seed3/DONE.json,1.8978302926469808,1.893253901400629,1.891310317548108,1.8904788307853135,0.0115569309409663,0.0382667295627201,-0.3669507258432184
done,confirm_K5_i000634,Transformer,256,4,256,28,1.8874028734862804,16,36,795656,cpu,1.8762882351875303,1.8861204385757449,1.906954757869244,1.8938183784484863,project://predictive_profile_confirmatory64_v1/runs/confirm_K5_i000634/transformer/d256/n256/seed4/DONE.json,1.8978302926469808,1.893253901400629,1.891310317548108,1.8904788307853135,0.0148339863614362,0.0033395476631725,-2.384579229386033
done,confirm_K5_i000634,Transformer,256,5,256,11,1.904847536236048,16,19,795656,cpu,1.885682076215744,1.9728216379880903,1.939083196222782,1.932064153254032,project://predictive_profile_confirmatory64_v1/runs/confirm_K5_i000634/transformer/d256/n256/seed5/DONE.json,1.8978302926469808,1.893253901400629,1.891310317548108,1.8904788307853135,0.0330463418429429,0.0415853224687183,-6.309231811449227
done,confirm_K5_i000626,GRU,8,1,256,48,1.9635238461196425,16,48,576,cpu,2.007078722119332,1.9861573204398155,2.0254174172878265,2.02244246006012,project://predictive_profile_confirmatory64_v1/runs/confirm_K5_i000626/gru/d8/n256/seed1/DONE.json,1.9760507053474323,1.9720614503617304,1.968815369018794,1.9662392615122952,0.024530470691619,0.0562031985478244,-1.5658998001667286
done,confirm_K5_i000626,GRU,8,2,256,47,1.99577821418643,16,48,576,cpu,1.9969637766480448,1.985185109078884,2.0003442987799644,1.9650767967104912,project://predictive_profile_confirmatory64_v1/runs/confirm_K5_i000626/gru/d8/n256/seed2/DONE.json,1.9760507053474323,1.9720614503617304,1.968815369018794,1.9662392615122952,0.0209770702070146,-0.001162464801804,3.249978338902434
done,confirm_K5_i000626,GRU,8,3,256,32,1.9775545671582224,16,40,576,cpu,1.9929073825478556,1.9873128309845924,1.9956722483038905,1.9576554745435717,project://predictive_profile_confirmatory64_v1/runs/confirm_K5_i000626/gru/d8/n256/seed3/DONE.json,1.9760507053474323,1.9720614503617304,1.968815369018794,1.9662392615122952,0.0248564541707745,-0.0085837869687237,3.5929378587520917
done,confirm_K5_i000626,GRU,8,4,256,17,2.003504563122988,16,25,576,cpu,2.022545360028744,1.996888443827629,1.9396415054798128,2.022227704524994,project://predictive_profile_confirmatory64_v1/runs/confirm_K5_i000626/gru/d8/n256/seed4/DONE.json,1.9760507053474323,1.9720614503617304,1.968815369018794,1.9662392615122952,0.0455899835817619,0.0559884430126986,0.0323760201951366
done,confirm_K5_i000626,GRU,8,5,256,48,1.9728314839303491,16,48,576,cpu,2.007305972278118,1.9792898893356323,1.9711622670292852,1.9999901205301285,project://predictive_profile_confirmatory64_v1/runs/confirm_K5_i000626/gru/d8/n256/seed5/DONE.json,1.9760507053474323,1.9720614503617304,1.968815369018794,1.9662392615122952,0.0205905045579438,0.0337508590178332,0.7456447665520807
done,confirm_K5_i000626,GRU,32,1,256,12,1.9915192984044552,16,20,6888,cpu,2.011738009750843,1.9921169579029083,1.9951936900615688,1.989337831735611,project://predictive_profile_confirmatory64_v1/runs/confirm_K5_i000626/gru/d32/n256/seed1/DONE.json,1.9760507053474323,1.9720614503617304,1.968815369018794,1.9662392615122952,0.0066800678174375,0.0230985702233157,2.2830664264735177
done,confirm_K5_i000626,GRU,32,2,256,35,2.016947153955698,16,43,6888,cpu,1.987334869801998,1.9572143033146856,1.945309080183506,1.936026155948639,project://predictive_profile_confirmatory64_v1/runs/confirm_K5_i000626/gru/d32/n256/seed2/DONE.json,1.9760507053474323,1.9720614503617304,1.968815369018794,1.9662392615122952,0.0223781002920678,-0.0302131055636563,5.22947638650395
done,confirm_K5_i000626,GRU,32,3,256,11,1.9898873716592789,16,19,6888,cpu,1.9959122240543363,1.9878294318914411,1.959102176129818,2.002766765654087,project://predictive_profile_confirmatory64_v1/runs/confirm_K5_i000626/gru/d32/n256/seed3/DONE.json,1.9760507053474323,1.9720614503617304,1.968815369018794,1.9662392615122952,0.0266782444675837,0.0365275041417918,-0.6986272066505425
done,confirm_K5_i000626,GRU,32,4,256,29,1.9879159182310104,16,37,6888,cpu,2.003172144293785,1.9696430414915085,1.9844069853425024,1.983209490776062,project://predictive_profile_confirmatory64_v1/runs/confirm_K5_i000626/gru/d32/n256/seed4/DONE.json,1.9760507053474323,1.9720614503617304,1.968815369018794,1.9662392615122952,0.0109643390173449,0.0169702292637667,2.034629546186882
done,confirm_K5_i000626,GRU,32,5,256,28,1.989110756665468,16,36,6888,cpu,1.99320325255394,1.9744562357664108,1.969751171767712,1.9911988899111748,project://predictive_profile_confirmatory64_v1/runs/confirm_K5_i000626/gru/d32/n256/seed5/DONE.json,1.9760507053474323,1.9720614503617304,1.968815369018794,1.9662392615122952,0.0169356639592084,0.0249596283988795,0.2042882450783592
done,confirm_K5_i000626,GRU,128,1,256,7,2.0040675550699234,16,15,101256,cpu,2.0172940865159035,2.0127509236335754,2.012876532971859,1.988853432238102,project://predictive_profile_confirmatory64_v1/runs/confirm_K5_i000626/gru/d128/n256/seed1/DONE.json,1.9760507053474323,1.9720614503617304,1.968815369018794,1.9662392615122952,0.0168355098106498,0.0226141707258067,2.898722629991399
done,confirm_K5_i000626,GRU,128,2,256,18,1.95325867459178,16,26,101256,cpu,1.9765164107084277,2.024778708815574,1.973325952887535,1.9656075835227969,project://predictive_profile_confirmatory64_v1/runs/confirm_K5_i000626/gru/d128/n256/seed2/DONE.json,1.9760507053474323,1.9720614503617304,1.968815369018794,1.9662392615122952,0.0268037130211117,-0.0006316779894985,1.1118472845519136
done,confirm_K5_i000626,GRU,128,3,256,24,1.9888835065066812,16,32,101256,cpu,1.96587447822094,1.9815313890576365,1.9462190717458725,2.0007886737585068,project://predictive_profile_confirmatory64_v1/runs/confirm_K5_i000626/gru/d128/n256/seed3/DONE.json,1.9760507053474323,1.9720614503617304,1.968815369018794,1.9662392615122952,0.0383894351589822,0.0345494122462115,-3.558517596822105
done,confirm_K5_i000626,GRU,128,4,256,28,1.9713713750243187,16,36,101256,cpu,2.000148825347424,1.9793558567762373,2.034375250339508,2.0157774686813354,project://predictive_profile_confirmatory64_v1/runs/confirm_K5_i000626/gru/d128/n256/seed4/DONE.json,1.9760507053474323,1.9720614503617304,1.968815369018794,1.9662392615122952,0.0259250399227269,0.0495382071690402,-1.5928994342241485
done,confirm_K5_i000626,GRU,128,5,256,11,2.0198518484830856,16,19,101256,cpu,2.0115779116749763,2.001539379358292,1.9967991784214971,1.963128000497818,project://predictive_profile_confirmatory64_v1/runs/confirm_K5_i000626/gru/d128/n256/seed5/DONE.json,1.9760507053474323,1.9720614503617304,1.968815369018794,1.9662392615122952,0.0296727563109892,-0.0031112610144772,4.938102076643171
done,confirm_K5_i000626,GRU,256,1,256,26,1.9813894256949425,16,34,399112,cpu,1.9981083497405048,1.99226288497448,1.960718691349029,2.02180428057909,project://predictive_profile_confirmatory64_v1/runs/confirm_K5_i000626/gru/d256/n256/seed1/DONE.json,1.9760507053474323,1.9720614503617304,1.968815369018794,1.9662392615122952,0.0400816008111616,0.0555650190667948,-2.415131884435211
done,confirm_K5_i000626,GRU,256,2,256,27,1.9803413152694704,16,35,399112,cpu,2.0009960010647774,1.9927762672305107,2.0027865692973137,1.9986859187483788,project://predictive_profile_confirmatory64_v1/runs/confirm_K5_i000626/gru/d256/n256/seed2/DONE.json,1.9760507053474323,1.9720614503617304,1.968815369018794,1.9662392615122952,0.007004119047513,0.0324466572360835,0.2354477440033514
done,confirm_K5_i000626,GRU,256,3,256,24,1.9697100594639776,16,32,399112,cpu,1.976203426718712,1.9633224681019783,1.963289283216,1.9664181619882584,project://predictive_profile_confirmatory64_v1/runs/confirm_K5_i000626/gru/d256/n256/seed3/DONE.json,1.9760507053474323,1.9720614503617304,1.968815369018794,1.9662392615122952,0.0052933020477369,0.0001789004759631,0.9973317785716862
done,confirm_K5_i000626,GRU,256,4,256,29,1.9954454973340037,16,37,399112,cpu,2.024248741567135,2.0022769048810005,1.972299925982952,1.9986765831708908,project://predictive_profile_confirmatory64_v1/runs/confirm_K5_i000626/gru/d256/n256/seed4/DONE.json,1.9760507053474323,1.9720614503617304,1.968815369018794,1.9662392615122952,0.0165196806908681,0.0324373216585955,2.606360371208986
done,confirm_K5_i000626,GRU,256,5,256,22,1.9717889092862608,16,30,399112,cpu,2.040713980793953,1.9940686747431755,1.9876009076833725,2.0108106061816216,project://predictive_profile_confirmatory64_v1/runs/confirm_K5_i000626/gru/d256/n256/seed5/DONE.json,1.9760507053474323,1.9720614503617304,1.968815369018794,1.9662392615122952,0.0198603436402548,0.0445713446693263,3.0478057169567982
done,confirm_K5_i000626,Transformer,8,1,256,46,1.9853662736713888,16,48,1064,cpu,2.0083301812410355,2.015822976827621,1.9646871462464333,2.015020914375782,project://predictive_profile_confirmatory64_v1/runs/confirm_K5_i000626/transformer/d8/n256/seed1/DONE.json,1.9760507053474323,1.9720614503617304,1.968815369018794,1.9662392615122952,0.0278252513627192,0.0487816528634867,-0.6819315533138408
done,confirm_K5_i000626,Transformer,8,2,256,26,1.990451093763113,16,34,1064,cpu,1.980836182832718,1.9979199916124344,1.958475261926651,2.002773649990558,project://predictive_profile_confirmatory64_v1/runs/confirm_K5_i000626/transformer/d8/n256/seed2/DONE.json,1.9760507053474323,1.9720614503617304,1.968815369018794,1.9662392615122952,0.0288061859599907,0.0365343884782634,-2.235906103776232
done,confirm_K5_i000626,Transformer,8,3,256,27,2.0133213363587856,16,35,1064,cpu,1.956318475306034,2.0019499585032463,1.980688862502575,2.0267400443553925,project://predictive_profile_confirmatory64_v1/runs/confirm_K5_i000626/transformer/d8/n256/seed3/DONE.json,1.9760507053474323,1.9720614503617304,1.968815369018794,1.9662392615122952,0.049343340455839,0.0605007828430972,-7.177492959513469
done,confirm_K5_i000626,Transformer,8,4,256,41,2.0026795491576195,16,48,1064,cpu,1.994990348815918,1.9941644817590716,1.9776895344257357,2.0066703855991364,project://predictive_profile_confirmatory64_v1/runs/confirm_K5_i000626/transformer/d8/n256/seed4/DONE.json,1.9760507053474323,1.9720614503617304,1.968815369018794,1.9662392615122952,0.0211757193616235,0.0404311240868411,-1.1904503536359663
done,confirm_K5_i000626,Transformer,8,5,256,48,1.986264415085316,16,48,1064,cpu,2.0129928812384605,1.9929584562778475,1.9813705012202265,2.013531744480133,project://predictive_profile_confirmatory64_v1/runs/confirm_K5_i000626/transformer/d8/n256/seed5/DONE.json,1.9760507053474323,1.9720614503617304,1.968815369018794,1.9662392615122952,0.0224194870795502,0.0472924829678378,-0.0549219106511846
done,confirm_K5_i000626,Transformer,32,1,256,39,1.9833167679607868,16,47,13448,cpu,2.0017860382795334,1.983592450618744,1.9613197445869448,2.015092447400093,project://predictive_profile_confirmatory64_v1/runs/confirm_K5_i000626/transformer/d32/n256/seed1/DONE.json,1.9760507053474323,1.9720614503617304,1.968815369018794,1.9662392615122952,0.0357161346242127,0.0488531858877978,-1.3562131470300318
done,confirm_K5_i000626,Transformer,32,2,256,26,1.9807562418282032,16,34,13448,cpu,2.000262536108494,1.9979305267333984,1.994766406714916,1.9873557016253471,project://predictive_profile_confirmatory64_v1/runs/confirm_K5_i000626/transformer/d32/n256/seed2/DONE.json,1.9760507053474323,1.9720614503617304,1.968815369018794,1.9662392615122952,0.0037263362858418,0.0211164401130519,1.315487781413398
done,confirm_K5_i000626,Transformer,32,3,256,10,1.9923013895750048,16,18,13448,cpu,2.027433328330517,2.021786905825138,1.97846420109272,2.0218043103814125,project://predictive_profile_confirmatory64_v1/runs/confirm_K5_i000626/transformer/d32/n256/seed3/DONE.json,1.9760507053474323,1.9720614503617304,1.968815369018794,1.9662392615122952,0.0232373218240569,0.0555650488691172,0.5737196322671149
done,confirm_K5_i000626,Transformer,32,4,256,23,1.9783699326217172,16,31,13448,cpu,1.9643675163388248,1.9833416268229485,2.031319797039032,1.995393678545952,project://predictive_profile_confirmatory64_v1/runs/confirm_K5_i000626/transformer/d32/n256/seed4/DONE.json,1.9760507053474323,1.9720614503617304,1.968815369018794,1.9662392615122952,0.0278362253911591,0.0291544170336566,-3.1622422477734204
done,confirm_K5_i000626,Transformer,32,5,256,23,2.00279700756073,16,31,13448,cpu,1.9675450176000595,1.9820625260472295,1.9684293121099472,2.012703351676464,project://predictive_profile_confirmatory64_v1/runs/confirm_K5_i000626/transformer/d32/n256/seed5/DONE.json,1.9760507053474323,1.9720614503617304,1.968815369018794,1.9662392615122952,0.040454184546469,0.0464640901641688,-4.602618619155918
done,confirm_K5_i000626,Transformer,128,1,256,37,1.9991269148886204,16,45,201224,cpu,1.9793938249349596,1.9880715385079384,1.9798599034547808,1.969733789563179,project://predictive_profile_confirmatory64_v1/runs/confirm_K5_i000626/transformer/d128/n256/seed1/DONE.json,1.9760507053474323,1.9720614503617304,1.968815369018794,1.9662392615122952,0.0073086381330165,0.0034945280508837,0.98456817713062
done,confirm_K5_i000626,Transformer,128,2,256,13,1.981474433094263,16,21,201224,cpu,2.0234410539269447,1.9602741822600365,2.0070351511240005,2.034253165125847,project://predictive_profile_confirmatory64_v1/runs/confirm_K5_i000626/transformer/d128/n256/seed2/DONE.json,1.9760507053474323,1.9720614503617304,1.968815369018794,1.9662392615122952,0.0438213638132766,0.0680139036135516,-1.1019898172561924
done,confirm_K5_i000626,Transformer,128,3,256,28,2.010986629873514,16,36,201224,cpu,1.965406075119972,1.9982144832611084,1.9837966710329056,1.9446697682142255,project://predictive_profile_confirmatory64_v1/runs/confirm_K5_i000626/transformer/d128/n256/seed3/DONE.json,1.9760507053474323,1.9720614503617304,1.968815369018794,1.9662392615122952,0.0305481291478322,-0.0215694932980694,2.1134816907869194
done,confirm_K5_i000626,Transformer,128,4,256,26,2.0015189945697784,16,34,201224,cpu,1.9883313179016116,2.010792203247547,2.004727303981781,1.9962338134646416,project://predictive_profile_confirmatory64_v1/runs/confirm_K5_i000626/transformer/d128/n256/seed4/DONE.json,1.9760507053474323,1.9720614503617304,1.968815369018794,1.9662392615122952,0.0103092225391458,0.0299945519523463,-0.8054365591667086
done,confirm_K5_i000626,Transformer,128,5,256,21,2.007527619600296,16,29,201224,cpu,2.000094883143902,2.012466534972191,1.9809769168496127,1.9782304614782331,project://predictive_profile_confirmatory64_v1/runs/confirm_K5_i000626/transformer/d128/n256/seed5/DONE.json,1.9760507053474323,1.9720614503617304,1.968815369018794,1.9662392615122952,0.0154325316585659,0.0119911999659381,2.228461175853325
done,confirm_K5_i000626,Transformer,256,1,256,7,2.008260563015938,16,15,795656,cpu,2.001707471907139,2.0244684889912605,2.0121724903583527,2.0207530930638318,project://predictive_profile_confirmatory64_v1/runs/confirm_K5_i000626/transformer/d256/n256/seed1/DONE.json,1.9760507053474323,1.9720614503617304,1.968815369018794,1.9662392615122952,0.0155051681634941,0.0545138315515361,-1.941163958813649
done,confirm_K5_i000626,Transformer,256,2,256,18,1.9834257662296293,16,26,795656,cpu,1.9638139232993128,2.00231222063303,2.02273178100586,1.9774939715862276,project://predictive_profile_confirmatory64_v1/runs/confirm_K5_i000626/transformer/d256/n256/seed2/DONE.json,1.9760507053474323,1.9720614503617304,1.968815369018794,1.9662392615122952,0.0261377185082566,0.0112547100739321,-1.3942951227956213
done,confirm_K5_i000626,Transformer,256,3,256,8,2.034676905721426,16,16,795656,cpu,2.04032239317894,2.035661071538925,1.979271188378334,2.0467207208275795,project://predictive_profile_confirmatory64_v1/runs/confirm_K5_i000626/transformer/d256/n256/seed3/DONE.json,1.9760507053474323,1.9720614503617304,1.968815369018794,1.9662392615122952,0.0369166067024328,0.0804814593152842,-0.652129060325021
done,confirm_K5_i000626,Transformer,256,4,256,27,2.0031501427292824,16,35,795656,cpu,1.999831572175026,1.9830556809902191,1.9713004156947136,2.0002995133399963,project://predictive_profile_confirmatory64_v1/runs/confirm_K5_i000626/transformer/d256/n256/seed4/DONE.json,1.9760507053474323,1.9720614503617304,1.968815369018794,1.9662392615122952,0.0202157158562345,0.0340602518277011,-0.0476934050516183
done,confirm_K5_i000626,Transformer,256,5,256,4,2.0127212665975094,16,12,795656,cpu,2.0427003353834152,2.086786136031151,2.0113176330924034,2.0163346752524376,project://predictive_profile_confirmatory64_v1/runs/confirm_K5_i000626/transformer/d256/n256/seed5/DONE.json,1.9760507053474323,1.9720614503617304,1.968815369018794,1.9662392615122952,0.0335732065386089,0.0500954137401423,2.687235494999825
done,confirm_K5_i000744,GRU,8,1,256,47,1.5525913760066032,16,48,576,cpu,1.5103258192539215,1.496212899684906,1.4703962206840515,1.4816879406571388,project://predictive_profile_confirmatory64_v1/runs/confirm_K5_i000744/gru/d8/n256/seed1/DONE.json,1.4622670528680597,1.447852050977226,1.4440206349740503,1.4422519893713317,0.0090080503330962,0.0394359512858071,1.4308162750252742
done,confirm_K5_i000744,GRU,8,2,256,48,1.5448059067130089,16,48,576,cpu,1.5012697353959084,1.4245881661772728,1.4866262525320053,1.479841325432062,project://predictive_profile_confirmatory64_v1/runs/confirm_K5_i000744/gru/d8/n256/seed2/DONE.json,1.4622670528680597,1.447852050977226,1.4440206349740503,1.4422519893713317,0.0305379891177148,0.0375893360607304,1.0706141385636505
done,confirm_K5_i000744,GRU,8,3,256,48,1.4993584789335728,16,48,576,cpu,1.5353021323680878,1.5057848319411278,1.473038636147976,1.4045755788683891,project://predictive_profile_confirmatory64_v1/runs/confirm_K5_i000744/gru/d8/n256/seed3/DONE.json,1.4622670528680597,1.447852050977226,1.4440206349740503,1.4422519893713317,0.0803839163958579,-0.0376764105029425,6.531408382544949
done,confirm_K5_i000744,GRU,8,4,256,48,1.5352505929768083,16,48,576,cpu,1.5199453458189964,1.4971746280789375,1.4541418254375458,1.5009740442037582,project://predictive_profile_confirmatory64_v1/runs/confirm_K5_i000744/gru/d8/n256/seed4/DONE.json,1.4622670528680597,1.447852050977226,1.4440206349740503,1.4422519893713317,0.0247562297103309,0.0587220548324265,0.9478511831021452
done,confirm_K5_i000744,GRU,8,5,256,48,1.5338070653378963,16,48,576,cpu,1.4925749376416206,1.5096441432833672,1.5037834122776983,1.509532168507576,project://predictive_profile_confirmatory64_v1/runs/confirm_K5_i000744/gru/d8/n256/seed5/DONE.json,1.4622670528680597,1.447852050977226,1.4440206349740503,1.4422519893713317,0.0190629285381888,0.0672801791362442,-0.8472234359250209
done,confirm_K5_i000744,GRU,32,1,256,29,1.4933399967849257,16,37,6888,cpu,1.4789453372359276,1.3907215222716331,1.4457572475075722,1.5134234130382538,project://predictive_profile_confirmatory64_v1/runs/confirm_K5_i000744/gru/d32/n256/seed1/DONE.json,1.4622670528680597,1.447852050977226,1.4440206349740503,1.4422519893713317,0.0778654066489031,0.071171423666922,-1.722606366348155
done,confirm_K5_i000744,GRU,32,2,256,43,1.479720752686262,16,48,6888,cpu,1.54097668081522,1.40622940659523,1.4485941752791405,1.4901190996170044,project://predictive_profile_confirmatory64_v1/runs/confirm_K5_i000744/gru/d32/n256/seed2/DONE.json,1.4622670528680597,1.447852050977226,1.4440206349740503,1.4422519893713317,0.052043275933801,0.0478671102456726,2.540965268810141
done,confirm_K5_i000744,GRU,32,3,256,31,1.4802604168653488,16,39,6888,cpu,1.4645004197955132,1.4228898510336876,1.4150805324316025,1.3558272570371628,project://predictive_profile_confirmatory64_v1/runs/confirm_K5_i000744/gru/d32/n256/seed3/DONE.json,1.4622670528680597,1.447852050977226,1.4440206349740503,1.4422519893713317,0.0611195224843179,-0.0864247323341689,5.429568723382564
done,confirm_K5_i000744,GRU,32,4,256,21,1.462837178260088,16,29,6888,cpu,1.5128381997346878,1.4660724774003029,1.5025897398591042,1.4631230905652046,project://predictive_profile_confirmatory64_v1/runs/confirm_K5_i000744/gru/d32/n256/seed4/DONE.json,1.4622670528680597,1.447852050977226,1.4440206349740503,1.4422519893713317,0.0240325730624322,0.0208711011938729,2.483884659052442
done,confirm_K5_i000744,GRU,32,5,256,39,1.4053078070282936,16,47,6888,cpu,1.4632791876792908,1.474591851234436,1.3950504288077354,1.4729599952697754,project://predictive_profile_confirmatory64_v1/runs/confirm_K5_i000744/gru/d32/n256/seed5/DONE.json,1.4622670528680597,1.447852050977226,1.4440206349740503,1.4422519893713317,0.0425623333872689,0.0307080058984436,-0.4836760868666347
done,confirm_K5_i000744,GRU,128,1,256,6,1.5260425359010696,16,14,101256,cpu,1.545143187046051,1.4887084662914276,1.4950929507613182,1.5413763746619225,project://predictive_profile_confirmatory64_v1/runs/confirm_K5_i000744/gru/d128/n256/seed1/DONE.json,1.4622670528680597,1.447852050977226,1.4440206349740503,1.4422519893713317,0.038626944523673,0.0991243852905907,0.188198872551384
done,confirm_K5_i000744,GRU,128,2,256,12,1.4709404036402702,16,20,101256,cpu,1.5320100337266922,1.540362469851971,1.397812359035015,1.4299666732549667,project://predictive_profile_confirmatory64_v1/runs/confirm_K5_i000744/gru/d128/n256/seed2/DONE.json,1.4622670528680597,1.447852050977226,1.4440206349740503,1.4422519893713317,0.0686686878789665,-0.0122853161163649,5.098328091160302
done,confirm_K5_i000744,GRU,128,3,256,15,1.4930538684129715,16,23,101256,cpu,1.4959320649504662,1.5386416390538216,1.4634149000048635,1.4778673872351646,project://predictive_profile_confirmatory64_v1/runs/confirm_K5_i000744/gru/d128/n256/seed3/DONE.json,1.4622670528680597,1.447852050977226,1.4440206349740503,1.4422519893713317,0.0287711679495156,0.0356153978638329,0.9025541047249076
done,confirm_K5_i000744,GRU,128,4,256,13,1.4773115701973438,16,21,101256,cpu,1.5202765837311745,1.4315368458628654,1.491962507367134,1.4640686064958572,project://predictive_profile_confirmatory64_v1/runs/confirm_K5_i000744/gru/d128/n256/seed4/DONE.json,1.4622670528680597,1.447852050977226,1.4440206349740503,1.4422519893713317,0.0293534147715147,0.0218166171245255,2.8082837331246018
done,confirm_K5_i000744,GRU,128,5,256,20,1.4602556489408016,16,28,101256,cpu,1.5047655254602432,1.4320028126239777,1.4484568536281586,1.443880781531334,project://predictive_profile_confirmatory64_v1/runs/confirm_K5_i000744/gru/d128/n256/seed5/DONE.json,1.4622670528680597,1.447852050977226,1.4440206349740503,1.4422519893713317,0.0222693397565495,0.0016287921600022,3.041946079204924
done,confirm_K5_i000744,GRU,256,1,256,20,1.4791824780404568,16,28,399112,cpu,1.4873138219118118,1.431958146393299,1.4605161845684052,1.5404029339551926,project://predictive_profile_confirmatory64_v1/runs/confirm_K5_i000744/gru/d256/n256/seed1/DONE.json,1.4622670528680597,1.447852050977226,1.4440206349740503,1.4422519893713317,0.0790854784932018,0.0981509445838608,-2.652457837671092
done,confirm_K5_i000744,GRU,256,2,256,13,1.5075900107622149,16,21,399112,cpu,1.4602318033576012,1.5426336526870728,1.5042190626263618,1.4885892421007156,project://predictive_profile_confirmatory64_v1/runs/confirm_K5_i000744/gru/d256/n256/seed2/DONE.json,1.4622670528680597,1.447852050977226,1.4440206349740503,1.4422519893713317,0.0349245117765746,0.0463372527293839,-1.4168048354056069
done,confirm_K5_i000744,GRU,256,3,256,17,1.4880203306674955,16,25,399112,cpu,1.4876892119646072,1.4057784378528595,1.4162242710590365,1.489900924265385,project://predictive_profile_confirmatory64_v1/runs/confirm_K5_i000744/gru/d256/n256/seed3/DONE.json,1.4622670528680597,1.447852050977226,1.4440206349740503,1.4422519893713317,0.0596576866331145,0.0476489348940529,-0.1105023874213039
done,confirm_K5_i000744,GRU,256,4,256,25,1.4244762025773523,16,33,399112,cpu,1.4634583443403244,1.4949590265750885,1.4771937727928162,1.508772149682045,project://predictive_profile_confirmatory64_v1/runs/confirm_K5_i000744/gru/d256/n256/seed4/DONE.json,1.4622670528680597,1.447852050977226,1.4440206349740503,1.4422519893713317,0.0379366470364901,0.0665201603107132,-2.263985090485891
done,confirm_K5_i000744,GRU,256,5,256,11,1.5124184004962444,16,19,399112,cpu,1.4797642230987549,1.4681436493992803,1.4344439655542374,1.4656754657626152,project://predictive_profile_confirmatory64_v1/runs/confirm_K5_i000744/gru/d256/n256/seed5/DONE.json,1.4622670528680597,1.447852050977226,1.4440206349740503,1.4422519893713317,0.0168370082547107,0.0234234763912835,0.7039077012392626
done,confirm_K5_i000744,Transformer,8,1,256,42,1.503305308520794,16,48,1064,cpu,1.5876953080296516,1.5099404081702232,1.516070269048214,1.485725685954094,project://predictive_profile_confirmatory64_v1/runs/confirm_K5_i000744/transformer/d8/n256/seed1/DONE.json,1.4622670528680597,1.447852050977226,1.4440206349740503,1.4422519893713317,0.0443836666607141,0.0434736965827622,5.094643946157224
done,confirm_K5_i000744,Transformer,8,2,256,47,1.4641733020544052,16,48,1064,cpu,1.4830386638641355,1.428652010858059,1.461457997560501,1.487162135541439,project://predictive_profile_confirmatory64_v1/runs/confirm_K5_i000744/transformer/d8/n256/seed2/DONE.json,1.4622670528680597,1.447852050977226,1.4440206349740503,1.4422519893713317,0.0369037217101062,0.0449101461701073,-0.2060184159784158
done,confirm_K5_i000744,Transformer,8,3,256,48,1.563622772693634,16,48,1064,cpu,1.5087431743741035,1.4783480018377304,1.5672777742147446,1.520640343427658,project://predictive_profile_confirmatory64_v1/runs/confirm_K5_i000744/transformer/d8/n256/seed3/DONE.json,1.4622670528680597,1.447852050977226,1.4440206349740503,1.4422519893713317,0.0364872606334575,0.0783883540563263,-0.5944107574527281
done,confirm_K5_i000744,Transformer,8,4,256,48,1.518660508096218,16,48,1064,cpu,1.505684733390808,1.524742253124714,1.5291059985756874,1.5039413422346115,project://predictive_profile_confirmatory64_v1/runs/confirm_K5_i000744/transformer/d8/n256/seed4/DONE.json,1.4622670528680597,1.447852050977226,1.4440206349740503,1.4422519893713317,0.0166755295834215,0.0616893528632798,0.0871039533040501
done,confirm_K5_i000744,Transformer,8,5,256,47,1.4697334468364716,16,48,1064,cpu,1.519532985985279,1.4757659062743187,1.487240843474865,1.4133566841483116,project://predictive_profile_confirmatory64_v1/runs/confirm_K5_i000744/transformer/d8/n256/seed5/DONE.json,1.4622670528680597,1.447852050977226,1.4440206349740503,1.4422519893713317,0.0629517414988975,-0.02889530522302,5.304819635187512
done,confirm_K5_i000744,Transformer,32,1,256,28,1.5129006579518318,16,36,13448,cpu,1.4951960891485214,1.4216277599334717,1.4703688323497772,1.4676276072859764,project://predictive_profile_confirmatory64_v1/runs/confirm_K5_i000744/transformer/d32/n256/seed1/DONE.json,1.4622670528680597,1.447852050977226,1.4440206349740503,1.4422519893713317,0.0260794490180115,0.0253756179146447,1.3773866801397774
done,confirm_K5_i000744,Transformer,32,2,256,46,1.4461238756775856,16,48,13448,cpu,1.4507932513952255,1.3957828804850578,1.4446551203727722,1.544037640094757,project://predictive_profile_confirmatory64_v1/runs/confirm_K5_i000744/transformer/d32/n256/seed2/DONE.json,1.4622670528680597,1.447852050977226,1.4440206349740503,1.4422519893713317,0.1080862708321743,0.1017856507234253,-4.658710611374024
done,confirm_K5_i000744,Transformer,32,3,256,11,1.4848335459828377,16,19,13448,cpu,1.5260689482092855,1.420899122953415,1.568619690835476,1.4788748025894165,project://predictive_profile_confirmatory64_v1/runs/confirm_K5_i000744/transformer/d32/n256/seed3/DONE.json,1.4622670528680597,1.447852050977226,1.4440206349740503,1.4422519893713317,0.0559472891415503,0.0366228132180848,2.357931346437367
done,confirm_K5_i000744,Transformer,32,4,256,21,1.4757327772676945,16,29,13448,cpu,1.5016639828681946,1.5286590531468391,1.5101536139845848,1.4737059250473976,project://predictive_profile_confirmatory64_v1/runs/confirm_K5_i000744/transformer/d32/n256/seed4/DONE.json,1.4622670528680597,1.447852050977226,1.4440206349740503,1.4422519893713317,0.030419781301575,0.0314539356760659,1.396850818153411
done,confirm_K5_i000744,Transformer,32,5,256,22,1.434552330523729,16,30,13448,cpu,1.4821588322520256,1.485590711236,1.4991155937314034,1.4395149052143097,project://predictive_profile_confirmatory64_v1/runs/confirm_K5_i000744/transformer/d32/n256/seed5/DONE.json,1.4622670528680597,1.447852050977226,1.4440206349740503,1.4422519893713317,0.0370637846786442,-0.002737084157022,2.1305916438729877
done,confirm_K5_i000744,Transformer,128,1,256,29,1.520978469401598,16,37,201224,cpu,1.5214743092656136,1.4698084816336632,1.3593346402049065,1.502392277121544,project://predictive_profile_confirmatory64_v1/runs/confirm_K5_i000744/transformer/d128/n256/seed1/DONE.json,1.4622670528680597,1.447852050977226,1.4440206349740503,1.4422519893713317,0.0748891340556812,0.0601402877502121,0.9533835427096772
done,confirm_K5_i000744,Transformer,128,2,256,8,1.504054967314005,16,16,201224,cpu,1.5076355412602425,1.4425039738416672,1.4797866493463516,1.4814253374934196,project://predictive_profile_confirmatory64_v1/runs/confirm_K5_i000744/transformer/d128/n256/seed2/DONE.json,1.4622670528680597,1.447852050977226,1.4440206349740503,1.4422519893713317,0.0225396705456225,0.0391733481220879,1.3095238879011095
done,confirm_K5_i000744,Transformer,128,3,256,14,1.5361574403941631,16,22,201224,cpu,1.4426370039582253,1.511946253478527,1.4906518533825874,1.5148365944623947,project://predictive_profile_confirmatory64_v1/runs/confirm_K5_i000744/transformer/d128/n256/seed3/DONE.json,1.4622670528680597,1.447852050977226,1.4440206349740503,1.4422519893713317,0.0480864004395582,0.072584605091063,-3.607262625770458
done,confirm_K5_i000744,Transformer,128,4,256,11,1.4618722833693027,16,19,201224,cpu,1.471937395632267,1.4790577813982964,1.4520340785384178,1.5092928409576416,project://predictive_profile_confirmatory64_v1/runs/confirm_K5_i000744/transformer/d128/n256/seed4/DONE.json,1.4622670528680597,1.447852050977226,1.4440206349740503,1.4422519893713317,0.0448881000077504,0.0670408515863099,-1.8663665659357696
done,confirm_K5_i000744,Transformer,128,5,256,5,1.505226697772741,16,13,201224,cpu,1.4187225326895714,1.4853161051869392,1.4298641011118889,1.49339110404253,project://predictive_profile_confirmatory64_v1/runs/confirm_K5_i000744/transformer/d128/n256/seed5/DONE.json,1.4622670528680597,1.447852050977226,1.4440206349740503,1.4422519893713317,0.057912692271138,0.0511391146711983,-3.730618759474098
done,confirm_K5_i000744,Transformer,256,1,256,24,1.48665814101696,16,32,795656,cpu,1.4558901637792587,1.469808541238308,1.4710474535822868,1.4931634664535522,project://predictive_profile_confirmatory64_v1/runs/confirm_K5_i000744/transformer/d256/n256/seed1/DONE.json,1.4622670528680597,1.447852050977226,1.4440206349740503,1.4422519893713317,0.0342447991335042,0.0509114770822205,-1.862262524442496
done,confirm_K5_i000744,Transformer,256,2,256,4,1.5168331675231457,16,12,795656,cpu,1.5255667194724083,1.4663889408111572,1.5082572922110558,1.4956205487251282,project://predictive_profile_confirmatory64_v1/runs/confirm_K5_i000744/transformer/d256/n256/seed2/DONE.json,1.4622670528680597,1.447852050977226,1.4440206349740503,1.4422519893713317,0.0189075887169814,0.0533685593537964,1.4961816509937946
done,confirm_K5_i000744,Transformer,256,3,256,17,1.4462446682155132,16,25,795656,cpu,1.4467846900224686,1.5005251839756966,1.530150130391121,1.512062020599842,project://predictive_profile_confirmatory64_v1/runs/confirm_K5_i000744/transformer/d256/n256/seed3/DONE.json,1.4622670528680597,1.447852050977226,1.4440206349740503,1.4422519893713317,0.044257176478059,0.0698100312285103,-3.261410116837494
done,confirm_K5_i000744,Transformer,256,4,256,32,1.476580373942852,16,40,795656,cpu,1.4960089474916458,1.58463042229414,1.3981661424040794,1.3855602033436298,project://predictive_profile_confirmatory64_v1/runs/confirm_K5_i000744/transformer/d256/n256/seed4/DONE.json,1.4622670528680597,1.447852050977226,1.4440206349740503,1.4422519893713317,0.1069186598641444,-0.0566917860277018,5.518280977028718
done,confirm_K5_i000744,Transformer,256,5,256,26,1.4954038858413696,16,34,795656,cpu,1.4736240580677986,1.529422827064991,1.6171487793326378,1.4534139037132263,project://predictive_profile_confirmatory64_v1/runs/confirm_K5_i000744/transformer/d256/n256/seed5/DONE.json,1.4622670528680597,1.447852050977226,1.4440206349740503,1.4422519893713317,0.088304169690072,0.0111619143418946,1.009747201545286
done,confirm_K5_i000940,GRU,8,1,256,25,1.9882939495146277,16,33,576,cpu,2.013600215315819,1.9796789661049845,1.9621000066399572,1.9974328130483627,project://predictive_profile_confirmatory64_v1/runs/confirm_K5_i000940/gru/d8/n256/seed1/DONE.json,1.983919535478593,1.9838193477283572,1.9838151191616031,1.983814947316984,0.0213412083675003,0.013617865731379,154.58157040613614
done,confirm_K5_i000940,GRU,8,2,256,41,1.989194881170988,16,48,576,cpu,2.00252278894186,1.97494238615036,2.0223764181137085,1.968331560492516,project://predictive_profile_confirmatory64_v1/runs/confirm_K5_i000940/gru/d8/n256/seed2/DONE.json,1.983919535478593,1.9838193477283572,1.9838151191616031,1.983814947316984,0.0321184213549297,-0.0154833868244681,326.9129882698404
done,confirm_K5_i000940,GRU,8,3,256,35,1.989275075495243,16,43,576,cpu,2.001524344086647,1.9725916981697085,2.006032407283783,1.9696780666708944,project://predictive_profile_confirmatory64_v1/runs/confirm_K5_i000940/gru/d8/n256/seed3/DONE.json,1.983919535478593,1.9838193477283572,1.9838151191616031,1.983814947316984,0.0241744909411681,-0.014136880646089,304.49218081409725
done,confirm_K5_i000940,GRU,8,4,256,46,2.0030746534466743,16,48,576,cpu,1.9863083958625796,1.9982951655983925,2.0285668298602104,1.993679627776146,project://predictive_profile_confirmatory64_v1/runs/confirm_K5_i000940/gru/d8/n256/seed4/DONE.json,1.983919535478593,1.9838193477283572,1.9838151191616031,1.983814947316984,0.0179878803152727,0.0098646804591622,-70.47864500288983
done,confirm_K5_i000940,GRU,8,5,256,48,1.9633552208542824,16,48,576,cpu,2.025736011564732,1.9991699159145355,1.971006155014038,1.9723609760403635,project://predictive_profile_confirmatory64_v1/runs/confirm_K5_i000940/gru/d8/n256/seed5/DONE.json,1.983919535478593,1.9838193477283572,1.9838151191616031,1.983814947316984,0.0298247376506546,-0.0114539712766204,510.335344871605
done,confirm_K5_i000940,GRU,32,1,256,19,1.994432911276817,16,27,6888,cpu,1.9847357049584389,1.9706066772341728,1.9754671156406405,2.016308896243572,project://predictive_profile_confirmatory64_v1/runs/confirm_K5_i000940/gru/d32/n256/seed1/DONE.json,1.983919535478593,1.9838193477283572,1.9838151191616031,1.983814947316984,0.0344987023280583,0.0324939489265885,-301.8811192329673
done,confirm_K5_i000940,GRU,32,2,256,22,1.988191533833742,16,30,6888,cpu,1.9955273494124413,1.9665911495685575,1.9718263447284696,2.0051443055272102,project://predictive_profile_confirmatory64_v1/runs/confirm_K5_i000940/gru/d32/n256/seed2/DONE.json,1.983919535478593,1.9838193477283572,1.9838151191616031,1.983814947316984,0.0259388296728372,0.0213293582102265,-91.95071379774608
done,confirm_K5_i000940,GRU,32,3,256,26,1.9909292198717596,16,34,6888,cpu,1.983314760029316,1.9918623864650729,1.9888997226953504,2.004343204200268,project://predictive_profile_confirmatory64_v1/runs/confirm_K5_i000940/gru/d32/n256/seed3/DONE.json,1.983919535478593,1.9838193477283572,1.9838151191616031,1.983814947316984,0.0144999323836107,0.020528256883284,-201.0595066151577
done,confirm_K5_i000940,GRU,32,4,256,26,1.9867904037237167,16,34,6888,cpu,1.990237817168236,1.9672786518931389,1.9976686984300611,2.023898221552372,project://predictive_profile_confirmatory64_v1/runs/confirm_K5_i000940/gru/d32/n256/seed4/DONE.json,1.983919535478593,1.9838193477283572,1.9838151191616031,1.983814947316984,0.0354765612983749,0.0400832742353882,-321.8376139919045
done,confirm_K5_i000940,GRU,32,5,256,30,1.9732812903821468,16,38,6888,cpu,1.9896782711148264,1.9807386845350263,2.000711612403393,1.989548482000828,project://predictive_profile_confirmatory64_v1/runs/confirm_K5_i000940/gru/d32/n256/seed5/DONE.json,1.983919535478593,1.9838193477283572,1.9838151191616031,1.983814947316984,0.0071116517608852,0.005733534683844,1.240954157730167
done,confirm_K5_i000940,GRU,128,1,256,14,1.9993963725864887,16,22,101256,cpu,2.0117172822356224,2.0053594037890434,2.038577452301979,2.0414537116885185,project://predictive_profile_confirmatory64_v1/runs/confirm_K5_i000940/gru/d128/n256/seed1/DONE.json,1.983919535478593,1.9838193477283572,1.9838151191616031,1.983814947316984,0.0234620807400396,0.0576387643715348,-284.31926706944336
done,confirm_K5_i000940,GRU,128,2,256,20,1.9603169672191143,16,28,101256,cpu,2.02339556068182,1.9927117675542831,1.9975138381123545,2.013206660747528,project://predictive_profile_confirmatory64_v1/runs/confirm_K5_i000940/gru/d128/n256/seed2/DONE.json,1.983919535478593,1.9838193477283572,1.9838151191616031,1.983814947316984,0.013858070373972,0.0293917134305443,97.41924685848986
done,confirm_K5_i000940,GRU,128,3,256,5,1.999134097248316,16,13,101256,cpu,2.0174442529678345,2.0131493285298347,2.0034837797284126,2.021845482289791,project://predictive_profile_confirmatory64_v1/runs/confirm_K5_i000940/gru/d128/n256/seed3/DONE.json,1.983919535478593,1.9838193477283572,1.9838151191616031,1.983814947316984,0.0104062537181386,0.0380305349728073,-42.08152485171283
done,confirm_K5_i000940,GRU,128,4,256,5,2.009206712245941,16,13,101256,cpu,2.0152973160147667,1.968006283044815,1.976773977279663,2.026372991502285,project://predictive_profile_confirmatory64_v1/runs/confirm_K5_i000940/gru/d128/n256/seed4/DONE.json,1.983919535478593,1.9838193477283572,1.9838151191616031,1.983814947316984,0.0387048572674516,0.0425580441853012,-105.89798421826036
done,confirm_K5_i000940,GRU,128,5,256,3,2.026993628591299,16,12,101256,cpu,2.0112531632184982,2.051287144422531,2.058138288557529,2.0680429115891457,project://predictive_profile_confirmatory64_v1/runs/confirm_K5_i000940/gru/d128/n256/seed5/DONE.json,1.983919535478593,1.9838193477283572,1.9838151191616031,1.983814947316984,0.0300664834501319,0.0842279642721619,-542.9844783274087
done,confirm_K5_i000940,GRU,256,1,256,44,1.989587180316448,16,48,399112,cpu,2.000563681125641,1.95728712528944,1.9878786355257037,2.00619588047266,project://predictive_profile_confirmatory64_v1/runs/confirm_K5_i000940/gru/d256/n256/seed1/DONE.json,1.983919535478593,1.9838193477283572,1.9838151191616031,1.983814947316984,0.0262723013792872,0.0223809331556763,-53.85121279843285
done,confirm_K5_i000940,GRU,256,2,256,9,2.014833014458418,16,17,399112,cpu,2.007685534656048,2.031324565410614,2.021081507205963,2.03470491617918,project://predictive_profile_confirmatory64_v1/runs/confirm_K5_i000940/gru/d256/n256/seed2/DONE.json,1.983919535478593,1.9838193477283572,1.9838151191616031,1.983814947316984,0.0152706272489787,0.0508899688621964,-258.34072525403536
done,confirm_K5_i000940,GRU,256,3,256,27,1.9902740344405172,16,35,399112,cpu,2.0089585557579994,1.9940332621335983,2.004353992640972,1.994659349322319,project://predictive_profile_confirmatory64_v1/runs/confirm_K5_i000940/gru/d256/n256/seed3/DONE.json,1.983919535478593,1.9838193477283572,1.9838151191616031,1.983814947316984,0.0086003994052793,0.0108444020053353,136.71916797903793
done,confirm_K5_i000940,GRU,256,4,256,48,1.9859089702367785,16,48,399112,cpu,1.9757592603564265,2.02551206946373,1.9806873053312304,2.013470433652401,project://predictive_profile_confirmatory64_v1/runs/confirm_K5_i000940/gru/d256/n256/seed4/DONE.json,1.983919535478593,1.9838193477283572,1.9838151191616031,1.983814947316984,0.0257374805509937,0.0296554863354172,-360.568277668456
done,confirm_K5_i000940,GRU,256,5,256,35,1.9852655716240408,16,43,399112,cpu,1.984300404787064,2.035853013396263,1.9835198894143105,2.0640067607164383,project://predictive_profile_confirmatory64_v1/runs/confirm_K5_i000940/gru/d256/n256/seed5/DONE.json,1.983919535478593,1.9838193477283572,1.9838151191616031,1.983814947316984,0.058396986640734,0.0801918133994545,-762.0973033939308
done,confirm_K5_i000940,Transformer,8,1,256,33,2.0010881014168262,16,41,1064,cpu,1.9906638860702517,1.9815468043088915,1.993453785777092,1.9836093708872795,project://predictive_profile_confirmatory64_v1/runs/confirm_K5_i000940/transformer/d8/n256/seed1/DONE.json,1.983919535478593,1.9838193477283572,1.9838151191616031,1.983814947316984,0.0061131611967922,-0.0002055764297042,67.45041766127378
done,confirm_K5_i000940,Transformer,8,2,256,36,1.9986338205635548,16,44,1064,cpu,1.9532895386219025,2.030316509306431,2.008540153503418,1.9746152088046076,project://predictive_profile_confirmatory64_v1/runs/confirm_K5_i000940/transformer/d8/n256/seed2/DONE.json,1.983919535478593,1.9838193477283572,1.9838151191616031,1.983814947316984,0.0343230639133442,-0.0091997385123763,-203.90137712114677
done,confirm_K5_i000940,Transformer,8,3,256,42,1.9859651029109957,16,48,1064,cpu,1.9840443804860115,1.9986431673169136,1.986875765025616,1.9979962334036827,project://predictive_profile_confirmatory64_v1/runs/confirm_K5_i000940/transformer/d8/n256/seed3/DONE.json,1.983919535478593,1.9838193477283572,1.9838151191616031,1.983814947316984,0.0089675111385312,0.0141812860866989,-133.39801276735378
done,confirm_K5_i000940,Transformer,8,4,256,45,1.9688506796956065,16,48,1064,cpu,2.0117616951465607,1.984816402196884,1.9727118089795117,1.9986993372440336,project://predictive_profile_confirmatory64_v1/runs/confirm_K5_i000940/transformer/d8/n256/seed4/DONE.json,1.983919535478593,1.9838193477283572,1.9838151191616031,1.983814947316984,0.0160944279158882,0.0148843899270501,124.89327378487538
done,confirm_K5_i000940,Transformer,8,5,256,42,2.005258612334728,16,48,1064,cpu,2.001097671687603,1.9999519884586332,1.9779529720544813,2.0093367770314217,project://predictive_profile_confirmatory64_v1/runs/confirm_K5_i000940/transformer/d8/n256/seed5/DONE.json,1.983919535478593,1.9838193477283572,1.9838151191616031,1.983814947316984,0.0169021307253628,0.0255218297144379,-78.77665327550986
done,confirm_K5_i000940,Transformer,32,1,256,31,2.001442205160856,16,39,13448,cpu,2.021489307284355,2.0054783448576927,2.0195064023137093,1.9885309636592865,project://predictive_profile_confirmatory64_v1/runs/confirm_K5_i000940/transformer/d32/n256/seed1/DONE.json,1.983919535478593,1.9838193477283572,1.9838151191616031,1.983814947316984,0.0241137979170694,0.0047160163423027,315.1249923312412
done,confirm_K5_i000940,Transformer,32,2,256,17,1.9783949851989744,16,25,13448,cpu,1.9835687652230265,1.987320341169834,1.99983399361372,2.02229131013155,project://predictive_profile_confirmatory64_v1/runs/confirm_K5_i000940/transformer/d32/n256/seed2/DONE.json,1.983919535478593,1.9838193477283572,1.9838151191616031,1.983814947316984,0.0284392400952424,0.0384763628145661,-370.2383167721829
done,confirm_K5_i000940,Transformer,32,3,256,5,2.021355211734772,16,13,13448,cpu,1.9905532598495483,1.9955600276589396,1.9868925884366035,1.979303911328316,project://predictive_profile_confirmatory64_v1/runs/confirm_K5_i000940/transformer/d32/n256/seed3/DONE.json,1.983919535478593,1.9838193477283572,1.9838151191616031,1.983814947316984,0.0105582830745599,-0.0045110359886679,107.5585262054412
done,confirm_K5_i000940,Transformer,32,4,256,19,1.9772941209375856,16,27,13448,cpu,1.983774282038212,1.99316830188036,1.9981027841567995,2.01695154607296,project://predictive_profile_confirmatory64_v1/runs/confirm_K5_i000940/transformer/d32/n256/seed4/DONE.json,1.983919535478593,1.9838193477283572,1.9838151191616031,1.983814947316984,0.0225211901625081,0.0331365987559761,-317.21815857788783
done,confirm_K5_i000940,Transformer,32,5,256,21,1.9678407534956928,16,29,13448,cpu,1.97111950814724,2.0317651852965355,1.989629149436951,1.9650280848145485,project://predictive_profile_confirmatory64_v1/runs/confirm_K5_i000940/transformer/d32/n256/seed5/DONE.json,1.983919535478593,1.9838193477283572,1.9838151191616031,1.983814947316984,0.0356871803997741,-0.0187868625024352,58.24199640726504
done,confirm_K5_i000940,Transformer,128,1,256,15,2.015242528170347,16,23,201224,cpu,1.991072542965412,2.0063325986266136,2.01370133459568,1.9986460283398628,project://predictive_profile_confirmatory64_v1/runs/confirm_K5_i000940/transformer/d128/n256/seed1/DONE.json,1.983919535478593,1.9838193477283572,1.9838151191616031,1.983814947316984,0.0092820474486846,0.0148310810228791,-72.41245335913226
done,confirm_K5_i000940,Transformer,128,2,256,5,2.0256715789437294,16,13,201224,cpu,1.999522678554058,2.0054607912898064,2.0276969522237778,2.040292635560036,project://predictive_profile_confirmatory64_v1/runs/confirm_K5_i000940/transformer/d128/n256/seed2/DONE.json,1.983919535478593,1.9838193477283572,1.9838151191616031,1.983814947316984,0.0275814609561896,0.0564776882430519,-389.8142617543926
done,confirm_K5_i000940,Transformer,128,3,256,30,2.005155581980944,16,38,201224,cpu,2.0027230232954025,2.003887504339218,1.9958289340138435,1.994012102484703,project://predictive_profile_confirmatory64_v1/runs/confirm_K5_i000940/transformer/d128/n256/seed3/DONE.json,1.983919535478593,1.9838193477283572,1.9838151191616031,1.983814947316984,0.0066107088040288,0.0101971551677193,83.2878279593457
done,confirm_K5_i000940,Transformer,128,4,256,19,2.001100145280361,16,27,201224,cpu,2.01641546189785,2.022824816405773,2.016704559326172,2.006013996899128,project://predictive_profile_confirmatory64_v1/runs/confirm_K5_i000940/transformer/d128/n256/seed4/DONE.json,1.983919535478593,1.9838193477283572,1.9838151191616031,1.983814947316984,0.0112112203417978,0.0221990495821442,99.4516476690548
done,confirm_K5_i000940,Transformer,128,5,256,11,1.9986638724803925,16,19,201224,cpu,2.0619748309254646,2.0321787372231483,2.0501979663968086,1.989939905703068,project://predictive_profile_confirmatory64_v1/runs/confirm_K5_i000940/transformer/d128/n256/seed5/DONE.json,1.983919535478593,1.9838193477283572,1.9838151191616031,1.983814947316984,0.0514507865083413,0.006124958386084,688.7483641933794
done,confirm_K5_i000940,Transformer,256,1,256,13,1.9776099920272827,16,21,795656,cpu,2.040457047522068,2.036235310137272,2.001004055142402,1.998176783323288,project://predictive_profile_confirmatory64_v1/runs/confirm_K5_i000940/transformer/d256/n256/seed1/DONE.json,1.983919535478593,1.9838193477283572,1.9838151191616031,1.983814947316984,0.0284380760588862,0.0143618360063042,404.2547793958095
done,confirm_K5_i000940,Transformer,256,2,256,16,2.0154620334506035,16,24,795656,cpu,2.025442346930504,1.9978994652628896,2.011933073401451,2.002798348665237,project://predictive_profile_confirmatory64_v1/runs/confirm_K5_i000940/transformer/d256/n256/seed2/DONE.json,1.983919535478593,1.9838193477283572,1.9838151191616031,1.983814947316984,0.0124047093527828,0.0189834013482537,216.50632267403128
done,confirm_K5_i000940,Transformer,256,3,256,34,2.008203636854887,16,42,795656,cpu,1.982417576014996,2.013229712843895,2.0046907290816307,1.9976850897073744,project://predictive_profile_confirmatory64_v1/runs/confirm_K5_i000940/transformer/d256/n256/seed3/DONE.json,1.983919535478593,1.9838193477283572,1.9838151191616031,1.983814947316984,0.0114768964997658,0.0138701423903908,-145.97745535878784
done,confirm_K5_i000940,Transformer,256,4,256,9,1.983121421188116,16,17,795656,cpu,2.032258488237858,2.028704881668091,2.015796646475792,2.035516031086445,project://predictive_profile_confirmatory64_v1/runs/confirm_K5_i000940/transformer/d256/n256/seed4/DONE.json,1.983919535478593,1.9838193477283572,1.9838151191616031,1.983814947316984,0.0105666521567133,0.0517010837694611,-31.146382137932477
done,confirm_K5_i000940,Transformer,256,5,256,9,2.013599675148725,16,17,795656,cpu,2.005010887980461,2.009673558175564,2.011569581925869,2.061457999050617,project://predictive_profile_confirmatory64_v1/runs/confirm_K5_i000940/transformer/d256/n256/seed5/DONE.json,1.983919535478593,1.9838193477283572,1.9838151191616031,1.983814947316984,0.0457412562058184,0.0776430517336335,-539.7084163408591
done,confirm_K5_i000922,GRU,8,1,256,48,1.853207431733608,16,48,576,cpu,1.9041387289762497,1.89643906801939,1.8739816173911092,1.8985755294561384,project://predictive_profile_confirmatory64_v1/runs/confirm_K5_i000922/gru/d8/n256/seed1/DONE.json,1.8715824272785957,1.8502535112974845,1.8421741949512147,1.838843305576066,0.020626666435905,0.0597322238800726,0.1699251302664391
done,confirm_K5_i000922,GRU,8,2,256,46,1.8562603741884232,16,48,576,cpu,1.894305519759655,1.9038741514086723,1.833871729671955,1.8642431050539017,project://predictive_profile_confirmatory64_v1/runs/confirm_K5_i000922/gru/d8/n256/seed2/DONE.json,1.8715824272785957,1.8502535112974845,1.8421741949512147,1.838843305576066,0.0220194417286009,0.0253997994778356,0.9182413315452772
done,confirm_K5_i000922,GRU,8,3,256,48,1.8775364570319653,16,48,576,cpu,1.8950957134366035,1.881035313010216,1.870904266834259,1.8836551532149317,project://predictive_profile_confirmatory64_v1/runs/confirm_K5_i000922/gru/d8/n256/seed3/DONE.json,1.8715824272785957,1.8502535112974845,1.8421741949512147,1.838843305576066,0.0150755963505909,0.0448118476388654,0.3494461557528046
done,confirm_K5_i000922,GRU,8,4,256,48,1.86723468080163,16,48,576,cpu,1.904319949448109,1.8631425276398657,1.8654829412698744,1.8844233825802803,project://predictive_profile_confirmatory64_v1/runs/confirm_K5_i000922/gru/d8/n256/seed4/DONE.json,1.8715824272785957,1.8502535112974845,1.8421741949512147,1.838843305576066,0.0207945235121127,0.0455800770042142,0.6077306241936011
done,confirm_K5_i000922,GRU,8,5,256,47,1.8775935396552088,16,48,576,cpu,1.8973085656762123,1.8738778829574585,1.890536941587925,1.895601786673069,project://predictive_profile_confirmatory64_v1/runs/confirm_K5_i000922/gru/d8/n256/seed5/DONE.json,1.8715824272785957,1.8502535112974845,1.8421741949512147,1.838843305576066,0.0230833482121034,0.0567584810970029,0.0521327059000319
done,confirm_K5_i000922,GRU,32,1,256,48,1.8691734969615936,16,48,6888,cpu,1.8429932966828344,1.8331621885299685,1.880784459412098,1.869776733219624,project://predictive_profile_confirmatory64_v1/runs/confirm_K5_i000922/gru/d32/n256/seed1/DONE.json,1.8715824272785957,1.8502535112974845,1.8421741949512147,1.838843305576066,0.038432555909407,0.0309334276435575,-0.8180865931635486
done,confirm_K5_i000922,GRU,32,2,256,24,1.846016027033329,16,32,6888,cpu,1.865395084023476,1.865508422255516,1.8922223597764969,1.8773723468184471,project://predictive_profile_confirmatory64_v1/runs/confirm_K5_i000922/gru/d32/n256/seed2/DONE.json,1.8715824272785957,1.8502535112974845,1.8421741949512147,1.838843305576066,0.0258550304154691,0.0385290412423811,-0.3658394658170127
done,confirm_K5_i000922,GRU,32,3,256,27,1.869142666459084,16,35,6888,cpu,1.918222278356552,1.9115978702902796,1.804823413491249,1.8977174758911133,project://predictive_profile_confirmatory64_v1/runs/confirm_K5_i000922/gru/d32/n256/seed3/DONE.json,1.8715824272785957,1.8502535112974845,1.8421741949512147,1.838843305576066,0.0485155174748303,0.0588741703150472,0.626308874494173
done,confirm_K5_i000922,GRU,32,4,256,41,1.822536747902632,16,48,6888,cpu,1.8917793184518812,1.8468907848000529,1.798106163740158,1.848160907626152,project://predictive_profile_confirmatory64_v1/runs/confirm_K5_i000922/gru/d32/n256/seed4/DONE.json,1.8715824272785957,1.8502535112974845,1.8421741949512147,1.838843305576066,0.0279695169005132,0.009317602050086,1.3323024124486411
done,confirm_K5_i000922,GRU,32,5,256,44,1.881393637508154,16,48,6888,cpu,1.8877314329147337,1.854136444628239,1.881528787314892,1.8437784016132357,project://predictive_profile_confirmatory64_v1/runs/confirm_K5_i000922/gru/d32/n256/seed5/DONE.json,1.8715824272785957,1.8502535112974845,1.8421741949512147,1.838843305576066,0.0181077368976985,0.0049350960371694,1.3425232265196303
done,confirm_K5_i000922,GRU,128,1,256,19,1.845445178449154,16,27,101256,cpu,1.8822737708687785,1.8809059783816335,1.9087090119719503,1.870166666805744,project://predictive_profile_confirmatory64_v1/runs/confirm_K5_i000922/gru/d128/n256/seed1/DONE.json,1.8715824272785957,1.8502535112974845,1.8421741949512147,1.838843305576066,0.0204081899598944,0.0313233612296781,0.3698054020214822
done,confirm_K5_i000922,GRU,128,2,256,9,1.8756202720105648,16,17,101256,cpu,1.8867324367165563,1.8742569610476492,1.8364346623420715,1.8635782301425932,project://predictive_profile_confirmatory64_v1/runs/confirm_K5_i000922/gru/d128/n256/seed2/DONE.json,1.8715824272785957,1.8502535112974845,1.8421741949512147,1.838843305576066,0.0159773135537593,0.0247349245665273,0.7072335899644615
done,confirm_K5_i000922,GRU,128,3,256,20,1.8789834938943384,16,28,101256,cpu,1.885135628283024,1.8116238489747047,1.895177036523819,1.9178264886140823,project://predictive_profile_confirmatory64_v1/runs/confirm_K5_i000922/gru/d128/n256/seed3/DONE.json,1.8715824272785957,1.8502535112974845,1.8421741949512147,1.838843305576066,0.0685361986205784,0.0789831830380163,-0.9985258806907148
done,confirm_K5_i000922,GRU,128,4,256,9,1.854074973613024,16,17,101256,cpu,1.9115434139966965,1.8474109843373296,1.8930330350995064,1.9058546051383016,project://predictive_profile_confirmatory64_v1/runs/confirm_K5_i000922/gru/d128/n256/seed4/DONE.json,1.8715824272785957,1.8502535112974845,1.8421741949512147,1.838843305576066,0.0383150703049885,0.0670112995622358,0.1737618043050659
done,confirm_K5_i000922,GRU,128,5,256,5,1.8640598431229591,16,13,101256,cpu,1.925816796720028,1.8835332468152048,1.9159742072224617,1.913039602339268,project://predictive_profile_confirmatory64_v1/runs/confirm_K5_i000922/gru/d128/n256/seed5/DONE.json,1.8715824272785957,1.8502535112974845,1.8421741949512147,1.838843305576066,0.0227640097959112,0.0741962967632017,0.3902729736263236
done,confirm_K5_i000922,GRU,256,1,256,18,1.8741624131798744,16,26,399112,cpu,1.8942225947976112,1.8439953178167343,1.8717222586274147,1.884372405707836,project://predictive_profile_confirmatory64_v1/runs/confirm_K5_i000922/gru/d256/n256/seed1/DONE.json,1.8715824272785957,1.8502535112974845,1.8421741949512147,1.838843305576066,0.029416069341666,0.0455291001317701,0.3008690697103861
done,confirm_K5_i000922,GRU,256,2,256,11,1.8627105057239528,16,19,399112,cpu,1.8838885724544523,1.891015499830246,1.8741190060973167,1.901522420346737,project://predictive_profile_confirmatory64_v1/runs/confirm_K5_i000922/gru/d256/n256/seed2/DONE.json,1.8715824272785957,1.8502535112974845,1.8421741949512147,1.838843305576066,0.0314737744305304,0.0626791147706709,-0.5386170115529428
done,confirm_K5_i000922,GRU,256,3,256,18,1.882802739739418,16,26,399112,cpu,1.859485201537609,1.8368532434105875,1.8982216566801071,1.8867798373103144,project://predictive_profile_confirmatory64_v1/runs/confirm_K5_i000922/gru/d256/n256/seed3/DONE.json,1.8715824272785957,1.8502535112974845,1.8421741949512147,1.838843305576066,0.0431046465295151,0.0479365317342481,-0.8337009166191667
done,confirm_K5_i000922,GRU,256,4,256,13,1.8636024594306944,16,21,399112,cpu,1.8910948187112808,1.9381738752126692,1.908404640853405,1.9030059799551964,project://predictive_profile_confirmatory64_v1/runs/confirm_K5_i000922/gru/d256/n256/seed4/DONE.json,1.8715824272785957,1.8502535112974845,1.8421741949512147,1.838843305576066,0.0253098363208887,0.0641626743791303,-0.3638204271984294
done,confirm_K5_i000922,GRU,256,5,256,9,1.884497232735157,16,17,399112,cpu,1.9483779817819595,1.8790182024240492,1.890861727297306,1.9428580030798912,project://predictive_profile_confirmatory64_v1/runs/confirm_K5_i000922/gru/d256/n256/seed5/DONE.json,1.8715824272785957,1.8502535112974845,1.8421741949512147,1.838843305576066,0.0486429347640754,0.1040146975038252,0.168604972125501
done,confirm_K5_i000922,Transformer,8,1,256,48,1.8718870915472507,16,48,1064,cpu,1.8886258751153944,1.9018925577402117,1.858489066362381,1.9136133417487144,project://predictive_profile_confirmatory64_v1/runs/confirm_K5_i000922/transformer/d8/n256/seed1/DONE.json,1.8715824272785957,1.8502535112974845,1.8421741949512147,1.838843305576066,0.0426743716241795,0.0747700361726484,-0.76322959608869
done,confirm_K5_i000922,Transformer,8,2,256,48,1.9240995422005651,16,48,1064,cpu,1.90235149115324,1.8874984458088877,1.934457644820213,1.9011757895350456,project://predictive_profile_confirmatory64_v1/runs/confirm_K5_i000922/transformer/d8/n256/seed2/DONE.json,1.8715824272785957,1.8502535112974845,1.8421741949512147,1.838843305576066,0.0251132185494407,0.0623324839589796,0.0359112143837307
done,confirm_K5_i000922,Transformer,8,3,256,48,1.888494282960892,16,48,1064,cpu,1.891960196197033,1.8797236382961275,1.8074393719434736,1.901996128261089,project://predictive_profile_confirmatory64_v1/runs/confirm_K5_i000922/transformer/d8/n256/seed3/DONE.json,1.8715824272785957,1.8502535112974845,1.8421741949512147,1.838843305576066,0.0560049560144183,0.0631528226850233,-0.30654249540485
done,confirm_K5_i000922,Transformer,8,4,256,48,1.877087097615004,16,48,1064,cpu,1.8922683522105217,1.876843482255936,1.8710285350680351,1.8905079290270803,project://predictive_profile_confirmatory64_v1/runs/confirm_K5_i000922/transformer/d8/n256/seed4/DONE.json,1.8715824272785957,1.8502535112974845,1.8421741949512147,1.838843305576066,0.0229604387226462,0.0516646234510145,0.053771240396628
done,confirm_K5_i000922,Transformer,8,5,256,47,1.8945586308836937,16,48,1064,cpu,1.898125484585762,1.9164604917168615,1.888892911374569,1.9284368827939036,project://predictive_profile_confirmatory64_v1/runs/confirm_K5_i000922/transformer/d8/n256/seed5/DONE.json,1.8715824272785957,1.8502535112974845,1.8421741949512147,1.838843305576066,0.0398765427882292,0.0895935772178373,-0.9258464073518392
done,confirm_K5_i000922,Transformer,32,1,256,21,1.8815295472741127,16,29,13448,cpu,1.8787561878561971,1.8680145144462583,1.8898651525378227,1.8729283809661863,project://predictive_profile_confirmatory64_v1/runs/confirm_K5_i000922/transformer/d32/n256/seed1/DONE.json,1.8715824272785957,1.8502535112974845,1.8421741949512147,1.838843305576066,0.0171450738539081,0.0340850753901205,0.1780074292451348
done,confirm_K5_i000922,Transformer,32,2,256,21,1.8360857143998144,16,29,13448,cpu,1.848894439637661,1.8441200479865076,1.8543435633182528,1.8624055236577988,project://predictive_profile_confirmatory64_v1/runs/confirm_K5_i000922/transformer/d32/n256/seed2/DONE.json,1.8715824272785957,1.8502535112974845,1.8421741949512147,1.838843305576066,0.0280656019327395,0.0235622180817327,-0.4126892634109362
done,confirm_K5_i000922,Transformer,32,3,256,21,1.879419818520546,16,29,13448,cpu,1.944560594856739,1.8862140476703644,1.8458910658955572,1.8780537843704224,project://predictive_profile_confirmatory64_v1/runs/confirm_K5_i000922/transformer/d32/n256/seed3/DONE.json,1.8715824272785957,1.8502535112974845,1.8421741949512147,1.838843305576066,0.0245490077689108,0.0392104787943563,2.031417063982469
done,confirm_K5_i000922,Transformer,32,4,256,34,1.8455970585346224,16,42,13448,cpu,1.9215437546372411,1.873057805001736,1.8757350742816925,1.8345747739076612,project://predictive_profile_confirmatory64_v1/runs/confirm_K5_i000922/transformer/d32/n256/seed4/DONE.json,1.8715824272785957,1.8502535112974845,1.8421741949512147,1.838843305576066,0.0357242208462076,-0.0042685316684045,2.65642375870032
done,confirm_K5_i000922,Transformer,32,5,256,19,1.8528123795986176,16,27,13448,cpu,1.891761489212513,1.923371449112892,1.8571415022015567,1.877998031675816,project://predictive_profile_confirmatory64_v1/runs/confirm_K5_i000922/transformer/d32/n256/seed5/DONE.json,1.8715824272785957,1.8502535112974845,1.8421741949512147,1.838843305576066,0.0229052767456197,0.0391547260997495,0.4203978854947138
done,confirm_K5_i000922,Transformer,128,1,256,9,1.897253155708313,16,17,201224,cpu,1.9122831225395205,1.878117248415947,1.8716380298137665,1.8829176649451256,project://predictive_profile_confirmatory64_v1/runs/confirm_K5_i000922/transformer/d128/n256/seed1/DONE.json,1.8715824272785957,1.8502535112974845,1.8421741949512147,1.838843305576066,0.0110412104139596,0.0440743593690595,0.8969531272467237
done,confirm_K5_i000922,Transformer,128,2,256,12,1.8782554939389229,16,20,201224,cpu,1.889817491173744,1.8742349296808245,1.9477775990962984,1.9372615367174149,project://predictive_profile_confirmatory64_v1/runs/confirm_K5_i000922/transformer/d128/n256/seed2/DONE.json,1.8715824272785957,1.8502535112974845,1.8421741949512147,1.838843305576066,0.0548219985824498,0.0984182311413488,-1.4491545000733908
done,confirm_K5_i000922,Transformer,128,3,256,13,1.8871806226670744,16,21,201224,cpu,1.911058269441128,1.8726082816720009,1.8743094503879547,1.8739277943968773,project://predictive_profile_confirmatory64_v1/runs/confirm_K5_i000922/transformer/d128/n256/seed3/DONE.json,1.8715824272785957,1.8502535112974845,1.8421741949512147,1.838843305576066,0.0068925266312053,0.0350844888208112,1.1341316783517132
done,confirm_K5_i000922,Transformer,128,4,256,14,1.880784597247839,16,22,201224,cpu,1.913250342011452,1.8630454167723656,1.910709984600544,1.9042942598462105,project://predictive_profile_confirmatory64_v1/runs/confirm_K5_i000922/transformer/d128/n256/seed4/DONE.json,1.8715824272785957,1.8502535112974845,1.8421741949512147,1.838843305576066,0.0289314906242781,0.0654509542701444,0.2735590235626066
done,confirm_K5_i000922,Transformer,128,5,256,9,1.8911761678755283,16,17,201224,cpu,1.907247819006443,1.8731794506311417,1.954009145498276,1.8664720579981804,project://predictive_profile_confirmatory64_v1/runs/confirm_K5_i000922/transformer/d128/n256/seed5/DONE.json,1.8715824272785957,1.8502535112974845,1.8421741949512147,1.838843305576066,0.0423597327214572,0.0276287524221143,1.245475104028601
done,confirm_K5_i000922,Transformer,256,1,256,20,1.904342204332352,16,28,795656,cpu,1.926058568060398,1.929121509194374,1.918900191783905,1.9245538488030436,project://predictive_profile_confirmatory64_v1/runs/confirm_K5_i000922/transformer/d256/n256/seed1/DONE.json,1.8715824272785957,1.8502535112974845,1.8421741949512147,1.838843305576066,0.0166067034402716,0.0857105432269773,0.04596089262952
done,confirm_K5_i000922,Transformer,256,2,256,20,1.882500484585762,16,28,795656,cpu,1.8764412850141523,1.9026904925704,1.9316879361867905,1.8644660338759425,project://predictive_profile_confirmatory64_v1/runs/confirm_K5_i000922/transformer/d256/n256/seed2/DONE.json,1.8715824272785957,1.8502535112974845,1.8421741949512147,1.838843305576066,0.0361669877694552,0.0256227282998762,0.3657780207733904
done,confirm_K5_i000922,Transformer,256,3,256,22,1.8914119079709053,16,30,795656,cpu,1.933890350162983,1.881960317492485,1.8952985033392904,1.9078757464885712,project://predictive_profile_confirmatory64_v1/runs/confirm_K5_i000922/transformer/d256/n256/seed3/DONE.json,1.8715824272785957,1.8502535112974845,1.8421741949512147,1.838843305576066,0.0205638689829385,0.0690324409125051,0.7946029802137922
done,confirm_K5_i000922,Transformer,256,4,256,35,1.8674664236605167,16,43,795656,cpu,1.880128137767315,1.8511079251766205,1.9054385870695116,1.879966385662556,project://predictive_profile_confirmatory64_v1/runs/confirm_K5_i000922/transformer/d256/n256/seed4/DONE.json,1.8715824272785957,1.8502535112974845,1.8421741949512147,1.838843305576066,0.0281650855959945,0.0411230800864896,0.0049406366557084
done,confirm_K5_i000922,Transformer,256,5,256,18,1.875989567488432,16,26,795656,cpu,1.9207600802183151,1.925333008170128,1.865504391491413,1.928166702389717,project://predictive_profile_confirmatory64_v1/runs/confirm_K5_i000922/transformer/d256/n256/seed5/DONE.json,1.8715824272785957,1.8502535112974845,1.8421741949512147,1.838843305576066,0.0392736295720574,0.089323396813651,-0.2262315476480783
done,confirm_K5_i000312,GRU,8,1,256,48,1.4643158316612244,16,48,576,cpu,1.4484852775931358,1.4884259775280952,1.3606336824595928,1.4303066954016683,project://predictive_profile_confirmatory64_v1/runs/confirm_K5_i000312/gru/d8/n256/seed1/DONE.json,1.4227544818611757,1.386183937594926,1.3749062794422358,1.3706369785438657,0.0459121956436917,0.0596697168578028,0.3487999430976124
done,confirm_K5_i000312,GRU,8,2,256,48,1.4181358478963375,16,48,576,cpu,1.4721074178814888,1.481841541826725,1.4680482782423496,1.452697828412056,project://predictive_profile_confirmatory64_v1/runs/confirm_K5_i000312/gru/d8/n256/seed2/DONE.json,1.4227544818611757,1.386183937594926,1.3749062794422358,1.3706369785438657,0.018557149694632,0.0820608498681902,0.372419786712736
done,confirm_K5_i000312,GRU,8,3,256,46,1.4962275251746178,16,48,576,cpu,1.464772030711174,1.4324446842074394,1.4779425635933876,1.5041116178035736,project://predictive_profile_confirmatory64_v1/runs/confirm_K5_i000312/gru/d8/n256/seed3/DONE.json,1.4227544818611757,1.386183937594926,1.3749062794422358,1.3706369785438657,0.064994530382565,0.1334746392597079,-0.7548248589900071
done,confirm_K5_i000312,GRU,8,4,256,48,1.4143632017076015,16,48,576,cpu,1.482317328453064,1.5399787351489067,1.5472687035799026,1.460280291736126,project://predictive_profile_confirmatory64_v1/runs/confirm_K5_i000312/gru/d8/n256/seed4/DONE.json,1.4227544818611757,1.386183937594926,1.3749062794422358,1.3706369785438657,0.0544580084383982,0.0896433131922602,0.4228336991273113
done,confirm_K5_i000312,GRU,8,5,256,44,1.4007871635258198,16,48,576,cpu,1.4873309582471848,1.4182881265878675,1.4185757488012314,1.455543301999569,project://predictive_profile_confirmatory64_v1/runs/confirm_K5_i000312/gru/d8/n256/seed5/DONE.json,1.4227544818611757,1.386183937594926,1.3749062794422358,1.3706369785438657,0.0350065930272208,0.0849063234557032,0.6099228517160793
done,confirm_K5_i000312,GRU,32,1,256,25,1.3576522823423147,16,33,6888,cpu,1.4295398369431496,1.41627287119627,1.4258624911308289,1.4089555218815804,project://predictive_profile_confirmatory64_v1/runs/confirm_K5_i000312/gru/d32/n256/seed1/DONE.json,1.4227544818611757,1.386183937594926,1.3749062794422358,1.3706369785438657,0.0174769784239992,0.0383185433377146,0.3949597304430456
done,confirm_K5_i000312,GRU,32,2,256,42,1.3767515793442726,16,48,6888,cpu,1.4643664136528969,1.508582353591919,1.4380601085722446,1.385513812303543,project://predictive_profile_confirmatory64_v1/runs/confirm_K5_i000312/gru/d32/n256/seed2/DONE.json,1.4227544818611757,1.386183937594926,1.3749062794422358,1.3706369785438657,0.0604283137187895,0.0148768337596774,1.512977336409829
done,confirm_K5_i000312,GRU,32,3,256,34,1.4212635830044746,16,42,6888,cpu,1.4566939920186996,1.3958832398056984,1.386698581278324,1.3720351681113243,project://predictive_profile_confirmatory64_v1/runs/confirm_K5_i000312/gru/d32/n256/seed3/DONE.json,1.4227544818611757,1.386183937594926,1.3749062794422358,1.3706369785438657,0.0175775679967059,0.0013981895674586,1.6243837198405775
done,confirm_K5_i000312,GRU,32,4,256,45,1.3417513705790045,16,48,6888,cpu,1.4130506180226805,1.361692413687706,1.5101523101329803,1.4295542389154434,project://predictive_profile_confirmatory64_v1/runs/confirm_K5_i000312/gru/d32/n256/seed4/DONE.json,1.4227544818611757,1.386183937594926,1.3749062794422358,1.3706369785438657,0.0661285966151509,0.0589172603715777,-0.3166617708504426
done,confirm_K5_i000312,GRU,32,5,256,46,1.3805381283164024,16,48,6888,cpu,1.5303872600197792,1.4173564314842224,1.49441110342741,1.3826837614178658,project://predictive_profile_confirmatory64_v1/runs/confirm_K5_i000312/gru/d32/n256/seed5/DONE.json,1.4227544818611757,1.386183937594926,1.3749062794422358,1.3706369785438657,0.072542583900492,0.012046782874,2.834047857255216
done,confirm_K5_i000312,GRU,128,1,256,12,1.4011284299194813,16,20,101256,cpu,1.433078184723854,1.32950821518898,1.3772286623716354,1.39505372941494,project://predictive_profile_confirmatory64_v1/runs/confirm_K5_i000312/gru/d128/n256/seed1/DONE.json,1.4227544818611757,1.386183937594926,1.3749062794422358,1.3706369785438657,0.0426109267650131,0.0244167508710742,0.7295908838419954
done,confirm_K5_i000312,GRU,128,2,256,17,1.3910371214151382,16,25,101256,cpu,1.488849125802517,1.3903690874576569,1.420534446835518,1.4965940453112123,project://predictive_profile_confirmatory64_v1/runs/confirm_K5_i000312/gru/d128/n256/seed2/DONE.json,1.4227544818611757,1.386183937594926,1.3749062794422358,1.3706369785438657,0.0788426304226856,0.1259570667673468,-0.148604960248034
done,confirm_K5_i000312,GRU,128,3,256,36,1.42920184135437,16,44,101256,cpu,1.4927213340997696,1.43302670866251,1.4118462055921557,1.3652801513671875,project://predictive_profile_confirmatory64_v1/runs/confirm_K5_i000312/gru/d128/n256/seed3/DONE.json,1.4227544818611757,1.386183937594926,1.3749062794422358,1.3706369785438657,0.0504664989856839,-0.0053568271766781,2.4452664579244154
done,confirm_K5_i000312,GRU,128,4,256,29,1.4460663720965383,16,37,101256,cpu,1.4402010142803192,1.4527200385928154,1.4199258461594582,1.3826043382287023,project://predictive_profile_confirmatory64_v1/runs/confirm_K5_i000312/gru/d128/n256/seed4/DONE.json,1.4227544818611757,1.386183937594926,1.3749062794422358,1.3706369785438657,0.0320164694026952,0.0119673596848368,1.105131143772328
done,confirm_K5_i000312,GRU,128,5,256,5,1.4064250104129314,16,13,101256,cpu,1.479345291852951,1.4066367968916893,1.4267286695539951,1.4112953171133995,project://predictive_profile_confirmatory64_v1/runs/confirm_K5_i000312/gru/d128/n256/seed5/DONE.json,1.4227544818611757,1.386183937594926,1.3749062794422358,1.3706369785438657,0.0140244526194463,0.0406583385695338,1.3057028907397812
done,confirm_K5_i000312,GRU,256,1,256,29,1.3684397004544735,16,37,399112,cpu,1.487554796040058,1.483475297689438,1.4468732476234436,1.4032453298568726,project://predictive_profile_confirmatory64_v1/runs/confirm_K5_i000312/gru/d256/n256/seed1/DONE.json,1.4227544818611757,1.386183937594926,1.3749062794422358,1.3706369785438657,0.0411379229542644,0.0326083513130068,1.6176804493085504
done,confirm_K5_i000312,GRU,256,2,256,16,1.3880589548498392,16,24,399112,cpu,1.4857302531599998,1.4170315116643906,1.3707917407155037,1.3832041695713997,project://predictive_profile_confirmatory64_v1/runs/confirm_K5_i000312/gru/d256/n256/seed2/DONE.json,1.4227544818611757,1.386183937594926,1.3749062794422358,1.3706369785438657,0.0280779160405521,0.012567191027534,1.9672101897204304
done,confirm_K5_i000312,GRU,256,3,256,20,1.3386438731104136,16,28,399112,cpu,1.455619066953659,1.334170050919056,1.4450375735759735,1.411514937877655,project://predictive_profile_confirmatory64_v1/runs/confirm_K5_i000312/gru/d256/n256/seed3/DONE.json,1.4227544818611757,1.386183937594926,1.3749062794422358,1.3706369785438657,0.0488591516983548,0.0408779593337893,0.84624408823812
done,confirm_K5_i000312,GRU,256,4,256,31,1.3320996928960085,16,39,399112,cpu,1.3908299282193184,1.4412516430020332,1.3859335333108902,1.421668753027916,project://predictive_profile_confirmatory64_v1/runs/confirm_K5_i000312/gru/d256/n256/seed4/DONE.json,1.4227544818611757,1.386183937594926,1.3749062794422358,1.3706369785438657,0.0460933910235961,0.0510317744840502,-0.591717232132934
done,confirm_K5_i000312,GRU,256,5,256,11,1.4245928153395653,16,19,399112,cpu,1.4932670667767525,1.4065205603837967,1.3287323489785194,1.461010925471783,project://predictive_profile_confirmatory64_v1/runs/confirm_K5_i000312/gru/d256/n256/seed5/DONE.json,1.4227544818611757,1.386183937594926,1.3749062794422358,1.3706369785438657,0.0773708977809221,0.090373946927917,0.6189118674504223
done,confirm_K5_i000312,Transformer,8,1,256,43,1.4266472309827805,16,48,1064,cpu,1.4854896366596222,1.4450353905558586,1.4391950145363808,1.4386306032538414,project://predictive_profile_confirmatory64_v1/runs/confirm_K5_i000312/transformer/d8/n256/seed1/DONE.json,1.4227544818611757,1.386183937594926,1.3749062794422358,1.3706369785438657,0.005589208735701,0.0679936247099757,0.8991035721816223
done,confirm_K5_i000312,Transformer,8,2,256,44,1.4473415240645409,16,48,1064,cpu,1.4377998858690262,1.4681325405836103,1.4463218450546265,1.4763339087367058,project://predictive_profile_confirmatory64_v1/runs/confirm_K5_i000312/transformer/d8/n256/seed2/DONE.json,1.4227544818611757,1.386183937594926,1.3749062794422358,1.3706369785438657,0.0498921191225657,0.1056969301928401,-0.7393681664501622
done,confirm_K5_i000312,Transformer,8,3,256,48,1.405496459454298,16,48,1064,cpu,1.4192707538604736,1.3646881580352783,1.4805396646261215,1.491769656538963,project://predictive_profile_confirmatory64_v1/runs/confirm_K5_i000312/transformer/d8/n256/seed3/DONE.json,1.4227544818611757,1.386183937594926,1.3749062794422358,1.3706369785438657,0.0950162533798868,0.1211326779950976,-1.391066303331737
done,confirm_K5_i000312,Transformer,8,4,256,48,1.3984023742377758,16,48,1064,cpu,1.4343234598636627,1.4568680971860886,1.4279266744852066,1.4521800503134727,project://predictive_profile_confirmatory64_v1/runs/confirm_K5_i000312/transformer/d8/n256/seed4/DONE.json,1.4227544818611757,1.386183937594926,1.3749062794422358,1.3706369785438657,0.0381701220193263,0.081543071769607,-0.342621754942726
done,confirm_K5_i000312,Transformer,8,5,256,48,1.467744478955865,16,48,1064,cpu,1.4608345329761503,1.5189735367894173,1.503330372273922,1.5573336631059649,project://predictive_profile_confirmatory64_v1/runs/confirm_K5_i000312/transformer/d8/n256/seed5/DONE.json,1.4227544818611757,1.386183937594926,1.3749062794422358,1.3706369785438657,0.0842445436467055,0.1866966845620989,-1.8515685515918383
done,confirm_K5_i000312,Transformer,32,1,256,30,1.3690799996256828,16,38,13448,cpu,1.4156383126974106,1.530040204524994,1.4005082920193672,1.4632276073098185,project://predictive_profile_confirmatory64_v1/runs/confirm_K5_i000312/transformer/d32/n256/seed1/DONE.json,1.4227544818611757,1.386183937594926,1.3749062794422358,1.3706369785438657,0.0653013895500407,0.0925906287659525,-0.91311539470084
done,confirm_K5_i000312,Transformer,32,2,256,29,1.3613331280648708,16,37,13448,cpu,1.413510985672474,1.5024431720376017,1.406890358775854,1.3258927762508392,project://predictive_profile_confirmatory64_v1/runs/confirm_K5_i000312/transformer/d32/n256/seed2/DONE.json,1.4227544818611757,1.386183937594926,1.3749062794422358,1.3706369785438657,0.0909252934776546,-0.0447442022930264,1.681166668483408
done,confirm_K5_i000312,Transformer,32,3,256,13,1.4532073698937893,16,21,13448,cpu,1.5071802958846092,1.4453387781977654,1.40907035022974,1.5221622958779335,project://predictive_profile_confirmatory64_v1/runs/confirm_K5_i000312/transformer/d32/n256/seed3/DONE.json,1.4227544818611757,1.386183937594926,1.3749062794422358,1.3706369785438657,0.0818662178603779,0.1515253173340678,-0.2874658039950333
done,confirm_K5_i000312,Transformer,32,4,256,25,1.3805067371577024,16,33,13448,cpu,1.3876507803797722,1.4297539368271828,1.460104264318943,1.4308917224407196,project://predictive_profile_confirmatory64_v1/runs/confirm_K5_i000312/transformer/d32/n256/seed4/DONE.json,1.4227544818611757,1.386183937594926,1.3749062794422358,1.3706369785438657,0.0499844452806568,0.0602547438968539,-0.8296817634889619
done,confirm_K5_i000312,Transformer,32,5,256,11,1.368761282414198,16,19,13448,cpu,1.4743570014834404,1.3915112614631653,1.4924081787467005,1.4491315931081772,project://predictive_profile_confirmatory64_v1/runs/confirm_K5_i000312/transformer/d32/n256/seed5/DONE.json,1.4227544818611757,1.386183937594926,1.3749062794422358,1.3706369785438657,0.0435838429379941,0.0784946145643115,0.4840102992210122
done,confirm_K5_i000312,Transformer,128,1,256,3,1.3944573923945427,16,12,201224,cpu,1.5464631095528605,1.420537181198597,1.4200771898031237,1.458721935749054,project://predictive_profile_confirmatory64_v1/runs/confirm_K5_i000312/transformer/d128/n256/seed1/DONE.json,1.4227544818611757,1.386183937594926,1.3749062794422358,1.3706369785438657,0.0387225979307974,0.0880849572051882,1.683526036725263
done,confirm_K5_i000312,Transformer,128,2,256,11,1.3520174771547318,16,19,201224,cpu,1.4318281412124634,1.4396970719099045,1.379322171211243,1.4204789139330387,project://predictive_profile_confirmatory64_v1/runs/confirm_K5_i000312/transformer/d128/n256/seed2/DONE.json,1.4227544818611757,1.386183937594926,1.3749062794422358,1.3706369785438657,0.0305739082864591,0.049841935389173,0.2177622978277865
done,confirm_K5_i000312,Transformer,128,3,256,17,1.3389934822916985,16,25,201224,cpu,1.5412292703986168,1.490820273756981,1.481826201081276,1.428139440715313,project://predictive_profile_confirmatory64_v1/runs/confirm_K5_i000312/transformer/d128/n256/seed3/DONE.json,1.4227544818611757,1.386183937594926,1.3749062794422358,1.3706369785438657,0.0457747527575926,0.0575024621714472,2.1699011365677467
done,confirm_K5_i000312,Transformer,128,4,256,20,1.3781670704483986,16,28,201224,cpu,1.4206788465380669,1.4019578322768211,1.4183637499809263,1.4179944694042206,project://predictive_profile_confirmatory64_v1/runs/confirm_K5_i000312/transformer/d128/n256/seed4/DONE.json,1.4227544818611757,1.386183937594926,1.3749062794422358,1.3706369785438657,0.0293954404217033,0.0473574908603549,0.0515062495895639
done,confirm_K5_i000312,Transformer,128,5,256,8,1.406575258821249,16,16,201224,cpu,1.5162039548158646,1.4918477535247805,1.4051361232995987,1.5054093897342682,project://predictive_profile_confirmatory64_v1/runs/confirm_K5_i000312/transformer/d128/n256/seed5/DONE.json,1.4227544818611757,1.386183937594926,1.3749062794422358,1.3706369785438657,0.0580604080399417,0.1347724111904025,0.2071197658083358
done,confirm_K5_i000312,Transformer,256,1,256,7,1.3956814631819725,16,15,795656,cpu,1.5476952493190763,1.539392963051796,1.489256739616394,1.4948672577738762,project://predictive_profile_confirmatory64_v1/runs/confirm_K5_i000312/transformer/d256/n256/seed1/DONE.json,1.4227544818611757,1.386183937594926,1.3749062794422358,1.3706369785438657,0.0153124406201221,0.1242302792300105,1.0136324302329842
done,confirm_K5_i000312,Transformer,256,2,256,15,1.387733768671751,16,23,795656,cpu,1.382286123931408,1.4715228229761124,1.4618307873606682,1.502950944006443,project://predictive_profile_confirmatory64_v1/runs/confirm_K5_i000312/transformer/d256/n256/seed2/DONE.json,1.4227544818611757,1.386183937594926,1.3749062794422358,1.3706369785438657,0.0923588007198849,0.1323139654625773,-2.3152455968657013
done,confirm_K5_i000312,Transformer,256,3,256,9,1.459632258862257,16,17,795656,cpu,1.4736687242984772,1.441790483891964,1.5198874026536942,1.3406331539154053,project://predictive_profile_confirmatory64_v1/runs/confirm_K5_i000312/transformer/d256/n256/seed3/DONE.json,1.4227544818611757,1.386183937594926,1.3749062794422358,1.3706369785438657,0.1054710874578901,-0.0300038246284604,2.552608277743166
done,confirm_K5_i000312,Transformer,256,4,256,19,1.421519028022885,16,27,795656,cpu,1.3762986734509468,1.4751896262168884,1.4711658135056496,1.3753261417150495,project://predictive_profile_confirmatory64_v1/runs/confirm_K5_i000312/transformer/d256/n256/seed4/DONE.json,1.4227544818611757,1.386183937594926,1.3749062794422358,1.3706369785438657,0.0672871039046409,0.004689163171184,0.0186603669399884
done,confirm_K5_i000312,Transformer,256,5,256,18,1.3669785112142565,16,26,795656,cpu,1.476430669426918,1.5165276303887367,1.419967241585255,1.4623407796025276,project://predictive_profile_confirmatory64_v1/runs/confirm_K5_i000312/transformer/d256/n256/seed5/DONE.json,1.4227544818611757,1.386183937594926,1.3749062794422358,1.3706369785438657,0.0357585480807788,0.0917038010586619,0.2703485187808437
done,confirm_K5_i000848,GRU,8,1,256,41,2.008987635374069,16,48,576,cpu,2.0293412432074547,1.997098371386528,2.019765824079513,2.0460917726159096,project://predictive_profile_confirmatory64_v1/runs/confirm_K5_i000848/gru/d8/n256/seed1/DONE.json,2.0181754540386674,2.018126611251597,2.018121076623209,2.018120491136388,0.0290536747137118,0.0279712814795214,-304.76064243028145
done,confirm_K5_i000848,GRU,8,2,256,48,2.0176487416028976,16,48,576,cpu,2.012878239154816,2.004378229379654,2.033169463276863,1.988652303814888,project://predictive_profile_confirmatory64_v1/runs/confirm_K5_i000848/gru/d8/n256/seed2/DONE.json,2.0181754540386674,2.018126611251597,2.018121076623209,2.018120491136388,0.0265192078993645,-0.0294681873215001,440.7688519948607
done,confirm_K5_i000848,GRU,8,3,256,48,2.01694343239069,16,48,576,cpu,2.02628330886364,2.0153145790100098,2.020122148096561,2.002856396138668,project://predictive_profile_confirmatory64_v1/runs/confirm_K5_i000848/gru/d8/n256/seed3/DONE.json,2.0181754540386674,2.018126611251597,2.018121076623209,2.018120491136388,0.0158065483160538,-0.01526409499772,426.2313624915516
done,confirm_K5_i000848,GRU,8,4,256,48,2.009851071983576,16,48,576,cpu,2.024976059794426,2.0124583542346954,2.0237395986914635,2.0225485637784004,project://predictive_profile_confirmatory64_v1/runs/confirm_K5_i000848/gru/d8/n256/seed4/DONE.json,2.0181754540386674,2.018126611251597,2.018121076623209,2.018120491136388,0.0052197211561951,0.0044280726420122,44.166081399640646
done,confirm_K5_i000848,GRU,8,5,256,46,2.0074755400419235,16,48,576,cpu,2.005481533706188,1.9732713252305984,2.040533237159252,2.018856018781662,project://predictive_profile_confirmatory64_v1/runs/confirm_K5_i000848/gru/d8/n256/seed5/DONE.json,2.0181754540386674,2.018126611251597,2.018121076623209,2.018120491136388,0.0261187134887092,0.0007355276452738,-243.33658742261704
done,confirm_K5_i000848,GRU,32,1,256,12,2.039345279335976,16,20,6888,cpu,2.043319769203663,2.0266258493065834,2.0199212431907654,2.014325648546219,project://predictive_profile_confirmatory64_v1/runs/confirm_K5_i000848/gru/d32/n256/seed1/DONE.json,2.0181754540386674,2.018126611251597,2.018121076623209,2.018120491136388,0.0159681197857084,-0.0037948425901692,527.5216456026511
done,confirm_K5_i000848,GRU,32,2,256,18,2.0148376040160656,16,26,6888,cpu,2.0135987624526024,2.008934646844864,2.0242757201194763,2.01030832529068,project://predictive_profile_confirmatory64_v1/runs/confirm_K5_i000848/gru/d32/n256/seed2/DONE.json,2.0181754540386674,2.018126611251597,2.018121076623209,2.018120491136388,0.0072014564663843,-0.0078121658457082,59.86651041833904
done,confirm_K5_i000848,GRU,32,3,256,36,2.005568746477365,16,44,6888,cpu,2.04644013941288,2.0215941220521927,2.034302696585655,2.051812522113323,project://predictive_profile_confirmatory64_v1/runs/confirm_K5_i000848/gru/d32/n256/seed3/DONE.json,2.0181754540386674,2.018126611251597,2.018121076623209,2.018120491136388,0.0176747856711026,0.033692030976935,-97.74561527243382
done,confirm_K5_i000848,GRU,32,4,256,7,2.019764252007008,16,15,6888,cpu,2.031568929553032,2.0456621050834656,2.0150959193706512,2.0409601405262947,project://predictive_profile_confirmatory64_v1/runs/confirm_K5_i000848/gru/d32/n256/seed4/DONE.json,2.0181754540386674,2.018126611251597,2.018121076623209,2.018120491136388,0.0139666511605515,0.0228396493899065,-170.86453924048718
done,confirm_K5_i000848,GRU,32,5,256,23,2.014980681240558,16,31,6888,cpu,2.047035776078701,2.0129823461174965,2.027863308787346,2.027769163250923,project://predictive_profile_confirmatory64_v1/runs/confirm_K5_i000848/gru/d32/n256/seed5/DONE.json,2.0181754540386674,2.018126611251597,2.018121076623209,2.018120491136388,0.0121236054742892,0.009648672114535,350.5384910333232
done,confirm_K5_i000848,GRU,128,1,256,10,2.0187954753637314,16,18,101256,cpu,2.0673776268959045,2.061113074421882,2.0448233634233475,2.037755221128464,project://predictive_profile_confirmatory64_v1/runs/confirm_K5_i000848/gru/d128/n256/seed1/DONE.json,2.0181754540386674,2.018126611251597,2.018121076623209,2.018120491136388,0.0191669473263617,0.0196347299920756,538.9527215455616
done,confirm_K5_i000848,GRU,128,2,256,30,2.0443033166229725,16,38,101256,cpu,2.038938485085964,2.0186717063188557,2.049421437084675,2.026260197162628,project://predictive_profile_confirmatory64_v1/runs/confirm_K5_i000848/gru/d128/n256/seed2/DONE.json,2.0181754540386674,2.018126611251597,2.018121076623209,2.018120491136388,0.013724452303038,0.00813970602624,230.66991366145584
done,confirm_K5_i000848,GRU,128,3,256,4,2.043729953467846,16,12,101256,cpu,2.060927987098694,2.0496311262249947,2.0392855256795883,2.038276948034764,project://predictive_profile_confirmatory64_v1/runs/confirm_K5_i000848/gru/d128/n256/seed3/DONE.json,2.0181754540386674,2.018126611251597,2.018121076623209,2.018120491136388,0.0126528369167533,0.0201564568983751,412.1150471430757
done,confirm_K5_i000848,GRU,128,4,256,16,2.029637824743986,16,24,101256,cpu,2.020559683442116,2.039833314716816,2.0381320789456367,2.035026609897613,project://predictive_profile_confirmatory64_v1/runs/confirm_K5_i000848/gru/d128/n256/seed4/DONE.json,2.0181754540386674,2.018126611251597,2.018121076623209,2.018120491136388,0.0078033836562794,0.0169061187612253,-263.21256439475235
done,confirm_K5_i000848,GRU,128,5,256,10,2.005787596106529,16,18,101256,cpu,2.029223769903183,1.9854678511619568,2.0488454028964043,2.046136349439621,project://predictive_profile_confirmatory64_v1/runs/confirm_K5_i000848/gru/d128/n256/seed5/DONE.json,2.0181754540386674,2.018126611251597,2.018121076623209,2.018120491136388,0.0315303132408906,0.0280158583032328,-307.7089970706494
done,confirm_K5_i000848,GRU,256,1,256,13,2.026725575327873,16,21,399112,cpu,2.0405348613858223,2.041925877332688,2.0471141412854195,2.0629060193896294,project://predictive_profile_confirmatory64_v1/runs/confirm_K5_i000848/gru/d256/n256/seed1/DONE.json,2.0181754540386674,2.018126611251597,2.018121076623209,2.018120491136388,0.0172681499090571,0.0447855282532412,-407.02286589868856
done,confirm_K5_i000848,GRU,256,2,256,15,2.0349639169871807,16,23,399112,cpu,2.029580272734165,2.047777086496353,2.0524881407618523,2.084623597562313,project://predictive_profile_confirmatory64_v1/runs/confirm_K5_i000848/gru/d256/n256/seed2/DONE.json,2.0181754540386674,2.018126611251597,2.018121076623209,2.018120491136388,0.0368329436431917,0.0665031064259249,-1001.4632151063684
done,confirm_K5_i000848,GRU,256,3,256,44,2.007082082331181,16,48,399112,cpu,2.055518940091133,2.009347915649414,2.0182986184954643,1.9809252470731733,project://predictive_profile_confirmatory64_v1/runs/confirm_K5_i000848/gru/d256/n256/seed3/DONE.json,2.0181754540386674,2.018126611251597,2.018121076623209,2.018120491136388,0.0440461338890113,-0.0371952440632146,1357.164376782377
done,confirm_K5_i000848,GRU,256,4,256,38,2.015232551842928,16,46,399112,cpu,2.0014482885599136,2.0552632808685303,2.0245898962020874,2.028514176607132,project://predictive_profile_confirmatory64_v1/runs/confirm_K5_i000848/gru/d256/n256/seed4/DONE.json,2.0181754540386674,2.018126611251597,2.018121076623209,2.018120491136388,0.0191450537315603,0.0103936854707438,-492.4392076260474
done,confirm_K5_i000848,GRU,256,5,256,33,2.0281252935528755,16,41,399112,cpu,2.050425924360752,2.004162274301052,2.023614689707756,2.029281184077263,project://predictive_profile_confirmatory64_v1/runs/confirm_K5_i000848/gru/d256/n256/seed5/DONE.json,2.0181754540386674,2.018126611251597,2.018121076623209,2.018120491136388,0.0166445308670124,0.0111606929408747,384.7093113107788
done,confirm_K5_i000848,Transformer,8,1,256,48,2.017151691019535,16,48,1064,cpu,2.0228686779737477,2.047578141093254,2.0057798475027084,2.046646036207676,project://predictive_profile_confirmatory64_v1/runs/confirm_K5_i000848/transformer/d8/n256/seed1/DONE.json,2.0181754540386674,2.018126611251597,2.018121076623209,2.018120491136388,0.0236586676050074,0.0285255450712877,-432.6073996807168
done,confirm_K5_i000848,Transformer,8,2,256,46,2.0227488428354263,16,48,1064,cpu,1.9891973957419395,2.016254536807537,2.001069203019142,1.9976929277181623,project://predictive_profile_confirmatory64_v1/runs/confirm_K5_i000848/transformer/d8/n256/seed2/DONE.json,2.0181754540386674,2.018126611251597,2.018121076623209,2.018120491136388,0.0103538931742979,-0.0204275634182256,-154.56847480616688
done,confirm_K5_i000848,Transformer,8,3,256,48,2.027613118290901,16,48,1064,cpu,2.007020987570286,2.0436921566724777,2.0160679817199707,2.0156653970479965,project://predictive_profile_confirmatory64_v1/runs/confirm_K5_i000848/transformer/d8/n256/seed3/DONE.json,2.0181754540386674,2.018126611251597,2.018121076623209,2.018120491136388,0.0146713745237042,-0.0024550940883916,-157.27716549232005
done,confirm_K5_i000848,Transformer,8,4,256,32,2.018560942262411,16,40,1064,cpu,2.0175565108656883,2.0069238394498825,2.022054024040699,2.0696103051304817,project://predictive_profile_confirmatory64_v1/runs/confirm_K5_i000848/transformer/d8/n256/seed4/DONE.json,2.0181754540386674,2.018126611251597,2.018121076623209,2.018120491136388,0.0471893484958379,0.0514898139940935,-947.0714264747209
done,confirm_K5_i000848,Transformer,8,5,256,33,2.016682356595993,16,41,1064,cpu,1.99374146014452,2.0393071696162224,2.0366996601223946,2.02837947756052,project://predictive_profile_confirmatory64_v1/runs/confirm_K5_i000848/transformer/d8/n256/seed5/DONE.json,2.0181754540386674,2.018126611251597,2.018121076623209,2.018120491136388,0.0186554235579572,0.010258986424132,-630.2072121304544
done,confirm_K5_i000848,Transformer,32,1,256,31,2.027881473302841,16,39,13448,cpu,2.044389344751835,2.0170837566256523,2.0098613277077675,2.006585389375686,project://predictive_profile_confirmatory64_v1/runs/confirm_K5_i000848/transformer/d32/n256/seed1/DONE.json,2.0181754540386674,2.018126611251597,2.018121076623209,2.018120491136388,0.019658341861599,-0.0115351017607014,687.8085728457798
done,confirm_K5_i000848,Transformer,32,2,256,16,2.0305604450404644,16,24,13448,cpu,2.063654787838459,2.030726596713066,2.035149499773979,2.041949696838856,project://predictive_profile_confirmatory64_v1/runs/confirm_K5_i000848/transformer/d32/n256/seed2/DONE.json,2.0181754540386674,2.018126611251597,2.018121076623209,2.018120491136388,0.0126597203480849,0.0238292057024676,394.90438276583296
done,confirm_K5_i000848,Transformer,32,3,256,9,2.022686291486025,16,17,13448,cpu,2.0464227721095085,2.06592033803463,2.0265565291047096,2.059127852320671,project://predictive_profile_confirmatory64_v1/runs/confirm_K5_i000848/transformer/d32/n256/seed3/DONE.json,2.0181754540386674,2.018126611251597,2.018121076623209,2.018120491136388,0.0178171454983617,0.0410073611842829,-231.15737496199665
done,confirm_K5_i000848,Transformer,32,4,256,12,2.014771409332752,16,20,13448,cpu,2.0047669634222984,2.0477261692285538,2.014108650386333,2.037897862493992,project://predictive_profile_confirmatory64_v1/runs/confirm_K5_i000848/transformer/d32/n256/seed4/DONE.json,2.0181754540386674,2.018126611251597,2.018121076623209,2.018120491136388,0.0209984002636346,0.0197773713576037,-602.7865650792868
done,confirm_K5_i000848,Transformer,32,5,256,34,2.0064918100833893,16,42,13448,cpu,2.0321006029844284,2.0055049061775208,2.043202638626098,2.0053923204541206,project://predictive_profile_confirmatory64_v1/runs/confirm_K5_i000848/transformer/d32/n256/seed5/DONE.json,2.0181754540386674,2.018126611251597,2.018121076623209,2.018120491136388,0.0231299949624001,-0.0127281706822675,485.9329006065652
done,confirm_K5_i000848,Transformer,128,1,256,34,2.0309162735939026,16,42,201224,cpu,2.003682352602482,2.0232056453824043,2.026167318224907,2.0148195400834084,project://predictive_profile_confirmatory64_v1/runs/confirm_K5_i000848/transformer/d128/n256/seed1/DONE.json,2.0181754540386674,2.018126611251597,2.018121076623209,2.018120491136388,0.009003432165335,-0.0033009510529797,-202.6309932532896
done,confirm_K5_i000848,Transformer,128,2,256,7,2.042868819087744,16,15,201224,cpu,2.078125044703484,2.040081351995468,2.0418751686811447,2.031909547746181,project://predictive_profile_confirmatory64_v1/runs/confirm_K5_i000848/transformer/d128/n256/seed2/DONE.json,2.0181754540386674,2.018126611251597,2.018121076623209,2.018120491136388,0.0239623414606398,0.0137890566097933,840.8489188307574
done,confirm_K5_i000848,Transformer,128,3,256,35,2.026597708463669,16,43,201224,cpu,2.030363790690899,2.0502067133784294,2.059654876589775,2.0161455422639847,project://predictive_profile_confirmatory64_v1/runs/confirm_K5_i000848/transformer/d128/n256/seed3/DONE.json,2.0181754540386674,2.018126611251597,2.018121076623209,2.018120491136388,0.0285191005334382,-0.0019749488724034,258.6880939197381
done,confirm_K5_i000848,Transformer,128,4,256,14,2.0520450472831726,16,22,201224,cpu,2.0557176172733307,2.057488404214382,2.0073356181383133,2.062026336789131,project://predictive_profile_confirmatory64_v1/runs/confirm_K5_i000848/transformer/d128/n256/seed4/DONE.json,2.0181754540386674,2.018126611251597,2.018121076623209,2.018120491136388,0.0276237380573438,0.043905845652743,-114.78141171928227
done,confirm_K5_i000848,Transformer,128,5,256,7,2.055812746286392,16,15,201224,cpu,2.026985615491867,2.056897595524788,2.10486912727356,2.083938390016556,project://predictive_profile_confirmatory64_v1/runs/confirm_K5_i000848/transformer/d128/n256/seed5/DONE.json,2.0181754540386674,2.018126611251597,2.018121076623209,2.018120491136388,0.0332396185651328,0.0658178988801676,-1036.2039150577598
done,confirm_K5_i000848,Transformer,256,1,256,29,2.024212602525949,16,37,795656,cpu,2.043059855699539,2.011790342628956,1.990764394402504,2.037296198308468,project://predictive_profile_confirmatory64_v1/runs/confirm_K5_i000848/transformer/d256/n256/seed1/DONE.json,2.0181754540386674,2.018126611251597,2.018121076623209,2.018120491136388,0.0266866697262815,0.0191757071720797,104.8645022744366
done,confirm_K5_i000848,Transformer,256,2,256,14,2.037886712700129,16,22,795656,cpu,2.0265535414218903,2.026627965271473,2.0495705753564835,2.0178302079439163,project://predictive_profile_confirmatory64_v1/runs/confirm_K5_i000848/transformer/d256/n256/seed2/DONE.json,2.0181754540386674,2.018126611251597,2.018121076623209,2.018120491136388,0.0170282653990728,-0.0002902831924718,158.7131158695806
done,confirm_K5_i000848,Transformer,256,3,256,13,2.05993614718318,16,21,795656,cpu,2.0468273237347603,2.0081915259361267,2.0618916004896164,2.0810762718319893,project://predictive_profile_confirmatory64_v1/runs/confirm_K5_i000848/transformer/d256/n256/seed3/DONE.json,2.0181754540386674,2.018126611251597,2.018121076623209,2.018120491136388,0.0414062517541381,0.0629557806956011,-623.1284498628677
done,confirm_K5_i000848,Transformer,256,4,256,16,2.0317636094987392,16,24,795656,cpu,2.0580386593937874,2.033978544175625,2.0819439217448235,2.027641639113426,project://predictive_profile_confirmatory64_v1/runs/confirm_K5_i000848/transformer/d256/n256/seed4/DONE.json,2.0181754540386674,2.018126611251597,2.018121076623209,2.018120491136388,0.0312625718582186,0.009521147977038,553.0461278395906
done,confirm_K5_i000848,Transformer,256,5,256,19,2.0184568651020527,16,27,795656,cpu,2.043255180120468,2.0135501325130463,2.0540124997496605,2.0499569922685623,project://predictive_profile_confirmatory64_v1/runs/confirm_K5_i000848/transformer/d256/n256/seed5/DONE.json,2.0181754540386674,2.018126611251597,2.018121076623209,2.018120491136388,0.0186279461060984,0.0318365011321741,-121.93337451587126
done,confirm_K6_i001189,GRU,8,1,256,48,1.89832017198205,16,48,576,cpu,1.9135732799768448,1.946310877799988,1.8819636702537537,1.9423136562108996,project://predictive_profile_confirmatory64_v1/runs/confirm_K6_i001189/gru/d8/n256/seed1/DONE.json,1.8624529402197152,1.8472838516984629,1.840946805328344,1.839227609252711,0.0405262067477308,0.1030860469581886,-1.2374581991914386
done,confirm_K6_i001189,GRU,8,2,256,48,1.904149662703276,16,48,576,cpu,1.918226920068264,1.9046692177653315,1.9143491834402084,1.881199233233929,project://predictive_profile_confirmatory64_v1/runs/confirm_K6_i001189/gru/d8/n256/seed2/DONE.json,1.8624529402197152,1.8472838516984629,1.840946805328344,1.839227609252711,0.0188147600156934,0.041971623981218,1.594280266099948
done,confirm_K6_i001189,GRU,8,3,256,48,1.891478445380926,16,48,576,cpu,1.903003990650177,1.8867060765624049,1.8786571025848389,1.8511155918240547,project://predictive_profile_confirmatory64_v1/runs/confirm_K6_i001189/gru/d8/n256/seed3/DONE.json,1.8624529402197152,1.8472838516984629,1.840946805328344,1.839227609252711,0.0236986175410235,0.011887982571344,2.234129576015018
done,confirm_K6_i001189,GRU,8,4,256,48,1.8812546283006668,16,48,576,cpu,1.9000638276338575,1.8917559161782265,1.909569688141346,1.92772077023983,project://predictive_profile_confirmatory64_v1/runs/confirm_K6_i001189/gru/d8/n256/seed4/DONE.json,1.8624529402197152,1.8472838516984629,1.840946805328344,1.839227609252711,0.035077381089464,0.0884931609871193,-1.1908094074208724
done,confirm_K6_i001189,GRU,8,5,256,48,1.8901492692530155,16,48,576,cpu,1.8995759785175323,1.8743475154042244,1.9083632603287697,1.9277531802654264,project://predictive_profile_confirmatory64_v1/runs/confirm_K6_i001189/gru/d8/n256/seed5/DONE.json,1.8624529402197152,1.8472838516984629,1.840946805328344,1.839227609252711,0.0414287979494192,0.0885255710127159,-1.2132099123980076
done,confirm_K6_i001189,GRU,32,1,256,37,1.860274214297533,16,45,6888,cpu,1.89791027456522,1.9122064709663391,1.8737529590725897,1.87738573551178,project://predictive_profile_confirmatory64_v1/runs/confirm_K6_i001189/gru/d32/n256/seed1/DONE.json,1.8624529402197152,1.8472838516984629,1.840946805328344,1.839227609252711,0.0137138248929528,0.0381581262590691,0.8837135230752425
done,confirm_K6_i001189,GRU,32,2,256,44,1.8248701766133308,16,48,6888,cpu,1.8932154476642609,1.8628930747509005,1.8717544078826904,1.9127315431833267,project://predictive_profile_confirmatory64_v1/runs/confirm_K6_i001189/gru/d32/n256/seed2/DONE.json,1.8624529402197152,1.8472838516984629,1.840946805328344,1.839227609252711,0.0418377933175384,0.073503933930616,-0.8402935375513807
done,confirm_K6_i001189,GRU,32,3,256,16,1.8181843496859076,16,24,6888,cpu,1.882812924683094,1.843855045735836,1.8492110297083852,1.9094634354114528,project://predictive_profile_confirmatory64_v1/runs/confirm_K6_i001189/gru/d32/n256/seed3/DONE.json,1.8624529402197152,1.8472838516984629,1.840946805328344,1.839227609252711,0.0542092174759411,0.0702358261587425,-1.1474760366696497
done,confirm_K6_i001189,GRU,32,4,256,39,1.879222579300404,16,47,6888,cpu,1.8597265034914017,1.8746883869171145,1.9076910689473152,1.872354120016098,project://predictive_profile_confirmatory64_v1/runs/confirm_K6_i001189/gru/d32/n256/seed4/DONE.json,1.8624529402197152,1.8472838516984629,1.840946805328344,1.839227609252711,0.0247402918082847,0.0331265107633873,-0.5437001755813942
done,confirm_K6_i001189,GRU,32,5,256,26,1.8762457072734835,16,34,6888,cpu,1.9023597985506056,1.9081930443644524,1.8802281096577644,1.8528286516666408,project://predictive_profile_confirmatory64_v1/runs/confirm_K6_i001189/gru/d32/n256/seed5/DONE.json,1.8624529402197152,1.8472838516984629,1.840946805328344,1.839227609252711,0.029956355266356,0.0136010424139305,2.132634706232253
done,confirm_K6_i001189,GRU,128,1,256,8,1.9055156484246252,16,16,101256,cpu,1.8843820691108704,1.8301944807171824,1.880780577659607,1.865463748574257,project://predictive_profile_confirmatory64_v1/runs/confirm_K6_i001189/gru/d128/n256/seed1/DONE.json,1.8624529402197152,1.8472838516984629,1.840946805328344,1.839227609252711,0.0228065001990374,0.0262361393215462,0.8145554766685613
done,confirm_K6_i001189,GRU,128,2,256,12,1.889985777437687,16,20,101256,cpu,1.8798302337527275,1.8566067814826963,1.9411768019199367,1.939097285270691,project://predictive_profile_confirmatory64_v1/runs/confirm_K6_i001189/gru/d128/n256/seed2/DONE.json,1.8624529402197152,1.8472838516984629,1.840946805328344,1.839227609252711,0.0612450737865513,0.0998696760179802,-2.5518280709180075
done,confirm_K6_i001189,GRU,128,3,256,43,1.8632266633212569,16,48,101256,cpu,1.929712563753128,1.855007275938988,1.854328580200672,1.896006979048252,project://predictive_profile_confirmatory64_v1/runs/confirm_K6_i001189/gru/d128/n256/seed3/DONE.json,1.8624529402197152,1.8472838516984629,1.840946805328344,1.839227609252711,0.0331650145402734,0.0567793697955414,1.4512423849959506
done,confirm_K6_i001189,GRU,128,4,256,18,1.894636757671833,16,26,101256,cpu,1.882847599685192,1.8787914365530012,1.8691787347197533,1.932847082614899,project://predictive_profile_confirmatory64_v1/runs/confirm_K6_i001189/gru/d128/n256/seed4/DONE.json,1.8624529402197152,1.8472838516984629,1.840946805328344,1.839227609252711,0.05808461709163,0.093619473362188,-2.152799587688943
done,confirm_K6_i001189,GRU,128,5,256,12,1.874177113175392,16,20,101256,cpu,1.901928760111332,1.9012189954519272,1.909909307956696,1.923943050205708,project://predictive_profile_confirmatory64_v1/runs/confirm_K6_i001189/gru/d128/n256/seed5/DONE.json,1.8624529402197152,1.8472838516984629,1.840946805328344,1.839227609252711,0.0284701821004401,0.0847154409529968,-0.947856894941588
done,confirm_K6_i001189,GRU,256,1,256,22,1.885181158781052,16,30,399112,cpu,1.8838748037815092,1.9062921106815336,1.872383862733841,1.86479602009058,project://predictive_profile_confirmatory64_v1/runs/confirm_K6_i001189/gru/d256/n256/seed1/DONE.json,1.8624529402197152,1.8472838516984629,1.840946805328344,1.839227609252711,0.0171015957648885,0.0255684108378693,0.8214644483660546
done,confirm_K6_i001189,GRU,256,2,256,36,1.8620192669332027,16,44,399112,cpu,1.877517893910408,1.8546569645404816,1.8962001129984856,1.8334125950932505,project://predictive_profile_confirmatory64_v1/runs/confirm_K6_i001189/gru/d256/n256/seed2/DONE.json,1.8624529402197152,1.8472838516984629,1.840946805328344,1.839227609252711,0.0329364527625335,-0.0058150141594603,1.8990170206752583
done,confirm_K6_i001189,GRU,256,3,256,22,1.8878054656088352,16,30,399112,cpu,1.892004564404488,1.8735738322138784,1.881036400794983,1.9589718654751775,project://predictive_profile_confirmatory64_v1/runs/confirm_K6_i001189/gru/d256/n256/seed3/DONE.json,1.8624529402197152,1.8472838516984629,1.840946805328344,1.839227609252711,0.0761795207092145,0.1197442562224671,-2.883373380806863
done,confirm_K6_i001189,GRU,256,4,256,22,1.8411265760660167,16,30,399112,cpu,1.8947456404566765,1.8563199862837791,1.924786850810051,1.9094266518950465,project://predictive_profile_confirmatory64_v1/runs/confirm_K6_i001189/gru/d256/n256/seed4/DONE.json,1.8624529402197152,1.8472838516984629,1.840946805328344,1.839227609252711,0.0366192199364233,0.0701990426423355,-0.6321120443547862
done,confirm_K6_i001189,GRU,256,5,256,3,1.9337054938077929,16,12,399112,cpu,1.917759209871292,1.9381613656878471,1.9729087203741076,1.8740113601088524,project://predictive_profile_confirmatory64_v1/runs/confirm_K6_i001189/gru/d256/n256/seed5/DONE.json,1.8624529402197152,1.8472838516984629,1.840946805328344,1.839227609252711,0.0570334981292187,0.0347837508561417,1.8836265379636952
done,confirm_K6_i001189,Transformer,8,1,256,47,1.893817938864231,16,48,1064,cpu,1.9083218723535535,1.9158121421933172,1.857055865228176,1.8885830342769625,project://predictive_profile_confirmatory64_v1/runs/confirm_K6_i001189/transformer/d8/n256/seed1/DONE.json,1.8624529402197152,1.8472838516984629,1.840946805328344,1.839227609252711,0.019268336701795,0.0493554250242516,0.8498840384506823
done,confirm_K6_i001189,Transformer,8,2,256,47,1.8989155814051628,16,48,1064,cpu,1.8824399337172508,1.967665247619152,1.8896172642707825,1.9382417276501656,project://predictive_profile_confirmatory64_v1/runs/confirm_K6_i001189/transformer/d8/n256/seed2/DONE.json,1.8624529402197152,1.8472838516984629,1.840946805328344,1.839227609252711,0.0480529163163512,0.0990141183974548,-2.402626425956665
done,confirm_K6_i001189,Transformer,8,3,256,48,1.9043672606348991,16,48,1064,cpu,1.9027893245220184,1.9039426892995837,1.8494291827082636,1.931322604417801,project://predictive_profile_confirmatory64_v1/runs/confirm_K6_i001189/transformer/d8/n256/seed3/DONE.json,1.8624529402197152,1.8472838516984629,1.840946805328344,1.839227609252711,0.0522631440745601,0.0920949951650902,-1.2285413687459947
done,confirm_K6_i001189,Transformer,8,4,256,46,1.929562333971262,16,48,1064,cpu,1.9331745877861977,1.9474762231111529,1.90524023771286,1.9017605856060984,project://predictive_profile_confirmatory64_v1/runs/confirm_K6_i001189/transformer/d8/n256/seed4/DONE.json,1.8624529402197152,1.8472838516984629,1.840946805328344,1.839227609252711,0.0192897873102992,0.0625329763533875,1.352575006346663
done,confirm_K6_i001189,Transformer,8,5,256,47,1.8920052535831928,16,48,1064,cpu,1.917835541069508,1.939078770577908,1.91801368445158,1.9506990388035772,project://predictive_profile_confirmatory64_v1/runs/confirm_K6_i001189/transformer/d8/n256/seed5/DONE.json,1.8624529402197152,1.8472838516984629,1.840946805328344,1.839227609252711,0.0343394629667836,0.1114714295508667,-1.4149851203738684
done,confirm_K6_i001189,Transformer,32,1,256,9,1.8800368309021,16,17,13448,cpu,1.90354785323143,1.9105420857667923,1.9377647414803505,1.913450598716736,project://predictive_profile_confirmatory64_v1/runs/confirm_K6_i001189/transformer/d32/n256/seed1/DONE.json,1.8624529402197152,1.8472838516984629,1.840946805328344,1.839227609252711,0.0207859743947106,0.0742229894640251,-0.4263769372920583
done,confirm_K6_i001189,Transformer,32,2,256,10,1.887633249163628,16,18,13448,cpu,1.8731366246938703,1.9198994487524037,1.9314806535840037,1.92798725515604,project://predictive_profile_confirmatory64_v1/runs/confirm_K6_i001189/transformer/d32/n256/seed2/DONE.json,1.8624529402197152,1.8472838516984629,1.840946805328344,1.839227609252711,0.0398736562793292,0.0887596459033295,-2.3616727158848314
done,confirm_K6_i001189,Transformer,32,3,256,17,1.90104627981782,16,25,13448,cpu,1.856093592941761,1.9193467944860456,1.8353107124567032,1.8995736986398697,project://predictive_profile_confirmatory64_v1/runs/confirm_K6_i001189/transformer/d32/n256/seed3/DONE.json,1.8624529402197152,1.8472838516984629,1.840946805328344,1.839227609252711,0.0472772363562104,0.060346089387159,-1.872098432520917
done,confirm_K6_i001189,Transformer,32,4,256,46,1.8485636487603188,16,48,13448,cpu,1.8993970975279808,1.8422492519021036,1.859036922454834,1.925180844962597,project://predictive_profile_confirmatory64_v1/runs/confirm_K6_i001189/transformer/d32/n256/seed4/DONE.json,1.8624529402197152,1.8472838516984629,1.840946805328344,1.839227609252711,0.0618184415036319,0.0859532357098862,-1.110156297503197
done,confirm_K6_i001189,Transformer,32,5,256,16,1.8876092545688152,16,24,13448,cpu,1.953185260295868,1.8861523643136024,1.895596109330654,1.8648867756128311,project://predictive_profile_confirmatory64_v1/runs/confirm_K6_i001189/transformer/d32/n256/seed5/DONE.json,1.8624529402197152,1.8472838516984629,1.840946805328344,1.839227609252711,0.0362264759656127,0.0256591663601204,3.8018181445284727
done,confirm_K6_i001189,Transformer,128,1,256,14,1.8900395967066288,16,22,201224,cpu,1.8881235718727112,1.867648497223854,1.91588294506073,1.942970298230648,project://predictive_profile_confirmatory64_v1/runs/confirm_K6_i001189/transformer/d128/n256/seed1/DONE.json,1.8624529402197152,1.8472838516984629,1.840946805328344,1.839227609252711,0.0589002579458697,0.1037426889779373,-2.3615046190668214
done,confirm_K6_i001189,Transformer,128,2,256,6,1.8868419975042343,16,14,201224,cpu,1.9269089475274088,1.9531030133366585,1.9892724230885503,1.8922240510582924,project://predictive_profile_confirmatory64_v1/runs/confirm_K6_i001189/transformer/d128/n256/seed2/DONE.json,1.8624529402197152,1.8472838516984629,1.840946805328344,1.839227609252711,0.0547932777815852,0.0529964418055817,1.49340806029382
done,confirm_K6_i001189,Transformer,128,3,256,6,1.9004377163946629,16,14,201224,cpu,1.946359910070896,1.948094055056572,1.9037502110004425,1.897828444838524,project://predictive_profile_confirmatory64_v1/runs/confirm_K6_i001189/transformer/d128/n256/seed3/DONE.json,1.8624529402197152,1.8472838516984629,1.840946805328344,1.839227609252711,0.0246966230207892,0.0586008355858131,2.089591976162552
done,confirm_K6_i001189,Transformer,128,4,256,14,1.9135682322084904,16,22,201224,cpu,1.9479943960905075,1.8364633098244667,1.9213471338152883,1.942804031074047,project://predictive_profile_confirmatory64_v1/runs/confirm_K6_i001189/transformer/d128/n256/seed4/DONE.json,1.8624529402197152,1.8472838516984629,1.840946805328344,1.839227609252711,0.0590530621597917,0.1035764218213364,0.2234786244309802
done,confirm_K6_i001189,Transformer,128,5,256,18,1.873834915459156,16,26,201224,cpu,1.8959593623876567,1.907783031463623,1.906588301062584,1.9182354435324669,project://predictive_profile_confirmatory64_v1/runs/confirm_K6_i001189/transformer/d128/n256/seed5/DONE.json,1.8624529402197152,1.8472838516984629,1.840946805328344,1.839227609252711,0.0254539181768896,0.0790078342797562,-0.959128684816446
done,confirm_K6_i001189,Transformer,256,1,256,23,1.884819947183132,16,31,795656,cpu,1.9144345596432688,1.8710100799798963,1.91001270711422,1.9075709730386732,project://predictive_profile_confirmatory64_v1/runs/confirm_K6_i001189/transformer/d256/n256/seed1/DONE.json,1.8624529402197152,1.8472838516984629,1.840946805328344,1.839227609252711,0.0237640354336739,0.0683433637859627,0.2955215843574441
done,confirm_K6_i001189,Transformer,256,2,256,17,1.8955751992762089,16,25,795656,cpu,1.8297973275184631,1.9194312319159508,1.8816176503896715,1.9362643510103223,project://predictive_profile_confirmatory64_v1/runs/confirm_K6_i001189/transformer/d256/n256/seed2/DONE.json,1.8624529402197152,1.8472838516984629,1.840946805328344,1.839227609252711,0.0717925856780051,0.0970367417576119,-4.584090691457258
done,confirm_K6_i001189,Transformer,256,3,256,8,1.8865512609481807,16,16,795656,cpu,1.908444806933403,1.862206682562828,1.956058219075203,1.886366970837116,project://predictive_profile_confirmatory64_v1/runs/confirm_K6_i001189/transformer/d256/n256/seed3/DONE.json,1.8624529402197152,1.8472838516984629,1.840946805328344,1.839227609252711,0.0376145632411467,0.0471393615844055,0.9505929593706132
done,confirm_K6_i001189,Transformer,256,4,256,14,1.925061371177435,16,22,795656,cpu,1.88802557438612,1.8768415749073029,1.9159482344985008,1.865493319928646,project://predictive_profile_confirmatory64_v1/runs/confirm_K6_i001189/transformer/d256/n256/seed4/DONE.json,1.8624529402197152,1.8472838516984629,1.840946805328344,1.839227609252711,0.0244258467545797,0.0262657106759354,0.9701585949188238
done,confirm_K6_i001189,Transformer,256,5,256,11,1.8845302872359757,16,19,795656,cpu,1.9522937387228008,1.92541578412056,1.9352033883333208,1.891010321676731,project://predictive_profile_confirmatory64_v1/runs/confirm_K6_i001189/transformer/d256/n256/seed5/DONE.json,1.8624529402197152,1.8472838516984629,1.840946805328344,1.839227609252711,0.0314114986614632,0.0517827124240204,2.638645586283936
done,confirm_K6_i000578,GRU,8,1,256,27,2.0398634634912014,16,35,576,cpu,2.0389678180217743,2.041430801153183,2.0368907675147057,2.037888616323471,project://predictive_profile_confirmatory64_v1/runs/confirm_K6_i000578/gru/d8/n256/seed1/DONE.json,2.0331529362538943,2.0330688694226358,2.0330618159110445,2.033061473990758,0.0019017590548223,0.0048271423327128,11.799420452759312
done,confirm_K6_i000578,GRU,8,2,256,48,2.032834481447935,16,48,576,cpu,2.0428850948810577,2.0506851002573967,2.027759425342083,2.0476779714226723,project://predictive_profile_confirmatory64_v1/runs/confirm_K6_i000578/gru/d8/n256/seed2/DONE.json,2.0331529362538943,2.0330688694226358,2.0330618159110445,2.033061473990758,0.0103636053721566,0.014616497431914,-52.40277659087516
done,confirm_K6_i000578,GRU,8,3,256,47,2.044232849031687,16,48,576,cpu,2.0524506717920303,2.038923628628254,2.0275880098342896,2.0327268093824387,project://predictive_profile_confirmatory64_v1/runs/confirm_K6_i000578/gru/d8/n256/seed3/DONE.json,2.0331529362538943,2.0330688694226358,2.0330618159110445,2.033061473990758,0.0106083796794289,-0.0003346646083195,215.65027731985327
done,confirm_K6_i000578,GRU,8,4,256,48,2.03458121791482,16,48,576,cpu,2.0461376756429672,2.0495680421590805,2.0456305742263794,2.048083946108818,project://predictive_profile_confirmatory64_v1/runs/confirm_K6_i000578/gru/d8/n256/seed4/DONE.json,2.0331529362538943,2.0330688694226358,2.0330618159110445,2.033061473990758,0.0017573923023052,0.0150224721180598,-21.279491662650493
done,confirm_K6_i000578,GRU,8,5,256,40,2.0436257384717464,16,48,576,cpu,2.027049906551838,2.0285186022520065,2.0433600321412086,2.0777685567736626,project://predictive_profile_confirmatory64_v1/runs/confirm_K6_i000578/gru/d8/n256/seed5/DONE.json,2.0331529362538943,2.0330688694226358,2.0330618159110445,2.033061473990758,0.0393443901738973,0.0447070827829043,-554.5308904764131
done,confirm_K6_i000578,GRU,32,1,256,8,2.042127851396799,16,16,6888,cpu,2.0384597703814507,2.052433282136917,2.0355536490678787,2.019903749227524,project://predictive_profile_confirmatory64_v1/runs/confirm_K6_i000578/gru/d32/n256/seed1/DONE.json,2.0331529362538943,2.0330688694226358,2.0330618159110445,2.033061473990758,0.0202702862845565,-0.0131577247632344,202.8817188387713
done,confirm_K6_i000578,GRU,32,2,256,9,2.048594381660223,16,17,6888,cpu,2.07118970900774,2.054961882531643,2.058986559510231,2.037869401276112,project://predictive_profile_confirmatory64_v1/runs/confirm_K6_i000578/gru/d32/n256/seed2/DONE.json,2.0331529362538943,2.0330688694226358,2.0330618159110445,2.033061473990758,0.021459125448179,0.0048079272853533,364.3066177147032
done,confirm_K6_i000578,GRU,32,3,256,24,2.043972242623568,16,32,6888,cpu,2.0549187883734703,2.034592352807522,2.0372756347060204,2.054113745689392,project://predictive_profile_confirmatory64_v1/runs/confirm_K6_i000578/gru/d32/n256/seed3/DONE.json,2.0331529362538943,2.0330688694226358,2.0330618159110445,2.033061473990758,0.0128978318547054,0.0210522716986338,8.801910826114938
done,confirm_K6_i000578,GRU,32,4,256,13,2.043937489390373,16,21,6888,cpu,2.0466066747903824,2.047125101089477,2.037430666387081,2.021764151751995,project://predictive_profile_confirmatory64_v1/runs/confirm_K6_i000578/gru/d32/n256/seed4/DONE.json,2.0331529362538943,2.0330688694226358,2.0330618159110445,2.033061473990758,0.0193703812086556,-0.0112973222387631,271.6150047745122
done,confirm_K6_i000578,GRU,32,5,256,23,2.0251885913312435,16,31,6888,cpu,2.043430089950561,2.0436823591589928,2.0353835374116898,2.0357263907790184,project://predictive_profile_confirmatory64_v1/runs/confirm_K6_i000578/gru/d32/n256/seed5/DONE.json,2.0331529362538943,2.0330688694226358,2.0330618159110445,2.033061473990758,0.0055055368872249,0.0026649167882601,84.22817135066349
done,confirm_K6_i000578,GRU,128,1,256,17,2.054659266024828,16,25,101256,cpu,2.0627633035182957,2.046707615256309,2.0325566083192825,2.061824530363083,project://predictive_profile_confirmatory64_v1/runs/confirm_K6_i000578/gru/d128/n256/seed1/DONE.json,2.0331529362538943,2.0330688694226358,2.0330618159110445,2.033061473990758,0.0164779699939708,0.0287630563723246,10.264049051748549
done,confirm_K6_i000578,GRU,128,2,256,15,2.0473818369209766,16,23,101256,cpu,2.045433983206749,2.041113205254078,2.07025008648634,2.051039814949036,project://predictive_profile_confirmatory64_v1/runs/confirm_K6_i000578/gru/d128/n256/seed2/DONE.json,2.0331529362538943,2.0330688694226358,2.0330618159110445,2.033061473990758,0.011182184633771,0.0179783409582774,-61.29119868756912
done,confirm_K6_i000578,GRU,128,3,256,9,2.03974936157465,16,17,101256,cpu,2.039540134370327,2.0594964250922203,2.0381404012441635,2.0287762582302094,project://predictive_profile_confirmatory64_v1/runs/confirm_K6_i000578/gru/d128/n256/seed3/DONE.json,2.0331529362538943,2.0330688694226358,2.0330618159110445,2.033061473990758,0.0169178568220313,-0.0042852157605488,117.68652743816097
done,confirm_K6_i000578,GRU,128,4,256,12,2.0490765757858758,16,20,101256,cpu,2.062767006456852,2.039661593735218,2.046470820903778,2.0586210638284683,project://predictive_profile_confirmatory64_v1/runs/confirm_K6_i000578/gru/d128/n256/seed4/DONE.json,2.0331529362538943,2.0330688694226358,2.0330618159110445,2.033061473990758,0.0114435299509746,0.0255595898377101,45.32954342291225
done,confirm_K6_i000578,GRU,128,5,256,5,2.041986394673586,16,13,101256,cpu,2.074719227850437,2.077412843704224,2.092564582824707,2.0692866444587708,project://predictive_profile_confirmatory64_v1/runs/confirm_K6_i000578/gru/d128/n256/seed5/DONE.json,2.0331529362538943,2.0330688694226358,2.0330618159110445,2.033061473990758,0.0126123852478377,0.0362251704680125,59.39699287328096
done,confirm_K6_i000578,GRU,256,1,256,34,2.0224836096167564,16,42,399112,cpu,2.0510831624269485,2.045122116804123,2.0571123138070107,2.0654334723949432,project://predictive_profile_confirmatory64_v1/runs/confirm_K6_i000578/gru/d256/n256/seed1/DONE.json,2.0331529362538943,2.0330688694226358,2.0330618159110445,2.033061473990758,0.0131402416169425,0.032371998404185,-156.89869762623107
done,confirm_K6_i000578,GRU,256,2,256,35,2.0534635819494724,16,43,399112,cpu,2.05344195663929,2.04451197385788,2.051373913884163,2.050433933734894,project://predictive_profile_confirmatory64_v1/runs/confirm_K6_i000578/gru/d256/n256/seed2/DONE.json,2.0331529362538943,2.0330688694226358,2.0330618159110445,2.033061473990758,0.0033371582354823,0.0173724597441355,32.888131140178096
done,confirm_K6_i000578,GRU,256,3,256,4,2.0651990361511707,16,12,399112,cpu,2.077054195106029,2.08002994209528,2.112170591950417,2.0880793780088425,project://predictive_profile_confirmatory64_v1/runs/confirm_K6_i000578/gru/d256/n256/seed3/DONE.json,2.0331529362538943,2.0330688694226358,2.0330618159110445,2.033061473990758,0.0138641844857581,0.0550179040180842,-120.54351734564447
done,confirm_K6_i000578,GRU,256,4,256,45,2.0448922254145145,16,48,399112,cpu,2.039381295442581,2.033266671001911,2.02635159343481,2.0463710948824883,project://predictive_profile_confirmatory64_v1/runs/confirm_K6_i000578/gru/d256/n256/seed4/DONE.json,2.0331529362538943,2.0330688694226358,2.0330618159110445,2.033061473990758,0.0124785636339608,0.01330962089173,-76.42276935034252
done,confirm_K6_i000578,GRU,256,5,256,23,2.0508930161595345,16,31,399112,cpu,2.053070344030857,2.0572029054164886,2.0415114015340805,2.0630565509200096,project://predictive_profile_confirmatory64_v1/runs/confirm_K6_i000578/gru/d256/n256/seed5/DONE.json,2.0331529362538943,2.0330688694226358,2.0330618159110445,2.033061473990758,0.0122486673970641,0.0299950769292514,-109.18390324868191
done,confirm_K6_i000578,Transformer,8,1,256,31,2.0530355125665665,16,39,1064,cpu,2.012250103056431,2.057107165455818,2.050279848277569,2.0265945866703987,project://predictive_profile_confirmatory64_v1/runs/confirm_K6_i000578/transformer/d8/n256/seed1/DONE.json,2.0331529362538943,2.0330688694226358,2.0330618159110445,2.033061473990758,0.0206151531971875,-0.0064668873203594,-156.83499535354483
done,confirm_K6_i000578,Transformer,8,2,256,47,2.0420474745333195,16,48,1064,cpu,2.0665585845708847,2.062198296189308,2.046345040202141,2.035836987197399,project://predictive_profile_confirmatory64_v1/runs/confirm_K6_i000578/transformer/d8/n256/seed2/DONE.json,2.0331529362538943,2.0330688694226358,2.0330618159110445,2.033061473990758,0.0208754995691258,0.0027755132066409,335.89369342179424
done,confirm_K6_i000578,Transformer,8,3,256,37,2.0420608781278133,16,45,1064,cpu,2.04496368765831,2.0323773846030235,2.050376169383526,2.053211860358715,project://predictive_profile_confirmatory64_v1/runs/confirm_K6_i000578/transformer/d8/n256/seed3/DONE.json,2.0331529362538943,2.0330688694226358,2.0330618159110445,2.033061473990758,0.0113134454136277,0.0201503863679568,-90.18115687926412
done,confirm_K6_i000578,Transformer,8,4,256,44,2.017813805490732,16,48,1064,cpu,2.06194107234478,2.0114946961402893,2.030115388333797,2.0355705246329308,project://predictive_profile_confirmatory64_v1/runs/confirm_K6_i000578/transformer/d8/n256/seed4/DONE.json,2.0331529362538943,2.0330688694226358,2.0330618159110445,2.033061473990758,0.01803021248642,0.0025090506421725,288.3216182024885
done,confirm_K6_i000578,Transformer,8,5,256,36,2.027323711663485,16,44,1064,cpu,2.037350557744503,2.050647921860218,2.044205963611603,2.0624741166830063,project://predictive_profile_confirmatory64_v1/runs/confirm_K6_i000578/transformer/d8/n256/seed5/DONE.json,2.0331529362538943,2.0330688694226358,2.0330618159110445,2.033061473990758,0.0166550972811315,0.029412642692248,-274.687702633496
done,confirm_K6_i000578,Transformer,32,1,256,23,2.048681478947401,16,31,13448,cpu,2.051992602646351,2.054690346121788,2.03439774364233,2.052897557616234,project://predictive_profile_confirmatory64_v1/runs/confirm_K6_i000578/transformer/d32/n256/seed1/DONE.json,2.0331529362538943,2.0330688694226358,2.0330618159110445,2.033061473990758,0.0093063989254588,0.0198360836254756,-9.89429890376532
done,confirm_K6_i000578,Transformer,32,2,256,21,2.0386444702744484,16,29,13448,cpu,2.049689576029777,2.071688860654831,2.024675242602825,2.044594645500183,project://predictive_profile_confirmatory64_v1/runs/confirm_K6_i000578/transformer/d32/n256/seed2/DONE.json,2.0331529362538943,2.0330688694226358,2.0330618159110445,2.033061473990758,0.016996519724545,0.0115331715094249,55.70527510362864
done,confirm_K6_i000578,Transformer,32,3,256,11,2.0505222976207733,16,19,13448,cpu,2.0653634890913963,2.070287846028805,2.0797139108181,2.0598303601145744,project://predictive_profile_confirmatory64_v1/runs/confirm_K6_i000578/transformer/d32/n256/seed3/DONE.json,2.0331529362538943,2.0330688694226358,2.0330618159110445,2.033061473990758,0.0115559305037509,0.0267688861238162,60.49630511100593
done,confirm_K6_i000578,Transformer,32,4,256,15,2.0582554526627064,16,23,13448,cpu,2.054630897939205,2.045694336295128,2.0470937341451645,2.0456186085939407,project://predictive_profile_confirmatory64_v1/runs/confirm_K6_i000578/transformer/d32/n256/seed4/DONE.json,2.0331529362538943,2.0330688694226358,2.0330618159110445,2.033061473990758,0.004521084269463,0.0125571346031825,98.53560404314688
done,confirm_K6_i000578,Transformer,32,5,256,7,2.043131235986948,16,15,13448,cpu,2.078457906842232,2.0837328732013702,2.043322481215,2.086495153605938,project://predictive_profile_confirmatory64_v1/runs/confirm_K6_i000578/transformer/d32/n256/seed5/DONE.json,2.0331529362538943,2.0330688694226358,2.0330618159110445,2.033061473990758,0.0220094080985792,0.0534336796151797,-87.8750042708911
done,confirm_K6_i000578,Transformer,128,1,256,17,2.05836246535182,16,25,201224,cpu,2.072668105363846,2.0513678789138794,2.10618145018816,2.051746778190136,project://predictive_profile_confirmatory64_v1/runs/confirm_K6_i000578/transformer/d128/n256/seed1/DONE.json,2.0331529362538943,2.0330688694226358,2.0330618159110445,2.033061473990758,0.0291424466492021,0.0186853041993777,228.74272357101265
done,confirm_K6_i000578,Transformer,128,2,256,10,2.0635920986533165,16,18,201224,cpu,2.0968174636363983,2.0788727328181267,2.080096997320652,2.089900568127632,project://predictive_profile_confirmatory64_v1/runs/confirm_K6_i000578/transformer/d128/n256/seed2/DONE.json,2.0331529362538943,2.0330688694226358,2.0330618159110445,2.033061473990758,0.0081314137957363,0.0568390941368739,75.6256763346968
done,confirm_K6_i000578,Transformer,128,3,256,19,2.0510151982307434,16,27,201224,cpu,2.078089475631714,2.071552492678165,2.0244104266166687,2.051437549293041,project://predictive_profile_confirmatory64_v1/runs/confirm_K6_i000578/transformer/d128/n256/seed3/DONE.json,2.0331529362538943,2.0330688694226358,2.0330618159110445,2.033061473990758,0.0214491000925659,0.018376075302283,291.3980632539832
done,confirm_K6_i000578,Transformer,128,4,256,31,2.056606862694025,16,39,201224,cpu,2.086023718118668,2.055815927684307,2.064928688108921,2.072334691882133,project://predictive_profile_confirmatory64_v1/runs/confirm_K6_i000578/transformer/d128/n256/seed4/DONE.json,2.0331529362538943,2.0330688694226358,2.0330618159110445,2.033061473990758,0.0113232245258219,0.0392732178913752,149.6685711370486
done,confirm_K6_i000578,Transformer,128,5,256,34,2.040850643068552,16,42,201224,cpu,2.058196574449539,2.0231609493494034,2.032889038324356,2.0646055936813354,project://predictive_profile_confirmatory64_v1/runs/confirm_K6_i000578/transformer/d128/n256/seed5/DONE.json,2.0331529362538943,2.0330688694226358,2.0330618159110445,2.033061473990758,0.0262987140044099,0.0315441196905772,-70.07282579770084
done,confirm_K6_i000578,Transformer,256,1,256,13,2.047444060444832,16,21,795656,cpu,2.0657234862446785,2.078920863568783,2.0754988193511963,2.061927892267704,project://predictive_profile_confirmatory64_v1/runs/confirm_K6_i000578/transformer/d256/n256/seed1/DONE.json,2.0331529362538943,2.0330688694226358,2.0330618159110445,2.033061473990758,0.0110271388065274,0.0288664182769458,41.49901660894105
done,confirm_K6_i000578,Transformer,256,2,256,18,2.045457676053047,16,26,795656,cpu,2.035071834921837,2.034825712442398,2.093650043010712,2.032139033079148,project://predictive_profile_confirmatory64_v1/runs/confirm_K6_i000578/transformer/d256/n256/seed2/DONE.json,2.0331529362538943,2.0330688694226358,2.0330618159110445,2.033061473990758,0.0308172599860245,-0.0009224409116108,32.06570384473006
done,confirm_K6_i000578,Transformer,256,3,256,14,2.0561044067144394,16,22,795656,cpu,2.0448121652007103,2.04206158220768,2.0502255484461784,2.043335258960724,project://predictive_profile_confirmatory64_v1/runs/confirm_K6_i000578/transformer/d256/n256/seed3/DONE.json,2.0331529362538943,2.0330688694226358,2.0330618159110445,2.033061473990758,0.0035718335069939,0.0102737849699656,16.1477115188965
done,confirm_K6_i000578,Transformer,256,4,256,22,2.0504911094903946,16,30,795656,cpu,2.05208483338356,2.070942871272564,2.077513173222542,2.0562557354569435,project://predictive_profile_confirmatory64_v1/runs/confirm_K6_i000578/transformer/d256/n256/seed4/DONE.json,2.0331529362538943,2.0330688694226358,2.0330618159110445,2.033061473990758,0.0130912819392154,0.0231942614661853,-45.60243679055795
done,confirm_K6_i000578,Transformer,256,5,256,21,2.024613942950964,16,29,795656,cpu,2.0827966928482056,2.049071528017521,2.0354524478316307,2.0528676211833954,project://predictive_profile_confirmatory64_v1/runs/confirm_K6_i000578/transformer/d256/n256/seed5/DONE.json,2.0331529362538943,2.0330688694226358,2.0330618159110445,2.033061473990758,0.0173785041970759,0.0198061471926371,327.22863658303595
done,confirm_K6_i001146,GRU,8,1,256,48,1.6466104984283447,16,48,576,cpu,1.6589667201042175,1.6483391970396042,1.6167658567428589,1.6142502203583715,project://predictive_profile_confirmatory64_v1/runs/confirm_K6_i001146/gru/d8/n256/seed1/DONE.json,1.6061418116150867,1.6015991942358865,1.6010169025578267,1.60096119135955,0.0259234673967904,0.0132890289988216,8.631495369315292
done,confirm_K6_i001146,GRU,8,2,256,46,1.605828132480383,16,48,576,cpu,1.5965955927968023,1.6004749238491058,1.6274681985378263,1.6852890327572825,project://predictive_profile_confirmatory64_v1/runs/confirm_K6_i001146/gru/d8/n256/seed2/DONE.json,1.6061418116150867,1.6015991942358865,1.6010169025578267,1.60096119135955,0.0697568941025974,0.0843278413977322,-17.120235721908127
done,confirm_K6_i001146,GRU,8,3,256,48,1.6154021732509136,16,48,576,cpu,1.6816769540309906,1.6374288722872734,1.5625654458999634,1.6147229000926018,project://predictive_profile_confirmatory64_v1/runs/confirm_K6_i001146/gru/d8/n256/seed3/DONE.json,1.6061418116150867,1.6015991942358865,1.6010169025578267,1.60096119135955,0.041920063868462,0.0137617087330517,12.923945519232602
done,confirm_K6_i001146,GRU,8,4,256,48,1.6187577657401562,16,48,576,cpu,1.6496788933873177,1.6604383811354635,1.6724897772073746,1.6448614969849586,project://predictive_profile_confirmatory64_v1/runs/confirm_K6_i001146/gru/d8/n256/seed4/DONE.json,1.6061418116150867,1.6015991942358865,1.6010169025578267,1.60096119135955,0.0156807897432029,0.0439003056254085,0.9298879602708816
done,confirm_K6_i001146,GRU,8,5,256,48,1.6342940591275692,16,48,576,cpu,1.6251022145152092,1.5923612043261528,1.6256344243884089,1.643642969429493,project://predictive_profile_confirmatory64_v1/runs/confirm_K6_i001146/gru/d8/n256/seed5/DONE.json,1.6061418116150867,1.6015991942358865,1.6010169025578267,1.60096119135955,0.0299361123916086,0.0426817780699428,-3.5788677802563766
done,confirm_K6_i001146,GRU,32,1,256,45,1.5904650203883648,16,48,6888,cpu,1.658135861158371,1.580430917441845,1.6344194039702415,1.5611772388219831,project://predictive_profile_confirmatory64_v1/runs/confirm_K6_i001146/gru/d32/n256/seed1/DONE.json,1.6061418116150867,1.6015991942358865,1.6010169025578267,1.60096119135955,0.0594264294971385,-0.0397839525375667,18.715639740775305
done,confirm_K6_i001146,GRU,32,2,256,41,1.5818531662225723,16,48,6888,cpu,1.5823711156845093,1.629941612482071,1.6299709677696228,1.6097002252936363,project://predictive_profile_confirmatory64_v1/runs/confirm_K6_i001146/gru/d32/n256/seed2/DONE.json,1.6061418116150867,1.6015991942358865,1.6010169025578267,1.60096119135955,0.0215047826187572,0.0087390339340862,-5.275258224132462
done,confirm_K6_i001146,GRU,32,3,256,15,1.6435473337769508,16,23,6888,cpu,1.6394801810383797,1.6164784729480743,1.5798164829611778,1.6358002349734306,project://predictive_profile_confirmatory64_v1/runs/confirm_K6_i001146/gru/d32/n256/seed3/DONE.json,1.6061418116150867,1.6015991942358865,1.6010169025578267,1.60096119135955,0.0297534270079995,0.0348390436138805,0.7103292431087138
done,confirm_K6_i001146,GRU,32,4,256,12,1.6295730508863926,16,20,6888,cpu,1.649322621524334,1.6154248639941216,1.5560341477394104,1.6788286417722702,project://predictive_profile_confirmatory64_v1/runs/confirm_K6_i001146/gru/d32/n256/seed4/DONE.json,1.6061418116150867,1.6015991942358865,1.6010169025578267,1.60096119135955,0.0714084827316522,0.0778674504127201,-5.695460927946292
done,confirm_K6_i001146,GRU,32,5,256,44,1.5996032804250715,16,48,6888,cpu,1.5866232737898829,1.602445587515831,1.6008398979902267,1.6164449229836464,project://predictive_profile_confirmatory64_v1/runs/confirm_K6_i001146/gru/d32/n256/seed5/DONE.json,1.6061418116150867,1.6015991942358865,1.6010169025578267,1.60096119135955,0.0205223609659592,0.0154837316240963,-5.7563858616914665
done,confirm_K6_i001146,GRU,128,1,256,17,1.598727848380804,16,25,101256,cpu,1.5650867968797684,1.6316347643733025,1.6224009096622467,1.6913673803210258,project://predictive_profile_confirmatory64_v1/runs/confirm_K6_i001146/gru/d128/n256/seed1/DONE.json,1.6061418116150867,1.6015991942358865,1.6010169025578267,1.60096119135955,0.0801416266414003,0.0904061889614757,-24.375572269806483
done,confirm_K6_i001146,GRU,128,2,256,10,1.634693868458271,16,18,101256,cpu,1.6232672408223152,1.6392134726047516,1.6964568048715591,1.6635399237275124,project://predictive_profile_confirmatory64_v1/runs/confirm_K6_i001146/gru/d128/n256/seed2/DONE.json,1.6061418116150867,1.6015991942358865,1.6010169025578267,1.60096119135955,0.0306964298490044,0.0625787323679623,-7.773718380951897
done,confirm_K6_i001146,GRU,128,3,256,28,1.569117832928896,16,36,101256,cpu,1.597402110695839,1.6184683665633202,1.624029517173767,1.6550641283392906,project://predictive_profile_confirmatory64_v1/runs/confirm_K6_i001146/gru/d128/n256/seed3/DONE.json,1.6061418116150867,1.6015991942358865,1.6010169025578267,1.60096119135955,0.0396930677605415,0.0541029369797405,-11.130330886890754
done,confirm_K6_i001146,GRU,128,4,256,26,1.5907076373696327,16,34,101256,cpu,1.6256463155150414,1.6100228056311607,1.6066132262349129,1.621400624513626,project://predictive_profile_confirmatory64_v1/runs/confirm_K6_i001146/gru/d128/n256/seed4/DONE.json,1.6061418116150867,1.6015991942358865,1.6010169025578267,1.60096119135955,0.0095599681510375,0.020439433154076,0.8195333361633224
done,confirm_K6_i001146,GRU,128,5,256,22,1.6135777607560158,16,30,101256,cpu,1.6026932820677755,1.64811023324728,1.5437973365187645,1.7090352401137352,project://predictive_profile_confirmatory64_v1/runs/confirm_K6_i001146/gru/d128/n256/seed5/DONE.json,1.6061418116150867,1.6015991942358865,1.6010169025578267,1.60096119135955,0.104342307731599,0.1080740487541851,-20.52687763252072
done,confirm_K6_i001146,GRU,256,1,256,28,1.6391067020595074,16,36,399112,cpu,1.6395124718546867,1.6236659735441208,1.6124544441699982,1.5584779754281044,project://predictive_profile_confirmatory64_v1/runs/confirm_K6_i001146/gru/d256/n256/seed1/DONE.json,1.6061418116150867,1.6015991942358865,1.6010169025578267,1.60096119135955,0.056630293372215,-0.0424832159314456,15.641852216436542
done,confirm_K6_i001146,GRU,256,2,256,6,1.6299812495708466,16,14,399112,cpu,1.6272781640291214,1.6757847145199776,1.7055527046322825,1.6488661617040634,project://predictive_profile_confirmatory64_v1/runs/confirm_K6_i001146/gru/d256/n256/seed2/DONE.json,1.6061418116150867,1.6015991942358865,1.6010169025578267,1.60096119135955,0.0339642360191555,0.0479049703445133,-4.1670681520944
done,confirm_K6_i001146,GRU,256,3,256,10,1.618526291102171,16,18,399112,cpu,1.6616568565368652,1.6174884960055351,1.590340033173561,1.5913989171385765,project://predictive_profile_confirmatory64_v1/runs/confirm_K6_i001146/gru/d256/n256/seed3/DONE.json,1.6061418116150867,1.6015991942358865,1.6010169025578267,1.60096119135955,0.0349431055774671,-0.0095622742209735,13.561684881883036
done,confirm_K6_i001146,GRU,256,4,256,19,1.5736500024795532,16,27,399112,cpu,1.5808101072907448,1.670880764722824,1.6625749841332436,1.543074056506157,project://predictive_profile_confirmatory64_v1/runs/confirm_K6_i001146/gru/d256/n256/seed4/DONE.json,1.6061418116150867,1.6015991942358865,1.6010169025578267,1.60096119135955,0.0887396408075232,-0.0578871348533931,7.284079689928691
done,confirm_K6_i001146,GRU,256,5,256,10,1.655449166893959,16,18,399112,cpu,1.6469612941145897,1.6643360555171969,1.7093762904405594,1.689555674791336,project://predictive_profile_confirmatory64_v1/runs/confirm_K6_i001146/gru/d256/n256/seed5/DONE.json,1.6061418116150867,1.6015991942358865,1.6010169025578267,1.60096119135955,0.0289038007246083,0.088594483431786,-8.22186892220571
done,confirm_K6_i001146,Transformer,8,1,256,48,1.6519514918327332,16,48,1064,cpu,1.6232497543096542,1.6166110932826996,1.660227209329605,1.6610898226499555,project://predictive_profile_confirmatory64_v1/runs/confirm_K6_i001146/transformer/d8/n256/seed1/DONE.json,1.6061418116150867,1.6015991942358865,1.6010169025578267,1.60096119135955,0.0311734762880305,0.0601286312904056,-7.304157894966493
done,confirm_K6_i001146,Transformer,8,2,256,45,1.659844622015953,16,48,1064,cpu,1.611649252474308,1.647899478673935,1.6521630436182022,1.6171359345316887,project://predictive_profile_confirmatory64_v1/runs/confirm_K6_i001146/transformer/d8/n256/seed2/DONE.json,1.6061418116150867,1.6015991942358865,1.6010169025578267,1.60096119135955,0.0236872235891872,0.0161747431721386,-1.0590782158790557
done,confirm_K6_i001146,Transformer,8,3,256,48,1.6125967130064964,16,48,1064,cpu,1.6375195607542992,1.6619878262281418,1.6823972910642624,1.6531613394618034,project://predictive_profile_confirmatory64_v1/runs/confirm_K6_i001146/transformer/d8/n256/seed3/DONE.json,1.6061418116150867,1.6015991942358865,1.6010169025578267,1.60096119135955,0.0183855241769084,0.0522001481022533,-3.019286868360496
done,confirm_K6_i001146,Transformer,8,4,256,48,1.6588188894093037,16,48,1064,cpu,1.6649688109755516,1.648039311170578,1.6754293367266655,1.6736275032162666,project://predictive_profile_confirmatory64_v1/runs/confirm_K6_i001146/transformer/d8/n256/seed4/DONE.json,1.6061418116150867,1.6015991942358865,1.6010169025578267,1.60096119135955,0.0148525150528946,0.0726663118567165,-1.6713620789829642
done,confirm_K6_i001146,Transformer,8,5,256,39,1.6387217566370964,16,47,1064,cpu,1.6422905549407003,1.6116901636123655,1.6375668123364449,1.5707645788788795,project://predictive_profile_confirmatory64_v1/runs/confirm_K6_i001146/transformer/d8/n256/seed5/DONE.json,1.6061418116150867,1.6015991942358865,1.6010169025578267,1.60096119135955,0.0511856760301862,-0.0301966124806705,13.806450296251532
done,confirm_K6_i001146,Transformer,32,1,256,20,1.5684718526899817,16,28,13448,cpu,1.5950789153575895,1.658617876470089,1.638960883021355,1.6336951851844788,project://predictive_profile_confirmatory64_v1/runs/confirm_K6_i001146/transformer/d32/n256/seed1/DONE.json,1.6061418116150867,1.6015991942358865,1.6010169025578267,1.60096119135955,0.0251746779165195,0.0327339938249287,-7.453985801336966
done,confirm_K6_i001146,Transformer,32,2,256,21,1.6443845108151436,16,29,13448,cpu,1.601170800626278,1.5990305840969086,1.6485769599676132,1.6558101400732994,project://predictive_profile_confirmatory64_v1/runs/confirm_K6_i001146/transformer/d32/n256/seed2/DONE.json,1.6061418116150867,1.6015991942358865,1.6010169025578267,1.60096119135955,0.0416183000009102,0.0548489487137493,-10.546872141154704
done,confirm_K6_i001146,Transformer,32,3,256,18,1.6084122881293297,16,26,13448,cpu,1.6660467088222504,1.5682376995682716,1.5733930617570877,1.6330190673470495,project://predictive_profile_confirmatory64_v1/runs/confirm_K6_i001146/transformer/d32/n256/seed3/DONE.json,1.6061418116150867,1.6015991942358865,1.6010169025578267,1.60096119135955,0.0464140548931872,0.0320578759874996,6.375229189961009
done,confirm_K6_i001146,Transformer,32,4,256,18,1.6055878587067127,16,26,13448,cpu,1.6070544868707657,1.6371469870209694,1.6178754046559334,1.675114169716835,project://predictive_profile_confirmatory64_v1/runs/confirm_K6_i001146/transformer/d32/n256/seed4/DONE.json,1.6061418116150867,1.6015991942358865,1.6010169025578267,1.60096119135955,0.0503417306051669,0.0741529783572849,-13.13736183873583
done,confirm_K6_i001146,Transformer,32,5,256,45,1.62277065590024,16,48,13448,cpu,1.6102285534143448,1.6141344085335732,1.6027600690722466,1.5762375071644783,project://predictive_profile_confirmatory64_v1/runs/confirm_K6_i001146/transformer/d32/n256/seed5/DONE.json,1.6061418116150867,1.6015991942358865,1.6010169025578267,1.60096119135955,0.0270127763722416,-0.0247236841950717,6.561192400377023
done,confirm_K6_i001146,Transformer,128,1,256,21,1.6273129135370257,16,29,201224,cpu,1.5951543524861336,1.6099613532423973,1.5797074884176254,1.5563703328371048,project://predictive_profile_confirmatory64_v1/runs/confirm_K6_i001146/transformer/d128/n256/seed1/DONE.json,1.6061418116150867,1.6015991942358865,1.6010169025578267,1.60096119135955,0.0334486029930399,-0.0445908585224452,7.48636605965844
done,confirm_K6_i001146,Transformer,128,2,256,13,1.5479141734540462,16,21,201224,cpu,1.6533057391643524,1.5818802863359451,1.608337700366974,1.6609627678990364,project://predictive_profile_confirmatory64_v1/runs/confirm_K6_i001146/transformer/d128/n256/seed2/DONE.json,1.6061418116150867,1.6015991942358865,1.6010169025578267,1.60096119135955,0.0482063930368371,0.0600015765394863,-1.478013897370824
done,confirm_K6_i001146,Transformer,128,3,256,16,1.593923918902874,16,24,201224,cpu,1.6247249990701675,1.590150311589241,1.6317014321684835,1.595860317349434,project://predictive_profile_confirmatory64_v1/runs/confirm_K6_i001146/transformer/d128/n256/seed3/DONE.json,1.6061418116150867,1.6015991942358865,1.6010169025578267,1.60096119135955,0.0216900155223453,-0.0051008740101161,5.571665224812639
done,confirm_K6_i001146,Transformer,128,4,256,15,1.6311690397560596,16,23,201224,cpu,1.6630693525075912,1.6100309118628502,1.5651835575699806,1.682079181075096,project://predictive_profile_confirmatory64_v1/runs/confirm_K6_i001146/transformer/d128/n256/seed4/DONE.json,1.6061418116150867,1.6015991942358865,1.6010169025578267,1.60096119135955,0.0699036598707472,0.081117989715546,-3.669411697795945
done,confirm_K6_i001146,Transformer,128,5,256,26,1.639101404696703,16,34,201224,cpu,1.5393695011734962,1.6794471517205238,1.6292666122317314,1.6214790120720863,project://predictive_profile_confirmatory64_v1/runs/confirm_K6_i001146/transformer/d128/n256/seed5/DONE.json,1.6061418116150867,1.6015991942358865,1.6010169025578267,1.60096119135955,0.0523595590272764,0.0205178207125362,-15.849359120819054
done,confirm_K6_i001146,Transformer,256,1,256,11,1.632151823490858,16,19,795656,cpu,1.652714565396309,1.6379097774624825,1.6205696687102318,1.629687748849392,project://predictive_profile_confirmatory64_v1/runs/confirm_K6_i001146/transformer/d256/n256/seed1/DONE.json,1.6061418116150867,1.6015991942358865,1.6010169025578267,1.60096119135955,0.0107257006292019,0.0287265574898418,4.444799157457559
done,confirm_K6_i001146,Transformer,256,2,256,11,1.6610614843666551,16,19,795656,cpu,1.601789079606533,1.558262936770916,1.6873120591044426,1.6327857822179794,project://predictive_profile_confirmatory64_v1/runs/confirm_K6_i001146/transformer/d256/n256/seed2/DONE.json,1.6061418116150867,1.6015991942358865,1.6010169025578267,1.60096119135955,0.0498121329017993,0.0318245908584293,-5.983202991633935
done,confirm_K6_i001146,Transformer,256,3,256,12,1.5928712077438831,16,20,795656,cpu,1.668145515024662,1.6155078187584877,1.6030184999108317,1.66833233833313,project://predictive_profile_confirmatory64_v1/runs/confirm_K6_i001146/transformer/d256/n256/seed3/DONE.json,1.6061418116150867,1.6015991942358865,1.6010169025578267,1.60096119135955,0.0423090675116782,0.0673711469735798,-0.0360619576909158
done,confirm_K6_i001146,Transformer,256,4,256,8,1.6341775953769684,16,16,795656,cpu,1.6349747478961945,1.7025910541415217,1.664416752755642,1.6505859047174454,project://predictive_profile_confirmatory64_v1/runs/confirm_K6_i001146/transformer/d256/n256/seed4/DONE.json,1.6061418116150867,1.6015991942358865,1.6010169025578267,1.60096119135955,0.0285509900591306,0.0496247133578953,-3.013376015075963
done,confirm_K6_i001146,Transformer,256,5,256,21,1.6408379077911377,16,29,795656,cpu,1.706192061305046,1.6357005089521408,1.6526173800230026,1.6541662514209747,project://predictive_profile_confirmatory64_v1/runs/confirm_K6_i001146/transformer/d256/n256/seed5/DONE.json,1.6061418116150867,1.6015991942358865,1.6010169025578267,1.60096119135955,0.0253080993105699,0.0532050600614246,10.04239016138462
done,confirm_K6_i000105,GRU,8,1,256,48,1.6965050995349884,16,48,576,cpu,1.6958331167697906,1.7340958267450333,1.7336513474583626,1.6993363350629809,project://predictive_profile_confirmatory64_v1/runs/confirm_K6_i000105/gru/d8/n256/seed1/DONE.json,1.665917028461244,1.6649296774886695,1.664889762841668,1.6648880569181927,0.0245116009282682,0.0344482781447879,-3.404582290781448
done,confirm_K6_i000105,GRU,8,2,256,48,1.677406795322895,16,48,576,cpu,1.6855327263474464,1.6809659227728844,1.6078605130314827,1.667590819299221,project://predictive_profile_confirmatory64_v1/runs/confirm_K6_i000105/gru/d8/n256/seed2/DONE.json,1.665917028461244,1.6649296774886695,1.664889762841668,1.6648880569181927,0.031748001646336,0.0027027623810282,17.436737847018893
done,confirm_K6_i000105,GRU,8,3,256,48,1.6883113831281662,16,48,576,cpu,1.7109001725912094,1.6864660382270813,1.702346533536911,1.677623175084591,project://predictive_profile_confirmatory64_v1/runs/confirm_K6_i000105/gru/d8/n256/seed3/DONE.json,1.665917028461244,1.6649296774886695,1.664889762841668,1.6648880569181927,0.0207879601759966,0.0127351181663981,32.34005617681531
done,confirm_K6_i000105,GRU,8,4,256,44,1.6208802610635755,16,48,576,cpu,1.7220011577010157,1.6610450521111488,1.707182727754116,1.692999146878719,project://predictive_profile_confirmatory64_v1/runs/confirm_K6_i000105/gru/d8/n256/seed4/DONE.json,1.665917028461244,1.6649296774886695,1.664889762841668,1.6648880569181927,0.0224016868988893,0.0281110899605265,28.18543527092904
done,confirm_K6_i000105,GRU,8,5,256,46,1.649385280907154,16,48,576,cpu,1.758298061788082,1.6961637362837791,1.618253655731678,1.7099170833826065,project://predictive_profile_confirmatory64_v1/runs/confirm_K6_i000105/gru/d8/n256/seed5/DONE.json,1.665917028461244,1.6649296774886695,1.664889762841668,1.6648880569181927,0.0520456780148685,0.0450290264644137,47.01877202746961
done,confirm_K6_i000105,GRU,32,1,256,27,1.645987931638956,16,35,6888,cpu,1.6361935958266258,1.7114161103963852,1.6210662722587583,1.689483255147934,project://predictive_profile_confirmatory64_v1/runs/confirm_K6_i000105/gru/d32/n256/seed1/DONE.json,1.665917028461244,1.6649296774886695,1.664889762841668,1.6648880569181927,0.0450301476611697,0.0245951982297412,-51.78924498076149
done,confirm_K6_i000105,GRU,32,2,256,26,1.6418178863823414,16,34,6888,cpu,1.6905444338917732,1.7317730411887169,1.6900320574641228,1.608720451593399,project://predictive_profile_confirmatory64_v1/runs/confirm_K6_i000105/gru/d32/n256/seed2/DONE.json,1.665917028461244,1.6649296774886695,1.664889762841668,1.6648880569181927,0.0840696617288525,-0.0561676053247937,79.52016054374671
done,confirm_K6_i000105,GRU,32,3,256,23,1.6670998819172382,16,31,6888,cpu,1.722534455358982,1.7210687771439552,1.6699621677398682,1.569160223007202,project://predictive_profile_confirmatory64_v1/runs/confirm_K6_i000105/gru/d32/n256/seed3/DONE.json,1.665917028461244,1.6649296774886695,1.664889762841668,1.6648880569181927,0.1187785041007981,-0.0957278339109906,149.05585425325592
done,confirm_K6_i000105,GRU,32,4,256,26,1.65415233746171,16,34,6888,cpu,1.6296333149075508,1.7013554722070694,1.6877357959747314,1.6729979887604711,project://predictive_profile_confirmatory64_v1/runs/confirm_K6_i000105/gru/d32/n256/seed4/DONE.json,1.665917028461244,1.6649296774886695,1.664889762841668,1.6648880569181927,0.0273392415915971,0.0081099318422785,-42.14370566977372
done,confirm_K6_i000105,GRU,32,5,256,29,1.679961383342743,16,37,6888,cpu,1.6773468255996704,1.7129804268479347,1.6195739582180977,1.693665198981762,project://predictive_profile_confirmatory64_v1/runs/confirm_K6_i000105/gru/d32/n256/seed5/DONE.json,1.665917028461244,1.6649296774886695,1.664889762841668,1.6648880569181927,0.0392497358682955,0.0287771420635691,-15.858916111230444
done,confirm_K6_i000105,GRU,128,1,256,7,1.6454219222068789,16,15,101256,cpu,1.709819532930851,1.6891136318445206,1.6470344364643097,1.6577133759856224,project://predictive_profile_confirmatory64_v1/runs/confirm_K6_i000105/gru/d128/n256/seed1/DONE.json,1.665917028461244,1.6649296774886695,1.664889762841668,1.6648880569181927,0.0304397727606412,-0.0071746809325703,50.63906509087825
done,confirm_K6_i000105,GRU,128,2,256,31,1.6589683964848518,16,39,101256,cpu,1.6960050612688065,1.7060851082205772,1.7119685262441635,1.740478128194809,project://predictive_profile_confirmatory64_v1/runs/confirm_K6_i000105/gru/d128/n256/seed2/DONE.json,1.665917028461244,1.6649296774886695,1.664889762841668,1.6648880569181927,0.0318946494375444,0.0755900712766162,-43.22089102107636
done,confirm_K6_i000105,GRU,128,3,256,13,1.6357091143727305,16,21,101256,cpu,1.728270344436169,1.7188516035676005,1.6750139594078064,1.7679050266742706,project://predictive_profile_confirmatory64_v1/runs/confirm_K6_i000105/gru/d128/n256/seed3/DONE.json,1.665917028461244,1.6649296774886695,1.664889762841668,1.6648880569181927,0.0563314374115644,0.1030169697560778,-38.51873504740039
done,confirm_K6_i000105,GRU,128,4,256,16,1.6553416699171066,16,24,101256,cpu,1.676653891801834,1.6905987784266472,1.697920799255371,1.7028608694672585,project://predictive_profile_confirmatory64_v1/runs/confirm_K6_i000105/gru/d128/n256/seed4/DONE.json,1.665917028461244,1.6649296774886695,1.664889762841668,1.6648880569181927,0.0151459516048639,0.0379728125490657,-25.46909857945568
done,confirm_K6_i000105,GRU,128,5,256,19,1.7133163772523403,16,27,101256,cpu,1.7090230137109756,1.7199081629514694,1.7055901885032654,1.697073720395565,project://predictive_profile_confirmatory64_v1/runs/confirm_K6_i000105/gru/d128/n256/seed5/DONE.json,1.665917028461244,1.6649296774886695,1.664889762841668,1.6648880569181927,0.0133347978680328,0.0321856634773722,11.612851099825436
done,confirm_K6_i000105,GRU,256,1,256,27,1.6558261662721634,16,35,399112,cpu,1.694230355322361,1.704492412507534,1.6615197882056236,1.7090971022844317,project://predictive_profile_confirmatory64_v1/runs/confirm_K6_i000105/gru/d256/n256/seed1/DONE.json,1.665917028461244,1.6649296774886695,1.664889762841668,1.6648880569181927,0.0251894085431547,0.0442090453662387,-14.448161431157724
done,confirm_K6_i000105,GRU,256,2,256,26,1.6434252746403215,16,34,399112,cpu,1.6695806682109833,1.635026566684246,1.68349140137434,1.7957598194479942,project://predictive_profile_confirmatory64_v1/runs/confirm_K6_i000105/gru/d256/n256/seed2/DONE.json,1.665917028461244,1.6649296774886695,1.664889762841668,1.6648880569181927,0.1168707054175619,0.1308717625298014,-122.62647309259816
done,confirm_K6_i000105,GRU,256,3,256,15,1.6888195984065533,16,23,399112,cpu,1.6937280371785164,1.7046085000038147,1.6791546642780304,1.6597239151597023,project://predictive_profile_confirmatory64_v1/runs/confirm_K6_i000105/gru/d256/n256/seed3/DONE.json,1.665917028461244,1.6649296774886695,1.664889762841668,1.6648880569181927,0.0294777022222443,-0.0051641417584904,33.04670789824143
done,confirm_K6_i000105,GRU,256,4,256,6,1.722004011273384,16,14,399112,cpu,1.6372249647974968,1.7058246582746506,1.7036193683743477,1.7532350718975067,project://predictive_profile_confirmatory64_v1/runs/confirm_K6_i000105/gru/d256/n256/seed4/DONE.json,1.665917028461244,1.6649296774886695,1.664889762841668,1.6648880569181927,0.0678449128507377,0.0883470149793139,-112.74374678624436
done,confirm_K6_i000105,GRU,256,5,256,23,1.6617548018693924,16,31,399112,cpu,1.7209641486406326,1.705209918320179,1.6813103035092354,1.7203338518738749,project://predictive_profile_confirmatory64_v1/runs/confirm_K6_i000105/gru/d256/n256/seed5/DONE.json,1.665917028461244,1.6649296774886695,1.664889762841668,1.6648880569181927,0.0209351585002505,0.0554457949556819,0.6125502410775937
done,confirm_K6_i000105,Transformer,8,1,256,46,1.6671385988593102,16,48,1064,cpu,1.677204146981239,1.7031626775860786,1.66862915456295,1.683287352323532,project://predictive_profile_confirmatory64_v1/runs/confirm_K6_i000105/transformer/d8/n256/seed1/DONE.json,1.665917028461244,1.6649296774886695,1.664889762841668,1.6648880569181927,0.0128342479121926,0.0183992954053393,-5.911927675137266
done,confirm_K6_i000105,Transformer,8,2,256,48,1.7055438943207264,16,48,1064,cpu,1.6613764539361,1.7468391433358192,1.7007075771689415,1.693051151931286,project://predictive_profile_confirmatory64_v1/runs/confirm_K6_i000105/transformer/d8/n256/seed2/DONE.json,1.665917028461244,1.6649296774886695,1.664889762841668,1.6648880569181927,0.0316891034382365,0.0281630950130931,-30.782870730576978
done,confirm_K6_i000105,Transformer,8,3,256,48,1.6589789725840092,16,48,1064,cpu,1.656570166349411,1.704215869307518,1.757440745830536,1.7165964990854263,project://predictive_profile_confirmatory64_v1/runs/confirm_K6_i000105/transformer/d8/n256/seed3/DONE.json,1.665917028461244,1.6649296774886695,1.664889762841668,1.6648880569181927,0.0372497504189431,0.0517084421672335,-58.3362417953977
done,confirm_K6_i000105,Transformer,8,4,256,47,1.6938881687819958,16,48,1064,cpu,1.6846215650439262,1.6636214181780815,1.6962092891335487,1.747425213456154,project://predictive_profile_confirmatory64_v1/runs/confirm_K6_i000105/transformer/d8/n256/seed4/DONE.json,1.665917028461244,1.6649296774886695,1.664889762841668,1.6648880569181927,0.058583066617401,0.0825371565379611,-61.03535985650258
done,confirm_K6_i000105,Transformer,8,5,256,33,1.6754104867577553,16,41,1064,cpu,1.6936602666974068,1.7569822072982788,1.7234112173318863,1.656003661453724,project://predictive_profile_confirmatory64_v1/runs/confirm_K6_i000105/transformer/d8/n256/seed5/DONE.json,1.665917028461244,1.6649296774886695,1.664889762841668,1.6648880569181927,0.0633904469190869,-0.0088843954644688,36.596352443355165
done,confirm_K6_i000105,Transformer,32,1,256,21,1.684488531202078,16,29,13448,cpu,1.6891413182020187,1.6645848900079727,1.669892318546772,1.6794060543179512,project://predictive_profile_confirmatory64_v1/runs/confirm_K6_i000105/transformer/d32/n256/seed1/DONE.json,1.665917028461244,1.6649296774886695,1.664889762841668,1.6648880569181927,0.0098392775569944,0.0145179973997584,9.46115949446
done,confirm_K6_i000105,Transformer,32,2,256,15,1.6761277578771114,16,23,13448,cpu,1.6698158606886864,1.7122206836938858,1.625574454665184,1.7032063528895378,project://predictive_profile_confirmatory64_v1/runs/confirm_K6_i000105/transformer/d32/n256/seed2/DONE.json,1.665917028461244,1.6649296774886695,1.664889762841668,1.6648880569181927,0.042697147171505,0.038318295971345,-32.45035533425984
done,confirm_K6_i000105,Transformer,32,3,256,23,1.593795157968998,16,31,13448,cpu,1.545091591775417,1.684316188097,1.7088493630290031,1.649123840034008,project://predictive_profile_confirmatory64_v1/runs/confirm_K6_i000105/transformer/d32/n256/seed3/DONE.json,1.665917028461244,1.6649296774886695,1.664889762841668,1.6648880569181927,0.0629292616257619,-0.0157642168841847,-101.10313444637151
done,confirm_K6_i000105,Transformer,32,4,256,24,1.6452636867761612,16,32,13448,cpu,1.671124592423439,1.676014058291912,1.650162637233734,1.668910451233387,project://predictive_profile_confirmatory64_v1/runs/confirm_K6_i000105/transformer/d32/n256/seed4/DONE.json,1.665917028461244,1.6649296774886695,1.664889762841668,1.6648880569181927,0.0100351977757955,0.0040223943151942,2.151800217415701
done,confirm_K6_i000105,Transformer,32,5,256,15,1.6608160734176636,16,23,13448,cpu,1.6720210537314415,1.7009753286838531,1.7155463993549347,1.6730152145028114,project://predictive_profile_confirmatory64_v1/runs/confirm_K6_i000105/transformer/d32/n256/seed5/DONE.json,1.665917028461244,1.6649296774886695,1.664889762841668,1.6648880569181927,0.0254572775831742,0.0081271575846186,-0.9661693543263666
done,confirm_K6_i000105,Transformer,128,1,256,14,1.6452397592365742,16,22,201224,cpu,1.6857767403125763,1.6932847052812576,1.779278688132763,1.7378670796751976,project://predictive_profile_confirmatory64_v1/runs/confirm_K6_i000105/transformer/d128/n256/seed1/DONE.json,1.665917028461244,1.6649296774886695,1.664889762841668,1.6648880569181927,0.0403972218895081,0.0729790227570048,-50.62369286536425
done,confirm_K6_i000105,Transformer,128,2,256,7,1.6446755304932594,16,15,201224,cpu,1.7296691611409187,1.6655089631676674,1.7313655018806458,1.6584512814879415,project://predictive_profile_confirmatory64_v1/runs/confirm_K6_i000105/transformer/d128/n256/seed2/DONE.json,1.665917028461244,1.6649296774886695,1.664889762841668,1.6648880569181927,0.0507246062118224,-0.006436775430251,69.21268147202474
done,confirm_K6_i000105,Transformer,128,3,256,7,1.686514876782894,16,15,201224,cpu,1.7696034386754036,1.790906272828579,1.7112548649311066,1.6561607867479324,project://predictive_profile_confirmatory64_v1/runs/confirm_K6_i000105/transformer/d128/n256/seed3/DONE.json,1.665917028461244,1.6649296774886695,1.664889762841668,1.6648880569181927,0.0919471810363886,-0.0087272701702603,110.2485804331248
done,confirm_K6_i000105,Transformer,128,4,256,21,1.680353261530399,16,29,201224,cpu,1.748794950544834,1.6868828162550926,1.700932651758194,1.7255480512976646,project://predictive_profile_confirmatory64_v1/runs/confirm_K6_i000105/transformer/d128/n256/seed4/DONE.json,1.665917028461244,1.6649296774886695,1.664889762841668,1.6648880569181927,0.0254845976242937,0.0606599943794718,22.59236361215279
done,confirm_K6_i000105,Transformer,128,5,256,12,1.6498150117695332,16,20,201224,cpu,1.7390296682715416,1.6631328910589218,1.7376565113663671,1.690562628209591,project://predictive_profile_confirmatory64_v1/runs/confirm_K6_i000105/transformer/d128/n256/seed5/DONE.json,1.665917028461244,1.6649296774886695,1.664889762841668,1.6648880569181927,0.0361341908599723,0.0256745712913981,47.10241054697606
done,confirm_K6_i000105,Transformer,256,1,256,25,1.6804980710148811,16,33,795656,cpu,1.69461540132761,1.6740117594599724,1.700566977262497,1.7104429602622986,project://predictive_profile_confirmatory64_v1/runs/confirm_K6_i000105/transformer/d256/n256/seed1/DONE.json,1.665917028461244,1.6649296774886695,1.664889762841668,1.6648880569181927,0.0206880282839157,0.0455549033441058,-15.381920949685384
done,confirm_K6_i000105,Transformer,256,2,256,13,1.675975676625967,16,21,795656,cpu,1.6712081283330915,1.7250456884503365,1.6496374160051346,1.7388772368431091,project://predictive_profile_confirmatory64_v1/runs/confirm_K6_i000105/transformer/d256/n256/seed2/DONE.json,1.665917028461244,1.6649296774886695,1.664889762841668,1.6648880569181927,0.0567361020840681,0.0739891799249163,-65.76382890955578
done,confirm_K6_i000105,Transformer,256,3,256,16,1.6712213084101677,16,24,795656,cpu,1.5994196459650991,1.741164118051529,1.682858094573021,1.8031102642416956,project://predictive_profile_confirmatory64_v1/runs/confirm_K6_i000105/transformer/d256/n256/seed3/DONE.json,1.665917028461244,1.6649296774886695,1.664889762841668,1.6648880569181927,0.1226922861051467,0.1382222073235026,-197.95554080398003
done,confirm_K6_i000105,Transformer,256,4,256,11,1.65180766582489,16,19,795656,cpu,1.6932944506406784,1.6689631193876266,1.692373238503933,1.7402371615171432,project://predictive_profile_confirmatory64_v1/runs/confirm_K6_i000105/transformer/d256/n256/seed4/DONE.json,1.665917028461244,1.6649296774886695,1.664889762841668,1.6648880569181927,0.0491892378829012,0.0753491045989505,-45.62100010780509
done,confirm_K6_i000105,Transformer,256,5,256,19,1.6869687959551811,16,27,795656,cpu,1.683932475745678,1.6687600761651993,1.6632353067398071,1.6682719215750694,project://predictive_profile_confirmatory64_v1/runs/confirm_K6_i000105/transformer/d256/n256/seed5/DONE.json,1.665917028461244,1.6649296774886695,1.664889762841668,1.6648880569181927,0.0077405955663254,0.0033838646568766,15.21961834257456
done,confirm_K6_i000596,GRU,8,1,256,37,2.028988841921091,16,45,576,cpu,2.0293203815817837,2.053631097078324,2.0230708569288254,2.0208743140101437,project://predictive_profile_confirmatory64_v1/runs/confirm_K6_i000596/gru/d8/n256/seed1/DONE.json,2.026473281544685,2.024129670049831,2.0232184032190457,2.022858585956971,0.0159535650902015,-0.0019842719468279,2.336591662198783
done,confirm_K6_i000596,GRU,8,2,256,48,2.0175247602164745,16,48,576,cpu,2.036565065383911,2.047214239835739,2.0241362750530243,2.0298410281538963,project://predictive_profile_confirmatory64_v1/runs/confirm_K6_i000596/gru/d8/n256/seed2/DONE.json,2.026473281544685,2.024129670049831,2.0232184032190457,2.022858585956971,0.0087425043898696,0.0069824421969251,1.8601946047320144
done,confirm_K6_i000596,GRU,8,3,256,23,2.045594032853842,16,31,576,cpu,2.056535892188549,2.028866358101368,2.029561184346676,2.0265899896621704,project://predictive_profile_confirmatory64_v1/runs/confirm_K6_i000596/gru/d8/n256/seed3/DONE.json,2.026473281544685,2.024129670049831,2.0232184032190457,2.022858585956971,0.0132397351512986,0.0037314037051991,8.28448808473919
done,confirm_K6_i000596,GRU,8,4,256,48,2.018606834113598,16,48,576,cpu,2.0378881990909576,2.0309891551733017,2.011974200606346,2.0405784472823143,project://predictive_profile_confirmatory64_v1/runs/confirm_K6_i000596/gru/d8/n256/seed4/DONE.json,2.026473281544685,2.024129670049831,2.0232184032190457,2.022858585956971,0.0157846213694727,0.017719861325343,-0.7442530431885638
done,confirm_K6_i000596,GRU,8,5,256,46,2.0265917479991917,16,48,576,cpu,2.036797635257244,2.0581370517611504,2.0218958407640457,2.0366748943924904,project://predictive_profile_confirmatory64_v1/runs/confirm_K6_i000596/gru/d8/n256/seed5/DONE.json,2.026473281544685,2.024129670049831,2.0232184032190457,2.022858585956971,0.0127383142493006,0.0138163084355191,0.0339560723096286
done,confirm_K6_i000596,GRU,32,1,256,8,2.032763320952654,16,16,6888,cpu,2.033902831375599,2.019569478929043,2.0195997804403305,2.022615447640419,project://predictive_profile_confirmatory64_v1/runs/confirm_K6_i000596/gru/d32/n256/seed1/DONE.json,2.026473281544685,2.024129670049831,2.0232184032190457,2.022858585956971,0.0047143659085057,-0.0002431383165522,3.122637428596648
done,confirm_K6_i000596,GRU,32,2,256,16,2.033330973237753,16,24,6888,cpu,2.0294010266661644,1.999157987535,2.0364395156502724,2.015454925596714,project://predictive_profile_confirmatory64_v1/runs/confirm_K6_i000596/gru/d32/n256/seed2/DONE.json,2.026473281544685,2.024129670049831,2.0232184032190457,2.022858585956971,0.0144978842797145,-0.0074036603602571,3.858167508448175
done,confirm_K6_i000596,GRU,32,3,256,8,2.0448001325130463,16,16,6888,cpu,2.0433399751782417,2.0349836200475693,2.0380116626620293,1.9942744374275208,project://predictive_profile_confirmatory64_v1/runs/confirm_K6_i000596/gru/d32/n256/seed3/DONE.json,2.026473281544685,2.024129670049831,2.0232184032190457,2.022858585956971,0.037090235208117,-0.0285841485294504,13.573905896110755
done,confirm_K6_i000596,GRU,32,4,256,23,2.010841391980648,16,31,6888,cpu,2.047610528767109,2.0236759334802628,2.035515159368515,2.0129776373505592,project://predictive_profile_confirmatory64_v1/runs/confirm_K6_i000596/gru/d32/n256/seed4/DONE.json,2.026473281544685,2.024129670049831,2.0232184032190457,2.022858585956971,0.0196395734901666,-0.0098809486064119,9.581136385110945
done,confirm_K6_i000596,GRU,32,5,256,24,2.0308112911880016,16,32,6888,cpu,2.0443350821733475,2.0142456144094467,2.031942993402481,2.0449320524930954,project://predictive_profile_confirmatory64_v1/runs/confirm_K6_i000596/gru/d32/n256/seed5/DONE.json,2.026473281544685,2.024129670049831,2.0232184032190457,2.022858585956971,0.0174442960108561,0.0220734665361241,-0.1651509249567005
done,confirm_K6_i000596,GRU,128,1,256,19,2.0255477279424667,16,27,101256,cpu,2.0287270843982697,1.9805899634957316,2.05318383872509,2.0754072293639183,project://predictive_profile_confirmatory64_v1/runs/confirm_K6_i000596/gru/d128/n256/seed1/DONE.json,2.026473281544685,2.024129670049831,2.0232184032190457,2.022858585956971,0.0553907556899619,0.052548643406947,-12.913990634316695
done,confirm_K6_i000596,GRU,128,2,256,7,2.058626178652048,16,15,101256,cpu,2.060066938400269,2.042414978146553,2.031584210693836,2.0600730776786804,project://predictive_profile_confirmatory64_v1/runs/confirm_K6_i000596/gru/d128/n256/seed2/DONE.json,2.026473281544685,2.024129670049831,2.0232184032190457,2.022858585956971,0.0173469811538971,0.0372144917217092,-0.0016984219729958
done,confirm_K6_i000596,GRU,128,3,256,25,2.031154714524746,16,33,101256,cpu,2.0511660277843475,2.0170325115323067,2.022349819540977,2.0336945801973343,project://predictive_profile_confirmatory64_v1/runs/confirm_K6_i000596/gru/d128/n256/seed3/DONE.json,2.026473281544685,2.024129670049831,2.0232184032190457,2.022858585956971,0.0127534768598256,0.010835994240363,4.833449224990188
done,confirm_K6_i000596,GRU,128,4,256,19,2.0435825958848,16,27,101256,cpu,2.0336558893322945,2.045969747006893,2.0372539684176445,2.0250778272748,project://predictive_profile_confirmatory64_v1/runs/confirm_K6_i000596/gru/d128/n256/seed4/DONE.json,2.026473281544685,2.024129670049831,2.0232184032190457,2.022858585956971,0.0117179105214032,0.0022192413178281,2.373107734618194
done,confirm_K6_i000596,GRU,128,5,256,13,2.031238749623298,16,21,101256,cpu,2.054292134940624,2.0555345565080643,2.012586168944836,2.021259129047394,project://predictive_profile_confirmatory64_v1/runs/confirm_K6_i000596/gru/d128/n256/seed5/DONE.json,2.026473281544685,2.024129670049831,2.0232184032190457,2.022858585956971,0.0225627720442934,-0.0015994569095774,9.13853050461662
done,confirm_K6_i000596,GRU,256,1,256,10,2.0441804379224777,16,18,399112,cpu,2.04637448489666,2.048897922039032,2.0483776181936264,2.0288250669837,project://predictive_profile_confirmatory64_v1/runs/confirm_K6_i000596/gru/d256/n256/seed1/DONE.json,2.026473281544685,2.024129670049831,2.0232184032190457,2.022858585956971,0.0151331103379312,0.0059664810267285,4.855019596285579
done,confirm_K6_i000596,GRU,256,2,256,21,2.0422041043639183,16,29,399112,cpu,2.0514110028743744,2.03424059599638,2.0511801168322563,2.0566988959908485,project://predictive_profile_confirmatory64_v1/runs/confirm_K6_i000596/gru/d256/n256/seed2/DONE.json,2.026473281544685,2.024129670049831,2.0232184032190457,2.022858585956971,0.0130086283930799,0.0338403100338773,-1.4628875345538683
done,confirm_K6_i000596,GRU,256,3,256,42,2.04030579701066,16,48,399112,cpu,2.03528330475092,2.0551039651036263,2.0380780026316643,2.0513348057866096,project://predictive_profile_confirmatory64_v1/runs/confirm_K6_i000596/gru/d256/n256/seed3/DONE.json,2.026473281544685,2.024129670049831,2.0232184032190457,2.022858585956971,0.0120250989708729,0.0284762198296384,-4.4406231856000185
done,confirm_K6_i000596,GRU,256,4,256,25,2.0212952569127083,16,33,399112,cpu,2.018781080842018,2.016909271478653,2.0437714233994484,2.0225939750671387,project://predictive_profile_confirmatory64_v1/runs/confirm_K6_i000596/gru/d256/n256/seed4/DONE.json,2.026473281544685,2.024129670049831,2.0232184032190457,2.022858585956971,0.0115858300962006,-0.0002646108898325,-1.054831349583036
done,confirm_K6_i000596,GRU,256,5,256,8,2.052373941987753,16,16,399112,cpu,2.040669284760952,2.088318333029747,2.047429084777832,2.10432031750679,project://predictive_profile_confirmatory64_v1/runs/confirm_K6_i000596/gru/d256/n256/seed5/DONE.json,2.026473281544685,2.024129670049831,2.0232184032190457,2.022858585956971,0.0450019994865216,0.0814617315498189,-17.608960755139705
done,confirm_K6_i000596,Transformer,8,1,256,39,2.0380009561777115,16,47,1064,cpu,2.0328639447689056,2.0598409548401837,2.033586949110031,2.0291444435715675,project://predictive_profile_confirmatory64_v1/runs/confirm_K6_i000596/transformer/d8/n256/seed1/DONE.json,2.026473281544685,2.024129670049831,2.0232184032190457,2.022858585956971,0.0148537460952926,0.0062858576145963,1.0289943114380078
done,confirm_K6_i000596,Transformer,8,2,256,48,2.034825202077627,16,48,1064,cpu,2.043736234307289,2.0072195157408714,2.0176327377557755,2.034635543823242,project://predictive_profile_confirmatory64_v1/runs/confirm_K6_i000596/transformer/d8/n256/seed2/DONE.json,2.026473281544685,2.024129670049831,2.0232184032190457,2.022858585956971,0.0169890202324941,0.0117769578662709,2.517692088644612
done,confirm_K6_i000596,Transformer,8,3,256,45,2.031427528709173,16,48,1064,cpu,2.023347578942776,2.048402063548565,2.0321836695075035,2.044821359217167,project://predictive_profile_confirmatory64_v1/runs/confirm_K6_i000596/transformer/d8/n256/seed3/DONE.json,2.026473281544685,2.024129670049831,2.0232184032190457,2.022858585956971,0.0141748117642712,0.0219627732601956,-5.940688435113749
done,confirm_K6_i000596,Transformer,8,4,256,37,2.027278609573841,16,45,1064,cpu,2.049454763531685,2.0316201373934746,2.0232941284775734,2.018926359713077,project://predictive_profile_confirmatory64_v1/runs/confirm_K6_i000596/transformer/d8/n256/seed4/DONE.json,2.026473281544685,2.024129670049831,2.0232184032190457,2.022858585956971,0.0147554167577381,-0.0039322262438936,8.445636175385747
done,confirm_K6_i000596,Transformer,8,5,256,23,2.0524536930024624,16,31,1064,cpu,2.0471312403678894,2.045119881629944,2.029748819768429,2.0430038645863533,project://predictive_profile_confirmatory64_v1/runs/confirm_K6_i000596/transformer/d8/n256/seed5/DONE.json,2.026473281544685,2.024129670049831,2.0232184032190457,2.022858585956971,0.0068253428875361,0.020145278629382,1.1418321906730635
done,confirm_K6_i000596,Transformer,32,1,256,15,2.0348807722330093,16,23,13448,cpu,2.0425421446561813,2.0348924174904823,2.0522240325808525,2.0698759257793427,project://predictive_profile_confirmatory64_v1/runs/confirm_K6_i000596/transformer/d32/n256/seed1/DONE.json,2.026473281544685,2.024129670049831,2.0232184032190457,2.022858585956971,0.0254785468247479,0.0470173398223714,-7.561848697872028
done,confirm_K6_i000596,Transformer,32,2,256,25,2.035140536725521,16,33,13448,cpu,2.028083257377148,2.007282979786396,2.0508338660001755,2.0567717403173447,project://predictive_profile_confirmatory64_v1/runs/confirm_K6_i000596/transformer/d32/n256/seed2/DONE.json,2.026473281544685,2.024129670049831,2.0232184032190457,2.022858585956971,0.0302478019385977,0.0339131543603734,-7.936624881415686
done,confirm_K6_i000596,Transformer,32,3,256,26,2.024202346801758,16,34,13448,cpu,2.040056899189949,2.0529553294181824,2.0253741517663,2.0424900949001312,project://predictive_profile_confirmatory64_v1/runs/confirm_K6_i000596/transformer/d32/n256/seed3/DONE.json,2.026473281544685,2.024129670049831,2.0232184032190457,2.022858585956971,0.0103260785466618,0.01963150894316,-0.6731398678362208
done,confirm_K6_i000596,Transformer,32,4,256,8,2.028669584542513,16,16,13448,cpu,2.0202831402421,2.0559834763407707,2.041799835860729,2.04204872995615,project://predictive_profile_confirmatory64_v1/runs/confirm_K6_i000596/transformer/d32/n256/seed4/DONE.json,2.026473281544685,2.024129670049831,2.0232184032190457,2.022858585956971,0.0141853600073762,0.0191901439991788,-6.021417069815638
done,confirm_K6_i000596,Transformer,32,5,256,27,2.0397875420749187,16,35,13448,cpu,2.032997779548168,2.0358925461769104,2.05433601886034,2.068800449371338,project://predictive_profile_confirmatory64_v1/runs/confirm_K6_i000596/transformer/d32/n256/seed5/DONE.json,2.026473281544685,2.024129670049831,2.0232184032190457,2.022858585956971,0.027118675253214,0.0459418634143666,-9.904753790293244
done,confirm_K6_i000596,Transformer,128,1,256,20,2.039629738777876,16,28,201224,cpu,2.0381436720490456,2.055913172662258,2.023959718644619,2.050122380256653,project://predictive_profile_confirmatory64_v1/runs/confirm_K6_i000596/transformer/d128/n256/seed1/DONE.json,2.026473281544685,2.024129670049831,2.0232184032190457,2.022858585956971,0.015548503873233,0.0272637942996816,-3.3138912854295857
done,confirm_K6_i000596,Transformer,128,2,256,4,2.059025663882494,16,12,201224,cpu,2.1055923253297806,2.082792691886425,2.0988045036792755,2.070593260228634,project://predictive_profile_confirmatory64_v1/runs/confirm_K6_i000596/transformer/d128/n256/seed2/DONE.json,2.026473281544685,2.024129670049831,2.0232184032190457,2.022858585956971,0.0216801139929706,0.0477346742716626,9.68243777431826
done,confirm_K6_i000596,Transformer,128,3,256,18,2.0387439131736755,16,26,201224,cpu,2.050280064344406,2.039197020232677,2.032485119998455,2.0711544901132584,project://predictive_profile_confirmatory64_v1/runs/confirm_K6_i000596/transformer/d128/n256/seed3/DONE.json,2.026473281544685,2.024129670049831,2.0232184032190457,2.022858585956971,0.028403922842109,0.0482959041562871,-5.774877928808312
done,confirm_K6_i000596,Transformer,128,4,256,29,2.0181996561586857,16,37,201224,cpu,2.0330668166279797,2.047180190682411,2.0676911920309067,2.076826184988022,project://predictive_profile_confirmatory64_v1/runs/confirm_K6_i000596/transformer/d128/n256/seed4/DONE.json,2.026473281544685,2.024129670049831,2.0232184032190457,2.022858585956971,0.0286806515473487,0.0539675990310506,-12.10596225828048
done,confirm_K6_i000596,Transformer,128,5,256,27,2.0430140905082226,16,35,201224,cpu,2.0066811740398407,2.04352006316185,2.052984982728958,2.069913290441036,project://predictive_profile_confirmatory64_v1/runs/confirm_K6_i000596/transformer/d128/n256/seed5/DONE.json,2.026473281544685,2.024129670049831,2.0232184032190457,2.022858585956971,0.0371910260072644,0.047054704484065,-17.493068189783315
done,confirm_K6_i000596,Transformer,256,1,256,25,2.0325972251594067,16,33,795656,cpu,2.072293646633625,2.058341935276985,2.047820746898651,2.0938486382365227,project://predictive_profile_confirmatory64_v1/runs/confirm_K6_i000596/transformer/d256/n256/seed1/DONE.json,2.026473281544685,2.024129670049831,2.0232184032190457,2.022858585956971,0.032163404215421,0.0709900522795514,-5.963155424805078
done,confirm_K6_i000596,Transformer,256,2,256,21,2.0249915085732937,16,29,795656,cpu,1.9861367642879488,2.0292306020855904,2.043877452611923,2.0427539497613907,project://predictive_profile_confirmatory64_v1/runs/confirm_K6_i000596/transformer/d256/n256/seed2/DONE.json,2.026473281544685,2.024129670049831,2.0232184032190457,2.022858585956971,0.0310134564471651,0.0198953638044194,-15.663057676522843
done,confirm_K6_i000596,Transformer,256,3,256,35,2.043387711048126,16,43,795656,cpu,2.010866262018681,2.037507303059101,2.0473619922995567,2.0568732172250748,project://predictive_profile_confirmatory64_v1/runs/confirm_K6_i000596/transformer/d256/n256/seed3/DONE.json,2.026473281544685,2.024129670049831,2.0232184032190457,2.022858585956971,0.0273204657653231,0.0340146312681035,-12.727753718117585
done,confirm_K6_i000596,Transformer,256,4,256,13,2.061490975320339,16,21,795656,cpu,2.060834534466266,2.066899858415127,2.0519888922572136,2.0606445968151093,project://predictive_profile_confirmatory64_v1/runs/confirm_K6_i000596/transformer/d256/n256/seed4/DONE.json,2.026473281544685,2.024129670049831,2.0232184032190457,2.022858585956971,0.0054279514099065,0.037786010858138,0.0525459603854172
done,confirm_K6_i000596,Transformer,256,5,256,17,2.039772890508175,16,25,795656,cpu,2.059242397546768,2.0286042541265488,2.04993100464344,2.0404304563999176,project://predictive_profile_confirmatory64_v1/runs/confirm_K6_i000596/transformer/d256/n256/seed5/DONE.json,2.026473281544685,2.024129670049831,2.0232184032190457,2.022858585956971,0.0110232498114087,0.0175718704429463,5.204294715933721
done,confirm_K6_i000453,GRU,8,1,256,45,1.54929244145751,16,48,576,cpu,1.613592579960823,1.583672821521759,1.5866706669330597,1.5249948427081108,project://predictive_profile_confirmatory64_v1/runs/confirm_K6_i000453/gru/d8/n256/seed1/DONE.json,1.540360983600155,1.540139075454286,1.5401344181890746,1.5401342380966392,0.0613511507435127,-0.0151393953885283,390.7364683265348
done,confirm_K6_i000453,GRU,8,2,256,48,1.5601951740682125,16,48,576,cpu,1.5909840315580368,1.5376699045300484,1.5315546840429306,1.5485175028443336,project://predictive_profile_confirmatory64_v1/runs/confirm_K6_i000453/gru/d8/n256/seed2/DONE.json,1.540360983600155,1.540139075454286,1.5401344181890746,1.5401342380966392,0.0233972112501116,0.0083832647476944,187.28719227162637
done,confirm_K6_i000453,GRU,8,3,256,48,1.6045175939798355,16,48,576,cpu,1.5594294220209122,1.5956776961684227,1.573195718228817,1.5510648414492607,project://predictive_profile_confirmatory64_v1/runs/confirm_K6_i000453/gru/d8/n256/seed3/DONE.json,1.540360983600155,1.540139075454286,1.5401344181890746,1.5401342380966392,0.0252282941772662,0.0109306033526215,36.88973074196412
done,confirm_K6_i000453,GRU,8,4,256,48,1.5929352343082428,16,48,576,cpu,1.602123498916626,1.5798907950520515,1.5811340734362602,1.5256720259785652,project://predictive_profile_confirmatory64_v1/runs/confirm_K6_i000453/gru/d8/n256/seed4/DONE.json,1.540360983600155,1.540139075454286,1.5401344181890746,1.5401342380966392,0.0543722773943716,-0.0144622121180739,337.16863952149095
done,confirm_K6_i000453,GRU,8,5,256,45,1.5631542801856997,16,48,576,cpu,1.5565038546919825,1.5792436450719831,1.5562468320131302,1.56634833663702,project://predictive_profile_confirmatory64_v1/runs/confirm_K6_i000453/gru/d8/n256/seed5/DONE.json,1.540360983600155,1.540139075454286,1.5401344181890746,1.5401342380966392,0.0096129847215065,0.0262140985403809,-43.416437337858376
done,confirm_K6_i000453,GRU,32,1,256,27,1.5089180171489716,16,35,6888,cpu,1.583605907857418,1.593334749341011,1.4960399493575096,1.5643973425030708,project://predictive_profile_confirmatory64_v1/runs/confirm_K6_i000453/gru/d32/n256/seed1/DONE.json,1.540360983600155,1.540139075454286,1.5401344181890746,1.5401342380966392,0.0383084875731524,0.0242631044064316,84.71420626430617
done,confirm_K6_i000453,GRU,32,2,256,37,1.5566020719707012,16,45,6888,cpu,1.570007711648941,1.5154996737837791,1.5451370105147362,1.588710404932499,project://predictive_profile_confirmatory64_v1/runs/confirm_K6_i000453/gru/d32/n256/seed2/DONE.json,1.540360983600155,1.540139075454286,1.5401344181890746,1.5401342380966392,0.0436391438965633,0.0485761668358597,-82.4831936843635
done,confirm_K6_i000453,GRU,32,3,256,24,1.515707615762949,16,32,6888,cpu,1.5491530522704124,1.5408440381288528,1.5413446500897408,1.5700307190418243,project://predictive_profile_confirmatory64_v1/runs/confirm_K6_i000453/gru/d32/n256/seed3/DONE.json,1.540360983600155,1.540139075454286,1.5401344181890746,1.5401342380966392,0.0230241277829266,0.0298964809451851,-92.0753287173821
done,confirm_K6_i000453,GRU,32,4,256,17,1.585719794034958,16,25,6888,cpu,1.5780477300286293,1.521925576031208,1.5367441326379776,1.5129027515649796,project://predictive_profile_confirmatory64_v1/runs/confirm_K6_i000453/gru/d32/n256/seed4/DONE.json,1.540360983600155,1.540139075454286,1.5401344181890746,1.5401342380966392,0.034871564082904,-0.0272314865316596,287.30438951831616
done,confirm_K6_i000453,GRU,32,5,256,36,1.5487978905439377,16,44,6888,cpu,1.5634528025984764,1.552418790757656,1.4946759343147278,1.5482077077031136,project://predictive_profile_confirmatory64_v1/runs/confirm_K6_i000453/gru/d32/n256/seed5/DONE.json,1.540360983600155,1.540139075454286,1.5401344181890746,1.5401342380966392,0.0278788152760794,0.0080734696064743,67.23438683006104
done,confirm_K6_i000453,GRU,128,1,256,6,1.581783063709736,16,14,101256,cpu,1.5595954209566116,1.5774896442890167,1.5907476991415024,1.5522519201040268,project://predictive_profile_confirmatory64_v1/runs/confirm_K6_i000453/gru/d128/n256/seed1/DONE.json,1.540360983600155,1.540139075454286,1.5401344181890746,1.5401342380966392,0.0232876465238406,0.0121176820073876,32.38653353084428
done,confirm_K6_i000453,GRU,128,2,256,30,1.563354928046465,16,38,101256,cpu,1.603088729083538,1.564775250852108,1.5847380459308624,1.6037625297904017,project://predictive_profile_confirmatory64_v1/runs/confirm_K6_i000453/gru/d128/n256/seed2/DONE.json,1.540360983600155,1.540139075454286,1.5401344181890746,1.5401342380966392,0.0216975456860834,0.0636282916937622,-2.971616620464753
done,confirm_K6_i000453,GRU,128,3,256,15,1.5436442606151104,16,23,101256,cpu,1.5866448655724523,1.5617310032248497,1.5506842732429504,1.5757693201303482,project://predictive_profile_confirmatory64_v1/runs/confirm_K6_i000453/gru/d128/n256/seed3/DONE.json,1.540360983600155,1.540139075454286,1.5401344181890746,1.5401342380966392,0.0153286964091889,0.035635082033709,47.963665314065366
done,confirm_K6_i000453,GRU,128,4,256,5,1.544591125100851,16,13,101256,cpu,1.5832204893231392,1.5244838446378708,1.60292050242424,1.6040030866861343,project://predictive_profile_confirmatory64_v1/runs/confirm_K6_i000453/gru/d128/n256/seed4/DONE.json,1.540360983600155,1.540139075454286,1.5401344181890746,1.5401342380966392,0.0411298069278448,0.0638688485894951,-91.65605068565658
done,confirm_K6_i000453,GRU,128,5,256,26,1.5804690569639206,16,34,101256,cpu,1.582435466349125,1.507232405245304,1.5790706053376198,1.565309837460518,project://predictive_profile_confirmatory64_v1/runs/confirm_K6_i000453/gru/d128/n256/seed5/DONE.json,1.540360983600155,1.540139075454286,1.5401344181890746,1.5401342380966392,0.0310180434367517,0.0251755993638786,75.52797573958738
done,confirm_K6_i000453,GRU,256,1,256,7,1.541273571550846,16,15,399112,cpu,1.6107656434178352,1.580251820385456,1.53976671397686,1.5250883921980858,project://predictive_profile_confirmatory64_v1/runs/confirm_K6_i000453/gru/d256/n256/seed1/DONE.json,1.540360983600155,1.540139075454286,1.5401344181890746,1.5401342380966392,0.0513802172845861,-0.0150458458985534,377.8564509163619
done,confirm_K6_i000453,GRU,256,2,256,4,1.5645307376980782,16,12,399112,cpu,1.5958183109760284,1.608682960271835,1.5114872753620148,1.511266514658928,project://predictive_profile_confirmatory64_v1/runs/confirm_K6_i000453/gru/d256/n256/seed2/DONE.json,1.540360983600155,1.540139075454286,1.5401344181890746,1.5401342380966392,0.0644200750414724,-0.0288677234377112,372.8929350574017
done,confirm_K6_i000453,GRU,256,3,256,10,1.57620882242918,16,18,399112,cpu,1.597151756286621,1.5251630619168282,1.5648404508829117,1.5828483998775482,project://predictive_profile_confirmatory64_v1/runs/confirm_K6_i000453/gru/d256/n256/seed3/DONE.json,1.540360983600155,1.540139075454286,1.5401344181890746,1.5401342380966392,0.0310266015544202,0.042714161780909,63.08110276626449
done,confirm_K6_i000453,GRU,256,4,256,5,1.587465539574623,16,13,399112,cpu,1.6114513650536535,1.5574052184820175,1.5537457913160324,1.6321843266487122,project://predictive_profile_confirmatory64_v1/runs/confirm_K6_i000453/gru/d256/n256/seed4/DONE.json,1.540360983600155,1.540139075454286,1.5401344181890746,1.5401342380966392,0.0551918923108002,0.0920500885520729,-91.43714549385756
done,confirm_K6_i000453,GRU,256,5,256,37,1.557106014341116,16,45,399112,cpu,1.556217573583126,1.5676742047071457,1.5722808688879013,1.5322100594639778,project://predictive_profile_confirmatory64_v1/runs/confirm_K6_i000453/gru/d256/n256/seed5/DONE.json,1.540360983600155,1.540139075454286,1.5401344181890746,1.5401342380966392,0.0292768799852884,-0.0079241786326613,105.8786778431888
done,confirm_K6_i000453,Transformer,8,1,256,31,1.531721904873848,16,39,1064,cpu,1.5728100836277008,1.551566369831562,1.5467511042952538,1.5609625577926636,project://predictive_profile_confirmatory64_v1/runs/confirm_K6_i000453/transformer/d8/n256/seed1/DONE.json,1.540360983600155,1.540139075454286,1.5401344181890746,1.5401342380966392,0.0103125208102728,0.0208283196960243,52.25032316554012
done,confirm_K6_i000453,Transformer,8,2,256,36,1.5442114360630512,16,44,1064,cpu,1.585245355963707,1.5230954512953758,1.5232138857245443,1.5435058027505877,project://predictive_profile_confirmatory64_v1/runs/confirm_K6_i000453/transformer/d8/n256/seed2/DONE.json,1.540360983600155,1.540139075454286,1.5401344181890746,1.5401342380966392,0.0252579806381317,0.0033715646539482,184.08106253890256
done,confirm_K6_i000453,Transformer,8,3,256,44,1.5257062762975693,16,48,1064,cpu,1.5934291258454325,1.542450271546841,1.573391117155552,1.59833375364542,project://predictive_profile_confirmatory64_v1/runs/confirm_K6_i000453/transformer/d8/n256/seed3/DONE.json,1.540360983600155,1.540139075454286,1.5401344181890746,1.5401342380966392,0.0307082209785895,0.0581995155487808,-21.63054051320825
done,confirm_K6_i000453,Transformer,8,4,256,29,1.599575288593769,16,37,1064,cpu,1.5590534880757332,1.5752858147025108,1.5510479137301445,1.612787090241909,project://predictive_profile_confirmatory64_v1/runs/confirm_K6_i000453/transformer/d8/n256/seed4/DONE.json,1.540360983600155,1.540139075454286,1.5401344181890746,1.5401342380966392,0.0450837436865564,0.0726528521452698,-236.9775864702667
done,confirm_K6_i000453,Transformer,8,5,256,44,1.564370933920145,16,48,1064,cpu,1.523873656988144,1.564505212008953,1.5621633157134056,1.5074917525053024,project://predictive_profile_confirmatory64_v1/runs/confirm_K6_i000453/transformer/d8/n256/seed5/DONE.json,1.540360983600155,1.540139075454286,1.5401344181890746,1.5401342380966392,0.0403110787886321,-0.0326424855913367,72.2479794696129
done,confirm_K6_i000453,Transformer,32,1,256,31,1.5890187099575996,16,39,13448,cpu,1.6191617399454117,1.5542624592781067,1.5891394764184952,1.5620788857340813,project://predictive_profile_confirmatory64_v1/runs/confirm_K6_i000453/transformer/d32/n256/seed1/DONE.json,1.540360983600155,1.540139075454286,1.5401344181890746,1.5401342380966392,0.0317256012017248,0.021944647637442,251.7485609470337
done,confirm_K6_i000453,Transformer,32,2,256,16,1.5549873299896717,16,24,13448,cpu,1.540178269147873,1.5617626830935478,1.5291865393519402,1.5598409995436668,project://predictive_profile_confirmatory64_v1/runs/confirm_K6_i000453/transformer/d32/n256/seed2/DONE.json,1.540360983600155,1.540139075454286,1.5401344181890746,1.5401342380966392,0.018295986730874,0.0197067614470276,-86.71717891163324
done,confirm_K6_i000453,Transformer,32,3,256,14,1.552225440740585,16,22,13448,cpu,1.4840753972530365,1.5992419868707657,1.5614218264818192,1.5479321777820587,project://predictive_profile_confirmatory64_v1/runs/confirm_K6_i000453/transformer/d32/n256/seed3/DONE.json,1.540360983600155,1.540139075454286,1.5401344181890746,1.5401342380966392,0.0415958657693161,0.0077979396854195,-281.62313932965526
done,confirm_K6_i000453,Transformer,32,4,256,9,1.5812014527618885,16,17,13448,cpu,1.5480723306536674,1.5985329374670982,1.546479105949402,1.5453567579388618,project://predictive_profile_confirmatory64_v1/runs/confirm_K6_i000453/transformer/d32/n256/seed4/DONE.json,1.540360983600155,1.540139075454286,1.5401344181890746,1.5401342380966392,0.0266206928438479,0.0052225198422226,11.976302386148792
done,confirm_K6_i000453,Transformer,32,5,256,16,1.56182524189353,16,24,13448,cpu,1.5184292271733284,1.5722917541861534,1.5379684790968895,1.5685328021645546,project://predictive_profile_confirmatory64_v1/runs/confirm_K6_i000453/transformer/d32/n256/seed5/DONE.json,1.540360983600155,1.540139075454286,1.5401344181890746,1.5401342380966392,0.0295017939769658,0.0283985640679154,-220.968328872373
done,confirm_K6_i000453,Transformer,128,1,256,26,1.522413194179535,16,34,201224,cpu,1.593473240733147,1.5153427198529243,1.6177931055426598,1.522917129099369,project://predictive_profile_confirmatory64_v1/runs/confirm_K6_i000453/transformer/d128/n256/seed1/DONE.json,1.540360983600155,1.540139075454286,1.5401344181890746,1.5401342380966392,0.0591715333851063,-0.0172171089972701,311.1687356077599
done,confirm_K6_i000453,Transformer,128,2,256,17,1.583491213619709,16,25,201224,cpu,1.5466846451163292,1.5663730129599571,1.5862175896763802,1.5944875702261925,project://predictive_profile_confirmatory64_v1/runs/confirm_K6_i000453/transformer/d128/n256/seed2/DONE.json,1.540360983600155,1.540139075454286,1.5401344181890746,1.5401342380966392,0.0281333661792003,0.0543533321295532,-210.8219319397348
done,confirm_K6_i000453,Transformer,128,3,256,16,1.557773943990469,16,24,201224,cpu,1.5452105402946472,1.5394485294818878,1.5372417867183683,1.5361573472619057,project://predictive_profile_confirmatory64_v1/runs/confirm_K6_i000453/transformer/d128/n256/seed3/DONE.json,1.540360983600155,1.540139075454286,1.5401344181890746,1.5401342380966392,0.0047403021240436,-0.0039768908347335,39.92667061690146
done,confirm_K6_i000453,Transformer,128,4,256,22,1.5265358313918114,16,30,201224,cpu,1.580491952598095,1.605074256658554,1.570477969944477,1.5782937109470367,project://predictive_profile_confirmatory64_v1/runs/confirm_K6_i000453/transformer/d128/n256/seed4/DONE.json,1.540360983600155,1.540139075454286,1.5401344181890746,1.5401342380966392,0.0139813623931512,0.0381594728503975,9.69475300269563
done,confirm_K6_i000453,Transformer,128,5,256,11,1.5645657517015934,16,19,201224,cpu,1.5247187092900276,1.5300707519054413,1.5980880707502363,1.5749912485480309,project://predictive_profile_confirmatory64_v1/runs/confirm_K6_i000453/transformer/d128/n256/seed5/DONE.json,1.540360983600155,1.540139075454286,1.5401344181890746,1.5401342380966392,0.0357138568107835,0.0348570104513916,-221.71350028330335
done,confirm_K6_i000453,Transformer,256,1,256,33,1.5723538100719452,16,41,795656,cpu,1.5706460401415825,1.587156593799591,1.5418598279356956,1.5878169313073158,project://predictive_profile_confirmatory64_v1/runs/confirm_K6_i000453/transformer/d256/n256/seed1/DONE.json,1.540360983600155,1.540139075454286,1.5401344181890746,1.5401342380966392,0.0245723021035488,0.0476826932106766,-75.72759282757582
done,confirm_K6_i000453,Transformer,256,2,256,17,1.592258095741272,16,25,795656,cpu,1.5602495446801186,1.5667087733745575,1.5709760412573814,1.5544072985649109,project://predictive_profile_confirmatory64_v1/runs/confirm_K6_i000453/transformer/d256/n256/seed2/DONE.json,1.540360983600155,1.540139075454286,1.5401344181890746,1.5401342380966392,0.0106918006712751,0.0142730604682717,25.765653671711355
done,confirm_K6_i000453,Transformer,256,3,256,6,1.5584286153316498,16,14,795656,cpu,1.574254259467125,1.589296206831932,1.56942218542099,1.6169514656066897,project://predictive_profile_confirmatory64_v1/runs/confirm_K6_i000453/transformer/d256/n256/seed3/DONE.json,1.540360983600155,1.540139075454286,1.5401344181890746,1.5401342380966392,0.0348804964738252,0.0768172275100502,-188.30453295659925
done,confirm_K6_i000453,Transformer,256,4,256,27,1.5630356967449188,16,35,795656,cpu,1.549710527062416,1.5160170570015907,1.5283531844615936,1.5363023281097412,project://predictive_profile_confirmatory64_v1/runs/confirm_K6_i000453/transformer/d256/n256/seed4/DONE.json,1.540360983600155,1.540139075454286,1.5401344181890746,1.5401342380966392,0.0127341172104583,-0.0038319099868979,59.1332517945015
done,confirm_K6_i000453,Transformer,256,5,256,10,1.5684679672122002,16,18,795656,cpu,1.5731038302183151,1.528467394411564,1.550870068371296,1.5216634944081306,project://predictive_profile_confirmatory64_v1/runs/confirm_K6_i000453/transformer/d256/n256/seed5/DONE.json,1.540360983600155,1.540139075454286,1.5401344181890746,1.5401342380966392,0.0296735257759034,-0.0184707436885085,226.86375258852505
done,confirm_K6_i000708,GRU,8,1,256,48,0.9317022245377302,16,48,576,cpu,1.015043094754219,1.0627916567027569,0.9689241126179696,0.8961241543292999,project://predictive_profile_confirmatory64_v1/runs/confirm_K6_i000708/gru/d8/n256/seed1/DONE.json,0.9298769313895604,0.8619101999506146,0.8481094692100614,0.844288412713593,0.0837908573576983,0.0518357416157069,1.389426318676442
done,confirm_K6_i000708,GRU,8,2,256,48,1.0108662582933905,16,48,576,cpu,1.0766641981899738,0.955749686807394,1.006521388888359,0.999342605471611,project://predictive_profile_confirmatory64_v1/runs/confirm_K6_i000708/gru/d8/n256/seed2/DONE.json,0.9298769313895604,0.8619101999506146,0.8481094692100614,0.844288412713593,0.0309307961966501,0.155054192758018,0.9034108068991996
done,confirm_K6_i000708,GRU,8,3,256,48,1.075219927355647,16,48,576,cpu,1.1104546524584291,1.021015416830778,1.0509118475019932,1.0272882990539074,project://predictive_profile_confirmatory64_v1/runs/confirm_K6_i000708/gru/d8/n256/seed3/DONE.json,0.9298769313895604,0.8619101999506146,0.8481094692100614,0.844288412713593,0.0155640675974015,0.1829998863403144,0.9716998809079112
done,confirm_K6_i000708,GRU,8,4,256,48,0.987716669216752,16,48,576,cpu,1.014098186045885,1.0189380533993244,0.9275641813874244,0.9446358717978,project://predictive_profile_confirmatory64_v1/runs/confirm_K6_i000708/gru/d8/n256/seed4/DONE.json,0.9298769313895604,0.8619101999506146,0.8481094692100614,0.844288412713593,0.0312619115213659,0.100347459084207,0.8115844896330657
done,confirm_K6_i000708,GRU,8,5,256,48,0.9850049000233412,16,48,576,cpu,1.022683072835207,1.005350582301617,1.012449525296688,0.9659907817840576,project://predictive_profile_confirmatory64_v1/runs/confirm_K6_i000708/gru/d8/n256/seed5/DONE.json,0.9298769313895604,0.8619101999506146,0.8481094692100614,0.844288412713593,0.0279531104996309,0.1217023690704646,0.6623819634708575
done,confirm_K6_i000708,GRU,32,1,256,46,0.8632926046848297,16,48,6888,cpu,0.967579498887062,0.8903822973370552,0.8017979599535465,0.8991971649229527,project://predictive_profile_confirmatory64_v1/runs/confirm_K6_i000708/gru/d32/n256/seed1/DONE.json,0.9298769313895604,0.8619101999506146,0.8481094692100614,0.844288412713593,0.053010590549872,0.0549087522093596,0.7989662050701054
done,confirm_K6_i000708,GRU,32,2,256,36,0.8732491936534643,16,44,6888,cpu,0.91910907253623,0.8788397461175919,0.9920011907815932,0.9407642222940922,project://predictive_profile_confirmatory64_v1/runs/confirm_K6_i000708/gru/d32/n256/seed2/DONE.json,0.9298769313895604,0.8619101999506146,0.8481094692100614,0.844288412713593,0.0708468085945653,0.0964758095804991,-0.2530146577235098
done,confirm_K6_i000708,GRU,32,3,256,46,0.8942510057240725,16,48,6888,cpu,0.983028583228588,0.8737075999379158,0.8748322576284409,0.9359044916927814,project://predictive_profile_confirmatory64_v1/runs/confirm_K6_i000708/gru/d32/n256/seed3/DONE.json,0.9298769313895604,0.8619101999506146,0.8481094692100614,0.844288412713593,0.0549128237095859,0.0916160789791884,0.5505889372173327
done,confirm_K6_i000708,GRU,32,4,256,41,0.8862072993069887,16,48,6888,cpu,0.984999254345894,0.8827840462327003,0.9036505743861198,0.8459639139473438,project://predictive_profile_confirmatory64_v1/runs/confirm_K6_i000708/gru/d32/n256/seed4/DONE.json,0.9298769313895604,0.8619101999506146,0.8481094692100614,0.844288412713593,0.0391364360056904,0.0016755012337508,1.6244625161107067
done,confirm_K6_i000708,GRU,32,5,256,48,0.8517258977517486,16,48,6888,cpu,0.9770357348024844,0.9486633092164992,0.9190593622624874,0.905020248144865,project://predictive_profile_confirmatory64_v1/runs/confirm_K6_i000708/gru/d32/n256/seed5/DONE.json,0.9298769313895604,0.8619101999506146,0.8481094692100614,0.844288412713593,0.0155381996358669,0.060731835431272,0.841415271249939
done,confirm_K6_i000708,GRU,128,1,256,9,0.8319142144173384,16,17,101256,cpu,1.002782128751278,0.8325973264873028,0.9034708980470896,0.901262018829584,project://predictive_profile_confirmatory64_v1/runs/confirm_K6_i000708/gru/d128/n256/seed1/DONE.json,0.9298769313895604,0.8619101999506146,0.8481094692100614,0.844288412713593,0.0438798680301945,0.0569736061159911,1.186141686901283
done,confirm_K6_i000708,GRU,128,2,256,33,0.820378391072154,16,41,101256,cpu,0.893810449168086,0.910254631191492,0.9527155719697477,0.8603365309536457,project://predictive_profile_confirmatory64_v1/runs/confirm_K6_i000708/gru/d128/n256/seed2/DONE.json,0.9298769313895604,0.8619101999506146,0.8481094692100614,0.844288412713593,0.0538551298320119,0.0160481182400527,0.3911029041309907
done,confirm_K6_i000708,GRU,128,3,256,11,0.8415572997182608,16,19,101256,cpu,0.985991422086954,0.9001925140619278,0.9216790795326232,0.8546304926276207,project://predictive_profile_confirmatory64_v1/runs/confirm_K6_i000708/gru/d128/n256/seed3/DONE.json,0.9298769313895604,0.8619101999506146,0.8481094692100614,0.844288412713593,0.0414532594541204,0.0103420799140276,1.534796155973415
done,confirm_K6_i000708,GRU,128,4,256,15,0.9074467830359936,16,23,101256,cpu,1.048425544053316,0.9338904768228532,0.8712705038487911,0.9377617742866278,project://predictive_profile_confirmatory64_v1/runs/confirm_K6_i000708/gru/d128/n256/seed4/DONE.json,0.9298769313895604,0.8619101999506146,0.8481094692100614,0.844288412713593,0.0388411644590339,0.0934733615730347,1.2929744722613363
done,confirm_K6_i000708,GRU,128,5,256,18,0.8890511067584157,16,26,101256,cpu,1.0351390093564987,0.9606545493006706,0.9488093256950378,1.0199121795594692,project://predictive_profile_confirmatory64_v1/runs/confirm_K6_i000708/gru/d128/n256/seed5/DONE.json,0.9298769313895604,0.8619101999506146,0.8481094692100614,0.844288412713593,0.0641771073673494,0.1756237668458762,0.1779073879602626
done,confirm_K6_i000708,GRU,256,1,256,7,0.828519769012928,16,15,399112,cpu,1.0172436013817787,0.935170616954565,0.9234403148293496,0.9898786693811416,project://predictive_profile_confirmatory64_v1/runs/confirm_K6_i000708/gru/d256/n256/seed1/DONE.json,0.9298769313895604,0.8619101999506146,0.8481094692100614,0.844288412713593,0.0582193623117557,0.1455902566675486,0.3197266692304718
done,confirm_K6_i000708,GRU,256,2,256,19,0.874876856803894,16,27,399112,cpu,0.988991655409336,0.9426542073488235,0.9097554981708528,0.916779175400734,project://predictive_profile_confirmatory64_v1/runs/confirm_K6_i000708/gru/d256/n256/seed2/DONE.json,0.9298769313895604,0.8619101999506146,0.8481094692100614,0.844288412713593,0.0095478100668038,0.0724907626871409,0.843716904156199
done,confirm_K6_i000708,GRU,256,3,256,28,0.8740344103425741,16,36,399112,cpu,1.020190168172121,0.9304351639002562,0.8280562106519938,0.9318647272884846,project://predictive_profile_confirmatory64_v1/runs/confirm_K6_i000708/gru/d256/n256/seed3/DONE.json,0.9298769313895604,0.8619101999506146,0.8481094692100614,0.844288412713593,0.0546684774723973,0.0875763145748915,1.0319776793664464
done,confirm_K6_i000708,GRU,256,4,256,14,0.8768690600991249,16,22,399112,cpu,0.9332532472908496,0.9184479229152204,0.8639799300581217,0.8501665648072958,project://predictive_profile_confirmatory64_v1/runs/confirm_K6_i000708/gru/d256/n256/seed4/DONE.json,0.9298769313895604,0.8619101999506146,0.8481094692100614,0.844288412713593,0.0258481021518027,0.0058781520937027,0.9707690209958512
done,confirm_K6_i000708,GRU,256,5,256,21,0.8409243887290359,16,29,399112,cpu,1.084443088620901,0.9045090489089488,0.7967118453234434,0.9251475371420383,project://predictive_profile_confirmatory64_v1/runs/confirm_K6_i000708/gru/d256/n256/seed5/DONE.json,0.9298769313895604,0.8619101999506146,0.8481094692100614,0.844288412713593,0.0780839657652739,0.0808591244284453,1.8611789752074763
done,confirm_K6_i000708,Transformer,8,1,256,46,0.9701198320835828,16,48,1064,cpu,1.0638614743947985,0.982155043631792,0.978381596505642,0.9750146716833116,project://predictive_profile_confirmatory64_v1/runs/confirm_K6_i000708/transformer/d8/n256/seed1/DONE.json,0.9298769313895604,0.8619101999506146,0.8481094692100614,0.844288412713593,0.005492784286781,0.1307262589697184,1.0380691719628328
done,confirm_K6_i000708,Transformer,8,2,256,48,0.955115145072341,16,48,1064,cpu,1.016993459314108,0.9913278929889202,0.965905349701643,0.921896617859602,project://predictive_profile_confirmatory64_v1/runs/confirm_K6_i000708/transformer/d8/n256/seed2/DONE.json,0.9298769313895604,0.8619101999506146,0.8481094692100614,0.844288412713593,0.0331273319458572,0.0776082051460089,1.111093437830564
done,confirm_K6_i000708,Transformer,8,3,256,48,0.9360510213300586,16,48,1064,cpu,0.992977000772953,0.9777468182146548,0.9886146746575832,1.0160835646092892,project://predictive_profile_confirmatory64_v1/runs/confirm_K6_i000708/transformer/d8/n256/seed3/DONE.json,0.9298769313895604,0.8619101999506146,0.8481094692100614,0.844288412713593,0.0630972249732332,0.1717951518956961,-0.2699727042106678
done,confirm_K6_i000708,Transformer,8,4,256,48,0.9272343460470438,16,48,1064,cpu,0.959727942943573,1.0746985077857971,0.983744129538536,0.8825028724968433,project://predictive_profile_confirmatory64_v1/runs/confirm_K6_i000708/transformer/d8/n256/seed4/DONE.json,0.9298769313895604,0.8619101999506146,0.8481094692100614,0.844288412713593,0.1000458284540315,0.0382144597832503,0.9022830590058334
done,confirm_K6_i000708,Transformer,8,5,256,48,0.9314814917743206,16,48,1064,cpu,0.8914170786738396,0.947886060923338,0.8956044837832451,0.8950089253485203,project://predictive_profile_confirmatory64_v1/runs/confirm_K6_i000708/transformer/d8/n256/seed5/DONE.json,0.9298769313895604,0.8619101999506146,0.8481094692100614,0.844288412713593,0.0479752045025362,0.0507205126349272,-0.0419664544993378
done,confirm_K6_i000708,Transformer,32,1,256,26,0.8907121010124683,16,34,13448,cpu,0.8365841060876846,0.9622019454836844,0.8161533176898956,0.9077911488711834,project://predictive_profile_confirmatory64_v1/runs/confirm_K6_i000708/transformer/d32/n256/seed1/DONE.json,0.9298769313895604,0.8619101999506146,0.8481094692100614,0.844288412713593,0.0936091322212912,0.0635027361575903,-0.8319695665382891
done,confirm_K6_i000708,Transformer,32,2,256,16,0.9293037950992584,16,24,13448,cpu,0.9899488799273968,0.859871506690979,0.8525251150131226,0.9304225593805312,project://predictive_profile_confirmatory64_v1/runs/confirm_K6_i000708/transformer/d32/n256/seed2/DONE.json,0.9298769313895604,0.8619101999506146,0.8481094692100614,0.844288412713593,0.061505286877384,0.0861341466669383,0.6954942259513609
done,confirm_K6_i000708,Transformer,32,3,256,43,0.8317896723747253,16,48,13448,cpu,0.9706306047737598,0.9454605877399443,0.9687958769500256,0.8355434946715832,project://predictive_profile_confirmatory64_v1/runs/confirm_K6_i000708/transformer/d32/n256/seed3/DONE.json,0.9298769313895604,0.8619101999506146,0.8481094692100614,0.844288412713593,0.0832481262932668,-0.0087449180420098,1.5783321430483908
done,confirm_K6_i000708,Transformer,32,4,256,21,0.8902217894792557,16,29,13448,cpu,0.9123697988688946,0.9226373247802258,0.8695968240499496,0.9282172694802284,project://predictive_profile_confirmatory64_v1/runs/confirm_K6_i000708/transformer/d32/n256/seed4/DONE.json,0.9298769313895604,0.8619101999506146,0.8481094692100614,0.844288412713593,0.0606764399302541,0.0839288567666354,-0.1851588373825158
done,confirm_K6_i000708,Transformer,32,5,256,41,0.9004421681165695,16,48,13448,cpu,1.0279139541089537,0.8989890553057194,0.8985957242548466,0.9441826678812504,project://predictive_profile_confirmatory64_v1/runs/confirm_K6_i000708/transformer/d32/n256/seed5/DONE.json,0.9298769313895604,0.8619101999506146,0.8481094692100614,0.844288412713593,0.0399699081876586,0.0998942551676573,0.9783004487401452
done,confirm_K6_i000708,Transformer,128,1,256,19,0.8372571431100368,16,27,201224,cpu,0.90540168620646,0.8662226647138596,0.9410827346146108,0.8512470573186874,project://predictive_profile_confirmatory64_v1/runs/confirm_K6_i000708/transformer/d128/n256/seed1/DONE.json,0.9298769313895604,0.8619101999506146,0.8481094692100614,0.844288412713593,0.045808314437026,0.0069586446050944,0.6327324006248847
done,confirm_K6_i000708,Transformer,128,2,256,22,0.858507938683033,16,30,201224,cpu,0.9570536054670812,1.0171622410416603,0.8123043812811375,0.891165005043149,project://predictive_profile_confirmatory64_v1/runs/confirm_K6_i000708/transformer/d128/n256/seed2/DONE.json,0.9298769313895604,0.8619101999506146,0.8481094692100614,0.844288412713593,0.0688650581277556,0.0468765923295559,0.7698298959160883
done,confirm_K6_i000708,Transformer,128,3,256,8,0.9139663986861706,16,16,201224,cpu,0.9988895505666732,1.0175611078739166,0.899200014770031,0.894149050116539,project://predictive_profile_confirmatory64_v1/runs/confirm_K6_i000708/transformer/d128/n256/seed3/DONE.json,0.9298769313895604,0.8619101999506146,0.8481094692100614,0.844288412713593,0.0537584700691966,0.0498606374029459,1.2237681183229163
done,confirm_K6_i000708,Transformer,128,4,256,34,0.8604636546224356,16,42,201224,cpu,0.8995247706770897,0.8962708450853825,0.8379589393734932,0.9086332581937312,project://predictive_profile_confirmatory64_v1/runs/confirm_K6_i000708/transformer/d128/n256/seed4/DONE.json,0.9298769313895604,0.8619101999506146,0.8481094692100614,0.844288412713593,0.0620808670118485,0.0643448454801383,-0.1064218385543716
done,confirm_K6_i000708,Transformer,128,5,256,22,0.8745395625010133,16,30,201224,cpu,0.9208830967545508,0.8899673298001289,0.9738331288099288,0.8260038197040558,project://predictive_profile_confirmatory64_v1/runs/confirm_K6_i000708/transformer/d128/n256/seed5/DONE.json,0.9298769313895604,0.8619101999506146,0.8481094692100614,0.844288412713593,0.0757829965894941,-0.0182845930095372,1.108551456646914
done,confirm_K6_i000708,Transformer,256,1,256,27,0.8926575239747763,16,35,795656,cpu,0.9425113797187804,0.9207817614078522,0.934606559574604,0.8806984908878803,project://predictive_profile_confirmatory64_v1/runs/confirm_K6_i000708/transformer/d256/n256/seed1/DONE.json,0.9298769313895604,0.8619101999506146,0.8481094692100614,0.844288412713593,0.0299103142575712,0.0364100781742873,0.722210055590749
done,confirm_K6_i000708,Transformer,256,2,256,31,0.9024055264890194,16,39,795656,cpu,1.0021247938275335,0.9889730997383596,0.9727408662438392,1.0198695361614227,project://predictive_profile_confirmatory64_v1/runs/confirm_K6_i000708/transformer/d256/n256/seed2/DONE.json,0.9298769313895604,0.8619101999506146,0.8481094692100614,0.844288412713593,0.0625053107338245,0.1755811234478297,-0.2073261999202192
done,confirm_K6_i000708,Transformer,256,3,256,7,0.8518828898668289,16,15,795656,cpu,0.9491228386759758,1.048359900712967,0.9776365980505944,0.9991021156311036,project://predictive_profile_confirmatory64_v1/runs/confirm_K6_i000708/transformer/d256/n256/seed3/DONE.json,0.9298769313895604,0.8619101999506146,0.8481094692100614,0.844288412713593,0.0707440357918313,0.1548137029175105,-0.583948381491986
done,confirm_K6_i000708,Transformer,256,4,256,16,0.8848222997039557,16,24,795656,cpu,0.935084443539381,0.9161857515573502,0.9475328475236892,0.9183425176888704,project://predictive_profile_confirmatory64_v1/runs/confirm_K6_i000708/transformer/d256/n256/seed4/DONE.json,0.9298769313895604,0.8619101999506146,0.8481094692100614,0.844288412713593,0.037995541010566,0.0740541049752774,0.195609482550977
done,confirm_K6_i000708,Transformer,256,5,256,19,0.9607379026710988,16,27,795656,cpu,0.9286461509764194,0.8974612802267075,0.982841182500124,0.9129699729382992,project://predictive_profile_confirmatory64_v1/runs/confirm_K6_i000708/transformer/d256/n256/seed5/DONE.json,0.9298769313895604,0.8619101999506146,0.8481094692100614,0.844288412713593,0.050862527451565,0.0686815602247061,0.1831574874834472
done,confirm_K6_i000150,GRU,8,1,256,48,1.2430771328508854,16,48,576,cpu,1.1863488405942917,1.2025814950466156,1.145974650979042,1.2241475358605385,project://predictive_profile_confirmatory64_v1/runs/confirm_K6_i000150/gru/d8/n256/seed1/DONE.json,1.1910759295070603,1.1658809366178071,1.1609147089853504,1.1593734136120768,0.0547103597870277,0.0647741222484616,-1.1922932360149892
done,confirm_K6_i000150,GRU,8,2,256,48,1.2527831476181746,16,48,576,cpu,1.2904442474246025,1.1532660312950611,1.1559144966304302,1.2202361598610878,project://predictive_profile_confirmatory64_v1/runs/confirm_K6_i000150/gru/d8/n256/seed2/DONE.json,1.1910759295070603,1.1658809366178071,1.1609147089853504,1.1593734136120768,0.0529612444294979,0.060862746249011,2.2145904065179782
done,confirm_K6_i000150,GRU,8,3,256,47,1.241294318810105,16,48,576,cpu,1.259092539548874,1.2147031016647816,1.224493071436882,1.1941628828644753,project://predictive_profile_confirmatory64_v1/runs/confirm_K6_i000150/gru/d8/n256/seed3/DONE.json,1.1910759295070603,1.1658809366178071,1.1609147089853504,1.1593734136120768,0.0230746603871747,0.0347894692523984,2.0480916057098297
done,confirm_K6_i000150,GRU,8,4,256,48,1.226803708821535,16,48,576,cpu,1.2834059968590736,1.2461530566215515,1.113290574401617,1.2020603939890862,project://predictive_profile_confirmatory64_v1/runs/confirm_K6_i000150/gru/d8/n256/seed4/DONE.json,1.1910759295070603,1.1658809366178071,1.1609147089853504,1.1593734136120768,0.054847917669273,0.0426869803770093,2.565903701127352
done,confirm_K6_i000150,GRU,8,5,256,48,1.2282100804150105,16,48,576,cpu,1.2117234878242016,1.1656456366181374,1.2064852006733418,1.1944556459784508,project://predictive_profile_confirmatory64_v1/runs/confirm_K6_i000150/gru/d8/n256/seed5/DONE.json,1.1910759295070603,1.1658809366178071,1.1609147089853504,1.1593734136120768,0.0197844098403999,0.0350822323663739,0.5446836428676969
done,confirm_K6_i000150,GRU,32,1,256,39,1.1981791723519564,16,47,6888,cpu,1.2828224264085293,1.2490707002580166,1.152611117810011,1.151999019086361,project://predictive_profile_confirmatory64_v1/runs/confirm_K6_i000150/gru/d32/n256/seed1/DONE.json,1.1910759295070603,1.1658809366178071,1.1609147089853504,1.1593734136120768,0.0671336005068179,-0.0073743945257158,4.126593856321303
done,confirm_K6_i000150,GRU,32,2,256,32,1.2360438369214537,16,40,6888,cpu,1.2104667723178864,1.1170598529279232,1.175790574401617,1.2064005471765995,project://predictive_profile_confirmatory64_v1/runs/confirm_K6_i000150/gru/d32/n256/seed2/DONE.json,1.1910759295070603,1.1658809366178071,1.1609147089853504,1.1593734136120768,0.0524031233826093,0.0470271335645227,0.128261906870623
done,confirm_K6_i000150,GRU,32,3,256,41,1.2157284878194332,16,48,6888,cpu,1.2748813107609749,1.1690221540629864,1.2218542098999023,1.1175553761422634,project://predictive_profile_confirmatory64_v1/runs/confirm_K6_i000150/gru/d32/n256/seed3/DONE.json,1.1910759295070603,1.1658809366178071,1.1609147089853504,1.1593734136120768,0.0842046459958751,-0.0418180374698133,4.962569379031682
done,confirm_K6_i000150,GRU,32,4,256,33,1.1534599252045157,16,41,6888,cpu,1.2408398762345314,1.194580964744091,1.1867293901741505,1.2020224072039127,project://predictive_profile_confirmatory64_v1/runs/confirm_K6_i000150/gru/d32/n256/seed4/DONE.json,1.1910759295070603,1.1658809366178071,1.1609147089853504,1.1593734136120768,0.0114955455477813,0.0426489935918359,1.2244286592017992
done,confirm_K6_i000150,GRU,32,5,256,26,1.179318631067872,16,34,6888,cpu,1.137860670685768,1.1376596987247467,1.1805830337107182,1.1445925049483776,project://predictive_profile_confirmatory64_v1/runs/confirm_K6_i000150/gru/d32/n256/seed5/DONE.json,1.1910759295070603,1.1658809366178071,1.1609147089853504,1.1593734136120768,0.0266673555256446,-0.0147809086636991,-0.2123438494569023
done,confirm_K6_i000150,GRU,128,1,256,16,1.2425115276128054,16,24,101256,cpu,1.2626900598406792,1.2289059460163116,1.1827067136764526,1.1593245416879654,project://predictive_profile_confirmatory64_v1/runs/confirm_K6_i000150/gru/d128/n256/seed1/DONE.json,1.1910759295070603,1.1658809366178071,1.1609147089853504,1.1593734136120768,0.0489666322331131,-4.88719241114044e-05,3.260483126800331
done,confirm_K6_i000150,GRU,128,2,256,34,1.2132929787039757,16,42,101256,cpu,1.200363613665104,1.1350661478936672,1.1657704450190067,1.1655430607497692,project://predictive_profile_confirmatory64_v1/runs/confirm_K6_i000150/gru/d128/n256/seed2/DONE.json,1.1910759295070603,1.1658809366178071,1.1609147089853504,1.1593734136120768,0.0185694440766787,0.0061696471376924,1.098352983425026
done,confirm_K6_i000150,GRU,128,3,256,25,1.2066364474594593,16,33,101256,cpu,1.162739496678114,1.2055830508470535,1.2247208431363106,1.1910908222198486,project://predictive_profile_confirmatory64_v1/runs/confirm_K6_i000150/gru/d128/n256/seed3/DONE.json,1.1910759295070603,1.1658809366178071,1.1609147089853504,1.1593734136120768,0.0342779291314184,0.0317174086077718,-0.8942926055348402
done,confirm_K6_i000150,GRU,128,4,256,21,1.2297151070088148,16,29,101256,cpu,1.2313069216907024,1.158733807504177,1.2713736221194267,1.207237396389246,project://predictive_profile_confirmatory64_v1/runs/confirm_K6_i000150/gru/d128/n256/seed4/DONE.json,1.1910759295070603,1.1658809366178071,1.1609147089853504,1.1593734136120768,0.0418408003127598,0.0478639827771691,0.7592307620375628
done,confirm_K6_i000150,GRU,128,5,256,15,1.2424102127552032,16,23,101256,cpu,1.2281966023147106,1.1332220397889614,1.175916027277708,1.2267431244254112,project://predictive_profile_confirmatory64_v1/runs/confirm_K6_i000150/gru/d128/n256/seed5/DONE.json,1.1910759295070603,1.1658809366178071,1.1609147089853504,1.1593734136120768,0.0584447927157195,0.0673697108133344,0.0458473988031144
done,confirm_K6_i000150,GRU,256,1,256,19,1.156977927312255,16,27,399112,cpu,1.1345525793731213,1.1529624462127686,1.2553759664297104,1.179284643381834,project://predictive_profile_confirmatory64_v1/runs/confirm_K6_i000150/gru/d256/n256/seed1/DONE.json,1.1910759295070603,1.1658809366178071,1.1609147089853504,1.1593734136120768,0.0558519072147362,0.0199112297697572,-1.4109941355093107
done,confirm_K6_i000150,GRU,256,2,256,12,1.1605216767638922,16,20,399112,cpu,1.1967763602733612,1.1965833492577076,1.123894739896059,1.150275133550167,project://predictive_profile_confirmatory64_v1/runs/confirm_K6_i000150/gru/d256/n256/seed2/DONE.json,1.1910759295070603,1.1658809366178071,1.1609147089853504,1.1593734136120768,0.0254102228436839,-0.0090982800619097,1.466799255845558
done,confirm_K6_i000150,GRU,256,3,256,30,1.2093848027288914,16,38,399112,cpu,1.1667352691292765,1.1954195871949196,1.172492790967226,1.245113875716925,project://predictive_profile_confirmatory64_v1/runs/confirm_K6_i000150/gru/d256/n256/seed3/DONE.json,1.1910759295070603,1.1658809366178071,1.1609147089853504,1.1593734136120768,0.072070374932318,0.0857404621048478,-2.472315031629719
done,confirm_K6_i000150,GRU,256,4,256,8,1.2141277585178614,16,16,399112,cpu,1.2622664868831637,1.1762051582336426,1.2617680877447128,1.14116345718503,project://predictive_profile_confirmatory64_v1/runs/confirm_K6_i000150/gru/d256/n256/seed4/DONE.json,1.1910759295070603,1.1658809366178071,1.1609147089853504,1.1593734136120768,0.0758002786448725,-0.0182099564270468,3.819981672725712
done,confirm_K6_i000150,GRU,256,5,256,11,1.226745206862688,16,19,399112,cpu,1.2016198635101318,1.2296743877232077,1.307171270251274,1.2000820599496365,project://predictive_profile_confirmatory64_v1/runs/confirm_K6_i000150/gru/d256/n256/seed5/DONE.json,1.1910759295070603,1.1658809366178071,1.1609147089853504,1.1593734136120768,0.0560873881258454,0.0407086463375596,0.0485073035083219
done,confirm_K6_i000150,Transformer,8,1,256,46,1.2732621803879738,16,48,1064,cpu,1.203646898269653,1.260340355336666,1.194107361137867,1.284866075962782,project://predictive_profile_confirmatory64_v1/runs/confirm_K6_i000150/transformer/d8/n256/seed1/DONE.json,1.1910759295070603,1.1658809366178071,1.1609147089853504,1.1593734136120768,0.074554783508013,0.1254926623507051,-2.5619158417007477
done,confirm_K6_i000150,Transformer,8,2,256,47,1.2599572259932756,16,48,1064,cpu,1.1616215147078035,1.1568708792328837,1.1287492662668228,1.2188055366277697,project://predictive_profile_confirmatory64_v1/runs/confirm_K6_i000150/transformer/d8/n256/seed2/DONE.json,1.1910759295070603,1.1658809366178071,1.1609147089853504,1.1593734136120768,0.0724141952781942,0.0594321230156926,-1.8037692058696804
done,confirm_K6_i000150,Transformer,8,3,256,46,1.1875603292137384,16,48,1064,cpu,1.153143748641014,1.1782610081136229,1.1772124134004116,1.1860863231122494,project://predictive_profile_confirmatory64_v1/runs/confirm_K6_i000150/transformer/d8/n256/seed3/DONE.json,1.1910759295070603,1.1658809366178071,1.1609147089853504,1.1593734136120768,0.0335145283820341,0.0267129095001725,-1.039115462645277
done,confirm_K6_i000150,Transformer,8,4,256,48,1.2175247818231585,16,48,1064,cpu,1.2414768747985363,1.255060624331236,1.31016343832016,1.1893080212175846,project://predictive_profile_confirmatory64_v1/runs/confirm_K6_i000150/transformer/d8/n256/seed4/DONE.json,1.1910759295070603,1.1658809366178071,1.1609147089853504,1.1593734136120768,0.0673882596215851,0.0299346076055078,1.6455745579866208
done,confirm_K6_i000150,Transformer,8,5,256,47,1.2102780174463987,16,48,1064,cpu,1.2902931086719036,1.2497920021414757,1.1842730790376663,1.185909990221262,project://predictive_profile_confirmatory64_v1/runs/confirm_K6_i000150/transformer/d8/n256/seed5/DONE.json,1.1910759295070603,1.1658809366178071,1.1609147089853504,1.1593734136120768,0.0463260266021428,0.0265365766091851,3.292581535055963
done,confirm_K6_i000150,Transformer,32,1,256,30,1.2248848993331194,16,38,13448,cpu,1.170119434595108,1.1593049727380276,1.1373258121311665,1.1943868845701218,project://predictive_profile_confirmatory64_v1/runs/confirm_K6_i000150/transformer/d32/n256/seed1/DONE.json,1.1910759295070603,1.1658809366178071,1.1609147089853504,1.1593734136120768,0.0455427153418033,0.0350134709580449,-0.7654739470962161
done,confirm_K6_i000150,Transformer,32,2,256,37,1.1787871047854424,16,45,13448,cpu,1.2076212391257286,1.2029798962175846,1.207598514854908,1.1339735835790634,project://predictive_profile_confirmatory64_v1/runs/confirm_K6_i000150/transformer/d32/n256/seed2/DONE.json,1.1910759295070603,1.1658809366178071,1.1609147089853504,1.1593734136120768,0.0521093657870091,-0.0253998300330133,2.3230855175856373
done,confirm_K6_i000150,Transformer,32,3,256,26,1.1974219344556332,16,34,13448,cpu,1.1546487733721733,1.2408148497343063,1.1497894413769243,1.152235683053732,project://predictive_profile_confirmatory64_v1/runs/confirm_K6_i000150/transformer/d32/n256/seed3/DONE.json,1.1910759295070603,1.1658809366178071,1.1609147089853504,1.1593734136120768,0.0436162974065317,-0.0071377305583448,0.0761166819199738
done,confirm_K6_i000150,Transformer,32,4,256,15,1.2077621594071388,16,23,13448,cpu,1.1988926082849505,1.1659289747476578,1.257108759135008,1.1644739247858524,project://predictive_profile_confirmatory64_v1/runs/confirm_K6_i000150/transformer/d32/n256/seed4/DONE.json,1.1910759295070603,1.1658809366178071,1.1609147089853504,1.1593734136120768,0.0456369858050017,0.0051005111737756,1.0856767208353917
done,confirm_K6_i000150,Transformer,32,5,256,37,1.1623596027493477,16,45,13448,cpu,1.2297089770436287,1.1460688076913357,1.1309330202639103,1.1777618192136288,project://predictive_profile_confirmatory64_v1/runs/confirm_K6_i000150/transformer/d32/n256/seed5/DONE.json,1.1910759295070603,1.1658809366178071,1.1609147089853504,1.1593734136120768,0.0324376031409492,0.0183884056015519,1.6385815561792518
done,confirm_K6_i000150,Transformer,128,1,256,12,1.2220852840691805,16,20,201224,cpu,1.1504917554557323,1.171525750309229,1.2809942811727524,1.2055878415703771,project://predictive_profile_confirmatory64_v1/runs/confirm_K6_i000150/transformer/d128/n256/seed1/DONE.json,1.1910759295070603,1.1658809366178071,1.1609147089853504,1.1593734136120768,0.060489566134531,0.0462144279583005,-1.737908950102058
done,confirm_K6_i000150,Transformer,128,2,256,20,1.196133125573397,16,28,201224,cpu,1.1965081170201302,1.309380553662777,1.2159131206572056,1.1199610084295273,project://predictive_profile_confirmatory64_v1/runs/confirm_K6_i000150/transformer/d128/n256/seed2/DONE.json,1.1910759295070603,1.1658809366178071,1.1609147089853504,1.1593734136120768,0.105334286569607,-0.0394124051825495,2.414543654647764
done,confirm_K6_i000150,Transformer,128,3,256,15,1.2206685338169336,16,23,201224,cpu,1.142455741763115,1.1365755423903463,1.1631372272968292,1.1783774010837078,project://predictive_profile_confirmatory64_v1/runs/confirm_K6_i000150/transformer/d128/n256/seed3/DONE.json,1.1910759295070603,1.1658809366178071,1.1609147089853504,1.1593734136120768,0.042392343474113,0.019003987471631,-1.1330854446879004
done,confirm_K6_i000150,Transformer,128,4,256,23,1.2558506689965725,16,31,201224,cpu,1.2770791053771973,1.16207455098629,1.2020249627530577,1.1722684055566788,project://predictive_profile_confirmatory64_v1/runs/confirm_K6_i000150/transformer/d128/n256/seed4/DONE.json,1.1910759295070603,1.1658809366178071,1.1609147089853504,1.1593734136120768,0.0400619631620078,0.0128949919446019,3.306068835915404
done,confirm_K6_i000150,Transformer,128,5,256,7,1.2336963173002005,16,15,201224,cpu,1.2558510228991508,1.2197704538702965,1.1518769674003124,1.1513458862900734,project://predictive_profile_confirmatory64_v1/runs/confirm_K6_i000150/transformer/d128/n256/seed5/DONE.json,1.1910759295070603,1.1658809366178071,1.1609147089853504,1.1593734136120768,0.0477884989420496,-0.0080275273220034,3.2964303828521446
done,confirm_K6_i000150,Transformer,256,1,256,15,1.2425473611801865,16,23,795656,cpu,1.1862103827297688,1.2383479177951813,1.199939265847206,1.1816987320780754,project://predictive_profile_confirmatory64_v1/runs/confirm_K6_i000150/transformer/d256/n256/seed1/DONE.json,1.1910759295070603,1.1658809366178071,1.1609147089853504,1.1593734136120768,0.029716973496395,0.0223253184659986,0.1423120696994025
done,confirm_K6_i000150,Transformer,256,2,256,14,1.2094261348247528,16,22,795656,cpu,1.1634529754519465,1.214311197400093,1.190964538604021,1.1698583588004112,project://predictive_profile_confirmatory64_v1/runs/confirm_K6_i000150/transformer/d256/n256/seed2/DONE.json,1.1910759295070603,1.1658809366178071,1.1609147089853504,1.1593734136120768,0.0286131248863428,0.0104849451883344,-0.2020465306186782
done,confirm_K6_i000150,Transformer,256,3,256,17,1.2552963495254517,16,25,795656,cpu,1.135373331606388,1.126104600727558,1.2773138880729675,1.18064983189106,project://predictive_profile_confirmatory64_v1/runs/confirm_K6_i000150/transformer/d256/n256/seed3/DONE.json,1.1910759295070603,1.1658809366178071,1.1609147089853504,1.1593734136120768,0.068376800428751,0.021276418278983,-1.4281674184677513
done,confirm_K6_i000150,Transformer,256,4,256,10,1.2197626698762178,16,18,795656,cpu,1.2214829102158546,1.2371447309851646,1.1868556812405586,1.2860611379146576,project://predictive_profile_confirmatory64_v1/runs/confirm_K6_i000150/transformer/d256/n256/seed4/DONE.json,1.1910759295070603,1.1658809366178071,1.1609147089853504,1.1593734136120768,0.0749861681320825,0.1266877243025808,-2.03700639762225
done,confirm_K6_i000150,Transformer,256,5,256,6,1.232362573966384,16,14,795656,cpu,1.2677764482796192,1.278090413659811,1.329627525061369,1.226132057607174,project://predictive_profile_confirmatory64_v1/runs/confirm_K6_i000150/transformer/d256/n256/seed5/DONE.json,1.1910759295070603,1.1658809366178071,1.1609147089853504,1.1593734136120768,0.0560340795932587,0.0667586439950971,1.313598920993985
done,confirm_K6_i000997,GRU,8,1,256,43,1.9352591335773468,16,48,576,cpu,1.928938411176205,1.9420526176691053,1.943203903734684,1.9736703112721443,project://predictive_profile_confirmatory64_v1/runs/confirm_K6_i000997/gru/d8/n256/seed1/DONE.json,1.9211584169593383,1.920335681857932,1.9202479202023408,1.920236335152691,0.031698441371851,0.0534339761194533,-48.5118562945995
done,confirm_K6_i000997,GRU,8,2,256,48,1.9564365297555923,16,48,576,cpu,1.952398881316185,1.9431848675012589,1.8965979516506195,1.9178869128227236,project://predictive_profile_confirmatory64_v1/runs/confirm_K6_i000997/gru/d8/n256/seed2/DONE.json,1.9211584169593383,1.920335681857932,1.9202479202023408,1.920236335152691,0.0235423214699075,-0.0023494223299675,37.42831519357989
done,confirm_K6_i000997,GRU,8,3,256,46,1.919838983565569,16,48,576,cpu,1.931556113064289,1.9479579851031303,1.953983195126057,1.911960646510124,project://predictive_profile_confirmatory64_v1/runs/confirm_K6_i000997/gru/d8/n256/seed3/DONE.json,1.9211584169593383,1.920335681857932,1.9202479202023408,1.920236335152691,0.0291645425957206,-0.0082756886425667,21.25133194571285
done,confirm_K6_i000997,GRU,8,4,256,48,1.9340813122689724,16,48,576,cpu,1.925010479986668,1.9599889889359476,1.936557732522488,1.9327630773186684,project://predictive_profile_confirmatory64_v1/runs/confirm_K6_i000997/gru/d8/n256/seed4/DONE.json,1.9211584169593383,1.920335681857932,1.9202479202023408,1.920236335152691,0.0143649939251369,0.0125267421659773,-8.407710981945373
done,confirm_K6_i000997,GRU,8,5,256,43,1.9452114887535568,16,48,576,cpu,1.9229213893413544,1.9367811903357504,1.939545191824436,1.8704326003789904,project://predictive_profile_confirmatory64_v1/runs/confirm_K6_i000997/gru/d8/n256/seed5/DONE.json,1.9211584169593383,1.920335681857932,1.9202479202023408,1.920236335152691,0.0543668938858804,-0.0498037347737008,56.92422145624226
done,confirm_K6_i000997,GRU,32,1,256,14,1.9202805124223232,16,22,6888,cpu,1.9339524507522583,1.9216045215725897,1.994725316762924,1.9328892529010773,project://predictive_profile_confirmatory64_v1/runs/confirm_K6_i000997/gru/d32/n256/seed1/DONE.json,1.9211584169593383,1.920335681857932,1.9202479202023408,1.920236335152691,0.0314320033040205,0.0126529177483862,1.1530406993353473
done,confirm_K6_i000997,GRU,32,2,256,34,1.9227142594754696,16,42,6888,cpu,1.9380100890994072,1.9255263581871984,1.934712789952755,1.9497305154800413,project://predictive_profile_confirmatory64_v1/runs/confirm_K6_i000997/gru/d32/n256/seed2/DONE.json,1.9211584169593383,1.920335681857932,1.9202479202023408,1.920236335152691,0.0156234878969803,0.0294941803273505,-12.710831399276396
done,confirm_K6_i000997,GRU,32,3,256,15,1.953785821795464,16,23,6888,cpu,1.9546907395124435,1.94552318751812,1.9240649417042728,1.9429479464888573,project://predictive_profile_confirmatory64_v1/runs/confirm_K6_i000997/gru/d32/n256/seed3/DONE.json,1.9211584169593383,1.920335681857932,1.9202479202023408,1.920236335152691,0.010956999691385,0.0227116113361662,12.735088078879794
done,confirm_K6_i000997,GRU,32,4,256,35,1.9095349460840223,16,43,6888,cpu,1.9729026556015012,1.9334759786725044,1.90150386095047,1.9485572054982183,project://predictive_profile_confirmatory64_v1/runs/confirm_K6_i000997/gru/d32/n256/seed4/DONE.json,1.9211584169593383,1.920335681857932,1.9202479202023408,1.920236335152691,0.0273596947766994,0.0283208703455275,26.40270085341196
done,confirm_K6_i000997,GRU,32,5,256,13,1.9393903203308585,16,21,6888,cpu,1.9580073729157448,1.9422459676861763,1.9597007110714912,1.9445848762989044,project://predictive_profile_confirmatory64_v1/runs/confirm_K6_i000997/gru/d32/n256/seed5/DONE.json,1.9211584169593383,1.920335681857932,1.9202479202023408,1.920236335152691,0.009878560359629,0.0243485411462134,14.556730780367928
done,confirm_K6_i000997,GRU,128,1,256,8,1.955629974603653,16,16,101256,cpu,1.9685040414333344,1.9225657060742376,1.923476591706276,1.9612265527248385,project://predictive_profile_confirmatory64_v1/runs/confirm_K6_i000997/gru/d128/n256/seed1/DONE.json,1.9211584169593383,1.920335681857932,1.9202479202023408,1.920236335152691,0.027242788712483,0.0409902175721472,7.892454504613793
done,confirm_K6_i000997,GRU,128,2,256,10,1.9221822805702689,16,18,101256,cpu,1.9199693873524664,1.945619150996208,1.9514572396874428,1.9429455772042277,project://predictive_profile_confirmatory64_v1/runs/confirm_K6_i000997/gru/d128/n256/seed2/DONE.json,1.9211584169593383,1.920335681857932,1.9202479202023408,1.920236335152691,0.0127476012422905,0.0227092420515364,-24.917734723887424
done,confirm_K6_i000997,GRU,128,3,256,29,1.9660767391324043,16,37,101256,cpu,1.9322299510240557,1.961708977818489,1.92803056538105,1.9219371676445007,project://predictive_profile_confirmatory64_v1/runs/confirm_K6_i000997/gru/d128/n256/seed3/DONE.json,1.9211584169593383,1.920335681857932,1.9202479202023408,1.920236335152691,0.0206076615073504,0.0017008324918097,11.162549033451992
done,confirm_K6_i000997,GRU,128,4,256,5,1.9338284619152544,16,13,101256,cpu,1.907789707183838,1.9121503233909607,1.965038560330868,1.9666723161935808,project://predictive_profile_confirmatory64_v1/runs/confirm_K6_i000997/gru/d128/n256/seed4/DONE.json,1.9211584169593383,1.920335681857932,1.9202479202023408,1.920236335152691,0.0405055518416762,0.0464359810408896,-63.85833511219474
done,confirm_K6_i000997,GRU,128,5,256,12,1.9143389500677583,16,20,101256,cpu,1.949780911207199,1.9422306641936304,1.9327731728553768,2.026139840483665,project://predictive_profile_confirmatory64_v1/runs/confirm_K6_i000997/gru/d128/n256/seed5/DONE.json,1.9211584169593383,1.920335681857932,1.9202479202023408,1.920236335152691,0.0737381934330185,0.1059035053309744,-82.81144766764932
done,confirm_K6_i000997,GRU,256,1,256,22,1.953415796160698,16,30,399112,cpu,1.926950789988041,1.9304763227701187,1.93654865026474,1.9133423417806623,project://predictive_profile_confirmatory64_v1/runs/confirm_K6_i000997/gru/d256/n256/seed1/DONE.json,1.9211584169593383,1.920335681857932,1.9202479202023408,1.920236335152691,0.0157251220412605,-0.0068939933720284,14.75839574024187
done,confirm_K6_i000997,GRU,256,2,256,18,1.9255453050136568,16,26,399112,cpu,1.9293524473905563,1.9222584515810013,1.9651284366846085,1.9666102677583692,project://predictive_profile_confirmatory64_v1/runs/confirm_K6_i000997/gru/d256/n256/seed2/DONE.json,1.9211584169593383,1.920335681857932,1.9202479202023408,1.920236335152691,0.0293080240863541,0.0463739326056784,-40.40619834294532
done,confirm_K6_i000997,GRU,256,3,256,23,1.9242699556052685,16,31,399112,cpu,1.9401930645108223,1.9195991083979609,1.917917750775814,1.9701729267835617,project://predictive_profile_confirmatory64_v1/runs/confirm_K6_i000997/gru/d256/n256/seed3/DONE.json,1.9211584169593383,1.920335681857932,1.9202479202023408,1.920236335152691,0.0395427430751849,0.0499365916308707,-32.51323478742712
done,confirm_K6_i000997,GRU,256,4,256,11,1.95498114451766,16,19,399112,cpu,1.9285230413079264,1.9407714754343035,1.9455895274877548,1.9424285739660263,project://predictive_profile_confirmatory64_v1/runs/confirm_K6_i000997/gru/d256/n256/seed4/DONE.json,1.9211584169593383,1.920335681857932,1.9202479202023408,1.920236335152691,0.007629904526902,0.0221922388133353,-15.080584561862736
done,confirm_K6_i000997,GRU,256,5,256,28,1.9320985078811648,16,36,399112,cpu,1.9555994123220444,1.8986765071749687,1.9574272483587265,1.9478837922215464,project://predictive_profile_confirmatory64_v1/runs/confirm_K6_i000997/gru/d256/n256/seed5/DONE.json,1.9211584169593383,1.920335681857932,1.9202479202023408,1.920236335152691,0.025338472051846,0.0276474570688551,8.367609082920836
done,confirm_K6_i000997,Transformer,8,1,256,34,1.9200314804911611,16,42,1064,cpu,1.9694431126117704,1.969092659652233,1.9173141419887545,1.9713652208447456,project://predictive_profile_confirmatory64_v1/runs/confirm_K6_i000997/transformer/d8/n256/seed1/DONE.json,1.9211584169593383,1.920335681857932,1.9202479202023408,1.920236335152691,0.0270946811783753,0.0511288856920546,-2.0845311328327414
done,confirm_K6_i000997,Transformer,8,2,256,17,1.9672698825597763,16,25,1064,cpu,1.9409762769937515,1.932165198028088,1.939210832118988,1.9309747219085691,project://predictive_profile_confirmatory64_v1/runs/confirm_K6_i000997/transformer/d8/n256/seed2/DONE.json,1.9211584169593383,1.920335681857932,1.9202479202023408,1.920236335152691,0.0061495978025894,0.0107383867558783,10.84671122787652
done,confirm_K6_i000997,Transformer,8,3,256,39,1.9227558337152004,16,47,1064,cpu,1.9108996614813805,1.920096181333065,1.916953831911087,1.899046897888184,project://predictive_profile_confirmatory64_v1/runs/confirm_K6_i000997/transformer/d8/n256/seed3/DONE.json,1.9211584169593383,1.920335681857932,1.9202479202023408,1.920236335152691,0.0148207891877278,-0.0211894372645073,12.854351433625345
done,confirm_K6_i000997,Transformer,8,4,256,32,1.9187334068119528,16,40,1064,cpu,1.946216203272343,1.930693231523037,1.9259381964802744,1.8884111866354945,project://predictive_profile_confirmatory64_v1/runs/confirm_K6_i000997/transformer/d8/n256/seed4/DONE.json,1.9211584169593383,1.920335681857932,1.9202479202023408,1.920236335152691,0.0400701116743987,-0.0318251485171967,62.68968351845773
done,confirm_K6_i000997,Transformer,8,5,256,47,1.9226492084562776,16,48,1064,cpu,1.8979335352778437,1.933680817484856,1.9413379058241844,1.9179892018437383,project://predictive_profile_confirmatory64_v1/runs/confirm_K6_i000997/transformer/d8/n256/seed5/DONE.json,1.9211584169593383,1.920335681857932,1.9202479202023408,1.920236335152691,0.0175200306602222,-0.0022471333089524,-21.75041999669986
done,confirm_K6_i000997,Transformer,32,1,256,14,1.942975964397192,16,22,13448,cpu,1.962505087256432,1.925300404429436,1.9354254603385923,1.9474766924977305,project://predictive_profile_confirmatory64_v1/runs/confirm_K6_i000997/transformer/d32/n256/seed1/DONE.json,1.9211584169593383,1.920335681857932,1.9202479202023408,1.920236335152691,0.0144974439874572,0.0272403573450392,16.298331287268702
done,confirm_K6_i000997,Transformer,32,2,256,5,1.9412929937243464,16,13,13448,cpu,1.8966418132185936,1.927038311958313,1.982445985078812,1.9284978061914444,project://predictive_profile_confirmatory64_v1/runs/confirm_K6_i000997/transformer/d32/n256/seed2/DONE.json,1.9211584169593383,1.920335681857932,1.9202479202023408,1.920236335152691,0.0315673420093314,0.0082614710387534,-34.547903172147755
done,confirm_K6_i000997,Transformer,32,3,256,19,1.929848734289408,16,27,13448,cpu,1.9100975021719933,1.9807886630296707,1.9356186613440516,1.9811447337269783,project://predictive_profile_confirmatory64_v1/runs/confirm_K6_i000997/transformer/d32/n256/seed3/DONE.json,1.9211584169593383,1.920335681857932,1.9202479202023408,1.920236335152691,0.0425836462600435,0.0609083985742873,-77.05089835066997
done,confirm_K6_i000997,Transformer,32,4,256,25,1.9542127661406996,16,33,13448,cpu,1.9662261307239528,1.939790241420269,1.9558479115366936,1.9097046181559565,project://predictive_profile_confirmatory64_v1/runs/confirm_K6_i000997/transformer/d32/n256/seed4/DONE.json,1.9211584169593383,1.920335681857932,1.9202479202023408,1.920236335152691,0.0391107657698228,-0.0105317169967347,61.29772018115009
done,confirm_K6_i000997,Transformer,32,5,256,15,1.9426772110164163,16,23,13448,cpu,1.909258358180523,1.968321979045868,1.911951959133148,1.9529994279146197,project://predictive_profile_confirmatory64_v1/runs/confirm_K6_i000997/transformer/d32/n256/seed5/DONE.json,1.9211584169593383,1.920335681857932,1.9202479202023408,1.920236335152691,0.0312745461999625,0.0327630927619284,-47.437298316445954
done,confirm_K6_i000997,Transformer,128,1,256,10,1.957678224891424,16,18,201224,cpu,1.9259201660752296,2.0178473070263863,2.003600925207138,1.949102185666561,project://predictive_profile_confirmatory64_v1/runs/confirm_K6_i000997/transformer/d128/n256/seed1/DONE.json,1.9211584169593383,1.920335681857932,1.9202479202023408,1.920236335152691,0.0454480475011033,0.0288658505138701,-25.140957585554126
done,confirm_K6_i000997,Transformer,128,2,256,24,1.9547701068222525,16,32,201224,cpu,1.9700488820672035,1.967980645596981,1.916827253997326,1.9607433453202248,project://predictive_profile_confirmatory64_v1/runs/confirm_K6_i000997/transformer/d128/n256/seed2/DONE.json,1.9211584169593383,1.920335681857932,1.9202479202023408,1.920236335152691,0.0226432851493387,0.0405070101675337,10.091877618552695
done,confirm_K6_i000997,Transformer,128,3,256,15,1.9676301628351207,16,23,201224,cpu,1.949418619275093,1.955281883478165,1.9467896595597267,1.9988132566213608,project://predictive_profile_confirmatory64_v1/runs/confirm_K6_i000997/transformer/d128/n256/seed3/DONE.json,1.9211584169593383,1.920335681857932,1.9202479202023408,1.920236335152691,0.0422583486371645,0.0785769214686697,-53.56860637546457
done,confirm_K6_i000997,Transformer,128,4,256,14,1.969104778021574,16,22,201224,cpu,1.964112862944603,1.913324423134327,2.029405064880848,1.9575809687376025,project://predictive_profile_confirmatory64_v1/runs/confirm_K6_i000997/transformer/d128/n256/seed4/DONE.json,1.9211584169593383,1.920335681857932,1.9202479202023408,1.920236335152691,0.0422964298943175,0.0373446335849112,7.083855423577446
done,confirm_K6_i000997,Transformer,128,5,256,14,1.9577298276126385,16,22,201224,cpu,1.904284991323948,1.9482243284583087,1.964718736708164,1.9179039299488068,project://predictive_profile_confirmatory64_v1/runs/confirm_K6_i000997/transformer/d128/n256/seed5/DONE.json,1.9211584169593383,1.920335681857932,1.9202479202023408,1.920236335152691,0.028789298401287,-0.0023324052038842,-14.769772623946595
done,confirm_K6_i000997,Transformer,256,1,256,19,1.9242790937423704,16,27,795656,cpu,1.9273830577731133,1.982749745249748,1.9493336230516436,1.940242700278759,project://predictive_profile_confirmatory64_v1/runs/confirm_K6_i000997/transformer/d256/n256/seed1/DONE.json,1.9211584169593383,1.920335681857932,1.9202479202023408,1.920236335152691,0.0227529293208114,0.020006365126068,-13.946314104605568
done,confirm_K6_i000997,Transformer,256,2,256,20,1.9486309550702567,16,28,795656,cpu,1.9364721477031708,1.9388563707470892,2.0104150772094727,1.9659010097384453,project://predictive_profile_confirmatory64_v1/runs/confirm_K6_i000997/transformer/d256/n256/seed2/DONE.json,1.9211584169593383,1.920335681857932,1.9202479202023408,1.920236335152691,0.0301597691190497,0.0456646745857542,-31.915673667044175
done,confirm_K6_i000997,Transformer,256,3,256,24,1.9345363676548004,16,32,795656,cpu,1.9054821208119392,1.9533834978938105,1.9197702035307884,1.9210369735956192,project://predictive_profile_confirmatory64_v1/runs/confirm_K6_i000997/transformer/d256/n256/seed3/DONE.json,1.9211584169593383,1.920335681857932,1.9202479202023408,1.920236335152691,0.0181176987225469,0.0008006384429282,-16.869276317507214
done,confirm_K6_i000997,Transformer,256,4,256,13,1.918778296560049,16,21,795656,cpu,1.9448537826538088,1.967388965189457,1.928916051983833,1.9733407348394396,project://predictive_profile_confirmatory64_v1/runs/confirm_K6_i000997/transformer/d256/n256/seed4/DONE.json,1.9211584169593383,1.920335681857932,1.9202479202023408,1.920236335152691,0.0268145911531907,0.0531043996867484,-30.89417010537162
done,confirm_K6_i000997,Transformer,256,5,256,22,1.9423318020999432,16,30,795656,cpu,1.9212058410048485,1.9425784796476364,1.938977725803852,1.928308017551899,project://predictive_profile_confirmatory64_v1/runs/confirm_K6_i000997/transformer/d256/n256/seed5/DONE.json,1.9211584169593383,1.920335681857932,1.9202479202023408,1.920236335152691,0.0097314544613476,0.0080716823992079,-7.702328031906291
done,confirm_K6_i000109,GRU,8,1,256,48,1.986192960292101,16,48,576,cpu,1.9739621579647064,1.9351362735033035,1.9659419134259224,1.9806479960680008,project://predictive_profile_confirmatory64_v1/runs/confirm_K6_i000109/gru/d8/n256/seed1/DONE.json,1.952803873596944,1.9457541396331988,1.9448452780690932,1.9447166029324,0.025520326796436,0.0359313931356006,-0.8267113072654261
done,confirm_K6_i000109,GRU,8,2,256,48,1.9668149314820769,16,48,576,cpu,1.9731896966695783,1.9479084461927412,1.9915690645575523,1.970012940466404,project://predictive_profile_confirmatory64_v1/runs/confirm_K6_i000109/gru/d8/n256/seed2/DONE.json,1.952803873596944,1.9457541396331988,1.9448452780690932,1.9447166029324,0.0159593414540984,0.0252963375340038,0.3928094328661589
done,confirm_K6_i000109,GRU,8,3,256,48,1.9642837531864643,16,48,576,cpu,1.9733946174383163,1.9722226709127424,1.938735969364643,1.993080995976925,project://predictive_profile_confirmatory64_v1/runs/confirm_K6_i000109/gru/d8/n256/seed3/DONE.json,1.952803873596944,1.9457541396331988,1.9448452780690932,1.9447166029324,0.0324737914891656,0.0483643930445247,-2.434242571466964
done,confirm_K6_i000109,GRU,8,4,256,48,1.9917015992105007,16,48,576,cpu,1.9914958477020264,1.9768973216414447,1.9439934268593788,1.957858957350254,project://predictive_profile_confirmatory64_v1/runs/confirm_K6_i000109/gru/d8/n256/seed4/DONE.json,1.952803873596944,1.9457541396331988,1.9448452780690932,1.9447166029324,0.0171219935408214,0.0131423544178539,4.15923885164904
done,confirm_K6_i000109,GRU,8,5,256,48,1.9708141051232813,16,48,576,cpu,1.9149119853973389,1.9446430653333664,1.980516977608204,1.959939457476139,project://predictive_profile_confirmatory64_v1/runs/confirm_K6_i000109/gru/d8/n256/seed5/DONE.json,1.952803873596944,1.9457541396331988,1.9448452780690932,1.9447166029324,0.0296062847627121,0.0152228545437389,-5.5676969334301285
done,confirm_K6_i000109,GRU,32,1,256,14,1.9692031405866144,16,22,6888,cpu,1.9605704545974727,1.991909258067608,1.9572326838970184,2.0309980511665344,project://predictive_profile_confirmatory64_v1/runs/confirm_K6_i000109/gru/d32/n256/seed1/DONE.json,1.952803873596944,1.9457541396331988,1.9448452780690932,1.9447166029324,0.0575218137384366,0.0862814482341343,-8.708450537933578
done,confirm_K6_i000109,GRU,32,2,256,33,1.9537547826766968,16,41,6888,cpu,1.94223203510046,2.005830407142639,1.9255977496504784,1.9154789075255396,project://predictive_profile_confirmatory64_v1/runs/confirm_K6_i000109/gru/d32/n256/seed2/DONE.json,1.952803873596944,1.9457541396331988,1.9448452780690932,1.9447166029324,0.0458944485272078,-0.0292376954068607,3.308053938668274
done,confirm_K6_i000109,GRU,32,3,256,48,1.9443811997771263,16,48,6888,cpu,1.936777114868164,1.9428853020071983,1.9609904810786247,1.9504670947790144,project://predictive_profile_confirmatory64_v1/runs/confirm_K6_i000109/gru/d32/n256/seed3/DONE.json,1.952803873596944,1.9457541396331988,1.9448452780690932,1.9447166029324,0.012812020755344,0.0057504918466144,-1.6927812210947804
done,confirm_K6_i000109,GRU,32,4,256,29,1.9297129549086092,16,37,6888,cpu,1.9386857822537424,1.966861978173256,1.9474346041679385,1.9307360723614693,project://predictive_profile_confirmatory64_v1/runs/confirm_K6_i000109/gru/d32/n256/seed4/DONE.json,1.952803873596944,1.9457541396331988,1.9448452780690932,1.9447166029324,0.0194021436952976,-0.0139805305709308,0.9829904577233964
done,confirm_K6_i000109,GRU,32,5,256,48,1.9297782480716703,16,48,6888,cpu,1.9906719699501991,1.948322266340256,1.942194141447544,1.9521399512887,project://predictive_profile_confirmatory64_v1/runs/confirm_K6_i000109/gru/d32/n256/seed5/DONE.json,1.952803873596944,1.9457541396331988,1.9448452780690932,1.9447166029324,0.0162168978648067,0.0074233483562999,4.764526904043268
done,confirm_K6_i000109,GRU,128,1,256,21,1.963611412793398,16,29,101256,cpu,1.9559122323989868,1.979654498398304,1.9862492978572843,1.9698034152388573,project://predictive_profile_confirmatory64_v1/runs/confirm_K6_i000109/gru/d128/n256/seed1/DONE.json,1.952803873596944,1.9457541396331988,1.9448452780690932,1.9447166029324,0.0143786497942818,0.0250868123064571,-1.717660186739153
done,confirm_K6_i000109,GRU,128,2,256,15,1.9770514965057373,16,23,101256,cpu,1.997181050479412,1.9838982746005056,1.964437410235405,1.9687926024198528,project://predictive_profile_confirmatory64_v1/runs/confirm_K6_i000109/gru/d128/n256/seed2/DONE.json,1.952803873596944,1.9457541396331988,1.9448452780690932,1.9447166029324,0.01255144718406,0.024075999487453,3.51026313290333
done,confirm_K6_i000109,GRU,128,3,256,20,1.960880611091852,16,28,101256,cpu,1.9782322272658348,1.952786847949028,1.9790853410959244,1.9751574993133545,project://predictive_profile_confirmatory64_v1/runs/confirm_K6_i000109/gru/d128/n256/seed3/DONE.json,1.952803873596944,1.9457541396331988,1.9448452780690932,1.9447166029324,0.0121192256367276,0.0304408963809543,0.3801935263475868
done,confirm_K6_i000109,GRU,128,4,256,10,1.955939035862684,16,18,101256,cpu,1.9917409792542455,1.9859808534383772,1.9846233054995537,1.957781806588173,project://predictive_profile_confirmatory64_v1/runs/confirm_K6_i000109/gru/d128/n256/seed4/DONE.json,1.952803873596944,1.9457541396331988,1.9448452780690932,1.9447166029324,0.0230254093383293,0.0130652036557727,4.199089417763203
done,confirm_K6_i000109,GRU,128,5,256,11,1.9754932820796969,16,19,101256,cpu,1.9439506977796557,1.9345566481351848,2.011011138558388,1.971623197197914,project://predictive_profile_confirmatory64_v1/runs/confirm_K6_i000109/gru/d128/n256/seed5/DONE.json,1.952803873596944,1.9457541396331988,1.9448452780690932,1.9447166029324,0.0326801640627721,0.026906594265514,-3.42173528822032
done,confirm_K6_i000109,GRU,256,1,256,23,1.978768479079008,16,31,399112,cpu,1.960371345281601,1.9776395037770271,1.9440776407718656,1.994725987315178,project://predictive_profile_confirmatory64_v1/runs/confirm_K6_i000109/gru/d256/n256/seed1/DONE.json,1.952803873596944,1.9457541396331988,1.9448452780690932,1.9447166029324,0.0343078052117462,0.0500093843827778,-4.2479896442930185
done,confirm_K6_i000109,GRU,256,2,256,19,1.946927484124899,16,27,399112,cpu,1.981860190629959,1.965200871229172,1.9701142981648443,1.961731806397438,project://predictive_profile_confirmatory64_v1/runs/confirm_K6_i000109/gru/d256/n256/seed2/DONE.json,1.952803873596944,1.9457541396331988,1.9448452780690932,1.9447166029324,0.0073997674622566,0.0170152034650379,2.488897066443909
done,confirm_K6_i000109,GRU,256,3,256,10,2.001759871840477,16,18,399112,cpu,2.011718772351742,1.9605502933263776,2.0001227408647537,1.9713801071047783,project://predictive_profile_confirmatory64_v1/runs/confirm_K6_i000109/gru/d256/n256/seed3/DONE.json,1.952803873596944,1.9457541396331988,1.9448452780690932,1.9447166029324,0.022359254728199,0.0266635041723781,4.987920760933104
done,confirm_K6_i000109,GRU,256,4,256,17,1.9663897976279257,16,25,399112,cpu,1.9570885449647903,1.9819422885775568,1.9939536154270168,1.9932150691747663,project://predictive_profile_confirmatory64_v1/runs/confirm_K6_i000109/gru/d256/n256/seed4/DONE.json,1.952803873596944,1.9457541396331988,1.9448452780690932,1.9447166029324,0.0229498121558836,0.0484984662423664,-4.467084843389977
done,confirm_K6_i000109,GRU,256,5,256,21,1.9823214299976823,16,29,399112,cpu,1.960350565612316,1.9675974026322365,1.980592705309391,1.9483540281653404,project://predictive_profile_confirmatory64_v1/runs/confirm_K6_i000109/gru/d256/n256/seed5/DONE.json,1.952803873596944,1.9457541396331988,1.9448452780690932,1.9447166029324,0.0185592774943838,0.0036374252329403,1.4833851795724908
done,confirm_K6_i000109,Transformer,8,1,256,47,1.968124717473984,16,48,1064,cpu,1.9448652863502505,1.9795184656977651,1.9675342962145803,1.951970994472504,project://predictive_profile_confirmatory64_v1/runs/confirm_K6_i000109/transformer/d8/n256/seed1/DONE.json,1.952803873596944,1.9457541396331988,1.9448452780690932,1.9447166029324,0.0171160080871314,0.0072543915401035,-0.8786287014488354
done,confirm_K6_i000109,Transformer,8,2,256,47,2.0096906572580338,16,48,1064,cpu,1.9611025303602216,1.991139605641365,2.004933148622513,1.9435126557946203,project://predictive_profile_confirmatory64_v1/runs/confirm_K6_i000109/transformer/d8/n256/seed2/DONE.json,1.952803873596944,1.9457541396331988,1.9448452780690932,1.9447166029324,0.0387864661127924,-0.0012039471377796,2.175007526670123
done,confirm_K6_i000109,Transformer,8,3,256,38,1.972027886658907,16,46,1064,cpu,1.9551886394619944,1.9989280328154564,1.9448696076869965,1.9919321686029436,project://predictive_profile_confirmatory64_v1/runs/confirm_K6_i000109/transformer/d8/n256/seed3/DONE.json,1.952803873596944,1.9457541396331988,1.9448452780690932,1.9447166029324,0.0326814742557349,0.0472155656705433,-4.543378188396733
done,confirm_K6_i000109,Transformer,8,4,256,47,1.9904481247067447,16,48,1064,cpu,1.95170583575964,1.9423267170786855,2.000482678413391,1.9684431701898573,project://predictive_profile_confirmatory64_v1/runs/confirm_K6_i000109/transformer/d8/n256/seed4/DONE.json,1.952803873596944,1.9457541396331988,1.9448452780690932,1.9447166029324,0.0243510854435466,0.0237265672574573,-2.069589992034945
done,confirm_K6_i000109,Transformer,8,5,256,36,1.9650499522686005,16,44,1064,cpu,1.9607009142637253,1.9772500097751615,1.996050775051117,1.9670305252075195,project://predictive_profile_confirmatory64_v1/runs/confirm_K6_i000109/transformer/d8/n256/seed5/DONE.json,1.952803873596944,1.9457541396331988,1.9448452780690932,1.9447166029324,0.0167844997764521,0.0223139222751194,-0.7826634233406441
done,confirm_K6_i000109,Transformer,32,1,256,29,1.9577870480716228,16,37,13448,cpu,1.934458315372467,1.952974334359169,1.976343192160129,1.9541987627744677,project://predictive_profile_confirmatory64_v1/runs/confirm_K6_i000109/transformer/d32/n256/seed1/DONE.json,1.952803873596944,1.9457541396331988,1.9448452780690932,1.9447166029324,0.0177777375819344,0.0094821598420673,-2.440928246478303
done,confirm_K6_i000109,Transformer,32,2,256,19,1.961512342095375,16,27,13448,cpu,1.9848842918872835,1.9729060381650925,1.950358368456364,1.9469013288617132,project://predictive_profile_confirmatory64_v1/runs/confirm_K6_i000109/transformer/d32/n256/seed2/DONE.json,1.952803873596944,1.9457541396331988,1.9448452780690932,1.9447166029324,0.0195460362956095,0.0021847259293132,4.696635564838278
done,confirm_K6_i000109,Transformer,32,3,256,14,1.9854502081871035,16,22,13448,cpu,1.97489595413208,1.9672040045261383,2.014114663004875,1.954664029181004,project://predictive_profile_confirmatory64_v1/runs/confirm_K6_i000109/transformer/d32/n256/seed3/DONE.json,1.952803873596944,1.9457541396331988,1.9448452780690932,1.9447166029324,0.0308175822583042,0.0099474262486034,2.501699991293376
done,confirm_K6_i000109,Transformer,32,4,256,23,1.9946382865309715,16,31,13448,cpu,1.9511657729744911,1.9551555439829824,1.9385895058512688,1.9734802022576328,project://predictive_profile_confirmatory64_v1/runs/confirm_K6_i000109/transformer/d32/n256/seed4/DONE.json,1.952803873596944,1.9457541396331988,1.9448452780690932,1.9447166029324,0.0251272478459498,0.028763599325233,-2.7592039649387345
done,confirm_K6_i000109,Transformer,32,5,256,23,1.9507399536669252,16,31,13448,cpu,1.9471735879778864,1.9712195992469788,1.920084737241268,2.0081172063946724,project://predictive_profile_confirmatory64_v1/runs/confirm_K6_i000109/transformer/d32/n256/seed5/DONE.json,1.952803873596944,1.9457541396331988,1.9448452780690932,1.9447166029324,0.0591116023905292,0.0634006034622722,-7.535746105787553
done,confirm_K6_i000109,Transformer,128,1,256,9,1.9901659861207008,16,17,201224,cpu,1.989009447395801,1.9801991656422613,2.023307181894779,1.9584708660840988,project://predictive_profile_confirmatory64_v1/runs/confirm_K6_i000109/transformer/d128/n256/seed1/DONE.json,1.952803873596944,1.9457541396331988,1.9448452780690932,1.9447166029324,0.0357744593914035,0.0137542631516986,3.7761294976301167
done,confirm_K6_i000109,Transformer,128,2,256,16,1.9732261002063751,16,24,201224,cpu,2.010176084935665,1.9668330028653145,2.000039763748646,1.976524867117405,project://predictive_profile_confirmatory64_v1/runs/confirm_K6_i000109/transformer/d128/n256/seed2/DONE.json,1.952803873596944,1.9457541396331988,1.9448452780690932,1.9447166029324,0.0181352611966156,0.0318082641850048,4.161010458793426
done,confirm_K6_i000109,Transformer,128,3,256,19,1.977171067148447,16,27,201224,cpu,1.9669849053025248,1.986807033419609,1.9441019892692568,2.0021678805351257,project://predictive_profile_confirmatory64_v1/runs/confirm_K6_i000109/transformer/d128/n256/seed3/DONE.json,1.952803873596944,1.9457541396331988,1.9448452780690932,1.9447166029324,0.0371746847013153,0.0574512776027256,-4.350413964361317
done,confirm_K6_i000109,Transformer,128,4,256,17,1.966388452798128,16,25,201224,cpu,1.9900634065270424,2.0104535967111588,2.0070725306868558,2.0254641324281693,project://predictive_profile_confirmatory64_v1/runs/confirm_K6_i000109/transformer/d128/n256/seed4/DONE.json,1.952803873596944,1.9457541396331988,1.9448452780690932,1.9447166029324,0.0249587015350412,0.0807475294957691,-4.377339076374738
done,confirm_K6_i000109,Transformer,128,5,256,27,1.9747786112129688,16,35,201224,cpu,1.9969013035297396,2.009246528148651,2.0059070214629173,1.9359548538923264,project://predictive_profile_confirmatory64_v1/runs/confirm_K6_i000109/transformer/d128/n256/seed5/DONE.json,1.952803873596944,1.9457541396331988,1.9448452780690932,1.9447166029324,0.0567672293036335,-0.0087617490400737,7.5360961893626275
done,confirm_K6_i000109,Transformer,256,1,256,23,1.980150766670704,16,31,795656,cpu,1.975840911269188,1.973652467131615,1.976997122168541,1.9262946769595144,project://predictive_profile_confirmatory64_v1/runs/confirm_K6_i000109/transformer/d256/n256/seed1/DONE.json,1.952803873596944,1.9457541396331988,1.9448452780690932,1.9447166029324,0.0400690584101466,-0.0184219259728855,6.126446902153722
done,confirm_K6_i000109,Transformer,256,2,256,34,1.9952975511550903,16,42,795656,cpu,1.9850512817502024,1.9608762562274933,1.947238609194756,1.9768803417682648,project://predictive_profile_confirmatory64_v1/runs/confirm_K6_i000109/transformer/d256/n256/seed2/DONE.json,1.952803873596944,1.9457541396331988,1.9448452780690932,1.9447166029324,0.0171515383013502,0.0321637388358646,1.0103458040251314
done,confirm_K6_i000109,Transformer,256,3,256,22,1.982847236096859,16,30,795656,cpu,2.010228283703327,1.9977988228201864,1.9712851271033287,1.9908252358436584,project://predictive_profile_confirmatory64_v1/runs/confirm_K6_i000109/transformer/d256/n256/seed3/DONE.json,1.952803873596944,1.9457541396331988,1.9448452780690932,1.9447166029324,0.0117275803728512,0.0461086329112583,2.39920841832776
done,confirm_K6_i000109,Transformer,256,4,256,11,1.9754224605858328,16,19,795656,cpu,1.9954611733555796,1.9945342987775805,1.9937625601887703,1.9606066644191744,project://predictive_profile_confirmatory64_v1/runs/confirm_K6_i000109/transformer/d256/n256/seed4/DONE.json,1.952803873596944,1.9457541396331988,1.9448452780690932,1.9447166029324,0.0268748994015046,0.015890061486774,4.309798742017388
done,confirm_K6_i000109,Transformer,256,5,256,11,1.9687666110694408,16,19,795656,cpu,1.9990472793579104,1.9995839446783064,1.9824396818876264,2.010805606842041,project://predictive_profile_confirmatory64_v1/runs/confirm_K6_i000109/transformer/d256/n256/seed5/DONE.json,1.952803873596944,1.9457541396331988,1.9448452780690932,1.9447166029324,0.0184124818875064,0.0660890039096409,-1.4539302530928806
done,confirm_K6_i000737,GRU,8,1,256,43,1.9432178884744644,16,48,576,cpu,1.948933146893978,1.9432263299822807,1.9525004550814629,1.9154930710792544,project://predictive_profile_confirmatory64_v1/runs/confirm_K6_i000737/gru/d8/n256/seed1/DONE.json,1.9385578680177296,1.9212138857311656,1.90992747322648,1.9023990266986908,0.0154591178333308,0.0130940443805633,0.9248104915661856
done,confirm_K6_i000737,GRU,8,2,256,48,1.9402820616960528,16,48,576,cpu,1.9713686853647232,1.9548182412981987,1.9167518317699432,1.965773954987526,project://predictive_profile_confirmatory64_v1/runs/confirm_K6_i000737/gru/d8/n256/seed2/DONE.json,1.9385578680177296,1.9212138857311656,1.90992747322648,1.9023990266986908,0.0354203995473494,0.0633749282888351,0.1547264838448089
done,confirm_K6_i000737,GRU,8,3,256,48,1.9281074181199076,16,48,576,cpu,1.9741450399160383,1.8677231445908544,1.931206278502941,1.915118619799614,project://predictive_profile_confirmatory64_v1/runs/confirm_K6_i000737/gru/d8/n256/seed3/DONE.json,1.9385578680177296,1.9212138857311656,1.90992747322648,1.9023990266986908,0.0352845385170915,0.0127195931009231,1.6324201208666842
done,confirm_K6_i000737,GRU,8,4,256,48,1.9355148300528529,16,48,576,cpu,1.9224916845560076,1.9592558816075325,1.9212036281824112,1.901899300515652,project://predictive_profile_confirmatory64_v1/runs/confirm_K6_i000737/gru/d8/n256/seed4/DONE.json,1.9385578680177296,1.9212138857311656,1.90992747322648,1.9023990266986908,0.0216012170265515,-0.000499726183039,0.5694978956505757
done,confirm_K6_i000737,GRU,8,5,256,48,1.9262140206992624,16,48,576,cpu,1.9765193238854408,1.9414894208312037,1.9061505869030952,1.9333953261375427,project://predictive_profile_confirmatory64_v1/runs/confirm_K6_i000737/gru/d8/n256/seed5/DONE.json,1.9385578680177296,1.9212138857311656,1.90992747322648,1.9023990266986908,0.0185244611267231,0.0309962994388519,1.1926266488299206
done,confirm_K6_i000737,GRU,32,1,256,19,1.9554107002913952,16,27,6888,cpu,1.9309301376342771,1.9389270544052124,1.9554384723305704,1.873125411570072,project://predictive_profile_confirmatory64_v1/runs/confirm_K6_i000737/gru/d32/n256/seed1/DONE.json,1.9385578680177296,1.9212138857311656,1.90992747322648,1.9023990266986908,0.0454671329216349,-0.0292736151286185,1.5986332513859929
done,confirm_K6_i000737,GRU,32,2,256,30,1.9450278580188751,16,38,6888,cpu,1.9117993041872976,1.926628850400448,1.9530255496501925,1.9166935607790947,project://predictive_profile_confirmatory64_v1/runs/confirm_K6_i000737/gru/d32/n256/seed2/DONE.json,1.9385578680177296,1.9212138857311656,1.90992747322648,1.9023990266986908,0.025464915337216,0.0142945340804039,-0.135354353548378
done,confirm_K6_i000737,GRU,32,3,256,17,1.9200377501547337,16,25,6888,cpu,1.9545203894376757,1.9120561853051183,1.907789669930935,1.955001711845398,project://predictive_profile_confirmatory64_v1/runs/confirm_K6_i000737/gru/d32/n256/seed3/DONE.json,1.9385578680177296,1.9212138857311656,1.90992747322648,1.9023990266986908,0.0451480007833002,0.0526026851467071,-0.0133113338305185
done,confirm_K6_i000737,GRU,32,4,256,26,1.9353440552949903,16,34,6888,cpu,1.9518938139081,1.9176462590694427,1.8705513179302216,1.9185347706079483,project://predictive_profile_confirmatory64_v1/runs/confirm_K6_i000737/gru/d32/n256/seed4/DONE.json,1.9385578680177296,1.9212138857311656,1.90992747322648,1.9023990266986908,0.0294857280485293,0.0161357439092575,0.9225694763229932
done,confirm_K6_i000737,GRU,32,5,256,34,1.9223850928246973,16,42,6888,cpu,1.9672135934233663,1.900858037173748,1.9142487794160843,1.871089957654476,project://predictive_profile_confirmatory64_v1/runs/confirm_K6_i000737/gru/d32/n256/seed5/DONE.json,1.9385578680177296,1.9212138857311656,1.90992747322648,1.9023990266986908,0.0353032337461742,-0.0313090690442146,2.658371570061295
done,confirm_K6_i000737,GRU,128,1,256,35,1.9413452595472336,16,43,101256,cpu,1.952837571501732,1.916231855750084,1.8900813162326813,1.9516872763633728,project://predictive_profile_confirmatory64_v1/runs/confirm_K6_i000737/gru/d128/n256/seed1/DONE.json,1.9385578680177296,1.9212138857311656,1.90992747322648,1.9023990266986908,0.0473033501523263,0.049288249664682,0.0318122787234723
done,confirm_K6_i000737,GRU,128,2,256,20,1.9056084752082825,16,28,101256,cpu,1.9434462115168567,1.9344641342759128,1.9351969435811045,1.9427757188677788,project://predictive_profile_confirmatory64_v1/runs/confirm_K6_i000737/gru/d128/n256/seed2/DONE.json,1.9385578680177296,1.9212138857311656,1.90992747322648,1.9023990266986908,0.0235769749224567,0.040376692169088,0.0185429793826201
done,confirm_K6_i000737,GRU,128,3,256,9,1.91726179048419,16,17,101256,cpu,1.963572233915329,1.9500547870993612,1.8866435438394549,1.9007396548986435,project://predictive_profile_confirmatory64_v1/runs/confirm_K6_i000737/gru/d128/n256/seed3/DONE.json,1.9385578680177296,1.9212138857311656,1.90992747322648,1.9023990266986908,0.0229639741602626,-0.0016593718000472,1.7376823129451917
done,confirm_K6_i000737,GRU,128,4,256,6,1.9605926983058453,16,14,101256,cpu,1.948470838367939,1.93575181812048,1.940417267382145,1.95956639200449,project://predictive_profile_confirmatory64_v1/runs/confirm_K6_i000737/gru/d128/n256/seed4/DONE.json,1.9385578680177296,1.9212138857311656,1.90992747322648,1.9023990266986908,0.0345034027157846,0.0571673653057991,-0.306855895592781
done,confirm_K6_i000737,GRU,128,5,256,17,1.947166133671999,16,25,101256,cpu,1.9694124683737757,1.93003997951746,1.8838621601462364,1.9623377546668053,project://predictive_profile_confirmatory64_v1/runs/confirm_K6_i000737/gru/d128/n256/seed5/DONE.json,1.9385578680177296,1.9212138857311656,1.90992747322648,1.9023990266986908,0.0520938646306053,0.0599387279681145,0.1956565379003212
done,confirm_K6_i000737,GRU,256,1,256,19,1.9231332913041117,16,27,399112,cpu,1.9713668897747996,1.933126457035541,1.94450344145298,1.9307083785533905,project://predictive_profile_confirmatory64_v1/runs/confirm_K6_i000737/gru/d256/n256/seed1/DONE.json,1.9385578680177296,1.9212138857311656,1.90992747322648,1.9023990266986908,0.0090605176783267,0.0283093518546997,1.1244417613570163
done,confirm_K6_i000737,GRU,256,2,256,23,1.9231331162154677,16,31,399112,cpu,1.945501022040844,1.9332828968763351,1.920352205634117,1.8952877447009089,project://predictive_profile_confirmatory64_v1/runs/confirm_K6_i000737/gru/d256/n256/seed2/DONE.json,1.9385578680177296,1.9212138857311656,1.90992747322648,1.9023990266986908,0.0147726319434122,-0.0071112819977821,1.388686017256211
done,confirm_K6_i000737,GRU,256,3,256,12,1.929691564291716,16,20,399112,cpu,1.9894030094146729,1.9178465381264689,1.9679319933056831,1.9242538884282112,project://predictive_profile_confirmatory64_v1/runs/confirm_K6_i000737/gru/d256/n256/seed3/DONE.json,1.9385578680177296,1.9212138857311656,1.90992747322648,1.9023990266986908,0.0263789402634622,0.0218548617295204,1.8017480264822128
done,confirm_K6_i000737,GRU,256,4,256,13,1.950147245079279,16,21,399112,cpu,1.9687354937195776,1.9523490518331528,1.949202261865139,1.9323995858430865,project://predictive_profile_confirmatory64_v1/runs/confirm_K6_i000737/gru/d256/n256/seed4/DONE.json,1.9385578680177296,1.9212138857311656,1.90992747322648,1.9023990266986908,0.0046725265709851,0.0300005591443954,1.004896909054426
done,confirm_K6_i000737,GRU,256,5,256,20,1.922840878367424,16,28,399112,cpu,1.9373709708452225,1.9287207126617432,1.8794517740607264,1.950976312160492,project://predictive_profile_confirmatory64_v1/runs/confirm_K6_i000737/gru/d256/n256/seed5/DONE.json,1.9385578680177296,1.9212138857311656,1.90992747322648,1.9023990266986908,0.0510211495748337,0.0485772854618011,-0.3762659648086074
done,confirm_K6_i000737,Transformer,8,1,256,42,1.920060507953167,16,48,1064,cpu,1.9347312301397324,1.955804467201233,1.9336839467287064,1.9405254572629929,project://predictive_profile_confirmatory64_v1/runs/confirm_K6_i000737/transformer/d8/n256/seed1/DONE.json,1.9385578680177296,1.9212138857311656,1.90992747322648,1.9023990266986908,0.0222433015001559,0.038126430564302,-0.1602437166649378
done,confirm_K6_i000737,Transformer,8,2,256,45,1.943321980535984,16,48,1064,cpu,1.969224154949188,1.9521802067756653,1.977118581533432,1.9350388646125796,project://predictive_profile_confirmatory64_v1/runs/confirm_K6_i000737/transformer/d8/n256/seed2/DONE.json,1.9385578680177296,1.9212138857311656,1.90992747322648,1.9023990266986908,0.0173240140265395,0.0326398379138885,0.9454199606393148
done,confirm_K6_i000737,Transformer,8,3,256,44,1.9571982435882087,16,48,1064,cpu,1.905915006995201,1.9369218349456787,1.9629262909293173,1.9757046177983284,project://predictive_profile_confirmatory64_v1/runs/confirm_K6_i000737/transformer/d8/n256/seed3/DONE.json,1.9385578680177296,1.9212138857311656,1.90992747322648,1.9023990266986908,0.0611451713212068,0.0733055910996376,-1.9300842686676691
done,confirm_K6_i000737,Transformer,8,4,256,48,1.947158869355917,16,48,1064,cpu,1.9285818561911583,1.9673443734645844,1.9793711081147196,1.9344856962561607,project://predictive_profile_confirmatory64_v1/runs/confirm_K6_i000737/transformer/d8/n256/seed4/DONE.json,1.9385578680177296,1.9212138857311656,1.90992747322648,1.9023990266986908,0.028991554170563,0.0320866695574699,-0.1632751451549936
done,confirm_K6_i000737,Transformer,8,5,256,39,1.9588532336056232,16,47,1064,cpu,1.943136148154736,1.9419752955436709,1.9641173407435415,1.9746291190385816,project://predictive_profile_confirmatory64_v1/runs/confirm_K6_i000737/transformer/d8/n256/seed5/DONE.json,1.9385578680177296,1.9212138857311656,1.90992747322648,1.9023990266986908,0.0434489432756928,0.072230092339891,-0.8709618376865472
done,confirm_K6_i000737,Transformer,32,1,256,17,1.9367983043193815,16,25,13448,cpu,1.9538724645972247,1.935678318142891,1.9209983497858047,1.921627178788185,project://predictive_profile_confirmatory64_v1/runs/confirm_K6_i000737/transformer/d32/n256/seed1/DONE.json,1.9385578680177296,1.9212138857311656,1.90992747322648,1.9023990266986908,0.0051124868208463,0.0192281520894943,0.8917676737628728
done,confirm_K6_i000737,Transformer,32,2,256,36,1.9380212612450125,16,44,13448,cpu,1.952369406819344,1.9633477926254272,1.8996269404888155,1.9035572037100792,project://predictive_profile_confirmatory64_v1/runs/confirm_K6_i000737/transformer/d32/n256/seed2/DONE.json,1.9385578680177296,1.9212138857311656,1.90992747322648,1.9023990266986908,0.022194706762771,0.0011581770113884,1.3499382537892104
done,confirm_K6_i000737,Transformer,32,3,256,17,1.936008557677269,16,25,13448,cpu,1.9850484654307363,1.919384568929672,1.918530568480492,1.9269122630357745,project://predictive_profile_confirmatory64_v1/runs/confirm_K6_i000737/transformer/d32/n256/seed3/DONE.json,1.9385578680177296,1.9212138857311656,1.90992747322648,1.9023990266986908,0.0189081139659903,0.0245132363370834,1.6078004790588167
done,confirm_K6_i000737,Transformer,32,4,256,24,1.9310458600521088,16,32,13448,cpu,1.9575292393565176,1.982472762465477,1.9160519391298292,1.9169567450881004,project://predictive_profile_confirmatory64_v1/runs/confirm_K6_i000737/transformer/d32/n256/seed4/DONE.json,1.9385578680177296,1.9212138857311656,1.90992747322648,1.9023990266986908,0.0238306434586164,0.0145577183894096,1.122062897713889
done,confirm_K6_i000737,Transformer,32,5,256,17,1.9458768516778944,16,25,13448,cpu,1.9712600260972977,1.9485386908054352,1.9234914407134056,1.920205369591713,project://predictive_profile_confirmatory64_v1/runs/confirm_K6_i000737/transformer/d32/n256/seed5/DONE.json,1.9385578680177296,1.9212138857311656,1.90992747322648,1.9023990266986908,0.0090896119479027,0.0178063428930221,1.411954992006417
done,confirm_K6_i000737,Transformer,128,1,256,12,1.9305336251854897,16,20,201224,cpu,1.924985483288765,1.994001917541027,2.0023989751935005,1.968982070684433,project://predictive_profile_confirmatory64_v1/runs/confirm_K6_i000737/transformer/d128/n256/seed1/DONE.json,1.9385578680177296,1.9212138857311656,1.90992747322648,1.9023990266986908,0.042230341234071,0.0665830439857422,-1.2167587729782263
done,confirm_K6_i000737,Transformer,128,2,256,36,1.9547149129211905,16,44,201224,cpu,1.9122879356145857,1.9531243219971657,1.9325274601578712,1.9077023789286611,project://predictive_profile_confirmatory64_v1/runs/confirm_K6_i000737/transformer/d128/n256/seed2/DONE.json,1.9385578680177296,1.9212138857311656,1.90992747322648,1.9023990266986908,0.0223829332048905,0.0053033522299705,0.1268170250662895
done,confirm_K6_i000737,Transformer,128,3,256,40,1.908033348619938,16,48,201224,cpu,2.0401322841644287,1.938876748085022,1.932877466082573,1.9967720359563828,project://predictive_profile_confirmatory64_v1/runs/confirm_K6_i000737/transformer/d128/n256/seed3/DONE.json,1.9385578680177296,1.9212138857311656,1.90992747322648,1.9023990266986908,0.0525298823792043,0.0943730092576919,1.1991603333045795
done,confirm_K6_i000737,Transformer,128,4,256,19,1.9489664509892464,16,27,201224,cpu,1.9386902153491972,1.9289135187864304,1.9333443269133568,1.9480551332235336,project://predictive_profile_confirmatory64_v1/runs/confirm_K6_i000737/transformer/d128/n256/seed4/DONE.json,1.9385578680177296,1.9212138857311656,1.90992747322648,1.9023990266986908,0.0316531629388524,0.0456561065248428,-0.2589938596678791
done,confirm_K6_i000737,Transformer,128,5,256,7,1.9626942612230776,16,15,201224,cpu,1.9490307867527008,1.937121883034706,1.9780457094311716,1.9404812157154083,project://predictive_profile_confirmatory64_v1/runs/confirm_K6_i000737/transformer/d128/n256/seed5/DONE.json,1.9385578680177296,1.9212138857311656,1.90992747322648,1.9023990266986908,0.0232170773047633,0.0380821890167175,0.2364448285789195
done,confirm_K6_i000737,Transformer,256,1,256,13,1.9563713856041431,16,21,795656,cpu,1.989278808236122,1.9140391945838928,1.9360705316066744,1.9138377532362936,project://predictive_profile_confirmatory64_v1/runs/confirm_K6_i000737/transformer/d256/n256/seed1/DONE.json,1.9385578680177296,1.9212138857311656,1.90992747322648,1.9023990266986908,0.0229443293893714,0.011438726537603,2.086379215921009
done,confirm_K6_i000737,Transformer,256,2,256,17,1.9400548674166205,16,25,795656,cpu,2.00852882862091,1.954855315387249,2.014716275036335,1.941957250237465,project://predictive_profile_confirmatory64_v1/runs/confirm_K6_i000737/transformer/d256/n256/seed2/DONE.json,1.9385578680177296,1.9212138857311656,1.90992747322648,1.9023990266986908,0.0361073793260414,0.0395582235387741,1.8410871575244216
done,confirm_K6_i000737,Transformer,256,3,256,14,1.9371971189975736,16,22,795656,cpu,2.008544035255909,1.9434478655457497,1.9597143232822416,1.9740380868315697,project://predictive_profile_confirmatory64_v1/runs/confirm_K6_i000737/transformer/d256/n256/seed3/DONE.json,1.9385578680177296,1.9212138857311656,1.90992747322648,1.9023990266986908,0.027023661398083,0.0716390601328789,0.9542880016503958
done,confirm_K6_i000737,Transformer,256,4,256,11,1.9272450804710388,16,19,795656,cpu,1.9628598392009733,1.9808825552463527,1.9630919694900515,1.960960067808628,project://predictive_profile_confirmatory64_v1/runs/confirm_K6_i000737/transformer/d256/n256/seed4/DONE.json,1.9385578680177296,1.9212138857311656,1.90992747322648,1.9023990266986908,0.0173495922805481,0.0585610411099373,0.0525396092088033
done,confirm_K6_i000737,Transformer,256,5,256,11,1.9384665489196775,16,19,795656,cpu,1.940907582640648,2.008554995059967,1.9326375797390936,1.895040087401867,project://predictive_profile_confirmatory64_v1/runs/confirm_K6_i000737/transformer/d256/n256/seed5/DONE.json,1.9385578680177296,1.9212138857311656,1.90992747322648,1.9023990266986908,0.0499161914776136,-0.0073589392968238,1.2685001389862087
done,confirm_K6_i000482,GRU,8,1,256,38,2.041876297444105,16,46,576,cpu,2.053621537983417,2.051848605275154,2.0511493906378746,2.059591419994831,project://predictive_profile_confirmatory64_v1/runs/confirm_K6_i000482/gru/d8/n256/seed1/DONE.json,2.0378222977866747,2.0377449595659285,2.0377405929566432,2.0377403629790787,0.0064791706921999,0.0218510570157524,-72.86136608570403
done,confirm_K6_i000482,GRU,8,2,256,26,2.0570930130779743,16,34,576,cpu,2.048200972378254,2.033785544335842,2.044396311044693,2.030424438416958,project://predictive_profile_confirmatory64_v1/runs/confirm_K6_i000482/gru/d8/n256/seed2/DONE.json,2.0378222977866747,2.0377449595659285,2.0377405929566432,2.0377403629790787,0.0113970587483155,-0.0073159245621208,216.9594886821316
done,confirm_K6_i000482,GRU,8,3,256,29,2.033604502677917,16,37,576,cpu,2.050277940928936,2.043437823653221,2.056676723062992,2.034001961350441,project://predictive_profile_confirmatory64_v1/runs/confirm_K6_i000482/gru/d8/n256/seed3/DONE.json,2.0378222977866747,2.0377449595659285,2.0377405929566432,2.0377403629790787,0.0147082480979829,-0.0037384016286376,198.645484819451
done,confirm_K6_i000482,GRU,8,4,256,44,2.0455175079405308,16,48,576,cpu,2.038024589419365,2.042291045188904,2.0578652918338776,2.045918077230453,project://predictive_profile_confirmatory64_v1/runs/confirm_K6_i000482/gru/d8/n256/seed4/DONE.json,2.0378222977866747,2.0377449595659285,2.0377405929566432,2.0377403629790787,0.0074082139225956,0.0081777142513748,-96.33863851868398
done,confirm_K6_i000482,GRU,8,5,256,45,2.036439087241888,16,48,576,cpu,2.0541936084628105,2.0362763106822968,2.0568504333496094,2.0489910021424294,project://predictive_profile_confirmatory64_v1/runs/confirm_K6_i000482/gru/d8/n256/seed5/DONE.json,2.0378222977866747,2.0377449595659285,2.0377405929566432,2.0377403629790787,0.0079020346925894,0.0112506391633506,63.49690043862895
done,confirm_K6_i000482,GRU,32,1,256,8,2.043309334665537,16,16,6888,cpu,2.053424671292305,2.063573941588402,2.055078566074372,2.0464838296175003,project://predictive_profile_confirmatory64_v1/runs/confirm_K6_i000482/gru/d32/n256/seed1/DONE.json,2.0378222977866747,2.0377449595659285,2.0377405929566432,2.0377403629790787,0.010159047457495,0.0087434666384216,84.71175900026023
done,confirm_K6_i000482,GRU,32,2,256,3,2.062309004366398,16,12,6888,cpu,2.061663776636124,2.057306595146656,2.064686968922615,2.053166657686233,project://predictive_profile_confirmatory64_v1/runs/confirm_K6_i000482/gru/d32/n256/seed2/DONE.json,2.0378222977866747,2.0377449595659285,2.0377405929566432,2.0377403629790787,0.0074267866621289,0.0154262947071548,103.7058510198466
done,confirm_K6_i000482,GRU,32,3,256,10,2.04903506860137,16,18,6888,cpu,2.037525661289692,2.063027113676071,2.0777133405208588,2.060374580323696,project://predictive_profile_confirmatory64_v1/runs/confirm_K6_i000482/gru/d32/n256/seed3/DONE.json,2.0378222977866747,2.0377449595659285,2.0377405929566432,2.0377403629790787,0.0144348558807749,0.0226342173446174,-278.8670615627448
done,confirm_K6_i000482,GRU,32,4,256,20,2.04043472930789,16,28,6888,cpu,2.057314574718476,2.0308184549212456,2.0451180413365364,2.038932077586651,project://predictive_profile_confirmatory64_v1/runs/confirm_K6_i000482/gru/d32/n256/seed4/DONE.json,2.0378222977866747,2.0377449595659285,2.0377405929566432,2.0377403629790787,0.0104771103782566,0.0011917146075721,224.3551632227529
done,confirm_K6_i000482,GRU,32,5,256,8,2.0500588417053223,16,16,6888,cpu,2.04323860257864,2.0398186668753624,2.044728048145771,2.0441018864512444,project://predictive_profile_confirmatory64_v1/runs/confirm_K6_i000482/gru/d32/n256/seed5/DONE.json,2.0378222977866747,2.0377449595659285,2.0377405929566432,2.0377403629790787,0.0022175772992774,0.0063615234721656,-10.536228715652213
done,confirm_K6_i000482,GRU,128,1,256,9,2.060121968388557,16,17,101256,cpu,2.039470814168453,2.062188535928726,2.0314448326826096,2.0688746720552444,project://predictive_profile_confirmatory64_v1/runs/confirm_K6_i000482/gru/d128/n256/seed1/DONE.json,2.0378222977866747,2.0377449595659285,2.0377405929566432,2.0377403629790787,0.0240582000917506,0.0311343090761657,-358.8689440973095
done,confirm_K6_i000482,GRU,128,2,256,17,2.0599745959043503,16,25,101256,cpu,2.047602318227291,2.0225947126746178,2.0839129388332367,2.0603493750095367,project://predictive_profile_confirmatory64_v1/runs/confirm_K6_i000482/gru/d128/n256/seed2/DONE.json,2.0378222977866747,2.0377449595659285,2.0377405929566432,2.0377403629790787,0.0231601779002117,0.022609012030458,-155.57559914095154
done,confirm_K6_i000482,GRU,128,3,256,3,2.055659092962742,16,12,101256,cpu,2.054527550935745,2.0768127739429474,2.049041785299778,2.0676813051104546,project://predictive_profile_confirmatory64_v1/runs/confirm_K6_i000482/gru/d128/n256/seed3/DONE.json,2.0378222977866747,2.0377449595659285,2.0377405929566432,2.0377403629790787,0.0123077570254783,0.0299409421313758,-160.53926970290647
done,confirm_K6_i000482,GRU,128,4,256,26,2.042796768248081,16,34,101256,cpu,2.0754693895578384,2.062919944524765,2.0374984964728355,2.0565250441432,project://predictive_profile_confirmatory64_v1/runs/confirm_K6_i000482/gru/d128/n256/seed4/DONE.json,2.0378222977866747,2.0377449595659285,2.0377405929566432,2.0377403629790787,0.0137717535572013,0.0187846811641212,231.21242327252796
done,confirm_K6_i000482,GRU,128,5,256,7,2.0351281613111496,16,15,101256,cpu,2.050035186111927,2.0789634734392166,2.05932205170393,2.048581905663013,project://predictive_profile_confirmatory64_v1/runs/confirm_K6_i000482/gru/d128/n256/seed5/DONE.json,2.0378222977866747,2.0377449595659285,2.0377405929566432,2.0377403629790787,0.0161244128928358,0.0108415426839347,17.737033765666606
done,confirm_K6_i000482,GRU,256,1,256,5,2.081894747912884,16,13,399112,cpu,2.103342056274414,2.043370984494686,2.109830044209957,2.073630161583424,project://predictive_profile_confirmatory64_v1/runs/confirm_K6_i000482/gru/d256/n256/seed1/DONE.json,2.0378222977866747,2.0377449595659285,2.0377405929566432,2.0377403629790787,0.0278578775738781,0.0358897986043449,362.6284794307918
done,confirm_K6_i000482,GRU,256,2,256,8,2.060323152691126,16,16,399112,cpu,2.084106862545013,2.087352961301804,2.080908790230751,2.088216736912728,project://predictive_profile_confirmatory64_v1/runs/confirm_K6_i000482/gru/d256/n256/seed2/DONE.json,2.0378222977866747,2.0377449595659285,2.0377405929566432,2.0377403629790787,0.0042348193740446,0.0504763739336486,-50.16029802594886
done,confirm_K6_i000482,GRU,256,3,256,32,2.035874430090189,16,40,399112,cpu,2.060986123979092,2.0687652602791786,2.0594810023903847,2.064914159476757,project://predictive_profile_confirmatory64_v1/runs/confirm_K6_i000482/gru/d256/n256/seed3/DONE.json,2.0378222977866747,2.0377449595659285,2.0377405929566432,2.0377403629790787,0.0038857802149647,0.0271737964976783,-47.94098641243859
done,confirm_K6_i000482,GRU,256,4,256,34,2.0563038550317287,16,42,399112,cpu,2.0462062060832977,2.045233704149723,2.0684393793344498,2.059678554534912,project://predictive_profile_confirmatory64_v1/runs/confirm_K6_i000482/gru/d256/n256/seed4/DONE.json,2.0378222977866747,2.0377449595659285,2.0377405929566432,2.0377403629790787,0.0108311256813806,0.0219381915558334,-164.42765714473686
done,confirm_K6_i000482,GRU,256,5,256,32,2.0388823337852955,16,40,399112,cpu,2.054467737674713,2.035954631865025,2.057909905910492,2.051021292805672,project://predictive_profile_confirmatory64_v1/runs/confirm_K6_i000482/gru/d256/n256/seed5/DONE.json,2.0378222977866747,2.0377449595659285,2.0377405929566432,2.0377403629790787,0.0084544744591482,0.013280929826593,42.06325699860278
done,confirm_K6_i000482,Transformer,8,1,256,42,2.04384783282876,16,48,1064,cpu,2.052694946527481,2.03063639998436,2.0555688440799718,2.048860423266888,project://predictive_profile_confirmatory64_v1/runs/confirm_K6_i000482/transformer/d8/n256/seed1/DONE.json,2.0378222977866747,2.0377449595659285,2.0377405929566432,2.0377403629790787,0.0098914650927653,0.0111200602878089,46.79968591005527
done,confirm_K6_i000482,Transformer,8,2,256,28,2.060328744351864,16,36,1064,cpu,2.0453435257077217,2.051174283027649,2.036636546254158,2.030856847763061,project://predictive_profile_confirmatory64_v1/runs/confirm_K6_i000482/transformer/d8/n256/seed2/DONE.json,2.0378222977866747,2.0377449595659285,2.0377405929566432,2.0377403629790787,0.0127819237234805,-0.0068835152160171,176.80737124679789
done,confirm_K6_i000482,Transformer,8,3,256,46,2.0434067398309708,16,48,1064,cpu,2.0198882296681404,2.045283757150173,2.046650372445584,2.0534894168376923,project://predictive_profile_confirmatory64_v1/runs/confirm_K6_i000482/transformer/d8/n256/seed3/DONE.json,2.0378222977866747,2.0377449595659285,2.0377405929566432,2.0377403629790787,0.017668734307541,0.0157490538586135,-410.09661406947583
done,confirm_K6_i000482,Transformer,8,4,256,39,2.04650666937232,16,47,1064,cpu,2.0644285306334496,2.0262193083763123,2.0428623110055923,2.0406786054372787,project://predictive_profile_confirmatory64_v1/runs/confirm_K6_i000482/transformer/d8/n256/seed4/DONE.json,2.0378222977866747,2.0377449595659285,2.0377405929566432,2.0377403629790787,0.0139117356406776,0.0029382424582,289.8636842265737
done,confirm_K6_i000482,Transformer,8,5,256,48,2.0430179834365845,16,48,1064,cpu,2.0635330379009247,2.048261970281601,2.0526442378759384,2.039493188261986,project://predictive_profile_confirmatory64_v1/runs/confirm_K6_i000482/transformer/d8/n256/seed5/DONE.json,2.0378222977866747,2.0377449595659285,2.0377405929566432,2.0377403629790787,0.0143504066708454,0.0017528252829071,293.4021613558258
done,confirm_K6_i000482,Transformer,32,1,256,21,2.05340538546443,16,29,13448,cpu,2.032042130827904,2.061010204255581,2.047719120979309,2.0694323033094406,project://predictive_profile_confirmatory64_v1/runs/confirm_K6_i000482/transformer/d32/n256/seed1/DONE.json,2.0378222977866747,2.0377449595659285,2.0377405929566432,2.0377403629790787,0.0220603733997945,0.0316919403303619,-456.3405172793027
done,confirm_K6_i000482,Transformer,32,2,256,13,2.057299502193928,16,21,13448,cpu,2.0403275042772293,2.0615161061286926,2.082465872168541,2.04106667637825,project://predictive_profile_confirmatory64_v1/runs/confirm_K6_i000482/transformer/d32/n256/seed2/DONE.json,2.0378222977866747,2.0377449595659285,2.0377405929566432,2.0377403629790787,0.0230897151888335,0.0033263133991714,-9.021466245036214
done,confirm_K6_i000482,Transformer,32,3,256,18,2.07615926489234,16,26,13448,cpu,2.0418696478009224,2.059385553002357,2.055555008351803,2.043863877654076,project://predictive_profile_confirmatory64_v1/runs/confirm_K6_i000482/transformer/d32/n256/seed3/DONE.json,2.0378222977866747,2.0377449595659285,2.0377405929566432,2.0377403629790787,0.0097694338709534,0.0061235146749969,-24.339226656714427
done,confirm_K6_i000482,Transformer,32,4,256,17,2.0422767512500286,16,25,13448,cpu,2.0340981781482697,2.073048740625381,2.058999188244343,2.0113965049386024,project://predictive_profile_confirmatory64_v1/runs/confirm_K6_i000482/transformer/d32/n256/seed4/DONE.json,2.0378222977866747,2.0377449595659285,2.0377405929566432,2.0377403629790787,0.0405526741868967,-0.0263438580404762,277.06995202337725
done,confirm_K6_i000482,Transformer,32,5,256,9,2.0330350548028946,16,17,13448,cpu,2.0602429881691933,2.065263956785202,2.0620020255446434,2.0835996344685555,project://predictive_profile_confirmatory64_v1/runs/confirm_K6_i000482/transformer/d32/n256/seed5/DONE.json,2.0378222977866747,2.0377449595659285,2.0377405929566432,2.0377403629790787,0.0183861319329805,0.0458592714894767,-285.0637840577981
done,confirm_K6_i000482,Transformer,128,1,256,13,2.055447842925787,16,21,201224,cpu,2.0505047664046288,2.0784834921360016,2.077317215502262,2.065463863313198,project://predictive_profile_confirmatory64_v1/runs/confirm_K6_i000482/transformer/d128/n256/seed1/DONE.json,2.0378222977866747,2.0377449595659285,2.0377405929566432,2.0377403629790787,0.011577134850108,0.0277235003341194,-182.57316209650065
done,confirm_K6_i000482,Transformer,128,2,256,15,2.045250918716192,16,23,201224,cpu,2.063872382044792,2.0487273782491684,2.051196612417698,2.054882250726223,project://predictive_profile_confirmatory64_v1/runs/confirm_K6_i000482/transformer/d128/n256/seed2/DONE.json,2.0378222977866747,2.0377449595659285,2.0377405929566432,2.0377403629790787,0.0057201540462148,0.0171418877471443,109.72298077390658
done,confirm_K6_i000482,Transformer,128,3,256,24,2.067585736513138,16,32,201224,cpu,2.0825186148285866,2.038375124335289,2.0648405849933624,2.034250028431416,project://predictive_profile_confirmatory64_v1/runs/confirm_K6_i000482/transformer/d128/n256/seed3/DONE.json,2.0378222977866747,2.0377449595659285,2.0377405929566432,2.0377403629790787,0.0286124972109035,-0.0034903345476631,589.1096569747718
done,confirm_K6_i000482,Transformer,128,4,256,17,2.061963126063347,16,25,201224,cpu,2.0553741827607155,2.0690009593963623,2.0447205379605293,2.054091155529022,project://predictive_profile_confirmatory64_v1/runs/confirm_K6_i000482/transformer/d128/n256/seed4/DONE.json,2.0378222977866747,2.0377449595659285,2.0377405929566432,2.0377403629790787,0.0088235566924151,0.0163507925499435,15.659123019115626
done,confirm_K6_i000482,Transformer,128,5,256,8,2.062921077013016,16,16,201224,cpu,2.07321996241808,2.095965296030045,2.046761892735958,2.081340193748474,project://predictive_profile_confirmatory64_v1/runs/confirm_K6_i000482/transformer/d128/n256/seed5/DONE.json,2.0378222977866747,2.0377449595659285,2.0377405929566432,2.0377403629790787,0.0192139891846833,0.0435998307693954,-99.10600352458243
done,confirm_K6_i000482,Transformer,256,1,256,22,2.051143627613783,16,30,795656,cpu,2.059054523706436,2.0350843220949173,2.0628562793135643,2.0415444746613503,project://predictive_profile_confirmatory64_v1/runs/confirm_K6_i000482/transformer/d256/n256/seed1/DONE.json,2.0378222977866747,2.0377449595659285,2.0377405929566432,2.0377403629790787,0.0141396195369874,0.0038041116822715,213.70708687600103
done,confirm_K6_i000482,Transformer,256,2,256,21,2.0533341243863106,16,29,795656,cpu,2.073203884065151,2.060690939426422,2.062584161758423,2.02412948012352,project://predictive_profile_confirmatory64_v1/runs/confirm_K6_i000482/transformer/d256/n256/seed2/DONE.json,2.0378222977866747,2.0377449595659285,2.0377405929566432,2.0377403629790787,0.0361089015886536,-0.0136108828555587,598.9445192036993
done,confirm_K6_i000482,Transformer,256,3,256,19,2.064265977591276,16,27,795656,cpu,2.0466486141085625,2.0733387991786003,2.057191841304302,2.054535709321499,project://predictive_profile_confirmatory64_v1/runs/confirm_K6_i000482/transformer/d256/n256/seed3/DONE.json,2.0378222977866747,2.0377449595659285,2.0377405929566432,2.0377403629790787,0.0102949332703188,0.0167953463424201,-96.26061797601449
done,confirm_K6_i000482,Transformer,256,4,256,11,2.053245138376951,16,19,795656,cpu,2.0557747036218643,2.04665581882,2.080172225832939,2.066840961575508,project://predictive_profile_confirmatory64_v1/runs/confirm_K6_i000482/transformer/d256/n256/seed4/DONE.json,2.0378222977866747,2.0377449595659285,2.0377405929566432,2.0377403629790787,0.0133193867306747,0.0291005985964294,-135.06174333391138
done,confirm_K6_i000482,Transformer,256,5,256,13,2.052917718887329,16,21,795656,cpu,2.073931947350502,2.053560361266136,2.0648129880428314,2.0955412536859512,project://predictive_profile_confirmatory64_v1/runs/confirm_K6_i000482/transformer/d256/n256/seed5/DONE.json,2.0378222977866747,2.0377449595659285,2.0377405929566432,2.0377403629790787,0.0281847994163739,0.0578008907068725,-263.7378053293345
done,confirm_K6_i000420,GRU,8,1,256,47,1.647600032389164,16,48,576,cpu,1.6345702037215233,1.5914965271949768,1.6212313547730446,1.6816718503832817,project://predictive_profile_confirmatory64_v1/runs/confirm_K6_i000420/gru/d8/n256/seed1/DONE.json,1.5899701047444412,1.5725368943683211,1.570153928773791,1.5697610210090474,0.06494490421197,0.1119108293742343,-2.3307165865845434
done,confirm_K6_i000420,GRU,8,2,256,48,1.672569788992405,16,48,576,cpu,1.6978154629468918,1.645678423345089,1.673742413520813,1.648249335587025,project://predictive_profile_confirmatory64_v1/runs/confirm_K6_i000420/gru/d8/n256/seed2/DONE.json,1.5899701047444412,1.5725368943683211,1.570153928773791,1.5697610210090474,0.0194964270390086,0.0784883145779773,2.452665742240345
done,confirm_K6_i000420,GRU,8,3,256,48,1.661299530416727,16,48,576,cpu,1.6560894548892977,1.6745481938123703,1.6174397841095924,1.6514604687690737,project://predictive_profile_confirmatory64_v1/runs/confirm_K6_i000420/gru/d8/n256/seed3/DONE.json,1.5899701047444412,1.5725368943683211,1.570153928773791,1.5697610210090474,0.0214453147801133,0.0816994477600261,0.2290547251341665
done,confirm_K6_i000420,GRU,8,4,256,48,1.6685877479612827,16,48,576,cpu,1.6558232307434082,1.5559583082795143,1.6521819308400154,1.621438704431057,project://predictive_profile_confirmatory64_v1/runs/confirm_K6_i000420/gru/d8/n256/seed4/DONE.json,1.5899701047444412,1.5725368943683211,1.570153928773791,1.5697610210090474,0.038016454797861,0.0516776834220096,1.7014391529355042
done,confirm_K6_i000420,GRU,8,5,256,48,1.6901988498866558,16,48,576,cpu,1.6163014099001884,1.607502706348896,1.6541618034243584,1.6816491559147837,project://predictive_profile_confirmatory64_v1/runs/confirm_K6_i000420/gru/d8/n256/seed5/DONE.json,1.5899701047444412,1.5725368943683211,1.570153928773791,1.5697610210090474,0.059191054630255,0.1118881349057361,-3.2335828219735667
done,confirm_K6_i000420,GRU,32,1,256,15,1.6106603108346462,16,23,6888,cpu,1.6734214276075363,1.6065165773034096,1.5545806214213371,1.7097478657960892,project://predictive_profile_confirmatory64_v1/runs/confirm_K6_i000420/gru/d32/n256/seed1/DONE.json,1.5899701047444412,1.5725368943683211,1.570153928773791,1.5697610210090474,0.0982760710152556,0.1399868447870418,-1.797530193065176
done,confirm_K6_i000420,GRU,32,2,256,31,1.599105667322874,16,39,6888,cpu,1.607482627034187,1.5885473266243937,1.6657041534781456,1.550452999770641,project://predictive_profile_confirmatory64_v1/runs/confirm_K6_i000420/gru/d32/n256/seed2/DONE.json,1.5899701047444412,1.5725368943683211,1.570153928773791,1.5697610210090474,0.0628401986072568,-0.019308021238406,2.821979858674404
done,confirm_K6_i000420,GRU,32,3,256,30,1.637951124459505,16,38,6888,cpu,1.635413721203804,1.6350546702742577,1.557525172829628,1.6830909624695778,project://predictive_profile_confirmatory64_v1/runs/confirm_K6_i000420/gru/d32/n256/seed3/DONE.json,1.5899701047444412,1.5725368943683211,1.570153928773791,1.5697610210090474,0.0759210490285775,0.1133299414605304,-2.359198560906183
done,confirm_K6_i000420,GRU,32,4,256,35,1.5961970537900925,16,43,6888,cpu,1.6008949130773544,1.620423212647438,1.635036014020443,1.5865249559283257,project://predictive_profile_confirmatory64_v1/runs/confirm_K6_i000420/gru/d32/n256/seed4/DONE.json,1.5899701047444412,1.5725368943683211,1.570153928773791,1.5697610210090474,0.0288012783406227,0.0167639349192783,0.7110642588838137
done,confirm_K6_i000420,GRU,32,5,256,40,1.5918310917913914,16,48,6888,cpu,1.6040757149457932,1.5735037326812744,1.5147768557071686,1.5719824135303495,project://predictive_profile_confirmatory64_v1/runs/confirm_K6_i000420/gru/d32/n256/seed5/DONE.json,1.5899701047444412,1.5725368943683211,1.570153928773791,1.5697610210090474,0.0294125473829274,0.0022213925213023,1.5880631618758505
done,confirm_K6_i000420,GRU,128,1,256,8,1.6371470876038074,16,16,101256,cpu,1.6318955793976784,1.637854129076004,1.620799571275711,1.662116713821888,project://predictive_profile_confirmatory64_v1/runs/confirm_K6_i000420/gru/d128/n256/seed1/DONE.json,1.5899701047444412,1.5725368943683211,1.570153928773791,1.5697610210090474,0.035404849305106,0.0923556928128406,-1.4954232868697936
done,confirm_K6_i000420,GRU,128,2,256,8,1.6142150647938251,16,16,101256,cpu,1.640678532421589,1.68024193495512,1.6196473985910416,1.5338304564356804,project://predictive_profile_confirmatory64_v1/runs/confirm_K6_i000420/gru/d128/n256/seed2/DONE.json,1.5899701047444412,1.5725368943683211,1.570153928773791,1.5697610210090474,0.0941206243331944,-0.0359305645733669,5.287131142852185
done,confirm_K6_i000420,GRU,128,3,256,12,1.6540411561727524,16,20,101256,cpu,1.6026677638292313,1.6372943744063375,1.5348036363720894,1.587814025580883,project://predictive_profile_confirmatory64_v1/runs/confirm_K6_i000420/gru/d128/n256/seed3/DONE.json,1.5899701047444412,1.5725368943683211,1.570153928773791,1.5697610210090474,0.0355735150129294,0.0180530045718356,0.7350030532227263
done,confirm_K6_i000420,GRU,128,4,256,17,1.5925613939762115,16,25,101256,cpu,1.6049225628376007,1.576962098479271,1.601942665874958,1.612208791077137,project://predictive_profile_confirmatory64_v1/runs/confirm_K6_i000420/gru/d128/n256/seed4/DONE.json,1.5899701047444412,1.5725368943683211,1.570153928773791,1.5697610210090474,0.0240589000494294,0.0424477700680896,-0.3605422361022384
done,confirm_K6_i000420,GRU,128,5,256,17,1.6268461793661118,16,25,101256,cpu,1.6129042729735374,1.6063580513000488,1.656822882592678,1.5719216242432594,project://predictive_profile_confirmatory64_v1/runs/confirm_K6_i000420/gru/d128/n256/seed5/DONE.json,1.5899701047444412,1.5725368943683211,1.570153928773791,1.5697610210090474,0.0463022488157225,0.002160603234212,2.0279320560437704
done,confirm_K6_i000420,GRU,256,1,256,18,1.6062856279313564,16,26,399112,cpu,1.6833457499742508,1.5409394279122353,1.6181811541318891,1.6067939028143885,project://predictive_profile_confirmatory64_v1/runs/confirm_K6_i000420/gru/d256/n256/seed1/DONE.json,1.5899701047444412,1.5725368943683211,1.570153928773791,1.5697610210090474,0.0447367502254758,0.0370328818053409,3.787991982327769
done,confirm_K6_i000420,GRU,256,2,256,33,1.6280546262860298,16,41,399112,cpu,1.6004458665847778,1.6028238087892532,1.6508660316467283,1.614801600575447,project://predictive_profile_confirmatory64_v1/runs/confirm_K6_i000420/gru/d256/n256/seed2/DONE.json,1.5899701047444412,1.5725368943683211,1.570153928773791,1.5697610210090474,0.0259077924313779,0.0450405795663997,-0.7103604586251895
done,confirm_K6_i000420,GRU,256,3,256,38,1.6510982103645802,16,46,399112,cpu,1.587745480239391,1.6401726827025414,1.6391862332820892,1.639250211417675,project://predictive_profile_confirmatory64_v1/runs/confirm_K6_i000420/gru/d256/n256/seed3/DONE.json,1.5899701047444412,1.5725368943683211,1.570153928773791,1.5697610210090474,0.0358696079343242,0.0694891904086276,-2.5485930907436
done,confirm_K6_i000420,GRU,256,4,256,20,1.6170561499893663,16,28,399112,cpu,1.562585860490799,1.5680675357580185,1.5515519976615906,1.608013480901718,project://predictive_profile_confirmatory64_v1/runs/confirm_K6_i000420/gru/d256/n256/seed4/DONE.json,1.5899701047444412,1.5725368943683211,1.570153928773791,1.5697610210090474,0.0483884089527812,0.0382524598926707,-2.247881250121101
done,confirm_K6_i000420,GRU,256,5,256,22,1.6000682599842548,16,30,399112,cpu,1.520727038383484,1.6018017157912254,1.654413253068924,1.5536717772483826,project://predictive_profile_confirmatory64_v1/runs/confirm_K6_i000420/gru/d256/n256/seed5/DONE.json,1.5899701047444412,1.5725368943683211,1.570153928773791,1.5697610210090474,0.0611395027714241,-0.0160892437606647,-1.6301945845867214
done,confirm_K6_i000420,Transformer,8,1,256,48,1.6255650743842125,16,48,1064,cpu,1.6686273738741877,1.667739138007164,1.5886758789420128,1.631716139614582,project://predictive_profile_confirmatory64_v1/runs/confirm_K6_i000420/transformer/d8/n256/seed1/DONE.json,1.5899701047444412,1.5725368943683211,1.570153928773791,1.5697610210090474,0.0285953373630116,0.0619551186055347,1.8264674808071408
done,confirm_K6_i000420,Transformer,8,2,256,48,1.6402657739818096,16,48,1064,cpu,1.6422411426901815,1.6413945704698565,1.6647111549973488,1.6093220636248589,project://predictive_profile_confirmatory64_v1/runs/confirm_K6_i000420/transformer/d8/n256/seed2/DONE.json,1.5899701047444412,1.5725368943683211,1.570153928773791,1.5697610210090474,0.0317978652046823,0.0395610426158115,1.6289248684574904
done,confirm_K6_i000420,Transformer,8,3,256,44,1.662960011512041,16,48,1064,cpu,1.6640857011079788,1.6122557148337364,1.653370626270771,1.645671419799328,project://predictive_profile_confirmatory64_v1/runs/confirm_K6_i000420/transformer/d8/n256/seed3/DONE.json,1.5899701047444412,1.5725368943683211,1.570153928773791,1.5697610210090474,0.0184826517184861,0.0759103987902805,0.9111883324230324
done,confirm_K6_i000420,Transformer,8,4,256,47,1.6420159451663494,16,48,1064,cpu,1.6242007464170456,1.6585515588521955,1.5960670560598371,1.603160381317139,project://predictive_profile_confirmatory64_v1/runs/confirm_K6_i000420/transformer/d8/n256/seed4/DONE.json,1.5899701047444412,1.5725368943683211,1.570153928773791,1.5697610210090474,0.0265758581567816,0.0333993603080913,1.0411340452341813
done,confirm_K6_i000420,Transformer,8,5,256,45,1.6358369551599026,16,48,1064,cpu,1.6874437034130096,1.6335373520851135,1.6802536100149157,1.635518655180931,project://predictive_profile_confirmatory64_v1/runs/confirm_K6_i000420/transformer/d8/n256/seed5/DONE.json,1.5899701047444412,1.5725368943683211,1.570153928773791,1.5697610210090474,0.0273621557542101,0.0657576341718837,2.569391512844189
done,confirm_K6_i000420,Transformer,32,1,256,26,1.6239997372031212,16,34,13448,cpu,1.6316589415073397,1.670153759419918,1.663059942424297,1.5628434643149376,project://predictive_profile_confirmatory64_v1/runs/confirm_K6_i000420/transformer/d32/n256/seed1/DONE.json,1.5899701047444412,1.5725368943683211,1.570153928773791,1.5697610210090474,0.0762475770286395,-0.0069175566941097,3.405175518763353
done,confirm_K6_i000420,Transformer,32,2,256,29,1.5291528031229973,16,37,13448,cpu,1.5928727686405182,1.659488782286644,1.620692938566208,1.6534289419651031,project://predictive_profile_confirmatory64_v1/runs/confirm_K6_i000420/transformer/d32/n256/seed2/DONE.json,1.5899701047444412,1.5725368943683211,1.570153928773791,1.5697610210090474,0.0436787589735044,0.0836679209560558,-2.996482874605929
done,confirm_K6_i000420,Transformer,32,3,256,30,1.586430907249451,16,38,13448,cpu,1.5796578973531723,1.521502509713173,1.625940524041653,1.6622652634978294,project://predictive_profile_confirmatory64_v1/runs/confirm_K6_i000420/transformer/d32/n256/seed3/DONE.json,1.5899701047444412,1.5725368943683211,1.570153928773791,1.5697610210090474,0.090170318655505,0.092504242488782,-4.08763540328055
done,confirm_K6_i000420,Transformer,32,4,256,40,1.5918096490204334,16,48,13448,cpu,1.7230466306209564,1.591057039797306,1.5679254159331322,1.625667780637741,project://predictive_profile_confirmatory64_v1/runs/confirm_K6_i000420/transformer/d32/n256/seed4/DONE.json,1.5899701047444412,1.5725368943683211,1.570153928773791,1.5697610210090474,0.0517992317731332,0.0559067596286937,4.818568286332919
done,confirm_K6_i000420,Transformer,32,5,256,18,1.6167917028069496,16,26,13448,cpu,1.644849345088005,1.5898000374436378,1.6084777414798737,1.623087465763092,project://predictive_profile_confirmatory64_v1/runs/confirm_K6_i000420/transformer/d32/n256/seed5/DONE.json,1.5899701047444412,1.5725368943683211,1.570153928773791,1.5697610210090474,0.0195451520234578,0.0533264447540446,1.0768365161850266
done,confirm_K6_i000420,Transformer,128,1,256,27,1.622181549668312,16,35,201224,cpu,1.6718242540955544,1.6518827229738235,1.5868365168571472,1.5487836673855782,project://predictive_profile_confirmatory64_v1/runs/confirm_K6_i000420/transformer/d128/n256/seed1/DONE.json,1.5899701047444412,1.5725368943683211,1.570153928773791,1.5697610210090474,0.0742585518743808,-0.0209773536234691,6.088380271020642
done,confirm_K6_i000420,Transformer,128,2,256,28,1.5985008738934994,16,36,201224,cpu,1.6202042996883392,1.5920106023550034,1.568199060857296,1.621859222650528,project://predictive_profile_confirmatory64_v1/runs/confirm_K6_i000420/transformer/d128/n256/seed2/DONE.json,1.5899701047444412,1.5725368943683211,1.570153928773791,1.5697610210090474,0.0334070602707842,0.0520982016414806,-0.0818900541883704
done,confirm_K6_i000420,Transformer,128,3,256,12,1.6176208443939686,16,20,201224,cpu,1.6237827613949776,1.569037914276123,1.6161034479737282,1.591804288327694,project://predictive_profile_confirmatory64_v1/runs/confirm_K6_i000420/transformer/d128/n256/seed3/DONE.json,1.5899701047444412,1.5725368943683211,1.570153928773791,1.5697610210090474,0.0184555805046477,0.0220432673186465,1.5823811453300594
done,confirm_K6_i000420,Transformer,128,4,256,12,1.6185673512518406,16,20,201224,cpu,1.647847592830658,1.6064587458968165,1.7167250216007233,1.6263288483023643,project://predictive_profile_confirmatory64_v1/runs/confirm_K6_i000420/transformer/d128/n256/seed4/DONE.json,1.5899701047444412,1.5725368943683211,1.570153928773791,1.5697610210090474,0.0464088979519226,0.056567827293317,1.064805550318247
done,confirm_K6_i000420,Transformer,128,5,256,10,1.6427697874605656,16,18,201224,cpu,1.6228381097316742,1.6129238456487656,1.630748115479946,1.645559787750244,project://predictive_profile_confirmatory64_v1/runs/confirm_K6_i000420/transformer/d128/n256/seed5/DONE.json,1.5899701047444412,1.5725368943683211,1.570153928773791,1.5697610210090474,0.028845390589503,0.0757987667411967,-1.1243299456855411
done,confirm_K6_i000420,Transformer,256,1,256,9,1.7026574350893495,16,17,795656,cpu,1.653533361852169,1.6231907531619072,1.5895182564854622,1.661528691649437,project://predictive_profile_confirmatory64_v1/runs/confirm_K6_i000420/transformer/d256/n256/seed1/DONE.json,1.5899701047444412,1.5725368943683211,1.570153928773791,1.5697610210090474,0.0439547452914623,0.0917676706403896,-0.3956304947791877
done,confirm_K6_i000420,Transformer,256,2,256,22,1.6585202105343342,16,30,795656,cpu,1.6284069120883942,1.689140483736992,1.621904268860817,1.6431882083415985,project://predictive_profile_confirmatory64_v1/runs/confirm_K6_i000420/transformer/d256/n256/seed2/DONE.json,1.5899701047444412,1.5725368943683211,1.570153928773791,1.5697610210090474,0.0298262220664842,0.0734271873325511,-0.7314184278091052
done,confirm_K6_i000420,Transformer,256,3,256,11,1.645034771412611,16,19,795656,cpu,1.6859033778309822,1.636842004954815,1.6383260488510132,1.5987423658370972,project://predictive_profile_confirmatory64_v1/runs/confirm_K6_i000420/transformer/d256/n256/seed3/DONE.json,1.5899701047444412,1.5725368943683211,1.570153928773791,1.5697610210090474,0.042621139090593,0.0289813448280498,4.312962088490564
done,confirm_K6_i000420,Transformer,256,4,256,25,1.6076072417199612,16,33,795656,cpu,1.6832019835710526,1.702561654150486,1.622013807296753,1.648476094007492,project://predictive_profile_confirmatory64_v1/runs/confirm_K6_i000420/transformer/d256/n256/seed4/DONE.json,1.5899701047444412,1.5725368943683211,1.570153928773791,1.5697610210090474,0.029852232243218,0.0787150729984447,1.7183307278173183
done,confirm_K6_i000420,Transformer,256,5,256,10,1.6338141560554504,16,18,795656,cpu,1.696274183690548,1.665193721652031,1.6880498602986336,1.6355662792921066,project://predictive_profile_confirmatory64_v1/runs/confirm_K6_i000420/transformer/d256/n256/seed5/DONE.json,1.5899701047444412,1.5725368943683211,1.570153928773791,1.5697610210090474,0.0356181115153394,0.0658052582830592,3.0039909376058667
done,confirm_K6_i000814,GRU,8,1,256,48,1.7019264474511149,16,48,576,cpu,1.738998018205166,1.570115089416504,1.6840033009648323,1.663898028433323,project://predictive_profile_confirmatory64_v1/runs/confirm_K6_i000814/gru/d8/n256/seed1/DONE.json,1.6831226631750231,1.6185437512256662,1.5965959977740365,1.5899693625505804,0.0622071365205127,0.0739286658827425,0.8061978402098305
done,confirm_K6_i000814,GRU,8,2,256,48,1.6756574176251888,16,48,576,cpu,1.748567417263985,1.688293531537056,1.6871042996644974,1.6678259372711182,project://predictive_profile_confirmatory64_v1/runs/confirm_K6_i000814/gru/d8/n256/seed2/DONE.json,1.6831226631750231,1.6185437512256662,1.5965959977740365,1.5899693625505804,0.0097447371355618,0.0778565747205377,0.8667591964173557
done,confirm_K6_i000814,GRU,8,3,256,45,1.6701855435967443,16,48,576,cpu,1.710518553853035,1.687150001525879,1.5870676934719086,1.6215173676609993,project://predictive_profile_confirmatory64_v1/runs/confirm_K6_i000814/gru/d8/n256/seed3/DONE.json,1.6831226631750231,1.6185437512256662,1.5965959977740365,1.5899693625505804,0.0277390374101281,0.0315480051104188,0.955427081975904
done,confirm_K6_i000814,GRU,8,4,256,48,1.67929345369339,16,48,576,cpu,1.6901587843894958,1.6954421997070312,1.6366283893585205,1.6808933466672895,project://predictive_profile_confirmatory64_v1/runs/confirm_K6_i000814/gru/d8/n256/seed4/DONE.json,1.6831226631750231,1.6185437512256662,1.5965959977740365,1.5899693625505804,0.0495576517367117,0.0909239841167093,0.0994644060929271
done,confirm_K6_i000814,GRU,8,5,256,48,1.7127392441034317,16,48,576,cpu,1.7215754762291908,1.684133253991604,1.663493812084198,1.6483942717313766,project://predictive_profile_confirmatory64_v1/runs/confirm_K6_i000814/gru/d8/n256/seed5/DONE.json,1.6831226631750231,1.6185437512256662,1.5965959977740365,1.5899693625505804,0.0114237269122512,0.0584249091807962,0.7855996943452567
done,confirm_K6_i000814,GRU,32,1,256,22,1.702328234910965,16,30,6888,cpu,1.6999516561627388,1.6011740416288376,1.5881000310182571,1.6209164187312126,project://predictive_profile_confirmatory64_v1/runs/confirm_K6_i000814/gru/d32/n256/seed1/DONE.json,1.6831226631750231,1.6185437512256662,1.5965959977740365,1.5899693625505804,0.031974918380957,0.0309470561806322,0.8484426950169467
done,confirm_K6_i000814,GRU,32,2,256,48,1.6461860947310925,16,48,6888,cpu,1.7042724788188934,1.6161681115627289,1.6478981599211693,1.674549125134945,project://predictive_profile_confirmatory64_v1/runs/confirm_K6_i000814/gru/d32/n256/seed2/DONE.json,1.6831226631750231,1.6185437512256662,1.5965959977740365,1.5899693625505804,0.0563293858472734,0.0845797625843645,0.3190799841197389
done,confirm_K6_i000814,GRU,32,3,256,19,1.6331142038106918,16,27,6888,cpu,1.713848441839218,1.5914369225502014,1.6331805810332298,1.6411170735955238,project://predictive_profile_confirmatory64_v1/runs/confirm_K6_i000814/gru/d32/n256/seed3/DONE.json,1.6831226631750231,1.6185437512256662,1.5965959977740365,1.5899693625505804,0.0410880548332507,0.0511477110449434,0.7807707054516324
done,confirm_K6_i000814,GRU,32,4,256,43,1.685418166220188,16,48,6888,cpu,1.6858888491988182,1.6873526871204376,1.589155025780201,1.601022146642208,project://predictive_profile_confirmatory64_v1/runs/confirm_K6_i000814/gru/d32/n256/seed4/DONE.json,1.6831226631750231,1.6185437512256662,1.5965959977740365,1.5899693625505804,0.0306041655367132,0.0110527840916276,0.9110434304282884
done,confirm_K6_i000814,GRU,32,5,256,17,1.6836489029228687,16,25,6888,cpu,1.7287702485919,1.6501174792647362,1.6704088300466535,1.608187384903431,project://predictive_profile_confirmatory64_v1/runs/confirm_K6_i000814/gru/d32/n256/seed5/DONE.json,1.6831226631750231,1.6185437512256662,1.5965959977740365,1.5899693625505804,0.0317078014622399,0.0182180223528505,1.294456158613328
done,confirm_K6_i000814,GRU,128,1,256,13,1.7086090184748173,16,21,101256,cpu,1.741212248802185,1.6292234435677528,1.6192162930965424,1.608298398554325,project://predictive_profile_confirmatory64_v1/runs/confirm_K6_i000814/gru/d128/n256/seed1/DONE.json,1.6831226631750231,1.6185437512256662,1.5965959977740365,1.5899693625505804,0.0203582211363813,0.0183290360037446,1.4268292090230463
done,confirm_K6_i000814,GRU,128,2,256,18,1.6833447441458702,16,26,101256,cpu,1.7586296498775482,1.5918087735772133,1.6091639697551727,1.5869577378034592,project://predictive_profile_confirmatory64_v1/runs/confirm_K6_i000814/gru/d128/n256/seed2/DONE.json,1.6831226631750231,1.6185437512256662,1.5965959977740365,1.5899693625505804,0.0417453400126192,-0.0030116247471212,1.842896718884948
done,confirm_K6_i000814,GRU,128,3,256,10,1.6366880312561989,16,18,101256,cpu,1.6611479371786118,1.6213873773813248,1.6376207023859024,1.735607959330082,project://predictive_profile_confirmatory64_v1/runs/confirm_K6_i000814/gru/d128/n256/seed3/DONE.json,1.6831226631750231,1.6185437512256662,1.5965959977740365,1.5899693625505804,0.1218900078368898,0.1456385967795015,-0.7993277924918988
done,confirm_K6_i000814,GRU,128,4,256,16,1.6587745621800425,16,24,101256,cpu,1.65971889346838,1.6456247940659523,1.5947852730751038,1.6165103316307068,project://predictive_profile_confirmatory64_v1/runs/confirm_K6_i000814/gru/d128/n256/seed4/DONE.json,1.6831226631750231,1.6185437512256662,1.5965959977740365,1.5899693625505804,0.0287166639439829,0.0265409690801263,0.4638435948917465
done,confirm_K6_i000814,GRU,128,5,256,9,1.6774500384926796,16,17,101256,cpu,1.6906669810414314,1.7137479856610298,1.6926418095827105,1.6323273554444313,project://predictive_profile_confirmatory64_v1/runs/confirm_K6_i000814/gru/d128/n256/seed5/DONE.json,1.6831226631750231,1.6185437512256662,1.5965959977740365,1.5899693625505804,0.0414942740441712,0.0423579928938508,0.6262754535365558
done,confirm_K6_i000814,GRU,256,1,256,3,1.7068392150104046,16,12,399112,cpu,1.7068298384547234,1.6443860977888107,1.699174478650093,1.6755839213728905,project://predictive_profile_confirmatory64_v1/runs/confirm_K6_i000814/gru/d256/n256/seed1/DONE.json,1.6831226631750231,1.6185437512256662,1.5965959977740365,1.5899693625505804,0.0438549203251247,0.08561455882231,0.335424691045613
done,confirm_K6_i000814,GRU,256,2,256,14,1.6662665754556656,16,22,399112,cpu,1.7365535721182823,1.5868380665779114,1.6787963435053823,1.5593700110912323,project://predictive_profile_confirmatory64_v1/runs/confirm_K6_i000814/gru/d256/n256/seed2/DONE.json,1.6831226631750231,1.6185437512256662,1.5965959977740365,1.5899693625505804,0.0703315013396665,-0.0305993514593481,1.902064230030707
done,confirm_K6_i000814,GRU,256,3,256,16,1.6826951056718826,16,24,399112,cpu,1.7198804467916489,1.64129276573658,1.6258263513445854,1.6826338171958923,project://predictive_profile_confirmatory64_v1/runs/confirm_K6_i000814/gru/d256/n256/seed3/DONE.json,1.6831226631750231,1.6185437512256662,1.5965959977740365,1.5899693625505804,0.0548580208671886,0.0926644546453119,0.3998422959366746
done,confirm_K6_i000814,GRU,256,4,256,8,1.755718644708395,16,16,399112,cpu,1.7068292573094368,1.6251327395439148,1.6378514915704727,1.602731555700302,project://predictive_profile_confirmatory64_v1/runs/confirm_K6_i000814/gru/d256/n256/seed4/DONE.json,1.6831226631750231,1.6185437512256662,1.5965959977740365,1.5899693625505804,0.0155704572231286,0.0127621931497217,1.1174880644199094
done,confirm_K6_i000814,GRU,256,5,256,16,1.6965241581201551,16,24,399112,cpu,1.7093113511800766,1.6238660290837288,1.5625928565859797,1.5775064080953598,project://predictive_profile_confirmatory64_v1/runs/confirm_K6_i000814/gru/d256/n256/seed5/DONE.json,1.6831226631750231,1.6185437512256662,1.5965959977740365,1.5899693625505804,0.0238445150810398,-0.0124629544552206,1.4149250987477289
done,confirm_K6_i000814,Transformer,8,1,256,48,1.7025496922433376,16,48,1064,cpu,1.6850183457136154,1.7371876686811447,1.6950666978955269,1.6191493645310402,project://predictive_profile_confirmatory64_v1/runs/confirm_K6_i000814/transformer/d8/n256/seed1/DONE.json,1.6831226631750231,1.6185437512256662,1.5965959977740365,1.5899693625505804,0.0582010032310411,0.0291800019804597,0.707103030606857
done,confirm_K6_i000814,Transformer,8,2,256,48,1.7472453266382215,16,48,1064,cpu,1.7519551813602448,1.684335120022297,1.5983776971697807,1.690860129892826,project://predictive_profile_confirmatory64_v1/runs/confirm_K6_i000814/transformer/d8/n256/seed2/DONE.json,1.6831226631750231,1.6185437512256662,1.5965959977740365,1.5899693625505804,0.054959772712644,0.1008907673422456,0.6558549300762796
done,confirm_K6_i000814,Transformer,8,3,256,48,1.767548382282257,16,48,1064,cpu,1.7616758197546003,1.7467105984687803,1.7861556485295296,1.6957380399107933,project://predictive_profile_confirmatory64_v1/runs/confirm_K6_i000814/transformer/d8/n256/seed3/DONE.json,1.6831226631750231,1.6185437512256662,1.5965959977740365,1.5899693625505804,0.0454513195847852,0.1057686773602128,0.707841583731339
done,confirm_K6_i000814,Transformer,8,4,256,46,1.8162419013679028,16,48,1064,cpu,1.7132952585816383,1.824457764625549,1.7793905958533287,1.7329774275422096,project://predictive_profile_confirmatory64_v1/runs/confirm_K6_i000814/transformer/d8/n256/seed4/DONE.json,1.6831226631750231,1.6185437512256662,1.5965959977740365,1.5899693625505804,0.0675869250608952,0.1430080649916292,-0.211287939650383
done,confirm_K6_i000814,Transformer,8,5,256,48,1.7397781535983086,16,48,1064,cpu,1.7188675478100777,1.6841506212949753,1.757144831120968,1.7035300359129906,project://predictive_profile_confirmatory64_v1/runs/confirm_K6_i000814/transformer/d8/n256/seed5/DONE.json,1.6831226631750231,1.6185437512256662,1.5965959977740365,1.5899693625505804,0.0513876235203207,0.1135606733624101,0.1646480778917523
done,confirm_K6_i000814,Transformer,32,1,256,9,1.7157413996756077,16,17,13448,cpu,1.7484607696533203,1.6668155416846275,1.6796078458428385,1.7279686108231544,project://predictive_profile_confirmatory64_v1/runs/confirm_K6_i000814/transformer/d32/n256/seed1/DONE.json,1.6831226631750231,1.6185437512256662,1.5965959977740365,1.5899693625505804,0.0639419119078235,0.137999248272574,0.2199831749685617
done,confirm_K6_i000814,Transformer,32,2,256,18,1.6556476764380932,16,26,13448,cpu,1.6757037341594696,1.6319784671068192,1.642856791615486,1.6697354540228844,project://predictive_profile_confirmatory64_v1/runs/confirm_K6_i000814/transformer/d32/n256/seed2/DONE.json,1.6831226631750231,1.6185437512256662,1.5965959977740365,1.5899693625505804,0.0572793247049374,0.0797660914723039,0.0640694435578506
done,confirm_K6_i000814,Transformer,32,3,256,28,1.6495914570987225,16,36,13448,cpu,1.7523072883486748,1.6237878277897837,1.611837923526764,1.6708563566207886,project://predictive_profile_confirmatory64_v1/runs/confirm_K6_i000814/transformer/d32/n256/seed3/DONE.json,1.6831226631750231,1.6185437512256662,1.5965959977740365,1.5899693625505804,0.0504184276852993,0.0808869940702081,0.8743751555971587
done,confirm_K6_i000814,Transformer,32,4,256,18,1.6917717568576336,16,26,13448,cpu,1.7285066917538645,1.6796610057353971,1.7270424589514732,1.6390619426965714,project://predictive_profile_confirmatory64_v1/runs/confirm_K6_i000814/transformer/d32/n256/seed4/DONE.json,1.6831226631750231,1.6185437512256662,1.5965959977740365,1.5899693625505804,0.0411606611558866,0.0490925801459909,0.960188726086031
done,confirm_K6_i000814,Transformer,32,5,256,45,1.677264079451561,16,48,13448,cpu,1.7414051666855812,1.683061696588993,1.6664772406220436,1.6229383274912834,project://predictive_profile_confirmatory64_v1/runs/confirm_K6_i000814/transformer/d32/n256/seed5/DONE.json,1.6831226631750231,1.6185437512256662,1.5965959977740365,1.5899693625505804,0.0273798724473868,0.032968964940703,1.2717406511649971
done,confirm_K6_i000814,Transformer,128,1,256,18,1.7171352095901966,16,26,201224,cpu,1.6401999071240425,1.701147444546223,1.708786778151989,1.6207061260938644,project://predictive_profile_confirmatory64_v1/runs/confirm_K6_i000814/transformer/d128/n256/seed1/DONE.json,1.6831226631750231,1.6185437512256662,1.5965959977740365,1.5899693625505804,0.0607261477657707,0.030736763543284,0.2092655965972611
done,confirm_K6_i000814,Transformer,128,2,256,22,1.6819482073187828,16,30,201224,cpu,1.6604703590273855,1.692172385752201,1.6540197655558586,1.598536066710949,project://predictive_profile_confirmatory64_v1/runs/confirm_K6_i000814/transformer/d128/n256/seed2/DONE.json,1.6831226631750231,1.6185437512256662,1.5965959977740365,1.5899693625505804,0.0435737705747908,0.0085667041603685,0.6648641744443518
done,confirm_K6_i000814,Transformer,128,3,256,5,1.6743494756519794,16,13,201224,cpu,1.7338987439870834,1.6452987864613533,1.655533246695995,1.7629154324531555,project://predictive_profile_confirmatory64_v1/runs/confirm_K6_i000814/transformer/d128/n256/seed3/DONE.json,1.6831226631750231,1.6185437512256662,1.5965959977740365,1.5899693625505804,0.1110127651587216,0.1729460699025751,-0.3114939381810617
done,confirm_K6_i000814,Transformer,128,4,256,26,1.6810151673853395,16,34,201224,cpu,1.738081879913807,1.6502587869763374,1.5822582840919497,1.5756081938743591,project://predictive_profile_confirmatory64_v1/runs/confirm_K6_i000814/transformer/d128/n256/seed4/DONE.json,1.6831226631750231,1.6185437512256662,1.5965959977740365,1.5899693625505804,0.0416183042620982,-0.0143611686762212,1.744153829765808
done,confirm_K6_i000814,Transformer,128,5,256,12,1.6989369615912435,16,20,201224,cpu,1.7489007711410522,1.7403462156653404,1.74098090082407,1.65714330971241,project://predictive_profile_confirmatory64_v1/runs/confirm_K6_i000814/transformer/d128/n256/seed5/DONE.json,1.6831226631750231,1.6185437512256662,1.5965959977740365,1.5899693625505804,0.0472962867892568,0.0671739471618295,0.9850156764554364
done,confirm_K6_i000814,Transformer,256,1,256,20,1.7259163446724417,16,28,795656,cpu,1.740620568394661,1.7886418625712397,1.648231476545334,1.734408214688301,project://predictive_profile_confirmatory64_v1/runs/confirm_K6_i000814/transformer/d256/n256/seed1/DONE.json,1.6831226631750231,1.6185437512256662,1.5965959977740365,1.5899693625505804,0.0648644585699604,0.1444388521377206,0.066689571541921
done,confirm_K6_i000814,Transformer,256,2,256,15,1.709099531173706,16,23,795656,cpu,1.7046673521399498,1.6984420791268349,1.637027382850647,1.6730278059840202,project://predictive_profile_confirmatory64_v1/runs/confirm_K6_i000814/transformer/d256/n256/seed2/DONE.json,1.6831226631750231,1.6185437512256662,1.5965959977740365,1.5899693625505804,0.0374532856474113,0.0830584434334398,0.3396502962733186
done,confirm_K6_i000814,Transformer,256,3,256,24,1.6708102524280548,16,32,795656,cpu,1.7071024775505066,1.6972970142960548,1.601270206272602,1.689715452492237,project://predictive_profile_confirmatory64_v1/runs/confirm_K6_i000814/transformer/d256/n256/seed3/DONE.json,1.6831226631750231,1.6185437512256662,1.5965959977740365,1.5899693625505804,0.0616844590118643,0.0997460899416566,0.1866495866675414
done,confirm_K6_i000814,Transformer,256,4,256,17,1.7161237485706806,16,25,795656,cpu,1.7299847081303596,1.7073810696601868,1.7032663375139236,1.7247776836156845,project://predictive_profile_confirmatory64_v1/runs/confirm_K6_i000814/transformer/d256/n256/seed4/DONE.json,1.6831226631750231,1.6185437512256662,1.5965959977740365,1.5899693625505804,0.0515742827325181,0.1348083210651041,0.055897370031662
done,confirm_K6_i000814,Transformer,256,5,256,8,1.7189355306327343,16,16,795656,cpu,1.7137233391404152,1.6300648301839828,1.6763378977775574,1.6439199596643448,project://predictive_profile_confirmatory64_v1/runs/confirm_K6_i000814/transformer/d256/n256/seed5/DONE.json,1.6831226631750231,1.6185437512256662,1.5965959977740365,1.5899693625505804,0.0274348051446053,0.0539505971137643,0.7493387674741647
done,confirm_K6_i000446,GRU,8,1,256,46,2.021133314818144,16,48,576,cpu,2.0281949639320374,1.9915012419223783,1.9949803203344345,1.9987224861979485,project://predictive_profile_confirmatory64_v1/runs/confirm_K6_i000446/gru/d8/n256/seed1/DONE.json,2.0086360865515718,2.006620272541489,2.00585759524501,2.0055383440101004,0.0139737650974093,-0.0068158578121519,9.51417922552552
done,confirm_K6_i000446,GRU,8,2,256,46,2.030680738389492,16,48,576,cpu,2.0122607424855232,1.9891644716262815,1.995196267962456,2.0001166090369225,project://predictive_profile_confirmatory64_v1/runs/confirm_K6_i000446/gru/d8/n256/seed2/DONE.json,2.0086360865515718,2.006620272541489,2.00585759524501,2.0055383440101004,0.0079704024225596,-0.0054217349731779,3.9203172265034154
done,confirm_K6_i000446,GRU,8,3,256,25,2.027551118284464,16,33,576,cpu,2.046201892197132,2.0444943830370903,2.0166401639580727,2.0092171132564545,project://predictive_profile_confirmatory64_v1/runs/confirm_K6_i000446/gru/d8/n256/seed3/DONE.json,2.0086360865515718,2.006620272541489,2.00585759524501,2.0055383440101004,0.024331648967635,0.003678769246354,11.939268175306909
done,confirm_K6_i000446,GRU,8,4,256,42,2.008360553532839,16,48,576,cpu,2.043456085026264,2.0237246677279472,2.0317586809396744,2.0184967070817947,project://predictive_profile_confirmatory64_v1/runs/confirm_K6_i000446/gru/d8/n256/seed4/DONE.json,2.0086360865515718,2.006620272541489,2.00585759524501,2.0055383440101004,0.0128708464531809,0.0129583630716942,8.057279651335433
done,confirm_K6_i000446,GRU,8,5,256,37,2.0100558809936047,16,45,576,cpu,2.0380150750279427,1.9958633705973623,2.045950368046761,1.9864746183156967,project://predictive_profile_confirmatory64_v1/runs/confirm_K6_i000446/gru/d8/n256/seed5/DONE.json,2.0086360865515718,2.006620272541489,2.00585759524501,2.0055383440101004,0.0384551400705259,-0.0190637256944037,16.638069827382523
done,confirm_K6_i000446,GRU,32,1,256,29,2.0081158839166164,16,37,6888,cpu,2.004304714500904,2.0125908255577087,2.0357782170176506,2.0023540556430817,project://predictive_profile_confirmatory64_v1/runs/confirm_K6_i000446/gru/d32/n256/seed1/DONE.json,2.0086360865515718,2.006620272541489,2.00585759524501,2.0055383440101004,0.0171832912816817,-0.0031842883670187,0.6297033506523103
done,confirm_K6_i000446,GRU,32,2,256,17,2.0226741433143616,16,25,6888,cpu,2.022150434553623,2.0089942514896397,1.9962058067321775,1.9979369416832924,project://predictive_profile_confirmatory64_v1/runs/confirm_K6_i000446/gru/d32/n256/seed2/DONE.json,2.0086360865515718,2.006620272541489,2.00585759524501,2.0055383440101004,0.0117216383991678,-0.007601402326808,7.816496221417311
done,confirm_K6_i000446,GRU,32,3,256,11,2.039277531206608,16,19,6888,cpu,2.022998742759228,1.9967076182365415,1.994901105761528,2.012706406414509,project://predictive_profile_confirmatory64_v1/runs/confirm_K6_i000446/gru/d32/n256/seed3/DONE.json,2.0086360865515718,2.006620272541489,2.00585759524501,2.0055383440101004,0.0129616014098935,0.0071680624044083,3.322528004484157
done,confirm_K6_i000446,GRU,32,4,256,38,2.021707758307457,16,46,6888,cpu,2.0004037618637085,2.016115851700306,1.9960024952888489,2.019731618463993,project://predictive_profile_confirmatory64_v1/runs/confirm_K6_i000446/gru/d32/n256/seed4/DONE.json,2.0086360865515718,2.006620272541489,2.00585759524501,2.0055383440101004,0.0166079811364762,0.0141932744538926,-6.239336013737038
done,confirm_K6_i000446,GRU,32,5,256,6,2.015893626958132,16,14,6888,cpu,2.040814094245434,1.9896836206316948,2.020410098135472,2.0184115543961525,project://predictive_profile_confirmatory64_v1/runs/confirm_K6_i000446/gru/d32/n256/seed5/DONE.json,2.0086360865515718,2.006620272541489,2.00585759524501,2.0055383440101004,0.0177772545160122,0.012873210386052,7.231892111551674
done,confirm_K6_i000446,GRU,128,1,256,16,2.0183883868157864,16,24,101256,cpu,2.02758476883173,2.0165334343910217,2.007677733898163,2.039606988430023,project://predictive_profile_confirmatory64_v1/runs/confirm_K6_i000446/gru/d128/n256/seed1/DONE.json,2.0086360865515718,2.006620272541489,2.00585759524501,2.0055383440101004,0.0215178223660393,0.0340686444199227,-3.880961518701572
done,confirm_K6_i000446,GRU,128,2,256,18,2.0335873886942863,16,26,101256,cpu,2.004712127149105,2.0081065371632576,2.0226724967360497,2.011493504047394,project://predictive_profile_confirmatory64_v1/runs/confirm_K6_i000446/gru/d128/n256/seed2/DONE.json,2.0086360865515718,2.006620272541489,2.00585759524501,2.0055383440101004,0.0076730373969854,0.0059551600372933,-2.1891350903128206
done,confirm_K6_i000446,GRU,128,3,256,3,2.0424612499773502,16,12,101256,cpu,2.0499299243092537,2.021307423710823,2.0611439272761345,2.074285596609116,project://predictive_profile_confirmatory64_v1/runs/confirm_K6_i000446/gru/d128/n256/seed3/DONE.json,2.0086360865515718,2.006620272541489,2.00585759524501,2.0055383440101004,0.0310539085123465,0.0687472525990151,-7.862393976840067
done,confirm_K6_i000446,GRU,128,4,256,20,2.0424688905477524,16,28,101256,cpu,2.0255303233861923,2.0190581753849983,1.9938600063323972,1.9839047864079475,project://predictive_profile_confirmatory64_v1/runs/confirm_K6_i000446/gru/d128/n256/seed4/DONE.json,2.0086360865515718,2.006620272541489,2.00585759524501,2.0055383440101004,0.0261634633298443,-0.0216335576021529,13.437377839179616
done,confirm_K6_i000446,GRU,128,5,256,7,2.027076195925474,16,15,101256,cpu,2.0440079793334007,2.045786671340465,2.033133588731289,2.021785944700241,project://predictive_profile_confirmatory64_v1/runs/confirm_K6_i000446/gru/d128/n256/seed5/DONE.json,2.0086360865515718,2.006620272541489,2.00585759524501,2.0055383440101004,0.0159109655774542,0.0162476006901406,7.173622189598778
done,confirm_K6_i000446,GRU,256,1,256,27,2.0156652703881264,16,35,399112,cpu,2.0314916744828224,2.009468413889408,2.0220341458916664,2.046907030045986,project://predictive_profile_confirmatory64_v1/runs/confirm_K6_i000446/gru/d256/n256/seed1/DONE.json,2.0086360865515718,2.006620272541489,2.00585759524501,2.0055383440101004,0.0248052960572873,0.0413686860358857,-4.976319160418082
done,confirm_K6_i000446,GRU,256,2,256,11,2.022318571805954,16,19,399112,cpu,2.030312575399876,2.043035984039306,2.05022644251585,2.04176514595747,project://predictive_profile_confirmatory64_v1/runs/confirm_K6_i000446/gru/d256/n256/seed2/DONE.json,2.0086360865515718,2.006620272541489,2.00585759524501,2.0055383440101004,0.0083372687396492,0.0362268019473694,-3.6970698514397338
done,confirm_K6_i000446,GRU,256,3,256,25,2.016637582331896,16,33,399112,cpu,2.0217649713158607,2.0249397084116936,2.0274892896413803,2.01205150783062,project://predictive_profile_confirmatory64_v1/runs/confirm_K6_i000446/gru/d256/n256/seed3/DONE.json,2.0086360865515718,2.006620272541489,2.00585759524501,2.0055383440101004,0.0101455136647924,0.0065131638205193,3.1356587434889764
done,confirm_K6_i000446,GRU,256,4,256,17,2.034517653286457,16,25,399112,cpu,2.0324813202023506,2.0109338611364365,2.0094616934657097,2.034580647945404,project://predictive_profile_confirmatory64_v1/runs/confirm_K6_i000446/gru/d256/n256/seed4/DONE.json,2.0086360865515718,2.006620272541489,2.00585759524501,2.0055383440101004,0.0179277802021412,0.0290423039353036,-0.6776960044124988
done,confirm_K6_i000446,GRU,256,5,256,42,2.0071740932762623,16,48,399112,cpu,2.022211253643036,1.99718177318573,2.0090422555804253,2.0020554065704346,project://predictive_profile_confirmatory64_v1/runs/confirm_K6_i000446/gru/d256/n256/seed5/DONE.json,2.0086360865515718,2.006620272541489,2.00585759524501,2.0055383440101004,0.0096294406382413,-0.0034829374396658,6.506624357178127
done,confirm_K6_i000446,Transformer,8,1,256,31,2.0386219695210457,16,39,1064,cpu,2.0449887961149216,2.026136353611946,2.0193813145160675,2.0428624376654625,project://predictive_profile_confirmatory64_v1/runs/confirm_K6_i000446/transformer/d8/n256/seed1/DONE.json,2.0086360865515718,2.006620272541489,2.00585759524501,2.0055383440101004,0.0148704969664046,0.037324093655362,0.6864219414598057
done,confirm_K6_i000446,Transformer,8,2,256,46,2.0169776417315006,16,48,1064,cpu,2.021901309490204,2.027929812669754,2.0100204572081566,2.009012147784233,project://predictive_profile_confirmatory64_v1/runs/confirm_K6_i000446/transformer/d8/n256/seed2/DONE.json,2.0086360865515718,2.006620272541489,2.00585759524501,2.0055383440101004,0.010179147578959,0.0034738037741326,4.160824062496388
done,confirm_K6_i000446,Transformer,8,3,256,36,2.0189997628331184,16,44,1064,cpu,1.9986223950982092,2.017182670533657,2.045093558728695,2.034075379371643,project://predictive_profile_confirmatory64_v1/runs/confirm_K6_i000446/transformer/d8/n256/seed3/DONE.json,2.0086360865515718,2.006620272541489,2.00585759524501,2.0055383440101004,0.0219300774592833,0.0285370353615426,-11.444780771419357
done,confirm_K6_i000446,Transformer,8,4,256,34,2.009003508836031,16,42,1064,cpu,2.027571238577366,2.010277763009072,1.995096117258072,2.00768706202507,project://predictive_profile_confirmatory64_v1/runs/confirm_K6_i000446/transformer/d8/n256/seed4/DONE.json,2.0086360865515718,2.006620272541489,2.00585759524501,2.0055383440101004,0.0106152475468216,0.0021487180149697,6.418924841589385
done,confirm_K6_i000446,Transformer,8,5,256,40,2.016753740608692,16,48,1064,cpu,2.024837762117386,1.9887308552861211,2.0000159963965416,2.0100969672203064,project://predictive_profile_confirmatory64_v1/runs/confirm_K6_i000446/transformer/d8/n256/seed5/DONE.json,2.0086360865515718,2.006620272541489,2.00585759524501,2.0055383440101004,0.0136715014516438,0.0045586232102059,4.758560370895182
done,confirm_K6_i000446,Transformer,32,1,256,20,2.009572528302669,16,28,13448,cpu,1.9751073494553568,2.0075738579034805,2.0367232635617256,2.0170506313443184,project://predictive_profile_confirmatory64_v1/runs/confirm_K6_i000446/transformer/d32/n256/seed1/DONE.json,2.0086360865515718,2.006620272541489,2.00585759524501,2.0055383440101004,0.0250735589044257,0.0115122873342179,-13.53995089244767
done,confirm_K6_i000446,Transformer,32,2,256,40,2.0202565006911755,16,48,13448,cpu,2.032556295394897,2.015329733490944,1.998838506639004,2.030755296349525,project://predictive_profile_confirmatory64_v1/runs/confirm_K6_i000446/transformer/d32/n256/seed2/DONE.json,2.0086360865515718,2.006620272541489,2.00585759524501,2.0055383440101004,0.0181200244999842,0.025216952339425,0.5813908100047758
done,confirm_K6_i000446,Transformer,32,3,256,21,2.011819899082184,16,29,13448,cpu,2.003350719809532,2.008325032889843,2.015730544924736,2.057943545281887,project://predictive_profile_confirmatory64_v1/runs/confirm_K6_i000446/transformer/d32/n256/seed3/DONE.json,2.0086360865515718,2.006620272541489,2.00585759524501,2.0055383440101004,0.0438968358001993,0.0524052012717866,-17.623422457320455
done,confirm_K6_i000446,Transformer,32,4,256,14,2.0199090987443924,16,22,13448,cpu,2.00550639629364,2.035954564809799,2.0155187845230103,2.027951166033745,project://predictive_profile_confirmatory64_v1/runs/confirm_K6_i000446/transformer/d32/n256/seed4/DONE.json,2.0086360865515718,2.006620272541489,2.00585759524501,2.0055383440101004,0.0146878420954374,0.0224128220236443,-7.245524584314666
done,confirm_K6_i000446,Transformer,32,5,256,24,2.039971135556698,16,32,13448,cpu,2.0522194504737854,2.001637823879719,2.028720945119858,2.020596385002136,project://predictive_profile_confirmatory64_v1/runs/confirm_K6_i000446/transformer/d32/n256/seed5/DONE.json,2.0086360865515718,2.006620272541489,2.00585759524501,2.0055383440101004,0.017862237545947,0.0150580409920357,10.208422762155624
done,confirm_K6_i000446,Transformer,128,1,256,12,2.0440040789544582,16,20,201224,cpu,2.0376768186688423,1.9967843145132065,2.0339350402355194,2.034456290304661,project://predictive_profile_confirmatory64_v1/runs/confirm_K6_i000446/transformer/d128/n256/seed1/DONE.json,2.0086360865515718,2.006620272541489,2.00585759524501,2.0055383440101004,0.0193816060935646,0.0289179462945603,1.039637194204117
done,confirm_K6_i000446,Transformer,128,2,256,28,2.019008472561836,16,36,201224,cpu,2.0308250412344933,2.012536883354187,2.011960163712501,2.026513509452343,project://predictive_profile_confirmatory64_v1/runs/confirm_K6_i000446/transformer/d128/n256/seed2/DONE.json,2.0086360865515718,2.006620272541489,2.00585759524501,2.0055383440101004,0.0105998525063456,0.0209751654422425,1.3918302520076602
done,confirm_K6_i000446,Transformer,128,3,256,9,2.046929854899645,16,17,201224,cpu,2.068792834877968,2.0264556482434277,2.066279113292694,2.082347549498081,project://predictive_profile_confirmatory64_v1/runs/confirm_K6_i000446/transformer/d128/n256/seed3/DONE.json,2.0086360865515718,2.006620272541489,2.00585759524501,2.0055383440101004,0.0307891129689057,0.0768092054879807,-4.375675008058375
done,confirm_K6_i000446,Transformer,128,4,256,31,2.011166110634804,16,39,201224,cpu,1.996863879263401,2.036677129566669,2.0119896233081818,2.0341384783387184,project://predictive_profile_confirmatory64_v1/runs/confirm_K6_i000446/transformer/d128/n256/seed4/DONE.json,2.0086360865515718,2.006620272541489,2.00585759524501,2.0055383440101004,0.0231131121216546,0.0286001343286179,-12.032826671779672
done,confirm_K6_i000446,Transformer,128,5,256,8,2.065402951091528,16,16,201224,cpu,2.044618211686611,2.071105197072029,2.034921273589134,2.069616138935089,project://predictive_profile_confirmatory64_v1/runs/confirm_K6_i000446/transformer/d128/n256/seed5/DONE.json,2.0086360865515718,2.006620272541489,2.00585759524501,2.0055383440101004,0.0224472758670173,0.0640777949249886,-8.069723972802569
done,confirm_K6_i000446,Transformer,256,1,256,25,2.013244565576315,16,33,795656,cpu,2.0334517806768417,2.021011263132096,2.0340115427970886,2.016153506934643,project://predictive_profile_confirmatory64_v1/runs/confirm_K6_i000446/transformer/d256/n256/seed1/DONE.json,2.0086360865515718,2.006620272541489,2.00585759524501,2.0055383440101004,0.0114402898472653,0.0106151629245423,5.584154754831661
done,confirm_K6_i000446,Transformer,256,2,256,15,2.0364433862268925,16,23,795656,cpu,2.0032479763031006,2.027129285037517,2.0508894622325897,2.0562073290348053,project://predictive_profile_confirmatory64_v1/runs/confirm_K6_i000446/transformer/d256/n256/seed2/DONE.json,2.0086360865515718,2.006620272541489,2.00585759524501,2.0055383440101004,0.0319523041937544,0.0506689850247048,-17.09611177259371
done,confirm_K6_i000446,Transformer,256,3,256,22,2.0284512788057327,16,30,795656,cpu,2.018368564546108,2.043638579547405,2.0215997248888016,2.0508339926600456,project://predictive_profile_confirmatory64_v1/runs/confirm_K6_i000446/transformer/d256/n256/seed3/DONE.json,2.0086360865515718,2.006620272541489,2.00585759524501,2.0055383440101004,0.0234875710611205,0.0452956486499451,-10.480350668045515
done,confirm_K6_i000446,Transformer,256,4,256,18,2.038289822638035,16,26,795656,cpu,2.070672631263733,2.0317828357219696,2.077994056046009,2.044331409037113,project://predictive_profile_confirmatory64_v1/runs/confirm_K6_i000446/transformer/d256/n256/seed4/DONE.json,2.0086360865515718,2.006620272541489,2.00585759524501,2.0055383440101004,0.0214349712514556,0.0387930650270127,8.503360713157354
done,confirm_K6_i000446,Transformer,256,5,256,11,2.044921640306711,16,19,795656,cpu,2.073726437985897,2.038497127592564,2.016780771315098,2.006507284939289,project://predictive_profile_confirmatory64_v1/runs/confirm_K6_i000446/transformer/d256/n256/seed5/DONE.json,2.0086360865515718,2.006620272541489,2.00585759524501,2.0055383440101004,0.0359372412608929,0.0009689409291886,21.699399529403983
done,confirm_K6_i000225,GRU,8,1,256,48,1.7440081089735031,16,48,576,cpu,1.7359747812151909,1.7217899933457377,1.689561292529106,1.740495540201664,project://predictive_profile_confirmatory64_v1/runs/confirm_K6_i000225/gru/d8/n256/seed1/DONE.json,1.6837610111951211,1.6809379635305497,1.6806619425298703,1.6806296301428512,0.0274666758700335,0.0598659100588128,-1.4436949419476242
done,confirm_K6_i000225,GRU,8,2,256,48,1.707742102444172,16,48,576,cpu,1.7165304273366928,1.6767655238509178,1.7103138715028765,1.6665480583906174,project://predictive_profile_confirmatory64_v1/runs/confirm_K6_i000225/gru/d8/n256/seed2/DONE.json,1.6837610111951211,1.6809379635305497,1.6806619425298703,1.6806296301428512,0.0324261663272976,-0.0140815717522337,15.961765148268816
done,confirm_K6_i000225,GRU,8,3,256,47,1.7550566159188747,16,48,576,cpu,1.7602728009223938,1.689893677830696,1.7231331393122673,1.7568801119923592,project://predictive_profile_confirmatory64_v1/runs/confirm_K6_i000225/gru/d8/n256/seed3/DONE.json,1.6837610111951211,1.6809379635305497,1.6806619425298703,1.6806296301428512,0.0376486856376645,0.076250481849508,1.0834481250932455
done,confirm_K6_i000225,GRU,8,4,256,46,1.7095596678555012,16,48,576,cpu,1.7315082773566246,1.6992890760302544,1.7422084659337995,1.7393213659524918,project://predictive_profile_confirmatory64_v1/runs/confirm_K6_i000225/gru/d8/n256/seed4/DONE.json,1.6837610111951211,1.6809379635305497,1.6806619425298703,1.6806296301428512,0.0209481330738663,0.0586917358096406,-2.495093527567606
done,confirm_K6_i000225,GRU,8,5,256,48,1.710608683526516,16,48,576,cpu,1.7076177522540092,1.6937972009181976,1.7516683116555214,1.7487982884049416,project://predictive_profile_confirmatory64_v1/runs/confirm_K6_i000225/gru/d8/n256/seed5/DONE.json,1.6837610111951211,1.6809379635305497,1.6806619425298703,1.6806296301428512,0.0354638218704458,0.0681686582620904,-13.150918225387294
done,confirm_K6_i000225,GRU,32,1,256,42,1.6928690373897552,16,48,6888,cpu,1.7053681761026382,1.6362190544605255,1.703157290816307,1.64813245087862,project://predictive_profile_confirmatory64_v1/runs/confirm_K6_i000225/gru/d32/n256/seed1/DONE.json,1.6837610111951211,1.6809379635305497,1.6806619425298703,1.6806296301428512,0.0390539012907536,-0.032497179264231,18.27810932895681
done,confirm_K6_i000225,GRU,32,2,256,29,1.7075495459139347,16,37,6888,cpu,1.722662329673767,1.6909577250480652,1.7646046057343483,1.6677350401878357,project://predictive_profile_confirmatory64_v1/runs/confirm_K6_i000225/gru/d32/n256/seed2/DONE.json,1.6837610111951211,1.6809379635305497,1.6806619425298703,1.6806296301428512,0.056092194718496,-0.0128945899550154,17.540915196542567
done,confirm_K6_i000225,GRU,32,3,256,25,1.6868437752127647,16,33,6888,cpu,1.7416083738207817,1.7116291373968124,1.7099528536200523,1.6872049495577812,project://predictive_profile_confirmatory64_v1/runs/confirm_K6_i000225/gru/d32/n256/seed3/DONE.json,1.6837610111951211,1.6809379635305497,1.6806619425298703,1.6806296301428512,0.0305221024672188,0.00657531941493,17.373619931550426
done,confirm_K6_i000225,GRU,32,4,256,48,1.692851323634386,16,48,6888,cpu,1.6782039776444435,1.684004731476307,1.7194174379110336,1.6209367364645004,project://predictive_profile_confirmatory64_v1/runs/confirm_K6_i000225/gru/d32/n256/seed4/DONE.json,1.6837610111951211,1.6809379635305497,1.6806619425298703,1.6806296301428512,0.0643458463837195,-0.0596928936783507,18.2881738836689
done,confirm_K6_i000225,GRU,32,5,256,20,1.7422629967331886,16,28,6888,cpu,1.743376947939396,1.6807137206196785,1.6951192319393158,1.709289476275444,project://predictive_profile_confirmatory64_v1/runs/confirm_K6_i000225/gru/d32/n256/seed5/DONE.json,1.6837610111951211,1.6809379635305497,1.6806619425298703,1.6806296301428512,0.0223286965769591,0.0286598461325928,10.885762893417033
done,confirm_K6_i000225,GRU,128,1,256,12,1.708222921937704,16,20,101256,cpu,1.7200549468398094,1.7614561170339584,1.7269765511155128,1.7058349400758743,project://predictive_profile_confirmatory64_v1/runs/confirm_K6_i000225/gru/d128/n256/seed1/DONE.json,1.6837610111951211,1.6809379635305497,1.6806619425298703,1.6806296301428512,0.0301167344412571,0.0252053099330231,4.541129465424185
done,confirm_K6_i000225,GRU,128,2,256,25,1.706680465489626,16,33,101256,cpu,1.7570529356598854,1.6409113109111786,1.7523226961493492,1.680323638021946,project://predictive_profile_confirmatory64_v1/runs/confirm_K6_i000225/gru/d128/n256/seed2/DONE.json,1.6837610111951211,1.6809379635305497,1.6806619425298703,1.6806296301428512,0.0551670116297924,-0.0003059921209052,24.50334097228842
done,confirm_K6_i000225,GRU,128,3,256,10,1.719824030995369,16,18,101256,cpu,1.7505007237195969,1.70387302339077,1.6997738927602768,1.7006190195679665,project://predictive_profile_confirmatory64_v1/runs/confirm_K6_i000225/gru/d128/n256/seed3/DONE.json,1.6837610111951211,1.6809379635305497,1.6806619425298703,1.6806296301428512,0.0234256247715361,0.0199893894251153,15.929618056373991
done,confirm_K6_i000225,GRU,128,4,256,33,1.7434761486947536,16,41,101256,cpu,1.6794801354408264,1.6848445385694504,1.7252434119582176,1.7149273380637169,project://predictive_profile_confirmatory64_v1/runs/confirm_K6_i000225/gru/d128/n256/seed4/DONE.json,1.6837610111951211,1.6809379635305497,1.6806619425298703,1.6806296301428512,0.0250882633265705,0.0342977079208657,-11.31999013572369
done,confirm_K6_i000225,GRU,128,5,256,16,1.7487909495830536,16,24,101256,cpu,1.7109640911221504,1.7125444635748863,1.758571296930313,1.694245882332325,project://predictive_profile_confirmatory64_v1/runs/confirm_K6_i000225/gru/d128/n256/seed5/DONE.json,1.6837610111951211,1.6809379635305497,1.6806619425298703,1.6806296301428512,0.0340655760914133,0.0136162521894738,5.338925065572948
done,confirm_K6_i000225,GRU,256,1,256,42,1.7245861180126667,16,48,399112,cpu,1.6631908118724823,1.7476890981197355,1.7301796078681946,1.7428564354777336,project://predictive_profile_confirmatory64_v1/runs/confirm_K6_i000225/gru/d256/n256/seed1/DONE.json,1.6837610111951211,1.6809379635305497,1.6806619425298703,1.6806296301428512,0.0419444149289005,0.0622268053348824,-25.441050538226776
done,confirm_K6_i000225,GRU,256,2,256,12,1.721881665289402,16,20,399112,cpu,1.7153420969843864,1.7430009096860886,1.6839022934436798,1.7151814922690392,project://predictive_profile_confirmatory64_v1/runs/confirm_K6_i000225/gru/d256/n256/seed2/DONE.json,1.6837610111951211,1.6809379635305497,1.6806619425298703,1.6806296301428512,0.0208931567200658,0.0345518621261879,0.0512887804666428
done,confirm_K6_i000225,GRU,256,3,256,26,1.7287044264376163,16,34,399112,cpu,1.750602975487709,1.770132377743721,1.715450555086136,1.7661127299070358,project://predictive_profile_confirmatory64_v1/runs/confirm_K6_i000225/gru/d256/n256/seed3/DONE.json,1.6837610111951211,1.6809379635305497,1.6806619425298703,1.6806296301428512,0.0270702642205592,0.0854830997641846,-4.953007685884342
done,confirm_K6_i000225,GRU,256,4,256,19,1.732219871133566,16,27,399112,cpu,1.7142765298485756,1.8109378889203072,1.7116332724690435,1.7562997490167618,project://predictive_profile_confirmatory64_v1/runs/confirm_K6_i000225/gru/d256/n256/seed4/DONE.json,1.6837610111951211,1.6809379635305497,1.6806619425298703,1.6806296301428512,0.0417990655677575,0.0756701188739106,-13.420027287231733
done,confirm_K6_i000225,GRU,256,5,256,28,1.7364228814840317,16,36,399112,cpu,1.730171963572502,1.7060120925307274,1.7110819965600967,1.7226930037140846,project://predictive_profile_confirmatory64_v1/runs/confirm_K6_i000225/gru/d256/n256/seed5/DONE.json,1.6837610111951211,1.6809379635305497,1.6806619425298703,1.6806296301428512,0.0105250031176338,0.0420633735712334,2.388390213000568
done,confirm_K6_i000225,Transformer,8,1,256,48,1.7474186420440674,16,48,1064,cpu,1.7909996509552002,1.7027443200349808,1.7334811016917229,1.7495442852377892,project://predictive_profile_confirmatory64_v1/runs/confirm_K6_i000225/transformer/d8/n256/seed1/DONE.json,1.6837610111951211,1.6809379635305497,1.6806619425298703,1.6806296301428512,0.0314125157621857,0.068914655094938,13.238684473535052
done,confirm_K6_i000225,Transformer,8,2,256,46,1.7359110452234745,16,48,1064,cpu,1.7308762446045876,1.7597715854644775,1.684862680733204,1.7535608261823654,project://predictive_profile_confirmatory64_v1/runs/confirm_K6_i000225/transformer/d8/n256/seed2/DONE.json,1.6837610111951211,1.6809379635305497,1.6806619425298703,1.6806296301428512,0.036827905154672,0.0729311960395142,-7.244273756249525
done,confirm_K6_i000225,Transformer,8,3,256,43,1.7199215218424797,16,48,1064,cpu,1.6841207668185234,1.713089898228645,1.7137463092803955,1.746252954006195,project://predictive_profile_confirmatory64_v1/runs/confirm_K6_i000225/transformer/d8/n256/seed3/DONE.json,1.6837610111951211,1.6809379635305497,1.6806619425298703,1.6806296301428512,0.0401199793184483,0.0656233238633439,-19.841784232112957
done,confirm_K6_i000225,Transformer,8,4,256,48,1.694937240332365,16,48,1064,cpu,1.7298769429326055,1.7058729231357574,1.7039242535829544,1.7314853817224505,project://predictive_profile_confirmatory64_v1/runs/confirm_K6_i000225/transformer/d8/n256/seed4/DONE.json,1.6837610111951211,1.6809379635305497,1.6806619425298703,1.6806296301428512,0.0190771545887069,0.050855751579599,-0.5136515687474168
done,confirm_K6_i000225,Transformer,8,5,256,35,1.7397596649825573,16,43,1064,cpu,1.7331965416669846,1.6937904432415962,1.6667344644665718,1.7233886271715164,project://predictive_profile_confirmatory64_v1/runs/confirm_K6_i000225/transformer/d8/n256/seed5/DONE.json,1.6837610111951211,1.6809379635305497,1.6806619425298703,1.6806296301428512,0.0322192967615643,0.0427589970286652,3.1321370129507664
done,confirm_K6_i000225,Transformer,32,1,256,32,1.7139764241874218,16,40,13448,cpu,1.7599432691931725,1.770386002957821,1.7205276191234589,1.7125979959964752,project://predictive_profile_confirmatory64_v1/runs/confirm_K6_i000225/transformer/d32/n256/seed1/DONE.json,1.6837610111951211,1.6809379635305497,1.6806619425298703,1.6806296301428512,0.0364731019026885,0.031968365853624,15.119614127566186
done,confirm_K6_i000225,Transformer,32,2,256,20,1.708091922104359,16,28,13448,cpu,1.7251203879714012,1.6480318307876587,1.650048054754734,1.743259035050869,project://predictive_profile_confirmatory64_v1/runs/confirm_K6_i000225/transformer/d32/n256/seed2/DONE.json,1.6837610111951211,1.6809379635305497,1.6806619425298703,1.6806296301428512,0.0675902446388705,0.0626294049080178,-5.792539067169001
done,confirm_K6_i000225,Transformer,32,3,256,21,1.6956954970955849,16,29,13448,cpu,1.7112348154187202,1.6609297916293144,1.7212709188461304,1.7307837679982183,project://predictive_profile_confirmatory64_v1/runs/confirm_K6_i000225/transformer/d32/n256/seed3/DONE.json,1.6837610111951211,1.6809379635305497,1.6806619425298703,1.6806296301428512,0.037176125917171,0.0501541378553673,-6.242917183562111
done,confirm_K6_i000225,Transformer,32,4,256,17,1.688813142478466,16,25,13448,cpu,1.7044915780425072,1.722041681408882,1.700320601463318,1.6741486489772797,project://predictive_profile_confirmatory64_v1/runs/confirm_K6_i000225/transformer/d32/n256/seed4/DONE.json,1.6837610111951211,1.6809379635305497,1.6806619425298703,1.6806296301428512,0.0303646699013287,-0.0064809811655714,9.689951033978955
done,confirm_K6_i000225,Transformer,32,5,256,25,1.7122731544077396,16,33,13448,cpu,1.7496128380298617,1.673712469637394,1.6486964747309685,1.705015629529953,project://predictive_profile_confirmatory64_v1/runs/confirm_K6_i000225/transformer/d32/n256/seed5/DONE.json,1.6837610111951211,1.6809379635305497,1.6806619425298703,1.6806296301428512,0.0383868115612,0.0243859993871018,14.242025405236625
done,confirm_K6_i000225,Transformer,128,1,256,13,1.7324075512588024,16,21,201224,cpu,1.6940349414944649,1.7261991277337074,1.6967091485857964,1.7468582540750504,project://predictive_profile_confirmatory64_v1/runs/confirm_K6_i000225/transformer/d128/n256/seed1/DONE.json,1.6837610111951211,1.6809379635305497,1.6806619425298703,1.6806296301428512,0.0390151791201477,0.0662286239321992,-16.869014565407117
done,confirm_K6_i000225,Transformer,128,2,256,15,1.7157873287796974,16,23,201224,cpu,1.6873421743512154,1.6826999858021736,1.6671541929244995,1.6826411485671997,project://predictive_profile_confirmatory64_v1/runs/confirm_K6_i000225/transformer/d128/n256/seed2/DONE.json,1.6837610111951211,1.6809379635305497,1.6806619425298703,1.6806296301428512,0.0078002197580002,0.0020115184243485,1.501262767304389
done,confirm_K6_i000225,Transformer,128,3,256,9,1.6750325299799442,16,17,201224,cpu,1.6790688037872314,1.6694445833563805,1.7544676214456558,1.6661860942840576,project://predictive_profile_confirmatory64_v1/runs/confirm_K6_i000225/transformer/d128/n256/seed3/DONE.json,1.6837610111951211,1.6809379635305497,1.6806619425298703,1.6806296301428512,0.0444176646545344,-0.0144435358587935,4.1140663777837485
done,confirm_K6_i000225,Transformer,128,4,256,18,1.732904627919197,16,26,201224,cpu,1.7192964851856232,1.7040444687008858,1.753393642604351,1.708800129592419,project://predictive_profile_confirmatory64_v1/runs/confirm_K6_i000225/transformer/d128/n256/seed4/DONE.json,1.6837610111951211,1.6809379635305497,1.6806619425298703,1.6806296301428512,0.0227243673684354,0.0281704994495675,3.351989239889821
done,confirm_K6_i000225,Transformer,128,5,256,12,1.722059790045023,16,20,201224,cpu,1.7310901433229446,1.7271386161446571,1.7228967249393463,1.7194866463541985,project://predictive_profile_confirmatory64_v1/runs/confirm_K6_i000225/transformer/d128/n256/seed5/DONE.json,1.6837610111951211,1.6809379635305497,1.6806619425298703,1.6806296301428512,0.0058548067476085,0.0388570162113472,3.70555252620371
done,confirm_K6_i000225,Transformer,256,1,256,17,1.6916651502251625,16,25,795656,cpu,1.641127698123455,1.7233726754784584,1.743420846760273,1.7150922194123268,project://predictive_profile_confirmatory64_v1/runs/confirm_K6_i000225/transformer/d256/n256/seed1/DONE.json,1.6837610111951211,1.6809379635305497,1.6806619425298703,1.6806296301428512,0.0412553461328433,0.0344625892694756,-23.62041541870136
done,confirm_K6_i000225,Transformer,256,2,256,23,1.6595305278897283,16,31,795656,cpu,1.710380919277668,1.7273462414741516,1.7647560387849808,1.714165210723877,project://predictive_profile_confirmatory64_v1/runs/confirm_K6_i000225/transformer/d256/n256/seed2/DONE.json,1.6837610111951211,1.6809379635305497,1.6806619425298703,1.6806296301428512,0.0263139524333639,0.0335355805810257,-1.208505570877563
done,confirm_K6_i000225,Transformer,256,3,256,8,1.6912885159254074,16,16,795656,cpu,1.7270936518907547,1.7252698093652723,1.7255580127239227,1.6773422211408615,project://predictive_profile_confirmatory64_v1/runs/confirm_K6_i000225/transformer/d256/n256/seed3/DONE.json,1.6837610111951211,1.6809379635305497,1.6806619425298703,1.6806296301428512,0.0411177277231123,-0.0032874090019896,15.888015517569984
done,confirm_K6_i000225,Transformer,256,4,256,16,1.7121351435780523,16,24,795656,cpu,1.6920009404420853,1.6762586683034897,1.704294964671135,1.7458554953336716,project://predictive_profile_confirmatory64_v1/runs/confirm_K6_i000225/transformer/d256/n256/seed4/DONE.json,1.6837610111951211,1.6809379635305497,1.6806619425298703,1.6806296301428512,0.0496590700209737,0.0652258651908204,-17.19833964395455
done,confirm_K6_i000225,Transformer,256,5,256,23,1.7547512762248516,16,31,795656,cpu,1.6648698300123217,1.6703132539987564,1.6538559570908546,1.6932646334171295,project://predictive_profile_confirmatory64_v1/runs/confirm_K6_i000225/transformer/d256/n256/seed5/DONE.json,1.6837610111951211,1.6809379635305497,1.6806619425298703,1.6806296301428512,0.0277961604224614,0.0126350032742783,-9.067821172457592
