status,hmm_id,architecture,dimension,seed,n_train,best_epoch,best_val_ce,final_batch_size,epochs_completed,parameter_count,device,test_ce_h1,test_ce_h2,test_ce_h3,test_ce_h4,result_file,bayes_ce_h1,bayes_ce_h2,bayes_ce_h3,bayes_ce_h4,shape_rmse,excess_ce_H,recovery_ratio,source,dataset_replicate,condition_seed,dataset_file
done,confirm_K3_i000321,GRU,8,1,256,48,1.370901320129633,16,48,576,cpu,1.3610035255551338,1.4222424998879433,1.374497413635254,1.415482796728611,drive://predictive_profile_confirmatory64_v1/runs/confirm_K3_i000321/gru/d8/n256/seed1/DONE.json,1.3475309797921202,1.346869451695575,1.346830231354772,1.3468278515815026,0.0345334143081858,0.0686549451471083,-77.4812763174821,existing_confirmatory_summary_csv,0,,
done,confirm_K3_i000321,GRU,8,2,256,47,1.340163677930832,16,48,576,cpu,1.4087360575795174,1.367767721414566,1.3806892484426498,1.439600184559822,drive://predictive_profile_confirmatory64_v1/runs/confirm_K3_i000321/gru/d8/n256/seed2/DONE.json,1.3475309797921202,1.346869451695575,1.346830231354772,1.3468278515815026,0.0490743093657509,0.0927723329783194,-43.89544682497653,existing_confirmatory_summary_csv,0,,
done,confirm_K3_i000321,GRU,8,3,256,48,1.366022851318121,16,48,576,cpu,1.3931230306625366,1.413243107497692,1.3226355835795405,1.3559625670313835,drive://predictive_profile_confirmatory64_v1/runs/confirm_K3_i000321/gru/d8/n256/seed3/DONE.json,1.3475309797921202,1.346869451695575,1.346830231354772,1.3468278515815026,0.0378030423762551,0.0091347154498808,52.85019583912596,existing_confirmatory_summary_csv,0,,
done,confirm_K3_i000321,GRU,32,1,256,40,1.3704409264028072,16,48,6888,cpu,1.4169138446450231,1.3365002870559692,1.3344706594944,1.3288288488984108,drive://predictive_profile_confirmatory64_v1/runs/confirm_K3_i000321/gru/d32/n256/seed1/DONE.json,1.3475309797921202,1.346869451695575,1.346830231354772,1.3468278515815026,0.0439477200280407,-0.0179990026830918,125.2758663590598,existing_confirmatory_summary_csv,0,,
done,confirm_K3_i000321,GRU,32,2,256,35,1.385483518242836,16,43,6888,cpu,1.3845960423350334,1.3674719333648682,1.350723460316658,1.418547473847866,drive://predictive_profile_confirmatory64_v1/runs/confirm_K3_i000321/gru/d32/n256/seed2/DONE.json,1.3475309797921202,1.346869451695575,1.346830231354772,1.3468278515815026,0.0458648018668468,0.0717196222663634,-48.28625988852331,existing_confirmatory_summary_csv,0,,
done,confirm_K3_i000321,GRU,32,3,256,43,1.3426232747733593,16,48,6888,cpu,1.371169529855251,1.3192504942417145,1.35290364921093,1.3627119585871696,drive://predictive_profile_confirmatory64_v1/runs/confirm_K3_i000321/gru/d32/n256/seed3/DONE.json,1.3475309797921202,1.346869451695575,1.346830231354772,1.3468278515815026,0.0226323751851719,0.015884107005667,12.028490878858255,existing_confirmatory_summary_csv,0,,
done,confirm_K3_i000321,GRU,128,1,256,17,1.3524879924952984,16,25,101256,cpu,1.3136420771479609,1.317146636545658,1.4114328548312187,1.3997095748782158,drive://predictive_profile_confirmatory64_v1/runs/confirm_K3_i000321/gru/d128/n256/seed1/DONE.json,1.3475309797921202,1.346869451695575,1.346830231354772,1.3468278515815026,0.0601872719085499,0.0528817232967131,-122.40654894881764,existing_confirmatory_summary_csv,0,,
done,confirm_K3_i000321,GRU,128,2,256,21,1.3693809248507025,16,29,101256,cpu,1.359093263745308,1.382220596075058,1.382070630788803,1.3476639688014984,drive://predictive_profile_confirmatory64_v1/runs/confirm_K3_i000321/gru/d128/n256/seed2/DONE.json,1.3475309797921202,1.346869451695575,1.346830231354772,1.3468278515815026,0.0249499117597205,0.0008361172199957,16.25492302999883,existing_confirmatory_summary_csv,0,,
done,confirm_K3_i000321,GRU,128,3,256,15,1.3505336828529837,16,23,101256,cpu,1.3829654306173325,1.3718063905835152,1.351255103945732,1.348370410501957,drive://predictive_profile_confirmatory64_v1/runs/confirm_K3_i000321/gru/d128/n256/seed3/DONE.json,1.3475309797921202,1.346869451695575,1.346830231354772,1.3468278515815026,0.0206413727925378,0.0015425589204542,49.20158172147551,existing_confirmatory_summary_csv,0,,
done,confirm_K3_i000321,GRU,256,1,256,29,1.3570748306810856,16,37,399112,cpu,1.3616283535957336,1.3955874145030975,1.3649496883153915,1.28672356903553,drive://predictive_profile_confirmatory64_v1/runs/confirm_K3_i000321/gru/d256/n256/seed1/DONE.json,1.3475309797921202,1.346869451695575,1.346830231354772,1.3468278515815026,0.0765949089548279,-0.0601042825459725,106.53076271027824,existing_confirmatory_summary_csv,0,,
done,confirm_K3_i000321,GRU,256,2,256,13,1.351326446980238,16,21,399112,cpu,1.396214298903942,1.4238543882966042,1.3554215356707573,1.3492108583450315,drive://predictive_profile_confirmatory64_v1/runs/confirm_K3_i000321/gru/d256/n256/seed2/DONE.json,1.3475309797921202,1.346869451695575,1.346830231354772,1.3468278515815026,0.044010537992419,0.0023830067635288,66.84903243695231,existing_confirmatory_summary_csv,0,,
done,confirm_K3_i000321,GRU,256,3,256,15,1.3726175799965858,16,23,399112,cpu,1.3594781458377838,1.349452018737793,1.343617670238018,1.4031246602535248,drive://predictive_profile_confirmatory64_v1/runs/confirm_K3_i000321/gru/d256/n256/seed3/DONE.json,1.3475309797921202,1.346869451695575,1.346830231354772,1.3468278515815026,0.0458079568623399,0.0562968086720221,-62.07475927811952,existing_confirmatory_summary_csv,0,,
done,confirm_K3_i000321,Transformer,8,1,256,46,1.3475430645048618,16,48,1064,cpu,1.3640955910086632,1.3796689212322235,1.3657699152827265,1.3584990575909617,drive://predictive_profile_confirmatory64_v1/runs/confirm_K3_i000321/transformer/d8/n256/seed1/DONE.json,1.3475309797921202,1.346869451695575,1.346830231354772,1.3468278515815026,0.0114365609499396,0.011671206009459,7.959477849403759,existing_confirmatory_summary_csv,0,,
done,confirm_K3_i000321,Transformer,8,2,256,48,1.3365138657391071,16,48,1064,cpu,1.28080765157938,1.3797117993235588,1.3676465600728989,1.324571929872036,drive://predictive_profile_confirmatory64_v1/runs/confirm_K3_i000321/transformer/d8/n256/seed2/DONE.json,1.3475309797921202,1.346869451695575,1.346830231354772,1.3468278515815026,0.0414378700044021,-0.0222559217094666,-62.242244916068174,existing_confirmatory_summary_csv,0,,
done,confirm_K3_i000321,Transformer,8,3,256,45,1.3603822886943815,16,48,1064,cpu,1.4023891016840937,1.3858633264899254,1.3487650379538536,1.36954627931118,drive://predictive_profile_confirmatory64_v1/runs/confirm_K3_i000321/transformer/d8/n256/seed3/DONE.json,1.3475309797921202,1.346869451695575,1.346830231354772,1.3468278515815026,0.0207954864411791,0.0227184277296772,46.70957853343287,existing_confirmatory_summary_csv,0,,
done,confirm_K3_i000321,Transformer,32,1,256,17,1.3162793777883053,16,25,13448,cpu,1.3464289009571075,1.294493392109871,1.3109298944473269,1.3181941658258438,drive://predictive_profile_confirmatory64_v1/runs/confirm_K3_i000321/transformer/d32/n256/seed1/DONE.json,1.3475309797921202,1.346869451695575,1.346830231354772,1.3468278515815026,0.0185370838704497,-0.0286336857556588,40.15588438197411,existing_confirmatory_summary_csv,0,,
done,confirm_K3_i000321,Transformer,32,2,256,21,1.3266067169606686,16,29,13448,cpu,1.3570157289505005,1.3316115364432335,1.3989015594124794,1.401236206293106,drive://predictive_profile_confirmatory64_v1/runs/confirm_K3_i000321/transformer/d32/n256/seed2/DONE.json,1.3475309797921202,1.346869451695575,1.346830231354772,1.3468278515815026,0.0414637829924256,0.0544083547116034,-62.89105838004362,existing_confirmatory_summary_csv,0,,
done,confirm_K3_i000321,Transformer,32,3,256,47,1.3554730340838432,16,48,13448,cpu,1.3526726886630058,1.3501018062233925,1.3505680039525032,1.3487344831228256,drive://predictive_profile_confirmatory64_v1/runs/confirm_K3_i000321/transformer/d32/n256/seed3/DONE.json,1.3475309797921202,1.346869451695575,1.346830231354772,1.3468278515815026,0.0019733438837183,0.0019066315413229,5.600977859672527,existing_confirmatory_summary_csv,0,,
done,confirm_K3_i000321,Transformer,128,1,256,19,1.348057143390179,16,27,201224,cpu,1.336335875093937,1.3416023179888723,1.3902501687407494,1.402466468513012,drive://predictive_profile_confirmatory64_v1/runs/confirm_K3_i000321/transformer/d128/n256/seed1/DONE.json,1.3475309797921202,1.346869451695575,1.346830231354772,1.3468278515815026,0.045622233991541,0.0556386169315092,-94.05197006814838,existing_confirmatory_summary_csv,0,,
done,confirm_K3_i000321,Transformer,128,2,256,20,1.3633125238120556,16,28,201224,cpu,1.3310453295707705,1.2998489066958427,1.306779496371746,1.4141900166869164,drive://predictive_profile_confirmatory64_v1/runs/confirm_K3_i000321/transformer/d128/n256/seed2/DONE.json,1.3475309797921202,1.346869451695575,1.346830231354772,1.3468278515815026,0.0889541899118276,0.0673621651054137,-118.2496817232204,existing_confirmatory_summary_csv,0,,
done,confirm_K3_i000321,Transformer,128,3,256,13,1.3405598551034927,16,21,201224,cpu,1.315502181649208,1.4248417615890503,1.3045040369033811,1.385963253676891,drive://predictive_profile_confirmatory64_v1/runs/confirm_K3_i000321/transformer/d128/n256/seed3/DONE.json,1.3475309797921202,1.346869451695575,1.346830231354772,1.3468278515815026,0.057464424896679,0.0391354020953884,-100.2108448554428,existing_confirmatory_summary_csv,0,,
done,confirm_K3_i000321,Transformer,256,1,256,29,1.357093472033739,16,37,795656,cpu,1.38470708578825,1.3622388690710068,1.3889371678233149,1.3451189175248146,drive://predictive_profile_confirmatory64_v1/runs/confirm_K3_i000321/transformer/d256/n256/seed1/DONE.json,1.3475309797921202,1.346869451695575,1.346830231354772,1.3468278515815026,0.0305104364825875,-0.001708934056688,56.30291555030059,existing_confirmatory_summary_csv,0,,
done,confirm_K3_i000321,Transformer,256,2,256,7,1.3370689824223518,16,15,795656,cpu,1.3437943011522293,1.3901102617383003,1.3560140281915665,1.399489887058735,drive://predictive_profile_confirmatory64_v1/runs/confirm_K3_i000321/transformer/d256/n256/seed2/DONE.json,1.3475309797921202,1.346869451695575,1.346830231354772,1.3468278515815026,0.0359163322112226,0.0526620354772322,-79.21113826109561,existing_confirmatory_summary_csv,0,,
done,confirm_K3_i000321,Transformer,256,3,256,8,1.3464624844491482,16,16,795656,cpu,1.3277335166931152,1.353196106851101,1.3375393822789192,1.3703673779964447,drive://predictive_profile_confirmatory64_v1/runs/confirm_K3_i000321/transformer/d256/n256/seed3/DONE.json,1.3475309797921202,1.346869451695575,1.346830231354772,1.3468278515815026,0.0285140805216991,0.023539526414942,-60.634548094554496,existing_confirmatory_summary_csv,0,,
done,confirm_K3_i000341,GRU,8,1,256,48,1.919171780347824,16,48,576,cpu,1.958345226943493,1.9392718523740768,1.9816724061965945,1.94752287119627,drive://predictive_profile_confirmatory64_v1/runs/confirm_K3_i000341/gru/d8/n256/seed1/DONE.json,1.9426797231331288,1.9375620566447007,1.9343421948905468,1.9322632441419432,0.0174089419489126,0.0152596270543268,1.0389648706036625,existing_confirmatory_summary_csv,0,,
done,confirm_K3_i000341,GRU,8,2,256,46,1.9557984918355944,16,48,576,cpu,1.961623102426529,1.9472494199872017,1.993702158331871,1.940994456410408,drive://predictive_profile_confirmatory64_v1/runs/confirm_K3_i000341/gru/d8/n256/seed2/DONE.json,1.9426797231331288,1.9375620566447007,1.9343421948905468,1.9322632441419432,0.0258286324916015,0.0087312122684648,1.9803856978521104,existing_confirmatory_summary_csv,0,,
done,confirm_K3_i000341,GRU,8,3,256,44,1.963341984897852,16,48,576,cpu,1.9277070760726929,1.9557657167315483,1.9373485371470447,1.939194031059742,drive://predictive_profile_confirmatory64_v1/runs/confirm_K3_i000341/gru/d8/n256/seed3/DONE.json,1.9426797231331288,1.9375620566447007,1.9343421948905468,1.9322632441419432,0.0124723630020933,0.0069307869177988,-1.1027675471499874,existing_confirmatory_summary_csv,0,,
done,confirm_K3_i000341,GRU,32,1,256,7,1.99884282797575,16,15,6888,cpu,1.9836091473698616,1.935496151447296,1.954369962215424,1.945412777364254,drive://predictive_profile_confirmatory64_v1/runs/confirm_K3_i000341/gru/d32/n256/seed1/DONE.json,1.9426797231331288,1.9375620566447007,1.9343421948905468,1.9322632441419432,0.0162060329464604,0.0131495332223108,3.6669175868284607,existing_confirmatory_summary_csv,0,,
done,confirm_K3_i000341,GRU,32,2,256,27,1.9191353656351569,16,35,6888,cpu,1.928125485777855,1.9824882075190544,1.94200898706913,1.9425231888890264,drive://predictive_profile_confirmatory64_v1/runs/confirm_K3_i000341/gru/d32/n256/seed2/DONE.json,1.9426797231331288,1.9375620566447007,1.9343421948905468,1.9322632441419432,0.021355408687911,0.0102599447470832,-1.3822044016365629,existing_confirmatory_summary_csv,0,,
done,confirm_K3_i000341,GRU,32,3,256,14,1.964028168469668,16,22,6888,cpu,1.9886900559067728,1.9313345476984976,1.9712545275688167,1.9804695174098013,drive://predictive_profile_confirmatory64_v1/runs/confirm_K3_i000341/gru/d32/n256/seed3/DONE.json,1.9426797231331288,1.9375620566447007,1.9343421948905468,1.9322632441419432,0.0278182129854847,0.048206273267858,0.7891859143505005,existing_confirmatory_summary_csv,0,,
done,confirm_K3_i000341,GRU,128,1,256,9,1.9440373480319977,16,17,101256,cpu,1.9611205160617828,1.984798528254032,1.9967898651957512,1.9233739003539083,drive://predictive_profile_confirmatory64_v1/runs/confirm_K3_i000341/gru/d128/n256/seed1/DONE.json,1.9426797231331288,1.9375620566447007,1.9343421948905468,1.9322632441419432,0.0473972918707152,-0.0088893437880348,3.6237403963292847,existing_confirmatory_summary_csv,0,,
done,confirm_K3_i000341,GRU,128,2,256,11,1.9658585265278816,16,19,101256,cpu,1.9558090046048164,1.986316114664077,1.9704385921359064,1.98752485960722,drive://predictive_profile_confirmatory64_v1/runs/confirm_K3_i000341/gru/d128/n256/seed2/DONE.json,1.9426797231331288,1.9375620566447007,1.9343421948905468,1.9322632441419432,0.0233708550393223,0.0552616154652767,-3.0447769375084817,existing_confirmatory_summary_csv,0,,
done,confirm_K3_i000341,GRU,128,3,256,20,1.9314119592309,16,28,101256,cpu,1.9628182426095009,1.9548499286174768,1.948560617864132,1.92068899422884,drive://predictive_profile_confirmatory64_v1/runs/confirm_K3_i000341/gru/d128/n256/seed3/DONE.json,1.9426797231331288,1.9375620566447007,1.9343421948905468,1.9322632441419432,0.0250199110547233,-0.011574249913103,4.0444807133303415,existing_confirmatory_summary_csv,0,,
done,confirm_K3_i000341,GRU,256,1,256,28,1.9386298693716528,16,36,399112,cpu,1.971380427479744,1.9272324219346049,1.9235771670937536,1.91731146723032,drive://predictive_profile_confirmatory64_v1/runs/confirm_K3_i000341/gru/d256/n256/seed1/DONE.json,1.9426797231331288,1.9375620566447007,1.9343421948905468,1.9322632441419432,0.0220478580971175,-0.0149517769116231,5.190713704235096,existing_confirmatory_summary_csv,0,,
done,confirm_K3_i000341,GRU,256,2,256,7,1.9754752665758133,16,15,399112,cpu,1.968819580972195,1.9722158312797544,1.8994888737797733,1.9951795563101768,drive://predictive_profile_confirmatory64_v1/runs/confirm_K3_i000341/gru/d256/n256/seed2/DONE.json,1.9426797231331288,1.9375620566447007,1.9343421948905468,1.9322632441419432,0.0541067921160349,0.0629163121682336,-2.5306032259353417,existing_confirmatory_summary_csv,0,,
done,confirm_K3_i000341,GRU,256,3,256,29,1.9390454441308973,16,37,399112,cpu,1.9818199202418327,1.954764485359192,1.9048063457012177,1.9517455101013184,drive://predictive_profile_confirmatory64_v1/runs/confirm_K3_i000341/gru/d256/n256/seed3/DONE.json,1.9426797231331288,1.9375620566447007,1.9343421948905468,1.9322632441419432,0.0264310779560092,0.0194822659593751,2.8871953916446538,existing_confirmatory_summary_csv,0,,
done,confirm_K3_i000341,Transformer,8,1,256,28,1.946552250534296,16,36,1064,cpu,1.9913949444890024,1.9579993039369583,1.9548581540584564,1.928169526159764,drive://predictive_profile_confirmatory64_v1/runs/confirm_K3_i000341/transformer/d8/n256/seed1/DONE.json,1.9426797231331288,1.9375620566447007,1.9343421948905468,1.9322632441419432,0.0316077068953817,-0.0040937179821796,6.069749517350362,existing_confirmatory_summary_csv,0,,
done,confirm_K3_i000341,Transformer,8,2,256,27,1.9734082333743568,16,35,1064,cpu,1.965420387685299,1.9398456886410715,1.9640348255634308,1.960361436009407,drive://predictive_profile_confirmatory64_v1/runs/confirm_K3_i000341/transformer/d8/n256/seed2/DONE.json,1.9426797231331288,1.9375620566447007,1.9343421948905468,1.9322632441419432,0.0132064078705814,0.0280981918674638,0.485668111093274,existing_confirmatory_summary_csv,0,,
done,confirm_K3_i000341,Transformer,8,3,256,48,1.973920151591301,16,48,1064,cpu,1.9433344006538391,1.978411205112934,1.895453341305256,1.9643244817852967,drive://predictive_profile_confirmatory64_v1/runs/confirm_K3_i000341/transformer/d8/n256/seed3/DONE.json,1.9426797231331288,1.9375620566447007,1.9343421948905468,1.9322632441419432,0.0390432927682729,0.032061237643354,-2.0150840940801444,existing_confirmatory_summary_csv,0,,
done,confirm_K3_i000341,Transformer,32,1,256,5,1.9830706305801868,16,13,13448,cpu,1.975919358432293,1.967899098992348,1.9711428359150889,1.9555888026952744,drive://predictive_profile_confirmatory64_v1/runs/confirm_K3_i000341/transformer/d32/n256/seed1/DONE.json,1.9426797231331288,1.9375620566447007,1.9343421948905468,1.9322632441419432,0.0090695599442055,0.0233255585533311,1.9517685154669135,existing_confirmatory_summary_csv,0,,
done,confirm_K3_i000341,Transformer,32,2,256,16,1.975172139704228,16,24,13448,cpu,2.003473326563835,1.9412617683410645,1.9779685139656067,1.9446951746940613,drive://predictive_profile_confirmatory64_v1/runs/confirm_K3_i000341/transformer/d32/n256/seed2/DONE.json,1.9426797231331288,1.9375620566447007,1.9343421948905468,1.9322632441419432,0.0291040930329422,0.0124319305521181,5.642804245034419,existing_confirmatory_summary_csv,0,,
done,confirm_K3_i000341,Transformer,32,3,256,5,1.972719170153141,16,13,13448,cpu,1.9784022122621536,1.951306939125061,1.961432568728924,1.9475982412695885,drive://predictive_profile_confirmatory64_v1/runs/confirm_K3_i000341/transformer/d32/n256/seed3/DONE.json,1.9426797231331288,1.9375620566447007,1.9343421948905468,1.9322632441419432,0.0117937184160578,0.0153349971276453,2.9572344953252867,existing_confirmatory_summary_csv,0,,
done,confirm_K3_i000341,Transformer,128,1,256,28,1.9573813527822488,16,36,201224,cpu,1.898226149380207,2.002228587865829,1.9632291421294208,2.0081625878810883,drive://predictive_profile_confirmatory64_v1/runs/confirm_K3_i000341/transformer/d128/n256/seed1/DONE.json,1.9426797231331288,1.9375620566447007,1.9343421948905468,1.9322632441419432,0.0648482194254704,0.075899343739145,-10.55408824746916,existing_confirmatory_summary_csv,0,,
done,confirm_K3_i000341,Transformer,128,2,256,32,1.9678264036774635,16,40,201224,cpu,1.913378849625588,1.9882047325372696,1.965475097298622,1.952002115547657,drive://predictive_profile_confirmatory64_v1/runs/confirm_K3_i000341/transformer/d128/n256/seed2/DONE.json,1.9426797231331288,1.9375620566447007,1.9343421948905468,1.9322632441419432,0.0295371192544297,0.0197388714057138,-3.707900333188624,existing_confirmatory_summary_csv,0,,
done,confirm_K3_i000341,Transformer,128,3,256,19,1.960665114223957,16,27,201224,cpu,1.9843595251441,1.9731215313076973,1.9637915417552,1.945068471133709,drive://predictive_profile_confirmatory64_v1/runs/confirm_K3_i000341/transformer/d128/n256/seed3/DONE.json,1.9426797231331288,1.9375620566447007,1.9343421948905468,1.9322632441419432,0.0201774849520848,0.0128052269917657,3.7720091447061015,existing_confirmatory_summary_csv,0,,
done,confirm_K3_i000341,Transformer,256,1,256,20,1.9647139608860016,16,28,795656,cpu,1.966669611632824,1.9692287966609,1.9435882717370987,1.954994909465313,drive://predictive_profile_confirmatory64_v1/runs/confirm_K3_i000341/transformer/d256/n256/seed1/DONE.json,1.9426797231331288,1.9375620566447007,1.9343421948905468,1.9322632441419432,0.0081129492463277,0.0227316653233697,1.1207916012109378,existing_confirmatory_summary_csv,0,,
done,confirm_K3_i000341,Transformer,256,2,256,10,1.9729064032435413,16,18,795656,cpu,2.0122260823845863,2.001139521598816,1.9967472478747368,1.9696890860795973,drive://predictive_profile_confirmatory64_v1/runs/confirm_K3_i000341/transformer/d256/n256/seed2/DONE.json,1.9426797231331288,1.9375620566447007,1.9343421948905468,1.9322632441419432,0.0241846852543547,0.037425841937654,4.083625219326401,existing_confirmatory_summary_csv,0,,
done,confirm_K3_i000341,Transformer,256,3,256,10,1.9705281145870688,16,18,795656,cpu,2.039391815662384,1.9941656962037089,1.982523418962956,1.9497186243534088,drive://predictive_profile_confirmatory64_v1/runs/confirm_K3_i000341/transformer/d256/n256/seed3/DONE.json,1.9426797231331288,1.9375620566447007,1.9343421948905468,1.9322632441419432,0.0467928684158557,0.0174553802114656,8.608781468753174,existing_confirmatory_summary_csv,0,,
done,confirm_K3_i000975,GRU,8,1,256,48,1.0278855059295893,16,48,576,cpu,1.1346607021987438,0.9831849187612534,0.9533685967326164,0.9544665180146694,drive://predictive_profile_confirmatory64_v1/runs/confirm_K3_i000975/gru/d8/n256/seed1/DONE.json,1.0157131464906894,0.9402272892858976,0.9075909776404404,0.8940198827082537,0.0313982604991555,0.0604466353064157,1.4807243933092888,existing_confirmatory_summary_csv,0,,
done,confirm_K3_i000975,GRU,8,2,256,48,1.0558006893843412,16,48,576,cpu,1.198376514017582,1.029609847813845,0.998170416802168,1.024716641753912,drive://predictive_profile_confirmatory64_v1/runs/confirm_K3_i000975/gru/d8/n256/seed2/DONE.json,1.0157131464906894,0.9402272892858976,0.9075909776404404,0.8940198827082537,0.0387839880496098,0.1306967590456582,1.4270294580490552,existing_confirmatory_summary_csv,0,,
done,confirm_K3_i000975,GRU,8,3,256,48,0.9828595854341984,16,48,576,cpu,1.0831931121647358,1.0435448102653029,0.9673936329782008,1.0161877162754536,drive://predictive_profile_confirmatory64_v1/runs/confirm_K3_i000975/gru/d8/n256/seed3/DONE.json,1.0157131464906894,0.9402272892858976,0.9075909776404404,0.8940198827082537,0.0425309082754716,0.1221678335671998,0.5506089146320791,existing_confirmatory_summary_csv,0,,
done,confirm_K3_i000975,GRU,32,1,256,44,0.9967268165200948,16,48,6888,cpu,1.043249186128378,0.9489787966012956,0.8921095691621304,0.8996638506650925,drive://predictive_profile_confirmatory64_v1/runs/confirm_K3_i000975/gru/d32/n256/seed1/DONE.json,1.0157131464906894,0.9402272892858976,0.9075909776404404,0.8940198827082537,0.0152905292000571,0.0056439679568387,1.1798955094177486,existing_confirmatory_summary_csv,0,,
done,confirm_K3_i000975,GRU,32,2,256,38,0.9510448314249516,16,46,6888,cpu,1.0790614485740662,0.9470169767737388,0.9727924279868604,0.9332811944186687,drive://predictive_profile_confirmatory64_v1/runs/confirm_K3_i000975/gru/d32/n256/seed2/DONE.json,1.0157131464906894,0.9402272892858976,0.9075909776404404,0.8940198827082537,0.0240181196044484,0.039261311710415,1.1979319941325974,existing_confirmatory_summary_csv,0,,
done,confirm_K3_i000975,GRU,32,3,256,38,0.978099636733532,16,46,6888,cpu,1.0077733434736729,0.9800637029111384,0.963827397674322,0.906800102442503,drive://predictive_profile_confirmatory64_v1/runs/confirm_K3_i000975/gru/d32/n256/seed3/DONE.json,1.0157131464906894,0.9402272892858976,0.9075909776404404,0.8940198827082537,0.0276124895435094,0.0127802197342492,0.8297356640190926,existing_confirmatory_summary_csv,0,,
done,confirm_K3_i000975,GRU,128,1,256,17,0.9436898957937956,16,25,101256,cpu,1.0149895772337914,0.949577149003744,0.8920437917113304,0.9242712147533894,drive://predictive_profile_confirmatory64_v1/runs/confirm_K3_i000975/gru/d128/n256/seed1/DONE.json,1.0157131464906894,0.9402272892858976,0.9075909776404404,0.8940198827082537,0.0295542733997829,0.0302513320451356,0.7454674125807742,existing_confirmatory_summary_csv,0,,
done,confirm_K3_i000975,GRU,128,2,256,28,0.944672903046012,16,36,101256,cpu,1.0646608918905258,0.9614598974585532,0.9296525195240974,0.8981806673109531,drive://predictive_profile_confirmatory64_v1/runs/confirm_K3_i000975/gru/d128/n256/seed2/DONE.json,1.0157131464906894,0.9402272892858976,0.9075909776404404,0.8940198827082537,0.0255820060231784,0.0041607846026994,1.368031552487634,existing_confirmatory_summary_csv,0,,
done,confirm_K3_i000975,GRU,128,3,256,24,0.9244868233799934,16,32,101256,cpu,1.0310788601636889,1.0028036795556543,0.9171125143766404,0.957220919430256,drive://predictive_profile_confirmatory64_v1/runs/confirm_K3_i000975/gru/d128/n256/seed3/DONE.json,1.0157131464906894,0.9402272892858976,0.9075909776404404,0.8940198827082537,0.0359516933993327,0.0632010367220022,0.6069188912993306,existing_confirmatory_summary_csv,0,,
done,confirm_K3_i000975,GRU,256,1,256,12,0.9602349270135164,16,20,399112,cpu,1.057196669280529,0.99647868424654,0.9206265211105348,0.9031267054378986,drive://predictive_profile_confirmatory64_v1/runs/confirm_K3_i000975/gru/d256/n256/seed1/DONE.json,1.0157131464906894,0.9402272892858976,0.9075909776404404,0.8940198827082537,0.0286631132480754,0.0091068227296449,1.2660517028952236,existing_confirmatory_summary_csv,0,,
done,confirm_K3_i000975,GRU,256,2,256,26,0.9671637658029796,16,34,399112,cpu,1.0773850455880165,0.977434791624546,0.8705116286873817,0.9428285583853722,drive://predictive_profile_confirmatory64_v1/runs/confirm_K3_i000975/gru/d256/n256/seed2/DONE.json,1.0157131464906894,0.9402272892858976,0.9075909776404404,0.8940198827082537,0.0438086821145687,0.0488086756771184,1.1057020168610614,existing_confirmatory_summary_csv,0,,
done,confirm_K3_i000975,GRU,256,3,256,22,0.9557910710573196,16,30,399112,cpu,1.0236638635396955,1.015580989420414,1.0010965652763844,1.016018986701965,drive://predictive_profile_confirmatory64_v1/runs/confirm_K3_i000975/gru/d256/n256/seed3/DONE.json,1.0157131464906894,0.9402272892858976,0.9075909776404404,0.8940198827082537,0.0632350945684178,0.1219991039937113,0.0628208710993074,existing_confirmatory_summary_csv,0,,
done,confirm_K3_i000975,Transformer,8,1,256,47,1.030470322817564,16,48,1064,cpu,1.136644147336483,1.0144615285098553,1.0289763808250427,1.0615992546081543,drive://predictive_profile_confirmatory64_v1/runs/confirm_K3_i000975/transformer/d8/n256/seed1/DONE.json,1.0157131464906894,0.9402272892858976,0.9075909776404404,0.8940198827082537,0.0570597648565979,0.1675793718999005,0.6166725289124846,existing_confirmatory_summary_csv,0,,
done,confirm_K3_i000975,Transformer,8,2,256,48,1.056056033819914,16,48,1064,cpu,1.072108622640371,1.0281266048550606,1.0511379688978195,0.977991096675396,drive://predictive_profile_confirmatory64_v1/runs/confirm_K3_i000975/transformer/d8/n256/seed2/DONE.json,1.0157131464906894,0.9402272892858976,0.9075909776404404,0.8940198827082537,0.0328828395143615,0.0839712139671422,0.7733996364272,existing_confirmatory_summary_csv,0,,
done,confirm_K3_i000975,Transformer,8,3,256,47,1.0346878170967102,16,48,1064,cpu,1.0551110841333866,1.009969137609005,0.9625402428209782,0.9678162448108196,drive://predictive_profile_confirmatory64_v1/runs/confirm_K3_i000975/transformer/d8/n256/seed3/DONE.json,1.0157131464906894,0.9402272892858976,0.9075909776404404,0.8940198827082537,0.0197161339370668,0.0737963621025659,0.7173350160008319,existing_confirmatory_summary_csv,0,,
done,confirm_K3_i000975,Transformer,32,1,256,30,0.9849503356963396,16,38,13448,cpu,1.035970363765955,0.970120131969452,0.929788701236248,0.9734213314950466,drive://predictive_profile_confirmatory64_v1/runs/confirm_K3_i000975/transformer/d32/n256/seed1/DONE.json,1.0157131464906894,0.9402272892858976,0.9075909776404404,0.8940198827082537,0.0480140822444325,0.0794014487867929,0.5139892737426622,existing_confirmatory_summary_csv,0,,
done,confirm_K3_i000975,Transformer,32,2,256,35,0.9226224049925804,16,43,13448,cpu,1.005169153213501,0.9813399240374564,0.9793459475040436,0.9617160931229592,drive://predictive_profile_confirmatory64_v1/runs/confirm_K3_i000975/transformer/d32/n256/seed2/DONE.json,1.0157131464906894,0.9402272892858976,0.9075909776404404,0.8940198827082537,0.041366319322159,0.0676962104147055,0.3570703812186966,existing_confirmatory_summary_csv,0,,
done,confirm_K3_i000975,Transformer,32,3,256,25,0.950410356745124,16,33,13448,cpu,1.1212374530732632,0.9581444971263408,0.9647089689970016,0.9061255119740964,drive://predictive_profile_confirmatory64_v1/runs/confirm_K3_i000975/transformer/d32/n256/seed3/DONE.json,1.0157131464906894,0.9402272892858976,0.9075909776404404,0.8940198827082537,0.0519300887206112,0.0121056292658426,1.7676569303272671,existing_confirmatory_summary_csv,0,,
done,confirm_K3_i000975,Transformer,128,1,256,18,0.9876884240657092,16,26,201224,cpu,1.09577988833189,0.9635305628180504,0.9655395448207856,0.8917733244597912,drive://predictive_profile_confirmatory64_v1/runs/confirm_K3_i000975/transformer/d128/n256/seed1/DONE.json,1.0157131464906894,0.9402272892858976,0.9075909776404404,0.8940198827082537,0.0525635957699304,-0.0022465582484625,1.6763998066221943,existing_confirmatory_summary_csv,0,,
done,confirm_K3_i000975,Transformer,128,2,256,7,1.0294672064483166,16,15,201224,cpu,1.0569154806435108,0.9701132327318192,0.955340687185526,0.9864902049303056,drive://predictive_profile_confirmatory64_v1/runs/confirm_K3_i000975/transformer/d128/n256/seed2/DONE.json,1.0157131464906894,0.9402272892858976,0.9075909776404404,0.8940198827082537,0.0462199747556836,0.0924703222220518,0.5787113725465705,existing_confirmatory_summary_csv,0,,
done,confirm_K3_i000975,Transformer,128,3,256,6,0.9591478500515224,16,14,201224,cpu,1.0938143283128738,0.972477339208126,0.977441255003214,0.9248364083468914,drive://predictive_profile_confirmatory64_v1/runs/confirm_K3_i000975/transformer/d128/n256/seed3/DONE.json,1.0157131464906894,0.9402272892858976,0.9075909776404404,0.8940198827082537,0.0306656463975951,0.0308165256386376,1.38855606887233,existing_confirmatory_summary_csv,0,,
done,confirm_K3_i000975,Transformer,256,1,256,22,0.9633774999529124,16,30,795656,cpu,1.057547427713871,0.9741690196096896,1.008728560060263,0.955511387437582,drive://predictive_profile_confirmatory64_v1/runs/confirm_K3_i000975/transformer/d256/n256/seed1/DONE.json,1.0157131464906894,0.9402272892858976,0.9075909776404404,0.8940198827082537,0.026063422559246,0.0614915047293282,0.8384690910970217,existing_confirmatory_summary_csv,0,,
done,confirm_K3_i000975,Transformer,256,2,256,37,0.9792596884071828,16,45,795656,cpu,1.0257876105606556,0.9773635417222976,1.0188087560236454,0.9768483154475688,drive://predictive_profile_confirmatory64_v1/runs/confirm_K3_i000975/transformer/d256/n256/seed2/DONE.json,1.0157131464906894,0.9402272892858976,0.9075909776404404,0.8940198827082537,0.0452406626942592,0.082828432739315,0.4021528685480973,existing_confirmatory_summary_csv,0,,
done,confirm_K3_i000975,Transformer,256,3,256,24,0.9886201694607736,16,32,795656,cpu,1.005854457616806,0.9431320540606976,0.9524475745856762,0.9748150557279588,drive://predictive_profile_confirmatory64_v1/runs/confirm_K3_i000975/transformer/d256/n256/seed3/DONE.json,1.0157131464906894,0.9402272892858976,0.9075909776404404,0.8940198827082537,0.0624031642287476,0.080795173019705,0.2550626133615724,existing_confirmatory_summary_csv,0,,
done,confirm_K3_i001202,GRU,8,1,256,46,2.006981074810028,16,48,576,cpu,1.9961518719792368,1.996086612343788,1.9863896071910856,1.9751135110855105,drive://predictive_profile_confirmatory64_v1/runs/confirm_K3_i001202/gru/d8/n256/seed1/DONE.json,1.9860657789307687,1.9854790912352407,1.985392839271571,1.985379845856866,0.0156268731651695,-0.0102663347713556,30.67115684337549,existing_confirmatory_summary_csv,0,,
done,confirm_K3_i001202,GRU,8,2,256,30,2.004147488623857,16,38,576,cpu,2.0040843710303307,2.0115850269794464,1.990663893520832,1.9752950370311737,drive://predictive_profile_confirmatory64_v1/runs/confirm_K3_i001202/gru/d8/n256/seed2/DONE.json,1.9860657789307687,1.9854790912352407,1.985392839271571,1.985379845856866,0.0241628519988117,-0.0100848088256924,41.97105387462848,existing_confirmatory_summary_csv,0,,
done,confirm_K3_i001202,GRU,8,3,256,26,2.013224732130766,16,34,576,cpu,2.003699727356434,1.98113564401865,2.018526040017605,1.988844707608223,drive://predictive_profile_confirmatory64_v1/runs/confirm_K3_i001202/gru/d8/n256/seed3/DONE.json,1.9860657789307687,1.9854790912352407,1.985392839271571,1.985379845856866,0.016896323896236,0.0034648617513568,21.65666055974367,existing_confirmatory_summary_csv,0,,
done,confirm_K3_i001202,GRU,32,1,256,44,1.9902278743684287,16,48,6888,cpu,1.9756753370165825,2.0007846727967262,1.972518041729927,2.020956963300705,drive://predictive_profile_confirmatory64_v1/runs/confirm_K3_i001202/gru/d32/n256/seed1/DONE.json,1.9860657789307687,1.9854790912352407,1.985392839271571,1.985379845856866,0.0348982082137591,0.0355771174438388,-66.01464196279602,existing_confirmatory_summary_csv,0,,
done,confirm_K3_i001202,GRU,32,2,256,20,1.9784922748804088,16,28,6888,cpu,2.0122382789850235,1.9766706228256223,1.98504988104105,2.011291220784188,drive://predictive_profile_confirmatory64_v1/runs/confirm_K3_i001202/gru/d32/n256/seed2/DONE.json,1.9860657789307687,1.9854790912352407,1.985392839271571,1.985379845856866,0.0217647979386242,0.0259113749273216,1.3806860127729748,existing_confirmatory_summary_csv,0,,
done,confirm_K3_i001202,GRU,32,3,256,31,1.9866729080677032,16,39,6888,cpu,1.99609199911356,1.9813683480024336,1.9844517260789871,1.978501990437508,drive://predictive_profile_confirmatory64_v1/runs/confirm_K3_i001202/gru/d32/n256/seed3/DONE.json,1.9860657789307687,1.9854790912352407,1.985392839271571,1.985379845856866,0.0090643476059132,-0.006877855419358,25.643913882112532,existing_confirmatory_summary_csv,0,,
done,confirm_K3_i001202,GRU,128,1,256,5,2.0052523501217365,16,13,101256,cpu,1.989103831350804,2.00050050765276,2.028316266834736,1.9748169481754303,drive://predictive_profile_confirmatory64_v1/runs/confirm_K3_i001202/gru/d128/n256/seed1/DONE.json,1.9860657789307687,1.9854790912352407,1.985392839271571,1.985379845856866,0.0304151687474683,-0.0105628976814358,20.828392330009272,existing_confirmatory_summary_csv,0,,
done,confirm_K3_i001202,GRU,128,2,256,15,1.977570742368698,16,23,101256,cpu,2.015507996082306,2.011129602789879,2.01021945476532,2.041691839694977,drive://predictive_profile_confirmatory64_v1/runs/confirm_K3_i001202/gru/d128/n256/seed2/DONE.json,1.9860657789307687,1.9854790912352407,1.985392839271571,1.985379845856866,0.0257557782084605,0.0563119938381107,-38.1725923546699,existing_confirmatory_summary_csv,0,,
done,confirm_K3_i001202,GRU,128,3,256,6,2.0223365761339664,16,14,101256,cpu,2.002689309418201,2.0034420043230057,1.988898366689682,1.9916776791214943,drive://predictive_profile_confirmatory64_v1/runs/confirm_K3_i001202/gru/d128/n256/seed3/DONE.json,1.9860657789307687,1.9854790912352407,1.985392839271571,1.985379845856866,0.0079134550349021,0.0062978332646281,16.053505386547055,existing_confirmatory_summary_csv,0,,
done,confirm_K3_i001202,GRU,256,1,256,17,1.9958755634725087,16,25,399112,cpu,2.003121674060821,2.020162381231785,2.028357304632664,1.994923070073128,drive://predictive_profile_confirmatory64_v1/runs/confirm_K3_i001202/gru/d256/n256/seed1/DONE.json,1.9860657789307687,1.9854790912352407,1.985392839271571,1.985379845856866,0.0212452494181452,0.0095432242162618,11.95248384954957,existing_confirmatory_summary_csv,0,,
done,confirm_K3_i001202,GRU,256,2,256,18,2.010829873383045,16,26,399112,cpu,1.993169747292996,1.9965480715036392,1.992078103125096,1.9999082013964653,drive://predictive_profile_confirmatory64_v1/runs/confirm_K3_i001202/gru/d256/n256/seed2/DONE.json,1.9860657789307687,1.9854790912352407,1.985392839271571,1.985379845856866,0.0056701606992812,0.0145283555395991,-9.823777799678066,existing_confirmatory_summary_csv,0,,
done,confirm_K3_i001202,GRU,256,3,256,13,2.019181903451681,16,21,399112,cpu,1.9851122722029688,2.009491555392742,2.019019916653633,2.027601666748524,drive://predictive_profile_confirmatory64_v1/runs/confirm_K3_i001202/gru/d256/n256/seed3/DONE.json,1.9860657789307687,1.9854790912352407,1.985392839271571,1.985379845856866,0.0238199454434463,0.042221820891658,-61.94393616830698,existing_confirmatory_summary_csv,0,,
done,confirm_K3_i001202,Transformer,8,1,256,24,2.009035736322403,16,32,1064,cpu,1.954127572476864,1.986940748989582,1.9742107465863228,2.0171433314681053,drive://predictive_profile_confirmatory64_v1/runs/confirm_K3_i001202/transformer/d8/n256/seed1/DONE.json,1.9860657789307687,1.9854790912352407,1.985392839271571,1.985379845856866,0.0412929444295608,0.0317634856112392,-91.86866968334311,existing_confirmatory_summary_csv,0,,
done,confirm_K3_i001202,Transformer,8,2,256,44,1.9942838475108149,16,48,1064,cpu,2.0104281902313232,1.9655828475952148,1.98904912173748,2.0221994891762733,drive://predictive_profile_confirmatory64_v1/runs/confirm_K3_i001202/transformer/d8/n256/seed2/DONE.json,1.9860657789307687,1.9854790912352407,1.985392839271571,1.985379845856866,0.0334353217655597,0.0368196433194072,-17.161002133891866,existing_confirmatory_summary_csv,0,,
done,confirm_K3_i001202,Transformer,8,3,256,48,1.986494332551956,16,48,1064,cpu,2.0027393475174904,1.997941143810749,2.0118555277585983,1.9881810545921328,drive://predictive_profile_confirmatory64_v1/runs/confirm_K3_i001202/transformer/d8/n256/seed3/DONE.json,1.9860657789307687,1.9854790912352407,1.985392839271571,1.985379845856866,0.0145399440817079,0.0028012087352666,21.224071967441105,existing_confirmatory_summary_csv,0,,
done,confirm_K3_i001202,Transformer,32,1,256,13,1.986074071377516,16,21,13448,cpu,1.973973512649536,2.024822272360325,1.9919498339295387,1.9801321551203728,drive://predictive_profile_confirmatory64_v1/runs/confirm_K3_i001202/transformer/d32/n256/seed1/DONE.json,1.9860657789307687,1.9854790912352407,1.985392839271571,1.985379845856866,0.0233160066532922,-0.0052476907364933,-8.978488871803641,existing_confirmatory_summary_csv,0,,
done,confirm_K3_i001202,Transformer,32,2,256,19,2.013832539319992,16,27,13448,cpu,2.000720262527466,1.995635971426964,1.9855131283402443,2.031203009188175,drive://predictive_profile_confirmatory64_v1/runs/confirm_K3_i001202/transformer/d32/n256/seed2/DONE.json,1.9860657789307687,1.9854790912352407,1.985392839271571,1.985379845856866,0.032910192438127,0.045823163331309,-44.43982630444836,existing_confirmatory_summary_csv,0,,
done,confirm_K3_i001202,Transformer,32,3,256,19,2.010504335165024,16,27,13448,cpu,1.9986551851034164,2.005892165005207,2.0233882069587708,1.9876111522316933,drive://predictive_profile_confirmatory64_v1/runs/confirm_K3_i001202/transformer/d32/n256/seed3/DONE.json,1.9860657789307687,1.9854790912352407,1.985392839271571,1.985379845856866,0.0207179570577537,0.0022313063748271,16.10074406951668,existing_confirmatory_summary_csv,0,,
done,confirm_K3_i001202,Transformer,128,1,256,41,1.975584801286459,16,48,201224,cpu,2.0010829642415047,1.9906653091311453,2.024386465549469,2.032984957098961,drive://predictive_profile_confirmatory64_v1/runs/confirm_K3_i001202/transformer/d128/n256/seed1/DONE.json,1.9860657789307687,1.9854790912352407,1.985392839271571,1.985379845856866,0.0270900955263717,0.0476051112420947,-46.50890017002534,existing_confirmatory_summary_csv,0,,
done,confirm_K3_i001202,Transformer,128,2,256,5,2.012646358460188,16,13,201224,cpu,2.0258525162935257,2.011436179280281,2.0289660170674324,1.9893598034977915,drive://predictive_profile_confirmatory64_v1/runs/confirm_K3_i001202/transformer/d128/n256/seed2/DONE.json,1.9860657789307687,1.9854790912352407,1.985392839271571,1.985379845856866,0.0288649563358602,0.0039799576409254,53.20156467759743,existing_confirmatory_summary_csv,0,,
done,confirm_K3_i001202,Transformer,128,3,256,15,2.013563834130764,16,23,201224,cpu,2.0474730134010315,2.019337438046932,2.0322623029351234,1.9955482333898544,drive://predictive_profile_confirmatory64_v1/runs/confirm_K3_i001202/transformer/d128/n256/seed3/DONE.json,1.9860657789307687,1.9854790912352407,1.985392839271571,1.985379845856866,0.03366601623013,0.0101683875329883,75.69948437644172,existing_confirmatory_summary_csv,0,,
done,confirm_K3_i001202,Transformer,256,1,256,21,2.0154306925833225,16,29,795656,cpu,2.0119355469942093,2.027013137936592,2.004065252840519,1.997944213449955,drive://predictive_profile_confirmatory64_v1/runs/confirm_K3_i001202/transformer/d256/n256/seed1/DONE.json,1.9860657789307687,1.9854790912352407,1.985392839271571,1.985379845856866,0.0162294810064535,0.0125643675930888,20.3975199280744,existing_confirmatory_summary_csv,0,,
done,confirm_K3_i001202,Transformer,256,2,256,18,2.0044654086232185,16,26,795656,cpu,2.0308295115828514,2.014987453818321,2.023215875029564,2.0210055783391,drive://predictive_profile_confirmatory64_v1/runs/confirm_K3_i001202/transformer/d256/n256/seed2/DONE.json,1.9860657789307687,1.9854790912352407,1.985392839271571,1.985379845856866,0.0056069912447071,0.0356257324822337,14.32199964911738,existing_confirmatory_summary_csv,0,,
done,confirm_K3_i001202,Transformer,256,3,256,11,1.9820622839033604,16,19,795656,cpu,1.99414224922657,1.998349912464619,2.036394275724888,2.021834082901478,drive://predictive_profile_confirmatory64_v1/runs/confirm_K3_i001202/transformer/d256/n256/seed3/DONE.json,1.9860657789307687,1.9854790912352407,1.985392839271571,1.985379845856866,0.0198311381279588,0.0364542370446117,-40.37104307764971,existing_confirmatory_summary_csv,0,,
done,confirm_K4_i000373,GRU,8,1,256,48,1.9662896022200584,16,48,576,cpu,1.988241896033287,1.9999479353427887,2.0008910819888115,1.9766948595643044,drive://predictive_profile_confirmatory64_v1/runs/confirm_K4_i000373/gru/d8/n256/seed1/DONE.json,1.9683485060948225,1.968173948236204,1.9681637927149247,1.9681631215316773,0.0177109710060862,0.008531738032627,62.286936264149176,existing_confirmatory_summary_csv,0,,
done,confirm_K4_i000373,GRU,8,2,256,38,1.9731405191123488,16,46,576,cpu,1.97700547426939,1.957080751657486,1.976759552955628,1.9879505783319475,drive://predictive_profile_confirmatory64_v1/runs/confirm_K4_i000373/gru/d8/n256/seed2/DONE.json,1.9683485060948225,1.968173948236204,1.9681637927149247,1.9681631215316773,0.0173403907254245,0.0197874568002702,-59.03999705727588,existing_confirmatory_summary_csv,0,,
done,confirm_K4_i000373,GRU,8,3,256,48,1.9787594228982923,16,48,576,cpu,1.990542620420456,1.9871267303824425,1.964146465063095,1.9916327744722369,drive://predictive_profile_confirmatory64_v1/runs/confirm_K4_i000373/gru/d8/n256/seed3/DONE.json,1.9683485060948225,1.968173948236204,1.9681637927149247,1.9681631215316773,0.0139424103244127,0.0234696529405595,-5.8805006915652855,existing_confirmatory_summary_csv,0,,
done,confirm_K4_i000373,GRU,32,1,256,13,1.9714008271694183,16,21,6888,cpu,1.979879692196846,1.949609637260437,1.9831056743860245,1.96784345805645,drive://predictive_profile_confirmatory64_v1/runs/confirm_K4_i000373/gru/d32/n256/seed1/DONE.json,1.9683485060948225,1.968173948236204,1.9681637927149247,1.9681631215316773,0.0132874429290866,-0.0003196634752273,64.92576262117569,existing_confirmatory_summary_csv,0,,
done,confirm_K4_i000373,GRU,32,2,256,14,2.009414233267308,16,22,6888,cpu,1.996424823999405,1.9895751178264616,2.021558828651905,1.95969008654356,drive://predictive_profile_confirmatory64_v1/runs/confirm_K4_i000373/gru/d32/n256/seed2/DONE.json,1.9683485060948225,1.968173948236204,1.9681637927149247,1.9681631215316773,0.0389100934721909,-0.0084730349881172,198.15424128421813,existing_confirmatory_summary_csv,0,,
done,confirm_K4_i000373,GRU,32,3,256,19,1.97143030166626,16,27,6888,cpu,1.9756080582737925,2.015765130519867,2.0064423456788063,1.986122414469719,drive://predictive_profile_confirmatory64_v1/runs/confirm_K4_i000373/gru/d32/n256/seed3/DONE.json,1.9683485060948225,1.968173948236204,1.9681637927149247,1.9681631215316773,0.0187443701314565,0.0179592929380416,-56.71646019248524,existing_confirmatory_summary_csv,0,,
done,confirm_K4_i000373,GRU,128,1,256,20,1.975105334073305,16,28,101256,cpu,2.024533227086067,2.063542559742928,1.9839090034365647,1.9818501994013784,drive://predictive_profile_confirmatory64_v1/runs/confirm_K4_i000373/gru/d128/n256/seed1/DONE.json,1.9683485060948225,1.968173948236204,1.9681637927149247,1.9681631215316773,0.0460493173646972,0.0136870778697011,230.2404631784583,existing_confirmatory_summary_csv,0,,
done,confirm_K4_i000373,GRU,128,2,256,15,1.9737300351262093,16,23,101256,cpu,1.9809777215123177,1.9803735464811325,2.011731676757336,1.983875632286072,drive://predictive_profile_confirmatory64_v1/runs/confirm_K4_i000373/gru/d128/n256/seed2/DONE.json,1.9683485060948225,1.968173948236204,1.9681637927149247,1.9681631215316773,0.0141224031723396,0.0157125107543947,-15.631888246727804,existing_confirmatory_summary_csv,0,,
done,confirm_K4_i000373,GRU,128,3,256,12,1.9674708358943465,16,20,101256,cpu,2.00653088837862,2.006287463009357,2.0058375149965286,1.987420134246349,drive://predictive_profile_confirmatory64_v1/runs/confirm_K4_i000373/gru/d128/n256/seed3/DONE.json,1.9683485060948225,1.968173948236204,1.9681637927149247,1.9681631215316773,0.0162243064141599,0.0192570127146718,103.08708453412048,existing_confirmatory_summary_csv,0,,
done,confirm_K4_i000373,GRU,256,1,256,28,1.9588711373507977,16,36,399112,cpu,1.9793867841362955,1.997343562543392,2.028421439230442,1.9570927992463112,drive://predictive_profile_confirmatory64_v1/runs/confirm_K4_i000373/gru/d256/n256/seed1/DONE.json,1.9683485060948225,1.968173948236204,1.9681637927149247,1.9681631215316773,0.0424138003444763,-0.011070322285366,120.2580436674328,existing_confirmatory_summary_csv,0,,
done,confirm_K4_i000373,GRU,256,2,256,21,1.9881443567574024,16,29,399112,cpu,1.992057487368584,2.0066477060318,1.9583146423101423,1.9688782393932345,drive://predictive_profile_confirmatory64_v1/runs/confirm_K4_i000373/gru/d256/n256/seed2/DONE.json,1.9683485060948225,1.968173948236204,1.9681637927149247,1.9681631215316773,0.0227268366050506,0.0007151178615572,125.03332306689212,existing_confirmatory_summary_csv,0,,
done,confirm_K4_i000373,GRU,256,3,256,6,1.9994020126760008,16,14,399112,cpu,2.0362216159701347,2.0036161318421364,1.9820627197623253,1.9778421446681025,drive://predictive_profile_confirmatory64_v1/runs/confirm_K4_i000373/gru/d256/n256/seed3/DONE.json,1.9683485060948225,1.968173948236204,1.9681637927149247,1.9681631215316773,0.0318908284533678,0.0096790231364252,314.91009991109587,existing_confirmatory_summary_csv,0,,
done,confirm_K4_i000373,Transformer,8,1,256,48,1.9733345583081243,16,48,1064,cpu,1.9717858210206032,1.9732139855623243,1.997457042336464,2.007975161075592,drive://predictive_profile_confirmatory64_v1/runs/confirm_K4_i000373/transformer/d8/n256/seed1/DONE.json,1.9683485060948225,1.968173948236204,1.9681637927149247,1.9681631215316773,0.0257043657318677,0.0398120395439147,-195.2122627742339,existing_confirmatory_summary_csv,0,,
done,confirm_K4_i000373,Transformer,8,2,256,45,1.990774981677532,16,48,1064,cpu,1.993855744600296,1.9723859801888464,1.977789431810379,1.995221130549908,drive://predictive_profile_confirmatory64_v1/runs/confirm_K4_i000373/transformer/d8/n256/seed2/DONE.json,1.9683485060948225,1.968173948236204,1.9681637927149247,1.9681631215316773,0.0143895020621732,0.0270580090182306,-7.365154500714324,existing_confirmatory_summary_csv,0,,
done,confirm_K4_i000373,Transformer,8,3,256,41,1.9586438871920109,16,48,1064,cpu,1.9466040059924128,2.00207556784153,1.9769562408328056,1.9949424117803567,drive://predictive_profile_confirmatory64_v1/runs/confirm_K4_i000373/transformer/d8/n256/seed3/DONE.json,1.9683485060948225,1.968173948236204,1.9681637927149247,1.9681631215316773,0.0261190174745305,0.0267792902486798,-260.7466607135024,existing_confirmatory_summary_csv,0,,
done,confirm_K4_i000373,Transformer,32,1,256,11,1.9948380291461945,16,19,13448,cpu,2.010232627391815,2.001345932483673,1.9656729847192764,2.0031632632017136,drive://predictive_profile_confirmatory64_v1/runs/confirm_K4_i000373/transformer/d32/n256/seed1/DONE.json,1.9683485060948225,1.968173948236204,1.9681637927149247,1.9681631215316773,0.0190807667685353,0.0350001416700362,38.13351052624776,existing_confirmatory_summary_csv,0,,
done,confirm_K4_i000373,Transformer,32,2,256,12,1.98762147128582,16,20,13448,cpu,1.9702390730381008,1.977906115353108,1.997907854616642,1.942320927977562,drive://predictive_profile_confirmatory64_v1/runs/confirm_K4_i000373/transformer/d32/n256/seed2/DONE.json,1.9683485060948225,1.968173948236204,1.9681637927149247,1.9681631215316773,0.0357927120289821,-0.0258421935541153,150.59584566742546,existing_confirmatory_summary_csv,0,,
done,confirm_K4_i000373,Transformer,32,3,256,5,1.9674369879066944,16,13,13448,cpu,1.940634861588478,2.0084462016820908,2.0176220312714577,1.9961008951067924,drive://predictive_profile_confirmatory64_v1/runs/confirm_K4_i000373/transformer/d32/n256/seed3/DONE.json,1.9683485060948225,1.968173948236204,1.9681637927149247,1.9681631215316773,0.0304645291329781,0.0279377735751151,-299.1944559853616,existing_confirmatory_summary_csv,0,,
done,confirm_K4_i000373,Transformer,128,1,256,21,1.978032659739256,16,29,201224,cpu,1.959477573633194,1.9676921218633647,1.96694166213274,1.9625925421714785,drive://predictive_profile_confirmatory64_v1/runs/confirm_K4_i000373/transformer/d128/n256/seed1/DONE.json,1.9683485060948225,1.968173948236204,1.9681637927149247,1.9681631215316773,0.0037315125731895,-0.0055705793601987,-16.802739588649757,existing_confirmatory_summary_csv,0,,
done,confirm_K4_i000373,Transformer,128,2,256,40,1.9764194451272488,16,48,201224,cpu,2.0331824347376823,2.033492997288704,1.964770920574665,2.0106818974018097,drive://predictive_profile_confirmatory64_v1/runs/confirm_K4_i000373/transformer/d128/n256/seed2/DONE.json,1.9683485060948225,1.968173948236204,1.9681637927149247,1.9681631215316773,0.0279539707532352,0.0425187758701324,121.37222729946753,existing_confirmatory_summary_csv,0,,
done,confirm_K4_i000373,Transformer,128,3,256,17,1.982053887099028,16,25,201224,cpu,2.003140516579151,2.0035480931401253,1.970310099422932,1.9990256428718567,drive://predictive_profile_confirmatory64_v1/runs/confirm_K4_i000373/transformer/d128/n256/seed3/DONE.json,1.9683485060948225,1.968173948236204,1.9681637927149247,1.9681631215316773,0.0146664294812669,0.0308625213401794,22.19642044343989,existing_confirmatory_summary_csv,0,,
done,confirm_K4_i000373,Transformer,256,1,256,18,1.9837543182075024,16,26,795656,cpu,2.0342635214328766,2.010060228407383,1.987184904515744,1.9766920134425163,drive://predictive_profile_confirmatory64_v1/runs/confirm_K4_i000373/transformer/d256/n256/seed1/DONE.json,1.9683485060948225,1.968173948236204,1.9681637927149247,1.9681631215316773,0.0336004806207229,0.008528891910839,310.5517903627484,existing_confirmatory_summary_csv,0,,
done,confirm_K4_i000373,Transformer,256,2,256,10,2.0290305763483047,16,18,795656,cpu,2.0419211760163307,1.9874155819416048,2.021917536854744,2.03584985435009,drive://predictive_profile_confirmatory64_v1/runs/confirm_K4_i000373/transformer/d256/n256/seed2/DONE.json,1.9683485060948225,1.968173948236204,1.9681637927149247,1.9681631215316773,0.0253756776124745,0.0676867328184127,32.74987713774828,existing_confirmatory_summary_csv,0,,
done,confirm_K4_i000373,Transformer,256,3,256,9,2.013449165970087,16,17,795656,cpu,2.0083035603165627,1.978984817862511,2.0248401686549187,2.018489398062229,drive://predictive_profile_confirmatory64_v1/runs/confirm_K4_i000373/transformer/d256/n256/seed3/DONE.json,1.9683485060948225,1.968173948236204,1.9681637927149247,1.9681631215316773,0.0206721636355307,0.0503262765305518,-54.94436846766013,existing_confirmatory_summary_csv,0,,
done,confirm_K4_i000448,GRU,8,1,256,48,1.790738869458437,16,48,576,cpu,1.8062442913651464,1.7716721296310425,1.80719380825758,1.7450510039925575,drive://predictive_profile_confirmatory64_v1/runs/confirm_K4_i000448/gru/d8/n256/seed1/DONE.json,1.780835314116302,1.7651722341368257,1.7618563633873392,1.7610978633566257,0.0387136130781095,-0.0160468593640681,3.100364282990732,existing_confirmatory_summary_csv,0,,
done,confirm_K4_i000448,GRU,8,2,256,48,1.7747841030359268,16,48,576,cpu,1.78182140737772,1.8035354614257808,1.77676559984684,1.8672833293676376,drive://predictive_profile_confirmatory64_v1/runs/confirm_K4_i000448/gru/d8/n256/seed2/DONE.json,1.780835314116302,1.7651722341368257,1.7618563633873392,1.7610978633566257,0.0774566236246453,0.1061854660110119,-4.329937185430063,existing_confirmatory_summary_csv,0,,
done,confirm_K4_i000448,GRU,8,3,256,48,1.7986901327967644,16,48,576,cpu,1.8292392641305923,1.8117599040269847,1.7715491354465485,1.7953858822584152,drive://predictive_profile_confirmatory64_v1/runs/confirm_K4_i000448/gru/d8/n256/seed3/DONE.json,1.780835314116302,1.7651722341368257,1.7618563633873392,1.7610978633566257,0.0154553153709008,0.0342880189017895,1.715185121137306,existing_confirmatory_summary_csv,0,,
done,confirm_K4_i000448,GRU,32,1,256,35,1.7562162205576897,16,43,6888,cpu,1.7683045119047165,1.7013557404279709,1.7864799574017525,1.7328411489725113,drive://predictive_profile_confirmatory64_v1/runs/confirm_K4_i000448/gru/d32/n256/seed1/DONE.json,1.780835314116302,1.7651722341368257,1.7618563633873392,1.7610978633566257,0.0328181704075871,-0.0282567143841143,1.7967549793541164,existing_confirmatory_summary_csv,0,,
done,confirm_K4_i000448,GRU,32,2,256,14,1.823435012251139,16,22,6888,cpu,1.770480453968048,1.8123568817973137,1.7367346361279488,1.723454013466835,drive://predictive_profile_confirmatory64_v1/runs/confirm_K4_i000448/gru/d32/n256/seed2/DONE.json,1.780835314116302,1.7651722341368257,1.7618563633873392,1.7610978633566257,0.044992684163434,-0.0376438498897906,2.382599509623003,existing_confirmatory_summary_csv,0,,
done,confirm_K4_i000448,GRU,32,3,256,46,1.8004938252270222,16,48,6888,cpu,1.810960792005062,1.802339650690556,1.7634558901190758,1.8248803094029429,drive://predictive_profile_confirmatory64_v1/runs/confirm_K4_i000448/gru/d32/n256/seed3/DONE.json,1.780835314116302,1.7651722341368257,1.7618563633873392,1.7610978633566257,0.0377752126232723,0.0637824460463172,-0.7052337998136196,existing_confirmatory_summary_csv,0,,
done,confirm_K4_i000448,GRU,128,1,256,10,1.7521652691066265,16,18,101256,cpu,1.8304267451167109,1.7826216518878937,1.8158947750926016,1.7790771946310997,drive://predictive_profile_confirmatory64_v1/runs/confirm_K4_i000448/gru/d128/n256/seed1/DONE.json,1.780835314116302,1.7651722341368257,1.7618563633873392,1.7610978633566257,0.0239784431257473,0.017979331274474,2.601630327586092,existing_confirmatory_summary_csv,0,,
done,confirm_K4_i000448,GRU,128,2,256,5,1.7762227654457092,16,13,101256,cpu,1.8025209456682203,1.759444810450077,1.7294202521443367,1.794787310063839,drive://predictive_profile_confirmatory64_v1/runs/confirm_K4_i000448/gru/d128/n256/seed2/DONE.json,1.780835314116302,1.7651722341368257,1.7618563633873392,1.7610978633566257,0.0389562917388328,0.0336894467072133,0.3918254539832046,existing_confirmatory_summary_csv,0,,
done,confirm_K4_i000448,GRU,128,3,256,8,1.7735554985702038,16,16,101256,cpu,1.8451239466667173,1.831406868994236,1.7652347907423973,1.7884054630994797,drive://predictive_profile_confirmatory64_v1/runs/confirm_K4_i000448/gru/d128/n256/seed3/DONE.json,1.780835314116302,1.7651722341368257,1.7618563633873392,1.7610978633566257,0.0293918191912676,0.027307599742854,2.8736478817778006,existing_confirmatory_summary_csv,0,,
done,confirm_K4_i000448,GRU,256,1,256,19,1.7685667648911476,16,27,399112,cpu,1.770274356007576,1.778867945075035,1.8820216581225395,1.7795088961720469,drive://predictive_profile_confirmatory64_v1/runs/confirm_K4_i000448/gru/d256/n256/seed1/DONE.json,1.780835314116302,1.7651722341368257,1.7618563633873392,1.7610978633566257,0.0529517240922181,0.0184110328154212,-0.4678689399614397,existing_confirmatory_summary_csv,0,,
done,confirm_K4_i000448,GRU,256,2,256,14,1.8048639297485352,16,22,399112,cpu,1.8137751147151,1.7850883230566978,1.73292975127697,1.743292048573494,drive://predictive_profile_confirmatory64_v1/runs/confirm_K4_i000448/gru/d256/n256/seed2/DONE.json,1.780835314116302,1.7651722341368257,1.7618563633873392,1.7610978633566257,0.032100356823028,-0.0178058147831317,3.5710318926090787,existing_confirmatory_summary_csv,0,,
done,confirm_K4_i000448,GRU,256,3,256,33,1.785793162882328,16,41,399112,cpu,1.7935642376542091,1.7118722572922709,1.767375223338604,1.747009202837944,drive://predictive_profile_confirmatory64_v1/runs/confirm_K4_i000448/gru/d256/n256/seed3/DONE.json,1.780835314116302,1.7651722341368257,1.7618563633873392,1.7610978633566257,0.0256961329854282,-0.0140886605186816,2.3587156914598664,existing_confirmatory_summary_csv,0,,
done,confirm_K4_i000448,Transformer,8,1,256,48,1.8053110130131245,16,48,1064,cpu,1.7888924553990364,1.7805158123373983,1.8395783454179764,1.83410144597292,drive://predictive_profile_confirmatory64_v1/runs/confirm_K4_i000448/transformer/d8/n256/seed1/DONE.json,1.780835314116302,1.7651722341368257,1.7618563633873392,1.7610978633566257,0.0434884457187992,0.073003582616294,-2.2905182196195923,existing_confirmatory_summary_csv,0,,
done,confirm_K4_i000448,Transformer,8,2,256,46,1.7829273790121078,16,48,1064,cpu,1.760609649121761,1.8182937055826187,1.8401881605386727,1.7758355140686035,drive://predictive_profile_confirmatory64_v1/runs/confirm_K4_i000448/transformer/d8/n256/seed2/DONE.json,1.780835314116302,1.7651722341368257,1.7618563633873392,1.7610978633566257,0.0410486497971298,0.0147376507119778,-0.7714200345441202,existing_confirmatory_summary_csv,0,,
done,confirm_K4_i000448,Transformer,8,3,256,43,1.825725175440312,16,48,1064,cpu,1.8221007287502289,1.8023352473974228,1.8346383199095728,1.8616870120167728,drive://predictive_profile_confirmatory64_v1/runs/confirm_K4_i000448/transformer/d8/n256/seed3/DONE.json,1.780835314116302,1.7651722341368257,1.7618563633873392,1.7610978633566257,0.0455944623971228,0.1005891486601471,-2.005643167830909,existing_confirmatory_summary_csv,0,,
done,confirm_K4_i000448,Transformer,32,1,256,22,1.767920970916748,16,30,13448,cpu,1.833123229444027,1.757693991065025,1.858731865882873,1.75335343927145,drive://predictive_profile_confirmatory64_v1/runs/confirm_K4_i000448/transformer/d32/n256/seed1/DONE.json,1.780835314116302,1.7651722341368257,1.7618563633873392,1.7610978633566257,0.0603102015944869,-0.0077444240851756,4.0415447336059565,existing_confirmatory_summary_csv,0,,
done,confirm_K4_i000448,Transformer,32,2,256,34,1.797190498560667,16,42,13448,cpu,1.805768780410289,1.8442892953753471,1.7608425319194794,1.7767682671546936,drive://predictive_profile_confirmatory64_v1/runs/confirm_K4_i000448/transformer/d32/n256/seed2/DONE.json,1.780835314116302,1.7651722341368257,1.7618563633873392,1.7610978633566257,0.0331272032232514,0.0156704037980679,1.4693140268572078,existing_confirmatory_summary_csv,0,,
done,confirm_K4_i000448,Transformer,32,3,256,6,1.833972658962012,16,14,13448,cpu,1.8217795565724373,1.7942133992910383,1.773176148533821,1.7700324431061745,drive://predictive_profile_confirmatory64_v1/runs/confirm_K4_i000448/transformer/d32/n256/seed3/DONE.json,1.780835314116302,1.7651722341368257,1.7618563633873392,1.7610978633566257,0.0189379413348575,0.0089345797495488,2.62177289743933,existing_confirmatory_summary_csv,0,,
done,confirm_K4_i000448,Transformer,128,1,256,8,1.814962327480316,16,16,201224,cpu,1.8243640437722208,1.7385474368929863,1.8349293023347848,1.784447245299816,drive://predictive_profile_confirmatory64_v1/runs/confirm_K4_i000448/transformer/d128/n256/seed1/DONE.json,1.780835314116302,1.7651722341368257,1.7618563633873392,1.7610978633566257,0.0366642086396393,0.0233493819431902,2.022388755185902,existing_confirmatory_summary_csv,0,,
done,confirm_K4_i000448,Transformer,128,2,256,19,1.774544883519411,16,27,201224,cpu,1.824657380580902,1.8485929816961288,1.7584194988012314,1.812282122671604,drive://predictive_profile_confirmatory64_v1/runs/confirm_K4_i000448/transformer/d128/n256/seed2/DONE.json,1.780835314116302,1.7651722341368257,1.7618563633873392,1.7610978633566257,0.0319251477448047,0.0511842593149782,0.6269937318643414,existing_confirmatory_summary_csv,0,,
done,confirm_K4_i000448,Transformer,128,3,256,12,1.8208149448037148,16,20,201224,cpu,1.8225468322634697,1.7803240418434143,1.7789398208260536,1.803408347070217,drive://predictive_profile_confirmatory64_v1/runs/confirm_K4_i000448/transformer/d128/n256/seed3/DONE.json,1.780835314116302,1.7651722341368257,1.7618563633873392,1.7610978633566257,0.0185361491205456,0.0423104837135912,0.969653347146164,existing_confirmatory_summary_csv,0,,
done,confirm_K4_i000448,Transformer,256,1,256,9,1.7888863272964954,16,17,795656,cpu,1.8148067146539688,1.794689640402794,1.8073937371373177,1.8694797530770304,drive://predictive_profile_confirmatory64_v1/runs/confirm_K4_i000448/transformer/d256/n256/seed1/DONE.json,1.780835314116302,1.7651722341368257,1.7618563633873392,1.7610978633566257,0.0626617124696305,0.1083818897204047,-2.7700151903486274,existing_confirmatory_summary_csv,0,,
done,confirm_K4_i000448,Transformer,256,2,256,10,1.828082237392664,16,18,795656,cpu,1.7897952497005465,1.825084500014782,1.7681149020791054,1.80469872802496,drive://predictive_profile_confirmatory64_v1/runs/confirm_K4_i000448/transformer/d256/n256/seed2/DONE.json,1.780835314116302,1.7651722341368257,1.7618563633873392,1.7610978633566257,0.0267418449558481,0.0436008646683343,-0.7550862827159698,existing_confirmatory_summary_csv,0,,
done,confirm_K4_i000448,Transformer,256,3,256,18,1.764443263411522,16,26,795656,cpu,1.8376159518957136,1.790921971201897,1.782307781279087,1.7904311493039131,drive://predictive_profile_confirmatory64_v1/runs/confirm_K4_i000448/transformer/d256/n256/seed3/DONE.json,1.780835314116302,1.7651722341368257,1.7618563633873392,1.7610978633566257,0.0145351859752778,0.0293332859472874,2.3906229414489064,existing_confirmatory_summary_csv,0,,
done,confirm_K4_i000654,GRU,8,1,256,48,0.98560949601233,16,48,576,cpu,0.9172329232096672,0.9485454112291336,0.9357888139784336,0.8243649154901505,drive://predictive_profile_confirmatory64_v1/runs/confirm_K4_i000654/gru/d8/n256/seed1/DONE.json,0.8856753496562095,0.853664133064591,0.8470754111606197,0.8458633863275855,0.0844183731760632,-0.021498470837435,2.332665861086697,existing_confirmatory_summary_csv,0,,
done,confirm_K4_i000654,GRU,8,2,256,48,1.01311157643795,16,48,576,cpu,1.0085469409823418,0.9132867604494096,0.9174856171011924,0.935589611530304,drive://predictive_profile_confirmatory64_v1/runs/confirm_K4_i000654/gru/d8/n256/seed2/DONE.json,0.8856753496562095,0.853664133064591,0.8470754111606197,0.8458633863275855,0.02438211689524,0.0897262252027184,1.832547891442041,existing_confirmatory_summary_csv,0,,
done,confirm_K4_i000654,GRU,8,3,256,48,0.9445618819445372,16,48,576,cpu,1.003393787890673,0.923503290861845,0.8913751468062401,0.8948401920497417,drive://predictive_profile_confirmatory64_v1/runs/confirm_K4_i000654/gru/d8/n256/seed3/DONE.json,0.8856753496562095,0.853664133064591,0.8470754111606197,0.8458633863275855,0.0359948772711591,0.0489768057221562,2.726657686908981,existing_confirmatory_summary_csv,0,,
done,confirm_K4_i000654,GRU,32,1,256,44,0.8757898267358541,16,48,6888,cpu,0.8927514180541039,0.8327473551034927,0.8669892624020576,0.8595611080527306,drive://predictive_profile_confirmatory64_v1/runs/confirm_K4_i000654/gru/d32/n256/seed1/DONE.json,0.8856753496562095,0.853664133064591,0.8470754111606197,0.8458633863275855,0.0178930862868773,0.013697721725145,0.8336767952740002,existing_confirmatory_summary_csv,0,,
done,confirm_K4_i000654,GRU,32,2,256,47,0.846082640811801,16,48,6888,cpu,0.899668101221323,0.9058665782213212,0.8930493704974651,0.8487851060926914,drive://predictive_profile_confirmatory64_v1/runs/confirm_K4_i000654/gru/d32/n256/seed2/DONE.json,0.8856753496562095,0.853664133064591,0.8470754111606197,0.8458633863275855,0.0331837798193029,0.0029217197651059,1.2780830402314702,existing_confirmatory_summary_csv,0,,
done,confirm_K4_i000654,GRU,32,3,256,44,0.9317120090126992,16,48,6888,cpu,0.9136444739997388,0.907179668545723,0.8334432803094387,0.8890426345169544,drive://predictive_profile_confirmatory64_v1/runs/confirm_K4_i000654/gru/d32/n256/seed3/DONE.json,0.8856753496562095,0.853664133064591,0.8470754111606197,0.8458633863275855,0.0298568228838597,0.0431792481893689,0.6179509229351706,existing_confirmatory_summary_csv,0,,
done,confirm_K4_i000654,GRU,128,1,256,16,0.909623086452484,16,24,101256,cpu,0.915926557034254,0.906051317229867,0.9575909040868282,0.93144528567791,drive://predictive_profile_confirmatory64_v1/runs/confirm_K4_i000654/gru/d128/n256/seed1/DONE.json,0.8856753496562095,0.853664133064591,0.8470754111606197,0.8458633863275855,0.0345870592814537,0.0855818993503244,-0.3898006364458378,existing_confirmatory_summary_csv,0,,
done,confirm_K4_i000654,GRU,128,2,256,25,0.854537446051836,16,33,101256,cpu,0.9712224304676056,0.847166832536459,0.7239195443689823,0.966326590627432,drive://predictive_profile_confirmatory64_v1/runs/confirm_K4_i000654/gru/d128/n256/seed2/DONE.json,0.8856753496562095,0.853664133064591,0.8470754111606197,0.8458633863275855,0.1384633139726127,0.1204632042998464,0.1229740869537473,existing_confirmatory_summary_csv,0,,
done,confirm_K4_i000654,GRU,128,3,256,16,0.8657990889623761,16,24,101256,cpu,0.8765680342912674,0.8221764080226421,0.9007832817733288,0.8652831092476845,drive://predictive_profile_confirmatory64_v1/runs/confirm_K4_i000654/gru/d128/n256/seed3/DONE.json,0.8856753496562095,0.853664133064591,0.8470754111606197,0.8458633863275855,0.0338416800835709,0.0194197229200989,0.2834556274060786,existing_confirmatory_summary_csv,0,,
done,confirm_K4_i000654,GRU,256,1,256,25,0.9156739562749864,16,33,399112,cpu,0.8637634627521038,0.876969538629055,0.8672173172235489,0.8696045354008675,drive://predictive_profile_confirmatory64_v1/runs/confirm_K4_i000654/gru/d256/n256/seed1/DONE.json,0.8856753496562095,0.853664133064591,0.8470754111606197,0.8458633863275855,0.0228983848590119,0.0237411490732819,-0.1467165183628118,existing_confirmatory_summary_csv,0,,
done,confirm_K4_i000654,GRU,256,2,256,8,0.9433405492454768,16,16,399112,cpu,0.9355216771364212,0.8052412010729313,0.8797798417508602,0.9075967445969582,drive://predictive_profile_confirmatory64_v1/runs/confirm_K4_i000654/gru/d256/n256/seed2/DONE.json,0.8856753496562095,0.853664133064591,0.8470754111606197,0.8458633863275855,0.0572677667349957,0.0617333582693726,0.7014206335155936,existing_confirmatory_summary_csv,0,,
done,confirm_K4_i000654,GRU,256,3,256,12,0.9136545099318027,16,20,399112,cpu,0.9454306066036224,0.8927767649292946,0.8921155072748661,0.827985005453229,drive://predictive_profile_confirmatory64_v1/runs/confirm_K4_i000654/gru/d256/n256/seed3/DONE.json,0.8856753496562095,0.853664133064591,0.8470754111606197,0.8458633863275855,0.0575188925506888,-0.0178783808743565,2.950007769798994,existing_confirmatory_summary_csv,0,,
done,confirm_K4_i000654,Transformer,8,1,256,47,0.9541135169565678,16,48,1064,cpu,0.9387632347643377,0.918677356094122,1.0557431988418102,0.8589421063661575,drive://predictive_profile_confirmatory64_v1/runs/confirm_K4_i000654/transformer/d8/n256/seed1/DONE.json,0.8856753496562095,0.853664133064591,0.8470754111606197,0.8458633863275855,0.1031419037925295,0.013078720038572,2.0049533287093704,existing_confirmatory_summary_csv,0,,
done,confirm_K4_i000654,Transformer,8,2,256,48,0.9552004467695951,16,48,1064,cpu,0.9548545852303504,0.9142909273505212,0.982039213180542,1.0442563220858574,drive://predictive_profile_confirmatory64_v1/runs/confirm_K4_i000654/transformer/d8/n256/seed2/DONE.json,0.8856753496562095,0.853664133064591,0.8470754111606197,0.8458633863275855,0.0996229705668441,0.1983929357582718,-2.2455997991746592,existing_confirmatory_summary_csv,0,,
done,confirm_K4_i000654,Transformer,8,3,256,48,0.9548898432403804,16,48,1064,cpu,0.9617039076983928,0.9094388447701932,0.8995069600641727,0.9335963353514672,drive://predictive_profile_confirmatory64_v1/runs/confirm_K4_i000654/transformer/d8/n256/seed3/DONE.json,0.8856753496562095,0.853664133064591,0.8470754111606197,0.8458633863275855,0.0245179044332885,0.0877329490238817,0.7060081944443247,existing_confirmatory_summary_csv,0,,
done,confirm_K4_i000654,Transformer,32,1,256,21,0.9248083811253308,16,29,13448,cpu,0.8384667746722698,0.8594133518636227,0.931748017668724,0.8415381982922554,drive://predictive_profile_confirmatory64_v1/runs/confirm_K4_i000654/transformer/d32/n256/seed1/DONE.json,0.8856753496562095,0.853664133064591,0.8470754111606197,0.8458633863275855,0.0496515004376599,-0.0043251880353301,-0.0771482580407504,existing_confirmatory_summary_csv,0,,
done,confirm_K4_i000654,Transformer,32,2,256,19,0.9059725981205702,16,27,13448,cpu,0.8960085697472095,0.9777283780276776,0.9137066379189492,0.9255401641130448,drive://predictive_profile_confirmatory64_v1/runs/confirm_K4_i000654/transformer/d32/n256/seed2/DONE.json,0.8856753496562095,0.853664133064591,0.8470754111606197,0.8458633863275855,0.0416802190426441,0.0796767777854593,-0.7417768905810949,existing_confirmatory_summary_csv,0,,
done,confirm_K4_i000654,Transformer,32,3,256,45,0.93473095074296,16,48,13448,cpu,0.8542240671813488,0.8750494867563248,0.8664573915302753,0.9008519276976584,drive://predictive_profile_confirmatory64_v1/runs/confirm_K4_i000654/transformer/d32/n256/seed3/DONE.json,0.8856753496562095,0.853664133064591,0.8470754111606197,0.8458633863275855,0.0496710291688356,0.0549885413700729,-1.1712022371623434,existing_confirmatory_summary_csv,0,,
done,confirm_K4_i000654,Transformer,128,1,256,23,0.9164117407053708,16,31,201224,cpu,0.8962258137762547,0.8932962901890278,0.8703315518796444,0.8552944846451283,drive://predictive_profile_confirmatory64_v1/runs/confirm_K4_i000654/transformer/d128/n256/seed1/DONE.json,0.8856753496562095,0.853664133064591,0.8470754111606197,0.8458633863275855,0.0166169245820342,0.0094310983175427,1.028116317531559,existing_confirmatory_summary_csv,0,,
done,confirm_K4_i000654,Transformer,128,2,256,24,0.8732067700475454,16,32,201224,cpu,0.99276639893651,0.7790720984339714,0.8918198049068451,0.8520747385919094,drive://predictive_profile_confirmatory64_v1/runs/confirm_K4_i000654/transformer/d128/n256/seed2/DONE.json,0.8856753496562095,0.853664133064591,0.8470754111606197,0.8458633863275855,0.0674364439483116,0.0062113522643238,3.533904097702361,existing_confirmatory_summary_csv,0,,
done,confirm_K4_i000654,Transformer,128,3,256,6,0.9423172418028116,16,14,201224,cpu,0.9595567174255848,1.0190096832811832,0.971092503517866,0.932783741503954,drive://predictive_profile_confirmatory64_v1/runs/confirm_K4_i000654/transformer/d128/n256/seed3/DONE.json,0.8856753496562095,0.853664133064591,0.8470754111606197,0.8458633863275855,0.0438654029936007,0.0869203551763685,0.6724856973426755,existing_confirmatory_summary_csv,0,,
done,confirm_K4_i000654,Transformer,256,1,256,15,0.9421453773975372,16,23,795656,cpu,0.8694543242454529,0.9720551408827304,0.8575073257088661,0.8317209333181381,drive://predictive_profile_confirmatory64_v1/runs/confirm_K4_i000654/transformer/d256/n256/seed1/DONE.json,0.8856753496562095,0.853664133064591,0.8470754111606197,0.8458633863275855,0.067404262185387,-0.0141424530094473,0.947790256306832,existing_confirmatory_summary_csv,0,,
done,confirm_K4_i000654,Transformer,256,2,256,15,0.907485280185938,16,23,795656,cpu,0.9572786949574948,0.8988369442522526,0.9104459024965764,0.8674755357205868,drive://predictive_profile_confirmatory64_v1/runs/confirm_K4_i000654/transformer/d256/n256/seed2/DONE.json,0.8856753496562095,0.853664133064591,0.8470754111606197,0.8458633863275855,0.0346337392377995,0.0216121493930012,2.2556827578594034,existing_confirmatory_summary_csv,0,,
done,confirm_K4_i000654,Transformer,256,3,256,17,0.926332525908947,16,25,795656,cpu,0.9494146779179572,0.906356267631054,0.9033338353037834,0.9194434843957424,drive://predictive_profile_confirmatory64_v1/runs/confirm_K4_i000654/transformer/d256/n256/seed3/DONE.json,0.8856753496562095,0.853664133064591,0.8470754111606197,0.8458633863275855,0.014432499412737,0.0735800980681569,0.7528187764773228,existing_confirmatory_summary_csv,0,,
done,confirm_K4_i000909,GRU,8,1,256,47,1.7024113684892654,16,48,576,cpu,1.6710141897201538,1.65302162617445,1.6288560032844543,1.6543859615921974,drive://predictive_profile_confirmatory64_v1/runs/confirm_K4_i000909/gru/d8/n256/seed1/DONE.json,1.6318533017249228,1.6316537487975449,1.6316514294605773,1.6316514066853085,0.0151943423705919,0.0227345549068889,82.36075616182222,existing_confirmatory_summary_csv,0,,
done,confirm_K4_i000909,GRU,8,2,256,48,1.6078094616532326,16,48,576,cpu,1.7109403535723686,1.6240402981638908,1.6657720431685448,1.6914575472474098,drive://predictive_profile_confirmatory64_v1/runs/confirm_K4_i000909/gru/d8/n256/seed2/DONE.json,1.6318533017249228,1.6316537487975449,1.6316514294605773,1.6316514066853085,0.0373393261413838,0.0598061405621013,96.49967806131772,existing_confirmatory_summary_csv,0,,
done,confirm_K4_i000909,GRU,8,3,256,48,1.6544729135930538,16,48,576,cpu,1.7247069254517555,1.6587097942829132,1.64511439204216,1.6413497850298882,drive://predictive_profile_confirmatory64_v1/runs/confirm_K4_i000909/gru/d8/n256/seed3/DONE.json,1.6318533017249228,1.6316537487975449,1.6316514294605773,1.6316514066853085,0.0425154546536627,0.0096983783445796,412.8736425674685,existing_confirmatory_summary_csv,0,,
done,confirm_K4_i000909,GRU,32,1,256,48,1.6272178255021572,16,48,6888,cpu,1.646461382508278,1.6042499169707298,1.5772140994668007,1.627632312476635,drive://predictive_profile_confirmatory64_v1/runs/confirm_K4_i000909/gru/d32/n256/seed1/DONE.json,1.6318533017249228,1.6316537487975449,1.6316514294605773,1.6316514066853085,0.0293079174513271,-0.0040190942086735,93.26167729337055,existing_confirmatory_summary_csv,0,,
done,confirm_K4_i000909,GRU,32,2,256,46,1.660429671406746,16,48,6888,cpu,1.691796563565731,1.6188537552952766,1.6631648242473602,1.56653094291687,drive://predictive_profile_confirmatory64_v1/runs/confirm_K4_i000909/gru/d32/n256/seed2/DONE.json,1.6318533017249228,1.6316537487975449,1.6316514294605773,1.6316514066853085,0.0832413204055065,-0.0651204637684386,620.4492239539735,existing_confirmatory_summary_csv,0,,
done,confirm_K4_i000909,GRU,32,3,256,23,1.6146122850477695,16,31,6888,cpu,1.6282969415187836,1.6401348859071732,1.6859661489725113,1.6855424642562866,drive://predictive_profile_confirmatory64_v1/runs/confirm_K4_i000909/gru/d32/n256/seed3/DONE.json,1.6318533017249228,1.6316537487975449,1.6316514294605773,1.6316514066853085,0.0366143625337277,0.0538910575709781,-283.5410064896064,existing_confirmatory_summary_csv,0,,
done,confirm_K4_i000909,GRU,128,1,256,10,1.644478190690279,16,18,101256,cpu,1.6884898617863655,1.657974898815155,1.6676819771528244,1.6613235771656036,drive://predictive_profile_confirmatory64_v1/runs/confirm_K4_i000909/gru/d128/n256/seed1/DONE.json,1.6318533017249228,1.6316537487975449,1.6316514294605773,1.6316514066853085,0.0139529262557599,0.0296721704802951,134.5564738621499,existing_confirmatory_summary_csv,0,,
done,confirm_K4_i000909,GRU,128,2,256,11,1.7091078832745552,16,19,101256,cpu,1.6507622376084328,1.6600541472434998,1.689958117902279,1.7298177927732468,drive://predictive_profile_confirmatory64_v1/runs/confirm_K4_i000909/gru/d128/n256/seed2/DONE.json,1.6318533017249228,1.6316537487975449,1.6316514294605773,1.6316514066853085,0.0564310019869801,0.0981663860879382,-391.567595300182,existing_confirmatory_summary_csv,0,,
done,confirm_K4_i000909,GRU,128,3,256,15,1.6690277867019176,16,23,101256,cpu,1.671879693865776,1.661580704152584,1.7317115887999537,1.6344392150640488,drive://predictive_profile_confirmatory64_v1/runs/confirm_K4_i000909/gru/d128/n256/seed3/DONE.json,1.6318533017249228,1.6316537487975449,1.6316514294605773,1.6316514066853085,0.0538171805295907,0.0027878083787402,185.4452634064212,existing_confirmatory_summary_csv,0,,
done,confirm_K4_i000909,GRU,256,1,256,14,1.6860708706080914,16,22,399112,cpu,1.6475308686494827,1.6807792633771896,1.6412745341658592,1.612688086926937,drive://predictive_profile_confirmatory64_v1/runs/confirm_K4_i000909/gru/d256/n256/seed1/DONE.json,1.6318533017249228,1.6316537487975449,1.6316514294605773,1.6316514066853085,0.0407837714517234,-0.0189633197583714,172.5786913294447,existing_confirmatory_summary_csv,0,,
done,confirm_K4_i000909,GRU,256,2,256,10,1.631622839719057,16,18,399112,cpu,1.6625836566090584,1.6570093780755997,1.64964260160923,1.624190390110016,drive://predictive_profile_confirmatory64_v1/runs/confirm_K4_i000909/gru/d256/n256/seed2/DONE.json,1.6318533017249228,1.6316537487975449,1.6316514294605773,1.6316514066853085,0.0282104901138536,-0.0074610165752924,190.16448632113529,existing_confirmatory_summary_csv,0,,
done,confirm_K4_i000909,GRU,256,3,256,14,1.627346932888031,16,22,399112,cpu,1.6461971402168274,1.6835432648658752,1.6438268944621086,1.5798190087080002,drive://predictive_profile_confirmatory64_v1/runs/confirm_K4_i000909/gru/d256/n256/seed3/DONE.json,1.6318533017249228,1.6316537487975449,1.6316514294605773,1.6316514066853085,0.0693443152854614,-0.0518323979773083,328.77544508091705,existing_confirmatory_summary_csv,0,,
done,confirm_K4_i000909,Transformer,8,1,256,42,1.6109467148780825,16,48,1064,cpu,1.6327299252152443,1.6817708760499954,1.6626926064491272,1.6194011121988297,drive://predictive_profile_confirmatory64_v1/runs/confirm_K4_i000909/transformer/d8/n256/seed1/DONE.json,1.6318533017249228,1.6316537487975449,1.6316514294605773,1.6316514066853085,0.0385232487350312,-0.0122502944864788,66.01852646739965,existing_confirmatory_summary_csv,0,,
done,confirm_K4_i000909,Transformer,8,2,256,48,1.659969363361597,16,48,1064,cpu,1.6495822370052338,1.6731451600790024,1.7354816645383837,1.6074930503964424,drive://predictive_profile_confirmatory64_v1/runs/confirm_K4_i000909/transformer/d8/n256/seed2/DONE.json,1.6318533017249228,1.6316537487975449,1.6316514294605773,1.6316514066853085,0.0749091394575185,-0.024158356288866,208.47063250882465,existing_confirmatory_summary_csv,0,,
done,confirm_K4_i000909,Transformer,8,3,256,35,1.6545596718788147,16,43,1064,cpu,1.654187761247158,1.6851416155695915,1.6058368310332298,1.665896214544773,drive://predictive_profile_confirmatory64_v1/runs/confirm_K4_i000909/transformer/d8/n256/seed3/DONE.json,1.6318533017249228,1.6316537487975449,1.6316514294605773,1.6316514066853085,0.0320908242234116,0.0342448078594646,-57.99277347270019,existing_confirmatory_summary_csv,0,,
done,confirm_K4_i000909,Transformer,32,1,256,11,1.646159004420042,16,19,13448,cpu,1.580825850367546,1.668343298137188,1.665420085191727,1.5971475541591644,drive://predictive_profile_confirmatory64_v1/runs/confirm_K4_i000909/transformer/d32/n256/seed1/DONE.json,1.6318533017249228,1.6316537487975449,1.6316514294605773,1.6316514066853085,0.050006662484366,-0.034503852526144,-80.84252006784192,existing_confirmatory_summary_csv,0,,
done,confirm_K4_i000909,Transformer,32,2,256,25,1.6482090651988983,16,33,13448,cpu,1.649027869105339,1.588564559817314,1.6928423270583153,1.6506343632936478,drive://predictive_profile_confirmatory64_v1/runs/confirm_K4_i000909/transformer/d32/n256/seed2/DONE.json,1.6318533017249228,1.6316537487975449,1.6316514294605773,1.6316514066853085,0.0375424153862431,0.0189829566083392,-7.957076069712293,existing_confirmatory_summary_csv,0,,
done,confirm_K4_i000909,Transformer,32,3,256,40,1.6647159345448015,16,48,13448,cpu,1.6239631623029709,1.6443501189351082,1.6545755788683891,1.6387927755713465,drive://predictive_profile_confirmatory64_v1/runs/confirm_K4_i000909/transformer/d32/n256/seed3/DONE.json,1.6318533017249228,1.6316537487975449,1.6316514294605773,1.6316514066853085,0.011246115350601,0.007141368886038,-73.45209320994053,existing_confirmatory_summary_csv,0,,
done,confirm_K4_i000909,Transformer,128,1,256,14,1.6434496268630028,16,22,201224,cpu,1.6188443899154663,1.6604528352618215,1.6181841045618055,1.6480084359645844,drive://predictive_profile_confirmatory64_v1/runs/confirm_K4_i000909/transformer/d128/n256/seed1/DONE.json,1.6318533017249228,1.6316537487975449,1.6316514294605773,1.6316514066853085,0.0218326326009906,0.0163570292792758,-144.45152344916548,existing_confirmatory_summary_csv,0,,
done,confirm_K4_i000909,Transformer,128,2,256,11,1.590187318623066,16,19,201224,cpu,1.6971700191497805,1.634925656020641,1.629206322133541,1.606864146888256,drive://predictive_profile_confirmatory64_v1/runs/confirm_K4_i000909/transformer/d128/n256/seed2/DONE.json,1.6318533017249228,1.6316537487975449,1.6316514294605773,1.6316514066853085,0.0484902447458881,-0.0247872597970524,447.291188699019,existing_confirmatory_summary_csv,0,,
done,confirm_K4_i000909,Transformer,128,3,256,26,1.5988238006830215,16,34,201224,cpu,1.605989433825016,1.6609746366739273,1.6430246010422709,1.5493973717093468,drive://predictive_profile_confirmatory64_v1/runs/confirm_K4_i000909/transformer/d128/n256/seed3/DONE.json,1.6318533017249228,1.6316537487975449,1.6316514294605773,1.6316514066853085,0.0780942830176476,-0.0822540349759617,280.3043711414467,existing_confirmatory_summary_csv,0,,
done,confirm_K4_i000909,Transformer,256,1,256,13,1.6469629518687725,16,21,795656,cpu,1.727166049182415,1.7277417182922363,1.6392323449254036,1.6696151420474052,drive://predictive_profile_confirmatory64_v1/runs/confirm_K4_i000909/transformer/d256/n256/seed1/DONE.json,1.6318533017249228,1.6316537487975449,1.6316514294605773,1.6316514066853085,0.0435615987043877,0.0379637353620967,285.0535963882492,existing_confirmatory_summary_csv,0,,
done,confirm_K4_i000909,Transformer,256,2,256,8,1.6537123657763004,16,16,795656,cpu,1.6863634809851646,1.621601827442646,1.6558672562241554,1.6436012536287308,drive://predictive_profile_confirmatory64_v1/runs/confirm_K4_i000909/transformer/d256/n256/seed2/DONE.json,1.6318533017249228,1.6316537487975449,1.6316514294605773,1.6316514066853085,0.0247280910915076,0.0119498469434222,211.80424956513383,existing_confirmatory_summary_csv,0,,
done,confirm_K4_i000909,Transformer,256,3,256,8,1.6420214921236038,16,16,795656,cpu,1.5739921405911446,1.6472054943442345,1.6551423594355583,1.6672954857349396,drive://predictive_profile_confirmatory64_v1/runs/confirm_K4_i000909/transformer/d256/n256/seed3/DONE.json,1.6318533017249228,1.6316537487975449,1.6316514294605773,1.6316514066853085,0.0482043328959678,0.035644079049631,-462.13787779052257,existing_confirmatory_summary_csv,0,,
done,confirm_K5_i000202,GRU,8,1,256,44,1.912903975695372,16,48,576,cpu,1.90860228985548,1.8926380723714828,1.90966472029686,1.889834612607956,drive://predictive_profile_confirmatory64_v1/runs/confirm_K5_i000202/gru/d8/n256/seed1/DONE.json,1.8935646414575609,1.8905818784768589,1.8901325682445256,1.8900558607671785,0.0125321335610513,-0.0002212481592225,5.348774660943152,existing_confirmatory_summary_csv,0,,
done,confirm_K5_i000202,GRU,8,2,256,48,1.8995311483740809,16,48,576,cpu,1.9265448823571203,1.9071315750479696,1.8721060827374456,1.9128659665584564,drive://predictive_profile_confirmatory64_v1/runs/confirm_K5_i000202/gru/d8/n256/seed2/DONE.json,1.8935646414575609,1.8905818784768589,1.8901325682445256,1.8900558607671785,0.0212735255693184,0.0228101057912779,3.898481269051063,existing_confirmatory_summary_csv,0,,
done,confirm_K5_i000202,GRU,8,3,256,48,1.895193550735712,16,48,576,cpu,1.9382758513093,1.883851520717144,1.8715205565094948,1.9084301069378853,drive://predictive_profile_confirmatory64_v1/runs/confirm_K5_i000202/gru/d8/n256/seed3/DONE.json,1.8935646414575609,1.8905818784768589,1.8901325682445256,1.8900558607671785,0.0259415692870973,0.0183742461707068,8.506015908381451,existing_confirmatory_summary_csv,0,,
done,confirm_K5_i000202,GRU,32,1,256,10,1.9100174456834795,16,18,6888,cpu,1.9278913587331767,1.88961298763752,1.896973729133606,1.855713687837124,drive://predictive_profile_confirmatory64_v1/runs/confirm_K5_i000202/gru/d32/n256/seed1/DONE.json,1.8935646414575609,1.8905818784768589,1.8901325682445256,1.8900558607671785,0.043374126573463,-0.0343421729300543,20.570584845582445,existing_confirmatory_summary_csv,0,,
done,confirm_K5_i000202,GRU,32,2,256,39,1.8968912959098816,16,47,6888,cpu,1.8770408779382703,1.8821070343256,1.880820669233799,1.942656435072422,drive://predictive_profile_confirmatory64_v1/runs/confirm_K5_i000202/gru/d32/n256/seed2/DONE.json,1.8935646414575609,1.8905818784768589,1.8901325682445256,1.8900558607671785,0.055546231130964,0.0526005743052435,-18.70038709287371,existing_confirmatory_summary_csv,0,,
done,confirm_K5_i000202,GRU,32,3,256,19,1.912606343626976,16,27,6888,cpu,1.915606066584587,1.871705338358879,1.9167127311229704,1.897807322442532,drive://predictive_profile_confirmatory64_v1/runs/confirm_K5_i000202/gru/d32/n256/seed3/DONE.json,1.8935646414575609,1.8905818784768589,1.8901325682445256,1.8900558607671785,0.0178029037234884,0.0077514616753535,5.072629415352619,existing_confirmatory_summary_csv,0,,
done,confirm_K5_i000202,GRU,128,1,256,8,1.922474980354309,16,16,101256,cpu,1.9395678713917728,1.9548647701740265,1.857186920940876,1.9202445670962327,drive://predictive_profile_confirmatory64_v1/runs/confirm_K5_i000202/gru/d128/n256/seed1/DONE.json,1.8935646414575609,1.8905818784768589,1.8901325682445256,1.8900558607671785,0.0367371040005628,0.0301887063290546,5.507127974257539,existing_confirmatory_summary_csv,0,,
done,confirm_K5_i000202,GRU,128,2,256,4,1.9334339052438736,16,12,101256,cpu,1.942392781376839,1.900168165564537,1.931004375219345,1.9159646332263949,drive://predictive_profile_confirmatory64_v1/runs/confirm_K5_i000202/gru/d128/n256/seed2/DONE.json,1.8935646414575609,1.8905818784768589,1.8901325682445256,1.8900558607671785,0.015934344474974,0.0259087724592164,7.532003417279334,existing_confirmatory_summary_csv,0,,
done,confirm_K5_i000202,GRU,128,3,256,9,1.9217905476689336,16,17,101256,cpu,1.933343067765236,1.9596312642097475,1.9374948218464847,1.885446771979332,drive://predictive_profile_confirmatory64_v1/runs/confirm_K5_i000202/gru/d128/n256/seed3/DONE.json,1.8935646414575609,1.8905818784768589,1.8901325682445256,1.8900558607671785,0.050241523650451,-0.0046090887878464,13.650410217198248,existing_confirmatory_summary_csv,0,,
done,confirm_K5_i000202,GRU,256,1,256,23,1.913860306143761,16,31,399112,cpu,1.899778671562672,1.9018310457468035,1.9282287880778315,1.9290372282266617,drive://predictive_profile_confirmatory64_v1/runs/confirm_K5_i000202/gru/d256/n256/seed1/DONE.json,1.8935646414575609,1.8905818784768589,1.8901325682445256,1.8900558607671785,0.0214683302271508,0.0389813674594832,-8.338667829593195,existing_confirmatory_summary_csv,0,,
done,confirm_K5_i000202,GRU,256,2,256,27,1.8935413546860216,16,35,399112,cpu,1.9146504551172256,1.8849523589015007,1.949169769883156,1.866884842514992,drive://predictive_profile_confirmatory64_v1/runs/confirm_K5_i000202/gru/d256/n256/seed2/DONE.json,1.8935646414575609,1.8905818784768589,1.8901325682445256,1.8900558607671785,0.0474988493658528,-0.0231710182521864,13.613165602843049,existing_confirmatory_summary_csv,0,,
done,confirm_K5_i000202,GRU,256,3,256,36,1.8622820265591145,16,44,399112,cpu,1.8575207889080048,1.8749442398548128,1.92949353158474,1.8612430915236475,drive://predictive_profile_confirmatory64_v1/runs/confirm_K5_i000202/gru/d256/n256/seed3/DONE.json,1.8935646414575609,1.8905818784768589,1.8901325682445256,1.8900558607671785,0.034905337869271,-0.0288127692435309,-1.0608535967624388,existing_confirmatory_summary_csv,0,,
done,confirm_K5_i000202,Transformer,8,1,256,43,1.9130626544356344,16,48,1064,cpu,1.8835255280137064,1.907346233725548,1.931169360876084,1.9138678535819047,drive://predictive_profile_confirmatory64_v1/runs/confirm_K5_i000202/transformer/d8/n256/seed1/DONE.json,1.8935646414575609,1.8905818784768589,1.8901325682445256,1.8900558607671785,0.0193148926926988,0.0238119928147266,-8.647541196110446,existing_confirmatory_summary_csv,0,,
done,confirm_K5_i000202,Transformer,8,2,256,39,1.9175291657447813,16,47,1064,cpu,1.948350720107556,1.9246801882982247,1.93199185281992,1.863011084496975,drive://predictive_profile_confirmatory64_v1/runs/confirm_K5_i000202/transformer/d8/n256/seed2/DONE.json,1.8935646414575609,1.8905818784768589,1.8901325682445256,1.8900558607671785,0.0616087156877692,-0.0270447762702035,24.321735423504016,existing_confirmatory_summary_csv,0,,
done,confirm_K5_i000202,Transformer,8,3,256,33,1.8695795834064484,16,41,1064,cpu,1.8947936743497849,1.9042468592524529,1.931656263768673,1.905479677021504,drive://predictive_profile_confirmatory64_v1/runs/confirm_K5_i000202/transformer/d8/n256/seed3/DONE.json,1.8935646414575609,1.8905818784768589,1.8901325682445256,1.8900558607671785,0.0148811044183346,0.0154238162543252,-3.045503157552488,existing_confirmatory_summary_csv,0,,
done,confirm_K5_i000202,Transformer,32,1,256,18,1.918652705848217,16,26,13448,cpu,1.9020556136965752,1.9056055694818497,1.899693600833416,1.894027091562748,drive://predictive_profile_confirmatory64_v1/runs/confirm_K5_i000202/transformer/d32/n256/seed1/DONE.json,1.8935646414575609,1.8905818784768589,1.8901325682445256,1.8900558607671785,0.0065922458897754,0.0039712307955694,2.288123095248856,existing_confirmatory_summary_csv,0,,
done,confirm_K5_i000202,Transformer,32,2,256,12,1.9150267355144024,16,20,13448,cpu,1.9163730666041368,1.9037811532616613,1.8767866417765613,1.894216656684876,drive://predictive_profile_confirmatory64_v1/runs/confirm_K5_i000202/transformer/d32/n256/seed2/DONE.json,1.8935646414575609,1.8905818784768589,1.8901325682445256,1.8900558607671785,0.0135638628787807,0.0041607959176972,6.314561061052452,existing_confirmatory_summary_csv,0,,
done,confirm_K5_i000202,Transformer,32,3,256,14,1.8828318789601328,16,22,13448,cpu,1.948223516345024,1.9012079536914823,1.9583605080842967,1.949888706207276,drive://predictive_profile_confirmatory64_v1/runs/confirm_K5_i000202/transformer/d32/n256/seed3/DONE.json,1.8935646414575609,1.8905818784768589,1.8901325682445256,1.8900558607671785,0.0250925976000967,0.0598328454400971,-0.4745779258349777,existing_confirmatory_summary_csv,0,,
done,confirm_K5_i000202,Transformer,128,1,256,15,1.921872280538082,16,23,201224,cpu,1.9210468754172323,1.9625722542405128,1.922619812190533,1.8888806775212288,drive://predictive_profile_confirmatory64_v1/runs/confirm_K5_i000202/transformer/d128/n256/seed1/DONE.json,1.8935646414575609,1.8905818784768589,1.8901325682445256,1.8900558607671785,0.0427422671092053,-0.0011751832459496,9.167343511713709,existing_confirmatory_summary_csv,0,,
done,confirm_K5_i000202,Transformer,128,2,256,15,1.9211855940520763,16,23,201224,cpu,1.8828584253788,1.9603797122836115,1.926577441394329,1.932953953742981,drive://predictive_profile_confirmatory64_v1/runs/confirm_K5_i000202/transformer/d128/n256/seed2/DONE.json,1.8935646414575609,1.8905818784768589,1.8901325682445256,1.8900558607671785,0.0301606616808722,0.0428980929758024,-14.2771899370894,existing_confirmatory_summary_csv,0,,
done,confirm_K5_i000202,Transformer,128,3,256,9,1.9386226683855057,16,17,201224,cpu,1.9025703966617584,1.9099977687001228,1.935495287179947,1.9277429729700089,drive://predictive_profile_confirmatory64_v1/runs/confirm_K5_i000202/transformer/d128/n256/seed3/DONE.json,1.8935646414575609,1.8905818784768589,1.8901325682445256,1.8900558607671785,0.0174310981483024,0.0376871122028303,-7.174166335687106,existing_confirmatory_summary_csv,0,,
done,confirm_K5_i000202,Transformer,256,1,256,14,1.904518272727728,16,22,795656,cpu,1.9236284866929048,1.9528337940573688,1.936467356979847,1.8805178552865984,drive://predictive_profile_confirmatory64_v1/runs/confirm_K5_i000202/transformer/d256/n256/seed1/DONE.json,1.8935646414575609,1.8905818784768589,1.8901325682445256,1.8900558607671785,0.0496081356220336,-0.00953800548058,12.28649927436996,existing_confirmatory_summary_csv,0,,
done,confirm_K5_i000202,Transformer,256,2,256,20,1.9160765036940568,16,28,795656,cpu,1.915056988596916,1.943297259509564,1.918642699718476,1.88933589309454,drive://predictive_profile_confirmatory64_v1/runs/confirm_K5_i000202/transformer/d256/n256/seed2/DONE.json,1.8935646414575609,1.8905818784768589,1.8901325682445256,1.8900558607671785,0.0324157450812414,-0.0007199676726383,7.330493915700573,existing_confirmatory_summary_csv,0,,
done,confirm_K5_i000202,Transformer,256,3,256,11,1.942026998847723,16,19,795656,cpu,1.9747839495539663,1.9304673299193384,1.9412256255745888,1.913909517228604,drive://predictive_profile_confirmatory64_v1/runs/confirm_K5_i000202/transformer/d256/n256/seed3/DONE.json,1.8935646414575609,1.8905818784768589,1.8901325682445256,1.8900558607671785,0.0327483640717473,0.0238536564614251,17.349169896032535,existing_confirmatory_summary_csv,0,,
done,confirm_K5_i000312,GRU,8,1,256,48,1.4643158316612244,16,48,576,cpu,1.4484852775931358,1.4884259775280952,1.3606336824595928,1.4303066954016683,drive://predictive_profile_confirmatory64_v1/runs/confirm_K5_i000312/gru/d8/n256/seed1/DONE.json,1.4227544818611757,1.386183937594926,1.3749062794422358,1.3706369785438657,0.0459121956436917,0.0596697168578026,0.3487999430976152,existing_confirmatory_summary_csv,0,,
done,confirm_K5_i000312,GRU,8,2,256,48,1.4181358478963375,16,48,576,cpu,1.4721074178814888,1.481841541826725,1.4680482782423496,1.452697828412056,drive://predictive_profile_confirmatory64_v1/runs/confirm_K5_i000312/gru/d8/n256/seed2/DONE.json,1.4227544818611757,1.386183937594926,1.3749062794422358,1.3706369785438657,0.0185571496946321,0.0820608498681902,0.3724197867127345,existing_confirmatory_summary_csv,0,,
done,confirm_K5_i000312,GRU,8,3,256,46,1.4962275251746178,16,48,576,cpu,1.464772030711174,1.4324446842074394,1.4779425635933876,1.5041116178035736,drive://predictive_profile_confirmatory64_v1/runs/confirm_K5_i000312/gru/d8/n256/seed3/DONE.json,1.4227544818611757,1.386183937594926,1.3749062794422358,1.3706369785438657,0.0649945303825651,0.1334746392597079,-0.754824858990004,existing_confirmatory_summary_csv,0,,
done,confirm_K5_i000312,GRU,32,1,256,25,1.3576522823423147,16,33,6888,cpu,1.4295398369431496,1.41627287119627,1.4258624911308289,1.4089555218815804,drive://predictive_profile_confirmatory64_v1/runs/confirm_K5_i000312/gru/d32/n256/seed1/DONE.json,1.4227544818611757,1.386183937594926,1.3749062794422358,1.3706369785438657,0.0174769784239993,0.0383185433377146,0.3949597304430439,existing_confirmatory_summary_csv,0,,
done,confirm_K5_i000312,GRU,32,2,256,42,1.3767515793442726,16,48,6888,cpu,1.4643664136528969,1.508582353591919,1.4380601085722446,1.385513812303543,drive://predictive_profile_confirmatory64_v1/runs/confirm_K5_i000312/gru/d32/n256/seed2/DONE.json,1.4227544818611757,1.386183937594926,1.3749062794422358,1.3706369785438657,0.0604283137187895,0.0148768337596774,1.5129773364098222,existing_confirmatory_summary_csv,0,,
done,confirm_K5_i000312,GRU,32,3,256,34,1.4212635830044746,16,42,6888,cpu,1.4566939920186996,1.3958832398056984,1.386698581278324,1.3720351681113243,drive://predictive_profile_confirmatory64_v1/runs/confirm_K5_i000312/gru/d32/n256/seed3/DONE.json,1.4227544818611757,1.386183937594926,1.3749062794422358,1.3706369785438657,0.0175775679967058,0.0013981895674586,1.6243837198405706,existing_confirmatory_summary_csv,0,,
done,confirm_K5_i000312,GRU,128,1,256,12,1.4011284299194813,16,20,101256,cpu,1.433078184723854,1.32950821518898,1.3772286623716354,1.39505372941494,drive://predictive_profile_confirmatory64_v1/runs/confirm_K5_i000312/gru/d128/n256/seed1/DONE.json,1.4227544818611757,1.386183937594926,1.3749062794422358,1.3706369785438657,0.0426109267650133,0.0244167508710744,0.729590883841988,existing_confirmatory_summary_csv,0,,
done,confirm_K5_i000312,GRU,128,2,256,17,1.3910371214151382,16,25,101256,cpu,1.488849125802517,1.3903690874576569,1.420534446835518,1.4965940453112123,drive://predictive_profile_confirmatory64_v1/runs/confirm_K5_i000312/gru/d128/n256/seed2/DONE.json,1.4227544818611757,1.386183937594926,1.3749062794422358,1.3706369785438657,0.0788426304226854,0.1259570667673466,-0.1486049602480291,existing_confirmatory_summary_csv,0,,
done,confirm_K5_i000312,GRU,128,3,256,36,1.42920184135437,16,44,101256,cpu,1.4927213340997696,1.43302670866251,1.4118462055921557,1.3652801513671875,drive://predictive_profile_confirmatory64_v1/runs/confirm_K5_i000312/gru/d128/n256/seed3/DONE.json,1.4227544818611757,1.386183937594926,1.3749062794422358,1.3706369785438657,0.0504664989856838,-0.0053568271766781,2.445266457924405,existing_confirmatory_summary_csv,0,,
done,confirm_K5_i000312,GRU,256,1,256,29,1.3684397004544735,16,37,399112,cpu,1.487554796040058,1.483475297689438,1.4468732476234436,1.4032453298568726,drive://predictive_profile_confirmatory64_v1/runs/confirm_K5_i000312/gru/d256/n256/seed1/DONE.json,1.4227544818611757,1.386183937594926,1.3749062794422358,1.3706369785438657,0.0411379229542644,0.0326083513130068,1.6176804493085393,existing_confirmatory_summary_csv,0,,
done,confirm_K5_i000312,GRU,256,2,256,16,1.3880589548498392,16,24,399112,cpu,1.4857302531599998,1.4170315116643906,1.3707917407155037,1.3832041695713997,drive://predictive_profile_confirmatory64_v1/runs/confirm_K5_i000312/gru/d256/n256/seed2/DONE.json,1.4227544818611757,1.386183937594926,1.3749062794422358,1.3706369785438657,0.028077916040552,0.012567191027534,1.9672101897204215,existing_confirmatory_summary_csv,0,,
done,confirm_K5_i000312,GRU,256,3,256,20,1.3386438731104136,16,28,399112,cpu,1.455619066953659,1.334170050919056,1.4450375735759735,1.411514937877655,drive://predictive_profile_confirmatory64_v1/runs/confirm_K5_i000312/gru/d256/n256/seed3/DONE.json,1.4227544818611757,1.386183937594926,1.3749062794422358,1.3706369785438657,0.0488591516983548,0.0408779593337893,0.8462440882381165,existing_confirmatory_summary_csv,0,,
done,confirm_K5_i000312,Transformer,8,1,256,43,1.4266472309827805,16,48,1064,cpu,1.4854896366596222,1.4450353905558586,1.4391950145363808,1.4386306032538414,drive://predictive_profile_confirmatory64_v1/runs/confirm_K5_i000312/transformer/d8/n256/seed1/DONE.json,1.4227544818611757,1.386183937594926,1.3749062794422358,1.3706369785438657,0.0055892087357011,0.0679936247099757,0.8991035721816185,existing_confirmatory_summary_csv,0,,
done,confirm_K5_i000312,Transformer,8,2,256,44,1.4473415240645409,16,48,1064,cpu,1.4377998858690262,1.4681325405836103,1.4463218450546265,1.4763339087367058,drive://predictive_profile_confirmatory64_v1/runs/confirm_K5_i000312/transformer/d8/n256/seed2/DONE.json,1.4227544818611757,1.386183937594926,1.3749062794422358,1.3706369785438657,0.0498921191225658,0.1056969301928401,-0.7393681664501591,existing_confirmatory_summary_csv,0,,
done,confirm_K5_i000312,Transformer,8,3,256,48,1.405496459454298,16,48,1064,cpu,1.4192707538604736,1.3646881580352783,1.4805396646261215,1.491769656538963,drive://predictive_profile_confirmatory64_v1/runs/confirm_K5_i000312/transformer/d8/n256/seed3/DONE.json,1.4227544818611757,1.386183937594926,1.3749062794422358,1.3706369785438657,0.0950162533798867,0.1211326779950974,-1.3910663033317268,existing_confirmatory_summary_csv,0,,
done,confirm_K5_i000312,Transformer,32,1,256,30,1.3690799996256828,16,38,13448,cpu,1.4156383126974106,1.530040204524994,1.4005082920193672,1.4632276073098185,drive://predictive_profile_confirmatory64_v1/runs/confirm_K5_i000312/transformer/d32/n256/seed1/DONE.json,1.4227544818611757,1.386183937594926,1.3749062794422358,1.3706369785438657,0.0653013895500409,0.0925906287659528,-0.9131153947008406,existing_confirmatory_summary_csv,0,,
done,confirm_K5_i000312,Transformer,32,2,256,29,1.3613331280648708,16,37,13448,cpu,1.413510985672474,1.5024431720376017,1.406890358775854,1.3258927762508392,drive://predictive_profile_confirmatory64_v1/runs/confirm_K5_i000312/transformer/d32/n256/seed2/DONE.json,1.4227544818611757,1.386183937594926,1.3749062794422358,1.3706369785438657,0.0909252934776547,-0.0447442022930264,1.6811666684834008,existing_confirmatory_summary_csv,0,,
done,confirm_K5_i000312,Transformer,32,3,256,13,1.4532073698937893,16,21,13448,cpu,1.5071802958846092,1.4453387781977654,1.40907035022974,1.5221622958779335,drive://predictive_profile_confirmatory64_v1/runs/confirm_K5_i000312/transformer/d32/n256/seed3/DONE.json,1.4227544818611757,1.386183937594926,1.3749062794422358,1.3706369785438657,0.0818662178603781,0.1515253173340678,-0.2874658039950321,existing_confirmatory_summary_csv,0,,
done,confirm_K5_i000312,Transformer,128,1,256,3,1.3944573923945427,16,12,201224,cpu,1.5464631095528605,1.420537181198597,1.4200771898031237,1.458721935749054,drive://predictive_profile_confirmatory64_v1/runs/confirm_K5_i000312/transformer/d128/n256/seed1/DONE.json,1.4227544818611757,1.386183937594926,1.3749062794422358,1.3706369785438657,0.0387225979307973,0.0880849572051882,1.68352603672526,existing_confirmatory_summary_csv,0,,
done,confirm_K5_i000312,Transformer,128,2,256,11,1.3520174771547318,16,19,201224,cpu,1.4318281412124634,1.4396970719099045,1.379322171211243,1.4204789139330387,drive://predictive_profile_confirmatory64_v1/runs/confirm_K5_i000312/transformer/d128/n256/seed2/DONE.json,1.4227544818611757,1.386183937594926,1.3749062794422358,1.3706369785438657,0.0305739082864591,0.049841935389173,0.2177622978277855,existing_confirmatory_summary_csv,0,,
done,confirm_K5_i000312,Transformer,128,3,256,17,1.3389934822916985,16,25,201224,cpu,1.5412292703986168,1.490820273756981,1.481826201081276,1.428139440715313,drive://predictive_profile_confirmatory64_v1/runs/confirm_K5_i000312/transformer/d128/n256/seed3/DONE.json,1.4227544818611757,1.386183937594926,1.3749062794422358,1.3706369785438657,0.0457747527575925,0.0575024621714472,2.1699011365677374,existing_confirmatory_summary_csv,0,,
done,confirm_K5_i000312,Transformer,256,1,256,7,1.3956814631819725,16,15,795656,cpu,1.5476952493190763,1.539392963051796,1.489256739616394,1.4948672577738762,drive://predictive_profile_confirmatory64_v1/runs/confirm_K5_i000312/transformer/d256/n256/seed1/DONE.json,1.4227544818611757,1.386183937594926,1.3749062794422358,1.3706369785438657,0.0153124406201221,0.1242302792300105,1.0136324302329756,existing_confirmatory_summary_csv,0,,
done,confirm_K5_i000312,Transformer,256,2,256,15,1.387733768671751,16,23,795656,cpu,1.382286123931408,1.4715228229761124,1.4618307873606682,1.502950944006443,drive://predictive_profile_confirmatory64_v1/runs/confirm_K5_i000312/transformer/d256/n256/seed2/DONE.json,1.4227544818611757,1.386183937594926,1.3749062794422358,1.3706369785438657,0.092358800719885,0.1323139654625773,-2.3152455968656915,existing_confirmatory_summary_csv,0,,
done,confirm_K5_i000312,Transformer,256,3,256,9,1.459632258862257,16,17,795656,cpu,1.4736687242984772,1.441790483891964,1.5198874026536942,1.3406331539154053,drive://predictive_profile_confirmatory64_v1/runs/confirm_K5_i000312/transformer/d256/n256/seed3/DONE.json,1.4227544818611757,1.386183937594926,1.3749062794422358,1.3706369785438657,0.1054710874578901,-0.0300038246284604,2.552608277743155,existing_confirmatory_summary_csv,0,,
done,confirm_K5_i000834,GRU,8,1,256,48,1.629369344562292,16,48,576,cpu,1.6330334022641182,1.6419295147061348,1.616888962686062,1.6664931401610374,drive://predictive_profile_confirmatory64_v1/runs/confirm_K5_i000834/gru/d8/n256/seed1/DONE.json,1.5936006217124508,1.590645103631183,1.5902305696346928,1.5901675238694706,0.033372804617021,0.0763256162915668,-9.746223215087204,existing_confirmatory_summary_csv,0,,
done,confirm_K5_i000834,GRU,8,2,256,48,1.5997164100408554,16,48,576,cpu,1.6738029345870018,1.588329717516899,1.6043280959129331,1.650505654513836,drive://predictive_profile_confirmatory64_v1/runs/confirm_K5_i000834/gru/d8/n256/seed2/DONE.json,1.5936006217124508,1.590645103631183,1.5902305696346928,1.5901675238694706,0.0401815952584167,0.0603381306443653,6.786081008673536,existing_confirmatory_summary_csv,0,,
done,confirm_K5_i000834,GRU,8,3,256,48,1.671433612704277,16,48,576,cpu,1.6690331250429151,1.6310838162899015,1.598316252231598,1.6641860827803612,drive://predictive_profile_confirmatory64_v1/runs/confirm_K5_i000834/gru/d8/n256/seed3/DONE.json,1.5936006217124508,1.590645103631183,1.5902305696346928,1.5901675238694706,0.0370025319815295,0.0740185589108906,1.4118567207354502,existing_confirmatory_summary_csv,0,,
done,confirm_K5_i000834,GRU,32,1,256,29,1.61161857098341,16,37,6888,cpu,1.6137786582112312,1.5280423909425735,1.587105929851532,1.6278585493564606,drive://predictive_profile_confirmatory64_v1/runs/confirm_K5_i000834/gru/d32/n256/seed1/DONE.json,1.5936006217124508,1.590645103631183,1.5902305696346928,1.5901675238694706,0.0548439997446891,0.0376910254869899,-4.101220468859972,existing_confirmatory_summary_csv,0,,
done,confirm_K5_i000834,GRU,32,2,256,22,1.590361054986715,16,30,6888,cpu,1.7048880606889725,1.618746429681778,1.548415794968605,1.6378180757164955,drive://predictive_profile_confirmatory64_v1/runs/confirm_K5_i000834/gru/d32/n256/seed2/DONE.json,1.5936006217124508,1.590645103631183,1.5902305696346928,1.5901675238694706,0.0557581166308322,0.0476505518470249,19.53628706202421,existing_confirmatory_summary_csv,0,,
done,confirm_K5_i000834,GRU,32,3,256,37,1.5923118367791176,16,45,6888,cpu,1.629281885921955,1.5945240780711174,1.6032497212290764,1.6789556071162224,drive://predictive_profile_confirmatory64_v1/runs/confirm_K5_i000834/gru/d32/n256/seed3/DONE.json,1.5936006217124508,1.590645103631183,1.5902305696346928,1.5901675238694706,0.0627909666878209,0.0887880832467518,-14.469066559182837,existing_confirmatory_summary_csv,0,,
done,confirm_K5_i000834,GRU,128,1,256,14,1.6062642969191074,16,22,101256,cpu,1.589291900396347,1.556413285434246,1.6206419467926023,1.6522616520524025,drive://predictive_profile_confirmatory64_v1/runs/confirm_K5_i000834/gru/d128/n256/seed1/DONE.json,1.5936006217124508,1.590645103631183,1.5902305696346928,1.5901675238694706,0.0606049153948805,0.0620941281829319,-18.34196243046573,existing_confirmatory_summary_csv,0,,
done,confirm_K5_i000834,GRU,128,2,256,20,1.5990489572286606,16,28,101256,cpu,1.6362478956580162,1.6367551907896996,1.708493985235691,1.62946205586195,drive://predictive_profile_confirmatory64_v1/runs/confirm_K5_i000834/gru/d128/n256/seed2/DONE.json,1.5936006217124508,1.590645103631183,1.5902305696346928,1.5901675238694706,0.0396666650009838,0.0392945319924793,1.976593766455452,existing_confirmatory_summary_csv,0,,
done,confirm_K5_i000834,GRU,128,3,256,17,1.5778149031102655,16,25,101256,cpu,1.6127320379018784,1.6161993071436882,1.591823361814022,1.6519040912389755,drive://predictive_profile_confirmatory64_v1/runs/confirm_K5_i000834/gru/d128/n256/seed3/DONE.json,1.5936006217124508,1.590645103631183,1.5902305696346928,1.5901675238694706,0.0410537332513255,0.0617365673695049,-11.410118536875997,existing_confirmatory_summary_csv,0,,
done,confirm_K5_i000834,GRU,256,1,256,12,1.6225879043340683,16,20,399112,cpu,1.6827286258339882,1.6139922738075256,1.6245198771357536,1.608253836631775,drive://predictive_profile_confirmatory64_v1/runs/confirm_K5_i000834/gru/d256/n256/seed1/DONE.json,1.5936006217124508,1.590645103631183,1.5902305696346928,1.5901675238694706,0.0365278509168536,0.0180863127623043,21.69317409770171,existing_confirmatory_summary_csv,0,,
done,confirm_K5_i000834,GRU,256,2,256,38,1.6353685595095158,16,46,399112,cpu,1.596808835864067,1.631281241774559,1.6232370808720589,1.6163548976182938,drive://predictive_profile_confirmatory64_v1/runs/confirm_K5_i000834/gru/d256/n256/seed2/DONE.json,1.5936006217124508,1.590645103631183,1.5902305696346928,1.5901675238694706,0.0139938308229988,0.0261873737488231,-5.693418203676731,existing_confirmatory_summary_csv,0,,
done,confirm_K5_i000834,GRU,256,3,256,9,1.584682859480381,16,17,399112,cpu,1.6315986290574074,1.5608405247330666,1.5962802469730375,1.6756782457232475,drive://predictive_profile_confirmatory64_v1/runs/confirm_K5_i000834/gru/d256/n256/seed3/DONE.json,1.5936006217124508,1.590645103631183,1.5902305696346928,1.5901675238694706,0.0739410816511697,0.0855107218537769,-12.839603961760613,existing_confirmatory_summary_csv,0,,
done,confirm_K5_i000834,Transformer,8,1,256,48,1.6128596179187298,16,48,1064,cpu,1.5855754017829895,1.6345966681838036,1.5905876010656357,1.5501441806554794,drive://predictive_profile_confirmatory64_v1/runs/confirm_K5_i000834/transformer/d8/n256/seed1/DONE.json,1.5936006217124508,1.590645103631183,1.5902305696346928,1.5901675238694706,0.0492601250622857,-0.0400233432139911,10.32048101977576,existing_confirmatory_summary_csv,0,,
done,confirm_K5_i000834,Transformer,8,2,256,47,1.6501209028065205,16,48,1064,cpu,1.6178574189543724,1.606841117143631,1.6754124760627749,1.6411321386694908,drive://predictive_profile_confirmatory64_v1/runs/confirm_K5_i000834/transformer/d8/n256/seed2/DONE.json,1.5936006217124508,1.590645103631183,1.5902305696346928,1.5901675238694706,0.0278073110915577,0.0509646148000202,-6.7795095798709415,existing_confirmatory_summary_csv,0,,
done,confirm_K5_i000834,Transformer,8,3,256,48,1.5935033969581127,16,48,1064,cpu,1.6226183399558067,1.658539816737175,1.6882005333900452,1.5990950092673302,drive://predictive_profile_confirmatory64_v1/runs/confirm_K5_i000834/transformer/d8/n256/seed3/DONE.json,1.5936006217124508,1.590645103631183,1.5902305696346928,1.5901675238694706,0.0543353346161905,0.0089274853978595,6.851925509951846,existing_confirmatory_summary_csv,0,,
done,confirm_K5_i000834,Transformer,32,1,256,26,1.6099108941853046,16,34,13448,cpu,1.5759345665574074,1.6532361954450607,1.683151848614216,1.5661519840359688,drive://predictive_profile_confirmatory64_v1/runs/confirm_K5_i000834/transformer/d32/n256/seed1/DONE.json,1.5936006217124508,1.590645103631183,1.5902305696346928,1.5901675238694706,0.0728272685796623,-0.0240155398335017,2.849491324997192,existing_confirmatory_summary_csv,0,,
done,confirm_K5_i000834,Transformer,32,2,256,7,1.5714884735643864,16,15,13448,cpu,1.6437537372112274,1.670584797859192,1.643311582505703,1.632935956120491,drive://predictive_profile_confirmatory64_v1/runs/confirm_K5_i000834/transformer/d32/n256/seed2/DONE.json,1.5936006217124508,1.590645103631183,1.5902305696346928,1.5901675238694706,0.0196378816492218,0.0427684322510204,3.1510261534945823,existing_confirmatory_summary_csv,0,,
done,confirm_K5_i000834,Transformer,32,3,256,32,1.6155210845172403,16,40,13448,cpu,1.600728839635849,1.584892921149731,1.5993102863430977,1.6146975234150889,drive://predictive_profile_confirmatory64_v1/runs/confirm_K5_i000834/transformer/d32/n256/seed3/DONE.json,1.5936006217124508,1.590645103631183,1.5902305696346928,1.5901675238694706,0.0190954431193541,0.0245299995456182,-4.068827752113826,existing_confirmatory_summary_csv,0,,
done,confirm_K5_i000834,Transformer,128,1,256,6,1.6402927227318287,16,14,201224,cpu,1.68767362087965,1.636165827512741,1.6346212178468704,1.6282296106219292,drive://predictive_profile_confirmatory64_v1/runs/confirm_K5_i000834/transformer/d128/n256/seed1/DONE.json,1.5936006217124508,1.590645103631183,1.5902305696346928,1.5901675238694706,0.0284293170314763,0.0380620867524585,17.314977019739974,existing_confirmatory_summary_csv,0,,
done,confirm_K5_i000834,Transformer,128,2,256,3,1.6296837851405144,16,12,201224,cpu,1.6832518950104711,1.5539236217737198,1.651043176651001,1.6132042780518532,drive://predictive_profile_confirmatory64_v1/runs/confirm_K5_i000834/transformer/d128/n256/seed2/DONE.json,1.5936006217124508,1.590645103631183,1.5902305696346928,1.5901675238694706,0.048568395044854,0.0230367541823826,20.403618004027365,existing_confirmatory_summary_csv,0,,
done,confirm_K5_i000834,Transformer,128,3,256,17,1.6007349602878094,16,25,201224,cpu,1.6126168072223663,1.5886575058102608,1.6069785878062248,1.591046221554279,drive://predictive_profile_confirmatory64_v1/runs/confirm_K5_i000834/transformer/d128/n256/seed3/DONE.json,1.5936006217124508,1.590645103631183,1.5902305696346928,1.5901675238694706,0.0121348614252741,0.0008786976848085,6.283125810758243,existing_confirmatory_summary_csv,0,,
done,confirm_K5_i000834,Transformer,256,1,256,30,1.580323826521635,16,38,795656,cpu,1.6522421687841415,1.63875050842762,1.5780490413308144,1.6615008115768433,drive://predictive_profile_confirmatory64_v1/runs/confirm_K5_i000834/transformer/d256/n256/seed1/DONE.json,1.5936006217124508,1.590645103631183,1.5902305696346928,1.5901675238694706,0.0438045069549946,0.0713332877073726,-2.696877052785812,existing_confirmatory_summary_csv,0,,
done,confirm_K5_i000834,Transformer,256,2,256,7,1.622686017304659,16,15,795656,cpu,1.6492065116763115,1.6266209036111832,1.663725048303604,1.5918094664812088,drive://predictive_profile_confirmatory64_v1/runs/confirm_K5_i000834/transformer/d256/n256/seed2/DONE.json,1.5936006217124508,1.590645103631183,1.5902305696346928,1.5901675238694706,0.0480980984901018,0.0016419426117382,16.71873270738996,existing_confirmatory_summary_csv,0,,
done,confirm_K5_i000834,Transformer,256,3,256,14,1.621923491358757,16,22,795656,cpu,1.66743203997612,1.6147103682160378,1.605758175253868,1.6789245381951332,drive://predictive_profile_confirmatory64_v1/runs/confirm_K5_i000834/transformer/d256/n256/seed3/DONE.json,1.5936006217124508,1.590645103631183,1.5902305696346928,1.5901675238694706,0.0494225206809478,0.0887570143256626,-3.347559185507186,existing_confirmatory_summary_csv,0,,
done,confirm_K5_i001133,GRU,8,1,256,45,2.001031164079905,16,48,576,cpu,2.0168847292661667,2.0087638050317764,1.9869093522429464,2.011498413980007,drive://predictive_profile_confirmatory64_v1/runs/confirm_K5_i001133/gru/d8/n256/seed1/DONE.json,1.9961229025123617,1.9957124017581005,1.9956758346947976,1.9956723245790915,0.0126179928738181,0.0158260894009156,11.954236744500289,existing_confirmatory_summary_csv,0,,
done,confirm_K5_i001133,GRU,8,2,256,35,1.9980661310255527,16,43,576,cpu,1.9966759830713272,2.0436962991952896,2.0074727162718773,1.9952385500073435,drive://predictive_profile_confirmatory64_v1/runs/confirm_K5_i001133/gru/d8/n256/seed2/DONE.json,1.9961229025123617,1.9957124017581005,1.9956758346947976,1.9956723245790915,0.0249741556195844,-0.0004337745717479,3.1901985380223503,existing_confirmatory_summary_csv,0,,
done,confirm_K5_i001133,GRU,8,3,256,41,2.011615384370089,16,48,576,cpu,2.029248215258121,1.9958070069551468,2.0209882631897926,1.971689514815808,drive://predictive_profile_confirmatory64_v1/runs/confirm_K5_i001133/gru/d8/n256/seed3/DONE.json,1.9961229025123617,1.9957124017581005,1.9956758346947976,1.9956723245790915,0.0395950757122029,-0.0239828097632839,127.74416186910372,existing_confirmatory_summary_csv,0,,
done,confirm_K5_i001133,GRU,32,1,256,14,2.000810034573078,16,22,6888,cpu,2.0212281346321106,2.005222745239734,2.0078038349747658,2.0037987157702446,drive://predictive_profile_confirmatory64_v1/runs/confirm_K5_i001133/gru/d32/n256/seed1/DONE.json,1.9961229025123617,1.9957124017581005,1.9956758346947976,1.9956723245790915,0.0087494176737736,0.0081263911911531,38.6823623060439,existing_confirmatory_summary_csv,0,,
done,confirm_K5_i001133,GRU,32,2,256,12,1.999514490365982,16,20,6888,cpu,2.0171358585357666,2.004932627081871,2.0589560344815254,2.04584875702858,drive://predictive_profile_confirmatory64_v1/runs/confirm_K5_i001133/gru/d32/n256/seed2/DONE.json,1.9961229025123617,1.9957124017581005,1.9956758346947976,1.9956723245790915,0.0259789721592674,0.0501764324494886,-63.72459983652983,existing_confirmatory_summary_csv,0,,
done,confirm_K5_i001133,GRU,32,3,256,12,2.000062648206949,16,20,6888,cpu,2.010320469737053,1.9940369874238968,2.0378809943795204,2.0176029056310654,drive://predictive_profile_confirmatory64_v1/runs/confirm_K5_i001133/gru/d32/n256/seed3/DONE.json,1.9961229025123617,1.9957124017581005,1.9956758346947976,1.9956723245790915,0.01603200751435,0.0219305810519738,-16.16243352433664,existing_confirmatory_summary_csv,0,,
done,confirm_K5_i001133,GRU,128,1,256,6,2.040989402681589,16,14,101256,cpu,2.0406958013772964,2.014213524758816,2.049719795584678,2.0235085040330887,drive://predictive_profile_confirmatory64_v1/runs/confirm_K5_i001133/gru/d128/n256/seed1/DONE.json,1.9961229025123617,1.9957124017581005,1.9956758346947976,1.9956723245790915,0.0162335213633506,0.0278361794539971,38.14500461544203,existing_confirmatory_summary_csv,0,,
done,confirm_K5_i001133,GRU,128,2,256,16,2.0017213448882103,16,24,101256,cpu,2.0008302330970764,2.0178341418504715,2.0059420466423035,2.0174954310059547,drive://predictive_profile_confirmatory64_v1/runs/confirm_K5_i001133/gru/d128/n256/seed2/DONE.json,1.9961229025123617,1.9957124017581005,1.9956758346947976,1.9956723245790915,0.0103271580644416,0.0218231064268632,-36.986271804138646,existing_confirmatory_summary_csv,0,,
done,confirm_K5_i001133,GRU,128,3,256,5,2.016784593462944,16,13,101256,cpu,2.037423238158226,2.095543213188648,1.98979426920414,2.0451775267720222,drive://predictive_profile_confirmatory64_v1/runs/confirm_K5_i001133/gru/d128/n256/seed3/DONE.json,1.9961229025123617,1.9957124017581005,1.9956758346947976,1.9956723245790915,0.0376420005267661,0.0495052021929307,-17.209650187521152,existing_confirmatory_summary_csv,0,,
done,confirm_K5_i001133,GRU,256,1,256,10,2.03340994566679,16,18,399112,cpu,2.028315082192421,2.05535988509655,2.0810073614120483,2.072746731340885,drive://predictive_profile_confirmatory64_v1/runs/confirm_K5_i001133/gru/d256/n256/seed1/DONE.json,1.9961229025123617,1.9957124017581005,1.9956758346947976,1.9956723245790915,0.0244248438980594,0.0770744067617936,-98.61035321013064,existing_confirmatory_summary_csv,0,,
done,confirm_K5_i001133,GRU,256,2,256,45,1.996229387819767,16,48,399112,cpu,2.0174980089068413,2.0014277547597885,1.9882256016135216,2.009339220821857,drive://predictive_profile_confirmatory64_v1/runs/confirm_K5_i001133/gru/d256/n256/seed2/DONE.json,1.9961229025123617,1.9957124017581005,1.9956758346947976,1.9956723245790915,0.0119224231444996,0.0136668962427655,18.10738494397554,existing_confirmatory_summary_csv,0,,
done,confirm_K5_i001133,GRU,256,3,256,41,1.99633514136076,16,48,399112,cpu,2.022781126201153,2.018369771540165,2.002532199025154,1.9956517443060875,drive://predictive_profile_confirmatory64_v1/runs/confirm_K5_i001133/gru/d256/n256/seed3/DONE.json,1.9961229025123617,1.9957124017581005,1.9956758346947976,1.9956723245790915,0.0178419475296964,-2.058027300400056e-05,60.21018760986917,existing_confirmatory_summary_csv,0,,
done,confirm_K5_i001133,Transformer,8,1,256,48,2.032518900930881,16,48,1064,cpu,2.013955377042293,2.014256283640861,2.011786475777626,1.98431658744812,drive://predictive_profile_confirmatory64_v1/runs/confirm_K5_i001133/transformer/d8/n256/seed1/DONE.json,1.9961229025123617,1.9957124017581005,1.9956758346947976,1.9956723245790915,0.0250017041884724,-0.0113557371309716,65.77949652141572,existing_confirmatory_summary_csv,0,,
done,confirm_K5_i001133,Transformer,8,2,256,38,1.9879030101001265,16,46,1064,cpu,2.037208318710327,1.9993139803409576,1.9872448667883875,2.0063966512680054,drive://predictive_profile_confirmatory64_v1/runs/confirm_K5_i001133/transformer/d8/n256/seed2/DONE.json,1.9961229025123617,1.9957124017581005,1.9956758346947976,1.9956723245790915,0.0182992800937128,0.0107243266889138,68.38254864968151,existing_confirmatory_summary_csv,0,,
done,confirm_K5_i001133,Transformer,8,3,256,20,1.9934520199894905,16,28,1064,cpu,1.999420322477817,2.0364609137177467,1.9996829703450203,2.005673162639141,drive://predictive_profile_confirmatory64_v1/runs/confirm_K5_i001133/transformer/d8/n256/seed3/DONE.json,1.9961229025123617,1.9957124017581005,1.9956758346947976,1.9956723245790915,0.016017800511965,0.0100008380600495,-13.877377695668132,existing_confirmatory_summary_csv,0,,
done,confirm_K5_i001133,Transformer,32,1,256,17,1.9925071336328983,16,25,13448,cpu,2.037451304495334,1.9909614399075508,2.07122490555048,2.0235735550522804,drive://predictive_profile_confirmatory64_v1/runs/confirm_K5_i001133/transformer/d32/n256/seed1/DONE.json,1.9961229025123617,1.9957124017581005,1.9956758346947976,1.9956723245790915,0.0296511858591487,0.0279012304731889,30.799887030268536,existing_confirmatory_summary_csv,0,,
done,confirm_K5_i001133,Transformer,32,2,256,29,2.008376207202673,16,37,13448,cpu,2.017702586948872,2.0127397179603577,1.9978308975696564,1.9993257597088807,drive://predictive_profile_confirmatory64_v1/runs/confirm_K5_i001133/transformer/d32/n256/seed2/DONE.json,1.9961229025123617,1.9957124017581005,1.9956758346947976,1.9956723245790915,0.0112077677144197,0.0036534351297896,40.78501383016278,existing_confirmatory_summary_csv,0,,
done,confirm_K5_i001133,Transformer,32,3,256,10,2.0129898376762867,16,18,13448,cpu,2.006168946623802,2.00326693803072,2.0558374747633934,2.02060130238533,drive://predictive_profile_confirmatory64_v1/runs/confirm_K5_i001133/transformer/d32/n256/seed3/DONE.json,1.9961229025123617,1.9957124017581005,1.9956758346947976,1.9956723245790915,0.0210042461425197,0.0249289778062387,-32.03076470430165,existing_confirmatory_summary_csv,0,,
done,confirm_K5_i001133,Transformer,128,1,256,22,2.0157936923205853,16,30,201224,cpu,2.028318241238594,2.014622785151005,2.0345125049352646,2.039319448173046,drive://predictive_profile_confirmatory64_v1/runs/confirm_K5_i001133/transformer/d128/n256/seed1/DONE.json,1.9961229025123617,1.9957124017581005,1.9956758346947976,1.9956723245790915,0.0138400700314063,0.0436471235939546,-24.41576944216471,existing_confirmatory_summary_csv,0,,
done,confirm_K5_i001133,Transformer,128,2,256,6,2.04942598938942,16,14,201224,cpu,2.050778992474079,2.0690665766596794,2.069211468100548,2.082442320883274,drive://predictive_profile_confirmatory64_v1/runs/confirm_K5_i001133/transformer/d128/n256/seed2/DONE.json,1.9961229025123617,1.9957124017581005,1.9956758346947976,1.9956723245790915,0.0186174354155357,0.0867699963041825,-70.27270106059078,existing_confirmatory_summary_csv,0,,
done,confirm_K5_i001133,Transformer,128,3,256,32,1.989548183977604,16,40,201224,cpu,1.98843701928854,2.011606492102146,2.0223609656095505,1.9911376237869265,drive://predictive_profile_confirmatory64_v1/runs/confirm_K5_i001133/transformer/d128/n256/seed3/DONE.json,1.9961229025123617,1.9957124017581005,1.9956758346947976,1.9956723245790915,0.0187212669831182,-0.004534700792165,-5.99364571359724,existing_confirmatory_summary_csv,0,,
done,confirm_K5_i001133,Transformer,256,1,256,11,2.022823717445135,16,19,795656,cpu,2.042755752801895,2.04373362660408,2.0362838357687,2.047340355813504,drive://predictive_profile_confirmatory64_v1/runs/confirm_K5_i001133/transformer/d256/n256/seed1/DONE.json,1.9961229025123617,1.9957124017581005,1.9956758346947976,1.9956723245790915,0.006343825957846,0.0516680312344122,-10.174939057344808,existing_confirmatory_summary_csv,0,,
done,confirm_K5_i001133,Transformer,256,2,256,7,2.055297836661339,16,15,795656,cpu,2.023861952126026,2.0389460027217865,2.0639228895306587,2.076320432126522,drive://predictive_profile_confirmatory64_v1/runs/confirm_K5_i001133/transformer/d256/n256/seed2/DONE.json,1.9961229025123617,1.9957124017581005,1.9956758346947976,1.9956723245790915,0.0329886337345865,0.0806481075474305,-116.42487598041994,existing_confirmatory_summary_csv,0,,
done,confirm_K5_i001133,Transformer,256,3,256,17,1.983393140137196,16,25,795656,cpu,2.0056087523698807,2.0186031088232994,2.034898839890957,2.076081402599812,drive://predictive_profile_confirmatory64_v1/runs/confirm_K5_i001133/transformer/d256/n256/seed3/DONE.json,1.9961229025123617,1.9957124017581005,1.9956758346947976,1.9956723245790915,0.0500868243283016,0.0804090780207205,-156.4050190351246,existing_confirmatory_summary_csv,0,,
done,confirm_K6_i000105,GRU,8,1,256,48,1.6965050995349884,16,48,576,cpu,1.6958331167697906,1.7340958267450333,1.7336513474583626,1.6993363350629809,drive://predictive_profile_confirmatory64_v1/runs/confirm_K6_i000105/gru/d8/n256/seed1/DONE.json,1.665917028461244,1.6649296774886695,1.664889762841668,1.6648880569181927,0.024511600928268,0.0344482781447881,-3.404582290781663,existing_confirmatory_summary_csv,0,,
done,confirm_K6_i000105,GRU,8,2,256,48,1.677406795322895,16,48,576,cpu,1.6855327263474464,1.6809659227728844,1.6078605130314827,1.667590819299221,drive://predictive_profile_confirmatory64_v1/runs/confirm_K6_i000105/gru/d8/n256/seed2/DONE.json,1.665917028461244,1.6649296774886695,1.664889762841668,1.6648880569181927,0.031748001646336,0.0027027623810282,17.436737847018893,existing_confirmatory_summary_csv,0,,
done,confirm_K6_i000105,GRU,8,3,256,48,1.6883113831281662,16,48,576,cpu,1.7109001725912094,1.6864660382270813,1.702346533536911,1.677623175084591,drive://predictive_profile_confirmatory64_v1/runs/confirm_K6_i000105/gru/d8/n256/seed3/DONE.json,1.665917028461244,1.6649296774886695,1.664889762841668,1.6648880569181927,0.0207879601759966,0.0127351181663981,32.34005617681531,existing_confirmatory_summary_csv,0,,
done,confirm_K6_i000105,GRU,32,1,256,27,1.645987931638956,16,35,6888,cpu,1.6361935958266258,1.7114161103963852,1.6210662722587583,1.689483255147934,drive://predictive_profile_confirmatory64_v1/runs/confirm_K6_i000105/gru/d32/n256/seed1/DONE.json,1.665917028461244,1.6649296774886695,1.664889762841668,1.6648880569181927,0.0450301476611698,0.0245951982297412,-51.78924498076149,existing_confirmatory_summary_csv,0,,
done,confirm_K6_i000105,GRU,32,2,256,26,1.6418178863823414,16,34,6888,cpu,1.6905444338917732,1.7317730411887169,1.6900320574641228,1.608720451593399,drive://predictive_profile_confirmatory64_v1/runs/confirm_K6_i000105/gru/d32/n256/seed2/DONE.json,1.665917028461244,1.6649296774886695,1.664889762841668,1.6648880569181927,0.0840696617288525,-0.0561676053247937,79.52016054374671,existing_confirmatory_summary_csv,0,,
done,confirm_K6_i000105,GRU,32,3,256,23,1.6670998819172382,16,31,6888,cpu,1.722534455358982,1.7210687771439552,1.6699621677398682,1.569160223007202,drive://predictive_profile_confirmatory64_v1/runs/confirm_K6_i000105/gru/d32/n256/seed3/DONE.json,1.665917028461244,1.6649296774886695,1.664889762841668,1.6648880569181927,0.1187785041007983,-0.0957278339109908,149.05585425325611,existing_confirmatory_summary_csv,0,,
done,confirm_K6_i000105,GRU,128,1,256,7,1.6454219222068789,16,15,101256,cpu,1.709819532930851,1.6891136318445206,1.6470344364643097,1.6577133759856224,drive://predictive_profile_confirmatory64_v1/runs/confirm_K6_i000105/gru/d128/n256/seed1/DONE.json,1.665917028461244,1.6649296774886695,1.664889762841668,1.6648880569181927,0.0304397727606412,-0.0071746809325703,50.63906509087825,existing_confirmatory_summary_csv,0,,
done,confirm_K6_i000105,GRU,128,2,256,31,1.6589683964848518,16,39,101256,cpu,1.6960050612688065,1.7060851082205772,1.7119685262441635,1.740478128194809,drive://predictive_profile_confirmatory64_v1/runs/confirm_K6_i000105/gru/d128/n256/seed2/DONE.json,1.665917028461244,1.6649296774886695,1.664889762841668,1.6648880569181927,0.0318946494375444,0.0755900712766162,-43.22089102107636,existing_confirmatory_summary_csv,0,,
done,confirm_K6_i000105,GRU,128,3,256,13,1.6357091143727305,16,21,101256,cpu,1.728270344436169,1.7188516035676005,1.6750139594078064,1.7679050266742706,drive://predictive_profile_confirmatory64_v1/runs/confirm_K6_i000105/gru/d128/n256/seed3/DONE.json,1.665917028461244,1.6649296774886695,1.664889762841668,1.6648880569181927,0.0563314374115643,0.1030169697560778,-38.51873504740017,existing_confirmatory_summary_csv,0,,
done,confirm_K6_i000105,GRU,256,1,256,27,1.6558261662721634,16,35,399112,cpu,1.694230355322361,1.704492412507534,1.6615197882056236,1.7090971022844317,drive://predictive_profile_confirmatory64_v1/runs/confirm_K6_i000105/gru/d256/n256/seed1/DONE.json,1.665917028461244,1.6649296774886695,1.664889762841668,1.6648880569181927,0.0251894085431548,0.0442090453662389,-14.44816143115794,existing_confirmatory_summary_csv,0,,
done,confirm_K6_i000105,GRU,256,2,256,26,1.6434252746403215,16,34,399112,cpu,1.6695806682109833,1.635026566684246,1.68349140137434,1.7957598194479942,drive://predictive_profile_confirmatory64_v1/runs/confirm_K6_i000105/gru/d256/n256/seed2/DONE.json,1.665917028461244,1.6649296774886695,1.664889762841668,1.6648880569181927,0.1168707054175619,0.1308717625298014,-122.62647309259816,existing_confirmatory_summary_csv,0,,
done,confirm_K6_i000105,GRU,256,3,256,15,1.6888195984065533,16,23,399112,cpu,1.6937280371785164,1.7046085000038147,1.6791546642780304,1.6597239151597023,drive://predictive_profile_confirmatory64_v1/runs/confirm_K6_i000105/gru/d256/n256/seed3/DONE.json,1.665917028461244,1.6649296774886695,1.664889762841668,1.6648880569181927,0.0294777022222443,-0.0051641417584904,33.04670789824143,existing_confirmatory_summary_csv,0,,
done,confirm_K6_i000105,Transformer,8,1,256,46,1.6671385988593102,16,48,1064,cpu,1.677204146981239,1.7031626775860786,1.66862915456295,1.683287352323532,drive://predictive_profile_confirmatory64_v1/runs/confirm_K6_i000105/transformer/d8/n256/seed1/DONE.json,1.665917028461244,1.6649296774886695,1.664889762841668,1.6648880569181927,0.0128342479121927,0.0183992954053393,-5.911927675137481,existing_confirmatory_summary_csv,0,,
done,confirm_K6_i000105,Transformer,8,2,256,48,1.7055438943207264,16,48,1064,cpu,1.6613764539361,1.7468391433358192,1.7007075771689415,1.693051151931286,drive://predictive_profile_confirmatory64_v1/runs/confirm_K6_i000105/transformer/d8/n256/seed2/DONE.json,1.665917028461244,1.6649296774886695,1.664889762841668,1.6648880569181927,0.0316891034382365,0.0281630950130933,-30.782870730577194,existing_confirmatory_summary_csv,0,,
done,confirm_K6_i000105,Transformer,8,3,256,48,1.6589789725840092,16,48,1064,cpu,1.656570166349411,1.704215869307518,1.757440745830536,1.7165964990854263,drive://predictive_profile_confirmatory64_v1/runs/confirm_K6_i000105/transformer/d8/n256/seed3/DONE.json,1.665917028461244,1.6649296774886695,1.664889762841668,1.6648880569181927,0.0372497504189432,0.0517084421672335,-58.3362417953977,existing_confirmatory_summary_csv,0,,
done,confirm_K6_i000105,Transformer,32,1,256,21,1.684488531202078,16,29,13448,cpu,1.6891413182020187,1.6645848900079727,1.669892318546772,1.6794060543179512,drive://predictive_profile_confirmatory64_v1/runs/confirm_K6_i000105/transformer/d32/n256/seed1/DONE.json,1.665917028461244,1.6649296774886695,1.664889762841668,1.6648880569181927,0.0098392775569944,0.0145179973997584,9.46115949446,existing_confirmatory_summary_csv,0,,
done,confirm_K6_i000105,Transformer,32,2,256,15,1.6761277578771114,16,23,13448,cpu,1.6698158606886864,1.7122206836938858,1.625574454665184,1.7032063528895378,drive://predictive_profile_confirmatory64_v1/runs/confirm_K6_i000105/transformer/d32/n256/seed2/DONE.json,1.665917028461244,1.6649296774886695,1.664889762841668,1.6648880569181927,0.042697147171505,0.038318295971345,-32.45035533425984,existing_confirmatory_summary_csv,0,,
done,confirm_K6_i000105,Transformer,32,3,256,23,1.593795157968998,16,31,13448,cpu,1.545091591775417,1.684316188097,1.7088493630290031,1.649123840034008,drive://predictive_profile_confirmatory64_v1/runs/confirm_K6_i000105/transformer/d32/n256/seed3/DONE.json,1.665917028461244,1.6649296774886695,1.664889762841668,1.6648880569181927,0.0629292616257619,-0.0157642168841847,-101.10313444637173,existing_confirmatory_summary_csv,0,,
done,confirm_K6_i000105,Transformer,128,1,256,14,1.6452397592365742,16,22,201224,cpu,1.6857767403125763,1.6932847052812576,1.779278688132763,1.7378670796751976,drive://predictive_profile_confirmatory64_v1/runs/confirm_K6_i000105/transformer/d128/n256/seed1/DONE.json,1.665917028461244,1.6649296774886695,1.664889762841668,1.6648880569181927,0.0403972218895081,0.0729790227570048,-50.62369286536425,existing_confirmatory_summary_csv,0,,
done,confirm_K6_i000105,Transformer,128,2,256,7,1.6446755304932594,16,15,201224,cpu,1.7296691611409187,1.6655089631676674,1.7313655018806458,1.6584512814879415,drive://predictive_profile_confirmatory64_v1/runs/confirm_K6_i000105/transformer/d128/n256/seed2/DONE.json,1.665917028461244,1.6649296774886695,1.664889762841668,1.6648880569181927,0.0507246062118226,-0.0064367754302512,69.21268147202497,existing_confirmatory_summary_csv,0,,
done,confirm_K6_i000105,Transformer,128,3,256,7,1.686514876782894,16,15,201224,cpu,1.7696034386754036,1.790906272828579,1.7112548649311066,1.6561607867479324,drive://predictive_profile_confirmatory64_v1/runs/confirm_K6_i000105/transformer/d128/n256/seed3/DONE.json,1.665917028461244,1.6649296774886695,1.664889762841668,1.6648880569181927,0.0919471810363886,-0.0087272701702603,110.2485804331248,existing_confirmatory_summary_csv,0,,
done,confirm_K6_i000105,Transformer,256,1,256,25,1.6804980710148811,16,33,795656,cpu,1.69461540132761,1.6740117594599724,1.700566977262497,1.7104429602622986,drive://predictive_profile_confirmatory64_v1/runs/confirm_K6_i000105/transformer/d256/n256/seed1/DONE.json,1.665917028461244,1.6649296774886695,1.664889762841668,1.6648880569181927,0.0206880282839157,0.0455549033441058,-15.381920949685384,existing_confirmatory_summary_csv,0,,
done,confirm_K6_i000105,Transformer,256,2,256,13,1.675975676625967,16,21,795656,cpu,1.6712081283330915,1.7250456884503365,1.6496374160051346,1.7388772368431091,drive://predictive_profile_confirmatory64_v1/runs/confirm_K6_i000105/transformer/d256/n256/seed2/DONE.json,1.665917028461244,1.6649296774886695,1.664889762841668,1.6648880569181927,0.0567361020840682,0.0739891799249163,-65.763828909556,existing_confirmatory_summary_csv,0,,
done,confirm_K6_i000105,Transformer,256,3,256,16,1.6712213084101677,16,24,795656,cpu,1.5994196459650991,1.741164118051529,1.682858094573021,1.803110264241696,drive://predictive_profile_confirmatory64_v1/runs/confirm_K6_i000105/transformer/d256/n256/seed3/DONE.json,1.665917028461244,1.6649296774886695,1.664889762841668,1.6648880569181927,0.1226922861051469,0.1382222073235028,-197.95554080398043,existing_confirmatory_summary_csv,0,,
done,confirm_K6_i000708,GRU,8,1,256,48,0.9317022245377302,16,48,576,cpu,1.015043094754219,1.0627916567027569,0.9689241126179696,0.8961241543292999,drive://predictive_profile_confirmatory64_v1/runs/confirm_K6_i000708/gru/d8/n256/seed1/DONE.json,0.9298769313895604,0.8619101999506146,0.8481094692100614,0.844288412713593,0.0837908573576983,0.0518357416157069,1.3894263186764402,existing_confirmatory_summary_csv,0,,
done,confirm_K6_i000708,GRU,8,2,256,48,1.0108662582933905,16,48,576,cpu,1.0766641981899738,0.955749686807394,1.006521388888359,0.999342605471611,drive://predictive_profile_confirmatory64_v1/runs/confirm_K6_i000708/gru/d8/n256/seed2/DONE.json,0.9298769313895604,0.8619101999506146,0.8481094692100614,0.844288412713593,0.0309307961966501,0.155054192758018,0.9034108068991984,existing_confirmatory_summary_csv,0,,
done,confirm_K6_i000708,GRU,8,3,256,48,1.075219927355647,16,48,576,cpu,1.1104546524584291,1.021015416830778,1.0509118475019932,1.0272882990539074,drive://predictive_profile_confirmatory64_v1/runs/confirm_K6_i000708/gru/d8/n256/seed3/DONE.json,0.9298769313895604,0.8619101999506146,0.8481094692100614,0.844288412713593,0.0155640675974016,0.1829998863403144,0.9716998809079074,existing_confirmatory_summary_csv,0,,
done,confirm_K6_i000708,GRU,32,1,256,46,0.8632926046848297,16,48,6888,cpu,0.967579498887062,0.8903822973370552,0.8017979599535465,0.8991971649229527,drive://predictive_profile_confirmatory64_v1/runs/confirm_K6_i000708/gru/d32/n256/seed1/DONE.json,0.9298769313895604,0.8619101999506146,0.8481094692100614,0.844288412713593,0.053010590549872,0.0549087522093596,0.7989662050701031,existing_confirmatory_summary_csv,0,,
done,confirm_K6_i000708,GRU,32,2,256,36,0.8732491936534643,16,44,6888,cpu,0.91910907253623,0.8788397461175919,0.9920011907815932,0.9407642222940922,drive://predictive_profile_confirmatory64_v1/runs/confirm_K6_i000708/gru/d32/n256/seed2/DONE.json,0.9298769313895604,0.8619101999506146,0.8481094692100614,0.844288412713593,0.0708468085945654,0.0964758095804991,-0.2530146577235108,existing_confirmatory_summary_csv,0,,
done,confirm_K6_i000708,GRU,32,3,256,46,0.8942510057240725,16,48,6888,cpu,0.983028583228588,0.8737075999379158,0.8748322576284409,0.9359044916927814,drive://predictive_profile_confirmatory64_v1/runs/confirm_K6_i000708/gru/d32/n256/seed3/DONE.json,0.9298769313895604,0.8619101999506146,0.8481094692100614,0.844288412713593,0.0549128237095859,0.0916160789791884,0.5505889372173307,existing_confirmatory_summary_csv,0,,
done,confirm_K6_i000708,GRU,128,1,256,9,0.8319142144173384,16,17,101256,cpu,1.002782128751278,0.8325973264873028,0.9034708980470896,0.901262018829584,drive://predictive_profile_confirmatory64_v1/runs/confirm_K6_i000708/gru/d128/n256/seed1/DONE.json,0.9298769313895604,0.8619101999506146,0.8481094692100614,0.844288412713593,0.0438798680301945,0.056973606115991,1.1861416869012829,existing_confirmatory_summary_csv,0,,
done,confirm_K6_i000708,GRU,128,2,256,33,0.820378391072154,16,41,101256,cpu,0.893810449168086,0.910254631191492,0.9527155719697477,0.8603365309536457,drive://predictive_profile_confirmatory64_v1/runs/confirm_K6_i000708/gru/d128/n256/seed2/DONE.json,0.9298769313895604,0.8619101999506146,0.8481094692100614,0.844288412713593,0.053855129832012,0.0160481182400527,0.3911029041309902,existing_confirmatory_summary_csv,0,,
done,confirm_K6_i000708,GRU,128,3,256,11,0.8415572997182608,16,19,101256,cpu,0.985991422086954,0.9001925140619278,0.9216790795326232,0.8546304926276207,drive://predictive_profile_confirmatory64_v1/runs/confirm_K6_i000708/gru/d128/n256/seed3/DONE.json,0.9298769313895604,0.8619101999506146,0.8481094692100614,0.844288412713593,0.0414532594541203,0.0103420799140276,1.5347961559734116,existing_confirmatory_summary_csv,0,,
done,confirm_K6_i000708,GRU,256,1,256,7,0.828519769012928,16,15,399112,cpu,1.0172436013817787,0.935170616954565,0.9234403148293496,0.9898786693811416,drive://predictive_profile_confirmatory64_v1/runs/confirm_K6_i000708/gru/d256/n256/seed1/DONE.json,0.9298769313895604,0.8619101999506146,0.8481094692100614,0.844288412713593,0.0582193623117556,0.1455902566675485,0.3197266692304727,existing_confirmatory_summary_csv,0,,
done,confirm_K6_i000708,GRU,256,2,256,19,0.874876856803894,16,27,399112,cpu,0.988991655409336,0.9426542073488235,0.9097554981708528,0.916779175400734,drive://predictive_profile_confirmatory64_v1/runs/confirm_K6_i000708/gru/d256/n256/seed2/DONE.json,0.9298769313895604,0.8619101999506146,0.8481094692100614,0.844288412713593,0.0095478100668039,0.0724907626871409,0.8437169041561967,existing_confirmatory_summary_csv,0,,
done,confirm_K6_i000708,GRU,256,3,256,28,0.8740344103425741,16,36,399112,cpu,1.020190168172121,0.9304351639002562,0.8280562106519938,0.9318647272884846,drive://predictive_profile_confirmatory64_v1/runs/confirm_K6_i000708/gru/d256/n256/seed3/DONE.json,0.9298769313895604,0.8619101999506146,0.8481094692100614,0.844288412713593,0.0546684774723973,0.0875763145748915,1.031977679366445,existing_confirmatory_summary_csv,0,,
done,confirm_K6_i000708,Transformer,8,1,256,46,0.9701198320835828,16,48,1064,cpu,1.0638614743947985,0.982155043631792,0.978381596505642,0.9750146716833116,drive://predictive_profile_confirmatory64_v1/runs/confirm_K6_i000708/transformer/d8/n256/seed1/DONE.json,0.9298769313895604,0.8619101999506146,0.8481094692100614,0.844288412713593,0.0054927842867811,0.1307262589697185,1.0380691719628328,existing_confirmatory_summary_csv,0,,
done,confirm_K6_i000708,Transformer,8,2,256,48,0.955115145072341,16,48,1064,cpu,1.016993459314108,0.9913278929889202,0.965905349701643,0.921896617859602,drive://predictive_profile_confirmatory64_v1/runs/confirm_K6_i000708/transformer/d8/n256/seed2/DONE.json,0.9298769313895604,0.8619101999506146,0.8481094692100614,0.844288412713593,0.0331273319458572,0.0776082051460089,1.1110934378305626,existing_confirmatory_summary_csv,0,,
done,confirm_K6_i000708,Transformer,8,3,256,48,0.9360510213300586,16,48,1064,cpu,0.992977000772953,0.9777468182146548,0.9886146746575832,1.0160835646092892,drive://predictive_profile_confirmatory64_v1/runs/confirm_K6_i000708/transformer/d8/n256/seed3/DONE.json,0.9298769313895604,0.8619101999506146,0.8481094692100614,0.844288412713593,0.0630972249732332,0.1717951518956961,-0.2699727042106675,existing_confirmatory_summary_csv,0,,
done,confirm_K6_i000708,Transformer,32,1,256,26,0.8907121010124683,16,34,13448,cpu,0.8365841060876846,0.9622019454836844,0.8161533176898956,0.9077911488711834,drive://predictive_profile_confirmatory64_v1/runs/confirm_K6_i000708/transformer/d32/n256/seed1/DONE.json,0.9298769313895604,0.8619101999506146,0.8481094692100614,0.844288412713593,0.0936091322212913,0.0635027361575903,-0.831969566538288,existing_confirmatory_summary_csv,0,,
done,confirm_K6_i000708,Transformer,32,2,256,16,0.9293037950992584,16,24,13448,cpu,0.9899488799273968,0.859871506690979,0.8525251150131226,0.9304225593805312,drive://predictive_profile_confirmatory64_v1/runs/confirm_K6_i000708/transformer/d32/n256/seed2/DONE.json,0.9298769313895604,0.8619101999506146,0.8481094692100614,0.844288412713593,0.061505286877384,0.0861341466669382,0.6954942259513613,existing_confirmatory_summary_csv,0,,
done,confirm_K6_i000708,Transformer,32,3,256,43,0.8317896723747253,16,48,13448,cpu,0.9706306047737598,0.9454605877399443,0.9687958769500256,0.8355434946715832,drive://predictive_profile_confirmatory64_v1/runs/confirm_K6_i000708/transformer/d32/n256/seed3/DONE.json,0.9298769313895604,0.8619101999506146,0.8481094692100614,0.844288412713593,0.0832481262932668,-0.0087449180420098,1.5783321430483888,existing_confirmatory_summary_csv,0,,
done,confirm_K6_i000708,Transformer,128,1,256,19,0.8372571431100368,16,27,201224,cpu,0.90540168620646,0.8662226647138596,0.9410827346146108,0.8512470573186874,drive://predictive_profile_confirmatory64_v1/runs/confirm_K6_i000708/transformer/d128/n256/seed1/DONE.json,0.9298769313895604,0.8619101999506146,0.8481094692100614,0.844288412713593,0.0458083144370261,0.0069586446050944,0.6327324006248839,existing_confirmatory_summary_csv,0,,
done,confirm_K6_i000708,Transformer,128,2,256,22,0.858507938683033,16,30,201224,cpu,0.9570536054670812,1.0171622410416603,0.8123043812811375,0.891165005043149,drive://predictive_profile_confirmatory64_v1/runs/confirm_K6_i000708/transformer/d128/n256/seed2/DONE.json,0.9298769313895604,0.8619101999506146,0.8481094692100614,0.844288412713593,0.0688650581277556,0.0468765923295559,0.7698298959160886,existing_confirmatory_summary_csv,0,,
done,confirm_K6_i000708,Transformer,128,3,256,8,0.9139663986861706,16,16,201224,cpu,0.9988895505666732,1.0175611078739166,0.899200014770031,0.894149050116539,drive://predictive_profile_confirmatory64_v1/runs/confirm_K6_i000708/transformer/d128/n256/seed3/DONE.json,0.9298769313895604,0.8619101999506146,0.8481094692100614,0.844288412713593,0.0537584700691966,0.0498606374029459,1.2237681183229137,existing_confirmatory_summary_csv,0,,
done,confirm_K6_i000708,Transformer,256,1,256,27,0.8926575239747763,16,35,795656,cpu,0.9425113797187804,0.9207817614078522,0.934606559574604,0.8806984908878803,drive://predictive_profile_confirmatory64_v1/runs/confirm_K6_i000708/transformer/d256/n256/seed1/DONE.json,0.9298769313895604,0.8619101999506146,0.8481094692100614,0.844288412713593,0.0299103142575713,0.0364100781742873,0.7222100555907468,existing_confirmatory_summary_csv,0,,
done,confirm_K6_i000708,Transformer,256,2,256,31,0.9024055264890194,16,39,795656,cpu,1.0021247938275335,0.9889730997383596,0.9727408662438392,1.0198695361614227,drive://predictive_profile_confirmatory64_v1/runs/confirm_K6_i000708/transformer/d256/n256/seed2/DONE.json,0.9298769313895604,0.8619101999506146,0.8481094692100614,0.844288412713593,0.0625053107338246,0.1755811234478297,-0.2073261999202215,existing_confirmatory_summary_csv,0,,
done,confirm_K6_i000708,Transformer,256,3,256,7,0.8518828898668289,16,15,795656,cpu,0.9491228386759758,1.048359900712967,0.9776365980505944,0.9991021156311036,drive://predictive_profile_confirmatory64_v1/runs/confirm_K6_i000708/transformer/d256/n256/seed3/DONE.json,0.9298769313895604,0.8619101999506146,0.8481094692100614,0.844288412713593,0.0707440357918314,0.1548137029175106,-0.5839483814919866,existing_confirmatory_summary_csv,0,,
done,confirm_K6_i000997,GRU,8,1,256,43,1.9352591335773468,16,48,576,cpu,1.928938411176205,1.9420526176691053,1.943203903734684,1.9736703112721443,drive://predictive_profile_confirmatory64_v1/runs/confirm_K6_i000997/gru/d8/n256/seed1/DONE.json,1.9211584169593383,1.920335681857932,1.9202479202023408,1.920236335152691,0.031698441371851,0.0534339761194533,-48.511856294599255,existing_confirmatory_summary_csv,0,,
done,confirm_K6_i000997,GRU,8,2,256,48,1.9564365297555923,16,48,576,cpu,1.952398881316185,1.9431848675012589,1.8965979516506195,1.917886912822724,drive://predictive_profile_confirmatory64_v1/runs/confirm_K6_i000997/gru/d8/n256/seed2/DONE.json,1.9211584169593383,1.920335681857932,1.9202479202023408,1.920236335152691,0.0235423214699073,-0.0023494223299673,37.42831519357964,existing_confirmatory_summary_csv,0,,
done,confirm_K6_i000997,GRU,8,3,256,46,1.919838983565569,16,48,576,cpu,1.931556113064289,1.9479579851031303,1.953983195126057,1.911960646510124,drive://predictive_profile_confirmatory64_v1/runs/confirm_K6_i000997/gru/d8/n256/seed3/DONE.json,1.9211584169593383,1.920335681857932,1.9202479202023408,1.920236335152691,0.0291645425957208,-0.008275688642567,21.25133194571309,existing_confirmatory_summary_csv,0,,
done,confirm_K6_i000997,GRU,32,1,256,14,1.9202805124223232,16,22,6888,cpu,1.9339524507522583,1.9216045215725897,1.994725316762924,1.9328892529010773,drive://predictive_profile_confirmatory64_v1/runs/confirm_K6_i000997/gru/d32/n256/seed1/DONE.json,1.9211584169593383,1.920335681857932,1.9202479202023408,1.920236335152691,0.0314320033040205,0.0126529177483862,1.1530406993353473,existing_confirmatory_summary_csv,0,,
done,confirm_K6_i000997,GRU,32,2,256,34,1.9227142594754696,16,42,6888,cpu,1.9380100890994072,1.9255263581871984,1.934712789952755,1.9497305154800413,drive://predictive_profile_confirmatory64_v1/runs/confirm_K6_i000997/gru/d32/n256/seed2/DONE.json,1.9211584169593383,1.920335681857932,1.9202479202023408,1.920236335152691,0.0156234878969803,0.0294941803273502,-12.710831399276156,existing_confirmatory_summary_csv,0,,
done,confirm_K6_i000997,GRU,32,3,256,15,1.953785821795464,16,23,6888,cpu,1.9546907395124435,1.94552318751812,1.9240649417042728,1.9429479464888573,drive://predictive_profile_confirmatory64_v1/runs/confirm_K6_i000997/gru/d32/n256/seed3/DONE.json,1.9211584169593383,1.920335681857932,1.9202479202023408,1.920236335152691,0.0109569996913852,0.0227116113361662,12.735088078879794,existing_confirmatory_summary_csv,0,,
done,confirm_K6_i000997,GRU,128,1,256,8,1.955629974603653,16,16,101256,cpu,1.9685040414333344,1.9225657060742376,1.923476591706276,1.9612265527248385,drive://predictive_profile_confirmatory64_v1/runs/confirm_K6_i000997/gru/d128/n256/seed1/DONE.json,1.9211584169593383,1.920335681857932,1.9202479202023408,1.920236335152691,0.0272427887124833,0.0409902175721474,7.892454504613553,existing_confirmatory_summary_csv,0,,
done,confirm_K6_i000997,GRU,128,2,256,10,1.9221822805702689,16,18,101256,cpu,1.9199693873524664,1.945619150996208,1.9514572396874428,1.942945577204228,drive://predictive_profile_confirmatory64_v1/runs/confirm_K6_i000997/gru/d128/n256/seed2/DONE.json,1.9211584169593383,1.920335681857932,1.9202479202023408,1.920236335152691,0.0127476012422906,0.0227092420515366,-24.917734723887907,existing_confirmatory_summary_csv,0,,
done,confirm_K6_i000997,GRU,128,3,256,29,1.9660767391324043,16,37,101256,cpu,1.932229951024056,1.961708977818489,1.92803056538105,1.9219371676445007,drive://predictive_profile_confirmatory64_v1/runs/confirm_K6_i000997/gru/d128/n256/seed3/DONE.json,1.9211584169593383,1.920335681857932,1.9202479202023408,1.920236335152691,0.0206076615073503,0.0017008324918097,11.162549033452231,existing_confirmatory_summary_csv,0,,
done,confirm_K6_i000997,GRU,256,1,256,22,1.953415796160698,16,30,399112,cpu,1.926950789988041,1.9304763227701187,1.93654865026474,1.9133423417806623,drive://predictive_profile_confirmatory64_v1/runs/confirm_K6_i000997/gru/d256/n256/seed1/DONE.json,1.9211584169593383,1.920335681857932,1.9202479202023408,1.920236335152691,0.0157251220412606,-0.0068939933720286,14.758395740242111,existing_confirmatory_summary_csv,0,,
done,confirm_K6_i000997,GRU,256,2,256,18,1.9255453050136568,16,26,399112,cpu,1.9293524473905563,1.9222584515810013,1.9651284366846085,1.9666102677583688,drive://predictive_profile_confirmatory64_v1/runs/confirm_K6_i000997/gru/d256/n256/seed2/DONE.json,1.9211584169593383,1.920335681857932,1.9202479202023408,1.920236335152691,0.0293080240863541,0.0463739326056782,-40.40619834294508,existing_confirmatory_summary_csv,0,,
done,confirm_K6_i000997,GRU,256,3,256,23,1.9242699556052685,16,31,399112,cpu,1.9401930645108223,1.9195991083979609,1.917917750775814,1.9701729267835617,drive://predictive_profile_confirmatory64_v1/runs/confirm_K6_i000997/gru/d256/n256/seed3/DONE.json,1.9211584169593383,1.920335681857932,1.9202479202023408,1.920236335152691,0.0395427430751849,0.0499365916308707,-32.51323478742712,existing_confirmatory_summary_csv,0,,
done,confirm_K6_i000997,Transformer,8,1,256,34,1.920031480491161,16,42,1064,cpu,1.9694431126117704,1.969092659652233,1.9173141419887545,1.9713652208447456,drive://predictive_profile_confirmatory64_v1/runs/confirm_K6_i000997/transformer/d8/n256/seed1/DONE.json,1.9211584169593383,1.920335681857932,1.9202479202023408,1.920236335152691,0.0270946811783752,0.0511288856920546,-2.084531132832982,existing_confirmatory_summary_csv,0,,
done,confirm_K6_i000997,Transformer,8,2,256,17,1.9672698825597763,16,25,1064,cpu,1.9409762769937515,1.932165198028088,1.939210832118988,1.930974721908569,drive://predictive_profile_confirmatory64_v1/runs/confirm_K6_i000997/transformer/d8/n256/seed2/DONE.json,1.9211584169593383,1.920335681857932,1.9202479202023408,1.920236335152691,0.0061495978025895,0.0107383867558781,10.84671122787676,existing_confirmatory_summary_csv,0,,
done,confirm_K6_i000997,Transformer,8,3,256,39,1.9227558337152004,16,47,1064,cpu,1.9108996614813805,1.920096181333065,1.916953831911087,1.899046897888184,drive://predictive_profile_confirmatory64_v1/runs/confirm_K6_i000997/transformer/d8/n256/seed3/DONE.json,1.9211584169593383,1.920335681857932,1.9202479202023408,1.920236335152691,0.0148207891877273,-0.0211894372645069,12.85435143362486,existing_confirmatory_summary_csv,0,,
done,confirm_K6_i000997,Transformer,32,1,256,14,1.942975964397192,16,22,13448,cpu,1.962505087256432,1.925300404429436,1.9354254603385923,1.9474766924977305,drive://predictive_profile_confirmatory64_v1/runs/confirm_K6_i000997/transformer/d32/n256/seed1/DONE.json,1.9211584169593383,1.920335681857932,1.9202479202023408,1.920236335152691,0.0144974439874575,0.0272403573450394,16.298331287268944,existing_confirmatory_summary_csv,0,,
done,confirm_K6_i000997,Transformer,32,2,256,5,1.9412929937243464,16,13,13448,cpu,1.8966418132185936,1.927038311958313,1.982445985078812,1.9284978061914444,drive://predictive_profile_confirmatory64_v1/runs/confirm_K6_i000997/transformer/d32/n256/seed2/DONE.json,1.9211584169593383,1.920335681857932,1.9202479202023408,1.920236335152691,0.0315673420093316,0.0082614710387534,-34.547903172147755,existing_confirmatory_summary_csv,0,,
done,confirm_K6_i000997,Transformer,32,3,256,19,1.929848734289408,16,27,13448,cpu,1.9100975021719933,1.9807886630296707,1.935618661344052,1.9811447337269783,drive://predictive_profile_confirmatory64_v1/runs/confirm_K6_i000997/transformer/d32/n256/seed3/DONE.json,1.9211584169593383,1.920335681857932,1.9202479202023408,1.920236335152691,0.0425836462600435,0.0609083985742873,-77.05089835066997,existing_confirmatory_summary_csv,0,,
done,confirm_K6_i000997,Transformer,128,1,256,10,1.957678224891424,16,18,201224,cpu,1.9259201660752296,2.0178473070263863,2.003600925207138,1.949102185666561,drive://predictive_profile_confirmatory64_v1/runs/confirm_K6_i000997/transformer/d128/n256/seed1/DONE.json,1.9211584169593383,1.920335681857932,1.9202479202023408,1.920236335152691,0.0454480475011033,0.0288658505138699,-25.140957585553885,existing_confirmatory_summary_csv,0,,
done,confirm_K6_i000997,Transformer,128,2,256,24,1.9547701068222525,16,32,201224,cpu,1.9700488820672035,1.967980645596981,1.916827253997326,1.9607433453202248,drive://predictive_profile_confirmatory64_v1/runs/confirm_K6_i000997/transformer/d128/n256/seed2/DONE.json,1.9211584169593383,1.920335681857932,1.9202479202023408,1.920236335152691,0.0226432851493386,0.0405070101675337,10.091877618552695,existing_confirmatory_summary_csv,0,,
done,confirm_K6_i000997,Transformer,128,3,256,15,1.9676301628351207,16,23,201224,cpu,1.949418619275093,1.955281883478165,1.9467896595597267,1.9988132566213608,drive://predictive_profile_confirmatory64_v1/runs/confirm_K6_i000997/transformer/d128/n256/seed3/DONE.json,1.9211584169593383,1.920335681857932,1.9202479202023408,1.920236335152691,0.0422583486371645,0.0785769214686697,-53.56860637546457,existing_confirmatory_summary_csv,0,,
done,confirm_K6_i000997,Transformer,256,1,256,19,1.9242790937423704,16,27,795656,cpu,1.9273830577731133,1.982749745249748,1.949333623051644,1.940242700278759,drive://predictive_profile_confirmatory64_v1/runs/confirm_K6_i000997/transformer/d256/n256/seed1/DONE.json,1.9211584169593383,1.920335681857932,1.9202479202023408,1.920236335152691,0.0227529293208112,0.020006365126068,-13.946314104605568,existing_confirmatory_summary_csv,0,,
done,confirm_K6_i000997,Transformer,256,2,256,20,1.9486309550702567,16,28,795656,cpu,1.9364721477031708,1.9388563707470887,2.0104150772094727,1.9659010097384453,drive://predictive_profile_confirmatory64_v1/runs/confirm_K6_i000997/transformer/d256/n256/seed2/DONE.json,1.9211584169593383,1.920335681857932,1.9202479202023408,1.920236335152691,0.0301597691190498,0.0456646745857542,-31.915673667044175,existing_confirmatory_summary_csv,0,,
done,confirm_K6_i000997,Transformer,256,3,256,24,1.9345363676548004,16,32,795656,cpu,1.9054821208119392,1.9533834978938105,1.9197702035307884,1.9210369735956192,drive://predictive_profile_confirmatory64_v1/runs/confirm_K6_i000997/transformer/d256/n256/seed3/DONE.json,1.9211584169593383,1.920335681857932,1.9202479202023408,1.920236335152691,0.0181176987225469,0.0008006384429282,-16.869276317507214,existing_confirmatory_summary_csv,0,,
done,confirm_K6_i001189,GRU,8,1,256,48,1.89832017198205,16,48,576,cpu,1.9135732799768448,1.946310877799988,1.8819636702537537,1.9423136562109,drive://predictive_profile_confirmatory64_v1/runs/confirm_K6_i001189/gru/d8/n256/seed1/DONE.json,1.8624529402197152,1.8472838516984629,1.840946805328344,1.839227609252711,0.0405262067477308,0.1030860469581886,-1.23745819919146,existing_confirmatory_summary_csv,0,,
done,confirm_K6_i001189,GRU,8,2,256,48,1.904149662703276,16,48,576,cpu,1.918226920068264,1.9046692177653315,1.9143491834402084,1.881199233233929,drive://predictive_profile_confirmatory64_v1/runs/confirm_K6_i001189/gru/d8/n256/seed2/DONE.json,1.8624529402197152,1.8472838516984629,1.840946805328344,1.839227609252711,0.0188147600156934,0.041971623981218,1.5942802660999535,existing_confirmatory_summary_csv,0,,
done,confirm_K6_i001189,GRU,8,3,256,48,1.891478445380926,16,48,576,cpu,1.903003990650177,1.8867060765624049,1.8786571025848389,1.8511155918240547,drive://predictive_profile_confirmatory64_v1/runs/confirm_K6_i001189/gru/d8/n256/seed3/DONE.json,1.8624529402197152,1.8472838516984629,1.840946805328344,1.839227609252711,0.0236986175410237,0.0118879825713438,2.2341295760150395,existing_confirmatory_summary_csv,0,,
done,confirm_K6_i001189,GRU,32,1,256,37,1.860274214297533,16,45,6888,cpu,1.89791027456522,1.9122064709663391,1.8737529590725897,1.87738573551178,drive://predictive_profile_confirmatory64_v1/runs/confirm_K6_i001189/gru/d32/n256/seed1/DONE.json,1.8624529402197152,1.8472838516984629,1.840946805328344,1.839227609252711,0.0137138248929527,0.0381581262590691,0.883713523075251,existing_confirmatory_summary_csv,0,,
done,confirm_K6_i001189,GRU,32,2,256,44,1.8248701766133308,16,48,6888,cpu,1.8932154476642609,1.8628930747509005,1.8717544078826904,1.9127315431833267,drive://predictive_profile_confirmatory64_v1/runs/confirm_K6_i001189/gru/d32/n256/seed2/DONE.json,1.8624529402197152,1.8472838516984629,1.840946805328344,1.839227609252711,0.0418377933175382,0.0735039339306158,-0.8402935375513887,existing_confirmatory_summary_csv,0,,
done,confirm_K6_i001189,GRU,32,3,256,16,1.818184349685908,16,24,6888,cpu,1.882812924683094,1.843855045735836,1.8492110297083848,1.9094634354114528,drive://predictive_profile_confirmatory64_v1/runs/confirm_K6_i001189/gru/d32/n256/seed3/DONE.json,1.8624529402197152,1.8472838516984629,1.840946805328344,1.839227609252711,0.0542092174759407,0.0702358261587419,-1.1474760366696413,existing_confirmatory_summary_csv,0,,
done,confirm_K6_i001189,GRU,128,1,256,8,1.9055156484246247,16,16,101256,cpu,1.8843820691108704,1.8301944807171824,1.880780577659607,1.865463748574257,drive://predictive_profile_confirmatory64_v1/runs/confirm_K6_i001189/gru/d128/n256/seed1/DONE.json,1.8624529402197152,1.8472838516984629,1.840946805328344,1.839227609252711,0.0228065001990373,0.026236139321546,0.8145554766685691,existing_confirmatory_summary_csv,0,,
done,confirm_K6_i001189,GRU,128,2,256,12,1.889985777437687,16,20,101256,cpu,1.8798302337527275,1.8566067814826963,1.9411768019199367,1.939097285270691,drive://predictive_profile_confirmatory64_v1/runs/confirm_K6_i001189/gru/d128/n256/seed2/DONE.json,1.8624529402197152,1.8472838516984629,1.840946805328344,1.839227609252711,0.0612450737865513,0.09986967601798,-2.551828070918032,existing_confirmatory_summary_csv,0,,
done,confirm_K6_i001189,GRU,128,3,256,43,1.8632266633212569,16,48,101256,cpu,1.929712563753128,1.855007275938988,1.854328580200672,1.896006979048252,drive://predictive_profile_confirmatory64_v1/runs/confirm_K6_i001189/gru/d128/n256/seed3/DONE.json,1.8624529402197152,1.8472838516984629,1.840946805328344,1.839227609252711,0.0331650145402734,0.0567793697955412,1.4512423849959644,existing_confirmatory_summary_csv,0,,
done,confirm_K6_i001189,GRU,256,1,256,22,1.885181158781052,16,30,399112,cpu,1.8838748037815087,1.9062921106815336,1.872383862733841,1.86479602009058,drive://predictive_profile_confirmatory64_v1/runs/confirm_K6_i001189/gru/d256/n256/seed1/DONE.json,1.8624529402197152,1.8472838516984629,1.840946805328344,1.839227609252711,0.0171015957648884,0.025568410837869,0.8214644483660528,existing_confirmatory_summary_csv,0,,
done,confirm_K6_i001189,GRU,256,2,256,36,1.8620192669332027,16,44,399112,cpu,1.877517893910408,1.8546569645404816,1.8962001129984856,1.8334125950932505,drive://predictive_profile_confirmatory64_v1/runs/confirm_K6_i001189/gru/d256/n256/seed2/DONE.json,1.8624529402197152,1.8472838516984629,1.840946805328344,1.839227609252711,0.0329364527625335,-0.0058150141594603,1.899017020675267,existing_confirmatory_summary_csv,0,,
done,confirm_K6_i001189,GRU,256,3,256,22,1.8878054656088352,16,30,399112,cpu,1.892004564404488,1.8735738322138784,1.881036400794983,1.958971865475177,drive://predictive_profile_confirmatory64_v1/runs/confirm_K6_i001189/gru/d256/n256/seed3/DONE.json,1.8624529402197152,1.8472838516984629,1.840946805328344,1.839227609252711,0.0761795207092141,0.1197442562224666,-2.883373380806862,existing_confirmatory_summary_csv,0,,
done,confirm_K6_i001189,Transformer,8,1,256,47,1.893817938864231,16,48,1064,cpu,1.908321872353553,1.9158121421933167,1.857055865228176,1.8885830342769625,drive://predictive_profile_confirmatory64_v1/runs/confirm_K6_i001189/transformer/d8/n256/seed1/DONE.json,1.8624529402197152,1.8472838516984629,1.840946805328344,1.839227609252711,0.019268336701795,0.0493554250242516,0.8498840384506713,existing_confirmatory_summary_csv,0,,
done,confirm_K6_i001189,Transformer,8,2,256,47,1.8989155814051628,16,48,1064,cpu,1.8824399337172508,1.967665247619152,1.8896172642707825,1.9382417276501656,drive://predictive_profile_confirmatory64_v1/runs/confirm_K6_i001189/transformer/d8/n256/seed2/DONE.json,1.8624529402197152,1.8472838516984629,1.840946805328344,1.839227609252711,0.0480529163163511,0.0990141183974546,-2.4026264259566883,existing_confirmatory_summary_csv,0,,
done,confirm_K6_i001189,Transformer,8,3,256,48,1.9043672606348991,16,48,1064,cpu,1.9027893245220184,1.903942689299584,1.849429182708264,1.931322604417801,drive://predictive_profile_confirmatory64_v1/runs/confirm_K6_i001189/transformer/d8/n256/seed3/DONE.json,1.8624529402197152,1.8472838516984629,1.840946805328344,1.839227609252711,0.0522631440745599,0.09209499516509,-1.2285413687460065,existing_confirmatory_summary_csv,0,,
done,confirm_K6_i001189,Transformer,32,1,256,9,1.8800368309021,16,17,13448,cpu,1.90354785323143,1.9105420857667923,1.9377647414803505,1.913450598716736,drive://predictive_profile_confirmatory64_v1/runs/confirm_K6_i001189/transformer/d32/n256/seed1/DONE.json,1.8624529402197152,1.8472838516984629,1.840946805328344,1.839227609252711,0.0207859743947106,0.0742229894640251,-0.4263769372920719,existing_confirmatory_summary_csv,0,,
done,confirm_K6_i001189,Transformer,32,2,256,10,1.887633249163628,16,18,13448,cpu,1.8731366246938703,1.919899448752404,1.931480653584004,1.92798725515604,drive://predictive_profile_confirmatory64_v1/runs/confirm_K6_i001189/transformer/d32/n256/seed2/DONE.json,1.8624529402197152,1.8472838516984629,1.840946805328344,1.839227609252711,0.039873656279329,0.088759645903329,-2.361672715884854,existing_confirmatory_summary_csv,0,,
done,confirm_K6_i001189,Transformer,32,3,256,17,1.90104627981782,16,25,13448,cpu,1.856093592941761,1.9193467944860456,1.8353107124567032,1.8995736986398697,drive://predictive_profile_confirmatory64_v1/runs/confirm_K6_i001189/transformer/d32/n256/seed3/DONE.json,1.8624529402197152,1.8472838516984629,1.840946805328344,1.839227609252711,0.0472772363562102,0.0603460893871588,-1.8720984325209349,existing_confirmatory_summary_csv,0,,
done,confirm_K6_i001189,Transformer,128,1,256,14,1.8900395967066288,16,22,201224,cpu,1.8881235718727112,1.867648497223854,1.91588294506073,1.942970298230648,drive://predictive_profile_confirmatory64_v1/runs/confirm_K6_i001189/transformer/d128/n256/seed1/DONE.json,1.8624529402197152,1.8472838516984629,1.840946805328344,1.839227609252711,0.0589002579458696,0.1037426889779371,-2.361504619066844,existing_confirmatory_summary_csv,0,,
done,confirm_K6_i001189,Transformer,128,2,256,6,1.8868419975042343,16,14,201224,cpu,1.9269089475274088,1.9531030133366585,1.9892724230885503,1.8922240510582924,drive://predictive_profile_confirmatory64_v1/runs/confirm_K6_i001189/transformer/d128/n256/seed2/DONE.json,1.8624529402197152,1.8472838516984629,1.840946805328344,1.839227609252711,0.0547932777815852,0.0529964418055814,1.4934080602938438,existing_confirmatory_summary_csv,0,,
done,confirm_K6_i001189,Transformer,128,3,256,6,1.9004377163946629,16,14,201224,cpu,1.946359910070896,1.948094055056572,1.9037502110004425,1.897828444838524,drive://predictive_profile_confirmatory64_v1/runs/confirm_K6_i001189/transformer/d128/n256/seed3/DONE.json,1.8624529402197152,1.8472838516984629,1.840946805328344,1.839227609252711,0.024696623020789,0.0586008355858131,2.0895919761625525,existing_confirmatory_summary_csv,0,,
done,confirm_K6_i001189,Transformer,256,1,256,23,1.884819947183132,16,31,795656,cpu,1.9144345596432688,1.8710100799798963,1.91001270711422,1.9075709730386727,drive://predictive_profile_confirmatory64_v1/runs/confirm_K6_i001189/transformer/d256/n256/seed1/DONE.json,1.8624529402197152,1.8472838516984629,1.840946805328344,1.839227609252711,0.0237640354336738,0.0683433637859622,0.295521584357466,existing_confirmatory_summary_csv,0,,
done,confirm_K6_i001189,Transformer,256,2,256,17,1.8955751992762089,16,25,795656,cpu,1.8297973275184631,1.9194312319159508,1.8816176503896715,1.9362643510103223,drive://predictive_profile_confirmatory64_v1/runs/confirm_K6_i001189/transformer/d256/n256/seed2/DONE.json,1.8624529402197152,1.8472838516984629,1.840946805328344,1.839227609252711,0.0717925856780047,0.0970367417576114,-4.584090691457293,existing_confirmatory_summary_csv,0,,
done,confirm_K6_i001189,Transformer,256,3,256,8,1.8865512609481807,16,16,795656,cpu,1.908444806933403,1.862206682562828,1.956058219075203,1.886366970837116,drive://predictive_profile_confirmatory64_v1/runs/confirm_K6_i001189/transformer/d256/n256/seed3/DONE.json,1.8624529402197152,1.8472838516984629,1.840946805328344,1.839227609252711,0.0376145632411468,0.0471393615844051,0.950592959370632,existing_confirmatory_summary_csv,0,,
done,confirm_K3_i000321,GRU,8,1,256,48,1.320412240922451,16,48,576,cuda,1.4072202742099762,1.330893412232399,1.3312139809131622,1.380959391593933,drive://dataset_realization_robustness_v1/runs/replicate_1/confirm_K3_i000321/gru/d8/n256/seed1/DONE.json,1.3475309797921202,1.346869451695575,1.346830231354772,1.3468278515815026,0.0375460083970698,0.0341315400124304,37.3486402899088,dataset_replication_project,1,2401452914.0,drive://dataset_realization_robustness_v1/datasets/replicate_1/confirm_K3_i000321.npz
done,confirm_K3_i000321,GRU,8,2,256,48,1.355519451200962,16,48,576,cuda,1.3938503861427307,1.3262217342853546,1.363728940486908,1.390259929001331,drive://dataset_realization_robustness_v1/runs/replicate_1/confirm_K3_i000321/gru/d8/n256/seed2/DONE.json,1.3475309797921202,1.346869451695575,1.346830231354772,1.3468278515815026,0.0347079832549589,0.0434320774198286,5.1064046175103535,dataset_replication_project,1,3141833351.0,drive://dataset_realization_robustness_v1/datasets/replicate_1/confirm_K3_i000321.npz
done,confirm_K3_i000321,GRU,8,3,256,47,1.3848786912858486,16,48,576,cuda,1.3863472491502762,1.3572600781917572,1.3397470563650131,1.3340324610471723,drive://dataset_realization_robustness_v1/runs/replicate_1/confirm_K3_i000321/gru/d8/n256/seed3/DONE.json,1.3475309797921202,1.346869451695575,1.346830231354772,1.3468278515815026,0.0284340650849667,-0.01279539053433,74.40291445162492,dataset_replication_project,1,3136608179.0,drive://dataset_realization_robustness_v1/datasets/replicate_1/confirm_K3_i000321.npz
done,confirm_K3_i000321,GRU,32,1,256,26,1.336981575936079,16,34,6888,cuda,1.3495540842413902,1.3097456768155098,1.33316832780838,1.339622475206852,drive://dataset_realization_robustness_v1/runs/replicate_1/confirm_K3_i000321/gru/d32/n256/seed1/DONE.json,1.3475309797921202,1.346869451695575,1.346830231354772,1.3468278515815026,0.0159840715289135,-0.0072053763746506,14.124890574103224,dataset_replication_project,1,2504436145.0,drive://dataset_realization_robustness_v1/datasets/replicate_1/confirm_K3_i000321.npz
done,confirm_K3_i000321,GRU,32,2,256,39,1.3221528492867949,16,47,6888,cuda,1.319034419953823,1.3742509335279465,1.3513006046414375,1.370976597070694,drive://dataset_realization_robustness_v1/runs/replicate_1/confirm_K3_i000321/gru/d32/n256/seed2/DONE.json,1.3475309797921202,1.346869451695575,1.346830231354772,1.3468278515815026,0.0281478999653177,0.0241487454891913,-73.87298124654774,dataset_replication_project,1,2116551285.0,drive://dataset_realization_robustness_v1/datasets/replicate_1/confirm_K3_i000321.npz
done,confirm_K3_i000321,GRU,32,3,256,47,1.3704958632588389,16,48,6888,cuda,1.3091136515140531,1.4118283465504646,1.3293859213590622,1.3731557875871658,drive://dataset_realization_robustness_v1/runs/replicate_1/confirm_K3_i000321/gru/d32/n256/seed3/DONE.json,1.3475309797921202,1.346869451695575,1.346830231354772,1.3468278515815026,0.0435898776919177,0.0263279360056631,-91.08173318328754,dataset_replication_project,1,2451450128.0,drive://dataset_realization_robustness_v1/datasets/replicate_1/confirm_K3_i000321.npz
done,confirm_K3_i000321,GRU,128,1,256,21,1.3729331865906715,16,29,101256,cuda,1.3648976981639862,1.372471123933792,1.3586515560746193,1.357763685286045,drive://dataset_realization_robustness_v1/runs/replicate_1/confirm_K3_i000321/gru/d128/n256/seed1/DONE.json,1.3475309797921202,1.346869451695575,1.346830231354772,1.3468278515815026,0.0080191519476566,0.0109358337045424,10.146105319362931,dataset_replication_project,1,3543334799.0,drive://dataset_realization_robustness_v1/datasets/replicate_1/confirm_K3_i000321.npz
done,confirm_K3_i000321,GRU,128,2,256,18,1.3350100107491016,16,26,101256,cuda,1.353578858077526,1.3346535339951515,1.334841974079609,1.311906985938549,drive://dataset_realization_robustness_v1/runs/replicate_1/confirm_K3_i000321/gru/d128/n256/seed2/DONE.json,1.3475309797921202,1.346869451695575,1.346830231354772,1.3468278515815026,0.0260761249359013,-0.0349208656429536,59.26639197476593,dataset_replication_project,1,2404067174.0,drive://dataset_realization_robustness_v1/datasets/replicate_1/confirm_K3_i000321.npz
done,confirm_K3_i000321,GRU,128,3,256,5,1.3585032150149343,16,13,101256,cuda,1.4327180683612823,1.375204615294933,1.359053760766983,1.4194986820220947,drive://dataset_realization_robustness_v1/runs/replicate_1/confirm_K3_i000321/gru/d128/n256/seed3/DONE.json,1.3475309797921202,1.346869451695575,1.346830231354772,1.3468278515815026,0.0380006061577101,0.072670830440592,18.80081916721373,dataset_replication_project,1,3911446241.0,drive://dataset_realization_robustness_v1/datasets/replicate_1/confirm_K3_i000321.npz
done,confirm_K3_i000321,GRU,256,1,256,8,1.3763975016772747,16,16,399112,cuda,1.4608586430549622,1.3640104979276657,1.3943057507276535,1.3756936192512512,drive://dataset_realization_robustness_v1/runs/replicate_1/confirm_K3_i000321/gru/d256/n256/seed1/DONE.json,1.3475309797921202,1.346869451695575,1.346830231354772,1.3468278515815026,0.043639442475877,0.0288657676697485,121.12303633630091,dataset_replication_project,1,2881910908.0,drive://dataset_realization_robustness_v1/datasets/replicate_1/confirm_K3_i000321.npz
done,confirm_K3_i000321,GRU,256,2,256,8,1.3697502352297306,16,16,399112,cuda,1.4038892462849617,1.3977859988808632,1.3659254685044289,1.3937689810991287,drive://dataset_realization_robustness_v1/runs/replicate_1/confirm_K3_i000321/gru/d256/n256/seed2/DONE.json,1.3475309797921202,1.346869451695575,1.346830231354772,1.3468278515815026,0.0148313867879141,0.046941129517626,14.393200319674389,dataset_replication_project,1,2854547243.0,drive://dataset_realization_robustness_v1/datasets/replicate_1/confirm_K3_i000321.npz
done,confirm_K3_i000321,GRU,256,3,256,17,1.3382503353059292,16,25,399112,cuda,1.3598911464214325,1.3723298981785774,1.4454045817255974,1.3876983001828194,drive://dataset_realization_robustness_v1/runs/replicate_1/confirm_K3_i000321/gru/d256/n256/seed3/DONE.json,1.3475309797921202,1.346869451695575,1.346830231354772,1.3468278515815026,0.0330909527772877,0.0408704486013167,-39.54777143269946,dataset_replication_project,1,2660373308.0,drive://dataset_realization_robustness_v1/datasets/replicate_1/confirm_K3_i000321.npz
done,confirm_K3_i000321,Transformer,8,1,256,43,1.3554470762610435,16,48,1064,cuda,1.3495910912752151,1.3545005694031715,1.3567953929305077,1.3944623991847038,drive://dataset_realization_robustness_v1/runs/replicate_1/confirm_K3_i000321/transformer/d8/n256/seed1/DONE.json,1.3475309797921202,1.346869451695575,1.346830231354772,1.3468278515815026,0.0356941391364339,0.0476345476032011,-63.81667984858268,dataset_replication_project,1,2029402431.0,drive://dataset_realization_robustness_v1/datasets/replicate_1/confirm_K3_i000321.npz
done,confirm_K3_i000321,Transformer,8,2,256,48,1.3610097393393517,16,48,1064,cuda,1.3586873710155487,1.3272133246064186,1.3808099254965782,1.3010182604193687,drive://dataset_realization_robustness_v1/runs/replicate_1/confirm_K3_i000321/transformer/d8/n256/seed2/DONE.json,1.3475309797921202,1.346869451695575,1.346830231354772,1.3468278515815026,0.0507332654219159,-0.0458095911621339,82.01791611451296,dataset_replication_project,1,2205870504.0,drive://dataset_realization_robustness_v1/datasets/replicate_1/confirm_K3_i000321.npz
done,confirm_K3_i000321,Transformer,8,3,256,25,1.4347494877874851,16,33,1064,cuda,1.3577643185853958,1.369407206773758,1.403549626469612,1.3846960738301275,drive://dataset_realization_robustness_v1/runs/replicate_1/confirm_K3_i000321/transformer/d8/n256/seed3/DONE.json,1.3475309797921202,1.346869451695575,1.346830231354772,1.3468278515815026,0.0183988907660671,0.037868222248625,-38.302765893971205,dataset_replication_project,1,3562543798.0,drive://dataset_realization_robustness_v1/datasets/replicate_1/confirm_K3_i000321.npz
done,confirm_K3_i000321,Transformer,32,1,256,15,1.339579861611128,16,23,13448,cuda,1.3515910133719444,1.3587510213255882,1.4167058020830154,1.3319699093699455,drive://dataset_realization_robustness_v1/runs/replicate_1/confirm_K3_i000321/transformer/d32/n256/seed1/DONE.json,1.3475309797921202,1.346869451695575,1.346830231354772,1.3468278515815026,0.0454220748003878,-0.0148579422115571,27.905442714018207,dataset_replication_project,1,3814346279.0,drive://dataset_realization_robustness_v1/datasets/replicate_1/confirm_K3_i000321.npz
done,confirm_K3_i000321,Transformer,32,2,256,15,1.312690619379282,16,23,13448,cuda,1.3250786811113358,1.3590191826224327,1.3532228842377665,1.4038774520158768,drive://dataset_realization_robustness_v1/runs/replicate_1/confirm_K3_i000321/transformer/d32/n256/seed2/DONE.json,1.3475309797921202,1.346869451695575,1.346830231354772,1.3468278515815026,0.0522079413976746,0.0570496004343741,-112.06885133413998,dataset_replication_project,1,3191029719.0,drive://dataset_realization_robustness_v1/datasets/replicate_1/confirm_K3_i000321.npz
done,confirm_K3_i000321,Transformer,32,3,256,17,1.3515841029584408,16,25,13448,cuda,1.3081563860177994,1.3358447775244713,1.3448324501514437,1.4044191390275955,drive://dataset_realization_robustness_v1/runs/replicate_1/confirm_K3_i000321/transformer/d32/n256/seed3/DONE.json,1.3475309797921202,1.346869451695575,1.346830231354772,1.3468278515815026,0.0664480801302969,0.0575912874460928,-136.9064013592144,dataset_replication_project,1,3682222496.0,drive://dataset_realization_robustness_v1/datasets/replicate_1/confirm_K3_i000321.npz
done,confirm_K3_i000321,Transformer,128,1,256,11,1.3784733600914478,16,19,201224,cuda,1.3702357783913612,1.3804863914847374,1.3792678117752075,1.3735234290361404,drive://dataset_realization_robustness_v1/runs/replicate_1/confirm_K3_i000321/transformer/d128/n256/seed1/DONE.json,1.3475309797921202,1.346869451695575,1.346830231354772,1.3468278515815026,0.00491940470224,0.0266955774546377,-4.675748455451068,dataset_replication_project,1,3967930592.0,drive://dataset_realization_robustness_v1/datasets/replicate_1/confirm_K3_i000321.npz
done,confirm_K3_i000321,Transformer,128,2,256,14,1.3564483411610126,16,22,201224,cuda,1.390006259083748,1.3726848661899569,1.335983820259571,1.353503093123436,drive://dataset_realization_robustness_v1/runs/replicate_1/confirm_K3_i000321/transformer/d128/n256/seed2/DONE.json,1.3475309797921202,1.346869451695575,1.346830231354772,1.3468278515815026,0.022107675333838,0.0066752415419333,51.91537675362248,dataset_replication_project,1,3155974718.0,drive://dataset_realization_robustness_v1/datasets/replicate_1/confirm_K3_i000321.npz
done,confirm_K3_i000321,Transformer,128,3,256,11,1.326076366007328,16,19,201224,cuda,1.3913009613752363,1.3600749671459198,1.324630856513977,1.366260826587677,drive://dataset_realization_robustness_v1/runs/replicate_1/confirm_K3_i000321/transformer/d128/n256/seed3/DONE.json,1.3475309797921202,1.346869451695575,1.346830231354772,1.3468278515815026,0.0243121558866447,0.0194329750061743,35.61247352821485,dataset_replication_project,1,3175106263.0,drive://dataset_realization_robustness_v1/datasets/replicate_1/confirm_K3_i000321.npz
done,confirm_K3_i000321,Transformer,256,1,256,14,1.3374349661171436,16,22,795656,cuda,1.331520035862923,1.3892443776130676,1.3383644670248032,1.37933649122715,drive://dataset_realization_robustness_v1/runs/replicate_1/confirm_K3_i000321/transformer/d256/n256/seed1/DONE.json,1.3475309797921202,1.346869451695575,1.346830231354772,1.3468278515815026,0.0321340760573232,0.0325086396456473,-68.00531488023903,dataset_replication_project,1,2999560876.0,drive://dataset_realization_robustness_v1/datasets/replicate_1/confirm_K3_i000321.npz
done,confirm_K3_i000321,Transformer,256,2,256,7,1.351645860821009,16,15,795656,cuda,1.3822145611047745,1.3253241702914238,1.3782967180013657,1.3642020747065544,drive://dataset_realization_robustness_v1/runs/replicate_1/confirm_K3_i000321/transformer/d256/n256/seed2/DONE.json,1.3475309797921202,1.346869451695575,1.346830231354772,1.3468278515815026,0.0224328643112396,0.0173742231250517,25.617641457450866,dataset_replication_project,1,2737761770.0,drive://dataset_realization_robustness_v1/datasets/replicate_1/confirm_K3_i000321.npz
done,confirm_K3_i000321,Transformer,256,3,256,6,1.3509044516831636,16,14,795656,cuda,1.329779952764511,1.4049990102648735,1.3769410252571106,1.3856168687343595,drive://dataset_realization_robustness_v1/runs/replicate_1/confirm_K3_i000321/transformer/d256/n256/seed3/DONE.json,1.3475309797921202,1.346869451695575,1.346830231354772,1.3468278515815026,0.0301916573617447,0.0387890171528571,-79.41214010003323,dataset_replication_project,1,3588995326.0,drive://dataset_realization_robustness_v1/datasets/replicate_1/confirm_K3_i000321.npz
done,confirm_K3_i000341,GRU,8,1,256,46,1.9476235769689083,16,48,576,cuda,1.9798681735992432,1.921617217361927,1.9726989641785624,1.9612241461873052,drive://dataset_realization_robustness_v1/runs/replicate_1/confirm_K3_i000341/gru/d8/n256/seed1/DONE.json,1.9426797231331288,1.9375620566447007,1.9343421948905468,1.9322632441419432,0.0233050449392767,0.0289609020453622,1.7898588791581371,dataset_replication_project,1,2986174951.0,drive://dataset_realization_robustness_v1/datasets/replicate_1/confirm_K3_i000341.npz
done,confirm_K3_i000341,GRU,8,2,256,41,1.9482634030282495,16,48,576,cuda,1.9682601243257525,1.96708644926548,1.9820850417017937,1.949166096746921,drive://dataset_realization_robustness_v1/runs/replicate_1/confirm_K3_i000341/gru/d8/n256/seed2/DONE.json,1.9426797231331288,1.9375620566447007,1.9343421948905468,1.9322632441419432,0.0172170581437718,0.0169028526049783,1.8330596735219329,dataset_replication_project,1,3333206100.0,drive://dataset_realization_robustness_v1/datasets/replicate_1/confirm_K3_i000341.npz
done,confirm_K3_i000341,GRU,8,3,256,36,1.9360079057514668,16,44,576,cuda,1.9508206844329836,1.978575631976128,1.9134245291352272,1.9517132863402369,drive://dataset_realization_robustness_v1/runs/replicate_1/confirm_K3_i000341/gru/d8/n256/seed3/DONE.json,1.9426797231331288,1.9375620566447007,1.9343421948905468,1.9322632441419432,0.0235713444534851,0.0194500421982934,-0.085691326983771,dataset_replication_project,1,2686064356.0,drive://dataset_realization_robustness_v1/datasets/replicate_1/confirm_K3_i000341.npz
done,confirm_K3_i000341,GRU,32,1,256,30,1.920522153377533,16,38,6888,cuda,1.9624290838837624,1.964249923825264,1.9158429130911827,1.9111150279641151,drive://dataset_realization_robustness_v1/runs/replicate_1/confirm_K3_i000341/gru/d32/n256/seed1/DONE.json,1.9426797231331288,1.9375620566447007,1.9343421948905468,1.9322632441419432,0.0314957121011408,-0.021148216177828,4.92623812356067,dataset_replication_project,1,2375127347.0,drive://dataset_realization_robustness_v1/datasets/replicate_1/confirm_K3_i000341.npz
done,confirm_K3_i000341,GRU,32,2,256,17,1.9792747274041176,16,25,6888,cuda,1.9536529406905172,1.9384236633777616,1.9468689635396004,1.922880217432976,drive://dataset_realization_robustness_v1/runs/replicate_1/confirm_K3_i000341/gru/d32/n256/seed2/DONE.json,1.9426797231331288,1.9375620566447007,1.9343421948905468,1.9322632441419432,0.0158063937033676,-0.0093830267089674,2.954234658715436,dataset_replication_project,1,3353326940.0,drive://dataset_realization_robustness_v1/datasets/replicate_1/confirm_K3_i000341.npz
done,confirm_K3_i000341,GRU,32,3,256,41,1.946154411882162,16,48,6888,cuda,1.9546526446938517,1.9304289817810056,1.9520732164382932,1.9338630810379984,drive://dataset_realization_robustness_v1/runs/replicate_1/confirm_K3_i000341/gru/d32/n256/seed3/DONE.json,1.9426797231331288,1.9375620566447007,1.9343421948905468,1.9322632441419432,0.0105365999204073,0.001599836896055,1.9958340695973544,dataset_replication_project,1,3815472092.0,drive://dataset_realization_robustness_v1/datasets/replicate_1/confirm_K3_i000341.npz
done,confirm_K3_i000341,GRU,128,1,256,8,1.9406131841242316,16,16,101256,cuda,1.967908300459385,1.9870052635669708,1.9564566388726237,1.9518491327762604,drive://dataset_realization_robustness_v1/runs/replicate_1/confirm_K3_i000341/gru/d128/n256/seed1/DONE.json,1.9426797231331288,1.9375620566447007,1.9343421948905468,1.9322632441419432,0.0152454336045989,0.0195858886343172,1.5417078742935877,dataset_replication_project,1,2849791422.0,drive://dataset_realization_robustness_v1/datasets/replicate_1/confirm_K3_i000341.npz
done,confirm_K3_i000341,GRU,128,2,256,24,1.9622276350855827,16,32,101256,cuda,1.94965148717165,1.9121308103203771,1.9796784818172453,1.9290105551481247,drive://dataset_realization_robustness_v1/runs/replicate_1/confirm_K3_i000341/gru/d128/n256/seed2/DONE.json,1.9426797231331288,1.9375620566447007,1.9343421948905468,1.9322632441419432,0.0271906069538618,-0.0032526889938184,1.9815651758133987,dataset_replication_project,1,3060971109.0,drive://dataset_realization_robustness_v1/datasets/replicate_1/confirm_K3_i000341.npz
done,confirm_K3_i000341,GRU,128,3,256,31,1.9395505860447884,16,39,101256,cuda,1.939078077673912,1.9198487102985384,1.9507224932312963,1.9552027210593224,drive://dataset_realization_robustness_v1/runs/replicate_1/confirm_K3_i000341/gru/d128/n256/seed3/DONE.json,1.9426797231331288,1.9375620566447007,1.9343421948905468,1.9322632441419432,0.0244954385544855,0.0229394769173791,-1.5479936549629647,dataset_replication_project,1,2250267656.0,drive://dataset_realization_robustness_v1/datasets/replicate_1/confirm_K3_i000341.npz
done,confirm_K3_i000341,GRU,256,1,256,10,1.981969177722931,16,18,399112,cuda,1.9854933246970177,1.935930505394936,1.9928105026483536,1.9878792837262156,drive://dataset_realization_robustness_v1/runs/replicate_1/confirm_K3_i000341/gru/d256/n256/seed1/DONE.json,1.9426797231331288,1.9375620566447007,1.9343421948905468,1.9322632441419432,0.0293654750910864,0.0556160395842721,-0.2290561936731873,dataset_replication_project,1,2429010054.0,drive://dataset_realization_robustness_v1/datasets/replicate_1/confirm_K3_i000341.npz
done,confirm_K3_i000341,GRU,256,2,256,15,1.9467644914984703,16,23,399112,cuda,1.9656377956271167,1.95027320086956,1.988750822842121,2.0526934564113617,drive://dataset_realization_robustness_v1/runs/replicate_1/confirm_K3_i000341/gru/d256/n256/seed2/DONE.json,1.9426797231331288,1.9375620566447007,1.9343421948905468,1.9322632441419432,0.0797857525637057,0.1204302122694185,-8.357494010971553,dataset_replication_project,1,2894714267.0,drive://dataset_realization_robustness_v1/datasets/replicate_1/confirm_K3_i000341.npz
done,confirm_K3_i000341,GRU,256,3,256,6,1.9489528350532053,16,14,399112,cuda,1.984632357954979,1.9591529667377472,1.9579656049609184,1.9541324228048325,drive://dataset_realization_robustness_v1/runs/replicate_1/confirm_K3_i000341/gru/d256/n256/seed3/DONE.json,1.9426797231331288,1.9375620566447007,1.9343421948905468,1.9322632441419432,0.0100809222360464,0.0218691786628892,2.928046528577987,dataset_replication_project,1,2159184563.0,drive://dataset_realization_robustness_v1/datasets/replicate_1/confirm_K3_i000341.npz
done,confirm_K3_i000341,Transformer,8,1,256,40,1.9748413003981116,16,48,1064,cuda,1.945571266114712,1.968143306672573,1.9461988806724548,1.9532665014266968,drive://dataset_realization_robustness_v1/runs/replicate_1/confirm_K3_i000341/transformer/d8/n256/seed1/DONE.json,1.9426797231331288,1.9375620566447007,1.9343421948905468,1.9322632441419432,0.0112186441944155,0.0210032572847536,-0.7387559000019793,dataset_replication_project,1,3364830048.0,drive://dataset_realization_robustness_v1/datasets/replicate_1/confirm_K3_i000341.npz
done,confirm_K3_i000341,Transformer,8,2,256,48,1.9373048059642315,16,48,1064,cuda,1.9599049389362333,1.943374142050743,1.985144816339016,1.935041144490242,drive://dataset_realization_robustness_v1/runs/replicate_1/confirm_K3_i000341/transformer/d8/n256/seed2/DONE.json,1.9426797231331288,1.9375620566447007,1.9343421948905468,1.9322632441419432,0.0251212312574665,0.0027779003482988,2.386967272437379,dataset_replication_project,1,3894677124.0,drive://dataset_realization_robustness_v1/datasets/replicate_1/confirm_K3_i000341.npz
done,confirm_K3_i000341,Transformer,8,3,256,35,1.949207555502653,16,43,1064,cuda,1.957271009683609,1.9257249012589452,1.9432018250226972,1.9906743615865707,drive://dataset_realization_robustness_v1/runs/replicate_1/confirm_K3_i000341/transformer/d8/n256/seed3/DONE.json,1.9426797231331288,1.9375620566447007,1.9343421948905468,1.9322632441419432,0.0482450704997985,0.0584111174446275,-3.2067795587383814,dataset_replication_project,1,2160851999.0,drive://dataset_realization_robustness_v1/datasets/replicate_1/confirm_K3_i000341.npz
done,confirm_K3_i000341,Transformer,32,1,256,9,1.9514088928699491,16,17,13448,cuda,1.998118370771408,1.960862472653389,1.9538868069648745,1.9201892539858816,drive://dataset_realization_robustness_v1/runs/replicate_1/confirm_K3_i000341/transformer/d32/n256/seed1/DONE.json,1.9426797231331288,1.9375620566447007,1.9343421948905468,1.9322632441419432,0.0412584563467359,-0.0120739901560613,7.481330001382408,dataset_replication_project,1,3533676251.0,drive://dataset_realization_robustness_v1/datasets/replicate_1/confirm_K3_i000341.npz
done,confirm_K3_i000341,Transformer,32,2,256,19,1.9742358028888705,16,27,13448,cuda,2.0357681661844254,1.973442390561104,1.952031955122948,1.9219074323773384,drive://dataset_realization_robustness_v1/runs/replicate_1/confirm_K3_i000341/transformer/d32/n256/seed2/DONE.json,1.9426797231331288,1.9375620566447007,1.9343421948905468,1.9322632441419432,0.058363192875501,-0.0103558117646047,10.930827384515997,dataset_replication_project,1,3570435932.0,drive://dataset_realization_robustness_v1/datasets/replicate_1/confirm_K3_i000341.npz
done,confirm_K3_i000341,Transformer,32,3,256,16,1.9315246120095253,16,24,13448,cuda,1.9419593662023544,1.9557977989315989,1.948175050318241,1.978503830730915,drive://dataset_realization_robustness_v1/runs/replicate_1/confirm_K3_i000341/transformer/d32/n256/seed3/DONE.json,1.9426797231331288,1.9375620566447007,1.9343421948905468,1.9322632441419432,0.0317799565751349,0.0462405865889719,-3.5083318038162927,dataset_replication_project,1,3338150990.0,drive://dataset_realization_robustness_v1/datasets/replicate_1/confirm_K3_i000341.npz
done,confirm_K3_i000341,Transformer,128,1,256,12,1.9458445385098455,16,20,201224,cuda,1.9557980820536611,1.994739256799221,1.999400459229946,1.9846059828996656,drive://dataset_realization_robustness_v1/runs/replicate_1/confirm_K3_i000341/transformer/d128/n256/seed1/DONE.json,1.9426797231331288,1.9375620566447007,1.9343421948905468,1.9322632441419432,0.0207581826120903,0.0523427387577226,-2.7656083087559344,dataset_replication_project,1,3720994036.0,drive://dataset_realization_robustness_v1/datasets/replicate_1/confirm_K3_i000341.npz
done,confirm_K3_i000341,Transformer,128,2,256,9,1.9749477580189705,16,17,201224,cuda,1.9486059173941608,1.9688258618116377,2.0186487585306168,1.9835424348711967,drive://dataset_realization_robustness_v1/runs/replicate_1/confirm_K3_i000341/transformer/d128/n256/seed2/DONE.json,1.9426797231331288,1.9375620566447007,1.9343421948905468,1.9322632441419432,0.0297838769691119,0.0512791907292535,-3.353966105686842,dataset_replication_project,1,3917386696.0,drive://dataset_realization_robustness_v1/datasets/replicate_1/confirm_K3_i000341.npz
done,confirm_K3_i000341,Transformer,128,3,256,14,1.936088927090168,16,22,201224,cuda,1.9555778875947,1.9592023193836208,1.920579195022583,1.95515239238739,drive://dataset_realization_robustness_v1/runs/replicate_1/confirm_K3_i000341/transformer/d128/n256/seed3/DONE.json,1.9426797231331288,1.9375620566447007,1.9343421948905468,1.9322632441419432,0.0190049956150053,0.0228891482454469,0.0408482758588364,dataset_replication_project,1,2094700657.0,drive://dataset_realization_robustness_v1/datasets/replicate_1/confirm_K3_i000341.npz
done,confirm_K3_i000341,Transformer,256,1,256,29,1.9574392139911647,16,37,795656,cuda,1.965346671640873,1.987519487738609,1.9734734669327736,1.963273473083973,drive://dataset_realization_robustness_v1/runs/replicate_1/confirm_K3_i000341/transformer/d256/n256/seed1/DONE.json,1.9426797231331288,1.9375620566447007,1.9343421948905468,1.9322632441419432,0.0111193315764095,0.0310102289420297,0.1990306473669618,dataset_replication_project,1,3284408383.0,drive://dataset_realization_robustness_v1/datasets/replicate_1/confirm_K3_i000341.npz
done,confirm_K3_i000341,Transformer,256,2,256,12,1.978953257203102,16,20,795656,cuda,1.9393204897642136,1.974418692290783,1.9379268139600756,1.9774996936321256,drive://dataset_realization_robustness_v1/runs/replicate_1/confirm_K3_i000341/transformer/d256/n256/seed2/DONE.json,1.9426797231331288,1.9375620566447007,1.9343421948905468,1.9322632441419432,0.0322747449641152,0.0452364494901826,-3.665269607918329,dataset_replication_project,1,2474501757.0,drive://dataset_realization_robustness_v1/datasets/replicate_1/confirm_K3_i000341.npz
done,confirm_K3_i000341,Transformer,256,3,256,18,1.9369892179965973,16,26,795656,cuda,1.9388902336359024,2.004137344658375,1.9440094232559204,1.9504217505455017,drive://dataset_realization_robustness_v1/runs/replicate_1/confirm_K3_i000341/transformer/d256/n256/seed3/DONE.json,1.9426797231331288,1.9375620566447007,1.9343421948905468,1.9322632441419432,0.0269165426283923,0.0181585064035585,-1.1070455687912646,dataset_replication_project,1,2137578225.0,drive://dataset_realization_robustness_v1/datasets/replicate_1/confirm_K3_i000341.npz
done,confirm_K3_i000975,GRU,8,1,256,48,0.9933269135653972,16,48,576,cuda,1.0948971025645733,0.9894139654934406,1.034143164753914,1.0153990052640438,drive://dataset_realization_robustness_v1/runs/replicate_1/confirm_K3_i000975/gru/d8/n256/seed1/DONE.json,1.0157131464906894,0.9402272892858976,0.9075909776404404,0.8940198827082537,0.0418895630828798,0.12137912255579,0.6532662107136585,dataset_replication_project,1,3499903279.0,drive://dataset_realization_robustness_v1/datasets/replicate_1/confirm_K3_i000975.npz
done,confirm_K3_i000975,GRU,8,2,256,48,0.989944439381361,16,48,576,cuda,1.069934442639351,0.9675804786384106,0.925849348306656,0.9203423485159874,drive://dataset_realization_robustness_v1/runs/replicate_1/confirm_K3_i000975/gru/d8/n256/seed2/DONE.json,1.0157131464906894,0.9402272892858976,0.9075909776404404,0.8940198827082537,0.0145295969994791,0.0263224658077336,1.2292553381656814,dataset_replication_project,1,3687657852.0,drive://dataset_realization_robustness_v1/datasets/replicate_1/confirm_K3_i000975.npz
done,confirm_K3_i000975,GRU,8,3,256,48,1.0256950929760933,16,48,576,cuda,1.1000745967030523,0.982654757797718,0.9355486072599888,0.9654334969818592,drive://dataset_realization_robustness_v1/runs/replicate_1/confirm_K3_i000975/gru/d8/n256/seed3/DONE.json,1.0157131464906894,0.9402272892858976,0.9075909776404404,0.8940198827082537,0.0269084824166752,0.0714136142736054,1.1063973102233975,dataset_replication_project,1,2898664257.0,drive://dataset_realization_robustness_v1/datasets/replicate_1/confirm_K3_i000975.npz
done,confirm_K3_i000975,GRU,32,1,256,44,0.9851892087608576,16,48,6888,cuda,1.0460552088916302,0.91170347109437,0.9125500470399855,0.8565389961004257,drive://dataset_realization_robustness_v1/runs/replicate_1/confirm_K3_i000975/gru/d32/n256/seed1/DONE.json,1.0157131464906894,0.9402272892858976,0.9075909776404404,0.8940198827082537,0.0402533580983254,-0.037480886607828,1.557327060682859,dataset_replication_project,1,3511620948.0,drive://dataset_realization_robustness_v1/datasets/replicate_1/confirm_K3_i000975.npz
done,confirm_K3_i000975,GRU,32,2,256,48,0.9567726105451584,16,48,6888,cuda,1.0317970626056194,0.9293848313391208,0.935274675488472,0.8970363885164261,drive://dataset_realization_robustness_v1/runs/replicate_1/confirm_K3_i000975/gru/d32/n256/seed2/DONE.json,1.0157131464906894,0.9402272892858976,0.9075909776404404,0.8940198827082537,0.0155828307089681,0.0030165058081723,1.1073798984479506,dataset_replication_project,1,2966921987.0,drive://dataset_realization_robustness_v1/datasets/replicate_1/confirm_K3_i000975.npz
done,confirm_K3_i000975,GRU,32,3,256,43,0.9162454847246408,16,48,6888,cuda,0.966816946864128,0.8798841126263142,0.9099725671112536,0.9212225452065468,drive://dataset_realization_robustness_v1/runs/replicate_1/confirm_K3_i000975/gru/d32/n256/seed3/DONE.json,1.0157131464906894,0.9402272892858976,0.9075909776404404,0.8940198827082537,0.059311458498316,0.027202662498293,0.3746666022459172,dataset_replication_project,1,3789931468.0,drive://dataset_realization_robustness_v1/datasets/replicate_1/confirm_K3_i000975.npz
done,confirm_K3_i000975,GRU,128,1,256,9,0.9541286267340184,16,17,101256,cuda,1.0143691636621952,0.9343718066811562,0.9001239463686943,0.9138603284955024,drive://dataset_realization_robustness_v1/runs/replicate_1/confirm_K3_i000975/gru/d128/n256/seed1/DONE.json,1.0157131464906894,0.9402272892858976,0.9075909776404404,0.8940198827082537,0.0215334568464362,0.0198404457872487,0.8259194637624586,dataset_replication_project,1,3037156642.0,drive://dataset_realization_robustness_v1/datasets/replicate_1/confirm_K3_i000975.npz
done,confirm_K3_i000975,GRU,128,2,256,15,0.9479123819619416,16,23,101256,cuda,1.0123815387487411,0.9394026063382626,0.9536740332841872,0.8880453668534756,drive://dataset_realization_robustness_v1/runs/replicate_1/confirm_K3_i000975/gru/d128/n256/seed2/DONE.json,1.0157131464906894,0.9402272892858976,0.9075909776404404,0.8940198827082537,0.0261891985968853,-0.0059745158547781,1.021717784786797,dataset_replication_project,1,2697976852.0,drive://dataset_realization_robustness_v1/datasets/replicate_1/confirm_K3_i000975.npz
done,confirm_K3_i000975,GRU,128,3,256,6,0.9216374959796668,16,14,101256,cuda,1.0655875839293003,0.9666669480502604,0.8763150684535503,0.9408457465469836,drive://dataset_realization_robustness_v1/runs/replicate_1/confirm_K3_i000975/gru/d128/n256/seed3/DONE.json,1.0157131464906894,0.9402272892858976,0.9075909776404404,0.8940198827082537,0.0403880493093981,0.04682586383873,1.025051292940348,dataset_replication_project,1,2358216506.0,drive://dataset_realization_robustness_v1/datasets/replicate_1/confirm_K3_i000975.npz
done,confirm_K3_i000975,GRU,256,1,256,12,0.968385299667716,16,20,399112,cuda,1.0324087031185627,0.8971972279250622,0.9744438268244268,0.928222231566906,drive://dataset_realization_robustness_v1/runs/replicate_1/confirm_K3_i000975/gru/d256/n256/seed1/DONE.json,1.0157131464906894,0.9402272892858976,0.9075909776404404,0.8940198827082537,0.0428292777607138,0.0342023488586522,0.8561400057272045,dataset_replication_project,1,2901513565.0,drive://dataset_realization_robustness_v1/datasets/replicate_1/confirm_K3_i000975.npz
done,confirm_K3_i000975,GRU,256,2,256,26,0.866704810410738,16,34,399112,cuda,1.0126753821969032,0.9405085258185863,0.8892387971282005,0.9489553049206734,drive://dataset_realization_robustness_v1/runs/replicate_1/confirm_K3_i000975/gru/d256/n256/seed2/DONE.json,1.0157131464906894,0.9402272892858976,0.9075909776404404,0.8940198827082537,0.0541272645695433,0.0549354222124196,0.5236121975506316,dataset_replication_project,1,2623202447.0,drive://dataset_realization_robustness_v1/datasets/replicate_1/confirm_K3_i000975.npz
done,confirm_K3_i000975,GRU,256,3,256,20,0.9370780400931836,16,28,399112,cuda,1.0725738406181335,0.9012680612504482,0.8651905581355095,0.9423450715839864,drive://dataset_realization_robustness_v1/runs/replicate_1/confirm_K3_i000975/gru/d256/n256/seed3/DONE.json,1.0157131464906894,0.9402272892858976,0.9075909776404404,0.8940198827082537,0.0630923139167294,0.0483251888757325,1.0701395047384987,dataset_replication_project,1,3308291944.0,drive://dataset_realization_robustness_v1/datasets/replicate_1/confirm_K3_i000975.npz
done,confirm_K3_i000975,Transformer,8,1,256,48,0.9973565116524696,16,48,1064,cuda,1.0252339020371437,0.9786900877952576,0.9656748063862324,1.0199459083378315,drive://dataset_realization_robustness_v1/runs/replicate_1/confirm_K3_i000975/transformer/d8/n256/seed1/DONE.json,1.0157131464906894,0.9402272892858976,0.9075909776404404,0.8940198827082537,0.0803158867837274,0.1259260256295777,0.0434534627057593,dataset_replication_project,1,3068237351.0,drive://dataset_realization_robustness_v1/datasets/replicate_1/confirm_K3_i000975.npz
done,confirm_K3_i000975,Transformer,8,2,256,48,0.9466559533029796,16,48,1064,cuda,1.024120718240738,0.9965326488018036,0.9329952895641328,0.9791915230453014,drive://dataset_realization_robustness_v1/runs/replicate_1/confirm_K3_i000975/transformer/d8/n256/seed2/DONE.json,1.0157131464906894,0.9402272892858976,0.9075909776404404,0.8940198827082537,0.0507398214919613,0.0851716403370477,0.369200346830711,dataset_replication_project,1,3573270184.0,drive://dataset_realization_robustness_v1/datasets/replicate_1/confirm_K3_i000975.npz
done,confirm_K3_i000975,Transformer,8,3,256,48,0.98540666885674,16,48,1064,cuda,1.0284868851304054,0.9704808108508588,0.9719308540225028,0.9859213642776012,drive://dataset_realization_robustness_v1/runs/replicate_1/confirm_K3_i000975/transformer/d8/n256/seed3/DONE.json,1.0157131464906894,0.9402272892858976,0.9075909776404404,0.8940198827082537,0.0520127694762066,0.0919014815693475,0.3497771325198672,dataset_replication_project,1,2541357163.0,drive://dataset_realization_robustness_v1/datasets/replicate_1/confirm_K3_i000975.npz
done,confirm_K3_i000975,Transformer,32,1,256,22,0.9027891922742128,16,30,13448,cuda,0.9740399792790412,0.9166589416563512,0.9631425254046916,0.891895703971386,drive://dataset_realization_robustness_v1/runs/replicate_1/confirm_K3_i000975/transformer/d32/n256/seed1/DONE.json,1.0157131464906894,0.9402272892858976,0.9075909776404404,0.8940198827082537,0.0365734339935011,-0.0021241787368677,0.6750108654700361,dataset_replication_project,1,3437451079.0,drive://dataset_realization_robustness_v1/datasets/replicate_1/confirm_K3_i000975.npz
done,confirm_K3_i000975,Transformer,32,2,256,31,0.9427793007344007,16,39,13448,cuda,1.015650950372219,0.901316974312067,0.8831816390156746,0.9293927811086178,drive://dataset_realization_robustness_v1/runs/replicate_1/confirm_K3_i000975/transformer/d32/n256/seed2/DONE.json,1.0157131464906894,0.9402272892858976,0.9075909776404404,0.8940198827082537,0.0508614725909594,0.035372898400364,0.7088163024192893,dataset_replication_project,1,3976218551.0,drive://dataset_realization_robustness_v1/datasets/replicate_1/confirm_K3_i000975.npz
done,confirm_K3_i000975,Transformer,32,3,256,37,0.9289041459560394,16,45,13448,cuda,1.052356068044901,0.9116644524037838,0.8679641112685204,0.933422714471817,drive://dataset_realization_robustness_v1/runs/replicate_1/confirm_K3_i000975/transformer/d32/n256/seed3/DONE.json,1.0157131464906894,0.9402272892858976,0.9075909776404404,0.8940198827082537,0.0521359818316565,0.0394028317635632,0.9773207643252462,dataset_replication_project,1,3830056302.0,drive://dataset_realization_robustness_v1/datasets/replicate_1/confirm_K3_i000975.npz
done,confirm_K3_i000975,Transformer,128,1,256,14,0.9515824150294064,16,22,201224,cuda,1.0816893391311169,1.003453653305769,0.9590408131480216,0.9432407654821872,drive://dataset_realization_robustness_v1/runs/replicate_1/confirm_K3_i000975/transformer/d128/n256/seed1/DONE.json,1.0157131464906894,0.9402272892858976,0.9075909776404404,0.8940198827082537,0.0109756792949386,0.0492208827739335,1.1376847768373537,dataset_replication_project,1,3794430049.0,drive://dataset_realization_robustness_v1/datasets/replicate_1/confirm_K3_i000975.npz
done,confirm_K3_i000975,Transformer,128,2,256,9,0.9250661320984364,16,17,201224,cuda,1.0423248670995235,0.9633194021880628,0.9224898740649224,0.9534958600997924,drive://dataset_realization_robustness_v1/runs/replicate_1/confirm_K3_i000975/transformer/d128/n256/seed2/DONE.json,1.0157131464906894,0.9402272892858976,0.9075909776404404,0.8940198827082537,0.0331321638163137,0.0594759773915387,0.7299418574107794,dataset_replication_project,1,3294117030.0,drive://dataset_realization_robustness_v1/datasets/replicate_1/confirm_K3_i000975.npz
done,confirm_K3_i000975,Transformer,128,3,256,44,0.9462477527558804,16,48,201224,cuda,0.9787090942263604,0.9385383129119872,0.9280743971467018,0.9248405210673808,drive://dataset_realization_robustness_v1/runs/replicate_1/confirm_K3_i000975/transformer/d128/n256/seed3/DONE.json,1.0157131464906894,0.9402272892858976,0.9075909776404404,0.8940198827082537,0.0379602482930174,0.0308206383591271,0.4426586278044618,dataset_replication_project,1,4021231013.0,drive://dataset_realization_robustness_v1/datasets/replicate_1/confirm_K3_i000975.npz
done,confirm_K3_i000975,Transformer,256,1,256,21,0.9756541736423968,16,29,795656,cuda,1.0090344659984112,0.9947719499468805,0.8813746273517609,0.8922294154763222,drive://dataset_realization_robustness_v1/runs/replicate_1/confirm_K3_i000975/transformer/d256/n256/seed1/DONE.json,1.0157131464906894,0.9402272892858976,0.9075909776404404,0.8940198827082537,0.0307983969821952,-0.0017904672319315,0.9598316857612932,dataset_replication_project,1,2265273578.0,drive://dataset_realization_robustness_v1/datasets/replicate_1/confirm_K3_i000975.npz
done,confirm_K3_i000975,Transformer,256,2,256,16,0.9860953073948622,16,24,795656,cuda,1.0582254193723202,0.958371628075838,0.9488479979336262,0.931038063019514,drive://dataset_realization_robustness_v1/runs/replicate_1/confirm_K3_i000975/transformer/d256/n256/seed2/DONE.json,1.0157131464906894,0.9402272892858976,0.9075909776404404,0.8940198827082537,0.0100545351873677,0.0370181803112603,1.045147055799183,dataset_replication_project,1,3871734473.0,drive://dataset_realization_robustness_v1/datasets/replicate_1/confirm_K3_i000975.npz
done,confirm_K3_i000975,Transformer,256,3,256,8,0.964599821716547,16,16,795656,cuda,1.0574428625404837,0.9817049168050288,1.0088872499763966,0.9642497040331364,drive://dataset_realization_robustness_v1/runs/replicate_1/confirm_K3_i000975/transformer/d256/n256/seed3/DONE.json,1.0157131464906894,0.9402272892858976,0.9075909776404404,0.8940198827082537,0.0255150398184974,0.0702298213248826,0.7658037561878417,dataset_replication_project,1,4019393642.0,drive://dataset_realization_robustness_v1/datasets/replicate_1/confirm_K3_i000975.npz
done,confirm_K3_i001202,GRU,8,1,256,47,2.0084499903023243,16,48,576,cuda,1.9824807196855545,2.007261179387569,1.9795741513371468,1.9892600923776629,drive://dataset_realization_robustness_v1/runs/replicate_1/confirm_K3_i001202/gru/d8/n256/seed1/DONE.json,1.9860657789307687,1.9854790912352407,1.985392839271571,1.985379845856866,0.0108429245771973,0.0038802465207965,-9.88343170790226,dataset_replication_project,1,3629322197.0,drive://dataset_realization_robustness_v1/datasets/replicate_1/confirm_K3_i001202.npz
done,confirm_K3_i001202,GRU,8,2,256,39,2.004553083330393,16,47,576,cuda,1.9850838482379916,1.9850622937083244,1.968382753431797,1.9849241748452189,drive://dataset_realization_robustness_v1/runs/replicate_1/confirm_K3_i001202/gru/d8/n256/seed2/DONE.json,1.9860657789307687,1.9854790912352407,1.985392839271571,1.985379845856866,0.00828141157505,-0.0004556710116474,0.2327827580381985,dataset_replication_project,1,2563111843.0,drive://dataset_realization_robustness_v1/datasets/replicate_1/confirm_K3_i001202.npz
done,confirm_K3_i001202,GRU,8,3,256,25,1.9852366708219047,16,33,576,cuda,2.011976905167103,2.006005361676216,1.9804075062274933,1.9838184788823128,drive://dataset_realization_robustness_v1/runs/replicate_1/confirm_K3_i001202/gru/d8/n256/seed3/DONE.json,1.9860657789307687,1.9854790912352407,1.985392839271571,1.985379845856866,0.0177082265731733,-0.0015613669745533,41.05127359522403,dataset_replication_project,1,2102851290.0,drive://dataset_realization_robustness_v1/datasets/replicate_1/confirm_K3_i001202.npz
done,confirm_K3_i001202,GRU,32,1,256,8,2.0035525411367416,16,16,6888,cuda,1.9904725402593613,2.013646274805069,2.0138228982687,1.963931038975716,drive://dataset_realization_robustness_v1/runs/replicate_1/confirm_K3_i001202/gru/d32/n256/seed1/DONE.json,1.9860657789307687,1.9854790912352407,1.985392839271571,1.985379845856866,0.03747718698483,-0.0214488068811504,38.6940100914468,dataset_replication_project,1,3445088959.0,drive://dataset_realization_robustness_v1/datasets/replicate_1/confirm_K3_i001202.npz
done,confirm_K3_i001202,GRU,32,2,256,23,1.9920597486197948,16,31,6888,cuda,1.9674984067678447,1.9798789471387863,2.0085410103201866,2.0384595468640327,drive://dataset_realization_robustness_v1/runs/replicate_1/confirm_K3_i001202/gru/d32/n256/seed2/DONE.json,1.9860657789307687,1.9854790912352407,1.985392839271571,1.985379845856866,0.0486634457290193,0.0530797010071666,-103.45198795044593,dataset_replication_project,1,2795251134.0,drive://dataset_realization_robustness_v1/datasets/replicate_1/confirm_K3_i001202.npz
done,confirm_K3_i001202,GRU,32,3,256,21,1.9936078637838364,16,29,6888,cuda,1.9924017637968063,1.989595763385296,1.976662464439869,1.979599043726921,drive://dataset_realization_robustness_v1/runs/replicate_1/confirm_K3_i001202/gru/d32/n256/seed3/DONE.json,1.9860657789307687,1.9854790912352407,1.985392839271571,1.985379845856866,0.0079604727144848,-0.005780802129945,18.66467816902873,dataset_replication_project,1,2819563317.0,drive://dataset_realization_robustness_v1/datasets/replicate_1/confirm_K3_i001202.npz
done,confirm_K3_i001202,GRU,128,1,256,8,1.9955730624496937,16,16,101256,cuda,1.997767731547356,1.972744815051556,2.0466353073716164,2.0046888813376427,drive://dataset_realization_robustness_v1/runs/replicate_1/confirm_K3_i001202/gru/d128/n256/seed1/DONE.json,1.9860657789307687,1.9854790912352407,1.985392839271571,1.985379845856866,0.0266601495839916,0.0193090354807765,-10.09012402756578,dataset_replication_project,1,3899653990.0,drive://dataset_realization_robustness_v1/datasets/replicate_1/confirm_K3_i001202.npz
done,confirm_K3_i001202,GRU,128,2,256,12,2.010154388844967,16,20,101256,cuda,2.004765100777149,1.9849812015891075,2.0078587755560875,1.9964779615402224,drive://dataset_realization_robustness_v1/runs/replicate_1/confirm_K3_i001202/gru/d128/n256/seed2/DONE.json,1.9860657789307687,1.9854790912352407,1.985392839271571,1.985379845856866,0.0089648343536636,0.011098115683356,12.081556571951172,dataset_replication_project,1,2585318771.0,drive://dataset_realization_robustness_v1/datasets/replicate_1/confirm_K3_i001202.npz
done,confirm_K3_i001202,GRU,128,3,256,10,2.003253363072872,16,18,101256,cuda,2.03939401358366,2.01052562892437,2.0489036217331886,1.9908756762743,drive://dataset_realization_robustness_v1/runs/replicate_1/confirm_K3_i001202/gru/d128/n256/seed3/DONE.json,1.9860657789307687,1.9854790912352407,1.985392839271571,1.985379845856866,0.0388455393528548,0.0054958304174335,70.73333996466184,dataset_replication_project,1,3924966300.0,drive://dataset_realization_robustness_v1/datasets/replicate_1/confirm_K3_i001202.npz
done,confirm_K3_i001202,GRU,256,1,256,32,2.0006597600877285,16,40,399112,cuda,1.9960441514849665,2.0139338448643684,2.0118515118956566,1.950414337217808,drive://dataset_realization_robustness_v1/runs/replicate_1/confirm_K3_i001202/gru/d256/n256/seed1/DONE.json,1.9860657789307687,1.9854790912352407,1.985392839271571,1.985379845856866,0.0495353716215155,-0.0349655086390583,66.52225414288091,dataset_replication_project,1,2629881921.0,drive://dataset_realization_robustness_v1/datasets/replicate_1/confirm_K3_i001202.npz
done,confirm_K3_i001202,GRU,256,2,256,10,2.0275398306548595,16,18,399112,cuda,1.9957358613610268,1.9981697499752045,1.99114840477705,2.033503368496895,drive://dataset_realization_robustness_v1/runs/replicate_1/confirm_K3_i001202/gru/d256/n256/seed2/DONE.json,1.9860657789307687,1.9854790912352407,1.985392839271571,1.985379845856866,0.0336496608448063,0.0481235226400287,-55.060046778308674,dataset_replication_project,1,3922954686.0,drive://dataset_realization_robustness_v1/datasets/replicate_1/confirm_K3_i001202.npz
done,confirm_K3_i001202,GRU,256,3,256,23,2.0075160413980484,16,31,399112,cuda,2.0070424899458885,1.9741246774792671,1.994141310453415,2.017853803932667,drive://dataset_realization_robustness_v1/runs/replicate_1/confirm_K3_i001202/gru/d256/n256/seed3/DONE.json,1.9860657789307687,1.9854790912352407,1.985392839271571,1.985379845856866,0.0255734803837584,0.0324739580758006,-15.761470612966674,dataset_replication_project,1,3332900439.0,drive://dataset_realization_robustness_v1/datasets/replicate_1/confirm_K3_i001202.npz
done,confirm_K3_i001202,Transformer,8,1,256,45,1.965650498867035,16,48,1064,cuda,1.980975218117237,2.0086615309119225,1.9807641878724096,1.988423004746437,drive://dataset_realization_robustness_v1/runs/replicate_1/confirm_K3_i001202/transformer/d8/n256/seed1/DONE.json,1.9860657789307687,1.9854790912352407,1.985392839271571,1.985379845856866,0.0115174291829494,0.0030431588895709,-10.857891115857134,dataset_replication_project,1,3144954783.0,drive://dataset_realization_robustness_v1/datasets/replicate_1/confirm_K3_i001202.npz
done,confirm_K3_i001202,Transformer,8,2,256,43,2.010280478745699,16,48,1064,cuda,1.9648907408118248,2.031964235007763,2.000773161649704,1.987173579633236,drive://dataset_realization_robustness_v1/runs/replicate_1/confirm_K3_i001202/transformer/d8/n256/seed2/DONE.json,1.9860657789307687,1.9854790912352407,1.985392839271571,1.985379845856866,0.0260263424229025,0.0017937337763698,-32.48544161113613,dataset_replication_project,1,3788223802.0,drive://dataset_realization_robustness_v1/datasets/replicate_1/confirm_K3_i001202.npz
done,confirm_K3_i001202,Transformer,8,3,256,41,1.9906053021550176,16,48,1064,cuda,1.9895261898636816,1.99028554558754,1.97800013422966,2.0011046305298805,drive://dataset_realization_robustness_v1/runs/replicate_1/confirm_K3_i001202/transformer/d8/n256/seed3/DONE.json,1.9860657789307687,1.9854790912352407,1.985392839271571,1.985379845856866,0.0141778271514786,0.0157247846730144,-16.87984018662768,dataset_replication_project,1,2299157403.0,drive://dataset_realization_robustness_v1/datasets/replicate_1/confirm_K3_i001202.npz
done,confirm_K3_i001202,Transformer,32,1,256,33,1.984797552227974,16,41,13448,cuda,1.998367801308632,1.9830816760659216,2.0016998797655106,1.9926637783646584,drive://dataset_realization_robustness_v1/runs/replicate_1/confirm_K3_i001202/transformer/d32/n256/seed1/DONE.json,1.9860657789307687,1.9854790912352407,1.985392839271571,1.985379845856866,0.0070768318568214,0.0072839325077922,8.315713530943125,dataset_replication_project,1,3547008498.0,drive://dataset_realization_robustness_v1/datasets/replicate_1/confirm_K3_i001202.npz
done,confirm_K3_i001202,Transformer,32,2,256,40,1.9987280257046225,16,48,13448,cuda,2.009304955601692,1.9880425184965131,1.971243493258953,1.9838852286338808,drive://dataset_realization_robustness_v1/runs/replicate_1/confirm_K3_i001202/transformer/d32/n256/seed2/DONE.json,1.9860657789307687,1.9854790912352407,1.985392839271571,1.985379845856866,0.0140389676094944,-0.0014946172229854,37.0586110146073,dataset_replication_project,1,3938594822.0,drive://dataset_realization_robustness_v1/datasets/replicate_1/confirm_K3_i001202.npz
done,confirm_K3_i001202,Transformer,32,3,256,20,1.997686725109816,16,28,13448,cuda,2.039211079478264,1.9937001392245293,1.982530452311039,2.020481549203396,drive://dataset_realization_robustness_v1/runs/replicate_1/confirm_K3_i001202/transformer/d32/n256/seed3/DONE.json,1.9860657789307687,1.9854790912352407,1.985392839271571,1.985379845856866,0.0249470097668448,0.0351017033465297,27.305186158039984,dataset_replication_project,1,2680432888.0,drive://dataset_realization_robustness_v1/datasets/replicate_1/confirm_K3_i001202.npz
done,confirm_K3_i001202,Transformer,128,1,256,13,2.010189127177,16,21,201224,cuda,2.0135538056492805,1.9868280813097956,2.013356275856495,2.0079666674137115,drive://dataset_realization_robustness_v1/runs/replicate_1/confirm_K3_i001202/transformer/d128/n256/seed1/DONE.json,1.9860657789307687,1.9854790912352407,1.985392839271571,1.985379845856866,0.0112246969587945,0.0225868215568454,8.145311034181272,dataset_replication_project,1,4018772435.0,drive://dataset_realization_robustness_v1/datasets/replicate_1/confirm_K3_i001202.npz
done,confirm_K3_i001202,Transformer,128,2,256,4,2.024299278855324,16,12,201224,cuda,2.0146052092313766,2.004192747175693,2.064505457878113,2.0455706790089607,drive://dataset_realization_robustness_v1/runs/replicate_1/confirm_K3_i001202/transformer/d128/n256/seed2/DONE.json,1.9860657789307687,1.9854790912352407,1.985392839271571,1.985379845856866,0.0277497815157938,0.0601908331520946,-45.143572974846144,dataset_replication_project,1,2967281146.0,drive://dataset_realization_robustness_v1/datasets/replicate_1/confirm_K3_i001202.npz
done,confirm_K3_i001202,Transformer,128,3,256,21,1.996220987290144,16,29,201224,cuda,1.9810529798269272,1.9981301799416544,1.995413050055504,1.99649116396904,drive://dataset_realization_robustness_v1/runs/replicate_1/confirm_K3_i001202/transformer/d128/n256/seed3/DONE.json,1.9860657789307687,1.9854790912352407,1.985392839271571,1.985379845856866,0.0081170894518976,0.0111113181121738,-22.50683737157736,dataset_replication_project,1,2427298921.0,drive://dataset_realization_robustness_v1/datasets/replicate_1/confirm_K3_i001202.npz
done,confirm_K3_i001202,Transformer,256,1,256,17,2.0092320889234543,16,25,795656,cuda,1.9921958222985268,1.9878472983837128,2.005067929625511,1.9865602403879168,drive://dataset_realization_robustness_v1/runs/replicate_1/confirm_K3_i001202/transformer/d256/n256/seed1/DONE.json,1.9860657789307687,1.9854790912352407,1.985392839271571,1.985379845856866,0.0095911899157774,0.0011803945310504,8.215935526401157,dataset_replication_project,1,3904424459.0,drive://dataset_realization_robustness_v1/datasets/replicate_1/confirm_K3_i001202.npz
done,confirm_K3_i001202,Transformer,256,2,256,38,2.005622565746308,16,46,795656,cuda,2.011836566030979,2.031117230653763,2.011734679341316,1.9949190393090248,drive://dataset_realization_robustness_v1/runs/replicate_1/confirm_K3_i001202/transformer/d256/n256/seed2/DONE.json,1.9860657789307687,1.9854790912352407,1.985392839271571,1.985379845856866,0.0214995782841977,0.0095391934521587,24.66352384162153,dataset_replication_project,1,2357175881.0,drive://dataset_realization_robustness_v1/datasets/replicate_1/confirm_K3_i001202.npz
done,confirm_K3_i001202,Transformer,256,3,256,16,2.0191289484500885,16,24,795656,cuda,2.001316584646702,2.012361772358417,2.064253434538841,1.9662320166826248,drive://dataset_realization_robustness_v1/runs/replicate_1/confirm_K3_i001202/transformer/d256/n256/seed3/DONE.json,1.9860657789307687,1.9854790912352407,1.985392839271571,1.985379845856866,0.0568060851099064,-0.0191478291742412,51.14867513890598,dataset_replication_project,1,2559408639.0,drive://dataset_realization_robustness_v1/datasets/replicate_1/confirm_K3_i001202.npz
done,confirm_K4_i000373,GRU,8,1,256,39,1.9675652794539928,16,47,576,cuda,1.9871630147099493,1.9724900871515276,1.9687373265624049,2.0425007939338684,drive://dataset_realization_robustness_v1/runs/replicate_1/confirm_K4_i000373/gru/d8/n256/seed1/DONE.json,1.9683485060948225,1.968173948236204,1.9681637927149247,1.9681631215316773,0.0579374339384657,0.0743376724021911,-298.50262764636994,dataset_replication_project,1,2498414623.0,drive://dataset_realization_robustness_v1/datasets/replicate_1/confirm_K4_i000373.npz
done,confirm_K4_i000373,GRU,8,2,256,47,1.9707799069583416,16,48,576,cuda,1.9958276525139809,1.980084590613842,2.001897417008877,1.992732010781765,drive://dataset_realization_robustness_v1/runs/replicate_1/confirm_K4_i000373/gru/d8/n256/seed2/DONE.json,1.9683485060948225,1.968173948236204,1.9681637927149247,1.9681631215316773,0.0079481629811272,0.0245688892500877,16.698487078404316,dataset_replication_project,1,2129527379.0,drive://dataset_realization_robustness_v1/datasets/replicate_1/confirm_K4_i000373.npz
done,confirm_K4_i000373,GRU,8,3,256,31,1.9781766720116136,16,39,576,cuda,1.978166438639164,1.98476130515337,1.988928094506264,1.9754804819822311,drive://dataset_realization_robustness_v1/runs/replicate_1/confirm_K4_i000373/gru/d8/n256/seed3/DONE.json,1.9683485060948225,1.968173948236204,1.9681637927149247,1.9681631215316773,0.0082614454956403,0.0073173604505538,14.488566962444322,dataset_replication_project,1,2706119465.0,drive://dataset_realization_robustness_v1/datasets/replicate_1/confirm_K4_i000373.npz
done,confirm_K4_i000373,GRU,32,1,256,20,1.974123135209084,16,28,6888,cuda,1.9842313528060915,1.964454673230648,1.965909704566002,1.9490728825330732,drive://dataset_realization_robustness_v1/runs/replicate_1/confirm_K4_i000373/gru/d32/n256/seed1/DONE.json,1.9683485060948225,1.968173948236204,1.9681637927149247,1.9681631215316773,0.0208736630325087,-0.0190902389986038,189.65155283980684,dataset_replication_project,1,2084765758.0,drive://dataset_realization_robustness_v1/datasets/replicate_1/confirm_K4_i000373.npz
done,confirm_K4_i000373,GRU,32,2,256,26,1.9597251936793327,16,34,6888,cuda,1.998397335410118,1.9611507952213287,1.9956901594996448,2.0016580894589424,drive://dataset_realization_robustness_v1/runs/replicate_1/confirm_K4_i000373/gru/d32/n256/seed2/DONE.json,1.9683485060948225,1.968173948236204,1.9681637927149247,1.9681631215316773,0.0205500498516037,0.0334949679272651,-17.589134680379136,dataset_replication_project,1,3522247699.0,drive://dataset_realization_robustness_v1/datasets/replicate_1/confirm_K4_i000373.npz
done,confirm_K4_i000373,GRU,32,3,256,9,1.9698010459542277,16,17,6888,cuda,2.013737678527832,1.964763566851616,1.973636418581009,1.9895202666521072,drive://dataset_realization_robustness_v1/runs/replicate_1/confirm_K4_i000373/gru/d32/n256/seed3/DONE.json,1.9683485060948225,1.968173948236204,1.9681637927149247,1.9681631215316773,0.0189953063799391,0.0213571451204299,130.63337887931806,dataset_replication_project,1,2212705381.0,drive://dataset_realization_robustness_v1/datasets/replicate_1/confirm_K4_i000373.npz
done,confirm_K4_i000373,GRU,128,1,256,19,1.948178302496672,16,27,101256,cuda,1.9780762568116188,2.001313701272011,1.924893543124199,1.9603472799062729,drive://dataset_realization_robustness_v1/runs/replicate_1/confirm_K4_i000373/gru/d128/n256/seed1/DONE.json,1.9683485060948225,1.968173948236204,1.9681637927149247,1.9681631215316773,0.0284699552620574,-0.0078158416254043,95.63351233003787,dataset_replication_project,1,3058363768.0,drive://dataset_realization_robustness_v1/datasets/replicate_1/confirm_K4_i000373.npz
done,confirm_K4_i000373,GRU,128,2,256,7,1.9853501915931704,16,15,101256,cuda,2.0041600838303566,1.982171788811684,2.0008726492524147,2.0005451068282127,drive://dataset_realization_robustness_v1/runs/replicate_1/confirm_K4_i000373/gru/d128/n256/seed2/DONE.json,1.9683485060948225,1.968173948236204,1.9681637927149247,1.9681631215316773,0.0093520816697476,0.0323819852965354,19.499881440032983,dataset_replication_project,1,2976246585.0,drive://dataset_realization_robustness_v1/datasets/replicate_1/confirm_K4_i000373.npz
done,confirm_K4_i000373,GRU,128,3,256,6,1.99485819414258,16,14,101256,cuda,1.987960420548916,1.9947107508778568,2.0328453853726387,2.013806700706482,drive://dataset_realization_robustness_v1/runs/replicate_1/confirm_K4_i000373/gru/d128/n256/seed3/DONE.json,1.9683485060948225,1.968173948236204,1.9681637927149247,1.9681631215316773,0.018742748164255,0.0456435791748046,-139.41980777181124,dataset_replication_project,1,2906905395.0,drive://dataset_realization_robustness_v1/datasets/replicate_1/confirm_K4_i000373.npz
done,confirm_K4_i000373,GRU,256,1,256,31,1.9801680780947208,16,39,399112,cuda,1.9686591252684595,1.9654065445065496,1.9786545112729077,1.9731880277395248,drive://dataset_realization_robustness_v1/runs/replicate_1/confirm_K4_i000373/gru/d256/n256/seed1/DONE.json,1.9683485060948225,1.968173948236204,1.9681637927149247,1.9681631215316773,0.0053108309389845,0.0050249062078475,-24.429771250792484,dataset_replication_project,1,2346714160.0,drive://dataset_realization_robustness_v1/datasets/replicate_1/confirm_K4_i000373.npz
done,confirm_K4_i000373,GRU,256,2,256,10,2.007177922874689,16,18,399112,cuda,2.023109175264836,1.9923829659819603,2.018225885927677,2.004242479801178,drive://dataset_realization_robustness_v1/runs/replicate_1/confirm_K4_i000373/gru/d256/n256/seed2/DONE.json,1.9683485060948225,1.968173948236204,1.9681637927149247,1.9681631215316773,0.0130901989824875,0.0360793582695007,101.77058512083067,dataset_replication_project,1,2256603279.0,drive://dataset_realization_robustness_v1/datasets/replicate_1/confirm_K4_i000373.npz
done,confirm_K4_i000373,GRU,256,3,256,14,1.968615643680096,16,22,399112,cuda,1.978004589676857,1.95466747879982,1.984521560370922,1.9917498379945755,drive://dataset_realization_robustness_v1/runs/replicate_1/confirm_K4_i000373/gru/d256/n256/seed3/DONE.json,1.9683485060948225,1.968173948236204,1.9681637927149247,1.9681631215316773,0.0201384251710064,0.0235867164628982,-74.14451389327462,dataset_replication_project,1,2761763469.0,drive://dataset_realization_robustness_v1/datasets/replicate_1/confirm_K4_i000373.npz
done,confirm_K4_i000373,Transformer,8,1,256,46,1.957371897995472,16,48,1064,cuda,1.9756923839449885,1.9481674507260325,1.981962703168392,1.957349568605423,drive://dataset_realization_robustness_v1/runs/replicate_1/confirm_K4_i000373/transformer/d8/n256/seed1/DONE.json,1.9683485060948225,1.968173948236204,1.9681637927149247,1.9681631215316773,0.0159685305847282,-0.0108135529262543,98.94467494144988,dataset_replication_project,1,2485080641.0,drive://dataset_realization_robustness_v1/datasets/replicate_1/confirm_K4_i000373.npz
done,confirm_K4_i000373,Transformer,8,2,256,46,1.9654547423124316,16,48,1064,cuda,1.9436630457639692,1.9427464976906776,1.986349157989025,1.9952853098511696,drive://dataset_realization_robustness_v1/runs/replicate_1/confirm_K4_i000373/transformer/d8/n256/seed2/DONE.json,1.9683485060948225,1.968173948236204,1.9681637927149247,1.9681631215316773,0.0371663954724767,0.0271221883194923,-278.460424165768,dataset_replication_project,1,3182284077.0,drive://dataset_realization_robustness_v1/datasets/replicate_1/confirm_K4_i000373.npz
done,confirm_K4_i000373,Transformer,8,3,256,41,1.9656906425952911,16,48,1064,cuda,1.976310320198536,1.969503529369831,1.935479521751404,2.002226024866104,drive://dataset_realization_robustness_v1/runs/replicate_1/confirm_K4_i000373/transformer/d8/n256/seed3/DONE.json,1.9683485060948225,1.968173948236204,1.9681637927149247,1.9681631215316773,0.0393951853596719,0.0340629033344268,-139.79429693544108,dataset_replication_project,1,3072846030.0,drive://dataset_realization_robustness_v1/datasets/replicate_1/confirm_K4_i000373.npz
done,confirm_K4_i000373,Transformer,32,1,256,19,1.9726626947522163,16,27,13448,cuda,1.972002595663071,1.968739502131939,1.983777038753033,1.9983017072081568,drive://dataset_realization_robustness_v1/runs/replicate_1/confirm_K4_i000373/transformer/d32/n256/seed1/DONE.json,1.9683485060948225,1.968173948236204,1.9681637927149247,1.9681631215316773,0.0211363326668905,0.0301385856764793,-141.86246739695565,dataset_replication_project,1,2326714077.0,drive://dataset_realization_robustness_v1/datasets/replicate_1/confirm_K4_i000373.npz
done,confirm_K4_i000373,Transformer,32,2,256,15,1.973872032016516,16,23,13448,cuda,1.990424960851669,1.9879021495580675,1.9977069944143293,1.980470396578312,drive://dataset_realization_robustness_v1/runs/replicate_1/confirm_K4_i000373/transformer/d32/n256/seed2/DONE.json,1.9683485060948225,1.968173948236204,1.9681637927149247,1.9681631215316773,0.0105780927696404,0.0123072750466346,53.69683486299877,dataset_replication_project,1,3188041766.0,drive://dataset_realization_robustness_v1/datasets/replicate_1/confirm_K4_i000373.npz
done,confirm_K4_i000373,Transformer,32,3,256,18,1.9456632249057293,16,26,13448,cuda,1.9826967865228653,2.0587872564792637,1.9951038509607315,1.963147543370724,drive://dataset_realization_robustness_v1/runs/replicate_1/confirm_K4_i000373/transformer/d32/n256/seed3/DONE.json,1.9683485060948225,1.968173948236204,1.9681637927149247,1.9681631215316773,0.05133469984447,-0.0050155781609535,105.45237866881648,dataset_replication_project,1,2273465065.0,drive://dataset_realization_robustness_v1/datasets/replicate_1/confirm_K4_i000373.npz
done,confirm_K4_i000373,Transformer,128,1,256,8,1.9924284666776657,16,16,201224,cuda,1.9493792057037356,2.033052615821361,2.004249796271324,2.028669640421868,drive://dataset_realization_robustness_v1/runs/replicate_1/confirm_K4_i000373/transformer/d128/n256/seed1/DONE.json,1.9683485060948225,1.968173948236204,1.9681637927149247,1.9681631215316773,0.0416289655883047,0.0605065188901901,-427.70785966696434,dataset_replication_project,1,2790619360.0,drive://dataset_realization_robustness_v1/datasets/replicate_1/confirm_K4_i000373.npz
done,confirm_K4_i000373,Transformer,128,2,256,11,2.0075719207525253,16,19,201224,cuda,2.0250741466879845,2.028393752872944,1.9981242716312408,2.0043119937181477,drive://dataset_realization_robustness_v1/runs/replicate_1/confirm_K4_i000373/transformer/d128/n256/seed2/DONE.json,1.9683485060948225,1.968173948236204,1.9681637927149247,1.9681631215316773,0.0161331134499372,0.03614887218647,111.9950475788787,dataset_replication_project,1,2371724569.0,drive://dataset_realization_robustness_v1/datasets/replicate_1/confirm_K4_i000373.npz
done,confirm_K4_i000373,Transformer,128,3,256,3,2.0079622119665146,16,12,201224,cuda,2.0059390366077423,2.006570443511009,2.0297135338187218,2.0015654116868973,drive://dataset_realization_robustness_v1/runs/replicate_1/confirm_K4_i000373/transformer/d128/n256/seed3/DONE.json,1.9683485060948225,1.968173948236204,1.9681637927149247,1.9681631215316773,0.014446127828703,0.03340229015522,23.59217427083864,dataset_replication_project,1,2394017581.0,drive://dataset_realization_robustness_v1/datasets/replicate_1/confirm_K4_i000373.npz
done,confirm_K4_i000373,Transformer,256,1,256,19,1.9578627347946167,16,27,795656,cuda,1.9700127765536308,2.012371391057968,1.95923912525177,1.9640625938773155,drive://dataset_realization_robustness_v1/runs/replicate_1/confirm_K4_i000373/transformer/d256/n256/seed1/DONE.json,1.9683485060948225,1.968173948236204,1.9681637927149247,1.9681631215316773,0.0244397175428293,-0.0041005276543617,32.09643011999147,dataset_replication_project,1,2674347119.0,drive://dataset_realization_robustness_v1/datasets/replicate_1/confirm_K4_i000373.npz
done,confirm_K4_i000373,Transformer,256,2,256,14,1.96332224085927,16,22,795656,cuda,1.9553301334381104,2.000357523560524,1.9736334532499316,2.0017732679843903,drive://dataset_realization_robustness_v1/runs/replicate_1/confirm_K4_i000373/transformer/d256/n256/seed2/DONE.json,1.9683485060948225,1.968173948236204,1.9681637927149247,1.9681631215316773,0.0272403232690391,0.0336101464527129,-250.52320300208592,dataset_replication_project,1,2322751833.0,drive://dataset_realization_robustness_v1/datasets/replicate_1/confirm_K4_i000373.npz
done,confirm_K4_i000373,Transformer,256,3,256,14,2.0082917399704456,16,22,795656,cuda,2.0085539147257805,2.0351512655615807,1.9257339015603063,2.0107885971665382,drive://dataset_realization_robustness_v1/runs/replicate_1/confirm_K4_i000373/transformer/d256/n256/seed3/DONE.json,1.9683485060948225,1.968173948236204,1.9681637927149247,1.9681631215316773,0.0442529217614954,0.0426254756348609,-12.054307019119882,dataset_replication_project,1,3658457230.0,drive://dataset_realization_robustness_v1/datasets/replicate_1/confirm_K4_i000373.npz
done,confirm_K4_i000448,GRU,8,1,256,48,1.7882296293973925,16,48,576,cuda,1.8385532721877096,1.8404835239052773,1.8411396071314807,1.7755831256508827,drive://dataset_realization_robustness_v1/runs/replicate_1/confirm_K4_i000448/gru/d8/n256/seed1/DONE.json,1.780835314116302,1.7651722341368257,1.7618563633873392,1.7610978633566257,0.049415711070546,0.014485262294257,3.1903890377512765,dataset_replication_project,1,2511870792.0,drive://dataset_realization_robustness_v1/datasets/replicate_1/confirm_K4_i000448.npz
done,confirm_K4_i000448,GRU,8,2,256,48,1.792913556098938,16,48,576,cuda,1.7657138034701347,1.799658700823784,1.763962805271149,1.816860944032669,drive://dataset_realization_robustness_v1/runs/replicate_1/confirm_K4_i000448/gru/d8/n256/seed2/DONE.json,1.780835314116302,1.7651722341368257,1.7618563633873392,1.7610978633566257,0.0457065489734174,0.0557630806760434,-2.591375207735945,dataset_replication_project,1,2097022479.0,drive://dataset_realization_robustness_v1/datasets/replicate_1/confirm_K4_i000448.npz
done,confirm_K4_i000448,GRU,8,3,256,47,1.800649181008339,16,48,576,cuda,1.8587550297379491,1.8069727942347529,1.7558080926537514,1.7922215536236763,drive://dataset_realization_robustness_v1/runs/replicate_1/confirm_K4_i000448/gru/d8/n256/seed3/DONE.json,1.780835314116302,1.7651722341368257,1.7618563633873392,1.7610978633566257,0.0303546463618278,0.0311236902670506,3.370925502203204,dataset_replication_project,1,2702837654.0,drive://dataset_realization_robustness_v1/datasets/replicate_1/confirm_K4_i000448.npz
done,confirm_K4_i000448,GRU,32,1,256,16,1.7718422152101994,16,24,6888,cuda,1.804754763841629,1.7915412560105324,1.768310829997063,1.797103501856327,drive://dataset_realization_robustness_v1/runs/replicate_1/confirm_K4_i000448/gru/d32/n256/seed1/DONE.json,1.780835314116302,1.7651722341368257,1.7618563633873392,1.7610978633566257,0.0166749220324806,0.0360056384997014,0.3876519859866355,dataset_replication_project,1,2951224491.0,drive://dataset_realization_robustness_v1/datasets/replicate_1/confirm_K4_i000448.npz
done,confirm_K4_i000448,GRU,32,2,256,27,1.8154692612588408,16,35,6888,cuda,1.8412663489580157,1.7564531713724136,1.7610252276062963,1.7450578063726423,drive://dataset_realization_robustness_v1/runs/replicate_1/confirm_K4_i000448/gru/d32/n256/seed2/DONE.json,1.780835314116302,1.7651722341368257,1.7618563633873392,1.7610978633566257,0.0391558939545962,-0.0160400569839831,4.874415838033506,dataset_replication_project,1,2448500378.0,drive://dataset_realization_robustness_v1/datasets/replicate_1/confirm_K4_i000448.npz
done,confirm_K4_i000448,GRU,32,3,256,14,1.7760612517595291,16,22,6888,cuda,1.8044703602790837,1.741421528160572,1.808416463434696,1.782879702746868,drive://dataset_realization_robustness_v1/runs/replicate_1/confirm_K4_i000448/gru/d32/n256/seed3/DONE.json,1.780835314116302,1.7651722341368257,1.7618563633873392,1.7610978633566257,0.0259355415602109,0.0217818393902424,1.0938929142929064,dataset_replication_project,1,2942281484.0,drive://dataset_realization_robustness_v1/datasets/replicate_1/confirm_K4_i000448.npz
done,confirm_K4_i000448,GRU,128,1,256,22,1.7903802245855331,16,30,101256,cuda,1.7974863052368164,1.8671362474560735,1.797742635011673,1.776940442621708,drive://dataset_realization_robustness_v1/runs/replicate_1/confirm_K4_i000448/gru/d128/n256/seed1/DONE.json,1.780835314116302,1.7651722341368257,1.7618563633873392,1.7610978633566257,0.0442134157713084,0.0158425792650822,1.0409582709173215,dataset_replication_project,1,2149308875.0,drive://dataset_realization_robustness_v1/datasets/replicate_1/confirm_K4_i000448.npz
done,confirm_K4_i000448,GRU,128,2,256,4,1.7819472812116146,16,12,101256,cuda,1.8830957934260368,1.7811601758003237,1.743919663131237,1.8103464096784592,drive://dataset_realization_robustness_v1/runs/replicate_1/confirm_K4_i000448/gru/d128/n256/seed2/DONE.json,1.780835314116302,1.7651722341368257,1.7618563633873392,1.7610978633566257,0.0459085782264324,0.0492485463218335,3.685855110336981,dataset_replication_project,1,3544331153.0,drive://dataset_realization_robustness_v1/datasets/replicate_1/confirm_K4_i000448.npz
done,confirm_K4_i000448,GRU,128,3,256,17,1.7600873298943045,16,25,101256,cuda,1.7844561785459518,1.777468115091324,1.7726707756519318,1.6870741248130798,drive://dataset_realization_robustness_v1/runs/replicate_1/confirm_K4_i000448/gru/d128/n256/seed3/DONE.json,1.780835314116302,1.7651722341368257,1.7618563633873392,1.7610978633566257,0.0718979709618023,-0.0740237385435458,4.933871902638189,dataset_replication_project,1,3724707151.0,drive://dataset_realization_robustness_v1/datasets/replicate_1/confirm_K4_i000448.npz
done,confirm_K4_i000448,GRU,256,1,256,15,1.7835892140865326,16,23,399112,cuda,1.7837906181812286,1.7751939743757248,1.7072082832455635,1.7001816928386688,drive://dataset_realization_robustness_v1/runs/replicate_1/confirm_K4_i000448/gru/d256/n256/seed1/DONE.json,1.780835314116302,1.7651722341368257,1.7618563633873392,1.7610978633566257,0.0478305378521493,-0.0609161705179568,4.236054917151354,dataset_replication_project,1,2333329299.0,drive://dataset_realization_robustness_v1/datasets/replicate_1/confirm_K4_i000448.npz
done,confirm_K4_i000448,GRU,256,2,256,33,1.7699141912162304,16,41,399112,cuda,1.8287291452288628,1.7896867021918297,1.7769112139940262,1.7924918681383133,drive://dataset_realization_robustness_v1/runs/replicate_1/confirm_K4_i000448/gru/d256/n256/seed2/DONE.json,1.780835314116302,1.7651722341368257,1.7618563633873392,1.7610978633566257,0.0121092965699623,0.0313940047816876,1.8359654208527407,dataset_replication_project,1,2567029069.0,drive://dataset_realization_robustness_v1/datasets/replicate_1/confirm_K4_i000448.npz
done,confirm_K4_i000448,GRU,256,3,256,5,1.830176591873169,16,13,399112,cuda,1.8692612573504448,1.8289167657494545,1.778967835009098,1.7846361547708511,drive://dataset_realization_robustness_v1/runs/replicate_1/confirm_K4_i000448/gru/d256/n256/seed3/DONE.json,1.780835314116302,1.7651722341368257,1.7618563633873392,1.7610978633566257,0.038302262081499,0.0235382914142254,4.287539642783193,dataset_replication_project,1,2415663237.0,drive://dataset_realization_robustness_v1/datasets/replicate_1/confirm_K4_i000448.npz
done,confirm_K4_i000448,Transformer,8,1,256,46,1.8203061632812023,16,48,1064,cuda,1.7819182053208351,1.7629639953374865,1.800001084804535,1.8254985436797144,drive://dataset_realization_robustness_v1/runs/replicate_1/confirm_K4_i000448/transformer/d8/n256/seed1/DONE.json,1.780835314116302,1.7651722341368257,1.7618563633873392,1.7610978633566257,0.047789292481653,0.0644006803230885,-2.208002385389797,dataset_replication_project,1,3470188816.0,drive://dataset_realization_robustness_v1/datasets/replicate_1/confirm_K4_i000448.npz
done,confirm_K4_i000448,Transformer,8,2,256,48,1.834711350500584,16,48,1064,cuda,1.838531494140625,1.869137831032276,1.8355742022395132,1.790047787129879,drive://dataset_realization_robustness_v1/runs/replicate_1/confirm_K4_i000448/transformer/d8/n256/seed2/DONE.json,1.780835314116302,1.7651722341368257,1.7618563633873392,1.7610978633566257,0.0459833249204044,0.0289499237732533,2.456432069221333,dataset_replication_project,1,3732045593.0,drive://dataset_realization_robustness_v1/datasets/replicate_1/confirm_K4_i000448.npz
done,confirm_K4_i000448,Transformer,8,3,256,48,1.8068380504846573,16,48,1064,cuda,1.7983807176351547,1.7554643228650093,1.819051332771778,1.7710189074277878,drive://dataset_realization_robustness_v1/runs/replicate_1/confirm_K4_i000448/transformer/d8/n256/seed3/DONE.json,1.780835314116302,1.7651722341368257,1.7618563633873392,1.7610978633566257,0.0258759094495705,0.0099210440711621,1.3862889661144666,dataset_replication_project,1,2781220174.0,drive://dataset_realization_robustness_v1/datasets/replicate_1/confirm_K4_i000448.npz
done,confirm_K4_i000448,Transformer,32,1,256,26,1.7573892585933208,16,34,13448,cuda,1.804282449185848,1.7722097635269165,1.8147265762090683,1.774655856192112,drive://dataset_realization_robustness_v1/runs/replicate_1/confirm_K4_i000448/transformer/d32/n256/seed1/DONE.json,1.780835314116302,1.7651722341368257,1.7618563633873392,1.7610978633566257,0.0205290173773305,0.0135579928354863,1.5010344220472194,dataset_replication_project,1,3348896412.0,drive://dataset_realization_robustness_v1/datasets/replicate_1/confirm_K4_i000448.npz
done,confirm_K4_i000448,Transformer,32,2,256,21,1.7434925436973572,16,29,13448,cuda,1.775962233543396,1.7456233128905296,1.8143325448036196,1.7725324630737305,drive://dataset_realization_robustness_v1/runs/replicate_1/confirm_K4_i000448/transformer/d32/n256/seed2/DONE.json,1.780835314116302,1.7651722341368257,1.7618563633873392,1.7610978633566257,0.0269737392481131,0.0114345997171048,0.1737696783351856,dataset_replication_project,1,3898145202.0,drive://dataset_realization_robustness_v1/datasets/replicate_1/confirm_K4_i000448.npz
done,confirm_K4_i000448,Transformer,32,3,256,25,1.73235085606575,16,33,13448,cuda,1.790537253022194,1.756111040711403,1.8167288303375244,1.778879038989544,drive://dataset_realization_robustness_v1/runs/replicate_1/confirm_K4_i000448/transformer/d32/n256/seed3/DONE.json,1.780835314116302,1.7651722341368257,1.7618563633873392,1.7610978633566257,0.0232462402031913,0.0177811756329182,0.5906646291155156,dataset_replication_project,1,3368028011.0,drive://dataset_realization_robustness_v1/datasets/replicate_1/confirm_K4_i000448.npz
done,confirm_K4_i000448,Transformer,128,1,256,12,1.7963781841099262,16,20,201224,cuda,1.8236358240246773,1.795870080590248,1.780957467854023,1.8089893832802773,drive://dataset_realization_robustness_v1/runs/replicate_1/confirm_K4_i000448/transformer/d128/n256/seed1/DONE.json,1.780835314116302,1.7651722341368257,1.7618563633873392,1.7610978633566257,0.0169589859113193,0.0478915199236515,0.7420634469332138,dataset_replication_project,1,3243881874.0,drive://dataset_realization_robustness_v1/datasets/replicate_1/confirm_K4_i000448.npz
done,confirm_K4_i000448,Transformer,128,2,256,9,1.8059745840728283,16,17,201224,cuda,1.821110762655735,1.829386845231056,1.8244251385331156,1.796578511595726,drive://dataset_realization_robustness_v1/runs/replicate_1/confirm_K4_i000448/transformer/d128/n256/seed2/DONE.json,1.780835314116302,1.7651722341368257,1.7618563633873392,1.7610978633566257,0.0198896791740857,0.0354806482391003,1.242929056984827,dataset_replication_project,1,3405806872.0,drive://dataset_realization_robustness_v1/datasets/replicate_1/confirm_K4_i000448.npz
done,confirm_K4_i000448,Transformer,128,3,256,17,1.783742193132639,16,25,201224,cuda,1.8880176171660423,1.851979449391365,1.812148004770279,1.8140293583273888,drive://dataset_realization_robustness_v1/runs/replicate_1/confirm_K4_i000448/transformer/d128/n256/seed3/DONE.json,1.780835314116302,1.7651722341368257,1.7618563633873392,1.7610978633566257,0.0320065752187414,0.0529314949707631,3.748622845955956,dataset_replication_project,1,2606645298.0,drive://dataset_realization_robustness_v1/datasets/replicate_1/confirm_K4_i000448.npz
done,confirm_K4_i000448,Transformer,256,1,256,13,1.8093516789376736,16,21,795656,cuda,1.8545120805501936,1.865907497704029,1.7986488714814186,1.802038662135601,drive://dataset_realization_robustness_v1/runs/replicate_1/confirm_K4_i000448/transformer/d256/n256/seed1/DONE.json,1.780835314116302,1.7651722341368257,1.7618563633873392,1.7610978633566257,0.0341475837842912,0.0409407987789753,2.6585712133502057,dataset_replication_project,1,3168409332.0,drive://dataset_realization_robustness_v1/datasets/replicate_1/confirm_K4_i000448.npz
done,confirm_K4_i000448,Transformer,256,2,256,10,1.7957125380635262,16,18,795656,cuda,1.852100893855095,1.8224589601159096,1.862418666481972,1.7886745482683182,drive://dataset_realization_robustness_v1/runs/replicate_1/confirm_K4_i000448/transformer/d256/n256/seed2/DONE.json,1.780835314116302,1.7651722341368257,1.7618563633873392,1.7610978633566257,0.0450508227810142,0.0275766849116925,3.213502410167215,dataset_replication_project,1,2333545622.0,drive://dataset_realization_robustness_v1/datasets/replicate_1/confirm_K4_i000448.npz
done,confirm_K4_i000448,Transformer,256,3,256,20,1.7996217720210552,16,28,795656,cuda,1.8282292187213895,1.829774722456932,1.8022992089390757,1.8334052488207817,drive://dataset_realization_robustness_v1/runs/replicate_1/confirm_K4_i000448/transformer/d256/n256/seed3/DONE.json,1.780835314116302,1.7651722341368257,1.7618563633873392,1.7610978633566257,0.0205875925762687,0.072307385464156,-0.2622441044902603,dataset_replication_project,1,2436587248.0,drive://dataset_realization_robustness_v1/datasets/replicate_1/confirm_K4_i000448.npz
done,confirm_K4_i000654,GRU,8,1,256,48,0.9282041769474744,16,48,576,cuda,0.9471394419670104,0.9904663227498532,0.8783619627356529,0.8907620273530483,drive://dataset_realization_robustness_v1/runs/replicate_1/confirm_K4_i000654/gru/d8/n256/seed1/DONE.json,0.8856753496562095,0.853664133064591,0.8470754111606197,0.8458633863275855,0.0471857113217484,0.0448986410254628,1.416092297398152,dataset_replication_project,1,2507870868.0,drive://dataset_realization_robustness_v1/datasets/replicate_1/confirm_K4_i000654.npz
done,confirm_K4_i000654,GRU,8,2,256,48,0.895151861011982,16,48,576,cuda,0.961802527308464,0.9013362862169744,0.8766310997307301,0.8853062577545643,drive://dataset_realization_robustness_v1/runs/replicate_1/confirm_K4_i000654/gru/d8/n256/seed2/DONE.json,0.8856753496562095,0.853664133064591,0.8470754111606197,0.8458633863275855,0.019437179487975,0.0394428714269787,1.9214392649382463,dataset_replication_project,1,2468387211.0,drive://dataset_realization_robustness_v1/datasets/replicate_1/confirm_K4_i000654.npz
done,confirm_K4_i000654,GRU,8,3,256,48,0.9263167157769204,16,48,576,cuda,1.037537720054388,0.92935386672616,0.9024809822440149,0.9576312229037284,drive://dataset_realization_robustness_v1/runs/replicate_1/confirm_K4_i000654/gru/d8/n256/seed3/DONE.json,0.8856753496562095,0.853664133064591,0.8470754111606197,0.8458633863275855,0.0390061088926976,0.1117678365761429,2.0070976276924366,dataset_replication_project,1,3257024043.0,drive://dataset_realization_robustness_v1/datasets/replicate_1/confirm_K4_i000654.npz
done,confirm_K4_i000654,GRU,32,1,256,40,0.8223756477236748,16,48,6888,cuda,0.8719645459204912,0.9508960098028184,0.8243492804467678,0.8857424855232239,drive://dataset_realization_robustness_v1/runs/replicate_1/confirm_K4_i000654/gru/d32/n256/seed1/DONE.json,0.8856753496562095,0.853664133064591,0.8470754111606197,0.8458633863275855,0.0502011792691717,0.0398790991956383,-0.346075361544066,dataset_replication_project,1,3298006451.0,drive://dataset_realization_robustness_v1/datasets/replicate_1/confirm_K4_i000654.npz
done,confirm_K4_i000654,GRU,32,2,256,45,0.8219123929738998,16,48,6888,cuda,0.9604010954499244,0.8860681243240833,0.8358129896223545,0.8610931374132633,drive://dataset_realization_robustness_v1/runs/replicate_1/confirm_K4_i000654/gru/d32/n256/seed2/DONE.json,0.8856753496562095,0.853664133064591,0.8470754111606197,0.8458633863275855,0.0336770067040682,0.0152297510856778,2.494425035433022,dataset_replication_project,1,2195992870.0,drive://dataset_realization_robustness_v1/datasets/replicate_1/confirm_K4_i000654.npz
done,confirm_K4_i000654,GRU,32,3,256,48,0.84842923656106,16,48,6888,cuda,0.9084937162697316,0.9001485034823418,0.8511141128838062,0.9054161123931408,drive://dataset_realization_robustness_v1/runs/replicate_1/confirm_K4_i000654/gru/d32/n256/seed3/DONE.json,0.8856753496562095,0.853664133064591,0.8470754111606197,0.8458633863275855,0.0339190285178312,0.0595527260655552,0.0773034942081841,dataset_replication_project,1,3246869742.0,drive://dataset_realization_robustness_v1/datasets/replicate_1/confirm_K4_i000654.npz
done,confirm_K4_i000654,GRU,128,1,256,11,0.8399017229676247,16,19,101256,cuda,0.9634246528148652,0.8526058979332447,0.9045305028557776,0.8874823413789272,drive://dataset_realization_robustness_v1/runs/replicate_1/confirm_K4_i000654/gru/d128/n256/seed1/DONE.json,0.8856753496562095,0.853664133064591,0.8470754111606197,0.8458633863275855,0.0290582511519818,0.0416189550513417,1.9075249017256288,dataset_replication_project,1,3690774256.0,drive://dataset_realization_robustness_v1/datasets/replicate_1/confirm_K4_i000654.npz
done,confirm_K4_i000654,GRU,128,2,256,13,0.9243770930916072,16,21,101256,cuda,0.9384325295686722,0.8102842271327972,0.8040602505207062,0.972185391932726,drive://dataset_realization_robustness_v1/runs/replicate_1/confirm_K4_i000654/gru/d128/n256/seed2/DONE.json,0.8856753496562095,0.853664133064591,0.8470754111606197,0.8458633863275855,0.1253850053140212,0.1263220056051404,-0.8478070293957615,dataset_replication_project,1,3423071773.0,drive://dataset_realization_robustness_v1/datasets/replicate_1/confirm_K4_i000654.npz
done,confirm_K4_i000654,GRU,128,3,256,16,0.9014673605561256,16,24,101256,cuda,0.9180140607059002,0.8977174982428551,0.8717648386955261,0.9504822865128516,drive://dataset_realization_robustness_v1/runs/replicate_1/confirm_K4_i000654/gru/d128/n256/seed3/DONE.json,0.8856753496562095,0.853664133064591,0.8470754111606197,0.8458633863275855,0.0618088391136809,0.1046189001852662,-0.8155394281599647,dataset_replication_project,1,2203620595.0,drive://dataset_realization_robustness_v1/datasets/replicate_1/confirm_K4_i000654.npz
done,confirm_K4_i000654,GRU,256,1,256,28,0.904415376484394,16,36,399112,cuda,0.9784590937197208,0.8658966980874538,0.8836830295622349,0.875883124768734,drive://dataset_realization_robustness_v1/runs/replicate_1/confirm_K4_i000654/gru/d256/n256/seed1/DONE.json,0.8856753496562095,0.853664133064591,0.8470754111606197,0.8458633863275855,0.032783776865813,0.0300197384411484,2.576511188465723,dataset_replication_project,1,2489028905.0,drive://dataset_realization_robustness_v1/datasets/replicate_1/confirm_K4_i000654.npz
done,confirm_K4_i000654,GRU,256,2,256,17,0.913010735064745,16,25,399112,cuda,0.959003772586584,0.8855325356125832,0.8323972001671791,0.8183904066681862,drive://dataset_realization_robustness_v1/runs/replicate_1/confirm_K4_i000654/gru/d256/n256/seed2/DONE.json,0.8856753496562095,0.853664133064591,0.8470754111606197,0.8458633863275855,0.0588345742560545,-0.0274729796593993,3.531937492198473,dataset_replication_project,1,2715634811.0,drive://dataset_realization_robustness_v1/datasets/replicate_1/confirm_K4_i000654.npz
done,confirm_K4_i000654,GRU,256,3,256,12,0.8815349359065294,16,20,399112,cuda,0.9518727511167526,0.7648046687245369,0.8147134408354759,0.9015341550111772,drive://dataset_realization_robustness_v1/runs/replicate_1/confirm_K4_i000654/gru/d256/n256/seed3/DONE.json,0.8856753496562095,0.853664133064591,0.8470754111606197,0.8458633863275855,0.0847784780956673,0.0556707686835915,1.2644087831102542,dataset_replication_project,1,3543560871.0,drive://dataset_realization_robustness_v1/datasets/replicate_1/confirm_K4_i000654.npz
done,confirm_K4_i000654,Transformer,8,1,256,48,0.9249538239091636,16,48,1064,cuda,0.9166919142007828,0.9328954368829728,0.9350862056016922,0.907341156154871,drive://dataset_realization_robustness_v1/runs/replicate_1/confirm_K4_i000654/transformer/d8/n256/seed1/DONE.json,0.8856753496562095,0.853664133064591,0.8470754111606197,0.8458633863275855,0.0220628329527532,0.0614777698272854,0.2348730699043113,dataset_replication_project,1,3713177102.0,drive://dataset_realization_robustness_v1/datasets/replicate_1/confirm_K4_i000654.npz
done,confirm_K4_i000654,Transformer,8,2,256,48,0.9147700536996126,16,48,1064,cuda,0.8706783130764961,0.901632409542799,0.9070879705250264,0.8597384765744209,drive://dataset_realization_robustness_v1/runs/replicate_1/confirm_K4_i000654/transformer/d8/n256/seed2/DONE.json,0.8856753496562095,0.853664133064591,0.8470754111606197,0.8458633863275855,0.0321115676644344,0.0138750902468354,0.2747876665055015,dataset_replication_project,1,2411381893.0,drive://dataset_realization_robustness_v1/datasets/replicate_1/confirm_K4_i000654.npz
done,confirm_K4_i000654,Transformer,8,3,256,46,0.9484445340931416,16,48,1064,cuda,0.9585385695099832,0.9481035098433496,0.9028273709118366,0.909032680094242,drive://dataset_realization_robustness_v1/runs/replicate_1/confirm_K4_i000654/transformer/d8/n256/seed3/DONE.json,0.8856753496562095,0.853664133064591,0.8470754111606197,0.8458633863275855,0.0167839740412009,0.0631692937666565,1.2434927915285,dataset_replication_project,1,2403864889.0,drive://dataset_realization_robustness_v1/datasets/replicate_1/confirm_K4_i000654.npz
done,confirm_K4_i000654,Transformer,32,1,256,35,0.8988222479820251,16,43,13448,cuda,0.8972136825323105,0.866960559040308,0.8601303771138191,0.9557917527854444,drive://dataset_realization_robustness_v1/runs/replicate_1/confirm_K4_i000654/transformer/d32/n256/seed1/DONE.json,0.8856753496562095,0.853664133064591,0.8470754111606197,0.8458633863275855,0.0842656311239934,0.1099283664578587,-1.4713685373817595,dataset_replication_project,1,2649644653.0,drive://dataset_realization_robustness_v1/datasets/replicate_1/confirm_K4_i000654.npz
done,confirm_K4_i000654,Transformer,32,2,256,26,0.8924207827076316,16,34,13448,cuda,0.9670430831611156,0.9029998145997524,0.8311593607068062,0.9915042407810688,drive://dataset_realization_robustness_v1/runs/replicate_1/confirm_K4_i000654/transformer/d32/n256/seed2/DONE.json,0.8856753496562095,0.853664133064591,0.8470754111606197,0.8458633863275855,0.0993810267738813,0.1456408544534833,-0.6144172649321733,dataset_replication_project,1,3151438585.0,drive://dataset_realization_robustness_v1/datasets/replicate_1/confirm_K4_i000654.npz
done,confirm_K4_i000654,Transformer,32,3,256,48,0.8650580095127225,16,48,13448,cuda,0.883667116984725,0.9510534927248956,0.9184399880468844,0.7734209485352039,drive://dataset_realization_robustness_v1/runs/replicate_1/confirm_K4_i000654/transformer/d32/n256/seed3/DONE.json,0.8856753496562095,0.853664133064591,0.8470754111606197,0.8458633863275855,0.1167093335468582,-0.0724424377923815,2.7691718577027884,dataset_replication_project,1,3876357939.0,drive://dataset_realization_robustness_v1/datasets/replicate_1/confirm_K4_i000654.npz
done,confirm_K4_i000654,Transformer,128,1,256,16,0.8895642831921577,16,24,201224,cuda,0.93135379627347,0.8280327636748552,0.8753040581941605,0.9481229186058044,drive://dataset_realization_robustness_v1/runs/replicate_1/confirm_K4_i000654/transformer/d128/n256/seed1/DONE.json,0.8856753496562095,0.853664133064591,0.8470754111606197,0.8458633863275855,0.0791171188083304,0.1022595322782189,-0.4212081226418152,dataset_replication_project,1,2054639750.0,drive://dataset_realization_robustness_v1/datasets/replicate_1/confirm_K4_i000654.npz
done,confirm_K4_i000654,Transformer,128,2,256,27,0.9225486032664776,16,35,201224,cuda,0.8956361636519432,0.8882013522088528,0.9005667231976986,0.8127000145614147,drive://dataset_realization_robustness_v1/runs/replicate_1/confirm_K4_i000654/transformer/d128/n256/seed2/DONE.json,0.8856753496562095,0.853664133064591,0.8470754111606197,0.8458633863275855,0.0590595031139997,-0.0331633717661707,2.0831966614140582,dataset_replication_project,1,2209633694.0,drive://dataset_realization_robustness_v1/datasets/replicate_1/confirm_K4_i000654.npz
done,confirm_K4_i000654,Transformer,128,3,256,10,0.9083774220198392,16,18,201224,cuda,0.8736231364309788,0.8440309464931488,0.9535529054701328,0.8757495991885662,drive://dataset_realization_robustness_v1/runs/replicate_1/confirm_K4_i000654/transformer/d128/n256/seed3/DONE.json,0.8856753496562095,0.853664133064591,0.8470754111606197,0.8458633863275855,0.0479239994888164,0.0298862128609807,-0.0534126573973443,dataset_replication_project,1,3379778950.0,drive://dataset_realization_robustness_v1/datasets/replicate_1/confirm_K4_i000654.npz
done,confirm_K4_i000654,Transformer,256,1,256,25,0.8878574715927243,16,33,795656,cuda,0.8985624108463526,0.9062018543481828,0.8795875906944275,0.9777044914662838,drive://dataset_realization_robustness_v1/runs/replicate_1/confirm_K4_i000654/transformer/d256/n256/seed1/DONE.json,0.8856753496562095,0.853664133064591,0.8470754111606197,0.8458633863275855,0.0870421258994848,0.1318411051386983,-1.9878969536533664,dataset_replication_project,1,2205231912.0,drive://dataset_realization_robustness_v1/datasets/replicate_1/confirm_K4_i000654.npz
done,confirm_K4_i000654,Transformer,256,2,256,7,0.91866984218359,16,15,795656,cuda,0.8518752977252007,0.951901663094759,1.0034359246492386,0.9934933632612228,drive://dataset_realization_robustness_v1/runs/replicate_1/confirm_K4_i000654/transformer/d256/n256/seed2/DONE.json,0.8856753496562095,0.853664133064591,0.8470754111606197,0.8458633863275855,0.0941178668658032,0.1476299769336373,-3.55717361555494,dataset_replication_project,1,2887134103.0,drive://dataset_realization_robustness_v1/datasets/replicate_1/confirm_K4_i000654.npz
done,confirm_K4_i000654,Transformer,256,3,256,13,0.868367150425911,16,21,795656,cuda,0.908191405236721,0.940085306763649,0.8510777875781059,0.8906829059123993,drive://dataset_realization_robustness_v1/runs/replicate_1/confirm_K4_i000654/transformer/d256/n256/seed3/DONE.json,0.8856753496562095,0.853664133064591,0.8470754111606197,0.8458633863275855,0.0312016878869338,0.0448195195848137,0.4397798515938418,dataset_replication_project,1,3632301123.0,drive://dataset_realization_robustness_v1/datasets/replicate_1/confirm_K4_i000654.npz
done,confirm_K4_i000909,GRU,8,1,256,47,1.6180068328976631,16,48,576,cuda,1.6881103515625,1.679424524307251,1.7038903310894966,1.688688464462757,drive://dataset_realization_robustness_v1/runs/replicate_1/confirm_K4_i000909/gru/d8/n256/seed1/DONE.json,1.6318533017249228,1.6316537487975449,1.6316514294605773,1.6316514066853085,0.0089102252487835,0.0570370577774486,-2.863432907323931,dataset_replication_project,1,2927403123.0,drive://dataset_realization_robustness_v1/datasets/replicate_1/confirm_K4_i000909.npz
done,confirm_K4_i000909,GRU,8,2,256,47,1.6333321556448936,16,48,576,cuda,1.6869608759880066,1.6762424483895302,1.661793813109398,1.692490071058273,drive://dataset_realization_robustness_v1/runs/replicate_1/confirm_K4_i000909/gru/d8/n256/seed2/DONE.json,1.6318533017249228,1.6316537487975449,1.6316514294605773,1.6316514066853085,0.0176009119048283,0.0608386643729648,-27.386483000420224,dataset_replication_project,1,3373477037.0,drive://dataset_realization_robustness_v1/datasets/replicate_1/confirm_K4_i000909.npz
done,confirm_K4_i000909,GRU,8,3,256,47,1.6337951198220253,16,48,576,cuda,1.6920499354600906,1.6045954152941704,1.6488318145275116,1.6518546417355535,drive://dataset_realization_robustness_v1/runs/replicate_1/confirm_K4_i000909/gru/d8/n256/seed3/DONE.json,1.6318533017249228,1.6316537487975449,1.6316514294605773,1.6316514066853085,0.0309930049468475,0.0202032350502452,199.09005095579408,dataset_replication_project,1,3374115661.0,drive://dataset_realization_robustness_v1/datasets/replicate_1/confirm_K4_i000909.npz
done,confirm_K4_i000909,GRU,32,1,256,28,1.6283064372837543,16,36,6888,cuda,1.6787321120500565,1.657012164592743,1.6769501492381096,1.6200007870793345,drive://dataset_realization_robustness_v1/runs/replicate_1/confirm_K4_i000909/gru/d32/n256/seed1/DONE.json,1.6318533017249228,1.6316537487975449,1.6316514294605773,1.6316514066853085,0.0448290924668442,-0.0116506196059742,290.900287015059,dataset_replication_project,1,3677351000.0,drive://dataset_realization_robustness_v1/datasets/replicate_1/confirm_K4_i000909.npz
done,confirm_K4_i000909,GRU,32,2,256,38,1.631970752030611,16,46,6888,cuda,1.6903926208615303,1.6882817447185516,1.6793234795331955,1.6298058182001114,drive://dataset_realization_robustness_v1/runs/replicate_1/confirm_K4_i000909/gru/d32/n256/seed2/DONE.json,1.6318533017249228,1.6316537487975449,1.6316514294605773,1.6316514066853085,0.0487788214037243,-0.0018455884851971,300.09059547554045,dataset_replication_project,1,2463493193.0,drive://dataset_realization_robustness_v1/datasets/replicate_1/confirm_K4_i000909.npz
done,confirm_K4_i000909,GRU,32,3,256,22,1.648147840052843,16,30,6888,cuda,1.6688294485211372,1.63667244464159,1.6391782090067863,1.6641883850097656,drive://dataset_realization_robustness_v1/runs/replicate_1/confirm_K4_i000909/gru/d32/n256/seed3/DONE.json,1.6318533017249228,1.6316537487975449,1.6316514294605773,1.6316514066853085,0.0187247972640551,0.0325369783244571,22.98750638072857,dataset_replication_project,1,2872989910.0,drive://dataset_realization_robustness_v1/datasets/replicate_1/confirm_K4_i000909.npz
done,confirm_K4_i000909,GRU,128,1,256,4,1.6712170206010342,16,12,101256,cuda,1.6983828619122503,1.6700303927063942,1.6455189734697342,1.6711920276284218,drive://dataset_realization_robustness_v1/runs/replicate_1/confirm_K4_i000909/gru/d128/n256/seed1/DONE.json,1.6318533017249228,1.6316537487975449,1.6316514294605773,1.6316514066853085,0.0186337366309137,0.0395406209431132,134.6780700297118,dataset_replication_project,1,3991518763.0,drive://dataset_realization_robustness_v1/datasets/replicate_1/confirm_K4_i000909.npz
done,confirm_K4_i000909,GRU,128,2,256,12,1.6346493102610111,16,20,101256,cuda,1.7013242095708847,1.6473193019628525,1.6683723852038383,1.6911034807562828,drive://dataset_realization_robustness_v1/runs/replicate_1/confirm_K4_i000909/gru/d128/n256/seed2/DONE.json,1.6318533017249228,1.6316537487975449,1.6316514294605773,1.6316514066853085,0.0251711153093268,0.0594520740709743,50.62397191197261,dataset_replication_project,1,3770847483.0,drive://dataset_realization_robustness_v1/datasets/replicate_1/confirm_K4_i000909.npz
done,confirm_K4_i000909,GRU,128,3,256,22,1.6038535051047802,16,30,101256,cuda,1.6409761682152748,1.6578851714730265,1.6427897214889526,1.7527626380324364,drive://dataset_realization_robustness_v1/runs/replicate_1/confirm_K4_i000909/gru/d128/n256/seed3/DONE.json,1.6318533017249228,1.6316537487975449,1.6316514294605773,1.6316514066853085,0.091702807126157,0.1211112313471278,-553.6860639603012,dataset_replication_project,1,2175601543.0,drive://dataset_realization_robustness_v1/datasets/replicate_1/confirm_K4_i000909.npz
done,confirm_K4_i000909,GRU,256,1,256,15,1.5927296914160252,16,23,399112,cuda,1.6479346230626106,1.5955137982964516,1.682968758046627,1.6674772873520851,drive://dataset_realization_robustness_v1/runs/replicate_1/confirm_K4_i000909/gru/d256/n256/seed1/DONE.json,1.6318533017249228,1.6316537487975449,1.6316514294605773,1.6316514066853085,0.0381081140881368,0.0358258806667766,-96.79615867139132,dataset_replication_project,1,2284580323.0,drive://dataset_realization_robustness_v1/datasets/replicate_1/confirm_K4_i000909.npz
done,confirm_K4_i000909,GRU,256,2,256,11,1.6667321771383286,16,19,399112,cuda,1.7053465843200684,1.7132202088832855,1.697143256664276,1.6914941892027855,drive://dataset_realization_robustness_v1/runs/replicate_1/confirm_K4_i000909/gru/d256/n256/seed2/DONE.json,1.6318533017249228,1.6316537487975449,1.6316514294605773,1.6316514066853085,0.0131355055605717,0.0598427825174769,68.61186457946236,dataset_replication_project,1,3089252022.0,drive://dataset_realization_robustness_v1/datasets/replicate_1/confirm_K4_i000909.npz
done,confirm_K4_i000909,GRU,256,3,256,12,1.6364987045526505,16,20,399112,cuda,1.7342991307377815,1.6835123002529144,1.6995867192745209,1.6894709393382072,drive://dataset_realization_robustness_v1/runs/replicate_1/confirm_K4_i000909/gru/d256/n256/seed3/DONE.json,1.6318533017249228,1.6316537487975449,1.6316514294605773,1.6316514066853085,0.0230725386909714,0.0578195326528987,222.03711138822285,dataset_replication_project,1,3031526005.0,drive://dataset_realization_robustness_v1/datasets/replicate_1/confirm_K4_i000909.npz
done,confirm_K4_i000909,Transformer,8,1,256,45,1.6090857908129692,16,48,1064,cuda,1.5891990885138512,1.680436909198761,1.6660430133342743,1.6441961079835892,drive://dataset_realization_robustness_v1/runs/replicate_1/confirm_K4_i000909/transformer/d8/n256/seed1/DONE.json,1.6318533017249228,1.6316537487975449,1.6316514294605773,1.6316514066853085,0.0347758262282506,0.0125447012982806,-272.4040153477717,dataset_replication_project,1,3632819673.0,drive://dataset_realization_robustness_v1/datasets/replicate_1/confirm_K4_i000909.npz
done,confirm_K4_i000909,Transformer,8,2,256,42,1.6405893415212631,16,48,1064,cuda,1.7224036529660225,1.6122720316052437,1.6166730970144272,1.6848465502262115,drive://dataset_realization_robustness_v1/runs/replicate_1/confirm_K4_i000909/transformer/d8/n256/seed2/DONE.json,1.6318533017249228,1.6316537487975449,1.6316514294605773,1.6316514066853085,0.0531752646546518,0.053195143540903,186.022909783006,dataset_replication_project,1,2579149855.0,drive://dataset_realization_robustness_v1/datasets/replicate_1/confirm_K4_i000909.npz
done,confirm_K4_i000909,Transformer,8,3,256,31,1.6234558001160622,16,39,1064,cuda,1.7498114630579948,1.706397384405136,1.721468597650528,1.5946350395679474,drive://dataset_realization_robustness_v1/runs/replicate_1/confirm_K4_i000909/transformer/d8/n256/seed3/DONE.json,1.6318533017249228,1.6316537487975449,1.6316514294605773,1.6316514066853085,0.1146670706393803,-0.0370163671173611,768.5994850912704,dataset_replication_project,1,2857476301.0,drive://dataset_realization_robustness_v1/datasets/replicate_1/confirm_K4_i000909.npz
done,confirm_K4_i000909,Transformer,32,1,256,19,1.6031942702829838,16,27,13448,cuda,1.6333161443471909,1.6466565281152723,1.6683639511466026,1.626112513244152,drive://dataset_realization_robustness_v1/runs/replicate_1/confirm_K4_i000909/transformer/d32/n256/seed1/DONE.json,1.6318533017249228,1.6316537487975449,1.6316514294605773,1.6316514066853085,0.0237495616163982,-0.0055388934411564,35.68007969289342,dataset_replication_project,1,3774424556.0,drive://dataset_realization_robustness_v1/datasets/replicate_1/confirm_K4_i000909.npz
done,confirm_K4_i000909,Transformer,32,2,256,21,1.6274426244199276,16,29,13448,cuda,1.608216293156147,1.6780676022171974,1.6799521446228027,1.6647774875164032,drive://dataset_realization_robustness_v1/runs/replicate_1/confirm_K4_i000909/transformer/d32/n256/seed2/DONE.json,1.6318533017249228,1.6316537487975449,1.6316514294605773,1.6316514066853085,0.0301201043560047,0.0331260808310946,-280.15148102848497,dataset_replication_project,1,2931742743.0,drive://dataset_realization_robustness_v1/datasets/replicate_1/confirm_K4_i000909.npz
done,confirm_K4_i000909,Transformer,32,3,256,17,1.6427914686501026,16,25,13448,cuda,1.6778134033083916,1.6553808152675629,1.6855087131261826,1.6115769669413569,drive://dataset_realization_robustness_v1/runs/replicate_1/confirm_K4_i000909/transformer/d32/n256/seed3/DONE.json,1.6318533017249228,1.6316537487975449,1.6316514294605773,1.6316514066853085,0.0541872501637666,-0.0200744397439518,328.0736193101454,dataset_replication_project,1,3073850298.0,drive://dataset_realization_robustness_v1/datasets/replicate_1/confirm_K4_i000909.npz
done,confirm_K4_i000909,Transformer,128,1,256,29,1.6556470654904842,16,37,201224,cuda,1.6719370484352112,1.6884321868419647,1.692424274981022,1.688267357647419,drive://dataset_realization_robustness_v1/runs/replicate_1/confirm_K4_i000909/transformer/d128/n256/seed1/DONE.json,1.6318533017249228,1.6316537487975449,1.6316514294605773,1.6316514066853085,0.0085237895305578,0.0566159509621104,-80.88514330715421,dataset_replication_project,1,3032007273.0,drive://dataset_realization_robustness_v1/datasets/replicate_1/confirm_K4_i000909.npz
done,confirm_K4_i000909,Transformer,128,2,256,10,1.634233072400093,16,18,201224,cuda,1.664699725806713,1.69432982057333,1.7085950300097466,1.6753507032990456,drive://dataset_realization_robustness_v1/runs/replicate_1/confirm_K4_i000909/transformer/d128/n256/seed2/DONE.json,1.6318533017249228,1.6316537487975449,1.6316514294605773,1.6316514066853085,0.019894010291398,0.043699296613737,-52.75502316787501,dataset_replication_project,1,3000420854.0,drive://dataset_realization_robustness_v1/datasets/replicate_1/confirm_K4_i000909.npz
done,confirm_K4_i000909,Transformer,128,3,256,18,1.6022107675671575,16,26,201224,cuda,1.6569670885801315,1.630740962922573,1.65132537484169,1.625997617840767,drive://dataset_realization_robustness_v1/runs/replicate_1/confirm_K4_i000909/transformer/d128/n256/seed3/DONE.json,1.6318533017249228,1.6316537487975449,1.6316514294605773,1.6316514066853085,0.0200662337310886,-0.0056537888445415,153.3939159601231,dataset_replication_project,1,2806954975.0,drive://dataset_realization_robustness_v1/datasets/replicate_1/confirm_K4_i000909.npz
done,confirm_K4_i000909,Transformer,256,1,256,8,1.6224022544920444,16,16,795656,cuda,1.7204284891486168,1.743172213435173,1.63386869430542,1.648340344429016,drive://dataset_realization_robustness_v1/runs/replicate_1/confirm_K4_i000909/transformer/d256/n256/seed1/DONE.json,1.6318533017249228,1.6316537487975449,1.6316514294605773,1.6316514066853085,0.0599368446376473,0.0166889377437076,357.05753275222054,dataset_replication_project,1,2514979192.0,drive://dataset_realization_robustness_v1/datasets/replicate_1/confirm_K4_i000909.npz
done,confirm_K4_i000909,Transformer,256,2,256,14,1.6385801061987877,16,22,795656,cuda,1.67378980666399,1.6668344289064407,1.712454430758953,1.6745358631014824,drive://dataset_realization_robustness_v1/runs/replicate_1/confirm_K4_i000909/transformer/d256/n256/seed2/DONE.json,1.6318533017249228,1.6316537487975449,1.6316514294605773,1.6316514066853085,0.0193524082957334,0.0428844564161738,-3.695268783807489,dataset_replication_project,1,2541976357.0,drive://dataset_realization_robustness_v1/datasets/replicate_1/confirm_K4_i000909.npz
done,confirm_K4_i000909,Transformer,256,3,256,32,1.6252577267587185,16,40,795656,cuda,1.698556549847126,1.5326032638549805,1.6674537137150764,1.6335416361689568,drive://dataset_realization_robustness_v1/runs/replicate_1/confirm_K4_i000909/transformer/d256/n256/seed3/DONE.json,1.6318533017249228,1.6316537487975449,1.6316514294605773,1.6316514066853085,0.0623293323257538,0.0018902294836482,322.02333352204903,dataset_replication_project,1,2294526365.0,drive://dataset_realization_robustness_v1/datasets/replicate_1/confirm_K4_i000909.npz
done,confirm_K5_i000202,GRU,8,1,256,48,1.8808026388287544,16,48,576,cuda,1.8770345598459244,1.9035907685756683,1.8574589937925337,1.9152309074997904,drive://dataset_realization_robustness_v1/runs/replicate_1/confirm_K5_i000202/gru/d8/n256/seed1/DONE.json,1.8935646414575609,1.8905818784768589,1.8901325682445256,1.8900558607671785,0.0361724897899224,0.0251750467326117,-10.88593190180346,dataset_replication_project,1,3689352015.0,drive://dataset_realization_robustness_v1/datasets/replicate_1/confirm_K5_i000202.npz
done,confirm_K5_i000202,GRU,8,2,256,48,1.8998258002102373,16,48,576,cuda,1.886445097625256,1.872883602976799,1.9370005577802656,1.8820869028568268,drive://dataset_realization_robustness_v1/runs/replicate_1/confirm_K5_i000202/gru/d8/n256/seed2/DONE.json,1.8935646414575609,1.8905818784768589,1.8901325682445256,1.8900558607671785,0.0278499188968425,-0.0079689579103516,1.2420824078217956,dataset_replication_project,1,2677349991.0,drive://dataset_realization_robustness_v1/datasets/replicate_1/confirm_K5_i000202.npz
done,confirm_K5_i000202,GRU,8,3,256,32,1.9213912263512607,16,40,576,cuda,1.922379106283188,1.9321586415171623,1.9210204482078552,1.9062946513295171,drive://dataset_realization_robustness_v1/runs/replicate_1/confirm_K5_i000202/gru/d8/n256/seed3/DONE.json,1.8935646414575609,1.8905818784768589,1.8901325682445256,1.8900558607671785,0.0159276195078598,0.0162387905623389,4.5840582165075485,dataset_replication_project,1,2309706180.0,drive://dataset_realization_robustness_v1/datasets/replicate_1/confirm_K5_i000202.npz
done,confirm_K5_i000202,GRU,32,1,256,18,1.884935483336449,16,26,6888,cuda,1.906828045845032,1.8946193307638168,1.8659407272934916,1.9264855831861496,drive://dataset_realization_robustness_v1/runs/replicate_1/confirm_K5_i000202/gru/d32/n256/seed1/DONE.json,1.8935646414575609,1.8905818784768589,1.8901325682445256,1.8900558607671785,0.0362660702339855,0.0364297224189711,-5.602384154415609,dataset_replication_project,1,3823564072.0,drive://dataset_realization_robustness_v1/datasets/replicate_1/confirm_K5_i000202.npz
done,confirm_K5_i000202,GRU,32,2,256,24,1.8748688995838163,16,32,6888,cuda,1.912658043205738,1.8568178415298464,1.888536438345909,1.8611429035663605,drive://dataset_realization_robustness_v1/runs/replicate_1/confirm_K5_i000202/gru/d32/n256/seed2/DONE.json,1.8935646414575609,1.8905818784768589,1.8901325682445256,1.8900558607671785,0.0277234220836011,-0.0289129572008179,14.681778140361113,dataset_replication_project,1,2308142025.0,drive://dataset_realization_robustness_v1/datasets/replicate_1/confirm_K5_i000202.npz
done,confirm_K5_i000202,GRU,32,3,256,42,1.9338353499770164,16,48,6888,cuda,1.9094378128647804,1.867053523659706,1.894640952348709,1.8557312414050104,drive://dataset_realization_robustness_v1/runs/replicate_1/confirm_K5_i000202/gru/d32/n256/seed3/DONE.json,1.8935646414575609,1.8905818784768589,1.8901325682445256,1.8900558607671785,0.0321884283729063,-0.0343246193621682,15.306334649805928,dataset_replication_project,1,2026632914.0,drive://dataset_realization_robustness_v1/datasets/replicate_1/confirm_K5_i000202.npz
done,confirm_K5_i000202,GRU,128,1,256,8,1.9067577496171,16,16,101256,cuda,1.9088521599769592,1.908947937190533,1.8832159116864204,1.89929173886776,drive://dataset_realization_robustness_v1/runs/replicate_1/confirm_K5_i000202/gru/d128/n256/seed1/DONE.json,1.8935646414575609,1.8905818784768589,1.8901325682445256,1.8900558607671785,0.0097581622973592,0.0092358781005812,2.724713213169665,dataset_replication_project,1,3711389463.0,drive://dataset_realization_robustness_v1/datasets/replicate_1/confirm_K5_i000202.npz
done,confirm_K5_i000202,GRU,128,2,256,6,1.914110604673624,16,14,101256,cuda,1.9212202206254003,1.879365786910057,1.927368216216564,1.952080987393856,drive://dataset_realization_robustness_v1/runs/replicate_1/confirm_K5_i000202/gru/d128/n256/seed2/DONE.json,1.8935646414575609,1.8905818784768589,1.8901325682445256,1.8900558607671785,0.0423085691289571,0.0620251266266775,-8.795296569274075,dataset_replication_project,1,3565548295.0,drive://dataset_realization_robustness_v1/datasets/replicate_1/confirm_K5_i000202.npz
done,confirm_K5_i000202,GRU,128,3,256,24,1.8823233023285864,16,32,101256,cuda,1.911656104028225,1.882633052766323,1.9184932187199597,1.8487679809331892,drive://dataset_realization_robustness_v1/runs/replicate_1/confirm_K5_i000202/gru/d128/n256/seed3/DONE.json,1.8935646414575609,1.8905818784768589,1.8901325682445256,1.8900558607671785,0.0487039952378605,-0.041287879833989,17.923070332498224,dataset_replication_project,1,2923016206.0,drive://dataset_realization_robustness_v1/datasets/replicate_1/confirm_K5_i000202.npz
done,confirm_K5_i000202,GRU,256,1,256,29,1.933180332183838,16,37,399112,cuda,1.9134624004364011,1.8891240656375885,1.906146377325058,1.9066649600863457,drive://dataset_realization_robustness_v1/runs/replicate_1/confirm_K5_i000202/gru/d256/n256/seed1/DONE.json,1.8935646414575609,1.8905818784768589,1.8901325682445256,1.8900558607671785,0.0091867155143456,0.0166090993191672,1.9372656628804208,dataset_replication_project,1,2162316847.0,drive://dataset_realization_robustness_v1/datasets/replicate_1/confirm_K5_i000202.npz
done,confirm_K5_i000202,GRU,256,2,256,17,1.8921675868332384,16,25,399112,cuda,1.9167962074279783,1.9239824414253237,1.918539807200432,1.9326277300715449,drive://dataset_realization_robustness_v1/runs/replicate_1/confirm_K5_i000202/gru/d256/n256/seed2/DONE.json,1.8935646414575609,1.8905818784768589,1.8901325682445256,1.8900558607671785,0.0128335200376928,0.0425718693043661,-4.511972688107994,dataset_replication_project,1,2353373975.0,drive://dataset_realization_robustness_v1/datasets/replicate_1/confirm_K5_i000202.npz
done,confirm_K5_i000202,GRU,256,3,256,23,1.92280738055706,16,31,399112,cuda,1.8668491765856745,1.8992198705673216,1.8664775788784027,1.91953968256712,drive://dataset_realization_robustness_v1/runs/replicate_1/confirm_K5_i000202/gru/d256/n256/seed3/DONE.json,1.8935646414575609,1.8905818784768589,1.8901325682445256,1.8900558607671785,0.0400519715208922,0.0294838217999411,-15.016756711489654,dataset_replication_project,1,2521179740.0,drive://dataset_realization_robustness_v1/datasets/replicate_1/confirm_K5_i000202.npz
done,confirm_K5_i000202,Transformer,8,1,256,43,1.937199961394072,16,48,1064,cuda,1.8791471123695371,1.9410564228892329,1.922088660299778,1.8587341085076328,drive://dataset_realization_robustness_v1/runs/replicate_1/confirm_K5_i000202/transformer/d8/n256/seed1/DONE.json,1.8935646414575609,1.8905818784768589,1.8901325682445256,1.8900558607671785,0.0523938748600467,-0.0313217522595452,5.817691575268963,dataset_replication_project,1,4020361774.0,drive://dataset_realization_robustness_v1/datasets/replicate_1/confirm_K5_i000202.npz
done,confirm_K5_i000202,Transformer,8,2,256,48,1.917749647051096,16,48,1064,cuda,1.8751542046666143,1.8897667676210403,1.9123949483036995,1.926986671984196,drive://dataset_realization_robustness_v1/runs/replicate_1/confirm_K5_i000202/transformer/d8/n256/seed2/DONE.json,1.8935646414575609,1.8905818784768589,1.8901325682445256,1.8900558607671785,0.0342876480559687,0.0369308112170172,-14.772216302846838,dataset_replication_project,1,2253900578.0,drive://dataset_realization_robustness_v1/datasets/replicate_1/confirm_K5_i000202.npz
done,confirm_K5_i000202,Transformer,8,3,256,47,1.9207001999020576,16,48,1064,cuda,1.847114123404026,1.865505278110504,1.9231339544057848,1.8973978012800217,drive://dataset_realization_robustness_v1/runs/replicate_1/confirm_K5_i000202/transformer/d8/n256/seed3/DONE.json,1.8935646414575609,1.8905818784768589,1.8901325682445256,1.8900558607671785,0.0339226972038476,0.0073419405128432,-14.330812414074083,dataset_replication_project,1,3795916572.0,drive://dataset_realization_robustness_v1/datasets/replicate_1/confirm_K5_i000202.npz
done,confirm_K5_i000202,Transformer,32,1,256,15,1.875453934073448,16,23,13448,cuda,1.9223769903182983,1.8639229983091357,1.900428056716919,1.9442146867513657,drive://dataset_realization_robustness_v1/runs/replicate_1/confirm_K5_i000202/transformer/d32/n256/seed1/DONE.json,1.8935646414575609,1.8905818784768589,1.8901325682445256,1.8900558607671785,0.047691555614961,0.0541588259841872,-6.223727944275516,dataset_replication_project,1,3359135963.0,drive://dataset_realization_robustness_v1/datasets/replicate_1/confirm_K5_i000202.npz
done,confirm_K5_i000202,Transformer,32,2,256,8,1.9221270978450773,16,16,13448,cuda,1.960762545466423,1.9168549180030825,1.926209814846516,1.9161891639232635,drive://dataset_realization_robustness_v1/runs/replicate_1/confirm_K5_i000202/transformer/d32/n256/seed2/DONE.json,1.8935646414575609,1.8905818784768589,1.8901325682445256,1.8900558607671785,0.0211258312304297,0.026133303156085,12.703382022517236,dataset_replication_project,1,3946025019.0,drive://dataset_realization_robustness_v1/datasets/replicate_1/confirm_K5_i000202.npz
done,confirm_K5_i000202,Transformer,32,3,256,6,1.9087825752794745,16,14,13448,cuda,1.9329934045672417,1.9331774488091469,1.935599446296692,1.879842884838581,drive://dataset_realization_robustness_v1/runs/replicate_1/confirm_K5_i000202/transformer/d32/n256/seed3/DONE.json,1.8935646414575609,1.8905818784768589,1.8901325682445256,1.8900558607671785,0.0456981699640471,-0.0102129759285973,15.14786030211194,dataset_replication_project,1,3530582923.0,drive://dataset_realization_robustness_v1/datasets/replicate_1/confirm_K5_i000202.npz
done,confirm_K5_i000202,Transformer,128,1,256,19,1.936929378658533,16,27,201224,cuda,1.8550573587417605,1.8995704650878904,1.8977049514651296,1.93743260204792,drive://dataset_realization_robustness_v1/runs/replicate_1/confirm_K5_i000202/transformer/d128/n256/seed1/DONE.json,1.8935646414575609,1.8905818784768589,1.8901325682445256,1.8900558607671785,0.0510737283673413,0.0473767412807417,-23.47688572613019,dataset_replication_project,1,3585965211.0,drive://dataset_realization_robustness_v1/datasets/replicate_1/confirm_K5_i000202.npz
done,confirm_K5_i000202,Transformer,128,2,256,20,1.8766941502690315,16,28,201224,cuda,1.9256900027394293,1.8679826706647875,1.8507010191679,1.9150775745511053,drive://dataset_realization_robustness_v1/runs/replicate_1/confirm_K5_i000202/transformer/d128/n256/seed2/DONE.json,1.8935646414575609,1.8905818784768589,1.8901325682445256,1.8900558607671785,0.0402257289393204,0.025021713783927,3.024534482138686,dataset_replication_project,1,2081509615.0,drive://dataset_realization_robustness_v1/datasets/replicate_1/confirm_K5_i000202.npz
done,confirm_K5_i000202,Transformer,128,3,256,5,1.9333951584994795,16,13,201224,cuda,1.9742339178919792,1.9312629401683807,1.9129619002342224,1.9878988862037656,drive://dataset_realization_robustness_v1/runs/replicate_1/confirm_K5_i000202/transformer/d128/n256/seed3/DONE.json,1.8935646414575609,1.8905818784768589,1.8901325682445256,1.8900558607671785,0.0479308928524332,0.0978430254365874,-3.894506245215732,dataset_replication_project,1,3658552934.0,drive://dataset_realization_robustness_v1/datasets/replicate_1/confirm_K5_i000202.npz
done,confirm_K5_i000202,Transformer,256,1,256,18,1.865653209388256,16,26,795656,cuda,1.925950348377228,1.8880357816815376,1.9250125735998156,1.920808993279934,drive://dataset_realization_robustness_v1/runs/replicate_1/confirm_K5_i000202/transformer/d256/n256/seed1/DONE.json,1.8935646414575609,1.8905818784768589,1.8901325682445256,1.8900558607671785,0.0167968378807174,0.0307531325127554,1.4652825442713888,dataset_replication_project,1,3584348427.0,drive://dataset_realization_robustness_v1/datasets/replicate_1/confirm_K5_i000202.npz
done,confirm_K5_i000202,Transformer,256,2,256,13,1.9366000294685364,16,21,795656,cuda,1.9358915910124777,1.9319505244493484,1.9067331179976463,1.967059135437012,drive://dataset_realization_robustness_v1/runs/replicate_1/confirm_K5_i000202/transformer/d256/n256/seed2/DONE.json,1.8935646414575609,1.8905818784768589,1.8901325682445256,1.8900558607671785,0.0391176541450179,0.0770032746698332,-8.882727982961233,dataset_replication_project,1,3791631515.0,drive://dataset_realization_robustness_v1/datasets/replicate_1/confirm_K5_i000202.npz
done,confirm_K5_i000202,Transformer,256,3,256,16,1.919173788279295,16,24,795656,cuda,1.9164418056607249,1.8932832926511765,1.836857542395592,1.893106266856193,drive://dataset_realization_robustness_v1/runs/replicate_1/confirm_K5_i000202/transformer/d256/n256/seed3/DONE.json,1.8935646414575609,1.8905818784768589,1.8901325682445256,1.8900558607671785,0.0298570612069825,0.003050406089015,6.6506119543162034,dataset_replication_project,1,2382452228.0,drive://dataset_realization_robustness_v1/datasets/replicate_1/confirm_K5_i000202.npz
done,confirm_K5_i000312,GRU,8,1,256,48,1.4677061624825,16,48,576,cuda,1.4305202886462212,1.4270880967378616,1.4672257080674171,1.4483773708343506,drive://dataset_realization_robustness_v1/runs/replicate_1/confirm_K5_i000312/gru/d8/n256/seed1/DONE.json,1.4227544818611757,1.386183937594926,1.3749062794422358,1.3706369785438657,0.0402054069423724,0.0777403922904849,-0.3426311901283742,dataset_replication_project,1,2125007129.0,drive://dataset_realization_robustness_v1/datasets/replicate_1/confirm_K5_i000312.npz
done,confirm_K5_i000312,GRU,8,2,256,48,1.4687546379864216,16,48,576,cuda,1.545881785452366,1.3770914301276207,1.4579381719231606,1.4708144888281822,drive://dataset_realization_robustness_v1/runs/replicate_1/confirm_K5_i000312/gru/d8/n256/seed2/DONE.json,1.4227544818611757,1.386183937594926,1.3749062794422358,1.3706369785438657,0.0564814173027907,0.1001775102843165,1.4403471357241937,dataset_replication_project,1,3043757799.0,drive://dataset_realization_robustness_v1/datasets/replicate_1/confirm_K5_i000312.npz
done,confirm_K5_i000312,GRU,8,3,256,47,1.38583105802536,16,48,576,cuda,1.4992826506495476,1.391920305788517,1.411782868206501,1.439025081694126,drive://dataset_realization_robustness_v1/runs/replicate_1/confirm_K5_i000312/gru/d8/n256/seed3/DONE.json,1.4227544818611757,1.386183937594926,1.3749062794422358,1.3706369785438657,0.0353004111186127,0.0683881031502604,1.1561867917684352,dataset_replication_project,1,3171754030.0,drive://dataset_realization_robustness_v1/datasets/replicate_1/confirm_K5_i000312.npz
done,confirm_K5_i000312,GRU,32,1,256,43,1.4218398444354534,16,48,6888,cuda,1.4338964447379112,1.3658126704394815,1.3166009597480297,1.4080365374684334,drive://dataset_realization_robustness_v1/runs/replicate_1/confirm_K5_i000312/gru/d32/n256/seed1/DONE.json,1.4227544818611757,1.386183937594926,1.3749062794422358,1.3706369785438657,0.0574159243755866,0.0373995589245677,0.4961846908136307,dataset_replication_project,1,3442330028.0,drive://dataset_realization_robustness_v1/datasets/replicate_1/confirm_K5_i000312.npz
done,confirm_K5_i000312,GRU,32,2,256,17,1.4049529805779457,16,25,6888,cuda,1.5507042109966278,1.4261960610747335,1.450285106897354,1.4395377859473228,drive://dataset_realization_robustness_v1/runs/replicate_1/confirm_K5_i000312/gru/d32/n256/seed2/DONE.json,1.4227544818611757,1.386183937594926,1.3749062794422358,1.3706369785438657,0.0330276246509702,0.0689008074034571,2.1329959797284217,dataset_replication_project,1,2787835156.0,drive://dataset_realization_robustness_v1/datasets/replicate_1/confirm_K5_i000312.npz
done,confirm_K5_i000312,GRU,32,3,256,47,1.4220674633979795,16,48,6888,cuda,1.4625830873847008,1.387806624174118,1.4521141722798347,1.3619749620556831,drive://dataset_realization_robustness_v1/runs/replicate_1/confirm_K5_i000312/gru/d32/n256/seed3/DONE.json,1.4227544818611757,1.386183937594926,1.3749062794422358,1.3706369785438657,0.0495750866562135,-0.0086620164881825,1.9304095347100445,dataset_replication_project,1,2853973614.0,drive://dataset_realization_robustness_v1/datasets/replicate_1/confirm_K5_i000312.npz
done,confirm_K5_i000312,GRU,128,1,256,28,1.3479605242609978,16,36,101256,cuda,1.475446954369545,1.3841998502612114,1.4306398406624794,1.4297595992684364,drive://dataset_realization_robustness_v1/runs/replicate_1/confirm_K5_i000312/gru/d128/n256/seed1/DONE.json,1.4227544818611757,1.386183937594926,1.3749062794422358,1.3706369785438657,0.0307687434750215,0.0591226207245707,0.8766220980108654,dataset_replication_project,1,3117138524.0,drive://dataset_realization_robustness_v1/datasets/replicate_1/confirm_K5_i000312.npz
done,confirm_K5_i000312,GRU,128,2,256,25,1.3703482262790203,16,33,101256,cuda,1.3948519602417946,1.4131602719426155,1.3917312249541285,1.4452399760484695,drive://dataset_realization_robustness_v1/runs/replicate_1/confirm_K5_i000312/gru/d128/n256/seed2/DONE.json,1.4227544818611757,1.386183937594926,1.3749062794422358,1.3706369785438657,0.0634704336412086,0.0746029975046038,-0.9668156108686689,dataset_replication_project,1,3678863524.0,drive://dataset_realization_robustness_v1/datasets/replicate_1/confirm_K5_i000312.npz
done,confirm_K5_i000312,GRU,128,3,256,27,1.3686745539307594,16,35,101256,cuda,1.4452973008155825,1.4365080893039703,1.3525212109088898,1.4235673546791077,drive://dataset_realization_robustness_v1/runs/replicate_1/confirm_K5_i000312/gru/d128/n256/seed3/DONE.json,1.4227544818611757,1.386183937594926,1.3749062794422358,1.3706369785438657,0.0406282298494697,0.0529303761352419,0.4169414256890802,dataset_replication_project,1,2593983782.0,drive://dataset_realization_robustness_v1/datasets/replicate_1/confirm_K5_i000312.npz
done,confirm_K5_i000312,GRU,256,1,256,6,1.4108398631215096,16,14,399112,cuda,1.4337195307016373,1.4848501533269882,1.4583466351032257,1.513428308069706,drive://dataset_realization_robustness_v1/runs/replicate_1/confirm_K5_i000312/gru/d256/n256/seed1/DONE.json,1.4227544818611757,1.386183937594926,1.3749062794422358,1.3706369785438657,0.075577331332484,0.1427913295258402,-1.529405138284793,dataset_replication_project,1,2219550903.0,drive://dataset_realization_robustness_v1/datasets/replicate_1/confirm_K5_i000312.npz
done,confirm_K5_i000312,GRU,256,2,256,15,1.4093001559376717,16,23,399112,cuda,1.472168579697609,1.3924182429909706,1.3246784210205078,1.3658244907855988,drive://dataset_realization_robustness_v1/runs/replicate_1/confirm_K5_i000312/gru/d256/n256/seed2/DONE.json,1.4227544818611757,1.386183937594926,1.3749062794422358,1.3706369785438657,0.0357949372005072,-0.0048124877582669,2.0404678302517545,dataset_replication_project,1,3986417992.0,drive://dataset_realization_robustness_v1/datasets/replicate_1/confirm_K5_i000312.npz
done,confirm_K5_i000312,GRU,256,3,256,27,1.3886740617454052,16,35,399112,cuda,1.46379916369915,1.4063386023044586,1.447038732469082,1.3612286746501925,drive://dataset_realization_robustness_v1/runs/replicate_1/confirm_K5_i000312/gru/d256/n256/seed3/DONE.json,1.4227544818611757,1.386183937594926,1.3749062794422358,1.3706369785438657,0.0501706286612078,-0.0094083038936734,1.96806221557606,dataset_replication_project,1,2774583003.0,drive://dataset_realization_robustness_v1/datasets/replicate_1/confirm_K5_i000312.npz
done,confirm_K5_i000312,Transformer,8,1,256,47,1.430299088358879,16,48,1064,cuda,1.481061965227127,1.4352591559290886,1.5294906795024872,1.4489013254642489,drive://dataset_realization_robustness_v1/runs/replicate_1/confirm_K5_i000312/transformer/d8/n256/seed1/DONE.json,1.4227544818611757,1.386183937594926,1.3749062794422358,1.3706369785438657,0.0420566051347034,0.0782643469203829,0.617079440031364,dataset_replication_project,1,2396577099.0,drive://dataset_realization_robustness_v1/datasets/replicate_1/confirm_K5_i000312.npz
done,confirm_K5_i000312,Transformer,8,2,256,48,1.4271278642117975,16,48,1064,cuda,1.4680126532912254,1.5249280631542206,1.364359624683857,1.483647532761097,drive://dataset_realization_robustness_v1/runs/replicate_1/confirm_K5_i000312/transformer/d8/n256/seed2/DONE.json,1.4227544818611757,1.386183937594926,1.3749062794422358,1.3706369785438657,0.0716222485635581,0.1130105542172312,-0.2999928713906492,dataset_replication_project,1,2839448033.0,drive://dataset_realization_robustness_v1/datasets/replicate_1/confirm_K5_i000312.npz
done,confirm_K5_i000312,Transformer,8,3,256,46,1.4356098286807537,16,48,1064,cuda,1.4586001858115196,1.5465787500143051,1.49178297072649,1.5324176922440529,drive://dataset_realization_robustness_v1/runs/replicate_1/confirm_K5_i000312/transformer/d8/n256/seed3/DONE.json,1.4227544818611757,1.386183937594926,1.3749062794422358,1.3706369785438657,0.0668541670955967,0.1617807137001872,-1.416366896608724,dataset_replication_project,1,2720286527.0,drive://dataset_realization_robustness_v1/datasets/replicate_1/confirm_K5_i000312.npz
done,confirm_K5_i000312,Transformer,32,1,256,46,1.4321316331624985,16,48,13448,cuda,1.5058806836605072,1.3971520513296127,1.490608312189579,1.3901668563485146,drive://dataset_realization_robustness_v1/runs/replicate_1/confirm_K5_i000312/transformer/d32/n256/seed1/DONE.json,1.4227544818611757,1.386183937594926,1.3749062794422358,1.3706369785438657,0.0578076111250671,0.0195298778046488,2.220248859725406,dataset_replication_project,1,3901805311.0,drive://dataset_realization_robustness_v1/datasets/replicate_1/confirm_K5_i000312.npz
done,confirm_K5_i000312,Transformer,32,2,256,26,1.3064085468649864,16,34,13448,cuda,1.4353748075664043,1.457028940320015,1.363960683345795,1.4076331034302711,drive://dataset_realization_robustness_v1/runs/replicate_1/confirm_K5_i000312/transformer/d32/n256/seed2/DONE.json,1.4227544818611757,1.386183937594926,1.3749062794422358,1.3706369785438657,0.0317739465893689,0.0369961248864054,0.5322915022853602,dataset_replication_project,1,2338428069.0,drive://dataset_realization_robustness_v1/datasets/replicate_1/confirm_K5_i000312.npz
done,confirm_K5_i000312,Transformer,32,3,256,25,1.4005094207823277,16,33,13448,cuda,1.3021008595824242,1.4618852213025093,1.3790785670280457,1.429780311882496,drive://dataset_realization_robustness_v1/runs/replicate_1/confirm_K5_i000312/transformer/d32/n256/seed3/DONE.json,1.4227544818611757,1.386183937594926,1.3749062794422358,1.3706369785438657,0.0943701844345687,0.0591433333386302,-2.449838234243753,dataset_replication_project,1,2545852694.0,drive://dataset_realization_robustness_v1/datasets/replicate_1/confirm_K5_i000312.npz
done,confirm_K5_i000312,Transformer,128,1,256,16,1.4126427695155144,16,24,201224,cuda,1.5093583390116692,1.470943219959736,1.3513461127877235,1.406009629368782,drive://dataset_realization_robustness_v1/runs/replicate_1/confirm_K5_i000312/transformer/d128/n256/seed1/DONE.json,1.4227544818611757,1.386183937594926,1.3749062794422358,1.3706369785438657,0.0461972749534393,0.0353726508249163,1.982994254610839,dataset_replication_project,1,2109980919.0,drive://dataset_realization_robustness_v1/datasets/replicate_1/confirm_K5_i000312.npz
done,confirm_K5_i000312,Transformer,128,2,256,34,1.397181373089552,16,42,201224,cuda,1.5033495649695396,1.3580807596445084,1.479719065129757,1.44693560898304,drive://dataset_realization_robustness_v1/runs/replicate_1/confirm_K5_i000312/transformer/d128/n256/seed2/DONE.json,1.4227544818611757,1.386183937594926,1.3749062794422358,1.3706369785438657,0.0541554571351827,0.0762986304391741,1.0824378067965272,dataset_replication_project,1,3479455442.0,drive://dataset_realization_robustness_v1/datasets/replicate_1/confirm_K5_i000312.npz
done,confirm_K5_i000312,Transformer,128,3,256,31,1.3700581677258017,16,39,201224,cuda,1.4116599410772324,1.401509776711464,1.4083744958043098,1.3917184695601463,drive://dataset_realization_robustness_v1/runs/replicate_1/confirm_K5_i000312/transformer/d128/n256/seed3/DONE.json,1.4227544818611757,1.386183937594926,1.3749062794422358,1.3706369785438657,0.0174775249677418,0.0210814910162806,0.3826252266090954,dataset_replication_project,1,3374874656.0,drive://dataset_realization_robustness_v1/datasets/replicate_1/confirm_K5_i000312.npz
done,confirm_K5_i000312,Transformer,256,1,256,8,1.406272903084755,16,16,795656,cuda,1.4724343568086624,1.4814266487956047,1.47357676923275,1.536402814090252,drive://dataset_realization_robustness_v1/runs/replicate_1/confirm_K5_i000312/transformer/d256/n256/seed1/DONE.json,1.4227544818611757,1.386183937594926,1.3749062794422358,1.3706369785438657,0.0757483444336399,0.1657658355463862,-1.2273891343590777,dataset_replication_project,1,2734264530.0,drive://dataset_realization_robustness_v1/datasets/replicate_1/confirm_K5_i000312.npz
done,confirm_K5_i000312,Transformer,256,2,256,33,1.3803900443017485,16,41,795656,cuda,1.371821455657482,1.4815373793244362,1.4194932505488396,1.4029537737369535,drive://dataset_realization_robustness_v1/runs/replicate_1/confirm_K5_i000312/transformer/d256/n256/seed2/DONE.json,1.4227544818611757,1.386183937594926,1.3749062794422358,1.3706369785438657,0.0525706876170135,0.032316795193088,-0.5973486083922112,dataset_replication_project,1,2706972137.0,drive://dataset_realization_robustness_v1/datasets/replicate_1/confirm_K5_i000312.npz
done,confirm_K5_i000312,Transformer,256,3,256,5,1.4247332885861397,16,13,795656,cuda,1.538749761879444,1.5074908882379532,1.48153455555439,1.5107328817248344,drive://dataset_realization_robustness_v1/runs/replicate_1/confirm_K5_i000312/transformer/d256/n256/seed3/DONE.json,1.4227544818611757,1.386183937594926,1.3749062794422358,1.3706369785438657,0.0226602451218028,0.1400959031809687,0.5375714178791889,dataset_replication_project,1,3910680635.0,drive://dataset_realization_robustness_v1/datasets/replicate_1/confirm_K5_i000312.npz
done,confirm_K5_i000834,GRU,8,1,256,48,1.617330577224493,16,48,576,cuda,1.6619218289852142,1.6263738945126534,1.6554503291845322,1.6329481601715088,drive://dataset_realization_robustness_v1/runs/replicate_1/confirm_K5_i000834/gru/d8/n256/seed1/DONE.json,1.5936006217124508,1.590645103631183,1.5902305696346928,1.5901675238694706,0.0173606130470402,0.0427806363020382,8.439511525414074,dataset_replication_project,1,3842179409.0,drive://dataset_realization_robustness_v1/datasets/replicate_1/confirm_K5_i000834.npz
done,confirm_K5_i000834,GRU,8,2,256,47,1.611066646873951,16,48,576,cuda,1.680541679263115,1.627815082669258,1.6314515694975853,1.6013494729995728,drive://dataset_realization_robustness_v1/runs/replicate_1/confirm_K5_i000834/gru/d8/n256/seed2/DONE.json,1.5936006217124508,1.590645103631183,1.5902305696346928,1.5901675238694706,0.0427702138646257,0.0111819491301021,23.06727331569365,dataset_replication_project,1,3041942869.0,drive://dataset_realization_robustness_v1/datasets/replicate_1/confirm_K5_i000834.npz
done,confirm_K5_i000834,GRU,8,3,256,48,1.629916686564684,16,48,576,cuda,1.6501901298761368,1.68088199198246,1.684625893831253,1.674943909049034,drive://dataset_realization_robustness_v1/runs/replicate_1/confirm_K5_i000834/gru/d8/n256/seed3/DONE.json,1.5936006217124508,1.590645103631183,1.5902305696346928,1.5901675238694706,0.0151396921914647,0.0847763851795635,-7.210333146639723,dataset_replication_project,1,2232195141.0,drive://dataset_realization_robustness_v1/datasets/replicate_1/confirm_K5_i000834.npz
done,confirm_K5_i000834,GRU,32,1,256,48,1.5893872641026974,16,48,6888,cuda,1.600921794772148,1.6244680359959602,1.6528696119785309,1.5518489331007004,drive://dataset_realization_robustness_v1/runs/replicate_1/confirm_K5_i000834/gru/d32/n256/seed1/DONE.json,1.5936006217124508,1.590645103631183,1.5902305696346928,1.5901675238694706,0.0661056561234484,-0.0383185907687702,14.2940469266815,dataset_replication_project,1,3400927798.0,drive://dataset_realization_robustness_v1/datasets/replicate_1/confirm_K5_i000834.npz
done,confirm_K5_i000834,GRU,32,2,256,43,1.5778561644256115,16,48,6888,cuda,1.6262347549200058,1.607884757220745,1.6037932261824608,1.5632736086845398,drive://dataset_realization_robustness_v1/runs/replicate_1/confirm_K5_i000834/gru/d32/n256/seed2/DONE.json,1.5936006217124508,1.590645103631183,1.5902305696346928,1.5901675238694706,0.0422140220618517,-0.0268939151849307,18.339455825357746,dataset_replication_project,1,2828923618.0,drive://dataset_realization_robustness_v1/datasets/replicate_1/confirm_K5_i000834.npz
done,confirm_K5_i000834,GRU,32,3,256,37,1.6127711683511734,16,45,6888,cuda,1.6025584042072296,1.5300585329532623,1.553616389632225,1.6080080047249794,drive://dataset_realization_robustness_v1/runs/replicate_1/confirm_K5_i000834/gru/d32/n256/seed3/DONE.json,1.5936006217124508,1.590645103631183,1.5902305696346928,1.5901675238694706,0.0479453199789931,0.0178404808555088,-1.5873711635958303,dataset_replication_project,1,2247155848.0,drive://dataset_realization_robustness_v1/datasets/replicate_1/confirm_K5_i000834.npz
done,confirm_K5_i000834,GRU,128,1,256,20,1.5777014791965485,16,28,101256,cuda,1.6238526329398155,1.6449492126703262,1.597259595990181,1.5854587629437449,drive://dataset_realization_robustness_v1/runs/replicate_1/confirm_K5_i000834/gru/d128/n256/seed1/DONE.json,1.5936006217124508,1.590645103631183,1.5902305696346928,1.5901675238694706,0.0347942166936184,-0.0047087609257259,11.183447647603936,dataset_replication_project,1,2119447522.0,drive://dataset_realization_robustness_v1/datasets/replicate_1/confirm_K5_i000834.npz
done,confirm_K5_i000834,GRU,128,2,256,16,1.616653222590685,16,24,101256,cuda,1.5949267968535423,1.638467364013195,1.604434534907341,1.5858766436576843,drive://dataset_realization_robustness_v1/runs/replicate_1/confirm_K5_i000834/gru/d128/n256/seed2/DONE.json,1.5936006217124508,1.590645103631183,1.5902305696346928,1.5901675238694706,0.027791140867547,-0.0042908802117862,2.636147762104503,dataset_replication_project,1,2459678452.0,drive://dataset_realization_robustness_v1/datasets/replicate_1/confirm_K5_i000834.npz
done,confirm_K5_i000834,GRU,128,3,256,17,1.580298975110054,16,25,101256,cuda,1.6145449951291084,1.6008541285991669,1.628724254667759,1.5461549535393715,drive://dataset_realization_robustness_v1/runs/replicate_1/confirm_K5_i000834/gru/d128/n256/seed3/DONE.json,1.5936006217124508,1.590645103631183,1.5902305696346928,1.5901675238694706,0.0590903293941577,-0.044012570330099,19.92079594514829,dataset_replication_project,1,3127633606.0,drive://dataset_realization_robustness_v1/datasets/replicate_1/confirm_K5_i000834.npz
done,confirm_K5_i000834,GRU,256,1,256,18,1.6046763733029366,16,26,399112,cuda,1.625842921435833,1.6311523914337158,1.5675446316599846,1.616739310324192,drive://dataset_realization_robustness_v1/runs/replicate_1/confirm_K5_i000834/gru/d256/n256/seed1/DONE.json,1.5936006217124508,1.590645103631183,1.5902305696346928,1.5901675238694706,0.0257520695018407,0.0265717864547214,2.651719096866265,dataset_replication_project,1,3915785493.0,drive://dataset_realization_robustness_v1/datasets/replicate_1/confirm_K5_i000834.npz
done,confirm_K5_i000834,GRU,256,2,256,18,1.620859194546938,16,26,399112,cuda,1.7026839852333069,1.5924396887421608,1.6034390032291412,1.650376878678799,drive://dataset_realization_robustness_v1/runs/replicate_1/confirm_K5_i000834/gru/d256/n256/seed2/DONE.json,1.5936006217124508,1.590645103631183,1.5902305696346928,1.5901675238694706,0.0447494151958803,0.0602093548093281,15.23612461598292,dataset_replication_project,1,2787160950.0,drive://dataset_realization_robustness_v1/datasets/replicate_1/confirm_K5_i000834.npz
done,confirm_K5_i000834,GRU,256,3,256,11,1.6291999965906143,16,19,399112,cuda,1.6769286468625069,1.618822030723095,1.6393598318099976,1.615206815302372,drive://dataset_realization_robustness_v1/runs/replicate_1/confirm_K5_i000834/gru/d256/n256/seed3/DONE.json,1.5936006217124508,1.590645103631183,1.5902305696346928,1.5901675238694706,0.0315743088849459,0.0250392914329014,17.978465625831333,dataset_replication_project,1,2249496559.0,drive://dataset_realization_robustness_v1/datasets/replicate_1/confirm_K5_i000834.npz
done,confirm_K5_i000834,Transformer,8,1,256,48,1.641421340405941,16,48,1064,cuda,1.6732159182429314,1.6294323354959488,1.6288738027215004,1.6142129227519035,drive://dataset_realization_robustness_v1/runs/replicate_1/confirm_K5_i000834/transformer/d8/n256/seed1/DONE.json,1.5936006217124508,1.590645103631183,1.5902305696346928,1.5901675238694706,0.0296581857492661,0.0240453988824329,17.186517305842028,dataset_replication_project,1,3397563527.0,drive://dataset_realization_robustness_v1/datasets/replicate_1/confirm_K5_i000834.npz
done,confirm_K5_i000834,Transformer,8,2,256,48,1.658787626773119,16,48,1064,cuda,1.594169333577156,1.6039051711559296,1.7151550203561785,1.6810399889945984,drive://dataset_realization_robustness_v1/runs/replicate_1/confirm_K5_i000834/transformer/d8/n256/seed2/DONE.json,1.5936006217124508,1.590645103631183,1.5902305696346928,1.5901675238694706,0.0619233191884396,0.0908724651251278,-25.303868223584388,dataset_replication_project,1,3359377218.0,drive://dataset_realization_robustness_v1/datasets/replicate_1/confirm_K5_i000834.npz
done,confirm_K5_i000834,Transformer,8,3,256,45,1.5600009374320507,16,48,1064,cuda,1.6011612713336945,1.5735524520277977,1.6491953805088997,1.6198590099811554,drive://dataset_realization_robustness_v1/runs/replicate_1/confirm_K5_i000834/transformer/d8/n256/seed3/DONE.json,1.5936006217124508,1.590645103631183,1.5902305696346928,1.5901675238694706,0.0297298545580086,0.0296914861116848,-5.44631685510889,dataset_replication_project,1,2211288428.0,drive://dataset_realization_robustness_v1/datasets/replicate_1/confirm_K5_i000834.npz
done,confirm_K5_i000834,Transformer,32,1,256,12,1.6179100573062897,16,20,13448,cuda,1.6055663004517555,1.595557413995266,1.6253328919410706,1.634983740746975,drive://dataset_realization_robustness_v1/runs/replicate_1/confirm_K5_i000834/transformer/d32/n256/seed1/DONE.json,1.5936006217124508,1.590645103631183,1.5902305696346928,1.5901675238694706,0.0262956239645504,0.0448162168775043,-8.568774221034992,dataset_replication_project,1,3424897004.0,drive://dataset_realization_robustness_v1/datasets/replicate_1/confirm_K5_i000834.npz
done,confirm_K5_i000834,Transformer,32,2,256,17,1.6064993478357792,16,25,13448,cuda,1.5869190245866776,1.5780774354934692,1.6550847440958023,1.6409024745225906,drive://dataset_realization_robustness_v1/runs/replicate_1/confirm_K5_i000834/transformer/d32/n256/seed2/DONE.json,1.5936006217124508,1.590645103631183,1.5902305696346928,1.5901675238694706,0.0433106048952322,0.05073495065312,-15.72441346124044,dataset_replication_project,1,3740498169.0,drive://dataset_realization_robustness_v1/datasets/replicate_1/confirm_K5_i000834.npz
done,confirm_K5_i000834,Transformer,32,3,256,34,1.5963478535413742,16,42,13448,cuda,1.615071326494217,1.562351033091545,1.6171957775950432,1.6116823703050611,drive://dataset_realization_robustness_v1/runs/replicate_1/confirm_K5_i000834/transformer/d32/n256/seed3/DONE.json,1.5936006217124508,1.590645103631183,1.5902305696346928,1.5901675238694706,0.0250531265488032,0.0215148464355907,0.9871423257234392,dataset_replication_project,1,3475269104.0,drive://dataset_realization_robustness_v1/datasets/replicate_1/confirm_K5_i000834.npz
done,confirm_K5_i000834,Transformer,128,1,256,14,1.58384720236063,16,22,201224,cuda,1.59074704349041,1.582528591156006,1.6546963080763817,1.541932001709938,drive://dataset_realization_robustness_v1/runs/replicate_1/confirm_K5_i000834/transformer/d128/n256/seed1/DONE.json,1.5936006217124508,1.590645103631183,1.5902305696346928,1.5901675238694706,0.0639738812225416,-0.0482355221595325,14.218948603601914,dataset_replication_project,1,2506974421.0,drive://dataset_realization_robustness_v1/datasets/replicate_1/confirm_K5_i000834.npz
done,confirm_K5_i000834,Transformer,128,2,256,13,1.6161521412432194,16,21,201224,cuda,1.61127170920372,1.614835225045681,1.636603221297264,1.583718404173851,drive://dataset_realization_robustness_v1/runs/replicate_1/confirm_K5_i000834/transformer/d128/n256/seed2/DONE.json,1.5936006217124508,1.590645103631183,1.5902305696346928,1.5901675238694706,0.0328279112188064,-0.0064491196956195,8.025784958680578,dataset_replication_project,1,2863889136.0,drive://dataset_realization_robustness_v1/datasets/replicate_1/confirm_K5_i000834.npz
done,confirm_K5_i000834,Transformer,128,3,256,11,1.639753121882677,16,19,201224,cuda,1.6659314781427383,1.645254246890545,1.6164236813783646,1.5705832466483116,drive://dataset_realization_robustness_v1/runs/replicate_1/confirm_K5_i000834/transformer/d128/n256/seed3/DONE.json,1.5936006217124508,1.590645103631183,1.5902305696346928,1.5901675238694706,0.0633415834527367,-0.0195842772211589,27.7732345116204,dataset_replication_project,1,2573497958.0,drive://dataset_realization_robustness_v1/datasets/replicate_1/confirm_K5_i000834.npz
done,confirm_K5_i000834,Transformer,256,1,256,20,1.6441497057676315,16,28,795656,cuda,1.619076058268547,1.6054930686950684,1.6539423242211342,1.5617383122444153,drive://dataset_realization_robustness_v1/runs/replicate_1/confirm_K5_i000834/transformer/d256/n256/seed1/DONE.json,1.5936006217124508,1.590645103631183,1.5902305696346928,1.5901675238694706,0.0575946672272869,-0.0284292116250552,16.70145991946399,dataset_replication_project,1,3380071864.0,drive://dataset_realization_robustness_v1/datasets/replicate_1/confirm_K5_i000834.npz
done,confirm_K5_i000834,Transformer,256,2,256,30,1.6385086923837662,16,38,795656,cuda,1.5940835252404213,1.586794674396515,1.6078841984272003,1.674132488667965,drive://dataset_realization_robustness_v1/runs/replicate_1/confirm_K5_i000834/transformer/d256/n256/seed2/DONE.json,1.5936006217124508,1.590645103631183,1.5902305696346928,1.5901675238694706,0.0690615509275493,0.0839649647984943,-23.31683135428941,dataset_replication_project,1,3180132542.0,drive://dataset_realization_robustness_v1/datasets/replicate_1/confirm_K5_i000834.npz
done,confirm_K5_i000834,Transformer,256,3,256,13,1.5717965178191662,16,21,795656,cuda,1.6052348613739014,1.6020199730992315,1.5667619481682775,1.6473985239863396,drive://dataset_realization_robustness_v1/runs/replicate_1/confirm_K5_i000834/transformer/d256/n256/seed3/DONE.json,1.5936006217124508,1.590645103631183,1.5902305696346928,1.5901675238694706,0.0517065716466382,0.0572310001168689,-12.281520813236432,dataset_replication_project,1,3249638107.0,drive://dataset_realization_robustness_v1/datasets/replicate_1/confirm_K5_i000834.npz
done,confirm_K5_i001133,GRU,8,1,256,25,2.0213343612849712,16,33,576,cuda,2.0117464810609818,2.014900013804436,2.038261890411377,2.013856552541256,drive://dataset_realization_robustness_v1/runs/replicate_1/confirm_K5_i001133/gru/d8/n256/seed1/DONE.json,1.9961229025123617,1.9957124017581005,1.9956758346947976,1.9956723245790915,0.0122781605177199,0.0181842279621644,-4.683033332235752,dataset_replication_project,1,2034570886.0,drive://dataset_realization_robustness_v1/datasets/replicate_1/confirm_K5_i001133.npz
done,confirm_K5_i001133,GRU,8,2,256,47,1.99844241887331,16,48,576,cuda,2.023436777293682,2.004699282348156,2.0257554054260254,2.00946407020092,drive://dataset_realization_robustness_v1/runs/replicate_1/confirm_K5_i001133/gru/d8/n256/seed2/DONE.json,1.9961229025123617,1.9957124017581005,1.9956758346947976,1.9956723245790915,0.0108538927552964,0.0137917456218286,31.010633368907577,dataset_replication_project,1,3851689628.0,drive://dataset_realization_robustness_v1/datasets/replicate_1/confirm_K5_i001133.npz
done,confirm_K5_i001133,GRU,8,3,256,48,1.999956913292408,16,48,576,cuda,2.012557700276375,1.9916317909955976,2.010668106377125,1.97665361315012,drive://dataset_realization_robustness_v1/runs/replicate_1/confirm_K5_i001133/gru/d8/n256/seed3/DONE.json,1.9961229025123617,1.9957124017581005,1.9956758346947976,1.9956723245790915,0.0256751102130822,-0.0190187114289717,79.68452175558495,dataset_replication_project,1,3176034203.0,drive://dataset_realization_robustness_v1/datasets/replicate_1/confirm_K5_i001133.npz
done,confirm_K5_i001133,GRU,32,1,256,10,2.015138268470764,16,18,6888,cuda,2.0306133404374123,2.018737256526947,1.9955799281597135,1.9734209850430489,drive://dataset_realization_robustness_v1/runs/replicate_1/confirm_K5_i001133/gru/d32/n256/seed1/DONE.json,1.9961229025123617,1.9957124017581005,1.9956758346947976,1.9956723245790915,0.0379487361174199,-0.0222513395360426,126.9311059671175,dataset_replication_project,1,2148549725.0,drive://dataset_realization_robustness_v1/datasets/replicate_1/confirm_K5_i001133.npz
done,confirm_K5_i001133,GRU,32,2,256,22,1.9984087347984316,16,30,6888,cuda,1.9915533438324928,2.0383117273449898,2.0042358934879303,1.9946459382772448,drive://dataset_realization_robustness_v1/runs/replicate_1/confirm_K5_i001133/gru/d32/n256/seed2/DONE.json,1.9961229025123617,1.9957124017581005,1.9956758346947976,1.9956723245790915,0.022403441353163,-0.0010263863018469,-6.863617182284984,dataset_replication_project,1,3291122996.0,drive://dataset_realization_robustness_v1/datasets/replicate_1/confirm_K5_i001133.npz
done,confirm_K5_i001133,GRU,32,3,256,22,2.010724078863859,16,30,6888,cuda,2.001392595469952,1.996347077190876,2.0152446404099464,1.987000733613968,drive://dataset_realization_robustness_v1/runs/replicate_1/confirm_K5_i001133/gru/d32/n256/seed3/DONE.json,1.9961229025123617,1.9957124017581005,1.9956758346947976,1.9956723245790915,0.0164201552698316,-0.0086715909651235,31.940893668562317,dataset_replication_project,1,3826281987.0,drive://dataset_realization_robustness_v1/datasets/replicate_1/confirm_K5_i001133.npz
done,confirm_K5_i001133,GRU,128,1,256,13,2.0205510929226875,16,21,101256,cuda,1.997984193265438,2.020655706524849,2.0067710503935814,2.0107683539390564,drive://dataset_realization_robustness_v1/runs/replicate_1/confirm_K5_i001133/gru/d128/n256/seed1/DONE.json,1.9961229025123617,1.9957124017581005,1.9956758346947976,1.9956723245790915,0.0084872499798403,0.0150960293599649,-28.372806854596323,dataset_replication_project,1,3931920233.0,drive://dataset_realization_robustness_v1/datasets/replicate_1/confirm_K5_i001133.npz
done,confirm_K5_i001133,GRU,128,2,256,16,2.0192152187228203,16,24,101256,cuda,2.0282314717769623,2.014431945979595,2.0335526540875435,2.013992853462696,drive://dataset_realization_robustness_v1/runs/replicate_1/confirm_K5_i001133/gru/d128/n256/seed2/DONE.json,1.9961229025123617,1.9957124017581005,1.9956758346947976,1.9956723245790915,0.0119657612510213,0.0183205288836045,31.600789259530732,dataset_replication_project,1,3758844266.0,drive://dataset_realization_robustness_v1/datasets/replicate_1/confirm_K5_i001133.npz
done,confirm_K5_i001133,GRU,128,3,256,22,2.0126839578151703,16,30,101256,cuda,2.036693647503853,2.012290857732296,2.006738469004631,2.031587339937687,drive://dataset_realization_robustness_v1/runs/replicate_1/confirm_K5_i001133/gru/d128/n256/seed3/DONE.json,1.9961229025123617,1.9957124017581005,1.9956758346947976,1.9956723245790915,0.0159155520720607,0.0359150153585954,11.332795481362169,dataset_replication_project,1,3442575107.0,drive://dataset_realization_robustness_v1/datasets/replicate_1/confirm_K5_i001133.npz
done,confirm_K5_i001133,GRU,256,1,256,10,2.0152530260384083,16,18,399112,cuda,2.0247652381658554,2.049484468996525,2.02470850199461,2.006280764937401,drive://dataset_realization_robustness_v1/runs/replicate_1/confirm_K5_i001133/gru/d256/n256/seed1/DONE.json,1.9961229025123617,1.9957124017581005,1.9956758346947976,1.9956723245790915,0.0251384774964369,0.0106084403583093,41.02392031118465,dataset_replication_project,1,3733655411.0,drive://dataset_realization_robustness_v1/datasets/replicate_1/confirm_K5_i001133.npz
done,confirm_K5_i001133,GRU,256,2,256,6,2.0222916677594185,16,14,399112,cuda,2.000376813113689,2.0288959220051765,2.095873586833477,2.0997834727168083,drive://dataset_realization_robustness_v1/runs/replicate_1/confirm_K5_i001133/gru/d256/n256/seed2/DONE.json,1.9961229025123617,1.9957124017581005,1.9956758346947976,1.9956723245790915,0.0612729772306628,0.1041111481377168,-220.62034614444664,dataset_replication_project,1,3171085307.0,drive://dataset_realization_robustness_v1/datasets/replicate_1/confirm_K5_i001133.npz
done,confirm_K5_i001133,GRU,256,3,256,12,2.025964107364416,16,20,399112,cuda,2.010436423122883,2.023092657327652,2.0415369793772697,1.9911823347210884,drive://dataset_realization_robustness_v1/runs/replicate_1/confirm_K5_i001133/gru/d256/n256/seed3/DONE.json,1.9961229025123617,1.9957124017581005,1.9956758346947976,1.9956723245790915,0.0312430844310605,-0.004489989858003,42.73198259411572,dataset_replication_project,1,3012449328.0,drive://dataset_realization_robustness_v1/datasets/replicate_1/confirm_K5_i001133.npz
done,confirm_K5_i001133,Transformer,8,1,256,43,2.021659217774868,16,48,1064,cuda,2.013951249420643,2.03937865793705,2.013657741248608,2.0454051196575165,drive://dataset_realization_robustness_v1/runs/replicate_1/confirm_K5_i001133/transformer/d8/n256/seed1/DONE.json,1.9961229025123617,1.9957124017581005,1.9956758346947976,1.9956723245790915,0.0227091150717215,0.0497327950784249,-69.80783548050984,dataset_replication_project,1,3393485493.0,drive://dataset_realization_robustness_v1/datasets/replicate_1/confirm_K5_i001133.npz
done,confirm_K5_i001133,Transformer,8,2,256,18,2.018398594111204,16,26,1064,cuda,2.0074760392308235,2.042001597583294,2.0076918974518776,2.021240673959255,drive://dataset_realization_robustness_v1/runs/replicate_1/confirm_K5_i001133/transformer/d8/n256/seed2/DONE.json,1.9961229025123617,1.9957124017581005,1.9956758346947976,1.9956723245790915,0.014274892478843,0.0255683493801637,-30.548843412128843,dataset_replication_project,1,2124273063.0,drive://dataset_realization_robustness_v1/datasets/replicate_1/confirm_K5_i001133.npz
done,confirm_K5_i001133,Transformer,8,3,256,44,2.001995325088501,16,48,1064,cuda,2.003914512693882,2.014891527593136,2.0242296010255814,2.029859736561775,drive://dataset_realization_robustness_v1/runs/replicate_1/confirm_K5_i001133/transformer/d8/n256/seed3/DONE.json,1.9961229025123617,1.9957124017581005,1.9956758346947976,1.9956723245790915,0.0154412189378556,0.0341874119826837,-57.58210056934825,dataset_replication_project,1,4003560808.0,drive://dataset_realization_robustness_v1/datasets/replicate_1/confirm_K5_i001133.npz
done,confirm_K5_i001133,Transformer,32,1,256,19,2.012285728007555,16,27,13448,cuda,2.0285408943891525,1.9958270862698555,2.017339773476124,2.00802730768919,drive://dataset_realization_robustness_v1/runs/replicate_1/confirm_K5_i001133/transformer/d32/n256/seed1/DONE.json,1.9961229025123617,1.9957124017581005,1.9956758346947976,1.9956723245790915,0.0126392828736233,0.0123549831100984,45.52727771437834,dataset_replication_project,1,2772536533.0,drive://dataset_realization_robustness_v1/datasets/replicate_1/confirm_K5_i001133.npz
done,confirm_K5_i001133,Transformer,32,2,256,12,1.993225410580635,16,20,13448,cuda,2.0251581892371178,2.0083259493112564,2.055781975388527,2.0254222452640533,drive://dataset_realization_robustness_v1/runs/replicate_1/confirm_K5_i001133/transformer/d32/n256/seed2/DONE.json,1.9961229025123617,1.9957124017581005,1.9956758346947976,1.9956723245790915,0.0174332016496558,0.0297499206849618,-0.5860385239443919,dataset_replication_project,1,3035158568.0,drive://dataset_realization_robustness_v1/datasets/replicate_1/confirm_K5_i001133.npz
done,confirm_K5_i001133,Transformer,32,3,256,7,2.033670160919428,16,15,13448,cuda,2.0483672246336937,2.007272936403752,2.0022655054926872,1.998119480907917,drive://dataset_realization_robustness_v1/runs/replicate_1/confirm_K5_i001133/transformer/d32/n256/seed3/DONE.json,1.9961229025123617,1.9957124017581005,1.9956758346947976,1.9956723245790915,0.0253967114575803,0.0024471563288255,111.51843003293595,dataset_replication_project,1,2483548267.0,drive://dataset_realization_robustness_v1/datasets/replicate_1/confirm_K5_i001133.npz
done,confirm_K5_i001133,Transformer,128,1,256,34,2.006976194679737,16,42,201224,cuda,2.055379532277584,2.038731105625629,2.0562410727143288,1.989680990576744,drive://dataset_realization_robustness_v1/runs/replicate_1/confirm_K5_i001133/transformer/d128/n256/seed1/DONE.json,1.9961229025123617,1.9957124017581005,1.9956758346947976,1.9956723245790915,0.0526522978300195,-0.0059913340023474,145.80949675900706,dataset_replication_project,1,3822124832.0,drive://dataset_realization_robustness_v1/datasets/replicate_1/confirm_K5_i001133.npz
done,confirm_K5_i001133,Transformer,128,2,256,15,2.017481837421656,16,23,201224,cuda,1.997508719563484,2.01867463439703,2.017743319272995,2.0616223216056824,drive://dataset_realization_robustness_v1/runs/replicate_1/confirm_K5_i001133/transformer/d128/n256/seed2/DONE.json,1.9961229025123617,1.9957124017581005,1.9956758346947976,1.9956723245790915,0.0445593876801992,0.0659499970265908,-142.29192623099942,dataset_replication_project,1,3138309681.0,drive://dataset_realization_robustness_v1/datasets/replicate_1/confirm_K5_i001133.npz
done,confirm_K5_i001133,Transformer,128,3,256,45,2.0163340345025063,16,48,201224,cuda,1.9947134628891945,1.984000198543072,2.001742303371429,1.9937699213624,drive://dataset_realization_robustness_v1/runs/replicate_1/confirm_K5_i001133/transformer/d128/n256/seed3/DONE.json,1.9961229025123617,1.9957124017581005,1.9956758346947976,1.9956723245790915,0.0063241226340915,-0.0019024032166914,2.094069542967687,dataset_replication_project,1,3668736899.0,drive://dataset_realization_robustness_v1/datasets/replicate_1/confirm_K5_i001133.npz
done,confirm_K5_i001133,Transformer,256,1,256,19,1.9889509230852127,16,27,795656,cuda,2.0308174192905426,2.0073045566678047,2.04082740098238,2.083761006593704,drive://dataset_realization_robustness_v1/runs/replicate_1/confirm_K5_i001133/transformer/d256/n256/seed1/DONE.json,1.9961229025123617,1.9957124017581005,1.9956758346947976,1.9956723245790915,0.0513474718154744,0.0880886820146127,-117.50150949228528,dataset_replication_project,1,3391648883.0,drive://dataset_realization_robustness_v1/datasets/replicate_1/confirm_K5_i001133.npz
done,confirm_K5_i001133,Transformer,256,2,256,22,2.0269143134355545,16,30,795656,cuda,2.001167550683021,2.006664343178272,2.019316099584102,1.989890143275261,drive://dataset_realization_robustness_v1/runs/replicate_1/confirm_K5_i001133/transformer/d256/n256/seed2/DONE.json,1.9961229025123617,1.9957124017581005,1.9956758346947976,1.9956723245790915,0.017768873344979,-0.0057821813038305,25.02876100902633,dataset_replication_project,1,3443807645.0,drive://dataset_realization_robustness_v1/datasets/replicate_1/confirm_K5_i001133.npz
done,confirm_K5_i001133,Transformer,256,3,256,23,2.011413127183914,16,31,795656,cuda,2.0461510643363,2.008403182029724,2.024090237915516,2.017885774374008,drive://dataset_realization_robustness_v1/runs/replicate_1/confirm_K5_i001133/transformer/d256/n256/seed3/DONE.json,1.9961229025123617,1.9957124017581005,1.9956758346947976,1.9956723245790915,0.0150232425219741,0.0222134497949166,62.73119004552387,dataset_replication_project,1,3975157951.0,drive://dataset_realization_robustness_v1/datasets/replicate_1/confirm_K5_i001133.npz
done,confirm_K6_i000105,GRU,8,1,256,48,1.6766839660704136,16,48,576,cuda,1.6659526228904724,1.6511971950531006,1.7348660603165629,1.6589948013424871,drive://dataset_realization_robustness_v1/runs/replicate_1/confirm_K6_i000105/gru/d8/n256/seed1/DONE.json,1.665917028461244,1.6649296774886695,1.664889762841668,1.6648880569181927,0.0382517771490399,-0.0058932555757054,6.761918339698156,dataset_replication_project,1,3666631550.0,drive://dataset_realization_robustness_v1/datasets/replicate_1/confirm_K6_i000105.npz
done,confirm_K6_i000105,GRU,8,2,256,48,1.7048645094037056,16,48,576,cuda,1.7376212775707245,1.6452944725751877,1.68085565418005,1.7543363347649574,drive://dataset_realization_robustness_v1/runs/replicate_1/confirm_K6_i000105/gru/d8/n256/seed2/DONE.json,1.665917028461244,1.6649296774886695,1.664889762841668,1.6648880569181927,0.0663583414008779,0.0894482778467646,-16.24443096324001,dataset_replication_project,1,2356379288.0,drive://dataset_realization_robustness_v1/datasets/replicate_1/confirm_K6_i000105.npz
done,confirm_K6_i000105,GRU,8,3,256,48,1.6621300466358662,16,48,576,cuda,1.695306532084942,1.6867918595671654,1.6549950391054151,1.7370608672499657,drive://dataset_realization_robustness_v1/runs/replicate_1/confirm_K6_i000105/gru/d8/n256/seed3/DONE.json,1.665917028461244,1.6649296774886695,1.664889762841668,1.6648880569181927,0.0526703208555899,0.0721728103317729,-40.57870739671975,dataset_replication_project,1,3045548687.0,drive://dataset_realization_robustness_v1/datasets/replicate_1/confirm_K6_i000105.npz
done,confirm_K6_i000105,GRU,32,1,256,36,1.659293755888939,16,44,6888,cuda,1.6264552474021912,1.718830145895481,1.7092868760228157,1.6254550144076347,drive://dataset_realization_robustness_v1/runs/replicate_1/confirm_K6_i000105/gru/d32/n256/seed1/DONE.json,1.665917028461244,1.6649296774886695,1.664889762841668,1.6648880569181927,0.0627268684244689,-0.039433042510558,0.9720706090573646,dataset_replication_project,1,2786222372.0,drive://dataset_realization_robustness_v1/datasets/replicate_1/confirm_K6_i000105.npz
done,confirm_K6_i000105,GRU,32,2,256,42,1.674060955643654,16,48,6888,cuda,1.6954544335603714,1.661600410938263,1.66969246417284,1.6618894264101982,drive://dataset_realization_robustness_v1/runs/replicate_1/confirm_K6_i000105/gru/d32/n256/seed2/DONE.json,1.665917028461244,1.6649296774886695,1.664889762841668,1.6648880569181927,0.0167299410615014,-0.0029986305079945,32.61995667114839,dataset_replication_project,1,2642798858.0,drive://dataset_realization_robustness_v1/datasets/replicate_1/confirm_K6_i000105.npz
done,confirm_K6_i000105,GRU,32,3,256,30,1.7114981189370155,16,38,6888,cuda,1.6616743430495262,1.6989465653896332,1.7282346189022064,1.6617000848054886,drive://dataset_realization_robustness_v1/runs/replicate_1/confirm_K6_i000105/gru/d32/n256/seed3/DONE.json,1.665917028461244,1.6649296774886695,1.664889762841668,1.6648880569181927,0.0381180116661073,-0.0031879721127041,-0.025016975577421,dataset_replication_project,1,2676882802.0,drive://dataset_realization_robustness_v1/datasets/replicate_1/confirm_K6_i000105.npz
done,confirm_K6_i000105,GRU,128,1,256,25,1.6561664938926697,16,33,101256,cuda,1.6627071797847748,1.712619662284851,1.630692422389984,1.6633675768971443,drive://dataset_realization_robustness_v1/runs/replicate_1/confirm_K6_i000105/gru/d128/n256/seed1/DONE.json,1.665917028461244,1.6649296774886695,1.664889762841668,1.6648880569181927,0.0295478468825774,-0.0015204800210484,-0.6418030866153017,dataset_replication_project,1,2139666810.0,drive://dataset_realization_robustness_v1/datasets/replicate_1/confirm_K6_i000105.npz
done,confirm_K6_i000105,GRU,128,2,256,6,1.7015324048697948,16,14,101256,cuda,1.678869515657425,1.6701127961277962,1.6951753497123718,1.74308430403471,drive://dataset_realization_robustness_v1/runs/replicate_1/confirm_K6_i000105/gru/d128/n256/seed2/DONE.json,1.665917028461244,1.6649296774886695,1.664889762841668,1.6648880569181927,0.0545048082828206,0.0781962471165171,-62.40676801116641,dataset_replication_project,1,2165405613.0,drive://dataset_realization_robustness_v1/datasets/replicate_1/confirm_K6_i000105.npz
done,confirm_K6_i000105,GRU,128,3,256,22,1.7158966958522797,16,30,101256,cuda,1.6326282024383545,1.721479348838329,1.7211890891194344,1.698077730834484,drive://dataset_realization_robustness_v1/runs/replicate_1/confirm_K6_i000105/gru/d128/n256/seed3/DONE.json,1.665917028461244,1.6649296774886695,1.664889762841668,1.6648880569181927,0.0370780813504382,0.0331896739162913,-63.60674290569391,dataset_replication_project,1,3729494285.0,drive://dataset_realization_robustness_v1/datasets/replicate_1/confirm_K6_i000105.npz
done,confirm_K6_i000105,GRU,256,1,256,35,1.6677556447684765,16,43,399112,cuda,1.6588179469108582,1.657339230179787,1.6770720407366753,1.689765281975269,drive://dataset_realization_robustness_v1/runs/replicate_1/confirm_K6_i000105/gru/d256/n256/seed1/DONE.json,1.665917028461244,1.6649296774886695,1.664889762841668,1.6648880569181927,0.0236526722410251,0.0248772250570765,-30.07598730344363,dataset_replication_project,1,2497098354.0,drive://dataset_realization_robustness_v1/datasets/replicate_1/confirm_K6_i000105.npz
done,confirm_K6_i000105,GRU,256,2,256,19,1.6974830999970436,16,27,399112,cuda,1.6697331964969635,1.668151170015335,1.6667111590504646,1.7126922830939293,drive://dataset_realization_robustness_v1/runs/replicate_1/confirm_K6_i000105/gru/d256/n256/seed2/DONE.json,1.665917028461244,1.6649296774886695,1.664889762841668,1.6648880569181927,0.0388490348989585,0.0478042261757365,-41.74953805775981,dataset_replication_project,1,2295192387.0,drive://dataset_realization_robustness_v1/datasets/replicate_1/confirm_K6_i000105.npz
done,confirm_K6_i000105,GRU,256,3,256,16,1.684447929263115,16,24,399112,cuda,1.7105762958526611,1.7098779678344729,1.6159121096134186,1.6700340285897255,drive://dataset_realization_robustness_v1/runs/replicate_1/confirm_K6_i000105/gru/d256/n256/seed3/DONE.json,1.665917028461244,1.6649296774886695,1.664889762841668,1.6648880569181927,0.038970796382636,0.0051459716715327,39.40076626678909,dataset_replication_project,1,3723318196.0,drive://dataset_realization_robustness_v1/datasets/replicate_1/confirm_K6_i000105.npz
done,confirm_K6_i000105,Transformer,8,1,256,32,1.6532076336443424,16,40,1064,cuda,1.6117040067911148,1.670700155198574,1.6680269241333008,1.6811934486031532,drive://dataset_realization_robustness_v1/runs/replicate_1/confirm_K6_i000105/transformer/d8/n256/seed1/DONE.json,1.665917028461244,1.6649296774886695,1.664889762841668,1.6648880569181927,0.0362533906216813,0.0163053916849604,-67.53290922505538,dataset_replication_project,1,3926494089.0,drive://dataset_realization_robustness_v1/datasets/replicate_1/confirm_K6_i000105.npz
done,confirm_K6_i000105,Transformer,8,2,256,47,1.6538093127310276,16,48,1064,cuda,1.6930845454335213,1.6589885503053663,1.7173957973718643,1.7430237531661987,drive://dataset_realization_robustness_v1/runs/replicate_1/confirm_K6_i000105/transformer/d8/n256/seed2/DONE.json,1.665917028461244,1.6649296774886695,1.664889762841668,1.6648880569181927,0.0508024288217395,0.0781356962480059,-48.53312812188726,dataset_replication_project,1,2992759708.0,drive://dataset_realization_robustness_v1/datasets/replicate_1/confirm_K6_i000105.npz
done,confirm_K6_i000105,Transformer,8,3,256,19,1.7137476243078709,16,27,1064,cuda,1.6935542821884155,1.6308343335986135,1.6562551632523537,1.621238261461258,drive://dataset_realization_robustness_v1/runs/replicate_1/confirm_K6_i000105/transformer/d8/n256/seed3/DONE.json,1.665917028461244,1.6649296774886695,1.664889762841668,1.6648880569181927,0.0399974838826421,-0.0436497954569348,70.27990347791652,dataset_replication_project,1,4011764085.0,drive://dataset_realization_robustness_v1/datasets/replicate_1/confirm_K6_i000105.npz
done,confirm_K6_i000105,Transformer,32,1,256,21,1.653599090874195,16,29,13448,cuda,1.715279683470726,1.684150405228138,1.7131686881184578,1.66447351872921,drive://dataset_realization_robustness_v1/runs/replicate_1/confirm_K6_i000105/transformer/d32/n256/seed1/DONE.json,1.665917028461244,1.6649296774886695,1.664889762841668,1.6648880569181927,0.0361744592740888,-0.0004145381889828,49.37567524060341,dataset_replication_project,1,3044901221.0,drive://dataset_realization_robustness_v1/datasets/replicate_1/confirm_K6_i000105.npz
done,confirm_K6_i000105,Transformer,32,2,256,35,1.689254242926836,16,43,13448,cuda,1.639237754046917,1.6933453977108002,1.7226689234375954,1.6919546723365784,drive://dataset_realization_robustness_v1/runs/replicate_1/confirm_K6_i000105/transformer/d32/n256/seed2/DONE.json,1.665917028461244,1.6649296774886695,1.664889762841668,1.6648880569181927,0.0309584446838181,0.0270666154183856,-51.23262994556973,dataset_replication_project,1,2099248218.0,drive://dataset_realization_robustness_v1/datasets/replicate_1/confirm_K6_i000105.npz
done,confirm_K6_i000105,Transformer,32,3,256,17,1.651482120156288,16,25,13448,cuda,1.7004884704947472,1.694756381213665,1.6352744325995443,1.6392713487148285,drive://dataset_realization_robustness_v1/runs/replicate_1/confirm_K6_i000105/transformer/d32/n256/seed3/DONE.json,1.665917028461244,1.6649296774886695,1.664889762841668,1.6648880569181927,0.040965150840081,-0.0256167082033642,59.493503190958144,dataset_replication_project,1,3461362517.0,drive://dataset_realization_robustness_v1/datasets/replicate_1/confirm_K6_i000105.npz
done,confirm_K6_i000105,Transformer,128,1,256,9,1.732205905020237,16,17,201224,cuda,1.724189855158329,1.645893856883049,1.7031607627868652,1.7042822763323784,drive://dataset_realization_robustness_v1/runs/replicate_1/confirm_K6_i000105/transformer/d128/n256/seed1/DONE.json,1.665917028461244,1.6649296774886695,1.664889762841668,1.6648880569181927,0.0307072182541564,0.0393942194141856,19.347064513484835,dataset_replication_project,1,3045648240.0,drive://dataset_realization_robustness_v1/datasets/replicate_1/confirm_K6_i000105.npz
done,confirm_K6_i000105,Transformer,128,2,256,18,1.6803200505673883,16,26,201224,cuda,1.6616102010011673,1.759634092450142,1.7142658904194832,1.6415192261338234,drive://dataset_realization_robustness_v1/runs/replicate_1/confirm_K6_i000105/transformer/d128/n256/seed2/DONE.json,1.665917028461244,1.6649296774886695,1.664889762841668,1.6648880569181927,0.069993714537109,-0.0233688307843693,19.52529688796768,dataset_replication_project,1,3148713265.0,drive://dataset_realization_robustness_v1/datasets/replicate_1/confirm_K6_i000105.npz
done,confirm_K6_i000105,Transformer,128,3,256,23,1.6793096996843817,16,31,201224,cuda,1.699857547879219,1.7251488119363785,1.6506124511361122,1.7187095955014229,drive://dataset_realization_robustness_v1/runs/replicate_1/confirm_K6_i000105/transformer/d128/n256/seed3/DONE.json,1.665917028461244,1.6649296774886695,1.664889762841668,1.6648880569181927,0.0356147355969018,0.0538215385832301,-18.32125266195696,dataset_replication_project,1,3629658333.0,drive://dataset_realization_robustness_v1/datasets/replicate_1/confirm_K6_i000105.npz
done,confirm_K6_i000105,Transformer,256,1,256,10,1.653213419020176,16,18,795656,cuda,1.7100605443120005,1.6760462820529938,1.701039902865887,1.696050450205803,drive://dataset_realization_robustness_v1/runs/replicate_1/confirm_K6_i000105/transformer/d256/n256/seed1/DONE.json,1.665917028461244,1.6649296774886695,1.664889762841668,1.6648880569181927,0.012198573749076,0.0311623932876101,13.615628343475898,dataset_replication_project,1,2964759773.0,drive://dataset_realization_robustness_v1/datasets/replicate_1/confirm_K6_i000105.npz
done,confirm_K6_i000105,Transformer,256,2,256,18,1.682519767433405,16,26,795656,cuda,1.679756082594395,1.7031437903642654,1.7374301701784134,1.6388654187321663,drive://dataset_realization_robustness_v1/runs/replicate_1/confirm_K6_i000105/transformer/d256/n256/seed2/DONE.json,1.665917028461244,1.6649296774886695,1.664889762841668,1.6648880569181927,0.0621087526928081,-0.0260226381860264,39.73935347228136,dataset_replication_project,1,3723823097.0,drive://dataset_realization_robustness_v1/datasets/replicate_1/confirm_K6_i000105.npz
done,confirm_K6_i000105,Transformer,256,3,256,32,1.6901646591722963,16,40,795656,cuda,1.68691648542881,1.6827185824513435,1.767359338700771,1.638432428240776,drive://dataset_realization_robustness_v1/runs/replicate_1/confirm_K6_i000105/transformer/d256/n256/seed3/DONE.json,1.665917028461244,1.6649296774886695,1.664889762841668,1.6648880569181927,0.0721652137033233,-0.0264556286774166,47.11894854182956,dataset_replication_project,1,2418837256.0,drive://dataset_realization_robustness_v1/datasets/replicate_1/confirm_K6_i000105.npz
done,confirm_K6_i000708,GRU,8,1,256,48,0.9774487372487785,16,48,576,cuda,1.0287513174116611,0.938955157995224,0.9954516924917698,0.991212647408247,drive://dataset_realization_robustness_v1/runs/replicate_1/confirm_K6_i000708/gru/d8/n256/seed1/DONE.json,0.9298769313895604,0.8619101999506146,0.8481094692100614,0.844288412713593,0.0424030540676247,0.146924234694654,0.4385946921868473,dataset_replication_project,1,2203367947.0,drive://dataset_realization_robustness_v1/datasets/replicate_1/confirm_K6_i000708.npz
done,confirm_K6_i000708,GRU,8,2,256,48,0.9409217089414595,16,48,576,cuda,1.035988826304674,0.9016597606241704,0.9701360948383808,0.9947344213724136,drive://dataset_realization_robustness_v1/runs/replicate_1/confirm_K6_i000708/gru/d8/n256/seed2/DONE.json,0.9298769313895604,0.8619101999506146,0.8481094692100614,0.844288412713593,0.0612920846639856,0.1504460086588206,0.4820086335229965,dataset_replication_project,1,2565706316.0,drive://dataset_realization_robustness_v1/datasets/replicate_1/confirm_K6_i000708.npz
done,confirm_K6_i000708,GRU,8,3,256,48,0.9361133892089128,16,48,576,cuda,0.9372766688466072,0.8931917697191238,0.8833516240119934,0.9012582674622536,drive://dataset_realization_robustness_v1/runs/replicate_1/confirm_K6_i000708/gru/d8/n256/seed3/DONE.json,0.9298769313895604,0.8619101999506146,0.8481094692100614,0.844288412713593,0.029954872135017,0.0569698547486605,0.4208321623221098,dataset_replication_project,1,2917996955.0,drive://dataset_realization_robustness_v1/datasets/replicate_1/confirm_K6_i000708.npz
done,confirm_K6_i000708,GRU,32,1,256,41,0.8787716832011938,16,48,6888,cuda,1.0249881781637669,0.8611218817532063,0.774015149101615,0.8327227905392647,drive://dataset_realization_robustness_v1/runs/replicate_1/confirm_K6_i000708/gru/d32/n256/seed1/DONE.json,0.9298769313895604,0.8619101999506146,0.8481094692100614,0.844288412713593,0.0620603390157715,-0.0115656221743283,2.246392280165597,dataset_replication_project,1,3558062176.0,drive://dataset_realization_robustness_v1/datasets/replicate_1/confirm_K6_i000708.npz
done,confirm_K6_i000708,GRU,32,2,256,48,0.8770206812769175,16,48,6888,cuda,0.9806090071797372,0.8785520642995834,0.9755040630698204,0.8520568273961544,drive://dataset_realization_robustness_v1/runs/replicate_1/confirm_K6_i000708/gru/d32/n256/seed2/DONE.json,0.9298769313895604,0.8619101999506146,0.8481094692100614,0.844288412713593,0.0637083923617746,0.0077684146825613,1.5019792581090572,dataset_replication_project,1,2247059297.0,drive://dataset_realization_robustness_v1/datasets/replicate_1/confirm_K6_i000708.npz
done,confirm_K6_i000708,GRU,32,3,256,34,0.853766905143857,16,42,6888,cuda,0.9800169356167316,0.9240394197404384,1.020463552325964,0.8532293774187565,drive://dataset_realization_robustness_v1/runs/replicate_1/confirm_K6_i000708/gru/d32/n256/seed3/DONE.json,0.9298769313895604,0.8619101999506146,0.8481094692100614,0.844288412713593,0.088360339809794,0.0089409647051634,1.4813617545828155,dataset_replication_project,1,3378382406.0,drive://dataset_realization_robustness_v1/datasets/replicate_1/confirm_K6_i000708.npz
done,confirm_K6_i000708,GRU,128,1,256,24,0.871724458411336,16,32,101256,cuda,0.9380275905132294,0.9755197428166866,0.7945932969450951,0.8773933425545692,drive://dataset_realization_robustness_v1/runs/replicate_1/confirm_K6_i000708/gru/d128/n256/seed1/DONE.json,0.9298769313895604,0.8619101999506146,0.8481094692100614,0.844288412713593,0.0604295533563694,0.0331049298409762,0.7084390394489414,dataset_replication_project,1,3516254700.0,drive://dataset_realization_robustness_v1/datasets/replicate_1/confirm_K6_i000708.npz
done,confirm_K6_i000708,GRU,128,2,256,16,0.8472116701304913,16,24,101256,cuda,1.0201599709689615,0.991153784096241,0.9348851889371872,0.8876663595438004,drive://dataset_realization_robustness_v1/runs/replicate_1/confirm_K6_i000708/gru/d128/n256/seed2/DONE.json,0.9298769313895604,0.8619101999506146,0.8481094692100614,0.844288412713593,0.0535171983800677,0.0433779468302073,1.548030196979733,dataset_replication_project,1,2925609080.0,drive://dataset_realization_robustness_v1/datasets/replicate_1/confirm_K6_i000708.npz
done,confirm_K6_i000708,GRU,128,3,256,20,0.927515560761094,16,28,101256,cuda,0.9874202124774456,0.9223700426518916,0.9766974300146104,0.8663206547498703,drive://dataset_realization_robustness_v1/runs/replicate_1/confirm_K6_i000708/gru/d128/n256/seed3/DONE.json,0.9298769313895604,0.8619101999506146,0.8481094692100614,0.844288412713593,0.0593545187614568,0.0220322420362772,1.4149042371681932,dataset_replication_project,1,2813022546.0,drive://dataset_realization_robustness_v1/datasets/replicate_1/confirm_K6_i000708.npz
done,confirm_K6_i000708,GRU,256,1,256,4,0.8715053517371416,16,12,399112,cuda,0.9282663054764272,0.8918880112469196,0.9852859042584896,0.9526997730135918,drive://dataset_realization_robustness_v1/runs/replicate_1/confirm_K6_i000708/gru/d256/n256/seed1/DONE.json,0.9298769313895604,0.8619101999506146,0.8481094692100614,0.844288412713593,0.069072586068715,0.1084113602999987,-0.2854759950884092,dataset_replication_project,1,4006252766.0,drive://dataset_realization_robustness_v1/datasets/replicate_1/confirm_K6_i000708.npz
done,confirm_K6_i000708,GRU,256,2,256,16,0.8828719072043896,16,24,399112,cuda,0.9324645213782788,0.8990039117634296,0.8251933343708515,0.8989364057779312,drive://dataset_realization_robustness_v1/runs/replicate_1/confirm_K6_i000708/gru/d256/n256/seed2/DONE.json,0.9298769313895604,0.8619101999506146,0.8481094692100614,0.844288412713593,0.0475253413877574,0.0546479930643382,0.3917361360965108,dataset_replication_project,1,2129811786.0,drive://dataset_realization_robustness_v1/datasets/replicate_1/confirm_K6_i000708.npz
done,confirm_K6_i000708,GRU,256,3,256,11,0.9216394517570734,16,19,399112,cuda,0.9590714424848557,0.9125513695180416,0.830305328592658,0.855998333543539,drive://dataset_realization_robustness_v1/runs/replicate_1/confirm_K6_i000708/gru/d256/n256/seed3/DONE.json,0.9298769313895604,0.8619101999506146,0.8481094692100614,0.844288412713593,0.0259443290919454,0.011709920829946,1.204286632551087,dataset_replication_project,1,3825453211.0,drive://dataset_realization_robustness_v1/datasets/replicate_1/confirm_K6_i000708.npz
done,confirm_K6_i000708,Transformer,8,1,256,48,0.8771133217960596,16,48,1064,cuda,0.9809669554233552,0.917309794574976,0.9657764695584774,0.8667278438806534,drive://dataset_realization_robustness_v1/runs/replicate_1/confirm_K6_i000708/transformer/d8/n256/seed1/DONE.json,0.9298769313895604,0.8619101999506146,0.8481094692100614,0.844288412713593,0.0523820550831514,0.0224394311670603,1.3347480866587214,dataset_replication_project,1,2205691438.0,drive://dataset_realization_robustness_v1/datasets/replicate_1/confirm_K6_i000708.npz
done,confirm_K6_i000708,Transformer,8,2,256,47,0.8960716631263494,16,48,1064,cuda,1.005472730845213,0.9231242202222348,1.0189261436462402,0.9902819320559502,drive://dataset_realization_robustness_v1/runs/replicate_1/confirm_K6_i000708/transformer/d8/n256/seed2/DONE.json,0.9298769313895604,0.8619101999506146,0.8481094692100614,0.844288412713593,0.056479180803071,0.1459935193423571,0.1774864085073624,dataset_replication_project,1,2684917933.0,drive://dataset_realization_robustness_v1/datasets/replicate_1/confirm_K6_i000708.npz
done,confirm_K6_i000708,Transformer,8,3,256,48,0.9255654476583004,16,48,1064,cuda,1.0088949985802174,0.980787243694067,0.8804704174399376,1.0225913785398006,drive://dataset_realization_robustness_v1/runs/replicate_1/confirm_K6_i000708/transformer/d8/n256/seed3/DONE.json,0.9298769313895604,0.8619101999506146,0.8481094692100614,0.844288412713593,0.093123578932171,0.1783029658262076,-0.1600259026731949,dataset_replication_project,1,3883916022.0,drive://dataset_realization_robustness_v1/datasets/replicate_1/confirm_K6_i000708.npz
done,confirm_K6_i000708,Transformer,32,1,256,29,0.8408941887319088,16,37,13448,cuda,1.0420452430844307,0.8553183451294899,0.9635354354977608,0.9192488826811314,drive://dataset_realization_robustness_v1/runs/replicate_1/confirm_K6_i000708/transformer/d32/n256/seed1/DONE.json,0.9298769313895604,0.8619101999506146,0.8481094692100614,0.844288412713593,0.0491748450858737,0.0749604699675383,1.434729357429335,dataset_replication_project,1,3501211245.0,drive://dataset_realization_robustness_v1/datasets/replicate_1/confirm_K6_i000708.npz
done,confirm_K6_i000708,Transformer,32,2,256,22,0.8692372515797615,16,30,13448,cuda,0.9570215083658696,1.0225846283137798,0.9531041532754898,0.9341635294258596,drive://dataset_realization_robustness_v1/runs/replicate_1/confirm_K6_i000708/transformer/d32/n256/seed2/DONE.json,0.9298769313895604,0.8619101999506146,0.8481094692100614,0.844288412713593,0.0478964102588921,0.0898751167122664,0.2670682854852168,dataset_replication_project,1,3812167472.0,drive://dataset_realization_robustness_v1/datasets/replicate_1/confirm_K6_i000708.npz
done,confirm_K6_i000708,Transformer,32,3,256,32,0.8415941391140223,16,40,13448,cuda,1.0486570373177528,0.9220549464225768,0.88448166847229,0.9627669155597688,drive://dataset_realization_robustness_v1/runs/replicate_1/confirm_K6_i000708/transformer/d32/n256/seed3/DONE.json,0.9298769313895604,0.8619101999506146,0.8481094692100614,0.844288412713593,0.0503596147358288,0.1184785028461756,1.0035238731395577,dataset_replication_project,1,2123659677.0,drive://dataset_realization_robustness_v1/datasets/replicate_1/confirm_K6_i000708.npz
done,confirm_K6_i000708,Transformer,128,1,256,13,0.9676454719156028,16,21,201224,cuda,0.9452217556536198,0.8682696893811226,0.9275676123797894,0.9631329774856568,drive://dataset_realization_robustness_v1/runs/replicate_1/confirm_K6_i000708/transformer/d128/n256/seed1/DONE.json,0.9298769313895604,0.8619101999506146,0.8481094692100614,0.844288412713593,0.0789246138198608,0.1188445647720637,-0.2092713147641648,dataset_replication_project,1,2521109243.0,drive://dataset_realization_robustness_v1/datasets/replicate_1/confirm_K6_i000708.npz
done,confirm_K6_i000708,Transformer,128,2,256,5,0.930160528048873,16,13,201224,cuda,0.9995807483792304,0.998885702341795,0.944218922406435,0.9016109593212605,drive://dataset_realization_robustness_v1/runs/replicate_1/confirm_K6_i000708/transformer/d128/n256/seed2/DONE.json,0.9298769313895604,0.8619101999506146,0.8481094692100614,0.844288412713593,0.0447278250757946,0.0573225466076674,1.1446604120919226,dataset_replication_project,1,2671396355.0,drive://dataset_realization_robustness_v1/datasets/replicate_1/confirm_K6_i000708.npz
done,confirm_K6_i000708,Transformer,128,3,256,18,0.8999003116041422,16,26,201224,cuda,0.9575347006320952,0.9332190379500388,0.8870353028178215,1.009661789983511,drive://dataset_realization_robustness_v1/runs/replicate_1/confirm_K6_i000708/transformer/d128/n256/seed3/DONE.json,0.9298769313895604,0.8619101999506146,0.8481094692100614,0.844288412713593,0.1046454819147909,0.1653733772699179,-0.609043013686981,dataset_replication_project,1,2361327194.0,drive://dataset_realization_robustness_v1/datasets/replicate_1/confirm_K6_i000708.npz
done,confirm_K6_i000708,Transformer,256,1,256,21,0.8774627037346363,16,29,795656,cuda,1.0215054526925087,0.923977553844452,0.9030932020395994,0.9374019093811512,drive://dataset_realization_robustness_v1/runs/replicate_1/confirm_K6_i000708/transformer/d256/n256/seed1/DONE.json,0.9298769313895604,0.8619101999506146,0.8481094692100614,0.844288412713593,0.0245964785248973,0.0931134966675582,0.9826498298185072,dataset_replication_project,1,2429850909.0,drive://dataset_realization_robustness_v1/datasets/replicate_1/confirm_K6_i000708.npz
done,confirm_K6_i000708,Transformer,256,2,256,14,0.9773969426751136,16,22,795656,cuda,1.0566491670906544,0.8944268077611923,1.003151759505272,0.8674601688981056,drive://dataset_realization_robustness_v1/runs/replicate_1/confirm_K6_i000708/transformer/d256/n256/seed2/DONE.json,0.9298769313895604,0.8619101999506146,0.8481094692100614,0.844288412713593,0.0839794965670483,0.0231717561845126,2.210448330211276,dataset_replication_project,1,3322007883.0,drive://dataset_realization_robustness_v1/datasets/replicate_1/confirm_K6_i000708.npz
done,confirm_K6_i000708,Transformer,256,3,256,7,0.881144180893898,16,15,795656,cuda,0.978560671210289,0.9563853405416012,0.9108022563159466,0.9619621597230434,drive://dataset_realization_robustness_v1/runs/replicate_1/confirm_K6_i000708/transformer/d256/n256/seed3/DONE.json,0.9298769313895604,0.8619101999506146,0.8481094692100614,0.844288412713593,0.0456089420606752,0.1176737470094504,0.1939338563632168,dataset_replication_project,1,3176348981.0,drive://dataset_realization_robustness_v1/datasets/replicate_1/confirm_K6_i000708.npz
done,confirm_K6_i000997,GRU,8,1,256,48,1.89819960296154,16,48,576,cuda,1.9370859190821648,1.9254604130983357,1.932888612151146,1.9488439112901688,drive://dataset_realization_robustness_v1/runs/replicate_1/confirm_K6_i000997/gru/d8/n256/seed1/DONE.json,1.9211584169593383,1.920335681857932,1.9202479202023408,1.920236335152691,0.0155496758179357,0.0286075761374777,-12.751571631974707,dataset_replication_project,1,3699841081.0,drive://dataset_realization_robustness_v1/datasets/replicate_1/confirm_K6_i000997.npz
done,confirm_K6_i000997,GRU,8,2,256,48,1.931430980563164,16,48,576,cuda,1.947135530412197,1.9547505006194117,1.932375341653824,1.9310973957180977,drive://dataset_realization_robustness_v1/runs/replicate_1/confirm_K6_i000997/gru/d8/n256/seed2/DONE.json,1.9211584169593383,1.920335681857932,1.9202479202023408,1.920236335152691,0.0140078393225819,0.0108610605654067,17.393396744713854,dataset_replication_project,1,3380249879.0,drive://dataset_realization_robustness_v1/datasets/replicate_1/confirm_K6_i000997.npz
done,confirm_K6_i000997,GRU,8,3,256,38,1.9357422441244123,16,46,576,cuda,1.9301277697086332,1.944316029548645,1.9151078462600708,1.8958251178264616,drive://dataset_realization_robustness_v1/runs/replicate_1/confirm_K6_i000997/gru/d8/n256/seed3/DONE.json,1.9211584169593383,1.920335681857932,1.9202479202023408,1.920236335152691,0.0309329233612062,-0.0244112173262291,37.20131081090906,dataset_replication_project,1,2561018286.0,drive://dataset_realization_robustness_v1/datasets/replicate_1/confirm_K6_i000997.npz
done,confirm_K6_i000997,GRU,32,1,256,13,1.92949877679348,16,21,6888,cuda,1.9327968060970304,1.970862552523613,1.8939771801233287,1.90948773175478,drive://dataset_realization_robustness_v1/runs/replicate_1/confirm_K6_i000997/gru/d32/n256/seed1/DONE.json,1.9211584169593383,1.920335681857932,1.9202479202023408,1.920236335152691,0.0335290839557759,-0.0107486033979111,25.27874877718528,dataset_replication_project,1,2238646597.0,drive://dataset_realization_robustness_v1/datasets/replicate_1/confirm_K6_i000997.npz
done,confirm_K6_i000997,GRU,32,2,256,10,1.9348816722631452,16,18,6888,cuda,1.95081041008234,1.915617823600769,1.9017353057861328,1.9576795175671575,drive://dataset_realization_robustness_v1/runs/replicate_1/confirm_K6_i000997/gru/d32/n256/seed2/DONE.json,1.9211584169593383,1.920335681857932,1.9202479202023408,1.920236335152691,0.0352466565082633,0.0374431824144667,-7.449564057438117,dataset_replication_project,1,3578138507.0,drive://dataset_realization_robustness_v1/datasets/replicate_1/confirm_K6_i000997.npz
done,confirm_K6_i000997,GRU,32,3,256,12,1.92941140383482,16,20,6888,cuda,1.930927075445652,1.9099911153316496,1.899148739874363,1.9619419574737549,drive://dataset_realization_robustness_v1/runs/replicate_1/confirm_K6_i000997/gru/d32/n256/seed3/DONE.json,1.9211584169593383,1.920335681857932,1.9202479202023408,1.920236335152691,0.0437996434169606,0.0417056223210638,-33.635716272152195,dataset_replication_project,1,2615681327.0,drive://dataset_realization_robustness_v1/datasets/replicate_1/confirm_K6_i000997.npz
done,confirm_K6_i000997,GRU,128,1,256,5,1.93103688955307,16,13,101256,cuda,1.9471089392900467,1.9453765228390691,1.9644072577357288,1.9474016949534416,drive://dataset_realization_robustness_v1/runs/replicate_1/confirm_K6_i000997/gru/d128/n256/seed1/DONE.json,1.9211584169593383,1.920335681857932,1.9202479202023408,1.920236335152691,0.0085846474806904,0.0271653598007506,-0.3174942410580504,dataset_replication_project,1,2977311496.0,drive://dataset_realization_robustness_v1/datasets/replicate_1/confirm_K6_i000997.npz
done,confirm_K6_i000997,GRU,128,2,256,30,1.9189925603568556,16,38,101256,cuda,1.9342698156833649,1.9563214257359505,1.9398227632045744,1.9546504616737368,drive://dataset_realization_robustness_v1/runs/replicate_1/confirm_K6_i000997/gru/d128/n256/seed2/DONE.json,1.9211584169593383,1.920335681857932,1.9202479202023408,1.920236335152691,0.0130046196413265,0.0344141265210455,-22.102860986353743,dataset_replication_project,1,3705009701.0,drive://dataset_realization_robustness_v1/datasets/replicate_1/confirm_K6_i000997.npz
done,confirm_K6_i000997,GRU,128,3,256,12,1.921158317476511,16,20,101256,cuda,1.9724636003375051,1.9396142810583117,2.004172772169113,1.9860719218850136,drive://dataset_realization_robustness_v1/runs/replicate_1/confirm_K6_i000997/gru/d128/n256/seed3/DONE.json,1.9211584169593383,1.920335681857932,1.9202479202023408,1.920236335152691,0.0260091677414245,0.0658355867323225,-14.758258377299413,dataset_replication_project,1,3553173548.0,drive://dataset_realization_robustness_v1/datasets/replicate_1/confirm_K6_i000997.npz
done,confirm_K6_i000997,GRU,256,1,256,15,1.9368490539491177,16,23,399112,cuda,1.992618441581726,1.9544701054692268,1.9378288462758064,1.964109368622303,drive://dataset_realization_robustness_v1/runs/replicate_1/confirm_K6_i000997/gru/d256/n256/seed1/DONE.json,1.9211584169593383,1.920335681857932,1.9202479202023408,1.920236335152691,0.0196669615991282,0.043873033469612,30.91816013926319,dataset_replication_project,1,3262491665.0,drive://dataset_realization_robustness_v1/datasets/replicate_1/confirm_K6_i000997.npz
done,confirm_K6_i000997,GRU,256,2,256,9,1.9495748914778237,16,17,399112,cuda,2.0013796910643578,1.9530819430947304,1.9780116379261017,1.9764570891857147,drive://dataset_realization_robustness_v1/runs/replicate_1/confirm_K6_i000997/gru/d256/n256/seed2/DONE.json,1.9211584169593383,1.920335681857932,1.9202479202023408,1.920236335152691,0.016803701323795,0.0562207540330237,27.028623381325858,dataset_replication_project,1,2294343419.0,drive://dataset_realization_robustness_v1/datasets/replicate_1/confirm_K6_i000997.npz
done,confirm_K6_i000997,GRU,256,3,256,37,1.918699186295271,16,45,399112,cuda,1.9436054453253744,1.8905293866992,1.902017079293728,1.9555846452713013,drive://dataset_realization_robustness_v1/runs/replicate_1/confirm_K6_i000997/gru/d256/n256/seed3/DONE.json,1.9211584169593383,1.920335681857932,1.9202479202023408,1.920236335152691,0.042668170468464,0.0353483101186102,-12.99147197089038,dataset_replication_project,1,2600777077.0,drive://dataset_realization_robustness_v1/datasets/replicate_1/confirm_K6_i000997.npz
done,confirm_K6_i000997,Transformer,8,1,256,46,1.916281841695309,16,48,1064,cuda,1.893139772117138,1.9550905749201772,1.9426438137888908,1.941404089331627,drive://dataset_realization_robustness_v1/runs/replicate_1/confirm_K6_i000997/transformer/d8/n256/seed1/DONE.json,1.9211584169593383,1.920335681857932,1.9202479202023408,1.920236335152691,0.025521660007263,0.0211677541789359,-52.34277139679977,dataset_replication_project,1,3913868317.0,drive://dataset_realization_robustness_v1/datasets/replicate_1/confirm_K6_i000997.npz
done,confirm_K6_i000997,Transformer,8,2,256,42,1.9060854315757751,16,48,1064,cuda,1.9681851863861084,1.9445648044347763,1.93855968862772,1.9342562854290009,drive://dataset_realization_robustness_v1/runs/replicate_1/confirm_K6_i000997/transformer/d8/n256/seed2/DONE.json,1.9211584169593383,1.920335681857932,1.9202479202023408,1.920236335152691,0.0174075918245306,0.0140199502763098,36.79597700823591,dataset_replication_project,1,2079424605.0,drive://dataset_realization_robustness_v1/datasets/replicate_1/confirm_K6_i000997.npz
done,confirm_K6_i000997,Transformer,8,3,256,39,1.9618789069354532,16,47,1064,cuda,1.9095882177352903,1.9441422522068024,1.9402037113904955,1.9409774392843249,drive://dataset_realization_robustness_v1/runs/replicate_1/confirm_K6_i000997/transformer/d8/n256/seed3/DONE.json,1.9211584169593383,1.920335681857932,1.9202479202023408,1.920236335152691,0.0162329458516552,0.0207411041316336,-34.04168840849912,dataset_replication_project,1,3921516552.0,drive://dataset_realization_robustness_v1/datasets/replicate_1/confirm_K6_i000997.npz
done,confirm_K6_i000997,Transformer,32,1,256,12,1.9363841712474823,16,20,13448,cuda,1.981467880308628,1.9307936131954195,1.961619041860104,1.9700404554605484,drive://dataset_realization_robustness_v1/runs/replicate_1/confirm_K6_i000997/transformer/d32/n256/seed1/DONE.json,1.9211584169593383,1.920335681857932,1.9202479202023408,1.920236335152691,0.0207942316829856,0.0498041203078574,12.393070512506515,dataset_replication_project,1,2802002964.0,drive://dataset_realization_robustness_v1/datasets/replicate_1/confirm_K6_i000997.npz
done,confirm_K6_i000997,Transformer,32,2,256,11,1.9238914027810097,16,19,13448,cuda,1.9918137043714523,1.938236080110073,1.9944885447621343,1.9142790511250496,drive://dataset_realization_robustness_v1/runs/replicate_1/confirm_K6_i000997/transformer/d32/n256/seed2/DONE.json,1.9211584169593383,1.920335681857932,1.9202479202023408,1.920236335152691,0.0567238478247317,-0.0059572840276413,84.08652322109862,dataset_replication_project,1,3450986867.0,drive://dataset_realization_robustness_v1/datasets/replicate_1/confirm_K6_i000997.npz
done,confirm_K6_i000997,Transformer,32,3,256,9,1.959640495479107,16,17,13448,cuda,1.9381354376673696,1.9043101742863653,1.9273393005132675,1.9596383199095728,drive://dataset_realization_robustness_v1/runs/replicate_1/confirm_K6_i000997/transformer/d32/n256/seed3/DONE.json,1.9211584169593383,1.920335681857932,1.9202479202023408,1.920236335152691,0.0339818373476014,0.0394019847568816,-23.31992897722051,dataset_replication_project,1,2283285117.0,drive://dataset_realization_robustness_v1/datasets/replicate_1/confirm_K6_i000997.npz
done,confirm_K6_i000997,Transformer,128,1,256,5,1.957177497446537,16,13,201224,cuda,1.968377262353897,1.9279710873961449,1.9710223227739332,1.970034882426262,drive://dataset_realization_robustness_v1/runs/replicate_1/confirm_K6_i000997/transformer/d128/n256/seed1/DONE.json,1.9211584169593383,1.920335681857932,1.9202479202023408,1.920236335152691,0.0211266281996391,0.0497985472735709,-1.7976930684619952,dataset_replication_project,1,3858570822.0,drive://dataset_realization_robustness_v1/datasets/replicate_1/confirm_K6_i000997.npz
done,confirm_K6_i000997,Transformer,128,2,256,9,1.9619826301932333,16,17,201224,cuda,1.9752902165055275,1.939828298985958,1.9680226519703865,1.9522776305675509,drive://dataset_realization_robustness_v1/runs/replicate_1/confirm_K6_i000997/transformer/d128/n256/seed2/DONE.json,1.9211584169593383,1.920335681857932,1.9202479202023408,1.920236335152691,0.0149415588126079,0.0320412954148596,24.957206369411274,dataset_replication_project,1,2749515562.0,drive://dataset_realization_robustness_v1/datasets/replicate_1/confirm_K6_i000997.npz
done,confirm_K6_i000997,Transformer,128,3,256,7,1.9537797830998895,16,15,201224,cuda,1.9394473135471344,1.9616469666361809,1.9697910472750664,1.997301883995533,drive://dataset_realization_robustness_v1/runs/replicate_1/confirm_K6_i000997/transformer/d128/n256/seed3/DONE.json,1.9211584169593383,1.920335681857932,1.9202479202023408,1.920236335152691,0.0370491091296519,0.077065548842842,-62.743424749651005,dataset_replication_project,1,3148872147.0,drive://dataset_realization_robustness_v1/datasets/replicate_1/confirm_K6_i000997.npz
done,confirm_K6_i000997,Transformer,256,1,256,10,1.9398503936827185,16,18,795656,cuda,1.9277523458004,1.956615209579468,1.9596983790397644,2.0285029634833336,drive://dataset_realization_robustness_v1/runs/replicate_1/confirm_K6_i000997/transformer/d256/n256/seed1/DONE.json,1.9211584169593383,1.920335681857932,1.9202479202023408,1.920236335152691,0.0711602867815395,0.1082666283306426,-109.2642940752314,dataset_replication_project,1,3834839816.0,drive://dataset_realization_robustness_v1/datasets/replicate_1/confirm_K6_i000997.npz
done,confirm_K6_i000997,Transformer,256,2,256,10,1.9569442197680476,16,18,795656,cuda,1.9508937001228333,1.924362987279892,1.952857591211796,1.96337166428566,drive://dataset_realization_robustness_v1/runs/replicate_1/confirm_K6_i000997/transformer/d256/n256/seed2/DONE.json,1.9211584169593383,1.920335681857932,1.9202479202023408,1.920236335152691,0.0213294879773163,0.0431353291329688,-13.53238299776919,dataset_replication_project,1,2548910551.0,drive://dataset_realization_robustness_v1/datasets/replicate_1/confirm_K6_i000997.npz
done,confirm_K6_i000997,Transformer,256,3,256,24,1.919376015663147,16,32,795656,cuda,1.9125829190015795,1.9368478134274485,1.9626163616776464,1.970764808356762,drive://dataset_realization_robustness_v1/runs/replicate_1/confirm_K6_i000997/transformer/d256/n256/seed3/DONE.json,1.9211584169593383,1.920335681857932,1.9202479202023408,1.920236335152691,0.0343401260303148,0.0505284732040709,-63.09840291365381,dataset_replication_project,1,3302378470.0,drive://dataset_realization_robustness_v1/datasets/replicate_1/confirm_K6_i000997.npz
done,confirm_K6_i001189,GRU,8,1,256,48,1.911561526358128,16,48,576,cuda,1.911831736564636,1.914509244263172,1.892705850303173,1.926550768315792,drive://dataset_realization_robustness_v1/runs/replicate_1/confirm_K6_i001189/gru/d8/n256/seed1/DONE.json,1.8624529402197152,1.8472838516984629,1.840946805328344,1.839227609252711,0.0278769667072683,0.0873231590630811,-0.6337490635576668,dataset_replication_project,1,2442810267.0,drive://dataset_realization_robustness_v1/datasets/replicate_1/confirm_K6_i001189.npz
done,confirm_K6_i001189,GRU,8,2,256,48,1.9250333346426487,16,48,576,cuda,1.914802469313145,1.891775943338871,1.8923849239945407,1.9068294242024424,drive://dataset_realization_robustness_v1/runs/replicate_1/confirm_K6_i001189/gru/d8/n256/seed2/DONE.json,1.8624529402197152,1.8472838516984629,1.840946805328344,1.839227609252711,0.0160308812360873,0.0676018149497312,0.343290914649597,dataset_replication_project,1,3641933921.0,drive://dataset_realization_robustness_v1/datasets/replicate_1/confirm_K6_i001189.npz
done,confirm_K6_i001189,GRU,8,3,256,48,1.8832971900701525,16,48,576,cuda,1.902171716094017,1.935372427105904,1.8682047948241236,1.859251007437706,drive://dataset_realization_robustness_v1/runs/replicate_1/confirm_K6_i001189/gru/d8/n256/seed3/DONE.json,1.8624529402197152,1.8472838516984629,1.840946805328344,1.839227609252711,0.0356129034342941,0.0200233981849951,1.848012789022792,dataset_replication_project,1,3603255910.0,drive://dataset_realization_robustness_v1/datasets/replicate_1/confirm_K6_i001189.npz
done,confirm_K6_i001189,GRU,32,1,256,48,1.867989502847195,16,48,6888,cuda,1.852566123008728,1.879104055464268,1.86832357943058,1.8405890464782717,drive://dataset_realization_robustness_v1/runs/replicate_1/confirm_K6_i001189/gru/d32/n256/seed1/DONE.json,1.8624529402197152,1.8472838516984629,1.840946805328344,1.839227609252711,0.0208029892072589,0.0013614372255605,0.5156902412918078,dataset_replication_project,1,2092489349.0,drive://dataset_realization_robustness_v1/datasets/replicate_1/confirm_K6_i001189.npz
done,confirm_K6_i001189,GRU,32,2,256,23,1.9022527188062668,16,31,6888,cuda,1.921731449663639,1.8262197226285932,1.8521634936332705,1.8470123261213305,drive://dataset_realization_robustness_v1/runs/replicate_1/confirm_K6_i001189/gru/d32/n256/seed2/DONE.json,1.8624529402197152,1.8472838516984629,1.840946805328344,1.839227609252711,0.0295619900112914,0.0077847168686193,3.2171392368298464,dataset_replication_project,1,3975136077.0,drive://dataset_realization_robustness_v1/datasets/replicate_1/confirm_K6_i001189.npz
done,confirm_K6_i001189,GRU,32,3,256,36,1.877973347902298,16,44,6888,cuda,1.8410560190677645,1.839748129248619,1.8571300208568573,1.8479467257857325,drive://dataset_realization_robustness_v1/runs/replicate_1/confirm_K6_i001189/gru/d32/n256/seed3/DONE.json,1.8624529402197152,1.8472838516984629,1.840946805328344,1.839227609252711,0.0175136253386902,0.0087191165330213,-0.2966892798108004,dataset_replication_project,1,3345246439.0,drive://dataset_realization_robustness_v1/datasets/replicate_1/confirm_K6_i001189.npz
done,confirm_K6_i001189,GRU,128,1,256,17,1.8723618872463703,16,25,101256,cuda,1.8808357492089272,1.8059973269701004,1.868147350847721,1.8712212666869164,drive://dataset_realization_robustness_v1/runs/replicate_1/confirm_K6_i001189/gru/d128/n256/seed1/DONE.json,1.8624529402197152,1.8472838516984629,1.840946805328344,1.839227609252711,0.0373437217447584,0.0319936574342054,0.4139653611683674,dataset_replication_project,1,2464106652.0,drive://dataset_realization_robustness_v1/datasets/replicate_1/confirm_K6_i001189.npz
done,confirm_K6_i001189,GRU,128,2,256,9,1.8947771489620209,16,17,101256,cuda,1.902733713388443,1.88324137032032,1.8660961985588076,1.8705435767769811,drive://dataset_realization_robustness_v1/runs/replicate_1/confirm_K6_i001189/gru/d128/n256/seed2/DONE.json,1.8624529402197152,1.8472838516984629,1.840946805328344,1.839227609252711,0.0059147775815208,0.0313159675242704,1.3859925896080203,dataset_replication_project,1,2648290766.0,drive://dataset_realization_robustness_v1/datasets/replicate_1/confirm_K6_i001189.npz
done,confirm_K6_i001189,GRU,128,3,256,16,1.8908760696649551,16,24,101256,cuda,1.900321774184704,1.8670892789959908,1.8827689439058304,1.9005603790283203,drive://dataset_realization_robustness_v1/runs/replicate_1/confirm_K6_i001189/gru/d128/n256/seed3/DONE.json,1.8624529402197152,1.8472838516984629,1.840946805328344,1.839227609252711,0.0257669419351908,0.0613327697756094,-0.0102734744213318,dataset_replication_project,1,3900975375.0,drive://dataset_realization_robustness_v1/datasets/replicate_1/confirm_K6_i001189.npz
done,confirm_K6_i001189,GRU,256,1,256,30,1.8268342167139051,16,38,399112,cuda,1.8289777263998983,1.8615213260054588,1.844883926212788,1.850562870502472,drive://dataset_realization_robustness_v1/runs/replicate_1/confirm_K6_i001189/gru/d256/n256/seed1/DONE.json,1.8624529402197152,1.8472838516984629,1.840946805328344,1.839227609252711,0.0227548566104895,0.011335261249761,-0.9293793975740936,dataset_replication_project,1,2420779096.0,drive://dataset_realization_robustness_v1/datasets/replicate_1/confirm_K6_i001189.npz
done,confirm_K6_i001189,GRU,256,2,256,30,1.881567381322384,16,38,399112,cuda,1.8756820261478424,1.9011654406785965,1.8756038844585416,1.899882361292839,drive://dataset_realization_robustness_v1/runs/replicate_1/confirm_K6_i001189/gru/d256/n256/seed2/DONE.json,1.8624529402197152,1.8472838516984629,1.840946805328344,1.839227609252711,0.0272532041269278,0.0606547520401281,-1.0419802059818872,dataset_replication_project,1,2126003914.0,drive://dataset_realization_robustness_v1/datasets/replicate_1/confirm_K6_i001189.npz
done,confirm_K6_i001189,GRU,256,3,256,28,1.9004096761345863,16,36,399112,cuda,1.853470891714096,1.8645394891500475,1.9095152169466016,1.8742044493556025,drive://dataset_realization_robustness_v1/runs/replicate_1/confirm_K6_i001189/gru/d256/n256/seed3/DONE.json,1.8624529402197152,1.8472838516984629,1.840946805328344,1.839227609252711,0.0290465944130121,0.0349768401028913,-0.8927131187478831,dataset_replication_project,1,2230245214.0,drive://dataset_realization_robustness_v1/datasets/replicate_1/confirm_K6_i001189.npz
done,confirm_K6_i001189,Transformer,8,1,256,48,1.9344747923314567,16,48,1064,cuda,1.9071374163031576,1.8649422600865364,1.92660304158926,1.888132281601429,drive://dataset_realization_robustness_v1/runs/replicate_1/confirm_K6_i001189/transformer/d8/n256/seed1/DONE.json,1.8624529402197152,1.8472838516984629,1.840946805328344,1.839227609252711,0.0242116527627096,0.048904672348718,0.8182933853011174,dataset_replication_project,1,2314005664.0,drive://dataset_realization_robustness_v1/datasets/replicate_1/confirm_K6_i001189.npz
done,confirm_K6_i001189,Transformer,8,2,256,44,1.9178511016070845,16,48,1064,cuda,1.8853270709514616,1.8857220262289047,1.8691309988498688,1.8635269701480863,drive://dataset_realization_robustness_v1/runs/replicate_1/confirm_K6_i001189/transformer/d8/n256/seed2/DONE.json,1.8624529402197152,1.8472838516984629,1.840946805328344,1.839227609252711,0.0073659564307638,0.0242993608953756,0.9386346672237376,dataset_replication_project,1,3018312508.0,drive://dataset_realization_robustness_v1/datasets/replicate_1/confirm_K6_i001189.npz
done,confirm_K6_i001189,Transformer,8,3,256,48,1.9237244091928003,16,48,1064,cuda,1.9149556681513784,1.9031880274415016,1.911098912358284,1.8892294615507128,drive://dataset_realization_robustness_v1/runs/replicate_1/confirm_K6_i001189/transformer/d8/n256/seed3/DONE.json,1.8624529402197152,1.8472838516984629,1.840946805328344,1.839227609252711,0.0105726601045678,0.0500018522980016,1.107678794210282,dataset_replication_project,1,3407812488.0,drive://dataset_realization_robustness_v1/datasets/replicate_1/confirm_K6_i001189.npz
done,confirm_K6_i001189,Transformer,32,1,256,23,1.8669857569038868,16,31,13448,cuda,1.8836589753627777,1.8940867185592647,1.8305405005812645,1.8780909404158592,drive://dataset_realization_robustness_v1/runs/replicate_1/confirm_K6_i001189/transformer/d32/n256/seed1/DONE.json,1.8624529402197152,1.8472838516984629,1.840946805328344,1.839227609252711,0.0264684404176071,0.0388633311631483,0.2397397460052934,dataset_replication_project,1,3232847760.0,drive://dataset_realization_robustness_v1/datasets/replicate_1/confirm_K6_i001189.npz
done,confirm_K6_i001189,Transformer,32,2,256,39,1.8692620173096657,16,47,13448,cuda,1.8459038361907003,1.8658708781003952,1.88162774592638,1.905154325067997,drive://dataset_realization_robustness_v1/runs/replicate_1/confirm_K6_i001189/transformer/d32/n256/seed2/DONE.json,1.8624529402197152,1.8472838516984629,1.840946805328344,1.839227609252711,0.0491951629204088,0.065926715815286,-2.5511149426233053,dataset_replication_project,1,3376694287.0,drive://dataset_realization_robustness_v1/datasets/replicate_1/confirm_K6_i001189.npz
done,confirm_K6_i001189,Transformer,32,3,256,32,1.9004910252988336,16,40,13448,cuda,1.8595638871192928,1.853875793516636,1.8634143620729449,1.90566885471344,drive://dataset_realization_robustness_v1/runs/replicate_1/confirm_K6_i001189/transformer/d32/n256/seed3/DONE.json,1.8624529402197152,1.8472838516984629,1.840946805328344,1.839227609252711,0.0507993965130988,0.066441245460729,-1.9851156334283035,dataset_replication_project,1,2297209112.0,drive://dataset_realization_robustness_v1/datasets/replicate_1/confirm_K6_i001189.npz
done,confirm_K6_i001189,Transformer,128,1,256,27,1.891248643398285,16,35,201224,cuda,1.8210220262408257,1.8774128705263136,1.880681931972504,1.872793592512608,drive://dataset_realization_robustness_v1/runs/replicate_1/confirm_K6_i001189/transformer/d128/n256/seed1/DONE.json,1.8624529402197152,1.8472838516984629,1.840946805328344,1.839227609252711,0.0376643254620596,0.0335659832598966,-2.229099182497447,dataset_replication_project,1,2291290727.0,drive://dataset_realization_robustness_v1/datasets/replicate_1/confirm_K6_i001189.npz
done,confirm_K6_i001189,Transformer,128,2,256,20,1.8926396779716013,16,28,201224,cuda,1.890615738928318,1.9015293344855309,1.877399064600468,1.9279778227210045,drive://dataset_realization_robustness_v1/runs/replicate_1/confirm_K6_i001189/transformer/d128/n256/seed2/DONE.json,1.8624529402197152,1.8472838516984629,1.840946805328344,1.839227609252711,0.0435789148549828,0.0887502134682935,-1.608678207676176,dataset_replication_project,1,3745010716.0,drive://dataset_realization_robustness_v1/datasets/replicate_1/confirm_K6_i001189.npz
done,confirm_K6_i001189,Transformer,128,3,256,18,1.880316887050867,16,26,201224,cuda,1.9084521010518076,1.9090891927480695,1.9143996834754944,1.897372484207153,drive://dataset_realization_robustness_v1/runs/replicate_1/confirm_K6_i001189/transformer/d128/n256/seed3/DONE.json,1.8624529402197152,1.8472838516984629,1.840946805328344,1.839227609252711,0.0099404771681703,0.0581448749544424,0.477048824853977,dataset_replication_project,1,3822723866.0,drive://dataset_realization_robustness_v1/datasets/replicate_1/confirm_K6_i001189.npz
done,confirm_K6_i001189,Transformer,256,1,256,24,1.8894076012074947,16,32,795656,cuda,1.9162906631827357,1.9191989749670029,1.904465153813362,1.8898218125104904,drive://dataset_realization_robustness_v1/runs/replicate_1/confirm_K6_i001189/transformer/d256/n256/seed1/DONE.json,1.8624529402197152,1.8472838516984629,1.840946805328344,1.839227609252711,0.0125711532887627,0.0505942032577795,1.1396544019049168,dataset_replication_project,1,3059759766.0,drive://dataset_realization_robustness_v1/datasets/replicate_1/confirm_K6_i001189.npz
done,confirm_K6_i001189,Transformer,256,2,256,13,1.93833788856864,16,21,795656,cuda,1.923139087855816,1.8676414415240288,1.9039089381694796,1.9129598662257197,drive://dataset_realization_robustness_v1/runs/replicate_1/confirm_K6_i001189/transformer/d256/n256/seed2/DONE.json,1.8624529402197152,1.8472838516984629,1.840946805328344,1.839227609252711,0.0279957659108784,0.0737322569730085,0.4382810150071844,dataset_replication_project,1,3978770053.0,drive://dataset_realization_robustness_v1/datasets/replicate_1/confirm_K6_i001189.npz
done,confirm_K6_i001189,Transformer,256,3,256,25,1.882284291088581,16,33,795656,cuda,1.8767044469714165,1.9270542114973068,1.8831093981862068,1.8578665852546687,drive://dataset_realization_robustness_v1/runs/replicate_1/confirm_K6_i001189/transformer/d256/n256/seed3/DONE.json,1.8624529402197152,1.8472838516984629,1.840946805328344,1.839227609252711,0.0328239871181407,0.0186389760019582,0.8110912065584688,dataset_replication_project,1,3995775500.0,drive://dataset_realization_robustness_v1/datasets/replicate_1/confirm_K6_i001189.npz
done,confirm_K3_i000321,GRU,8,1,256,48,1.3571239486336708,16,48,576,cuda,1.376629002392292,1.4213455766439438,1.3474223166704178,1.33692766726017,drive://dataset_realization_robustness_v1/runs/replicate_2/confirm_K3_i000321/gru/d8/n256/seed1/DONE.json,1.3475309797921202,1.346869451695575,1.346830231354772,1.3468278515815026,0.0467715443170413,-0.0099001843213326,56.46386325084482,dataset_replication_project,2,2448774991.0,drive://dataset_realization_robustness_v1/datasets/replicate_2/confirm_K3_i000321.npz
done,confirm_K3_i000321,GRU,8,2,256,48,1.3547014221549034,16,48,576,cuda,1.345137394964695,1.3118247836828232,1.3480667099356651,1.3882224559783936,drive://dataset_realization_robustness_v1/runs/replicate_2/confirm_K3_i000321/gru/d8/n256/seed2/DONE.json,1.3475309797921202,1.346869451695575,1.346830231354772,1.3468278515815026,0.0484072384853587,0.0413946043968909,-61.27625141914847,dataset_replication_project,2,2167738825.0,drive://dataset_realization_robustness_v1/datasets/replicate_2/confirm_K3_i000321.npz
done,confirm_K3_i000321,GRU,8,3,256,48,1.3609536103904247,16,48,576,cuda,1.3628750368952751,1.3010202944278717,1.3367702588438988,1.3489007502794266,drive://dataset_realization_robustness_v1/runs/replicate_2/confirm_K3_i000321/gru/d8/n256/seed3/DONE.json,1.3475309797921202,1.346869451695575,1.346830231354772,1.3468278515815026,0.0255922530131615,0.0020728986979239,19.874450213815987,dataset_replication_project,2,2391843941.0,drive://dataset_realization_robustness_v1/datasets/replicate_2/confirm_K3_i000321.npz
done,confirm_K3_i000321,GRU,32,1,256,36,1.3440055884420872,16,44,6888,cuda,1.3643796741962433,1.370848961174488,1.3290457800030708,1.3442507833242416,drive://dataset_realization_robustness_v1/runs/replicate_2/confirm_K3_i000321/gru/d32/n256/seed1/DONE.json,1.3475309797921202,1.346869451695575,1.346830231354772,1.3468278515815026,0.0181237177244001,-0.002577068257261,28.627625187050747,dataset_replication_project,2,3969641622.0,drive://dataset_realization_robustness_v1/datasets/replicate_2/confirm_K3_i000321.npz
done,confirm_K3_i000321,GRU,32,2,256,30,1.3335187248885632,16,38,6888,cuda,1.3415532633662224,1.3774742037057877,1.356292448937893,1.339832291007042,drive://dataset_realization_robustness_v1/runs/replicate_2/confirm_K3_i000321/gru/d32/n256/seed2/DONE.json,1.3475309797921202,1.346869451695575,1.346830231354772,1.3468278515815026,0.0205285044210487,-0.0069955605744607,2.447593956824566,dataset_replication_project,2,3309730667.0,drive://dataset_realization_robustness_v1/datasets/replicate_2/confirm_K3_i000321.npz
done,confirm_K3_i000321,GRU,32,3,256,34,1.3318668529391289,16,42,6888,cuda,1.3431283310055733,1.3795273527503014,1.4010736048221588,1.4145784229040146,drive://dataset_realization_robustness_v1/runs/replicate_2/confirm_K3_i000321/gru/d32/n256/seed3/DONE.json,1.3475309797921202,1.346869451695575,1.346830231354772,1.3468278515815026,0.0406817743975337,0.0677505713225119,-101.617444471023,dataset_replication_project,2,2597075692.0,drive://dataset_realization_robustness_v1/datasets/replicate_2/confirm_K3_i000321.npz
done,confirm_K3_i000321,GRU,128,1,256,20,1.3543704971671104,16,28,101256,cuda,1.3113287091255188,1.3904841244220734,1.380441553890705,1.3262715861201286,drive://dataset_realization_robustness_v1/runs/replicate_2/confirm_K3_i000321/gru/d128/n256/seed1/DONE.json,1.3475309797921202,1.346869451695575,1.346830231354772,1.3468278515815026,0.0427107550162712,-0.020556265461374,-21.251994684561307,dataset_replication_project,2,2832257206.0,drive://dataset_realization_robustness_v1/datasets/replicate_2/confirm_K3_i000321.npz
done,confirm_K3_i000321,GRU,128,2,256,6,1.3645324259996414,16,14,101256,cuda,1.4316525980830193,1.3669684082269669,1.3719148114323616,1.401712901890278,drive://dataset_realization_robustness_v1/runs/replicate_2/confirm_K3_i000321/gru/d128/n256/seed2/DONE.json,1.3475309797921202,1.346869451695575,1.346830231354772,1.3468278515815026,0.0271703756583435,0.0548850503087752,42.58070681937873,dataset_replication_project,2,2489682262.0,drive://dataset_realization_robustness_v1/datasets/replicate_2/confirm_K3_i000321.npz
done,confirm_K3_i000321,GRU,128,3,256,20,1.341842420399189,16,28,101256,cuda,1.4063596203923223,1.3696836605668068,1.3276252821087835,1.3110674917697906,drive://dataset_realization_robustness_v1/runs/replicate_2/confirm_K3_i000321/gru/d128/n256/seed3/DONE.json,1.3475309797921202,1.346869451695575,1.346830231354772,1.3468278515815026,0.0562408675126853,-0.0357603598117119,135.52596408958513,dataset_replication_project,2,2770281136.0,drive://dataset_realization_robustness_v1/datasets/replicate_2/confirm_K3_i000321.npz
done,confirm_K3_i000321,GRU,256,1,256,6,1.3562488108873367,16,14,399112,cuda,1.415101744234562,1.4168609082698822,1.3246561214327812,1.3962874859571457,drive://dataset_realization_robustness_v1/runs/replicate_2/confirm_K3_i000321/gru/d256/n256/seed1/DONE.json,1.3475309797921202,1.346869451695575,1.346830231354772,1.3468278515815026,0.0383437155124305,0.049459634375643,26.757934034379257,dataset_replication_project,2,2758296370.0,drive://dataset_realization_robustness_v1/datasets/replicate_2/confirm_K3_i000321.npz
done,confirm_K3_i000321,GRU,256,2,256,21,1.3503662645816803,16,29,399112,cuda,1.3363214135169983,1.3592261001467705,1.3297430574893951,1.321277156472206,drive://dataset_realization_robustness_v1/runs/replicate_2/confirm_K3_i000321/gru/d256/n256/seed2/DONE.json,1.3475309797921202,1.346869451695575,1.346830231354772,1.3468278515815026,0.0207018469218198,-0.0255506951092965,21.3961789864446,dataset_replication_project,2,2634648215.0,drive://dataset_realization_robustness_v1/datasets/replicate_2/confirm_K3_i000321.npz
done,confirm_K3_i000321,GRU,256,3,256,5,1.421234060078859,16,13,399112,cuda,1.3857103884220123,1.3519413396716118,1.4219487234950066,1.3729466870427132,drive://dataset_realization_robustness_v1/runs/replicate_2/confirm_K3_i000321/gru/d256/n256/seed3/DONE.json,1.3475309797921202,1.346869451695575,1.346830231354772,1.3468278515815026,0.0273376927440073,0.0261188354612105,18.15273685020896,dataset_replication_project,2,3493427979.0,drive://dataset_realization_robustness_v1/datasets/replicate_2/confirm_K3_i000321.npz
done,confirm_K3_i000321,Transformer,8,1,256,46,1.3176372833549976,16,48,1064,cuda,1.354697361588478,1.3300634399056437,1.3884724155068398,1.3665872812271118,drive://dataset_realization_robustness_v1/runs/replicate_2/confirm_K3_i000321/transformer/d8/n256/seed1/DONE.json,1.3475309797921202,1.346869451695575,1.346830231354772,1.3468278515815026,0.0222175117097945,0.0197594296456091,-16.91003071572181,dataset_replication_project,2,2062806627.0,drive://dataset_realization_robustness_v1/datasets/replicate_2/confirm_K3_i000321.npz
done,confirm_K3_i000321,Transformer,8,2,256,48,1.359724536538124,16,48,1064,cuda,1.3102708533406258,1.3903658613562584,1.3149036094546318,1.399084098637104,drive://dataset_realization_robustness_v1/runs/replicate_2/confirm_K3_i000321/transformer/d8/n256/seed2/DONE.json,1.3475309797921202,1.346869451695575,1.346830231354772,1.3468278515815026,0.0615968166845228,0.0522562470556013,-126.31159432284936,dataset_replication_project,2,2229430427.0,drive://dataset_realization_robustness_v1/datasets/replicate_2/confirm_K3_i000321.npz
done,confirm_K3_i000321,Transformer,8,3,256,48,1.3954528532922268,16,48,1064,cuda,1.3532382994890213,1.3571076691150663,1.333371475338936,1.376671202480793,drive://dataset_realization_robustness_v1/runs/replicate_2/confirm_K3_i000321/transformer/d8/n256/seed3/DONE.json,1.3475309797921202,1.346869451695575,1.346830231354772,1.3468278515815026,0.0266551201659853,0.0298433508992903,-33.32664318956845,dataset_replication_project,2,2061733532.0,drive://dataset_realization_robustness_v1/datasets/replicate_2/confirm_K3_i000321.npz
done,confirm_K3_i000321,Transformer,32,1,256,26,1.3315934725105762,16,34,13448,cuda,1.3451952189207077,1.2748154774308205,1.3547708094120026,1.3785054087638855,drive://dataset_realization_robustness_v1/runs/replicate_2/confirm_K3_i000321/transformer/d32/n256/seed1/DONE.json,1.3475309797921202,1.346869451695575,1.346830231354772,1.3468278515815026,0.0558582594595128,0.0316775571823828,-47.37427590043723,dataset_replication_project,2,2611641651.0,drive://dataset_realization_robustness_v1/datasets/replicate_2/confirm_K3_i000321.npz
done,confirm_K3_i000321,Transformer,32,2,256,11,1.3602207899093628,16,19,13448,cuda,1.3487858176231384,1.3490009009838104,1.3365349844098091,1.3528123199939728,drive://dataset_realization_robustness_v1/runs/replicate_2/confirm_K3_i000321/transformer/d32/n256/seed2/DONE.json,1.3475309797921202,1.346869451695575,1.346830231354772,1.3468278515815026,0.0086925872720347,0.0059844684124701,-5.726555000968837,dataset_replication_project,2,3096640505.0,drive://dataset_realization_robustness_v1/datasets/replicate_2/confirm_K3_i000321.npz
done,confirm_K3_i000321,Transformer,32,3,256,12,1.3533762209117413,16,20,13448,cuda,1.3699005544185638,1.3711146712303162,1.32548126578331,1.3692322447896004,drive://dataset_realization_robustness_v1/runs/replicate_2/confirm_K3_i000321/transformer/d32/n256/seed3/DONE.json,1.3475309797921202,1.346869451695575,1.346830231354772,1.3468278515815026,0.0218960399295818,0.0224043932080977,0.9504804655419477,dataset_replication_project,2,3328039405.0,drive://dataset_realization_robustness_v1/datasets/replicate_2/confirm_K3_i000321.npz
done,confirm_K3_i000321,Transformer,128,1,256,5,1.35443177819252,16,13,201224,cuda,1.4230655133724213,1.4200557172298431,1.3440063521265984,1.3152809292078018,drive://dataset_realization_robustness_v1/runs/replicate_2/confirm_K3_i000321/transformer/d128/n256/seed1/DONE.json,1.3475309797921202,1.346869451695575,1.346830231354772,1.3468278515815026,0.0762569538896856,-0.0315469223737008,153.2929308439344,dataset_replication_project,2,3369374980.0,drive://dataset_realization_robustness_v1/datasets/replicate_2/confirm_K3_i000321.npz
done,confirm_K3_i000321,Transformer,128,2,256,5,1.40910729393363,16,13,201224,cuda,1.4358958452939987,1.3315225020051005,1.448962777853012,1.4196813255548475,drive://dataset_realization_robustness_v1/runs/replicate_2/confirm_K3_i000321/transformer/d128/n256/seed2/DONE.json,1.3475309797921202,1.346869451695575,1.346830231354772,1.3468278515815026,0.0471093995120582,0.072853473973345,23.060544996351883,dataset_replication_project,2,2697850077.0,drive://dataset_realization_robustness_v1/datasets/replicate_2/confirm_K3_i000321.npz
done,confirm_K3_i000321,Transformer,128,3,256,8,1.3665147684514525,16,16,201224,cuda,1.354998342692852,1.3629901856184006,1.3612279519438744,1.4085044786334038,drive://dataset_realization_robustness_v1/runs/replicate_2/confirm_K3_i000321/transformer/d128/n256/seed3/DONE.json,1.3475309797921202,1.346869451695575,1.346830231354772,1.3468278515815026,0.0425713480962169,0.0616766270519011,-76.09726808366271,dataset_replication_project,2,2354973797.0,drive://dataset_realization_robustness_v1/datasets/replicate_2/confirm_K3_i000321.npz
done,confirm_K3_i000321,Transformer,256,1,256,8,1.3191455975174904,16,16,795656,cuda,1.4423185363411903,1.3268717899918556,1.4025753885507584,1.4044139683246613,drive://dataset_realization_robustness_v1/runs/replicate_2/confirm_K3_i000321/transformer/d256/n256/seed1/DONE.json,1.3475309797921202,1.346869451695575,1.346830231354772,1.3468278515815026,0.0430307417254845,0.0575861167431586,53.90847279934408,dataset_replication_project,2,3189586372.0,drive://dataset_realization_robustness_v1/datasets/replicate_2/confirm_K3_i000321.npz
done,confirm_K3_i000321,Transformer,256,2,256,9,1.3099822141230106,16,17,795656,cuda,1.3614908158779144,1.4435573518276217,1.3787027522921562,1.4305970519781113,drive://dataset_realization_robustness_v1/runs/replicate_2/confirm_K3_i000321/transformer/d256/n256/seed2/DONE.json,1.3475309797921202,1.346869451695575,1.346830231354772,1.3468278515815026,0.0439701759355926,0.0837692003966086,-98.2839758903984,dataset_replication_project,2,3900016303.0,drive://dataset_realization_robustness_v1/datasets/replicate_2/confirm_K3_i000321.npz
done,confirm_K3_i000321,Transformer,256,3,256,21,1.348924595862627,16,29,795656,cuda,1.397988960146904,1.4515248760581017,1.364621102809906,1.3688813149929049,drive://dataset_realization_robustness_v1/runs/replicate_2/confirm_K3_i000321/transformer/d256/n256/seed3/DONE.json,1.3475309797921202,1.346869451695575,1.346830231354772,1.3468278515815026,0.0437266229714335,0.022053463411402,41.39735074551099,dataset_replication_project,2,3577463115.0,drive://dataset_realization_robustness_v1/datasets/replicate_2/confirm_K3_i000321.npz
done,confirm_K3_i000341,GRU,8,1,256,39,1.9307855144143105,16,47,576,cuda,1.96738763153553,1.94827713817358,1.9222319051623344,1.9472618624567983,drive://dataset_realization_robustness_v1/runs/replicate_2/confirm_K3_i000341/gru/d8/n256/seed1/DONE.json,1.9426797231331288,1.9375620566447007,1.9343421948905468,1.9322632441419432,0.014556028791264,0.0149986183148553,1.932108642062442,dataset_replication_project,2,3718040445.0,drive://dataset_realization_robustness_v1/datasets/replicate_2/confirm_K3_i000341.npz
done,confirm_K3_i000341,GRU,8,2,256,37,1.9510722309350967,16,45,576,cuda,1.950286544859409,1.925059899687767,1.9602596908807757,1.960079938173294,drive://dataset_realization_robustness_v1/runs/replicate_2/confirm_K3_i000341/gru/d8/n256/seed2/DONE.json,1.9426797231331288,1.9375620566447007,1.9343421948905468,1.9322632441419432,0.0225701995826474,0.0278166940313508,-0.9401826972599758,dataset_replication_project,2,3589284880.0,drive://dataset_realization_robustness_v1/datasets/replicate_2/confirm_K3_i000341.npz
done,confirm_K3_i000341,GRU,8,3,256,42,1.931287717074156,16,48,576,cuda,1.965778931975365,1.965772978961468,1.9516491293907168,1.9513394609093664,drive://dataset_realization_robustness_v1/runs/replicate_2/confirm_K3_i000341/gru/d8/n256/seed3/DONE.json,1.9426797231331288,1.9375620566447007,1.9343421948905468,1.9322632441419432,0.0050684729073072,0.0190762167674234,1.3862141975437905,dataset_replication_project,2,3571453185.0,drive://dataset_realization_robustness_v1/datasets/replicate_2/confirm_K3_i000341.npz
done,confirm_K3_i000341,GRU,32,1,256,25,1.934982631355524,16,33,6888,cuda,1.9524444863200188,1.9935050457715988,1.9684407263994217,1.9944040179252625,drive://dataset_realization_robustness_v1/runs/replicate_2/confirm_K3_i000341/gru/d32/n256/seed1/DONE.json,1.9426797231331288,1.9375620566447007,1.9343421948905468,1.9322632441419432,0.0298664794226875,0.0621407737833192,-4.028187609339951,dataset_replication_project,2,3913158373.0,drive://dataset_realization_robustness_v1/datasets/replicate_2/confirm_K3_i000341.npz
done,confirm_K3_i000341,GRU,32,2,256,9,1.9653192162513733,16,17,6888,cuda,1.9833379611372948,1.9536673948168757,1.949942797422409,1.9625247716903689,drive://dataset_realization_robustness_v1/runs/replicate_2/confirm_K3_i000341/gru/d32/n256/seed2/DONE.json,1.9426797231331288,1.9375620566447007,1.9343421948905468,1.9322632441419432,0.0114393182521738,0.0302615275484254,1.9981021864046595,dataset_replication_project,2,2716237429.0,drive://dataset_realization_robustness_v1/datasets/replicate_2/confirm_K3_i000341.npz
done,confirm_K3_i000341,GRU,32,3,256,18,1.9341980181634424,16,26,6888,cuda,1.962570160627365,1.9455933570861816,1.9811870232224464,1.9381464645266533,drive://dataset_realization_robustness_v1/runs/replicate_2/confirm_K3_i000341/gru/d32/n256/seed3/DONE.json,1.9426797231331288,1.9375620566447007,1.9343421948905468,1.9322632441419432,0.0216718117880287,0.0058832203847101,2.344717070075131,dataset_replication_project,2,2486354895.0,drive://dataset_realization_robustness_v1/datasets/replicate_2/confirm_K3_i000341.npz
done,confirm_K3_i000341,GRU,128,1,256,16,1.9560615345835688,16,24,101256,cuda,1.9698133915662768,1.9613475501537323,1.971377335488796,1.936477050185204,drive://dataset_realization_robustness_v1/runs/replicate_2/confirm_K3_i000341/gru/d128/n256/seed1/DONE.json,1.9426797231331288,1.9375620566447007,1.9343421948905468,1.9322632441419432,0.0222800978689486,0.0042138060432603,3.2003464327324216,dataset_replication_project,2,3171974945.0,drive://dataset_realization_robustness_v1/datasets/replicate_2/confirm_K3_i000341.npz
done,confirm_K3_i000341,GRU,128,2,256,4,1.944476444274187,16,12,101256,cuda,1.966780349612236,2.0000499561429024,1.971484124660492,1.9788711741566656,drive://dataset_realization_robustness_v1/runs/replicate_2/confirm_K3_i000341/gru/d128/n256/seed2/DONE.json,1.9426797231331288,1.9375620566447007,1.9343421948905468,1.9322632441419432,0.0145632869218686,0.0466079300147226,-1.1607400691405438,dataset_replication_project,2,3171747005.0,drive://dataset_realization_robustness_v1/datasets/replicate_2/confirm_K3_i000341.npz
done,confirm_K3_i000341,GRU,128,3,256,13,1.947905085980892,16,21,101256,cuda,1.9433859959244728,1.9506063386797905,2.0051894932985306,1.9503501057624817,drive://dataset_realization_robustness_v1/runs/replicate_2/confirm_K3_i000341/gru/d128/n256/seed3/DONE.json,1.9426797231331288,1.9375620566447007,1.9343421948905468,1.9322632441419432,0.0278889591367583,0.0180868616205385,-0.6685665899102666,dataset_replication_project,2,2180242481.0,drive://dataset_realization_robustness_v1/datasets/replicate_2/confirm_K3_i000341.npz
done,confirm_K3_i000341,GRU,256,1,256,28,1.948763966560364,16,36,399112,cuda,1.953937366604805,1.958488948643208,1.92920084297657,1.9590309858322144,drive://dataset_realization_robustness_v1/runs/replicate_2/confirm_K3_i000341/gru/d256/n256/seed1/DONE.json,1.9426797231331288,1.9375620566447007,1.9343421948905468,1.9322632441419432,0.0179782432854054,0.0267677416902711,-0.4889962560016277,dataset_replication_project,2,2163199674.0,drive://dataset_realization_robustness_v1/datasets/replicate_2/confirm_K3_i000341.npz
done,confirm_K3_i000341,GRU,256,2,256,9,1.9692067429423328,16,17,399112,cuda,1.948334150016308,2.0056110993027687,1.9617537558078768,1.9774382784962652,drive://dataset_realization_robustness_v1/runs/replicate_2/confirm_K3_i000341/gru/d256/n256/seed2/DONE.json,1.9426797231331288,1.9375620566447007,1.9343421948905468,1.9322632441419432,0.0244981614581316,0.0451750343543222,-2.794046673985084,dataset_replication_project,2,2680458608.0,drive://dataset_realization_robustness_v1/datasets/replicate_2/confirm_K3_i000341.npz
done,confirm_K3_i000341,GRU,256,3,256,29,1.9512731432914732,16,37,399112,cuda,1.9596715793013573,1.924036905169487,1.943136729300022,1.9267922043800356,drive://dataset_realization_robustness_v1/runs/replicate_2/confirm_K3_i000341/gru/d256/n256/seed3/DONE.json,1.9426797231331288,1.9375620566447007,1.9343421948905468,1.9322632441419432,0.0139010522578128,-0.0054710397619077,3.156476862205009,dataset_replication_project,2,3589017155.0,drive://dataset_realization_robustness_v1/datasets/replicate_2/confirm_K3_i000341.npz
done,confirm_K3_i000341,Transformer,8,1,256,32,1.9604254215955732,16,40,1064,cuda,1.930346630513668,1.9419643506407736,1.9568972289562223,1.9451428428292277,drive://dataset_realization_robustness_v1/runs/replicate_2/confirm_K3_i000341/transformer/d8/n256/seed1/DONE.json,1.9426797231331288,1.9375620566447007,1.9343421948905468,1.9322632441419432,0.0141523721290661,0.0128795986872842,-1.4204619745386065,dataset_replication_project,2,3805092061.0,drive://dataset_realization_robustness_v1/datasets/replicate_2/confirm_K3_i000341.npz
done,confirm_K3_i000341,Transformer,8,2,256,39,1.9421167597174644,16,47,1064,cuda,1.9473180547356608,1.9263665527105327,1.924458160996437,1.9414885565638544,drive://dataset_realization_robustness_v1/runs/replicate_2/confirm_K3_i000341/transformer/d8/n256/seed2/DONE.json,1.9426797231331288,1.9375620566447007,1.9343421948905468,1.9322632441419432,0.0141705438349385,0.009225312421911,0.5596419074755732,dataset_replication_project,2,3245295927.0,drive://dataset_realization_robustness_v1/datasets/replicate_2/confirm_K3_i000341.npz
done,confirm_K3_i000341,Transformer,8,3,256,44,1.9234518483281136,16,48,1064,cuda,1.962493576109409,1.934869848191738,1.967100813984871,1.9145195111632347,drive://dataset_realization_robustness_v1/runs/replicate_2/confirm_K3_i000341/transformer/d8/n256/seed3/DONE.json,1.9426797231331288,1.9375620566447007,1.9343421948905468,1.9322632441419432,0.0323558658446349,-0.0177437329787084,4.605593213097269,dataset_replication_project,2,2327299603.0,drive://dataset_realization_robustness_v1/datasets/replicate_2/confirm_K3_i000341.npz
done,confirm_K3_i000341,Transformer,32,1,256,12,1.9583778977394104,16,20,13448,cuda,1.97327271848917,1.9493132457137108,1.9321394190192225,1.967887319624424,drive://dataset_realization_robustness_v1/runs/replicate_2/confirm_K3_i000341/transformer/d32/n256/seed1/DONE.json,1.9426797231331288,1.9375620566447007,1.9343421948905468,1.9322632441419432,0.0225060944873384,0.0356240754824808,0.5170076058621357,dataset_replication_project,2,2579275295.0,drive://dataset_realization_robustness_v1/datasets/replicate_2/confirm_K3_i000341.npz
done,confirm_K3_i000341,Transformer,32,2,256,25,1.935872722417116,16,33,13448,cuda,1.9593075066804888,1.9373077899217608,1.9775253012776373,1.9533001631498337,drive://dataset_realization_robustness_v1/runs/replicate_2/confirm_K3_i000341/transformer/d32/n256/seed2/DONE.json,1.9426797231331288,1.9375620566447007,1.9343421948905468,1.9322632441419432,0.0155178017190635,0.0210369190078905,0.5767153695349758,dataset_replication_project,2,2034517584.0,drive://dataset_realization_robustness_v1/datasets/replicate_2/confirm_K3_i000341.npz
done,confirm_K3_i000341,Transformer,32,3,256,10,1.9373751655220983,16,18,13448,cuda,1.968239188194275,1.9504635035991669,1.9704851061105728,1.952418252825737,drive://dataset_realization_robustness_v1/runs/replicate_2/confirm_K3_i000341/transformer/d32/n256/seed3/DONE.json,1.9426797231331288,1.9375620566447007,1.9343421948905468,1.9322632441419432,0.0091847065005356,0.0201550086837938,1.5188371600351294,dataset_replication_project,2,3022014774.0,drive://dataset_realization_robustness_v1/datasets/replicate_2/confirm_K3_i000341.npz
done,confirm_K3_i000341,Transformer,128,1,256,21,1.9906155616045,16,29,201224,cuda,2.0085808485746384,1.9207378029823303,1.996366746723652,1.9483701586723328,drive://dataset_realization_robustness_v1/runs/replicate_2/confirm_K3_i000341/transformer/d128/n256/seed1/DONE.json,1.9426797231331288,1.9375620566447007,1.9343421948905468,1.9322632441419432,0.0376575181546284,0.0161069145303895,5.780330373944577,dataset_replication_project,2,2573608350.0,drive://dataset_realization_robustness_v1/datasets/replicate_2/confirm_K3_i000341.npz
done,confirm_K3_i000341,Transformer,128,2,256,32,1.95603546500206,16,40,201224,cuda,1.9706665500998497,1.979403235018253,1.922266468405724,1.9407264068722725,drive://dataset_realization_robustness_v1/runs/replicate_2/confirm_K3_i000341/transformer/d128/n256/seed2/DONE.json,1.9426797231331288,1.9375620566447007,1.9343421948905468,1.9322632441419432,0.0218924151459296,0.0084631627303293,2.8743055357681357,dataset_replication_project,2,2426040063.0,drive://dataset_realization_robustness_v1/datasets/replicate_2/confirm_K3_i000341.npz
done,confirm_K3_i000341,Transformer,128,3,256,5,1.959518015384674,16,13,201224,cuda,2.0062200948596,1.977641947567463,1.977352350950241,2.010476678609848,drive://dataset_realization_robustness_v1/runs/replicate_2/confirm_K3_i000341/transformer/d128/n256/seed3/DONE.json,1.9426797231331288,1.9375620566447007,1.9343421948905468,1.9322632441419432,0.0269663527576928,0.0782134344679048,-0.4086394024170617,dataset_replication_project,2,3890475396.0,drive://dataset_realization_robustness_v1/datasets/replicate_2/confirm_K3_i000341.npz
done,confirm_K3_i000341,Transformer,256,1,256,28,1.953942909836769,16,36,795656,cuda,1.966525621712208,1.937296949326992,1.941271610558033,1.932914175093174,drive://dataset_realization_robustness_v1/runs/replicate_2/confirm_K3_i000341/transformer/d256/n256/seed1/DONE.json,1.9426797231331288,1.9375620566447007,1.9343421948905468,1.9322632441419432,0.0120235708059143,0.0006509309512308,3.226757011411993,dataset_replication_project,2,3282062040.0,drive://dataset_realization_robustness_v1/datasets/replicate_2/confirm_K3_i000341.npz
done,confirm_K3_i000341,Transformer,256,2,256,25,1.9496981538832188,16,33,795656,cuda,1.9541367962956429,1.934820719063282,1.9433855786919596,1.9525908678770063,drive://dataset_realization_robustness_v1/runs/replicate_2/confirm_K3_i000341/transformer/d256/n256/seed2/DONE.json,1.9426797231331288,1.9375620566447007,1.9343421948905468,1.9322632441419432,0.0135848970787571,0.0203276237350633,0.1484118021016972,dataset_replication_project,2,3429011561.0,drive://dataset_realization_robustness_v1/datasets/replicate_2/confirm_K3_i000341.npz
done,confirm_K3_i000341,Transformer,256,3,256,12,1.9838094636797905,16,20,795656,cuda,1.9413744509220123,1.964110217988491,1.9603289663791656,1.963544487953186,drive://dataset_realization_robustness_v1/runs/replicate_2/confirm_K3_i000341/transformer/d256/n256/seed3/DONE.json,1.9426797231331288,1.9375620566447007,1.9343421948905468,1.9322632441419432,0.0166756898904829,0.0312812438112428,-2.1283619013616764,dataset_replication_project,2,3498321157.0,drive://dataset_realization_robustness_v1/datasets/replicate_2/confirm_K3_i000341.npz
done,confirm_K3_i000975,GRU,8,1,256,47,1.0313894897699356,16,48,576,cuda,1.0448174513876438,0.930930707603693,0.959041766822338,0.9908026419579984,drive://dataset_realization_robustness_v1/runs/replicate_2/confirm_K3_i000975/gru/d8/n256/seed1/DONE.json,1.0157131464906894,0.9402272892858976,0.9075909776404404,0.8940198827082537,0.0668733640292821,0.0967827592497445,0.443860307060329,dataset_replication_project,2,2031665761.0,drive://dataset_realization_robustness_v1/datasets/replicate_2/confirm_K3_i000975.npz
done,confirm_K3_i000975,GRU,8,2,256,48,1.0314520001411438,16,48,576,cuda,1.0774446092545986,1.0021845810115335,0.953264471143484,1.006449643522501,drive://dataset_realization_robustness_v1/runs/replicate_2/confirm_K3_i000975/gru/d8/n256/seed2/DONE.json,1.0157131464906894,0.9402272892858976,0.9075909776404404,0.8940198827082537,0.0489238867692116,0.1124297608142472,0.5833927328880179,dataset_replication_project,2,2097330733.0,drive://dataset_realization_robustness_v1/datasets/replicate_2/confirm_K3_i000975.npz
done,confirm_K3_i000975,GRU,8,3,256,48,0.9980486147105694,16,48,576,cuda,1.063031055033207,0.992300108075142,0.9640454612672328,0.969037763774395,drive://dataset_realization_robustness_v1/runs/replicate_2/confirm_K3_i000975/gru/d8/n256/seed3/DONE.json,1.0157131464906894,0.9402272892858976,0.9075909776404404,0.8940198827082537,0.0202383552023837,0.0750178810661412,0.7723787524250642,dataset_replication_project,2,3463114569.0,drive://dataset_realization_robustness_v1/datasets/replicate_2/confirm_K3_i000975.npz
done,confirm_K3_i000975,GRU,32,1,256,44,0.9705475904047488,16,48,6888,cuda,0.9790414199233056,0.9164358153939248,0.8469091504812241,0.8909368701279163,drive://dataset_realization_robustness_v1/runs/replicate_2/confirm_K3_i000975/gru/d32/n256/seed1/DONE.json,1.0157131464906894,0.9402272892858976,0.9075909776404404,0.8940198827082537,0.0349094024515287,-0.0030830125803373,0.723988716030357,dataset_replication_project,2,2294367796.0,drive://dataset_realization_robustness_v1/datasets/replicate_2/confirm_K3_i000975.npz
done,confirm_K3_i000975,GRU,32,2,256,36,0.9367688726633788,16,44,6888,cuda,0.9908601120114326,0.944212321192026,0.9069441817700864,0.8975630924105644,drive://dataset_realization_robustness_v1/runs/replicate_2/confirm_K3_i000975/gru/d32/n256/seed2/DONE.json,1.0157131464906894,0.9402272892858976,0.9075909776404404,0.8940198827082537,0.0143535538907438,0.0035432097023107,0.766657222438092,dataset_replication_project,2,3701649464.0,drive://dataset_realization_robustness_v1/datasets/replicate_2/confirm_K3_i000975.npz
done,confirm_K3_i000975,GRU,32,3,256,42,0.9415098149329424,16,48,6888,cuda,0.9955700300633908,0.9194641523063184,0.9089382812380792,0.8749623484909534,drive://dataset_realization_robustness_v1/runs/replicate_2/confirm_K3_i000975/gru/d32/n256/seed3/DONE.json,1.0157131464906894,0.9402272892858976,0.9075909776404404,0.8940198827082537,0.0102523774775819,-0.0190575342173002,0.9910793566031786,dataset_replication_project,2,2546876335.0,drive://dataset_realization_robustness_v1/datasets/replicate_2/confirm_K3_i000975.npz
done,confirm_K3_i000975,GRU,128,1,256,36,0.8882427029311657,16,44,101256,cuda,1.036863848567009,0.9232699424028395,0.8744753003120422,0.9218785651028156,drive://dataset_realization_robustness_v1/runs/replicate_2/confirm_K3_i000975/gru/d128/n256/seed1/DONE.json,1.0157131464906894,0.9402272892858976,0.9075909776404404,0.8940198827082537,0.0379846877826688,0.0278586823945619,0.9448779652238192,dataset_replication_project,2,2179701539.0,drive://dataset_realization_robustness_v1/datasets/replicate_2/confirm_K3_i000975.npz
done,confirm_K3_i000975,GRU,128,2,256,32,0.8753843959420919,16,40,101256,cuda,0.9930669665336608,0.9549304731190204,0.8915067240595818,0.9123713783919812,drive://dataset_realization_robustness_v1/runs/replicate_2/confirm_K3_i000975/gru/d128/n256/seed2/DONE.json,1.0157131464906894,0.9402272892858976,0.9075909776404404,0.8940198827082537,0.0268325381520148,0.0183514956837274,0.6631064500492652,dataset_replication_project,2,4013290762.0,drive://dataset_realization_robustness_v1/datasets/replicate_2/confirm_K3_i000975.npz
done,confirm_K3_i000975,GRU,128,3,256,33,0.8933869656175375,16,41,101256,cuda,0.9638088122010232,0.9118993915617466,0.9138571918010712,0.8964925967156887,drive://dataset_realization_robustness_v1/runs/replicate_2/confirm_K3_i000975/gru/d128/n256/seed3/DONE.json,1.0157131464906894,0.9402272892858976,0.9075909776404404,0.8940198827082537,0.0313046789951498,0.0024727140074349,0.5531630378956958,dataset_replication_project,2,2478516259.0,drive://dataset_realization_robustness_v1/datasets/replicate_2/confirm_K3_i000975.npz
done,confirm_K3_i000975,GRU,256,1,256,4,0.9427318461239338,16,12,399112,cuda,1.0330598652362823,0.9531324878335,0.9089599996805192,0.931699100881815,drive://dataset_realization_robustness_v1/runs/replicate_2/confirm_K3_i000975/gru/d256/n256/seed1/DONE.json,1.0157131464906894,0.9402272892858976,0.9075909776404404,0.8940198827082537,0.0242156608657894,0.0376792181735612,0.8329200910880412,dataset_replication_project,2,2052786619.0,drive://dataset_realization_robustness_v1/datasets/replicate_2/confirm_K3_i000975.npz
done,confirm_K3_i000975,GRU,256,2,256,43,0.9410583041608334,16,48,399112,cuda,0.9814499132335186,0.9099534153938292,0.9108696207404136,0.9960328228771688,drive://dataset_realization_robustness_v1/runs/replicate_2/confirm_K3_i000975/gru/d256/n256/seed2/DONE.json,1.0157131464906894,0.9402272892858976,0.9075909776404404,0.8940198827082537,0.1070274007389693,0.1020129401689149,-0.1198333349799994,dataset_replication_project,2,2866791136.0,drive://dataset_realization_robustness_v1/datasets/replicate_2/confirm_K3_i000975.npz
done,confirm_K3_i000975,GRU,256,3,256,28,0.909897269681096,16,36,399112,cuda,0.995820913463831,0.9361107163131236,0.879110861569643,0.9318270944058896,drive://dataset_realization_robustness_v1/runs/replicate_2/confirm_K3_i000975/gru/d256/n256/seed3/DONE.json,1.0157131464906894,0.9402272892858976,0.9075909776404404,0.8940198827082537,0.0486848011839566,0.0378072116976357,0.5258616382608502,dataset_replication_project,2,3239843734.0,drive://dataset_realization_robustness_v1/datasets/replicate_2/confirm_K3_i000975.npz
done,confirm_K3_i000975,Transformer,8,1,256,47,0.9667779933661222,16,48,1064,cuda,0.9961171485483646,0.9796467907726764,1.029764600098133,0.9600607715547084,drive://dataset_realization_robustness_v1/runs/replicate_2/confirm_K3_i000975/transformer/d8/n256/seed1/DONE.json,1.0157131464906894,0.9402272892858976,0.9075909776404404,0.8940198827082537,0.052899098353607,0.0660408888464547,0.2962890128258706,dataset_replication_project,2,3402779783.0,drive://dataset_realization_robustness_v1/datasets/replicate_2/confirm_K3_i000975.npz
done,confirm_K3_i000975,Transformer,8,2,256,45,1.034541979432106,16,48,1064,cuda,0.9935157857835292,1.005239088088274,0.9775447696447372,1.0300167128443718,drive://dataset_realization_robustness_v1/runs/replicate_2/confirm_K3_i000975/transformer/d8/n256/seed2/DONE.json,1.0157131464906894,0.9402272892858976,0.9075909776404404,0.8940198827082537,0.0927711695190011,0.135996830136118,-0.2999420504170156,dataset_replication_project,2,3283504030.0,drive://dataset_realization_robustness_v1/datasets/replicate_2/confirm_K3_i000975.npz
done,confirm_K3_i000975,Transformer,8,3,256,47,1.0210631471127272,16,48,1064,cuda,1.041882175952196,0.9522852338850498,0.9769296310842036,0.9602383486926556,drive://dataset_realization_robustness_v1/runs/replicate_2/confirm_K3_i000975/transformer/d8/n256/seed3/DONE.json,1.0157131464906894,0.9402272892858976,0.9075909776404404,0.8940198827082537,0.0337159272907666,0.0662184659844018,0.6708984928328006,dataset_replication_project,2,3428856631.0,drive://dataset_realization_robustness_v1/datasets/replicate_2/confirm_K3_i000975.npz
done,confirm_K3_i000975,Transformer,32,1,256,17,0.9683140777051448,16,25,13448,cuda,0.9862111508846284,0.9113379679620266,0.9198275059461594,0.9209750853478909,drive://dataset_realization_robustness_v1/runs/replicate_2/confirm_K3_i000975/transformer/d32/n256/seed1/DONE.json,1.0157131464906894,0.9402272892858976,0.9075909776404404,0.8940198827082537,0.0403815102014921,0.0269552026396371,0.5360696517546529,dataset_replication_project,2,3154216003.0,drive://dataset_realization_robustness_v1/datasets/replicate_2/confirm_K3_i000975.npz
done,confirm_K3_i000975,Transformer,32,2,256,33,0.914968479424715,16,41,13448,cuda,1.0420365929603577,0.9913221038877964,0.9184977523982524,0.915894165635109,drive://dataset_realization_robustness_v1/runs/replicate_2/confirm_K3_i000975/transformer/d32/n256/seed2/DONE.json,1.0157131464906894,0.9402272892858976,0.9075909776404404,0.8940198827082537,0.01576325444698,0.0218742829268552,1.0365604751201944,dataset_replication_project,2,3678169885.0,drive://dataset_realization_robustness_v1/datasets/replicate_2/confirm_K3_i000975.npz
done,confirm_K3_i000975,Transformer,32,3,256,31,0.923480672761798,16,39,13448,cuda,1.03800630569458,0.8843367025256157,0.8464479297399521,0.9615583755075932,drive://dataset_realization_robustness_v1/runs/replicate_2/confirm_K3_i000975/transformer/d32/n256/seed3/DONE.json,1.0157131464906894,0.9402272892858976,0.9075909776404404,0.8940198827082537,0.0919793683523378,0.0675384927993394,0.6282018232632925,dataset_replication_project,2,3090836741.0,drive://dataset_realization_robustness_v1/datasets/replicate_2/confirm_K3_i000975.npz
done,confirm_K3_i000975,Transformer,128,1,256,12,0.9320430755615234,16,20,201224,cuda,0.951207172125578,0.98673140630126,0.9989974536001682,0.9229129068553448,drive://dataset_realization_robustness_v1/runs/replicate_2/confirm_K3_i000975/transformer/d128/n256/seed1/DONE.json,1.0157131464906894,0.9402272892858976,0.9075909776404404,0.8940198827082537,0.0568802583780791,0.028893024147091,0.2325047779211336,dataset_replication_project,2,3076173763.0,drive://dataset_realization_robustness_v1/datasets/replicate_2/confirm_K3_i000975.npz
done,confirm_K3_i000975,Transformer,128,2,256,6,0.9792528729885815,16,14,201224,cuda,1.0242008306086063,0.896062757819891,0.9289368875324726,0.9007799886167048,drive://dataset_realization_robustness_v1/runs/replicate_2/confirm_K3_i000975/transformer/d128/n256/seed2/DONE.json,1.0157131464906894,0.9402272892858976,0.9075909776404404,0.8940198827082537,0.0265002306406816,0.0067601059084512,1.0141961695805468,dataset_replication_project,2,2100167239.0,drive://dataset_realization_robustness_v1/datasets/replicate_2/confirm_K3_i000975.npz
done,confirm_K3_i000975,Transformer,128,3,256,14,0.958255797624588,16,22,201224,cuda,1.002057071775198,0.8918179161846638,0.916344791650772,0.9008601419627666,drive://dataset_realization_robustness_v1/runs/replicate_2/confirm_K3_i000975/transformer/d128/n256/seed3/DONE.json,1.0157131464906894,0.9402272892858976,0.9075909776404404,0.8940198827082537,0.0294800070957363,0.0068402592545129,0.8315738001188964,dataset_replication_project,2,2031215943.0,drive://dataset_realization_robustness_v1/datasets/replicate_2/confirm_K3_i000975.npz
done,confirm_K3_i000975,Transformer,256,1,256,16,0.953269962221384,16,24,795656,cuda,1.0728242322802544,0.9856844507157804,0.9807127974927424,0.9885398633778096,drive://dataset_realization_robustness_v1/runs/replicate_2/confirm_K3_i000975/transformer/d256/n256/seed1/DONE.json,1.0157131464906894,0.9402272892858976,0.9075909776404404,0.8940198827082537,0.032651443054818,0.0945199806695558,0.6925968314329145,dataset_replication_project,2,2312446106.0,drive://dataset_realization_robustness_v1/datasets/replicate_2/confirm_K3_i000975.npz
done,confirm_K3_i000975,Transformer,256,2,256,29,0.952122339978814,16,37,795656,cuda,0.9462243802845478,0.958867497742176,0.9233479462563992,0.9551797658205032,drive://dataset_realization_robustness_v1/runs/replicate_2/confirm_K3_i000975/transformer/d256/n256/seed2/DONE.json,1.0157131464906894,0.9402272892858976,0.9075909776404404,0.8940198827082537,0.0723505648670538,0.0611598831122495,-0.07358982130651,dataset_replication_project,2,3252062858.0,drive://dataset_realization_robustness_v1/datasets/replicate_2/confirm_K3_i000975.npz
done,confirm_K3_i000975,Transformer,256,3,256,33,0.9152633249759674,16,41,795656,cuda,1.0087853334844112,0.9648706503212452,0.9096037559211254,0.8969646766781807,drive://dataset_realization_robustness_v1/runs/replicate_2/confirm_K3_i000975/transformer/d256/n256/seed3/DONE.json,1.0157131464906894,0.9402272892858976,0.9075909776404404,0.8940198827082537,0.0119285878716234,0.0029447939699269,0.9188730200066332,dataset_replication_project,2,2246339171.0,drive://dataset_realization_robustness_v1/datasets/replicate_2/confirm_K3_i000975.npz
done,confirm_K3_i001202,GRU,8,1,256,29,1.9958446063101287,16,37,576,cuda,2.020138792693615,1.980788476765156,2.014812372624874,1.995499536395073,drive://dataset_realization_robustness_v1/runs/replicate_2/confirm_K3_i001202/gru/d8/n256/seed1/DONE.json,1.9860657789307687,1.9854790912352407,1.985392839271571,1.985379845856866,0.0170703746343636,0.0101196905382068,35.920787662790985,dataset_replication_project,2,2758901912.0,drive://dataset_realization_robustness_v1/datasets/replicate_2/confirm_K3_i001202.npz
done,confirm_K3_i001202,GRU,8,2,256,29,2.0081341825425625,16,37,576,cuda,2.0124076679348946,1.9716875925660131,1.980053298175335,1.96706173568964,drive://dataset_realization_robustness_v1/runs/replicate_2/confirm_K3_i001202/gru/d8/n256/seed2/DONE.json,1.9860657789307687,1.9854790912352407,1.985392839271571,1.985379845856866,0.0233636950885846,-0.018318110167226,66.10839157712236,dataset_replication_project,2,3400819281.0,drive://dataset_realization_robustness_v1/datasets/replicate_2/confirm_K3_i001202.npz
done,confirm_K3_i001202,GRU,8,3,256,45,2.008269637823105,16,48,576,cuda,2.0072533786296844,2.0138287246227264,1.9943608194589613,1.9849514812231064,drive://dataset_realization_robustness_v1/runs/replicate_2/confirm_K3_i001202/gru/d8/n256/seed3/DONE.json,1.9860657789307687,1.9854790912352407,1.985392839271571,1.985379845856866,0.0185991557613528,-0.0004283646337597,32.5132265159498,dataset_replication_project,2,2554224484.0,drive://dataset_realization_robustness_v1/datasets/replicate_2/confirm_K3_i001202.npz
done,confirm_K3_i001202,GRU,32,1,256,17,1.9832371845841408,16,25,6888,cuda,1.9983307868242264,1.9811806306242945,2.0258549004793167,2.0135808810591698,drive://dataset_realization_robustness_v1/runs/replicate_2/confirm_K3_i001202/gru/d32/n256/seed1/DONE.json,1.9860657789307687,1.9854790912352407,1.985392839271571,1.985379845856866,0.019108289779634,0.0282010352023036,-22.23262708149877,dataset_replication_project,2,2699548273.0,drive://dataset_realization_robustness_v1/datasets/replicate_2/confirm_K3_i001202.npz
done,confirm_K3_i001202,GRU,32,2,256,11,1.9798892177641392,16,19,6888,cuda,1.9954186752438543,2.000486321747303,2.0046991631388664,2.024821847677231,drive://dataset_realization_robustness_v1/runs/replicate_2/confirm_K3_i001202/gru/d32/n256/seed2/DONE.json,1.9860657789307687,1.9854790912352407,1.985392839271571,1.985379845856866,0.0218395160531713,0.0394420018203647,-42.86594939370136,dataset_replication_project,2,3172741245.0,drive://dataset_realization_robustness_v1/datasets/replicate_2/confirm_K3_i001202.npz
done,confirm_K3_i001202,GRU,32,3,256,20,1.987582117319107,16,28,6888,cuda,1.990058250725269,2.0015040263533592,2.0023405626416206,1.991100251674652,drive://dataset_realization_robustness_v1/runs/replicate_2/confirm_K3_i001202/gru/d32/n256/seed3/DONE.json,1.9860657789307687,1.9854790912352407,1.985392839271571,1.985379845856866,0.0076684701784255,0.0057204058177859,-1.5191000245173936,dataset_replication_project,2,3713682710.0,drive://dataset_realization_robustness_v1/datasets/replicate_2/confirm_K3_i001202.npz
done,confirm_K3_i001202,GRU,128,1,256,11,2.0076533183455467,16,19,101256,cuda,1.9921010583639145,2.0034404918551445,2.028489589691162,2.068612702190876,drive://dataset_realization_robustness_v1/runs/replicate_2/confirm_K3_i001202/gru/d128/n256/seed1/DONE.json,1.9860657789307687,1.9854790912352407,1.985392839271571,1.985379845856866,0.0543845929661535,0.0832328563340099,-111.543890705906,dataset_replication_project,2,2708664322.0,drive://dataset_realization_robustness_v1/datasets/replicate_2/confirm_K3_i001202.npz
done,confirm_K3_i001202,GRU,128,2,256,14,2.0188557654619217,16,22,101256,cuda,2.0170161575078964,1.9820005744695663,2.016179785132408,2.0305626168847084,drive://dataset_realization_robustness_v1/runs/replicate_2/confirm_K3_i001202/gru/d128/n256/seed2/DONE.json,1.9860657789307687,1.9854790912352407,1.985392839271571,1.985379845856866,0.026352047865553,0.0451827710278422,-19.748952036587266,dataset_replication_project,2,3893027852.0,drive://dataset_realization_robustness_v1/datasets/replicate_2/confirm_K3_i001202.npz
done,confirm_K3_i001202,GRU,128,3,256,20,1.9888356514275076,16,28,101256,cuda,2.0200190022587776,1.9937296658754349,1.9849057868123052,2.024186782538891,drive://dataset_realization_robustness_v1/runs/replicate_2/confirm_K3_i001202/gru/d128/n256/seed3/DONE.json,1.9860657789307687,1.9854790912352407,1.985392839271571,1.985379845856866,0.025006336083032,0.0388069366820247,-6.076074239139,dataset_replication_project,2,3514252695.0,drive://dataset_realization_robustness_v1/datasets/replicate_2/confirm_K3_i001202.npz
done,confirm_K3_i001202,GRU,256,1,256,5,2.0544216111302376,16,13,399112,cuda,2.0338636934757237,2.045617952942848,1.9986460730433464,2.042473152279854,drive://dataset_realization_robustness_v1/runs/replicate_2/confirm_K3_i001202/gru/d256/n256/seed1/DONE.json,1.9860657789307687,1.9854790912352407,1.985392839271571,1.985379845856866,0.0224590276237721,0.0570933064229877,-12.551456011804213,dataset_replication_project,2,3930982387.0,drive://dataset_realization_robustness_v1/datasets/replicate_2/confirm_K3_i001202.npz
done,confirm_K3_i001202,GRU,256,2,256,13,1.9937299452722077,16,21,399112,cuda,2.009096324443817,2.026897966861725,2.0084669664502144,2.0014231353998184,drive://dataset_realization_robustness_v1/runs/replicate_2/confirm_K3_i001202/gru/d256/n256/seed2/DONE.json,1.9860657789307687,1.9854790912352407,1.985392839271571,1.985379845856866,0.013621442590029,0.0160432895429523,11.186498123412994,dataset_replication_project,2,3416467956.0,drive://dataset_realization_robustness_v1/datasets/replicate_2/confirm_K3_i001202.npz
done,confirm_K3_i001202,GRU,256,3,256,26,1.981382753700018,16,34,399112,cuda,1.9801707789301872,2.0090744718909264,2.0121917575597763,2.0014144107699394,drive://dataset_realization_robustness_v1/runs/replicate_2/confirm_K3_i001202/gru/d256/n256/seed3/DONE.json,1.9860657789307687,1.9854790912352407,1.985392839271571,1.985379845856866,0.0127861551646757,0.0160345649130733,-30.970414823250923,dataset_replication_project,2,3766186610.0,drive://dataset_realization_robustness_v1/datasets/replicate_2/confirm_K3_i001202.npz
done,confirm_K3_i001202,Transformer,8,1,256,36,1.997379656881094,16,44,1064,cuda,2.006533578038216,1.9952966794371605,1.992816187441349,1.9945096671581268,drive://dataset_realization_robustness_v1/runs/replicate_2/confirm_K3_i001202/transformer/d8/n256/seed1/DONE.json,1.9860657789307687,1.9854790912352407,1.985392839271571,1.985379845856866,0.0057431440559959,0.0091298213012607,17.529277035263018,dataset_replication_project,2,2894462064.0,drive://dataset_realization_robustness_v1/datasets/replicate_2/confirm_K3_i001202.npz
done,confirm_K3_i001202,Transformer,8,2,256,28,1.984878920018673,16,36,1064,cuda,1.997607968747616,1.9838551506400108,2.005433641374111,1.9816246777772903,drive://dataset_realization_robustness_v1/runs/replicate_2/confirm_K3_i001202/transformer/d8/n256/seed2/DONE.json,1.9860657789307687,1.9854790912352407,1.985392839271571,1.985379845856866,0.0141844940525687,-0.0037551680795757,23.301531269498536,dataset_replication_project,2,2641025606.0,drive://dataset_realization_robustness_v1/datasets/replicate_2/confirm_K3_i001202.npz
done,confirm_K3_i001202,Transformer,8,3,256,37,1.9966606199741364,16,45,1064,cuda,1.988246314227581,1.9761302769184117,1.985877886414528,2.013043910264969,drive://dataset_realization_robustness_v1/runs/replicate_2/confirm_K3_i001202/transformer/d8/n256/seed3/DONE.json,1.9860657789307687,1.9854790912352407,1.985392839271571,1.985379845856866,0.0262586291862866,0.0276640644081027,-36.151626129210086,dataset_replication_project,2,2533185739.0,drive://dataset_realization_robustness_v1/datasets/replicate_2/confirm_K3_i001202.npz
done,confirm_K3_i001202,Transformer,32,1,256,37,1.9814964309334755,16,45,13448,cuda,1.9955626502633093,1.9753006622195244,2.011471375823021,1.9912778213620184,drive://dataset_realization_robustness_v1/runs/replicate_2/confirm_K3_i001202/transformer/d32/n256/seed1/DONE.json,1.9860657789307687,1.9854790912352407,1.985392839271571,1.985379845856866,0.0130255314444204,0.0058979755051524,6.246715699116606,dataset_replication_project,2,2315017138.0,drive://dataset_realization_robustness_v1/datasets/replicate_2/confirm_K3_i001202.npz
done,confirm_K3_i001202,Transformer,32,2,256,25,1.9718559607863424,16,33,13448,cuda,1.9922107458114624,2.020379066467285,1.98448096960783,1.9830384403467176,drive://dataset_realization_robustness_v1/runs/replicate_2/confirm_K3_i001202/transformer/d32/n256/seed2/DONE.json,1.9860657789307687,1.9854790912352407,1.985392839271571,1.985379845856866,0.0191114005810482,-0.0023414055101482,13.372012246848664,dataset_replication_project,2,2082876983.0,drive://dataset_realization_robustness_v1/datasets/replicate_2/confirm_K3_i001202.npz
done,confirm_K3_i001202,Transformer,32,3,256,16,2.0000520311295986,16,24,13448,cuda,1.97585491836071,2.001509130001068,1.9951827600598333,2.0146733596920967,drive://dataset_realization_robustness_v1/runs/replicate_2/confirm_K3_i001202/transformer/d32/n256/seed3/DONE.json,1.9860657789307687,1.9854790912352407,1.985392839271571,1.985379845856866,0.0230049207225958,0.0292935138352306,-56.5921702980847,dataset_replication_project,2,2536117428.0,drive://dataset_realization_robustness_v1/datasets/replicate_2/confirm_K3_i001202.npz
done,confirm_K3_i001202,Transformer,128,1,256,17,1.993474569171667,16,25,201224,cuda,2.035924658179283,1.989358060061932,2.010395333170891,1.966921366751194,drive://dataset_realization_robustness_v1/runs/replicate_2/confirm_K3_i001202/transformer/d128/n256/seed1/DONE.json,1.9860657789307687,1.9854790912352407,1.985392839271571,1.985379845856866,0.0419972594557252,-0.0184584791056721,100.59770268182749,dataset_replication_project,2,2606228064.0,drive://dataset_realization_robustness_v1/datasets/replicate_2/confirm_K3_i001202.npz
done,confirm_K3_i001202,Transformer,128,2,256,14,2.010036204010248,16,22,201224,cuda,1.993425935506821,1.9978190436959269,1.995699018239975,2.004361480474472,drive://dataset_realization_robustness_v1/runs/replicate_2/confirm_K3_i001202/transformer/d128/n256/seed2/DONE.json,1.9860657789307687,1.9854790912352407,1.985392839271571,1.985379845856866,0.0079754972331689,0.0189816346176059,-15.94258300658008,dataset_replication_project,2,2322484964.0,drive://dataset_realization_robustness_v1/datasets/replicate_2/confirm_K3_i001202.npz
done,confirm_K3_i001202,Transformer,128,3,256,20,2.001645527780056,16,28,201224,cuda,1.9979083463549612,2.0098603293299675,2.0231144577264786,1.980915687978268,drive://dataset_realization_robustness_v1/runs/replicate_2/confirm_K3_i001202/transformer/d128/n256/seed3/DONE.json,1.9860657789307687,1.9854790912352407,1.985392839271571,1.985379845856866,0.0268216604809397,-0.0044641578785984,24.773055890152023,dataset_replication_project,2,2944957071.0,drive://dataset_realization_robustness_v1/datasets/replicate_2/confirm_K3_i001202.npz
done,confirm_K3_i001202,Transformer,256,1,256,9,1.9882498607039447,16,17,795656,cuda,1.9997757598757744,2.027537606656552,2.039035104215145,1.9847602918744087,drive://dataset_realization_robustness_v1/runs/replicate_2/confirm_K3_i001202/transformer/d256/n256/seed1/DONE.json,1.9860657789307687,1.9854790912352407,1.985392839271571,1.985379845856866,0.0352530075753532,-0.0006195539824573,21.89057296207453,dataset_replication_project,2,3215307528.0,drive://dataset_realization_robustness_v1/datasets/replicate_2/confirm_K3_i001202.npz
done,confirm_K3_i001202,Transformer,256,2,256,14,2.018622323870659,16,22,795656,cuda,2.0220419242978096,2.0311533957719803,2.013513967394829,1.9903062731027603,drive://dataset_realization_robustness_v1/runs/replicate_2/confirm_K3_i001202/transformer/d256/n256/seed2/DONE.json,1.9860657789307687,1.9854790912352407,1.985392839271571,1.985379845856866,0.0281179153205871,0.0049264272458942,46.26639595389167,dataset_replication_project,2,3860749793.0,drive://dataset_realization_robustness_v1/datasets/replicate_2/confirm_K3_i001202.npz
done,confirm_K3_i001202,Transformer,256,3,256,27,2.0094709172844887,16,35,795656,cuda,2.0213035568594933,2.001632116734981,2.0055214315652847,2.0014853924512863,drive://dataset_realization_robustness_v1/runs/replicate_2/confirm_K3_i001202/transformer/d256/n256/seed3/DONE.json,1.9860657789307687,1.9854790912352407,1.985392839271571,1.985379845856866,0.0097753443260888,0.0161055465944202,28.89227121743961,dataset_replication_project,2,3539713731.0,drive://dataset_realization_robustness_v1/datasets/replicate_2/confirm_K3_i001202.npz
done,confirm_K4_i000373,GRU,8,1,256,44,1.9959860928356647,16,48,576,cuda,1.9819742739200592,2.0058911070227623,1.979497343301773,1.977476418018341,drive://dataset_realization_robustness_v1/runs/replicate_2/confirm_K4_i000373/gru/d8/n256/seed1/DONE.json,1.9683485060948225,1.968173948236204,1.9681637927149247,1.9681631215316773,0.0144001582389456,0.0093132964866637,24.262300082639918,dataset_replication_project,2,2989444547.0,drive://dataset_realization_robustness_v1/datasets/replicate_2/confirm_K4_i000373.npz
done,confirm_K4_i000373,GRU,8,2,256,40,1.984191995114088,16,48,576,cuda,1.987719051539898,1.9740087017416956,1.9846374839544296,1.9883316531777384,drive://dataset_realization_robustness_v1/runs/replicate_2/confirm_K4_i000373/gru/d8/n256/seed2/DONE.json,1.9683485060948225,1.968173948236204,1.9681637927149247,1.9681631215316773,0.0074119131030717,0.0201685316460609,-3.3044910937942182,dataset_replication_project,2,3501600469.0,drive://dataset_realization_robustness_v1/datasets/replicate_2/confirm_K4_i000373.npz
done,confirm_K4_i000373,GRU,8,3,256,45,1.9821720868349075,16,48,576,cuda,1.9615885838866236,1.9802630171179767,1.9749919846653936,1.957022748887539,drive://dataset_realization_robustness_v1/runs/replicate_2/confirm_K4_i000373/gru/d8/n256/seed3/DONE.json,1.9683485060948225,1.968173948236204,1.9681637927149247,1.9681631215316773,0.0148464188713814,-0.0111403726441383,24.6289924124273,dataset_replication_project,2,2500605054.0,drive://dataset_realization_robustness_v1/datasets/replicate_2/confirm_K4_i000373.npz
done,confirm_K4_i000373,GRU,32,1,256,24,1.9803990796208384,16,32,6888,cuda,1.9747581705451007,1.9924488812685013,1.9543361216783524,1.979174219071865,drive://dataset_realization_robustness_v1/runs/replicate_2/confirm_K4_i000373/gru/d32/n256/seed1/DONE.json,1.9683485060948225,1.968173948236204,1.9681637927149247,1.9681631215316773,0.0142659291920689,0.0110110975401878,-23.82101536310183,dataset_replication_project,2,3831434676.0,drive://dataset_realization_robustness_v1/datasets/replicate_2/confirm_K4_i000373.npz
done,confirm_K4_i000373,GRU,32,2,256,23,1.979259293526411,16,31,6888,cuda,1.9916789755225184,1.9507066830992696,1.9744384810328484,1.960999317467213,drive://dataset_realization_robustness_v1/runs/replicate_2/confirm_K4_i000373/gru/d32/n256/seed2/DONE.json,1.9683485060948225,1.968173948236204,1.9681637927149247,1.9681631215316773,0.0174402917363648,-0.0071638040644645,165.49197805253482,dataset_replication_project,2,3465935264.0,drive://dataset_realization_robustness_v1/datasets/replicate_2/confirm_K4_i000373.npz
done,confirm_K4_i000373,GRU,32,3,256,11,1.9628866128623488,16,19,6888,cuda,1.9799365401268003,1.9386588782072067,2.008488811552525,1.980061337351799,drive://dataset_realization_robustness_v1/runs/replicate_2/confirm_K4_i000373/gru/d32/n256/seed3/DONE.json,1.9683485060948225,1.968173948236204,1.9681637927149247,1.9681631215316773,0.0251159291454498,0.0118982158201217,-0.673180241554002,dataset_replication_project,2,2272085201.0,drive://dataset_realization_robustness_v1/datasets/replicate_2/confirm_K4_i000373.npz
done,confirm_K4_i000373,GRU,128,1,256,8,1.984048467129469,16,16,101256,cuda,2.0163038820028305,1.983454257249832,2.010014124214649,2.0054158121347427,drive://dataset_realization_robustness_v1/runs/replicate_2/confirm_K4_i000373/gru/d128/n256/seed1/DONE.json,1.9683485060948225,1.968173948236204,1.9681637927149247,1.9681631215316773,0.0124345418820227,0.0372526906030654,58.73234363941821,dataset_replication_project,2,3320263361.0,drive://dataset_realization_robustness_v1/datasets/replicate_2/confirm_K4_i000373.npz
done,confirm_K4_i000373,GRU,128,2,256,12,2.004298061132431,16,20,101256,cuda,1.992987617850304,1.990179069340229,1.9855290800333023,1.963490389287472,drive://dataset_realization_robustness_v1/runs/replicate_2/confirm_K4_i000373/gru/d128/n256/seed2/DONE.json,1.9683485060948225,1.968173948236204,1.9681637927149247,1.9681631215316773,0.0226746905390815,-0.0046727322442055,159.11372588087244,dataset_replication_project,2,2698919141.0,drive://dataset_realization_robustness_v1/datasets/replicate_2/confirm_K4_i000373.npz
done,confirm_K4_i000373,GRU,128,3,256,12,1.988511309027672,16,20,101256,cuda,2.0193159878253937,1.9935507476329803,2.0273416861891747,2.054507851600647,drive://dataset_realization_robustness_v1/runs/replicate_2/confirm_K4_i000373/gru/d128/n256/seed3/DONE.json,1.9683485060948225,1.968173948236204,1.9681637927149247,1.9681631215316773,0.0377712697728388,0.0863447300689697,-189.83168381548717,dataset_replication_project,2,2757265699.0,drive://dataset_realization_robustness_v1/datasets/replicate_2/confirm_K4_i000373.npz
done,confirm_K4_i000373,GRU,256,1,256,11,1.9898188412189484,16,19,399112,cuda,2.0203240662813187,1.9928269684314728,1.986075460910797,1.956592157483101,drive://dataset_realization_robustness_v1/runs/replicate_2/confirm_K4_i000373/gru/d256/n256/seed1/DONE.json,1.9683485060948225,1.968173948236204,1.9681637927149247,1.9681631215316773,0.0394321042455206,-0.0115709640485763,343.7821775284381,dataset_replication_project,2,3222599915.0,drive://dataset_realization_robustness_v1/datasets/replicate_2/confirm_K4_i000373.npz
done,confirm_K4_i000373,GRU,256,2,256,15,1.9817572087049484,16,23,399112,cuda,2.015024498105049,1.9726613461971283,1.9704240411520004,1.9794077426195145,drive://dataset_realization_robustness_v1/runs/replicate_2/confirm_K4_i000373/gru/d256/n256/seed2/DONE.json,1.9683485060948225,1.968173948236204,1.9681637927149247,1.9681631215316773,0.0185860233895969,0.0112446210878371,192.1236314462538,dataset_replication_project,2,3986168069.0,drive://dataset_realization_robustness_v1/datasets/replicate_2/confirm_K4_i000373.npz
done,confirm_K4_i000373,GRU,256,3,256,21,1.9404610097408292,16,29,399112,cuda,1.9856758564710617,1.9685388430953024,2.008325345814228,1.9745262563228607,drive://dataset_realization_robustness_v1/runs/replicate_2/confirm_K4_i000373/gru/d256/n256/seed3/DONE.json,1.9683485060948225,1.968173948236204,1.9681637927149247,1.9681631215316773,0.0180175330290323,0.0063631347911834,60.1430882865244,dataset_replication_project,2,3799587880.0,drive://dataset_realization_robustness_v1/datasets/replicate_2/confirm_K4_i000373.npz
done,confirm_K4_i000373,Transformer,8,1,256,40,1.9664374999701977,16,48,1064,cuda,1.9578797519207,1.953803367912769,1.97578477114439,1.9997442066669464,drive://dataset_realization_robustness_v1/runs/replicate_2/confirm_K4_i000373/transformer/d8/n256/seed1/DONE.json,1.9683485060948225,1.968173948236204,1.9681637927149247,1.9681631215316773,0.0333685153165666,0.0315810851352691,-225.82492326211,dataset_replication_project,2,2777150742.0,drive://dataset_realization_robustness_v1/datasets/replicate_2/confirm_K4_i000373.npz
done,confirm_K4_i000373,Transformer,8,2,256,44,1.9796194396913047,16,48,1064,cuda,1.973640389740467,1.9752060770988464,1.9827548637986183,1.984582297503948,drive://dataset_realization_robustness_v1/runs/replicate_2/confirm_K4_i000373/transformer/d8/n256/seed2/DONE.json,1.9683485060948225,1.968173948236204,1.9681637927149247,1.9681631215316773,0.0073361307145562,0.0164191759722709,-59.022755605117865,dataset_replication_project,2,2213968996.0,drive://dataset_realization_robustness_v1/datasets/replicate_2/confirm_K4_i000373.npz
done,confirm_K4_i000373,Transformer,8,3,256,30,1.9763948433101175,16,38,1064,cuda,1.93199959397316,1.934793896973133,2.0009874626994133,1.9830812588334084,drive://dataset_realization_robustness_v1/runs/replicate_2/confirm_K4_i000373/transformer/d8/n256/seed3/DONE.json,1.9683485060948225,1.968173948236204,1.9681637927149247,1.9681631215316773,0.0363374238075402,0.014918137301731,-275.5443279289516,dataset_replication_project,2,2680247203.0,drive://dataset_realization_robustness_v1/datasets/replicate_2/confirm_K4_i000373.npz
done,confirm_K4_i000373,Transformer,32,1,256,15,1.98398931697011,16,23,13448,cuda,1.981403410434723,2.000762775540352,1.9643854573369024,1.9454285502433777,drive://dataset_realization_robustness_v1/runs/replicate_2/confirm_K4_i000373/transformer/d32/n256/seed1/DONE.json,1.9683485060948225,1.968173948236204,1.9681637927149247,1.9681631215316773,0.0342815689454495,-0.0227345712882995,194.05531712565983,dataset_replication_project,2,2228244739.0,drive://dataset_realization_robustness_v1/datasets/replicate_2/confirm_K4_i000373.npz
done,confirm_K4_i000373,Transformer,32,2,256,20,1.9867170378565788,16,28,13448,cuda,1.9867545664310453,2.0179237499833107,1.9937224686145785,1.969355955719948,drive://dataset_realization_robustness_v1/runs/replicate_2/confirm_K4_i000373/transformer/d32/n256/seed2/DONE.json,1.9683485060948225,1.968173948236204,1.9681637927149247,1.9681631215316773,0.0284945981513803,0.0011928341882705,93.85145351865006,dataset_replication_project,2,2098898302.0,drive://dataset_realization_robustness_v1/datasets/replicate_2/confirm_K4_i000373.npz
done,confirm_K4_i000373,Transformer,32,3,256,22,1.9700415097177029,16,30,13448,cuda,1.987515553832054,2.0211735144257545,1.9612935483455656,1.9684554263949396,drive://dataset_realization_robustness_v1/runs/replicate_2/confirm_K4_i000373/transformer/d32/n256/seed3/DONE.json,1.9683485060948225,1.968173948236204,1.9681637927149247,1.9681631215316773,0.0282206193526375,0.0002923048632621,102.8139944003068,dataset_replication_project,2,2615002291.0,drive://dataset_realization_robustness_v1/datasets/replicate_2/confirm_K4_i000373.npz
done,confirm_K4_i000373,Transformer,128,1,256,11,1.976689457893372,16,19,201224,cuda,2.001071438193321,1.9700059294700625,2.001464806497097,1.9837765097618103,drive://dataset_realization_robustness_v1/runs/replicate_2/confirm_K4_i000373/transformer/d128/n256/seed1/DONE.json,1.9683485060948225,1.968173948236204,1.9681637927149247,1.9681631215316773,0.0141024445385335,0.015613388230133,93.29217135498048,dataset_replication_project,2,3137153080.0,drive://dataset_realization_robustness_v1/datasets/replicate_2/confirm_K4_i000373.npz
done,confirm_K4_i000373,Transformer,128,2,256,30,1.9715415053069592,16,38,201224,cuda,2.000260211527348,2.0108206793665886,2.003289699554444,2.0033035427331924,drive://dataset_realization_robustness_v1/runs/replicate_2/confirm_K4_i000373/transformer/d128/n256/seed2/DONE.json,1.9683485060948225,1.968173948236204,1.9681637927149247,1.9681631215316773,0.0040856304572205,0.0351404212015151,-16.41631403506398,dataset_replication_project,2,3296201776.0,drive://dataset_realization_robustness_v1/datasets/replicate_2/confirm_K4_i000373.npz
done,confirm_K4_i000373,Transformer,128,3,256,26,1.980803277343512,16,34,201224,cuda,1.965238131582737,1.9900145828723907,1.989707596600056,1.9542698189616203,drive://dataset_realization_robustness_v1/runs/replicate_2/confirm_K4_i000373/transformer/d128/n256/seed3/DONE.json,1.9683485060948225,1.968173948236204,1.9681637927149247,1.9681631215316773,0.0257340937264141,-0.0138933025700569,59.165188487271145,dataset_replication_project,2,2400534778.0,drive://dataset_realization_robustness_v1/datasets/replicate_2/confirm_K4_i000373.npz
done,confirm_K4_i000373,Transformer,256,1,256,20,1.988654799759388,16,28,795656,cuda,1.964416541159153,2.011958412826061,1.9533513262867928,2.0176035687327385,drive://dataset_realization_robustness_v1/runs/replicate_2/confirm_K4_i000373/transformer/d256/n256/seed1/DONE.json,1.9683485060948225,1.968173948236204,1.9681637927149247,1.9681631215316773,0.0418600090373611,0.0494404472010612,-286.90105945836086,dataset_replication_project,2,3712212982.0,drive://dataset_realization_robustness_v1/datasets/replicate_2/confirm_K4_i000373.npz
done,confirm_K4_i000373,Transformer,256,2,256,22,1.961783077567816,16,30,795656,cuda,2.000001959502697,1.9894111156463623,1.9871770143508911,1.9937798157334328,drive://dataset_realization_robustness_v1/runs/replicate_2/confirm_K4_i000373/transformer/d256/n256/seed2/DONE.json,1.9683485060948225,1.968173948236204,1.9681637927149247,1.9681631215316773,0.0049806768254452,0.0256166942017554,33.56344057833201,dataset_replication_project,2,3513565891.0,drive://dataset_realization_robustness_v1/datasets/replicate_2/confirm_K4_i000373.npz
done,confirm_K4_i000373,Transformer,256,3,256,17,1.9960696175694463,16,25,795656,cuda,1.9887815341353416,1.9677320197224617,1.9575385004282,1.9840473756194117,drive://dataset_realization_robustness_v1/runs/replicate_2/confirm_K4_i000373/transformer/d256/n256/seed3/DONE.json,1.9683485060948225,1.968173948236204,1.9681637927149247,1.9681631215316773,0.0157320662326177,0.0158842540877341,25.536961846289277,dataset_replication_project,2,3239484971.0,drive://dataset_realization_robustness_v1/datasets/replicate_2/confirm_K4_i000373.npz
done,confirm_K4_i000448,GRU,8,1,256,48,1.7844039984047413,16,48,576,cuda,1.784615837037563,1.774007722735405,1.818574853241444,1.799069717526436,drive://dataset_realization_robustness_v1/runs/replicate_2/confirm_K4_i000448/gru/d8/n256/seed1/DONE.json,1.780835314116302,1.7651722341368257,1.7618563633873392,1.7610978633566257,0.0243382994513177,0.0379718541698101,-0.7323073615160992,dataset_replication_project,2,2136854968.0,drive://dataset_realization_robustness_v1/datasets/replicate_2/confirm_K4_i000448.npz
done,confirm_K4_i000448,GRU,8,2,256,48,1.7576467879116535,16,48,576,cuda,1.788356013596058,1.7802821025252342,1.800012290477753,1.81662043184042,drive://dataset_realization_robustness_v1/runs/replicate_2/confirm_K4_i000448/gru/d8/n256/seed2/DONE.json,1.780835314116302,1.7651722341368257,1.7618563633873392,1.7610978633566257,0.0325536710301876,0.0555225684837941,-1.4320196963888627,dataset_replication_project,2,2828550814.0,drive://dataset_realization_robustness_v1/datasets/replicate_2/confirm_K4_i000448.npz
done,confirm_K4_i000448,GRU,8,3,256,48,1.7975156120955944,16,48,576,cuda,1.8274951428174973,1.7824287712574003,1.7337793335318563,1.7479462027549744,drive://dataset_realization_robustness_v1/runs/replicate_2/confirm_K4_i000448/gru/d8/n256/seed3/DONE.json,1.780835314116302,1.7651722341368257,1.7618563633873392,1.7610978633566257,0.0343687335695604,-0.0131516606016512,4.030355339760567,dataset_replication_project,2,3562688912.0,drive://dataset_realization_robustness_v1/datasets/replicate_2/confirm_K4_i000448.npz
done,confirm_K4_i000448,GRU,32,1,256,15,1.7868294045329094,16,23,6888,cuda,1.810526967048645,1.7636909559369087,1.7377891913056374,1.8326913192868235,drive://dataset_realization_robustness_v1/runs/replicate_2/confirm_K4_i000448/gru/d32/n256/seed1/DONE.json,1.780835314116302,1.7651722341368257,1.7618563633873392,1.7610978633566257,0.0637311415524015,0.0715934559301976,-1.1229592163674982,dataset_replication_project,2,2534501171.0,drive://dataset_realization_robustness_v1/datasets/replicate_2/confirm_K4_i000448.npz
done,confirm_K4_i000448,GRU,32,2,256,12,1.7706301771104336,16,20,6888,cuda,1.7991060242056849,1.8306741639971733,1.7730425745248797,1.743446819484234,drive://dataset_realization_robustness_v1/runs/replicate_2/confirm_K4_i000448/gru/d32/n256/seed2/DONE.json,1.780835314116302,1.7651722341368257,1.7618563633873392,1.7610978633566257,0.0475299293203655,-0.0176510438723918,2.8199794086459544,dataset_replication_project,2,2262397641.0,drive://dataset_realization_robustness_v1/datasets/replicate_2/confirm_K4_i000448.npz
done,confirm_K4_i000448,GRU,32,3,256,32,1.767327707260847,16,40,6888,cuda,1.7709553390741348,1.7520677745342257,1.8251411840319636,1.791643187403679,drive://dataset_realization_robustness_v1/runs/replicate_2/confirm_K4_i000448/gru/d32/n256/seed3/DONE.json,1.780835314116302,1.7651722341368257,1.7618563633873392,1.7610978633566257,0.0339535824935191,0.0305453240470532,-1.048151991938562,dataset_replication_project,2,2193796287.0,drive://dataset_realization_robustness_v1/datasets/replicate_2/confirm_K4_i000448.npz
done,confirm_K4_i000448,GRU,128,1,256,14,1.7433782741427422,16,22,101256,cuda,1.82073137909174,1.758315622806549,1.821834310889244,1.7888974770903587,drive://dataset_realization_robustness_v1/runs/replicate_2/confirm_K4_i000448/gru/d128/n256/seed1/DONE.json,1.780835314116302,1.7651722341368257,1.7618563633873392,1.7610978633566257,0.0244070852030004,0.027799613733733,1.6128679629903178,dataset_replication_project,2,3842675847.0,drive://dataset_realization_robustness_v1/datasets/replicate_2/confirm_K4_i000448.npz
done,confirm_K4_i000448,GRU,128,2,256,3,1.7303681522607803,16,12,101256,cuda,1.8367178365588188,1.837163895368576,1.7926615625619888,1.9049784317612648,drive://dataset_realization_robustness_v1/runs/replicate_2/confirm_K4_i000448/gru/d128/n256/seed2/DONE.json,1.780835314116302,1.7651722341368257,1.7618563633873392,1.7610978633566257,0.0801525267757705,0.1438805684046391,-3.4584301708254266,dataset_replication_project,2,3835719008.0,drive://dataset_realization_robustness_v1/datasets/replicate_2/confirm_K4_i000448.npz
done,confirm_K4_i000448,GRU,128,3,256,18,1.7341134436428547,16,26,101256,cuda,1.839726209640503,1.811996378004551,1.7846235185861588,1.8096837773919103,drive://dataset_realization_robustness_v1/runs/replicate_2/confirm_K4_i000448/gru/d128/n256/seed3/DONE.json,1.780835314116302,1.7651722341368257,1.7618563633873392,1.7610978633566257,0.0139275337503249,0.0485859140352848,1.5221029612379882,dataset_replication_project,2,3527949250.0,drive://dataset_realization_robustness_v1/datasets/replicate_2/confirm_K4_i000448.npz
done,confirm_K4_i000448,GRU,256,1,256,41,1.7504457347095013,16,48,399112,cuda,1.7858573123812675,1.7894990593194962,1.7782437577843666,1.8020966723561287,drive://dataset_realization_robustness_v1/runs/replicate_2/confirm_K4_i000448/gru/d256/n256/seed1/DONE.json,1.780835314116302,1.7651722341368257,1.7618563633873392,1.7610978633566257,0.0233345649399791,0.040998808999503,-0.8227688657766369,dataset_replication_project,2,2949438548.0,drive://dataset_realization_robustness_v1/datasets/replicate_2/confirm_K4_i000448.npz
done,confirm_K4_i000448,GRU,256,2,256,21,1.831184472888708,16,29,399112,cuda,1.7889501601457596,1.7819308638572693,1.7974557429552078,1.6711413711309433,drive://dataset_realization_robustness_v1/runs/replicate_2/confirm_K4_i000448/gru/d256/n256/seed2/DONE.json,1.780835314116302,1.7651722341368257,1.7618563633873392,1.7610978633566257,0.0958780235259483,-0.0899564922256823,5.968794574803944,dataset_replication_project,2,3228882162.0,drive://dataset_realization_robustness_v1/datasets/replicate_2/confirm_K4_i000448.npz
done,confirm_K4_i000448,GRU,256,3,256,9,1.7891331315040588,16,17,399112,cuda,1.8029493689537048,1.7960434928536415,1.7622538432478905,1.8671300932765007,drive://dataset_realization_robustness_v1/runs/replicate_2/confirm_K4_i000448/gru/d256/n256/seed3/DONE.json,1.780835314116302,1.7651722341368257,1.7618563633873392,1.7610978633566257,0.0772174399366091,0.106032229919875,-3.251723087457533,dataset_replication_project,2,3882501056.0,drive://dataset_realization_robustness_v1/datasets/replicate_2/confirm_K4_i000448.npz
done,confirm_K4_i000448,Transformer,8,1,256,48,1.7957865744829178,16,48,1064,cuda,1.7239118292927742,1.8013402968645096,1.801756352186203,1.7884787246584892,drive://dataset_realization_robustness_v1/runs/replicate_2/confirm_K4_i000448/transformer/d8/n256/seed1/DONE.json,1.780835314116302,1.7651722341368257,1.7618563633873392,1.7610978633566257,0.0428403029804116,0.0273808613018635,-3.2712884835981586,dataset_replication_project,2,2907959821.0,drive://dataset_realization_robustness_v1/datasets/replicate_2/confirm_K4_i000448.npz
done,confirm_K4_i000448,Transformer,8,2,256,47,1.8025835417211056,16,48,1064,cuda,1.820722110569477,1.829881466925144,1.8484225422143936,1.7909137159585953,drive://dataset_realization_robustness_v1/runs/replicate_2/confirm_K4_i000448/transformer/d8/n256/seed2/DONE.json,1.780835314116302,1.7651722341368257,1.7618563633873392,1.7610978633566257,0.0336881708376128,0.0298158526019696,1.5102454199293247,dataset_replication_project,2,2059307383.0,drive://dataset_realization_robustness_v1/datasets/replicate_2/confirm_K4_i000448.npz
done,confirm_K4_i000448,Transformer,8,3,256,47,1.824490737169981,16,48,1064,cuda,1.8153647109866144,1.8817072436213491,1.818547584116459,1.805274173617363,drive://dataset_realization_robustness_v1/runs/replicate_2/confirm_K4_i000448/transformer/d8/n256/seed3/DONE.json,1.780835314116302,1.7651722341368257,1.7618563633873392,1.7610978633566257,0.037031970226253,0.0441763102607373,0.5112381275633746,dataset_replication_project,2,3612170977.0,drive://dataset_realization_robustness_v1/datasets/replicate_2/confirm_K4_i000448.npz
done,confirm_K4_i000448,Transformer,32,1,256,7,1.8028699159622192,16,15,13448,cuda,1.7762718349695206,1.786701217293739,1.7917277291417122,1.7567653357982635,drive://dataset_realization_robustness_v1/runs/replicate_2/confirm_K4_i000448/transformer/d32/n256/seed1/DONE.json,1.780835314116302,1.7651722341368257,1.7618563633873392,1.7610978633566257,0.0214404838615029,-0.0043325275583621,0.9882988137003396,dataset_replication_project,2,3948455229.0,drive://dataset_realization_robustness_v1/datasets/replicate_2/confirm_K4_i000448.npz
done,confirm_K4_i000448,Transformer,32,2,256,31,1.7902752943336964,16,39,13448,cuda,1.8160396814346316,1.7634823396801949,1.7743446975946426,1.7284486517310145,drive://dataset_realization_robustness_v1/runs/replicate_2/confirm_K4_i000448/transformer/d32/n256/seed2/DONE.json,1.780835314116302,1.7651722341368257,1.7618563633873392,1.7610978633566257,0.0435889479653088,-0.0326492116256114,4.437808649664406,dataset_replication_project,2,2806266356.0,drive://dataset_realization_robustness_v1/datasets/replicate_2/confirm_K4_i000448.npz
done,confirm_K4_i000448,Transformer,32,3,256,19,1.7739788629114628,16,27,13448,cuda,1.7203018963336945,1.790610283613205,1.740929715335369,1.7589878663420675,drive://dataset_realization_robustness_v1/runs/replicate_2/confirm_K4_i000448/transformer/d32/n256/seed3/DONE.json,1.780835314116302,1.7651722341368257,1.7618563633873392,1.7610978633566257,0.0336387325711416,-0.0021099970145579,-1.9600287027648344,dataset_replication_project,2,3734243211.0,drive://dataset_realization_robustness_v1/datasets/replicate_2/confirm_K4_i000448.npz
done,confirm_K4_i000448,Transformer,128,1,256,18,1.785031620413065,16,26,201224,cuda,1.8147727772593496,1.8709029108285904,1.7528536096215248,1.832579366862774,drive://dataset_realization_robustness_v1/runs/replicate_2/confirm_K4_i000448/transformer/d128/n256/seed1/DONE.json,1.780835314116302,1.7651722341368257,1.7618563633873392,1.7610978633566257,0.0475927423545437,0.0714815035061482,-0.9021727182622264,dataset_replication_project,2,2848453016.0,drive://dataset_realization_robustness_v1/datasets/replicate_2/confirm_K4_i000448.npz
done,confirm_K4_i000448,Transformer,128,2,256,37,1.8209779225289824,16,45,201224,cuda,1.7839367613196373,1.8341613039374352,1.758666343986988,1.7702453061938286,drive://dataset_realization_robustness_v1/runs/replicate_2/confirm_K4_i000448/transformer/d128/n256/seed2/DONE.json,1.780835314116302,1.7651722341368257,1.7618563633873392,1.7610978633566257,0.0306992970412,0.0091474428372029,0.6936790010278517,dataset_replication_project,2,3072618495.0,drive://dataset_realization_robustness_v1/datasets/replicate_2/confirm_K4_i000448.npz
done,confirm_K4_i000448,Transformer,128,3,256,12,1.783200416713953,16,20,201224,cuda,1.773684300482273,1.867582619190216,1.7643115296959877,1.8178551718592644,drive://dataset_realization_robustness_v1/runs/replicate_2/confirm_K4_i000448/transformer/d128/n256/seed3/DONE.json,1.780835314116302,1.7651722341368257,1.7618563633873392,1.7610978633566257,0.047742014211094,0.0567573085026387,-2.2379218023045007,dataset_replication_project,2,3943661610.0,drive://dataset_realization_robustness_v1/datasets/replicate_2/confirm_K4_i000448.npz
done,confirm_K4_i000448,Transformer,256,1,256,14,1.814352497458458,16,22,795656,cuda,1.8412365093827248,1.838889054954052,1.8031096458435056,1.8079246655106544,drive://dataset_realization_robustness_v1/runs/replicate_2/confirm_K4_i000448/transformer/d256/n256/seed1/DONE.json,1.780835314116302,1.7651722341368257,1.7618563633873392,1.7610978633566257,0.0153166688112932,0.0468268021540287,1.6877480419166615,dataset_replication_project,2,2333815260.0,drive://dataset_realization_robustness_v1/datasets/replicate_2/confirm_K4_i000448.npz
done,confirm_K4_i000448,Transformer,256,2,256,21,1.787276092916727,16,29,795656,cuda,1.8044695109128952,1.759157069027424,1.7760974988341331,1.7711837887763977,drive://dataset_realization_robustness_v1/runs/replicate_2/confirm_K4_i000448/transformer/d256/n256/seed2/DONE.json,1.780835314116302,1.7651722341368257,1.7618563633873392,1.7610978633566257,0.0107245809230163,0.010085925419772,1.6864245814611614,dataset_replication_project,2,2712288295.0,drive://dataset_realization_robustness_v1/datasets/replicate_2/confirm_K4_i000448.npz
done,confirm_K4_i000448,Transformer,256,3,256,27,1.819396786391735,16,35,795656,cuda,1.7531596273183825,1.7941162660717964,1.756636194884777,1.845916099846363,drive://dataset_realization_robustness_v1/runs/replicate_2/confirm_K4_i000448/transformer/d256/n256/seed3/DONE.json,1.780835314116302,1.7651722341368257,1.7618563633873392,1.7610978633566257,0.0772717993268478,0.0848182364897374,-4.699516348761835,dataset_replication_project,2,3934469814.0,drive://dataset_realization_robustness_v1/datasets/replicate_2/confirm_K4_i000448.npz
done,confirm_K4_i000654,GRU,8,1,256,48,0.9841418638825415,16,48,576,cuda,0.9750053100287914,0.9236115776002408,0.8997741416096687,0.9751471467316152,drive://dataset_realization_robustness_v1/runs/replicate_2/confirm_K4_i000654/gru/d8/n256/seed1/DONE.json,0.8856753496562095,0.853664133064591,0.8470754111606197,0.8458633863275855,0.0523984048683505,0.1292837604040295,-0.0035626653639977,dataset_replication_project,2,3055058373.0,drive://dataset_realization_robustness_v1/datasets/replicate_2/confirm_K4_i000654.npz
done,confirm_K4_i000654,GRU,8,2,256,48,0.8872327841818333,16,48,576,cuda,0.9701490588486196,0.9355075694620608,0.907583087682724,0.9337345212697984,drive://dataset_realization_robustness_v1/runs/replicate_2/confirm_K4_i000654/gru/d8/n256/seed2/DONE.json,0.8856753496562095,0.853664133064591,0.8470754111606197,0.8458633863275855,0.0141123572462285,0.0878711349422127,0.9146631950361472,dataset_replication_project,2,2164377017.0,drive://dataset_realization_robustness_v1/datasets/replicate_2/confirm_K4_i000654.npz
done,confirm_K4_i000654,GRU,8,3,256,48,0.9040020648390056,16,48,576,cuda,1.0086973570287228,0.8926141485571861,0.886091448366642,0.8999204523861408,drive://dataset_realization_robustness_v1/runs/replicate_2/confirm_K4_i000654/gru/d8/n256/seed3/DONE.json,0.8856753496562095,0.853664133064591,0.8470754111606197,0.8458633863275855,0.0360923075467019,0.0540570660585553,2.732266774805689,dataset_replication_project,2,3534559946.0,drive://dataset_realization_robustness_v1/datasets/replicate_2/confirm_K4_i000654.npz
done,confirm_K4_i000654,GRU,32,1,256,47,0.884081345051527,16,48,6888,cuda,0.9109106585383416,0.8336831592023373,0.8646669164299965,0.7996035479009151,drive://dataset_realization_robustness_v1/runs/replicate_2/confirm_K4_i000654/gru/d32/n256/seed1/DONE.json,0.8856753496562095,0.853664133064591,0.8470754111606197,0.8458633863275855,0.0496969035838578,-0.0462598384266703,2.795820686326181,dataset_replication_project,2,2289445555.0,drive://dataset_realization_robustness_v1/datasets/replicate_2/confirm_K4_i000654.npz
done,confirm_K4_i000654,GRU,32,2,256,48,0.8904026132076979,16,48,6888,cuda,0.9715488590300084,0.8562366552650928,0.7772934231907129,0.8688148818910122,drive://dataset_realization_robustness_v1/runs/replicate_2/confirm_K4_i000654/gru/d32/n256/seed2/DONE.json,0.8856753496562095,0.853664133064591,0.8470754111606197,0.8458633863275855,0.0569516930071145,0.0229514955634266,2.580480050455899,dataset_replication_project,2,3155000368.0,drive://dataset_realization_robustness_v1/datasets/replicate_2/confirm_K4_i000654.npz
done,confirm_K4_i000654,GRU,32,3,256,37,0.8467190358787775,16,45,6888,cuda,0.9384528994560242,0.8104785457253456,0.9144628010690212,0.8568527884781361,drive://dataset_realization_robustness_v1/runs/replicate_2/confirm_K4_i000654/gru/d32/n256/seed3/DONE.json,0.8856753496562095,0.853664133064591,0.8470754111606197,0.8458633863275855,0.0443337111950683,0.0109894021505505,2.0496379518972185,dataset_replication_project,2,2961563681.0,drive://dataset_realization_robustness_v1/datasets/replicate_2/confirm_K4_i000654.npz
done,confirm_K4_i000654,GRU,128,1,256,21,0.9198893047869204,16,29,101256,cuda,0.9311645142734052,1.005091778934002,0.9088879376649855,0.8678612112998962,drive://dataset_realization_robustness_v1/runs/replicate_2/confirm_K4_i000654/gru/d128/n256/seed1/DONE.json,0.8856753496562095,0.853664133064591,0.8470754111606197,0.8458633863275855,0.0687188693770739,0.0219978249723107,1.5900573013940007,dataset_replication_project,2,3432647401.0,drive://dataset_realization_robustness_v1/datasets/replicate_2/confirm_K4_i000654.npz
done,confirm_K4_i000654,GRU,128,2,256,31,0.8977361284196377,16,39,101256,cuda,0.9154757224023342,0.8500263225287199,0.9407190643250942,0.8759536109864712,drive://dataset_realization_robustness_v1/runs/replicate_2/confirm_K4_i000654/gru/d128/n256/seed2/DONE.json,0.8856753496562095,0.853664133064591,0.8470754111606197,0.8458633863275855,0.0359746530457385,0.0300902246588856,0.9927194770484332,dataset_replication_project,2,3264485144.0,drive://dataset_realization_robustness_v1/datasets/replicate_2/confirm_K4_i000654.npz
done,confirm_K4_i000654,GRU,128,3,256,10,0.8685528989881277,16,18,101256,cuda,0.8766628205776215,0.8562083635479212,0.8697542920708656,0.9980995059013368,drive://dataset_realization_robustness_v1/runs/replicate_2/confirm_K4_i000654/gru/d128/n256/seed3/DONE.json,0.8856753496562095,0.853664133064591,0.8470754111606197,0.8458633863275855,0.1276654479898309,0.1522361195737511,-3.050256133346848,dataset_replication_project,2,2130891716.0,drive://dataset_realization_robustness_v1/datasets/replicate_2/confirm_K4_i000654.npz
done,confirm_K4_i000654,GRU,256,1,256,11,0.8635113071650267,16,19,399112,cuda,1.0056730918586254,0.8782246187329292,0.9864715412259102,0.9170522019267082,drive://dataset_realization_robustness_v1/runs/replicate_2/confirm_K4_i000654/gru/d256/n256/seed1/DONE.json,0.8856753496562095,0.853664133064591,0.8470754111606197,0.8458633863275855,0.0479811166371377,0.0711888155991227,2.225986425246215,dataset_replication_project,2,3179246345.0,drive://dataset_realization_robustness_v1/datasets/replicate_2/confirm_K4_i000654.npz
done,confirm_K4_i000654,GRU,256,2,256,10,0.8538114288821816,16,18,399112,cuda,0.9448896162211896,0.8819341845810413,0.8835801742970943,0.9398926943540572,drive://dataset_realization_robustness_v1/runs/replicate_2/confirm_K4_i000654/gru/d256/n256/seed2/DONE.json,0.8856753496562095,0.853664133064591,0.8470754111606197,0.8458633863275855,0.0470251001953145,0.0940293080264718,0.1255130731907285,dataset_replication_project,2,2460879929.0,drive://dataset_realization_robustness_v1/datasets/replicate_2/confirm_K4_i000654.npz
done,confirm_K4_i000654,GRU,256,3,256,23,0.8690509358420968,16,31,399112,cuda,0.8517901673913002,0.8391298428177834,0.886010454967618,0.9199965223670006,drive://dataset_realization_robustness_v1/runs/replicate_2/confirm_K4_i000654/gru/d256/n256/seed3/DONE.json,0.8856753496562095,0.853664133064591,0.8470754111606197,0.8458633863275855,0.0720568790441252,0.074133136039415,-1.713212543995823,dataset_replication_project,2,3065186866.0,drive://dataset_realization_robustness_v1/datasets/replicate_2/confirm_K4_i000654.npz
done,confirm_K4_i000654,Transformer,8,1,256,46,0.9142881296575068,16,48,1064,cuda,0.930115945637226,0.9353914819657804,0.9754228480160236,0.9380011074244976,drive://dataset_realization_robustness_v1/runs/replicate_2/confirm_K4_i000654/transformer/d8/n256/seed1/DONE.json,0.8856753496562095,0.853664133064591,0.8470754111606197,0.8458633863275855,0.0303913437876874,0.0921377210969121,-0.1980601087714311,dataset_replication_project,2,3919964174.0,drive://dataset_realization_robustness_v1/datasets/replicate_2/confirm_K4_i000654.npz
done,confirm_K4_i000654,Transformer,8,2,256,47,0.894698616117239,16,48,1064,cuda,1.024265889078379,0.9757696725428104,0.8968253247439861,0.896465003490448,drive://dataset_realization_robustness_v1/runs/replicate_2/confirm_K4_i000654/transformer/d8/n256/seed2/DONE.json,0.8856753496562095,0.853664133064591,0.8470754111606197,0.8458633863275855,0.0566912399445942,0.0506016171628624,3.2101126119556214,dataset_replication_project,2,3408652976.0,drive://dataset_realization_robustness_v1/datasets/replicate_2/confirm_K4_i000654.npz
done,confirm_K4_i000654,Transformer,8,3,256,46,0.8589094486087561,16,48,1064,cuda,0.8822698816657066,0.948170468211174,0.9259532429277896,0.916602659970522,drive://dataset_realization_robustness_v1/runs/replicate_2/confirm_K4_i000654/transformer/d8/n256/seed3/DONE.json,0.8856753496562095,0.853664133064591,0.8470754111606197,0.8458633863275855,0.0391425345779661,0.0707392736429364,-0.8623734032260272,dataset_replication_project,2,2217874797.0,drive://dataset_realization_robustness_v1/datasets/replicate_2/confirm_K4_i000654.npz
done,confirm_K4_i000654,Transformer,32,1,256,42,0.8056846167892218,16,48,13448,cuda,0.8997348621487617,0.8575753793120384,0.886064825579524,0.9225201904773712,drive://dataset_realization_robustness_v1/runs/replicate_2/confirm_K4_i000654/transformer/d32/n256/seed1/DONE.json,0.8856753496562095,0.853664133064591,0.8470754111606197,0.8458633863275855,0.0515489315274364,0.0766568041497857,-0.5723236540868423,dataset_replication_project,2,3858262829.0,drive://dataset_realization_robustness_v1/datasets/replicate_2/confirm_K4_i000654.npz
done,confirm_K4_i000654,Transformer,32,2,256,15,0.9017392974346876,16,23,13448,cuda,0.8543301373720169,0.8859077170491219,0.8893718682229519,0.9184833839535712,drive://dataset_realization_robustness_v1/runs/replicate_2/confirm_K4_i000654/transformer/d32/n256/seed2/DONE.json,0.8856753496562095,0.853664133064591,0.8470754111606197,0.8458633863275855,0.0577895681817421,0.0726199976259858,-1.611406251231762,dataset_replication_project,2,3056856689.0,drive://dataset_realization_robustness_v1/datasets/replicate_2/confirm_K4_i000654.npz
done,confirm_K4_i000654,Transformer,32,3,256,37,0.919253857806325,16,45,13448,cuda,0.9070026129484176,0.9327931329607964,0.8850096315145493,0.8613185323774815,drive://dataset_realization_robustness_v1/runs/replicate_2/confirm_K4_i000654/transformer/d32/n256/seed3/DONE.json,0.8856753496562095,0.853664133064591,0.8470754111606197,0.8458633863275855,0.0338900804296585,0.0154551460498959,1.1474962988848691,dataset_replication_project,2,3335078065.0,drive://dataset_realization_robustness_v1/datasets/replicate_2/confirm_K4_i000654.npz
done,confirm_K4_i000654,Transformer,128,1,256,10,0.8790955562144518,16,18,201224,cuda,0.8898984156548977,0.8531256839632988,0.834344957023859,1.0080786049365995,drive://dataset_realization_robustness_v1/runs/replicate_2/confirm_K4_i000654/transformer/d128/n256/seed1/DONE.json,0.8856753496562095,0.853664133064591,0.8470754111606197,0.8458633863275855,0.1432273237305588,0.1622152186090142,-2.9684592117749893,dataset_replication_project,2,3327989734.0,drive://dataset_realization_robustness_v1/datasets/replicate_2/confirm_K4_i000654.npz
done,confirm_K4_i000654,Transformer,128,2,256,8,0.8927106503397226,16,16,201224,cuda,0.9634379521012306,0.8903737179934978,0.938318643718958,0.9955987706780434,drive://dataset_realization_robustness_v1/runs/replicate_2/confirm_K4_i000654/transformer/d128/n256/seed2/DONE.json,0.8856753496562095,0.853664133064591,0.8470754111606197,0.8458633863275855,0.0731030855904191,0.1497353843504578,-0.8078179493772855,dataset_replication_project,2,2421716035.0,drive://dataset_realization_robustness_v1/datasets/replicate_2/confirm_K4_i000654.npz
done,confirm_K4_i000654,Transformer,128,3,256,10,0.8686573598533869,16,18,201224,cuda,0.915003314614296,0.9706672914326192,0.8823117390275002,0.8391761668026447,drive://dataset_realization_robustness_v1/runs/replicate_2/confirm_K4_i000654/transformer/d128/n256/seed3/DONE.json,0.8856753496562095,0.853664133064591,0.8470754111606197,0.8458633863275855,0.0677384435209545,-0.0066872195249407,1.904632212828675,dataset_replication_project,2,2532268270.0,drive://dataset_realization_robustness_v1/datasets/replicate_2/confirm_K4_i000654.npz
done,confirm_K4_i000654,Transformer,256,1,256,40,0.8656039983034134,16,48,795656,cuda,0.9086944051086904,0.8890714533627033,0.8971052877604961,0.8453409820795059,drive://dataset_realization_robustness_v1/runs/replicate_2/confirm_K4_i000654/transformer/d256/n256/seed1/DONE.json,0.8856753496562095,0.853664133064591,0.8470754111606197,0.8458633863275855,0.0331688051101066,-0.0005224042480795,1.5913162208615437,dataset_replication_project,2,2622400378.0,drive://dataset_realization_robustness_v1/datasets/replicate_2/confirm_K4_i000654.npz
done,confirm_K4_i000654,Transformer,256,2,256,10,0.8738680928945541,16,18,795656,cuda,0.9750997498631476,0.8557772301137447,0.861106026917696,1.0159392952919006,drive://dataset_realization_robustness_v1/runs/replicate_2/confirm_K4_i000654/transformer/d256/n256/seed2/DONE.json,0.8856753496562095,0.853664133064591,0.8470754111606197,0.8458633863275855,0.1215178027938933,0.1700759089643151,-1.025810887336723,dataset_replication_project,2,3378904101.0,drive://dataset_realization_robustness_v1/datasets/replicate_2/confirm_K4_i000654.npz
done,confirm_K4_i000654,Transformer,256,3,256,15,0.8745749965310097,16,23,795656,cuda,0.8980830609798431,0.9673743695020676,0.8662293888628483,0.8885207884013653,drive://dataset_realization_robustness_v1/runs/replicate_2/confirm_K4_i000654/transformer/d256/n256/seed3/DONE.json,0.8856753496562095,0.853664133064591,0.8470754111606197,0.8458633863275855,0.0403607483168475,0.0426574020737797,0.2401859084302625,dataset_replication_project,2,2547793705.0,drive://dataset_realization_robustness_v1/datasets/replicate_2/confirm_K4_i000654.npz
done,confirm_K4_i000909,GRU,8,1,256,48,1.6481533497571943,16,48,576,cuda,1.66415985673666,1.6616662368178368,1.6380141079425812,1.6282475367188454,drive://dataset_realization_robustness_v1/runs/replicate_2/confirm_K4_i000909/gru/d8/n256/seed1/DONE.json,1.6318533017249228,1.6316537487975449,1.6316514294605773,1.6316514066853085,0.0249362833127698,-0.0034038699664631,177.8761879757821,dataset_replication_project,2,3088136057.0,drive://dataset_realization_robustness_v1/datasets/replicate_2/confirm_K4_i000909.npz
done,confirm_K4_i000909,GRU,8,2,256,47,1.7022541984915731,16,48,576,cuda,1.6640490666031835,1.6432379558682442,1.62735865265131,1.6717635691165924,drive://dataset_realization_robustness_v1/runs/replicate_2/confirm_K4_i000909/gru/d8/n256/seed2/DONE.json,1.6318533017249228,1.6316537487975449,1.6316514294605773,1.6316514066853085,0.026684790687909,0.0401121624312839,-38.21046088178143,dataset_replication_project,2,3900161961.0,drive://dataset_realization_robustness_v1/datasets/replicate_2/confirm_K4_i000909.npz
done,confirm_K4_i000909,GRU,8,3,256,48,1.6610823348164558,16,48,576,cuda,1.6367513835430143,1.6931316405534744,1.6330247297883034,1.6774274408817291,drive://dataset_realization_robustness_v1/runs/replicate_2/confirm_K4_i000909/gru/d8/n256/seed3/DONE.json,1.6318533017249228,1.6316537487975449,1.6316514294605773,1.6316514066853085,0.0311815574357589,0.0457760341964206,-201.47130616194528,dataset_replication_project,2,2428636498.0,drive://dataset_realization_robustness_v1/datasets/replicate_2/confirm_K4_i000909.npz
done,confirm_K4_i000909,GRU,32,1,256,38,1.653948850929737,16,46,6888,cuda,1.6434780210256577,1.6443671211600304,1.5934924483299255,1.6920316368341446,drive://dataset_realization_robustness_v1/runs/replicate_2/confirm_K4_i000909/gru/d32/n256/seed1/DONE.json,1.6318533017249228,1.6316537487975449,1.6316514294605773,1.6316514066853085,0.0599149508237865,0.060380230148836,-240.4893943964104,dataset_replication_project,2,2133444004.0,drive://dataset_realization_robustness_v1/datasets/replicate_2/confirm_K4_i000909.npz
done,confirm_K4_i000909,GRU,32,2,256,44,1.6354630142450333,16,48,6888,cuda,1.6793518140912056,1.6058683544397354,1.6548505574464798,1.6061140596866608,drive://dataset_realization_robustness_v1/runs/replicate_2/confirm_K4_i000909/gru/d32/n256/seed2/DONE.json,1.6318533017249228,1.6316537487975449,1.6316514294605773,1.6316514066853085,0.0439019995973588,-0.0255373469986477,362.7516284919685,dataset_replication_project,2,4018187896.0,drive://dataset_realization_robustness_v1/datasets/replicate_2/confirm_K4_i000909.npz
done,confirm_K4_i000909,GRU,32,3,256,26,1.6496089324355123,16,34,6888,cuda,1.6607767567038536,1.6428347527980804,1.5976972505450249,1.6334554180502892,drive://dataset_realization_robustness_v1/runs/replicate_2/confirm_K4_i000909/gru/d32/n256/seed3/DONE.json,1.6318533017249228,1.6316537487975449,1.6316514294605773,1.6316514066853085,0.022924006984798,0.0018040113649806,135.32446713775877,dataset_replication_project,2,3536540630.0,drive://dataset_realization_robustness_v1/datasets/replicate_2/confirm_K4_i000909.npz
done,confirm_K4_i000909,GRU,128,1,256,16,1.6251210942864418,16,24,101256,cuda,1.5963422432541847,1.5799148976802826,1.658200554549694,1.6822948828339577,drive://dataset_realization_robustness_v1/runs/replicate_2/confirm_K4_i000909/gru/d128/n256/seed1/DONE.json,1.6318533017249228,1.6316537487975449,1.6316514294605773,1.6316514066853085,0.0679802959041209,0.0506434761486491,-425.7293281893826,dataset_replication_project,2,2109172034.0,drive://dataset_realization_robustness_v1/datasets/replicate_2/confirm_K4_i000909.npz
done,confirm_K4_i000909,GRU,128,2,256,19,1.6517738327383995,16,27,101256,cuda,1.6109783351421356,1.6393565833568573,1.6415060758590698,1.6613363027572632,drive://dataset_realization_robustness_v1/runs/replicate_2/confirm_K4_i000909/gru/d128/n256/seed2/DONE.json,1.6318533017249228,1.6316537487975449,1.6316514294605773,1.6316514066853085,0.0292948354754033,0.0296848960719546,-249.42647284116805,dataset_replication_project,2,3221031037.0,drive://dataset_realization_robustness_v1/datasets/replicate_2/confirm_K4_i000909.npz
done,confirm_K4_i000909,GRU,128,3,256,20,1.6581121198832989,16,28,101256,cuda,1.6276769042015076,1.6502719894051552,1.6742789149284365,1.643543966114521,drive://dataset_realization_robustness_v1/runs/replicate_2/confirm_K4_i000909/gru/d128/n256/seed3/DONE.json,1.6318533017249228,1.6316537487975449,1.6316514294605773,1.6316514066853085,0.0176641009073482,0.0118925594292125,-78.59064761236509,dataset_replication_project,2,2680496464.0,drive://dataset_realization_robustness_v1/datasets/replicate_2/confirm_K4_i000909.npz
done,confirm_K4_i000909,GRU,256,1,256,26,1.6552364528179169,16,34,399112,cuda,1.6942659467458725,1.6638517379760742,1.6431530490517616,1.7404737025499344,drive://dataset_realization_robustness_v1/runs/replicate_2/confirm_K4_i000909/gru/d256/n256/seed1/DONE.json,1.6318533017249228,1.6316537487975449,1.6316514294605773,1.6316514066853085,0.0661370813101034,0.1088222958646258,-228.87018865016543,dataset_replication_project,2,3542828629.0,drive://dataset_realization_robustness_v1/datasets/replicate_2/confirm_K4_i000909.npz
done,confirm_K4_i000909,GRU,256,2,256,8,1.6319092363119123,16,16,399112,cuda,1.6785878241062164,1.6309978738427162,1.6483975872397425,1.6862103417515757,drive://dataset_realization_robustness_v1/runs/replicate_2/confirm_K4_i000909/gru/d256/n256/seed2/DONE.json,1.6318533017249228,1.6316537487975449,1.6316514294605773,1.6316514066853085,0.0336886583500086,0.0545589350662669,-37.754853511608594,dataset_replication_project,2,2778916732.0,drive://dataset_realization_robustness_v1/datasets/replicate_2/confirm_K4_i000909.npz
done,confirm_K4_i000909,GRU,256,3,256,20,1.660981945693493,16,28,399112,cuda,1.6387605369091034,1.6334285587072372,1.592655584216118,1.6240204870700836,drive://dataset_realization_robustness_v1/runs/replicate_2/confirm_K4_i000909/gru/d256/n256/seed3/DONE.json,1.6318533017249228,1.6316537487975449,1.6316514294605773,1.6316514066853085,0.0179135720376673,-0.0076309196152248,73.00847939195404,dataset_replication_project,2,2062708850.0,drive://dataset_realization_robustness_v1/datasets/replicate_2/confirm_K4_i000909.npz
done,confirm_K4_i000909,Transformer,8,1,256,24,1.7048569098114967,16,32,1064,cuda,1.6117772459983826,1.6514165699481964,1.7013547345995903,1.6899560540914536,drive://dataset_realization_robustness_v1/runs/replicate_2/confirm_K4_i000909/transformer/d8/n256/seed1/DONE.json,1.6318533017249228,1.6316537487975449,1.6316514294605773,1.6316514066853085,0.0440424124929421,0.058304647406145,-387.2250068273901,dataset_replication_project,2,2548079631.0,drive://dataset_realization_robustness_v1/datasets/replicate_2/confirm_K4_i000909.npz
done,confirm_K4_i000909,Transformer,8,2,256,38,1.659377034753561,16,46,1064,cuda,1.6411051973700523,1.671960562467575,1.6523957625031471,1.6102400496602058,drive://dataset_realization_robustness_v1/runs/replicate_2/confirm_K4_i000909/transformer/d8/n256/seed2/DONE.json,1.6318533017249228,1.6316537487975449,1.6316514294605773,1.6316514066853085,0.0403932849102227,-0.0214113570251026,152.87719682865057,dataset_replication_project,2,2957443361.0,drive://dataset_realization_robustness_v1/datasets/replicate_2/confirm_K4_i000909.npz
done,confirm_K4_i000909,Transformer,8,3,256,45,1.6349832825362682,16,48,1064,cuda,1.6152313351631165,1.6588062942028046,1.6488748863339424,1.684445947408676,drive://dataset_realization_robustness_v1/runs/replicate_2/confirm_K4_i000909/transformer/d8/n256/seed3/DONE.json,1.6318533017249228,1.6316537487975449,1.6316514294605773,1.6316514066853085,0.0410532136800226,0.0527945407233676,-342.82472901652545,dataset_replication_project,2,3244028759.0,drive://dataset_realization_robustness_v1/datasets/replicate_2/confirm_K4_i000909.npz
done,confirm_K4_i000909,Transformer,32,1,256,9,1.6110090278089046,16,17,13448,cuda,1.6720628589391708,1.5628561303019524,1.7117696404457092,1.6764406189322472,drive://dataset_realization_robustness_v1/runs/replicate_2/confirm_K4_i000909/transformer/d32/n256/seed1/DONE.json,1.6318533017249228,1.6316537487975449,1.6316514294605773,1.6316514066853085,0.0595211716748631,0.0447892122469386,-21.68334596748475,dataset_replication_project,2,2851666514.0,drive://dataset_realization_robustness_v1/datasets/replicate_2/confirm_K4_i000909.npz
done,confirm_K4_i000909,Transformer,32,2,256,27,1.6709252782166004,16,35,13448,cuda,1.6101841926574707,1.6658461913466454,1.626031219959259,1.6688188835978508,drive://dataset_realization_robustness_v1/runs/replicate_2/confirm_K4_i000909/transformer/d32/n256/seed2/DONE.json,1.6318533017249228,1.6316537487975449,1.6316514294605773,1.6316514066853085,0.0364052907827138,0.0371674769125423,-290.4216520246863,dataset_replication_project,2,3588186021.0,drive://dataset_realization_robustness_v1/datasets/replicate_2/confirm_K4_i000909.npz
done,confirm_K4_i000909,Transformer,32,3,256,30,1.6304843463003635,16,38,13448,cuda,1.6532629579305649,1.6449575200676918,1.6925062909722328,1.6729781404137611,drive://dataset_realization_robustness_v1/runs/replicate_2/confirm_K4_i000909/transformer/d32/n256/seed3/DONE.json,1.6318533017249228,1.6316537487975449,1.6316514294605773,1.6316514066853085,0.0197694472400365,0.0413267337284526,-97.65065313569976,dataset_replication_project,2,3407356465.0,drive://dataset_realization_robustness_v1/datasets/replicate_2/confirm_K4_i000909.npz
done,confirm_K4_i000909,Transformer,128,1,256,17,1.66034672036767,16,25,201224,cuda,1.645876444876194,1.705064207315445,1.6932234838604927,1.6939234659075737,drive://dataset_realization_robustness_v1/runs/replicate_2/confirm_K4_i000909/transformer/d128/n256/seed1/DONE.json,1.6318533017249228,1.6316537487975449,1.6316514294605773,1.6316514066853085,0.0247614208378989,0.0622720592222652,-237.98019566584728,dataset_replication_project,2,3805561087.0,drive://dataset_realization_robustness_v1/datasets/replicate_2/confirm_K4_i000909.npz
done,confirm_K4_i000909,Transformer,128,2,256,27,1.6201146431267262,16,35,201224,cuda,1.6133796125650406,1.658327117562294,1.6520677134394646,1.603453353047371,drive://dataset_realization_robustness_v1/runs/replicate_2/confirm_K4_i000909/transformer/d128/n256/seed2/DONE.json,1.6318533017249228,1.6316537487975449,1.6316514294605773,1.6316514066853085,0.0369756341491216,-0.0281980536379375,49.16544525626702,dataset_replication_project,2,3197307142.0,drive://dataset_realization_robustness_v1/datasets/replicate_2/confirm_K4_i000909.npz
done,confirm_K4_i000909,Transformer,128,3,256,15,1.6630160547792912,16,23,201224,cuda,1.60544403642416,1.6761465519666672,1.707233838737011,1.6824447363615036,drive://dataset_realization_robustness_v1/runs/replicate_2/confirm_K4_i000909/transformer/d128/n256/seed3/DONE.json,1.6318533017249228,1.6316537487975449,1.6316514294605773,1.6316514066853085,0.0406645907789242,0.0507933296761951,-381.3897562042052,dataset_replication_project,2,3345457305.0,drive://dataset_realization_robustness_v1/datasets/replicate_2/confirm_K4_i000909.npz
done,confirm_K4_i000909,Transformer,256,1,256,33,1.6573490500450134,16,41,795656,cuda,1.6196179017424583,1.6399597078561785,1.63993801176548,1.6902909949421885,drive://dataset_realization_robustness_v1/runs/replicate_2/confirm_K4_i000909/transformer/d256/n256/seed1/DONE.json,1.6318533017249228,1.6316537487975449,1.6316514294605773,1.6316514066853085,0.0502298800381644,0.0586395882568797,-350.0486853700662,dataset_replication_project,2,3257551777.0,drive://dataset_realization_robustness_v1/datasets/replicate_2/confirm_K4_i000909.npz
done,confirm_K4_i000909,Transformer,256,2,256,13,1.6672967784106731,16,21,795656,cuda,1.6926992312073708,1.660209633409977,1.6522869914770126,1.6544801741838455,drive://dataset_realization_robustness_v1/runs/replicate_2/confirm_K4_i000909/transformer/d256/n256/seed2/DONE.json,1.6318533017249228,1.6316537487975449,1.6316514294605773,1.6316514066853085,0.0192543152697902,0.022828767498537,189.30161482191545,dataset_replication_project,2,3862486551.0,drive://dataset_realization_robustness_v1/datasets/replicate_2/confirm_K4_i000909.npz
done,confirm_K4_i000909,Transformer,256,3,256,23,1.646284282207489,16,31,795656,cuda,1.621158055961132,1.669803336262703,1.6954544484615326,1.6350089460611343,drive://dataset_realization_robustness_v1/runs/replicate_2/confirm_K4_i000909/transformer/d256/n256/seed3/DONE.json,1.6318533017249228,1.6316537487975449,1.6316514294605773,1.6316514066853085,0.0355725434413346,0.0033575393758258,-68.6044101254874,dataset_replication_project,2,3056322125.0,drive://dataset_realization_robustness_v1/datasets/replicate_2/confirm_K4_i000909.npz
done,confirm_K5_i000202,GRU,8,1,256,41,1.9057801589369772,16,48,576,cuda,1.9275436326861384,1.9267952963709831,1.8926296308636663,1.9452822506427765,drive://dataset_realization_robustness_v1/runs/replicate_2/confirm_K5_i000202/gru/d8/n256/seed1/DONE.json,1.8935646414575609,1.8905818784768589,1.8901325682445256,1.8900558607671785,0.02997218296084,0.055226389875598,-5.0554934952931125,dataset_replication_project,2,3373065777.0,drive://dataset_realization_robustness_v1/datasets/replicate_2/confirm_K5_i000202.npz
done,confirm_K5_i000202,GRU,8,2,256,48,1.8730072192847729,16,48,576,cuda,1.9356685653328896,1.827423252165317,1.9197428971529007,1.884451024234295,drive://dataset_realization_robustness_v1/runs/replicate_2/confirm_K5_i000202/gru/d8/n256/seed2/DONE.json,1.8935646414575609,1.8905818784768589,1.8901325682445256,1.8900558607671785,0.0413178908423135,-0.0056048365328835,14.59696276800152,dataset_replication_project,2,3498564580.0,drive://dataset_realization_robustness_v1/datasets/replicate_2/confirm_K5_i000202.npz
done,confirm_K5_i000202,GRU,8,3,256,47,1.921986158937216,16,48,576,cuda,1.9539508149027824,1.8975631520152088,1.9070480093359947,1.8886207342147827,drive://dataset_realization_robustness_v1/runs/replicate_2/confirm_K5_i000202/gru/d8/n256/seed3/DONE.json,1.8935646414575609,1.8905818784768589,1.8901325682445256,1.8900558607671785,0.0325171195554548,-0.0014351265523957,18.619026508858177,dataset_replication_project,2,2388172680.0,drive://dataset_realization_robustness_v1/datasets/replicate_2/confirm_K5_i000202.npz
done,confirm_K5_i000202,GRU,32,1,256,24,1.905410673469305,16,32,6888,cuda,1.8928242698311808,1.9172767624258995,1.9405990913510325,1.8966548666357996,drive://dataset_realization_robustness_v1/runs/replicate_2/confirm_K5_i000202/gru/d32/n256/seed1/DONE.json,1.8935646414575609,1.8905818784768589,1.8901325682445256,1.8900558607671785,0.0244032264590843,0.0065990058686209,-1.0917173635612305,dataset_replication_project,2,2972229228.0,drive://dataset_realization_robustness_v1/datasets/replicate_2/confirm_K5_i000202.npz
done,confirm_K5_i000202,GRU,32,2,256,21,1.8831851333379743,16,29,6888,cuda,1.9580533653497696,1.885411597788334,1.875593975186348,1.92065354436636,drive://dataset_realization_robustness_v1/runs/replicate_2/confirm_K5_i000202/gru/d32/n256/seed2/DONE.json,1.8935646414575609,1.8905818784768589,1.8901325682445256,1.8900558607671785,0.0334112007862628,0.0305976835991812,10.658922367511614,dataset_replication_project,2,3469571036.0,drive://dataset_realization_robustness_v1/datasets/replicate_2/confirm_K5_i000202.npz
done,confirm_K5_i000202,GRU,32,3,256,20,1.8904831409454343,16,28,6888,cuda,1.9147390723228452,1.9424207955598831,1.8909462690353396,1.9573800414800644,drive://dataset_realization_robustness_v1/runs/replicate_2/confirm_K5_i000202/gru/d32/n256/seed3/DONE.json,1.8935646414575609,1.8905818784768589,1.8901325682445256,1.8900558607671785,0.0412105470121025,0.0673241807128859,-12.152645867579622,dataset_replication_project,2,2229534651.0,drive://dataset_realization_robustness_v1/datasets/replicate_2/confirm_K5_i000202.npz
done,confirm_K5_i000202,GRU,128,1,256,5,1.9366725534200668,16,13,101256,cuda,1.9500281661748888,1.888796366751194,1.931363433599472,1.9743865355849264,drive://dataset_realization_robustness_v1/runs/replicate_2/confirm_K5_i000202/gru/d128/n256/seed1/DONE.json,1.8935646414575609,1.8905818784768589,1.8901325682445256,1.8900558607671785,0.0501252661220593,0.0843306748177481,-6.942117949065457,dataset_replication_project,2,2519962842.0,drive://dataset_realization_robustness_v1/datasets/replicate_2/confirm_K5_i000202.npz
done,confirm_K5_i000202,GRU,128,2,256,18,1.889182172715664,16,26,101256,cuda,1.939137689769268,1.9801257103681564,1.904984101653099,1.8916321322321887,drive://dataset_realization_robustness_v1/runs/replicate_2/confirm_K5_i000202/gru/d128/n256/seed2/DONE.json,1.8935646414575609,1.8905818784768589,1.8901325682445256,1.8900558607671785,0.0496241892626988,0.0015762714650107,13.539050094322487,dataset_replication_project,2,3938051488.0,drive://dataset_realization_robustness_v1/datasets/replicate_2/confirm_K5_i000202.npz
done,confirm_K5_i000202,GRU,128,3,256,5,1.9216698557138443,16,13,101256,cuda,1.9194720685482023,1.9510846734046936,1.939790330827236,1.9348410964012144,drive://dataset_realization_robustness_v1/runs/replicate_2/confirm_K5_i000202/gru/d128/n256/seed3/DONE.json,1.8935646414575609,1.8905818784768589,1.8901325682445256,1.8900558607671785,0.0125215299027384,0.0447852356340361,-4.380162001899606,dataset_replication_project,2,2269065708.0,drive://dataset_realization_robustness_v1/datasets/replicate_2/confirm_K5_i000202.npz
done,confirm_K5_i000202,GRU,256,1,256,27,1.9159882850945,16,35,399112,cuda,1.906187161803245,1.8923338279128077,1.931617029011249,1.9333742931485176,drive://dataset_realization_robustness_v1/runs/replicate_2/confirm_K5_i000202/gru/d256/n256/seed1/DONE.json,1.8935646414575609,1.8905818784768589,1.8901325682445256,1.8900558607671785,0.0258523450195204,0.0433184323813391,-7.74831308773221,dataset_replication_project,2,2996146126.0,drive://dataset_realization_robustness_v1/datasets/replicate_2/confirm_K5_i000202.npz
done,confirm_K5_i000202,GRU,256,2,256,17,1.907935481518507,16,25,399112,cuda,1.9274365976452827,1.891743056476116,1.9478822350502012,1.878168702125549,drive://dataset_realization_robustness_v1/runs/replicate_2/confirm_K5_i000202/gru/d256/n256/seed2/DONE.json,1.8935646414575609,1.8905818784768589,1.8901325682445256,1.8900558607671785,0.0421706151764414,-0.0118871586416291,14.041315165344212,dataset_replication_project,2,2338537650.0,drive://dataset_realization_robustness_v1/datasets/replicate_2/confirm_K5_i000202.npz
done,confirm_K5_i000202,GRU,256,3,256,16,1.883302681148052,16,24,399112,cuda,1.9295041114091875,1.903510369360447,1.9035200402140615,1.9534093216061592,drive://dataset_realization_robustness_v1/runs/replicate_2/confirm_K5_i000202/gru/d256/n256/seed3/DONE.json,1.8935646414575609,1.8905818784768589,1.8901325682445256,1.8900558607671785,0.0380486679631352,0.0633534608389807,-6.812967895798175,dataset_replication_project,2,2370495474.0,drive://dataset_realization_robustness_v1/datasets/replicate_2/confirm_K5_i000202.npz
done,confirm_K5_i000202,Transformer,8,1,256,39,1.8914926685392857,16,47,1064,cuda,1.953259147703648,1.942518912255764,1.952090673148632,1.940410763025284,drive://dataset_realization_robustness_v1/runs/replicate_2/confirm_K5_i000202/transformer/d8/n256/seed1/DONE.json,1.8935646414575609,1.8905818784768589,1.8901325682445256,1.8900558607671785,0.0074894201118243,0.0503549022581053,3.661780490750338,dataset_replication_project,2,2932920767.0,drive://dataset_realization_robustness_v1/datasets/replicate_2/confirm_K5_i000202.npz
done,confirm_K5_i000202,Transformer,8,2,256,48,1.9122252576053145,16,48,1064,cuda,1.8740816712379456,1.9297874420881271,1.932442620396614,1.9199957102537155,drive://dataset_realization_robustness_v1/runs/replicate_2/confirm_K5_i000202/transformer/d8/n256/seed2/DONE.json,1.8935646414575609,1.8905818784768589,1.8901325682445256,1.8900558607671785,0.0258915549935442,0.029939849486537,-13.085468448233504,dataset_replication_project,2,2260897094.0,drive://dataset_realization_robustness_v1/datasets/replicate_2/confirm_K5_i000202.npz
done,confirm_K5_i000202,Transformer,8,3,256,40,1.8967181667685509,16,48,1064,cuda,1.915682427585125,1.9467581436038015,1.928874045610428,1.881051480770111,drive://dataset_realization_robustness_v1/runs/replicate_2/confirm_K5_i000202/transformer/d8/n256/seed3/DONE.json,1.8935646414575609,1.8905818784768589,1.8901325682445256,1.8900558607671785,0.0432919525385387,-0.0090043799970673,9.869795199779102,dataset_replication_project,2,3365017902.0,drive://dataset_realization_robustness_v1/datasets/replicate_2/confirm_K5_i000202.npz
done,confirm_K5_i000202,Transformer,32,1,256,23,1.9069559015333648,16,31,13448,cuda,1.9272710978984835,1.9334354251623156,1.8784271329641344,1.9439527913928032,drive://dataset_realization_robustness_v1/runs/replicate_2/confirm_K5_i000202/transformer/d32/n256/seed1/DONE.json,1.8935646414575609,1.8905818784768589,1.8901325682445256,1.8900558607671785,0.0347609047247044,0.0538969306256247,-4.754270775612895,dataset_replication_project,2,3830112224.0,drive://dataset_realization_robustness_v1/datasets/replicate_2/confirm_K5_i000202.npz
done,confirm_K5_i000202,Transformer,32,2,256,16,1.879650518298149,16,24,13448,cuda,1.9310391396284103,1.886253632605076,1.90984819829464,1.8935347869992256,drive://dataset_realization_robustness_v1/runs/replicate_2/confirm_K5_i000202/transformer/d32/n256/seed2/DONE.json,1.8935646414575609,1.8905818784768589,1.8901325682445256,1.8900558607671785,0.0192372126267082,0.0034789262320471,10.688713812175386,dataset_replication_project,2,3708530208.0,drive://dataset_realization_robustness_v1/datasets/replicate_2/confirm_K5_i000202.npz
done,confirm_K5_i000202,Transformer,32,3,256,13,1.9180688671767712,16,21,13448,cuda,1.9391745179891584,1.92759058624506,1.9165485724806783,1.9411950334906576,drive://dataset_realization_robustness_v1/runs/replicate_2/confirm_K5_i000202/transformer/d32/n256/seed3/DONE.json,1.8935646414575609,1.8905818784768589,1.8901325682445256,1.8900558607671785,0.014504121968277,0.0511391727234793,-0.575845480179888,dataset_replication_project,2,3436696343.0,drive://dataset_realization_robustness_v1/datasets/replicate_2/confirm_K5_i000202.npz
done,confirm_K5_i000202,Transformer,128,1,256,21,1.9245418161153796,16,29,201224,cuda,1.9120692014694212,1.8790787383913996,1.972736530005932,1.9323172867298128,drive://dataset_realization_robustness_v1/runs/replicate_2/confirm_K5_i000202/transformer/d128/n256/seed1/DONE.json,1.8935646414575609,1.8905818784768589,1.8901325682445256,1.8900558607671785,0.0356459585255399,0.0422614259626341,-5.770689891189661,dataset_replication_project,2,3989521124.0,drive://dataset_realization_robustness_v1/datasets/replicate_2/confirm_K5_i000202.npz
done,confirm_K5_i000202,Transformer,128,2,256,17,1.9034563302993772,16,25,201224,cuda,1.977493517100811,1.9572834894061089,1.9085391014814377,1.889010988175869,drive://dataset_realization_robustness_v1/runs/replicate_2/confirm_K5_i000202/transformer/d128/n256/seed2/DONE.json,1.8935646414575609,1.8905818784768589,1.8901325682445256,1.8900558607671785,0.0552007271399705,-0.0010448725913094,25.217457781694154,dataset_replication_project,2,3441582405.0,drive://dataset_realization_robustness_v1/datasets/replicate_2/confirm_K5_i000202.npz
done,confirm_K5_i000202,Transformer,128,3,256,6,1.9126372896134851,16,14,201224,cuda,1.919911488890648,1.9479552134871485,1.979213692247868,1.9779537916183472,drive://dataset_realization_robustness_v1/runs/replicate_2/confirm_K5_i000202/transformer/d128/n256/seed3/DONE.json,1.8935646414575609,1.8905818784768589,1.8901325682445256,1.8900558607671785,0.0343572654878994,0.0878979308511687,-16.542014975969757,dataset_replication_project,2,3025750141.0,drive://dataset_realization_robustness_v1/datasets/replicate_2/confirm_K5_i000202.npz
done,confirm_K5_i000202,Transformer,256,1,256,13,1.912654709070921,16,21,795656,cuda,1.907077506184578,1.953039363026619,1.9648674950003624,1.8322613760828967,drive://dataset_realization_robustness_v1/runs/replicate_2/confirm_K5_i000202/transformer/d256/n256/seed1/DONE.json,1.8935646414575609,1.8905818784768589,1.8901325682445256,1.8900558607671785,0.0963188962267969,-0.0577944846842812,21.322543841726077,dataset_replication_project,2,2870624576.0,drive://dataset_realization_robustness_v1/datasets/replicate_2/confirm_K5_i000202.npz
done,confirm_K5_i000202,Transformer,256,2,256,28,1.911140065640211,16,36,795656,cuda,1.9290339350700376,1.8738323226571083,1.90900419652462,1.8548293188214304,drive://dataset_realization_robustness_v1/runs/replicate_2/confirm_K5_i000202/transformer/d256/n256/seed2/DONE.json,1.8935646414575609,1.8905818784768589,1.8901325682445256,1.8900558607671785,0.0454585311117731,-0.0352265419457482,21.14826282873792,dataset_replication_project,2,2089735875.0,drive://dataset_realization_robustness_v1/datasets/replicate_2/confirm_K5_i000202.npz
done,confirm_K5_i000202,Transformer,256,3,256,8,1.926084242761135,16,16,795656,cuda,1.935638815164566,1.941158890724182,1.9785947874188423,1.88203889131546,drive://dataset_realization_robustness_v1/runs/replicate_2/confirm_K5_i000202/transformer/d256/n256/seed3/DONE.json,1.8935646414575609,1.8905818784768589,1.8901325682445256,1.8900558607671785,0.0617466824052786,-0.0080169694517182,15.275940156654308,dataset_replication_project,2,3571667054.0,drive://dataset_realization_robustness_v1/datasets/replicate_2/confirm_K5_i000202.npz
done,confirm_K5_i000312,GRU,8,1,256,48,1.419688131660223,16,48,576,cuda,1.5155417919158936,1.518072932958603,1.3844119310379028,1.489726923406124,drive://dataset_realization_robustness_v1/runs/replicate_2/confirm_K5_i000312/gru/d8/n256/seed1/DONE.json,1.4227544818611757,1.386183937594926,1.3749062794422358,1.3706369785438657,0.0567105845991182,0.1190899448622584,0.4953205135825343,dataset_replication_project,2,2451024039.0,drive://dataset_realization_robustness_v1/datasets/replicate_2/confirm_K5_i000312.npz
done,confirm_K5_i000312,GRU,8,2,256,47,1.4652195237576962,16,48,576,cuda,1.5346925854682922,1.4836945608258247,1.5033657029271126,1.5095442458987236,drive://dataset_realization_robustness_v1/runs/replicate_2/confirm_K5_i000312/gru/d8/n256/seed2/DONE.json,1.4227544818611757,1.386183937594926,1.3749062794422358,1.3706369785438657,0.02524963058893,0.1389072673548579,0.4825315483064593,dataset_replication_project,2,2093304969.0,drive://dataset_realization_robustness_v1/datasets/replicate_2/confirm_K5_i000312.npz
done,confirm_K5_i000312,GRU,8,3,256,48,1.4374852925539017,16,48,576,cuda,1.528783604502678,1.513069927692413,1.4912464320659635,1.3910408839583397,drive://dataset_realization_robustness_v1/runs/replicate_2/confirm_K5_i000312/gru/d8/n256/seed3/DONE.json,1.4227544818611757,1.386183937594926,1.3749062794422358,1.3706369785438657,0.0834773557801923,0.020403905414474,2.6429263064600623,dataset_replication_project,2,2076633790.0,drive://dataset_realization_robustness_v1/datasets/replicate_2/confirm_K5_i000312.npz
done,confirm_K5_i000312,GRU,32,1,256,27,1.4596998766064644,16,35,6888,cuda,1.4561696350574491,1.495095781981945,1.459492601454258,1.3553235828876495,drive://dataset_realization_robustness_v1/runs/replicate_2/confirm_K5_i000312/gru/d32/n256/seed1/DONE.json,1.4227544818611757,1.386183937594926,1.3749062794422358,1.3706369785438657,0.0833461686690855,-0.0153133956562161,1.9349747349909092,dataset_replication_project,2,2095605789.0,drive://dataset_realization_robustness_v1/datasets/replicate_2/confirm_K5_i000312.npz
done,confirm_K5_i000312,GRU,32,2,256,48,1.416938591748476,16,48,6888,cuda,1.4199351966381073,1.4821164682507515,1.3792458102107048,1.3465548381209371,drive://dataset_realization_robustness_v1/runs/replicate_2/confirm_K5_i000312/gru/d32/n256/seed2/DONE.json,1.4227544818611757,1.386183937594926,1.3749062794422358,1.3706369785438657,0.0625767961761857,-0.0240821404229283,1.407979159523511,dataset_replication_project,2,3915704642.0,drive://dataset_realization_robustness_v1/datasets/replicate_2/confirm_K5_i000312.npz
done,confirm_K5_i000312,GRU,32,3,256,46,1.3570913635194302,16,48,6888,cuda,1.4285419657826424,1.4868589118123057,1.4518560618162155,1.392278932034969,drive://dataset_realization_robustness_v1/runs/replicate_2/confirm_K5_i000312/gru/d32/n256/seed3/DONE.json,1.4227544818611757,1.386183937594926,1.3749062794422358,1.3706369785438657,0.0488787748061261,0.0216419534911036,0.6957937629300985,dataset_replication_project,2,3693786417.0,drive://dataset_realization_robustness_v1/datasets/replicate_2/confirm_K5_i000312.npz
done,confirm_K5_i000312,GRU,128,1,256,29,1.4471382647752762,16,37,101256,cuda,1.5373047813773155,1.4722666516900065,1.4217146337032318,1.4003044962882996,drive://dataset_realization_robustness_v1/runs/replicate_2/confirm_K5_i000312/gru/d128/n256/seed1/DONE.json,1.4227544818611757,1.386183937594926,1.3749062794422358,1.3706369785438657,0.0516758388830615,0.0296675177444338,2.628680891617336,dataset_replication_project,2,3564878601.0,drive://dataset_realization_robustness_v1/datasets/replicate_2/confirm_K5_i000312.npz
done,confirm_K5_i000312,GRU,128,2,256,27,1.4507061913609505,16,35,101256,cuda,1.479037992656231,1.3599417060613632,1.466902032494545,1.4165837615728378,drive://dataset_realization_robustness_v1/runs/replicate_2/confirm_K5_i000312/gru/d128/n256/seed2/DONE.json,1.4227544818611757,1.386183937594926,1.3749062794422358,1.3706369785438657,0.0431236866600891,0.0459467830289721,1.1983350526818095,dataset_replication_project,2,3545810248.0,drive://dataset_realization_robustness_v1/datasets/replicate_2/confirm_K5_i000312.npz
done,confirm_K5_i000312,GRU,128,3,256,27,1.421880766749382,16,35,101256,cuda,1.5449920892715454,1.3863945752382278,1.483903430402279,1.374445840716362,drive://dataset_realization_robustness_v1/runs/replicate_2/confirm_K5_i000312/gru/d128/n256/seed3/DONE.json,1.4227544818611757,1.386183937594926,1.3749062794422358,1.3706369785438657,0.0792194594408974,0.0038088621724963,3.272341108069525,dataset_replication_project,2,3151396931.0,drive://dataset_realization_robustness_v1/datasets/replicate_2/confirm_K5_i000312.npz
done,confirm_K5_i000312,GRU,256,1,256,12,1.4032041132450104,16,20,399112,cuda,1.512995757162571,1.4598483368754387,1.3346002995967865,1.4792756512761116,drive://dataset_realization_robustness_v1/runs/replicate_2/confirm_K5_i000312/gru/d256/n256/seed1/DONE.json,1.4227544818611757,1.386183937594926,1.3749062794422358,1.3706369785438657,0.0770489674933993,0.1086386727322459,0.647001558788403,dataset_replication_project,2,3979350985.0,drive://dataset_realization_robustness_v1/datasets/replicate_2/confirm_K5_i000312.npz
done,confirm_K5_i000312,GRU,256,2,256,8,1.4140913225710392,16,16,399112,cuda,1.4362502321600914,1.430852137506008,1.4663128852844238,1.5371295809745789,drive://dataset_realization_robustness_v1/runs/replicate_2/confirm_K5_i000312/gru/d256/n256/seed2/DONE.json,1.4227544818611757,1.386183937594926,1.3749062794422358,1.3706369785438657,0.1047462752263728,0.1664926024307131,-1.93561361142528,dataset_replication_project,2,2695734835.0,drive://dataset_realization_robustness_v1/datasets/replicate_2/confirm_K5_i000312.npz
done,confirm_K5_i000312,GRU,256,3,256,28,1.3842179626226423,16,36,399112,cuda,1.4545623064041138,1.366318017244339,1.3794386126101017,1.4284306168556211,drive://dataset_realization_robustness_v1/runs/replicate_2/confirm_K5_i000312/gru/d256/n256/seed3/DONE.json,1.4227544818611757,1.386183937594926,1.3749062794422358,1.3706369785438657,0.0488442325011051,0.0577936383117556,0.5013994893307407,dataset_replication_project,2,2995730161.0,drive://dataset_realization_robustness_v1/datasets/replicate_2/confirm_K5_i000312.npz
done,confirm_K5_i000312,Transformer,8,1,256,47,1.3918857015669346,16,48,1064,cuda,1.5002747401595116,1.5412968322634697,1.458152785897255,1.471126489341259,drive://dataset_realization_robustness_v1/runs/replicate_2/confirm_K5_i000312/transformer/d8/n256/seed1/DONE.json,1.4227544818611757,1.386183937594926,1.3749062794422358,1.3706369785438657,0.0308570163198405,0.1004895107973933,0.5592794927413843,dataset_replication_project,2,2234685838.0,drive://dataset_realization_robustness_v1/datasets/replicate_2/confirm_K5_i000312.npz
done,confirm_K5_i000312,Transformer,8,2,256,46,1.4009854514151812,16,48,1064,cuda,1.461936641484499,1.4331079572439194,1.4831539914011955,1.4206475242972374,drive://dataset_realization_robustness_v1/runs/replicate_2/confirm_K5_i000312/transformer/d8/n256/seed2/DONE.json,1.4227544818611757,1.386183937594926,1.3749062794422358,1.3706369785438657,0.0296578325119677,0.0500105457533717,0.7922312958062986,dataset_replication_project,2,3511283263.0,drive://dataset_realization_robustness_v1/datasets/replicate_2/confirm_K5_i000312.npz
done,confirm_K5_i000312,Transformer,8,3,256,38,1.3993875421583652,16,46,1064,cuda,1.4661706686019895,1.458640642464161,1.506141036748886,1.4042582213878632,drive://dataset_realization_robustness_v1/runs/replicate_2/confirm_K5_i000312/transformer/d8/n256/seed3/DONE.json,1.4227544818611757,1.386183937594926,1.3749062794422358,1.3706369785438657,0.0527554078801547,0.0336212428439974,1.1879396224562302,dataset_replication_project,2,2320867921.0,drive://dataset_realization_robustness_v1/datasets/replicate_2/confirm_K5_i000312.npz
done,confirm_K5_i000312,Transformer,32,1,256,12,1.451651006937027,16,20,13448,cuda,1.4747503474354744,1.4537839889526367,1.4392872154712677,1.4834660664200785,drive://dataset_realization_robustness_v1/runs/replicate_2/confirm_K5_i000312/transformer/d32/n256/seed1/DONE.json,1.4227544818611757,1.386183937594926,1.3749062794422358,1.3706369785438657,0.0449821356135786,0.1128290878762126,-0.1672320896022103,dataset_replication_project,2,2915363606.0,drive://dataset_realization_robustness_v1/datasets/replicate_2/confirm_K5_i000312.npz
done,confirm_K5_i000312,Transformer,32,2,256,27,1.440432146191597,16,35,13448,cuda,1.4509317725896835,1.497159130871296,1.4825813546776772,1.4639185070991516,drive://dataset_realization_robustness_v1/runs/replicate_2/confirm_K5_i000312/transformer/d32/n256/seed2/DONE.json,1.4227544818611757,1.386183937594926,1.3749062794422358,1.3706369785438657,0.0344920343713647,0.0932815285552859,-0.2491818234346375,dataset_replication_project,2,3732388542.0,drive://dataset_realization_robustness_v1/datasets/replicate_2/confirm_K5_i000312.npz
done,confirm_K5_i000312,Transformer,32,3,256,34,1.4391527958214283,16,42,13448,cuda,1.4638332724571228,1.4025427922606468,1.407283142209053,1.3808498531579971,drive://dataset_realization_robustness_v1/runs/replicate_2/confirm_K5_i000312/transformer/d32/n256/seed3/DONE.json,1.4227544818611757,1.386183937594926,1.3749062794422358,1.3706369785438657,0.0192465595043856,0.0102128746141314,1.5922370416305804,dataset_replication_project,2,2539775929.0,drive://dataset_realization_robustness_v1/datasets/replicate_2/confirm_K5_i000312.npz
done,confirm_K5_i000312,Transformer,128,1,256,8,1.4574858881533146,16,16,201224,cuda,1.4898598417639732,1.4581247344613075,1.3956310972571373,1.4756480157375336,drive://dataset_realization_robustness_v1/runs/replicate_2/confirm_K5_i000312/transformer/d128/n256/seed1/DONE.json,1.4227544818611757,1.386183937594926,1.3749062794422358,1.3706369785438657,0.0490781212541536,0.1050110371936678,0.2726881589072481,dataset_replication_project,2,2888533514.0,drive://dataset_realization_robustness_v1/datasets/replicate_2/confirm_K5_i000312.npz
done,confirm_K5_i000312,Transformer,128,2,256,16,1.4563592560589314,16,24,201224,cuda,1.4908446967601776,1.435335993766785,1.50037232786417,1.515847645699978,drive://dataset_realization_robustness_v1/runs/replicate_2/confirm_K5_i000312/transformer/d128/n256/seed2/DONE.json,1.4227544818611757,1.386183937594926,1.3749062794422358,1.3706369785438657,0.0623792250463314,0.1452106671561122,-0.4797418784160353,dataset_replication_project,2,3568013695.0,drive://dataset_realization_robustness_v1/datasets/replicate_2/confirm_K5_i000312.npz
done,confirm_K5_i000312,Transformer,128,3,256,32,1.4447293616831305,16,40,201224,cuda,1.4617607817053797,1.3982049971818924,1.5078798308968544,1.3991792798042295,drive://dataset_realization_robustness_v1/runs/replicate_2/confirm_K5_i000312/transformer/d128/n256/seed3/DONE.json,1.4227544818611757,1.386183937594926,1.3749062794422358,1.3706369785438657,0.0531232828191378,0.028542301260364,1.2007770502767785,dataset_replication_project,2,2421280421.0,drive://dataset_realization_robustness_v1/datasets/replicate_2/confirm_K5_i000312.npz
done,confirm_K5_i000312,Transformer,256,1,256,16,1.462325043976307,16,24,795656,cuda,1.55282910913229,1.5251194089651108,1.524116389453411,1.546194210648537,drive://dataset_realization_robustness_v1/runs/replicate_2/confirm_K5_i000312/transformer/d256/n256/seed1/DONE.json,1.4227544818611757,1.386183937594926,1.3749062794422358,1.3706369785438657,0.0320312017583988,0.175557232104671,0.1273065296961285,dataset_replication_project,2,3931975548.0,drive://dataset_realization_robustness_v1/datasets/replicate_2/confirm_K5_i000312.npz
done,confirm_K5_i000312,Transformer,256,2,256,13,1.461601871997118,16,21,795656,cuda,1.5396127849817276,1.4761949256062508,1.4487016648054123,1.5044598132371902,drive://dataset_realization_robustness_v1/runs/replicate_2/confirm_K5_i000312/transformer/d256/n256/seed2/DONE.json,1.4227544818611757,1.386183937594926,1.3749062794422358,1.3706369785438657,0.0381135406196215,0.1338228346933245,0.674494546112723,dataset_replication_project,2,2629785736.0,drive://dataset_realization_robustness_v1/datasets/replicate_2/confirm_K5_i000312.npz
done,confirm_K5_i000312,Transformer,256,3,256,25,1.442631933838129,16,33,795656,cuda,1.5007569789886477,1.5163326188921928,1.4717661067843435,1.4807104915380478,drive://dataset_realization_robustness_v1/runs/replicate_2/confirm_K5_i000312/transformer/d256/n256/seed3/DONE.json,1.4227544818611757,1.386183937594926,1.3749062794422358,1.3706369785438657,0.0200384875279534,0.1100735129941821,0.3846402105747368,dataset_replication_project,2,3323415612.0,drive://dataset_realization_robustness_v1/datasets/replicate_2/confirm_K5_i000312.npz
done,confirm_K5_i000834,GRU,8,1,256,48,1.585601892322302,16,48,576,cuda,1.6447137370705605,1.5996043607592585,1.600456714630127,1.5982335656881332,drive://dataset_realization_robustness_v1/runs/replicate_2/confirm_K5_i000834/gru/d8/n256/seed1/DONE.json,1.5936006217124508,1.590645103631183,1.5902305696346928,1.5901675238694706,0.0215552454151757,0.0080660418186626,13.53884261628821,dataset_replication_project,2,2760504947.0,drive://dataset_realization_robustness_v1/datasets/replicate_2/confirm_K5_i000834.npz
done,confirm_K5_i000834,GRU,8,2,256,48,1.6320076063275335,16,48,576,cuda,1.6180394664406776,1.6396831646561625,1.6344289630651474,1.6335238218307495,drive://dataset_realization_robustness_v1/runs/replicate_2/confirm_K5_i000834/gru/d8/n256/seed2/DONE.json,1.5936006217124508,1.590645103631183,1.5902305696346928,1.5901675238694706,0.0098851099275115,0.0433562979612789,-4.510315784251086,dataset_replication_project,2,2822817498.0,drive://dataset_realization_robustness_v1/datasets/replicate_2/confirm_K5_i000834.npz
done,confirm_K5_i000834,GRU,8,3,256,48,1.589402750134468,16,48,576,cuda,1.6531927064061165,1.629773661494255,1.614239163696766,1.6196075901389122,drive://dataset_realization_robustness_v1/runs/replicate_2/confirm_K5_i000834/gru/d8/n256/seed3/DONE.json,1.5936006217124508,1.590645103631183,1.5902305696346928,1.5901675238694706,0.0160663621796753,0.0294400662694416,9.782743691933328,dataset_replication_project,2,3429877895.0,drive://dataset_realization_robustness_v1/datasets/replicate_2/confirm_K5_i000834.npz
done,confirm_K5_i000834,GRU,32,1,256,31,1.6297689974308014,16,39,6888,cuda,1.6205219998955729,1.6617690920829773,1.5926659777760506,1.6295297667384148,drive://dataset_realization_robustness_v1/runs/replicate_2/confirm_K5_i000834/gru/d32/n256/seed1/DONE.json,1.5936006217124508,1.590645103631183,1.5902305696346928,1.5901675238694706,0.0251355063585315,0.0393622428689441,-2.623801375559601,dataset_replication_project,2,3898035510.0,drive://dataset_realization_robustness_v1/datasets/replicate_2/confirm_K5_i000834.npz
done,confirm_K5_i000834,GRU,32,2,256,23,1.6133495569229126,16,31,6888,cuda,1.628036916255951,1.5818152278661728,1.6149586662650108,1.6492766961455343,drive://dataset_realization_robustness_v1/runs/replicate_2/confirm_K5_i000834/gru/d32/n256/seed2/DONE.json,1.5936006217124508,1.590645103631183,1.5902305696346928,1.5901675238694706,0.0400203807668415,0.0591091722760639,-6.186768004009433,dataset_replication_project,2,2889080546.0,drive://dataset_realization_robustness_v1/datasets/replicate_2/confirm_K5_i000834.npz
done,confirm_K5_i000834,GRU,32,3,256,38,1.6162063591182232,16,46,6888,cuda,1.5965729728341105,1.6318998411297798,1.595357745885849,1.6211669743061066,drive://dataset_realization_robustness_v1/runs/replicate_2/confirm_K5_i000834/gru/d32/n256/seed3/DONE.json,1.5936006217124508,1.590645103631183,1.5902305696346928,1.5901675238694706,0.0197488213589027,0.0309994504366359,-7.163792760024253,dataset_replication_project,2,3419069238.0,drive://dataset_realization_robustness_v1/datasets/replicate_2/confirm_K5_i000834.npz
done,confirm_K5_i000834,GRU,128,1,256,16,1.6025071442127228,16,24,101256,cuda,1.5493280440568924,1.6220405250787735,1.6472957655787468,1.6364038363099098,drive://dataset_realization_robustness_v1/runs/replicate_2/confirm_K5_i000834/gru/d128/n256/seed1/DONE.json,1.5936006217124508,1.590645103631183,1.5902305696346928,1.5901675238694706,0.0461773103098422,0.0462363124404392,-25.36362091487297,dataset_replication_project,2,3404886843.0,drive://dataset_realization_robustness_v1/datasets/replicate_2/confirm_K5_i000834.npz
done,confirm_K5_i000834,GRU,128,2,256,12,1.5976872220635414,16,20,101256,cuda,1.5842069163918495,1.601920560002327,1.580633081495762,1.6096980273723602,drive://dataset_realization_robustness_v1/runs/replicate_2/confirm_K5_i000834/gru/d128/n256/seed2/DONE.json,1.5936006217124508,1.590645103631183,1.5902305696346928,1.5901675238694706,0.0209355890548738,0.0195305035028896,-7.425104714866661,dataset_replication_project,2,3134190043.0,drive://dataset_realization_robustness_v1/datasets/replicate_2/confirm_K5_i000834.npz
done,confirm_K5_i000834,GRU,128,3,256,16,1.5991048030555248,16,24,101256,cuda,1.6188109144568443,1.6175070703029633,1.5716168880462646,1.621165208518505,drive://dataset_realization_robustness_v1/runs/replicate_2/confirm_K5_i000834/gru/d128/n256/seed3/DONE.json,1.5936006217124508,1.590645103631183,1.5902305696346928,1.5901675238694706,0.0250593581731103,0.0309976846490345,-0.6857637531288843,dataset_replication_project,2,3765507720.0,drive://dataset_realization_robustness_v1/datasets/replicate_2/confirm_K5_i000834.npz
done,confirm_K5_i000834,GRU,256,1,256,20,1.6340832263231275,16,28,399112,cuda,1.5954569354653358,1.681926302611828,1.6379738450050354,1.6445008143782616,drive://dataset_realization_robustness_v1/runs/replicate_2/confirm_K5_i000834/gru/d256/n256/seed1/DONE.json,1.5936006217124508,1.590645103631183,1.5902305696346928,1.5901675238694706,0.0322583684080943,0.0543332905087909,-14.28560476748662,dataset_replication_project,2,3877457739.0,drive://dataset_realization_robustness_v1/datasets/replicate_2/confirm_K5_i000834.npz
done,confirm_K5_i000834,GRU,256,2,256,25,1.615604881197214,16,33,399112,cuda,1.652995727956295,1.587757743895054,1.6493190005421638,1.573510281741619,drive://dataset_realization_robustness_v1/runs/replicate_2/confirm_K5_i000834/gru/d256/n256/seed2/DONE.json,1.5936006217124508,1.590645103631183,1.5902305696346928,1.5901675238694706,0.0541086322537948,-0.0166572421278514,23.152688868802144,dataset_replication_project,2,3113227555.0,drive://dataset_realization_robustness_v1/datasets/replicate_2/confirm_K5_i000834.npz
done,confirm_K5_i000834,GRU,256,3,256,8,1.6005825214087963,16,16,399112,cuda,1.6168142035603523,1.647215947508812,1.616878092288971,1.6491446867585182,drive://dataset_realization_robustness_v1/runs/replicate_2/confirm_K5_i000834/gru/d256/n256/seed3/DONE.json,1.5936006217124508,1.590645103631183,1.5902305696346928,1.5901675238694706,0.0241351907894932,0.0589771628890476,-9.417291518292602,dataset_replication_project,2,2768200673.0,drive://dataset_realization_robustness_v1/datasets/replicate_2/confirm_K5_i000834.npz
done,confirm_K5_i000834,Transformer,8,1,256,45,1.5846890956163406,16,48,1064,cuda,1.5941460207104683,1.632089301943779,1.5532350167632103,1.660899043083191,drive://dataset_realization_robustness_v1/runs/replicate_2/confirm_K5_i000834/transformer/d8/n256/seed1/DONE.json,1.5936006217124508,1.590645103631183,1.5902305696346928,1.5901675238694706,0.0659336042859576,0.0707315192137203,-19.44396152565698,dataset_replication_project,2,3691409458.0,drive://dataset_realization_robustness_v1/datasets/replicate_2/confirm_K5_i000834.npz
done,confirm_K5_i000834,Transformer,8,2,256,45,1.6034504435956478,16,48,1064,cuda,1.626960650086403,1.6694402024149897,1.6085994318127632,1.677404597401619,drive://dataset_realization_robustness_v1/runs/replicate_2/confirm_K5_i000834/transformer/d8/n256/seed2/DONE.json,1.5936006217124508,1.590645103631183,1.5902305696346928,1.5901675238694706,0.0439227545463052,0.0872370735321483,-14.693419652562833,dataset_replication_project,2,2155782605.0,drive://dataset_realization_robustness_v1/datasets/replicate_2/confirm_K5_i000834.npz
done,confirm_K5_i000834,Transformer,8,3,256,48,1.5916291438043118,16,48,1064,cuda,1.641325905919075,1.6471873000264168,1.611391082406044,1.6125300228595734,drive://dataset_realization_robustness_v1/runs/replicate_2/confirm_K5_i000834/transformer/d8/n256/seed3/DONE.json,1.5936006217124508,1.590645103631183,1.5902305696346928,1.5901675238694706,0.0212894772100901,0.0223624989901027,8.387725714949243,dataset_replication_project,2,2783548999.0,drive://dataset_realization_robustness_v1/datasets/replicate_2/confirm_K5_i000834.npz
done,confirm_K5_i000834,Transformer,32,1,256,14,1.5975072234869003,16,22,13448,cuda,1.5845674201846125,1.6093353480100632,1.548046924173832,1.6483265906572342,drive://dataset_realization_robustness_v1/runs/replicate_2/confirm_K5_i000834/transformer/d32/n256/seed1/DONE.json,1.5936006217124508,1.590645103631183,1.5902305696346928,1.5901675238694706,0.0635241071663941,0.0581590667877636,-18.57190601281385,dataset_replication_project,2,2306821978.0,drive://dataset_realization_robustness_v1/datasets/replicate_2/confirm_K5_i000834.npz
done,confirm_K5_i000834,Transformer,32,2,256,14,1.6030186712741852,16,22,13448,cuda,1.6446641609072683,1.7107572704553604,1.633490152657032,1.5980183333158493,drive://dataset_realization_robustness_v1/runs/replicate_2/confirm_K5_i000834/transformer/d32/n256/seed2/DONE.json,1.5936006217124508,1.590645103631183,1.5902305696346928,1.5901675238694706,0.062697156272775,0.0078508094463787,13.587095307172255,dataset_replication_project,2,2911260091.0,drive://dataset_realization_robustness_v1/datasets/replicate_2/confirm_K5_i000834.npz
done,confirm_K5_i000834,Transformer,32,3,256,39,1.6066421829164028,16,47,13448,cuda,1.6259560734033585,1.609464816749096,1.64681875705719,1.605510137975216,drive://dataset_realization_robustness_v1/runs/replicate_2/confirm_K5_i000834/transformer/d32/n256/seed3/DONE.json,1.5936006217124508,1.590645103631183,1.5902305696346928,1.5901675238694706,0.0223759032134296,0.0153426141057453,5.955535310462917,dataset_replication_project,2,3767354185.0,drive://dataset_realization_robustness_v1/datasets/replicate_2/confirm_K5_i000834.npz
done,confirm_K5_i000834,Transformer,128,1,256,12,1.6024980396032331,16,20,201224,cuda,1.6517189592123032,1.621726594865322,1.6107360422611237,1.6109853014349935,drive://dataset_realization_robustness_v1/runs/replicate_2/confirm_K5_i000834/transformer/d128/n256/seed1/DONE.json,1.5936006217124508,1.590645103631183,1.5902305696346928,1.5901675238694706,0.0193440761220379,0.0208177775655231,11.864985980693636,dataset_replication_project,2,3389905833.0,drive://dataset_realization_robustness_v1/datasets/replicate_2/confirm_K5_i000834.npz
done,confirm_K5_i000834,Transformer,128,2,256,14,1.5604030415415764,16,22,201224,cuda,1.5964272022247314,1.6292158588767052,1.6188919469714165,1.6097077131271362,drive://dataset_realization_robustness_v1/runs/replicate_2/confirm_K5_i000834/transformer/d128/n256/seed2/DONE.json,1.5936006217124508,1.590645103631183,1.5902305696346928,1.5901675238694706,0.0134601563056072,0.0195401892576656,-3.8683753012050257,dataset_replication_project,2,3334593480.0,drive://dataset_realization_robustness_v1/datasets/replicate_2/confirm_K5_i000834.npz
done,confirm_K5_i000834,Transformer,128,3,256,16,1.6014442332088947,16,24,201224,cuda,1.6018206477165222,1.6392030790448189,1.6424143761396408,1.5989653840661049,drive://dataset_realization_robustness_v1/runs/replicate_2/confirm_K5_i000834/transformer/d128/n256/seed3/DONE.json,1.5936006217124508,1.590645103631183,1.5902305696346928,1.5901675238694706,0.0294259281565221,0.0087978601966343,0.8316872343896697,dataset_replication_project,2,2089041471.0,drive://dataset_realization_robustness_v1/datasets/replicate_2/confirm_K5_i000834.npz
done,confirm_K5_i000834,Transformer,256,1,256,10,1.6317592971026895,16,18,795656,cuda,1.661918357014656,1.641566522419453,1.593073546886444,1.662296935915947,drive://dataset_realization_robustness_v1/runs/replicate_2/confirm_K5_i000834/transformer/d256/n256/seed1/DONE.json,1.5936006217124508,1.590645103631183,1.5902305696346928,1.5901675238694706,0.0362798770126314,0.0721294120464763,-0.1102732629846224,dataset_replication_project,2,3849383086.0,drive://dataset_realization_robustness_v1/datasets/replicate_2/confirm_K5_i000834.npz
done,confirm_K5_i000834,Transformer,256,2,256,3,1.6581904292106628,16,12,795656,cuda,1.6807777881622314,1.6397579833865166,1.651745244860649,1.6454356163740158,drive://dataset_realization_robustness_v1/runs/replicate_2/confirm_K5_i000834/transformer/d256/n256/seed2/DONE.json,1.5936006217124508,1.590645103631183,1.5902305696346928,1.5901675238694706,0.0165461131366704,0.0552680925045452,10.294542539905018,dataset_replication_project,2,2850262633.0,drive://dataset_realization_robustness_v1/datasets/replicate_2/confirm_K5_i000834.npz
done,confirm_K5_i000834,Transformer,256,3,256,10,1.6234507746994495,16,18,795656,cuda,1.6577553749084473,1.6452827006578443,1.6523570641875267,1.60629141330719,drive://dataset_realization_robustness_v1/runs/replicate_2/confirm_K5_i000834/transformer/d256/n256/seed3/DONE.json,1.5936006217124508,1.590645103631183,1.5902305696346928,1.5901675238694706,0.0384269086155453,0.0161238894377193,14.990531570921618,dataset_replication_project,2,3829627663.0,drive://dataset_realization_robustness_v1/datasets/replicate_2/confirm_K5_i000834.npz
done,confirm_K5_i001133,GRU,8,1,256,33,2.0156555362045765,16,41,576,cuda,2.0143842324614525,2.038171671330929,2.015967540442944,1.9899473413825035,drive://dataset_realization_robustness_v1/runs/replicate_2/confirm_K5_i001133/gru/d8/n256/seed1/DONE.json,1.9961229025123617,1.9957124017581005,1.9956758346947976,1.9956723245790915,0.0298911924189911,-0.0057249831965879,54.2345491746381,dataset_replication_project,2,2494380083.0,drive://dataset_realization_robustness_v1/datasets/replicate_2/confirm_K5_i001133.npz
done,confirm_K5_i001133,GRU,8,2,256,25,2.001600358635187,16,33,576,cuda,2.020078308880329,2.021165929734707,2.0206388235092163,1.990412659943104,drive://dataset_realization_robustness_v1/runs/replicate_2/confirm_K5_i001133/gru/d8/n256/seed2/DONE.json,1.9961229025123617,1.9957124017581005,1.9956758346947976,1.9956723245790915,0.0260299315971431,-0.0052596646359877,65.839107392408,dataset_replication_project,2,2852045711.0,drive://dataset_realization_robustness_v1/datasets/replicate_2/confirm_K5_i001133.npz
done,confirm_K5_i001133,GRU,8,3,256,40,1.9948513880372047,16,48,576,cuda,2.0076025649905205,1.9848987013101576,1.992047980427742,1.994386114180088,drive://dataset_realization_robustness_v1/runs/replicate_2/confirm_K5_i001133/gru/d8/n256/seed3/DONE.json,1.9961229025123617,1.9957124017581005,1.9956758346947976,1.9956723245790915,0.0080502154156471,-0.0012862103990034,29.332219433185458,dataset_replication_project,2,2528674874.0,drive://dataset_realization_robustness_v1/datasets/replicate_2/confirm_K5_i001133.npz
done,confirm_K5_i001133,GRU,32,1,256,28,1.9933773167431357,16,36,6888,cuda,1.995460130274296,1.998281568288803,2.01771779358387,2.0057141184806824,drive://dataset_realization_robustness_v1/runs/replicate_2/confirm_K5_i001133/gru/d32/n256/seed1/DONE.json,1.9961229025123617,1.9957124017581005,1.9956758346947976,1.9956723245790915,0.008866113237902,0.0100417939015908,-22.757413200343567,dataset_replication_project,2,3445111614.0,drive://dataset_realization_robustness_v1/datasets/replicate_2/confirm_K5_i001133.npz
done,confirm_K5_i001133,GRU,32,2,256,8,2.00553585216403,16,16,6888,cuda,2.0123519897460938,1.994583874940872,1.9981183931231496,1.988344982266426,drive://dataset_realization_robustness_v1/runs/replicate_2/confirm_K5_i001133/gru/d32/n256/seed2/DONE.json,1.9961229025123617,1.9957124017581005,1.9956758346947976,1.9956723245790915,0.0131223249370128,-0.0073273423126654,53.28047759780495,dataset_replication_project,2,2930644734.0,drive://dataset_realization_robustness_v1/datasets/replicate_2/confirm_K5_i001133.npz
done,confirm_K5_i001133,GRU,32,3,256,10,2.007360361516476,16,18,6888,cuda,2.007972039282322,1.98640988022089,2.015290029346943,2.0138226971030235,drive://dataset_realization_robustness_v1/runs/replicate_2/confirm_K5_i001133/gru/d32/n256/seed3/DONE.json,1.9961229025123617,1.9957124017581005,1.9956758346947976,1.9956723245790915,0.0141023911056112,0.018150372523932,-12.984785513659917,dataset_replication_project,2,2103228068.0,drive://dataset_realization_robustness_v1/datasets/replicate_2/confirm_K5_i001133.npz
done,confirm_K5_i001133,GRU,128,1,256,4,2.000265035778284,16,12,101256,cuda,2.0465117692947388,2.0073153153061867,2.028784856200218,2.026942990720272,drive://dataset_realization_robustness_v1/runs/replicate_2/confirm_K5_i001133/gru/d128/n256/seed1/DONE.json,1.9961229025123617,1.9957124017581005,1.9956758346947976,1.9956723245790915,0.0137450503660904,0.0312706661411805,43.43039711785488,dataset_replication_project,2,2102346911.0,drive://dataset_realization_robustness_v1/datasets/replicate_2/confirm_K5_i001133.npz
done,confirm_K5_i001133,GRU,128,2,256,11,2.016758102923632,16,19,101256,cuda,2.0172675102949142,2.04606993496418,1.9819083139300344,2.0210149586200714,drive://dataset_realization_robustness_v1/runs/replicate_2/confirm_K5_i001133/gru/d128/n256/seed2/DONE.json,1.9961229025123617,1.9957124017581005,1.9956758346947976,1.9956723245790915,0.0233075782398971,0.0253426340409799,-8.316981477452853,dataset_replication_project,2,2541158468.0,drive://dataset_realization_robustness_v1/datasets/replicate_2/confirm_K5_i001133.npz
done,confirm_K5_i001133,GRU,128,3,256,6,2.01488671079278,16,14,101256,cuda,2.0060132816433907,2.005830615758896,1.9898185580968857,2.0503823310136795,drive://dataset_realization_robustness_v1/runs/replicate_2/confirm_K5_i001133/gru/d128/n256/seed3/DONE.json,1.9961229025123617,1.9957124017581005,1.9956758346947976,1.9956723245790915,0.0437767710036593,0.054710006434588,-98.4714210220383,dataset_replication_project,2,2804124877.0,drive://dataset_realization_robustness_v1/datasets/replicate_2/confirm_K5_i001133.npz
done,confirm_K5_i001133,GRU,256,1,256,32,1.9953160174191,16,40,399112,cuda,1.9945315718650816,1.9845495000481608,1.999214589595795,1.9956286698579788,drive://dataset_realization_robustness_v1/runs/replicate_2/confirm_K5_i001133/gru/d256/n256/seed1/DONE.json,1.9961229025123617,1.9957124017581005,1.9956758346947976,1.9956723245790915,0.0058920839494945,-4.3654721112673656e-05,-2.434868447583638,dataset_replication_project,2,3152888422.0,drive://dataset_realization_robustness_v1/datasets/replicate_2/confirm_K5_i001133.npz
done,confirm_K5_i001133,GRU,256,2,256,21,1.969661571085453,16,29,399112,cuda,1.9794920086860657,1.9743456542491915,1.9583372920751567,2.025395400822162,drive://dataset_realization_robustness_v1/runs/replicate_2/confirm_K5_i001133/gru/d256/n256/seed2/DONE.json,1.9961229025123617,1.9957124017581005,1.9956758346947976,1.9956723245790915,0.0481043692316191,0.0297230762430711,-101.87669822829692,dataset_replication_project,2,3428449025.0,drive://dataset_realization_robustness_v1/datasets/replicate_2/confirm_K5_i001133.npz
done,confirm_K5_i001133,GRU,256,3,256,6,2.0332700051367283,16,14,399112,cuda,2.025283932685852,2.069900579750538,2.0367245227098465,2.098151631653309,drive://dataset_realization_robustness_v1/runs/replicate_2/confirm_K5_i001133/gru/d256/n256/seed3/DONE.json,1.9961229025123617,1.9957124017581005,1.9956758346947976,1.9956723245790915,0.0498740380117909,0.1024793070742173,-161.72052288180168,dataset_replication_project,2,2750390569.0,drive://dataset_realization_robustness_v1/datasets/replicate_2/confirm_K5_i001133.npz
done,confirm_K5_i001133,Transformer,8,1,256,26,2.0025906562805176,16,34,1064,cuda,2.0119391828775406,2.0018071606755257,1.981748692691326,2.012579679489136,drive://dataset_realization_robustness_v1/runs/replicate_2/confirm_K5_i001133/transformer/d8/n256/seed1/DONE.json,1.9961229025123617,1.9957124017581005,1.9956758346947976,1.9956723245790915,0.0163467800779822,0.0169073549100442,-1.4215001763325976,dataset_replication_project,2,2165521516.0,drive://dataset_realization_robustness_v1/datasets/replicate_2/confirm_K5_i001133.npz
done,confirm_K5_i001133,Transformer,8,2,256,32,2.005715250968933,16,40,1064,cuda,2.006347492337227,2.000409208238125,1.9990080296993256,1.981983117759228,drive://dataset_realization_robustness_v1/runs/replicate_2/confirm_K5_i001133/transformer/d8/n256/seed2/DONE.json,1.9961229025123617,1.9957124017581005,1.9956758346947976,1.9956723245790915,0.0173179334440957,-0.0136892068198637,54.073608090764886,dataset_replication_project,2,2256505912.0,drive://dataset_realization_robustness_v1/datasets/replicate_2/confirm_K5_i001133.npz
done,confirm_K5_i001133,Transformer,8,3,256,36,2.016159273684025,16,44,1064,cuda,1.997817359864712,2.0134409442543983,1.996233582496643,2.003407910466194,drive://dataset_realization_robustness_v1/runs/replicate_2/confirm_K5_i001133/transformer/d8/n256/seed3/DONE.json,1.9961229025123617,1.9957124017581005,1.9956758346947976,1.9956723245790915,0.0068533892225822,0.0077355858871026,-12.40751086256591,dataset_replication_project,2,3828979929.0,drive://dataset_realization_robustness_v1/datasets/replicate_2/confirm_K5_i001133.npz
done,confirm_K5_i001133,Transformer,32,1,256,19,2.0112753324210644,16,27,13448,cuda,1.986555837094784,2.0286141112446785,2.0057353079319,2.0056180581450462,drive://dataset_realization_robustness_v1/runs/replicate_2/confirm_K5_i001133/transformer/d32/n256/seed1/DONE.json,1.9961229025123617,1.9957124017581005,1.9956758346947976,1.9956723245790915,0.0150643543784058,0.0099457335659547,-42.30615758724188,dataset_replication_project,2,2421805404.0,drive://dataset_realization_robustness_v1/datasets/replicate_2/confirm_K5_i001133.npz
done,confirm_K5_i001133,Transformer,32,2,256,26,1.997201666235924,16,34,13448,cuda,1.972541332244873,1.9987065941095352,2.0028418004512787,2.0026379600167274,drive://dataset_realization_robustness_v1/runs/replicate_2/confirm_K5_i001133/transformer/d32/n256/seed2/DONE.json,1.9961229025123617,1.9957124017581005,1.9956758346947976,1.9956723245790915,0.015402469516402,0.0069656354376359,-66.79560970378644,dataset_replication_project,2,3362299938.0,drive://dataset_realization_robustness_v1/datasets/replicate_2/confirm_K5_i001133.npz
done,confirm_K5_i001133,Transformer,32,3,256,17,2.0000965259969234,16,25,13448,cuda,2.005461573600769,2.0328133031725883,2.006687395274639,2.0065456181764603,drive://dataset_realization_robustness_v1/runs/replicate_2/confirm_K5_i001133/transformer/d32/n256/seed3/DONE.json,1.9961229025123617,1.9957124017581005,1.9956758346947976,1.9956723245790915,0.0131364149962238,0.0108732935973687,-2.405898060349909,dataset_replication_project,2,2992831530.0,drive://dataset_realization_robustness_v1/datasets/replicate_2/confirm_K5_i001133.npz
done,confirm_K5_i001133,Transformer,128,1,256,12,2.0286474488675594,16,20,201224,cuda,2.045218303799629,2.032383993268013,2.005859397351742,2.032131999731064,drive://dataset_realization_robustness_v1/runs/replicate_2/confirm_K5_i001133/transformer/d128/n256/seed1/DONE.json,1.9961229025123617,1.9957124017581005,1.9956758346947976,1.9956723245790915,0.0145785850767514,0.0364596751519723,29.043375412524057,dataset_replication_project,2,2734160855.0,drive://dataset_realization_robustness_v1/datasets/replicate_2/confirm_K5_i001133.npz
done,confirm_K5_i001133,Transformer,128,2,256,3,2.0582387261092663,16,12,201224,cuda,2.0325097888708115,2.000121623277664,2.0361351519823074,2.024581491947174,drive://dataset_realization_robustness_v1/runs/replicate_2/confirm_K5_i001133/transformer/d128/n256/seed2/DONE.json,1.9961229025123617,1.9957124017581005,1.9956758346947976,1.9956723245790915,0.0140496404850845,0.0289091673680825,17.59583933925844,dataset_replication_project,2,3611747655.0,drive://dataset_realization_robustness_v1/datasets/replicate_2/confirm_K5_i001133.npz
done,confirm_K5_i001133,Transformer,128,3,256,10,2.027264531701803,16,18,201224,cuda,2.02492818236351,2.023142747581005,2.031859926879406,2.062360942363739,drive://dataset_realization_robustness_v1/runs/replicate_2/confirm_K5_i001133/transformer/d128/n256/seed3/DONE.json,1.9961229025123617,1.9957124017581005,1.9956758346947976,1.9956723245790915,0.0312525410666448,0.0666886177846475,-83.07721536327917,dataset_replication_project,2,3468575109.0,drive://dataset_realization_robustness_v1/datasets/replicate_2/confirm_K5_i001133.npz
done,confirm_K5_i001133,Transformer,256,1,256,8,2.0276358239352703,16,16,795656,cuda,1.9777646958827968,2.051446832716465,2.0194114297628403,2.004123866558075,drive://dataset_realization_robustness_v1/runs/replicate_2/confirm_K5_i001133/transformer/d256/n256/seed1/DONE.json,1.9961229025123617,1.9957124017581005,1.9956758346947976,1.9956723245790915,0.0282313499921593,0.0084515419789834,-58.500802478205976,dataset_replication_project,2,3077072149.0,drive://dataset_realization_robustness_v1/datasets/replicate_2/confirm_K5_i001133.npz
done,confirm_K5_i001133,Transformer,256,2,256,14,2.016468036919832,16,22,795656,cuda,1.9968399330973623,2.0508417189121246,2.003419801592827,2.065874367952347,drive://dataset_realization_robustness_v1/runs/replicate_2/confirm_K5_i001133/transformer/d256/n256/seed2/DONE.json,1.9961229025123617,1.9957124017581005,1.9956758346947976,1.9956723245790915,0.0473190379098333,0.0702020433732553,-153.21308425813987,dataset_replication_project,2,2824263687.0,drive://dataset_realization_robustness_v1/datasets/replicate_2/confirm_K5_i001133.npz
done,confirm_K5_i001133,Transformer,256,3,256,17,2.0043865479528904,16,25,795656,cuda,2.042774260044098,2.080709807574749,2.0147120729088783,2.0245287865400314,drive://dataset_realization_robustness_v1/runs/replicate_2/confirm_K5_i001133/transformer/d256/n256/seed3/DONE.json,1.9961229025123617,1.9957124017581005,1.9956758346947976,1.9956723245790915,0.0298533946136102,0.0288564619609399,40.49349104081734,dataset_replication_project,2,3679251993.0,drive://dataset_realization_robustness_v1/datasets/replicate_2/confirm_K5_i001133.npz
done,confirm_K6_i000105,GRU,8,1,256,48,1.73783241212368,16,48,576,cuda,1.712478533387184,1.69626285135746,1.625573717057705,1.650617502629757,drive://dataset_realization_robustness_v1/runs/replicate_2/confirm_K6_i000105/gru/d8/n256/seed1/DONE.json,1.665917028461244,1.6649296774886695,1.664889762841668,1.6648880569181927,0.0400234809029402,-0.0142705542884358,60.11928237975786,dataset_replication_project,2,3876322625.0,drive://dataset_realization_robustness_v1/datasets/replicate_2/confirm_K6_i000105.npz
done,confirm_K6_i000105,GRU,8,2,256,48,1.7190225161612034,16,48,576,cuda,1.683363936841488,1.6985157504677773,1.668792501091957,1.63552388548851,drive://dataset_realization_robustness_v1/runs/replicate_2/confirm_K6_i000105/gru/d8/n256/seed2/DONE.json,1.665917028461244,1.6649296774886695,1.664889762841668,1.6648880569181927,0.042604863993895,-0.0293641714296826,46.49307522258628,dataset_replication_project,2,2890133703.0,drive://dataset_realization_robustness_v1/datasets/replicate_2/confirm_K6_i000105.npz
done,confirm_K6_i000105,GRU,8,3,256,45,1.6713008768856523,16,48,576,cuda,1.7372261360287666,1.7225875481963158,1.6461922004818916,1.719919815659523,drive://dataset_realization_robustness_v1/runs/replicate_2/confirm_K6_i000105/gru/d8/n256/seed3/DONE.json,1.665917028461244,1.6649296774886695,1.664889762841668,1.6648880569181927,0.0377751947013488,0.0550317587413302,16.819046635562145,dataset_replication_project,2,3767629003.0,drive://dataset_realization_robustness_v1/datasets/replicate_2/confirm_K6_i000105.npz
done,confirm_K6_i000105,GRU,32,1,256,20,1.7188088819384575,16,28,6888,cuda,1.675279125571251,1.6650929003953934,1.612771213054657,1.7336844205856323,drive://dataset_realization_robustness_v1/runs/replicate_2/confirm_K6_i000105/gru/d32/n256/seed1/DONE.json,1.665917028461244,1.6649296774886695,1.664889762841668,1.6648880569181927,0.0756031684977511,0.0687963636674395,-56.760845728731816,dataset_replication_project,2,3058315594.0,drive://dataset_realization_robustness_v1/datasets/replicate_2/confirm_K6_i000105.npz
done,confirm_K6_i000105,GRU,32,2,256,39,1.7016413770616057,16,47,6888,cuda,1.680416151881218,1.6385725662112236,1.643619030714035,1.667251072824001,drive://dataset_realization_robustness_v1/runs/replicate_2/confirm_K6_i000105/gru/d32/n256/seed2/DONE.json,1.665917028461244,1.6649296774886695,1.664889762841668,1.6648880569181927,0.0195619839045397,0.0023630159058085,12.794405390628205,dataset_replication_project,2,3841060291.0,drive://dataset_realization_robustness_v1/datasets/replicate_2/confirm_K6_i000105.npz
done,confirm_K6_i000105,GRU,32,3,256,38,1.6619835197925568,16,46,6888,cuda,1.657624468207359,1.6498856246471405,1.5987539142370224,1.6994671672582626,drive://dataset_realization_robustness_v1/runs/replicate_2/confirm_K6_i000105/gru/d32/n256/seed3/DONE.json,1.665917028461244,1.6649296774886695,1.664889762841668,1.6648880569181927,0.060091474892242,0.0345791103400698,-40.66458332446163,dataset_replication_project,2,2348209661.0,drive://dataset_realization_robustness_v1/datasets/replicate_2/confirm_K6_i000105.npz
done,confirm_K6_i000105,GRU,128,1,256,7,1.7119508869946003,16,15,101256,cuda,1.7122391685843468,1.6306660622358322,1.7120185866951942,1.7062243595719335,drive://dataset_realization_robustness_v1/runs/replicate_2/confirm_K6_i000105/gru/d128/n256/seed1/DONE.json,1.665917028461244,1.6649296774886695,1.664889762841668,1.6648880569181927,0.0379926291029004,0.041336302653741,5.845457100375841,dataset_replication_project,2,3629020060.0,drive://dataset_realization_robustness_v1/datasets/replicate_2/confirm_K6_i000105.npz
done,confirm_K6_i000105,GRU,128,2,256,46,1.6467232815921309,16,48,101256,cuda,1.6694973036646843,1.7046861574053764,1.713909037411213,1.6879459992051125,drive://dataset_realization_robustness_v1/runs/replicate_2/confirm_K6_i000105/gru/d128/n256/seed2/DONE.json,1.665917028461244,1.6649296774886695,1.664889762841668,1.6648880569181927,0.0182497359424537,0.0230579422869197,-17.92925729094832,dataset_replication_project,2,2047423742.0,drive://dataset_realization_robustness_v1/datasets/replicate_2/confirm_K6_i000105.npz
done,confirm_K6_i000105,GRU,128,3,256,17,1.694502592086792,16,25,101256,cuda,1.7471997812390327,1.6952871158719065,1.6916217729449272,1.7147077322006226,drive://dataset_realization_robustness_v1/runs/replicate_2/confirm_K6_i000105/gru/d128/n256/seed3/DONE.json,1.665917028461244,1.6649296774886695,1.664889762841668,1.6648880569181927,0.0218044960617343,0.0498196752824298,31.57720858058272,dataset_replication_project,2,3808665113.0,drive://dataset_realization_robustness_v1/datasets/replicate_2/confirm_K6_i000105.npz
done,confirm_K6_i000105,GRU,256,1,256,21,1.6427117809653282,16,29,399112,cuda,1.6396111473441124,1.710866704583168,1.7080351039767263,1.6709912046790123,drive://dataset_realization_robustness_v1/runs/replicate_2/confirm_K6_i000105/gru/d256/n256/seed1/DONE.json,1.665917028461244,1.6649296774886695,1.664889762841668,1.6648880569181927,0.0316591502790128,0.0061031477608195,-30.496525921261583,dataset_replication_project,2,3652793107.0,drive://dataset_realization_robustness_v1/datasets/replicate_2/confirm_K6_i000105.npz
done,confirm_K6_i000105,GRU,256,2,256,21,1.6430530063807964,16,29,399112,cuda,1.6770367473363876,1.7451903745532036,1.6899830400943756,1.6600286290049553,drive://dataset_realization_robustness_v1/runs/replicate_2/confirm_K6_i000105/gru/d256/n256/seed2/DONE.json,1.665917028461244,1.6649296774886695,1.664889762841668,1.6648880569181927,0.0458201193665897,-0.0048594279132374,16.529240722245014,dataset_replication_project,2,2486312457.0,drive://dataset_realization_robustness_v1/datasets/replicate_2/confirm_K6_i000105.npz
done,confirm_K6_i000105,GRU,256,3,256,20,1.6870957612991333,16,28,399112,cuda,1.694098323583603,1.630173608660698,1.662377469241619,1.7646587118506432,drive://dataset_realization_robustness_v1/runs/replicate_2/confirm_K6_i000105/gru/d256/n256/seed3/DONE.json,1.665917028461244,1.6649296774886695,1.664889762841668,1.6648880569181927,0.091766384646331,0.0997706549324504,-68.5737022987163,dataset_replication_project,2,3505568698.0,drive://dataset_realization_robustness_v1/datasets/replicate_2/confirm_K6_i000105.npz
done,confirm_K6_i000105,Transformer,8,1,256,48,1.7282544262707231,16,48,1064,cuda,1.7044746652245522,1.6569586247205734,1.7079324796795845,1.6390384882688522,drive://dataset_realization_robustness_v1/runs/replicate_2/confirm_K6_i000105/transformer/d8/n256/seed1/DONE.json,1.665917028461244,1.6649296774886695,1.664889762841668,1.6648880569181927,0.047994990464737,-0.0258495686493405,63.59376738608907,dataset_replication_project,2,3770155707.0,drive://dataset_realization_robustness_v1/datasets/replicate_2/confirm_K6_i000105.npz
done,confirm_K6_i000105,Transformer,8,2,256,32,1.6774083636701107,16,40,1064,cuda,1.6862130165100098,1.7032160833477974,1.7723534032702446,1.6709843799471855,drive://dataset_realization_robustness_v1/runs/replicate_2/confirm_K6_i000105/transformer/d8/n256/seed2/DONE.json,1.665917028461244,1.6649296774886695,1.664889762841668,1.6648880569181927,0.0536497086573466,0.0060963230289927,14.799861731518504,dataset_replication_project,2,2148422629.0,drive://dataset_realization_robustness_v1/datasets/replicate_2/confirm_K6_i000105.npz
done,confirm_K6_i000105,Transformer,8,3,256,48,1.6596831046044829,16,48,1064,cuda,1.669043205678463,1.6445266157388687,1.6667080372571943,1.6767229661345482,drive://dataset_realization_robustness_v1/runs/replicate_2/confirm_K6_i000105/transformer/d8/n256/seed3/DONE.json,1.665917028461244,1.6649296774886695,1.664889762841668,1.6648880569181927,0.0174317365585064,0.0118349092163554,-7.463530461992039,dataset_replication_project,2,3895382531.0,drive://dataset_realization_robustness_v1/datasets/replicate_2/confirm_K6_i000105.npz
done,confirm_K6_i000105,Transformer,32,1,256,12,1.730771403759718,16,20,13448,cuda,1.673970878124237,1.7486834079027176,1.732717253267765,1.720750354230404,drive://dataset_realization_robustness_v1/runs/replicate_2/confirm_K6_i000105/transformer/d32/n256/seed1/DONE.json,1.665917028461244,1.6649296774886695,1.664889762841668,1.6648880569181927,0.0283140669692418,0.0558622973122111,-45.46236134718983,dataset_replication_project,2,2589332420.0,drive://dataset_realization_robustness_v1/datasets/replicate_2/confirm_K6_i000105.npz
done,confirm_K6_i000105,Transformer,32,2,256,9,1.7043896690011024,16,17,13448,cuda,1.700519472360611,1.6985957399010658,1.6399196833372116,1.6413943469524384,drive://dataset_realization_robustness_v1/runs/replicate_2/confirm_K6_i000105/transformer/d32/n256/seed2/DONE.json,1.665917028461244,1.6649296774886695,1.664889762841668,1.6648880569181927,0.0407571537869632,-0.0234937099657543,57.46040870367739,dataset_replication_project,2,2324968573.0,drive://dataset_realization_robustness_v1/datasets/replicate_2/confirm_K6_i000105.npz
done,confirm_K6_i000105,Transformer,32,3,256,16,1.637272633612156,16,24,13448,cuda,1.7799490541219711,1.6944749131798744,1.667967453598976,1.663692630827427,drive://dataset_realization_robustness_v1/runs/replicate_2/confirm_K6_i000105/transformer/d32/n256/seed3/DONE.json,1.665917028461244,1.6649296774886695,1.664889762841668,1.6648880569181927,0.0596670207307468,-0.0011954260907658,112.98312774502573,dataset_replication_project,2,3148862961.0,drive://dataset_realization_robustness_v1/datasets/replicate_2/confirm_K6_i000105.npz
done,confirm_K6_i000105,Transformer,128,1,256,22,1.6773892790079117,16,30,201224,cuda,1.6750874519348145,1.674737609922886,1.7206683158874512,1.663928523659706,drive://dataset_realization_robustness_v1/runs/replicate_2/confirm_K6_i000105/transformer/d128/n256/seed1/DONE.json,1.665917028461244,1.6649296774886695,1.664889762841668,1.6648880569181927,0.0293162274956536,-0.0009595332584866,10.844739439556724,dataset_replication_project,2,3053236156.0,drive://dataset_realization_robustness_v1/datasets/replicate_2/confirm_K6_i000105.npz
done,confirm_K6_i000105,Transformer,128,2,256,11,1.6611074171960354,16,19,201224,cuda,1.7757648527622223,1.7289861887693403,1.7268127351999285,1.693556159734726,drive://dataset_realization_robustness_v1/runs/replicate_2/confirm_K6_i000105/transformer/d128/n256/seed2/DONE.json,1.665917028461244,1.6649296774886695,1.664889762841668,1.6648880569181927,0.0472979200973839,0.0286681028165332,79.89403942477136,dataset_replication_project,2,2157814925.0,drive://dataset_realization_robustness_v1/datasets/replicate_2/confirm_K6_i000105.npz
done,confirm_K6_i000105,Transformer,128,3,256,24,1.6876990720629692,16,32,201224,cuda,1.7201147451996803,1.6496949270367622,1.6118742004036903,1.6788037419319153,drive://dataset_realization_robustness_v1/runs/replicate_2/confirm_K6_i000105/transformer/d128/n256/seed3/DONE.json,1.665917028461244,1.6649296774886695,1.664889762841668,1.6648880569181927,0.0416898724306857,0.0139156850137225,40.14785787493009,dataset_replication_project,2,2107715497.0,drive://dataset_realization_robustness_v1/datasets/replicate_2/confirm_K6_i000105.npz
done,confirm_K6_i000105,Transformer,256,1,256,6,1.7206563912332058,16,14,795656,cuda,1.6580983474850657,1.727559320628643,1.7441102787852287,1.7209129184484482,drive://dataset_realization_robustness_v1/runs/replicate_2/confirm_K6_i000105/transformer/d256/n256/seed1/DONE.json,1.665917028461244,1.6649296774886695,1.664889762841668,1.6648880569181927,0.0341235235707876,0.0560248615302554,-61.04597487421503,dataset_replication_project,2,3319863389.0,drive://dataset_realization_robustness_v1/datasets/replicate_2/confirm_K6_i000105.npz
done,confirm_K6_i000105,Transformer,256,2,256,22,1.7049996927380562,16,30,795656,cuda,1.6678452640771866,1.6348663344979286,1.7100445330142977,1.6600314900279045,drive://dataset_realization_robustness_v1/runs/replicate_2/confirm_K6_i000105/transformer/d256/n256/seed2/DONE.json,1.665917028461244,1.6649296774886695,1.664889762841668,1.6648880569181927,0.0282070422999633,-0.0048565668902882,7.593770791864998,dataset_replication_project,2,3296881868.0,drive://dataset_realization_robustness_v1/datasets/replicate_2/confirm_K6_i000105.npz
done,confirm_K6_i000105,Transformer,256,3,256,15,1.6740011908113956,16,23,795656,cuda,1.7160945981740952,1.6414007171988487,1.6945058852434158,1.703118972480297,drive://dataset_realization_robustness_v1/runs/replicate_2/confirm_K6_i000105/transformer/d256/n256/seed3/DONE.json,1.665917028461244,1.6649296774886695,1.664889762841668,1.6648880569181927,0.0317459425432545,0.0382309155621043,12.610286243021063,dataset_replication_project,2,3518766627.0,drive://dataset_realization_robustness_v1/datasets/replicate_2/confirm_K6_i000105.npz
done,confirm_K6_i000708,GRU,8,1,256,48,0.9560175649821758,16,48,576,cuda,1.0844572484493256,0.9700391925871372,0.9406027495861052,0.9953053332865238,drive://dataset_realization_robustness_v1/runs/replicate_2/confirm_K6_i000708/gru/d8/n256/seed1/DONE.json,0.9298769313895604,0.8619101999506146,0.8481094692100614,0.844288412713593,0.0363217862277435,0.1510169205729308,1.0416340479068826,dataset_replication_project,2,2114288651.0,drive://dataset_realization_robustness_v1/datasets/replicate_2/confirm_K6_i000708.npz
done,confirm_K6_i000708,GRU,8,2,256,48,0.9571203030645848,16,48,576,cuda,0.9854867719113828,0.9851939119398594,0.9285131245851516,0.9693728238344193,drive://dataset_realization_robustness_v1/runs/replicate_2/confirm_K6_i000708/gru/d8/n256/seed2/DONE.json,0.9298769313895604,0.8619101999506146,0.8481094692100614,0.844288412713593,0.0413107988644875,0.1250844111208262,0.188272309490129,dataset_replication_project,2,3024060305.0,drive://dataset_realization_robustness_v1/datasets/replicate_2/confirm_K6_i000708.npz
done,confirm_K6_i000708,GRU,8,3,256,48,0.954773373901844,16,48,576,cuda,1.0259809233248234,0.8782114572823048,0.8647578731179237,0.9483840689063072,drive://dataset_realization_robustness_v1/runs/replicate_2/confirm_K6_i000708/gru/d8/n256/seed3/DONE.json,0.9298769313895604,0.8619101999506146,0.8481094692100614,0.844288412713593,0.062086119827911,0.1040956561927142,0.9066269123349692,dataset_replication_project,2,3299397487.0,drive://dataset_realization_robustness_v1/datasets/replicate_2/confirm_K6_i000708.npz
done,confirm_K6_i000708,GRU,32,1,256,31,0.9437788594514132,16,39,6888,cuda,0.876392487436533,0.8512125834822655,0.9227496460080148,0.8422756865620613,drive://dataset_realization_robustness_v1/runs/replicate_2/confirm_K6_i000708/gru/d32/n256/seed1/DONE.json,0.9298769313895604,0.8619101999506146,0.8481094692100614,0.844288412713593,0.0463692586306788,-0.0020127261515316,0.3986142230552636,dataset_replication_project,2,3565307345.0,drive://dataset_realization_robustness_v1/datasets/replicate_2/confirm_K6_i000708.npz
done,confirm_K6_i000708,GRU,32,2,256,45,0.898253045976162,16,48,6888,cuda,0.8713393695652485,0.8586745634675026,0.8842073567211628,0.8350512497127056,drive://dataset_realization_robustness_v1/runs/replicate_2/confirm_K6_i000708/gru/d32/n256/seed2/DONE.json,0.9298769313895604,0.8619101999506146,0.8481094692100614,0.844288412713593,0.0336222190285563,-0.0092371630008873,0.4239835016882037,dataset_replication_project,2,2626121882.0,drive://dataset_realization_robustness_v1/datasets/replicate_2/confirm_K6_i000708.npz
done,confirm_K6_i000708,GRU,32,3,256,27,0.978299831971526,16,35,6888,cuda,0.9667350798845292,0.7918295226991177,0.8703167624771595,0.89654740691185,drive://dataset_realization_robustness_v1/runs/replicate_2/confirm_K6_i000708/gru/d32/n256/seed3/DONE.json,0.9298769313895604,0.8619101999506146,0.8481094692100614,0.844288412713593,0.0634572414852435,0.0522589941982569,0.8200594432344966,dataset_replication_project,2,2847478926.0,drive://dataset_realization_robustness_v1/datasets/replicate_2/confirm_K6_i000708.npz
done,confirm_K6_i000708,GRU,128,1,256,17,0.9458794351667166,16,25,101256,cuda,0.9533351361751556,0.9194229319691658,0.8540391400456429,0.8485001437366009,drive://dataset_realization_robustness_v1/runs/replicate_2/confirm_K6_i000708/gru/d128/n256/seed1/DONE.json,0.9298769313895604,0.8619101999506146,0.8481094692100614,0.844288412713593,0.0283477282009533,0.0042117310230078,1.2248721447727502,dataset_replication_project,2,2958915656.0,drive://dataset_realization_robustness_v1/datasets/replicate_2/confirm_K6_i000708.npz
done,confirm_K6_i000708,GRU,128,2,256,14,0.9177723862230778,16,22,101256,cuda,0.9656148292124273,0.8351632412523031,0.8334351573139429,0.8774663507938385,drive://dataset_realization_robustness_v1/runs/replicate_2/confirm_K6_i000708/gru/d128/n256/seed2/DONE.json,0.9298769313895604,0.8619101999506146,0.8481094692100614,0.844288412713593,0.038364646732392,0.0331779380802454,1.029910083527828,dataset_replication_project,2,2287366906.0,drive://dataset_realization_robustness_v1/datasets/replicate_2/confirm_K6_i000708.npz
done,confirm_K6_i000708,GRU,128,3,256,24,0.894294572994113,16,32,101256,cuda,1.108790285885334,0.8648390062153339,0.7968431003391743,0.8077811133116484,drive://dataset_realization_robustness_v1/runs/replicate_2/confirm_K6_i000708/gru/d128/n256/seed3/DONE.json,0.9298769313895604,0.8619101999506146,0.8481094692100614,0.844288412713593,0.1097486841463963,-0.0365072994019446,3.5169340144007744,dataset_replication_project,2,3346578592.0,drive://dataset_realization_robustness_v1/datasets/replicate_2/confirm_K6_i000708.npz
done,confirm_K6_i000708,GRU,256,1,256,13,0.910599559545517,16,21,399112,cuda,0.9401642233133316,0.9806382842361928,0.9871745184063913,0.869001355022192,drive://dataset_realization_robustness_v1/runs/replicate_2/confirm_K6_i000708/gru/d256/n256/seed1/DONE.json,0.9298769313895604,0.8619101999506146,0.8481094692100614,0.844288412713593,0.0743696017530681,0.0247129423085989,0.8314534401577579,dataset_replication_project,2,2581790224.0,drive://dataset_realization_robustness_v1/datasets/replicate_2/confirm_K6_i000708.npz
done,confirm_K6_i000708,GRU,256,2,256,17,0.8996975254267454,16,25,399112,cuda,1.0265080370008943,0.8082542195916176,0.8949699699878693,0.8782012276351452,drive://dataset_realization_robustness_v1/runs/replicate_2/confirm_K6_i000708/gru/d256/n256/seed2/DONE.json,0.9298769313895604,0.8619101999506146,0.8481094692100614,0.844288412713593,0.0542437103795615,0.0339128149215521,1.732788598985214,dataset_replication_project,2,3374255053.0,drive://dataset_realization_robustness_v1/datasets/replicate_2/confirm_K6_i000708.npz
done,confirm_K6_i000708,GRU,256,3,256,14,0.9059787951409816,16,22,399112,cuda,0.9480609484016896,0.8800676427781582,0.8340844251215458,0.9435853771865368,drive://dataset_realization_robustness_v1/runs/replicate_2/confirm_K6_i000708/gru/d256/n256/seed3/DONE.json,0.9298769313895604,0.8619101999506146,0.8481094692100614,0.844288412713593,0.0806300344831699,0.0992969644729437,0.0522917242217611,dataset_replication_project,2,4022393266.0,drive://dataset_realization_robustness_v1/datasets/replicate_2/confirm_K6_i000708.npz
done,confirm_K6_i000708,Transformer,8,1,256,48,0.9548010677099228,16,48,1064,cuda,1.0527801923453808,0.865433182567358,0.9289728924632072,0.946134988218546,drive://dataset_realization_robustness_v1/runs/replicate_2/confirm_K6_i000708/transformer/d8/n256/seed1/DONE.json,0.9298769313895604,0.8619101999506146,0.8481094692100614,0.844288412713593,0.0513595307587735,0.1018465755049529,1.2460223144016165,dataset_replication_project,2,3584682228.0,drive://dataset_realization_robustness_v1/datasets/replicate_2/confirm_K6_i000708.npz
done,confirm_K6_i000708,Transformer,8,2,256,48,0.9457867350429296,16,48,1064,cuda,1.0129108279943466,0.9248232878744602,0.9068441167473792,0.947452861815691,drive://dataset_realization_robustness_v1/runs/replicate_2/confirm_K6_i000708/transformer/d8/n256/seed2/DONE.json,0.9298769313895604,0.8619101999506146,0.8481094692100614,0.844288412713593,0.0316204778886834,0.1031644491020979,0.764798447166439,dataset_replication_project,2,3086876565.0,drive://dataset_realization_robustness_v1/datasets/replicate_2/confirm_K6_i000708.npz
done,confirm_K6_i000708,Transformer,8,3,256,48,0.953312411904335,16,48,1064,cuda,0.9497455321252346,0.89290352165699,0.8863350711762905,0.9025491066277028,drive://dataset_realization_robustness_v1/runs/replicate_2/confirm_K6_i000708/transformer/d8/n256/seed3/DONE.json,0.9298769313895604,0.8619101999506146,0.8481094692100614,0.844288412713593,0.0255874349784069,0.0582606939141097,0.5514340734907974,dataset_replication_project,2,2750501893.0,drive://dataset_realization_robustness_v1/datasets/replicate_2/confirm_K6_i000708.npz
done,confirm_K6_i000708,Transformer,32,1,256,28,0.9524576775729656,16,36,13448,cuda,0.9034470841288568,0.812441423535347,0.871630635112524,0.8808503299951553,drive://dataset_realization_robustness_v1/runs/replicate_2/confirm_K6_i000708/transformer/d32/n256/seed1/DONE.json,0.9298769313895604,0.8619101999506146,0.8481094692100614,0.844288412713593,0.0537105759013938,0.0365619172815623,0.2640161844516923,dataset_replication_project,2,3522978476.0,drive://dataset_realization_robustness_v1/datasets/replicate_2/confirm_K6_i000708.npz
done,confirm_K6_i000708,Transformer,32,2,256,27,0.8710590619593859,16,35,13448,cuda,0.9641818404197692,0.8417650461196899,0.8412500657141209,0.8505607657134533,drive://dataset_realization_robustness_v1/runs/replicate_2/confirm_K6_i000708/transformer/d32/n256/seed2/DONE.json,0.9298769313895604,0.8619101999506146,0.8481094692100614,0.844288412713593,0.0203479230722339,0.0062723529998602,1.327527061620006,dataset_replication_project,2,3015417364.0,drive://dataset_realization_robustness_v1/datasets/replicate_2/confirm_K6_i000708.npz
done,confirm_K6_i000708,Transformer,32,3,256,26,0.91218719817698,16,34,13448,cuda,0.8952394127845764,0.8684760816395283,0.829563707113266,0.8672832027077675,drive://dataset_realization_robustness_v1/runs/replicate_2/confirm_K6_i000708/transformer/d32/n256/seed3/DONE.json,0.9298769313895604,0.8619101999506146,0.8481094692100614,0.844288412713593,0.036458913486944,0.0229947899941744,0.3266350499960086,dataset_replication_project,2,3003132510.0,drive://dataset_realization_robustness_v1/datasets/replicate_2/confirm_K6_i000708.npz
done,confirm_K6_i000708,Transformer,128,1,256,31,0.8954124320298433,16,39,201224,cuda,0.9429581873118876,0.8961819931864738,0.8840987980365753,0.9472854398190976,drive://dataset_realization_robustness_v1/runs/replicate_2/confirm_K6_i000708/transformer/d128/n256/seed1/DONE.json,0.9298769313895604,0.8619101999506146,0.8481094692100614,0.844288412713593,0.0657609977618784,0.1029970271055045,-0.0505587966020591,dataset_replication_project,2,2463068314.0,drive://dataset_realization_robustness_v1/datasets/replicate_2/confirm_K6_i000708.npz
done,confirm_K6_i000708,Transformer,128,2,256,12,0.9001006502658129,16,20,201224,cuda,0.913853146135807,0.925749909132719,0.858303539454937,0.9496019817888736,drive://dataset_realization_robustness_v1/runs/replicate_2/confirm_K6_i000708/transformer/d128/n256/seed2/DONE.json,0.9298769313895604,0.8619101999506146,0.8481094692100614,0.844288412713593,0.0798288069367126,0.1053135690752806,-0.4176826075049787,dataset_replication_project,2,3975737873.0,drive://dataset_realization_robustness_v1/datasets/replicate_2/confirm_K6_i000708.npz
done,confirm_K6_i000708,Transformer,128,3,256,11,0.9512375313788652,16,19,201224,cuda,0.9550618790090084,0.8458107523620129,0.9085869044065475,0.8571599312126637,drive://dataset_realization_robustness_v1/runs/replicate_2/confirm_K6_i000708/transformer/d128/n256/seed3/DONE.json,0.9298769313895604,0.8619101999506146,0.8481094692100614,0.844288412713593,0.0285362082158653,0.0128715184990706,1.1438677676733162,dataset_replication_project,2,3975622366.0,drive://dataset_realization_robustness_v1/datasets/replicate_2/confirm_K6_i000708.npz
done,confirm_K6_i000708,Transformer,256,1,256,10,0.9970712214708328,16,18,795656,cuda,0.9804705083370208,0.9289034381508828,0.9690668880939484,0.8815765492618084,drive://dataset_realization_robustness_v1/runs/replicate_2/confirm_K6_i000708/transformer/d256/n256/seed1/DONE.json,0.9298769313895604,0.8619101999506146,0.8481094692100614,0.844288412713593,0.0448886862554,0.0372881365482153,1.1554582390848311,dataset_replication_project,2,3663291080.0,drive://dataset_realization_robustness_v1/datasets/replicate_2/confirm_K6_i000708.npz
done,confirm_K6_i000708,Transformer,256,2,256,6,0.9677777625620364,16,14,795656,cuda,0.985825788229704,0.8986872956156731,0.8746773302555084,0.911928191781044,drive://dataset_realization_robustness_v1/runs/replicate_2/confirm_K6_i000708/transformer/d256/n256/seed2/DONE.json,0.9298769313895604,0.8619101999506146,0.8481094692100614,0.844288412713593,0.0263442846710983,0.067639779067451,0.8634054846588878,dataset_replication_project,2,3643681857.0,drive://dataset_realization_robustness_v1/datasets/replicate_2/confirm_K6_i000708.npz
done,confirm_K6_i000708,Transformer,256,3,256,24,0.9651778116822244,16,32,795656,cuda,0.9216832742094994,0.8574386164546013,0.8404428660869598,0.9331490024924278,drive://dataset_realization_robustness_v1/runs/replicate_2/confirm_K6_i000708/transformer/d256/n256/seed3/DONE.json,0.9298769313895604,0.8619101999506146,0.8481094692100614,0.844288412713593,0.0828370695861645,0.0888605897788348,-0.1339633920565557,dataset_replication_project,2,3109405811.0,drive://dataset_realization_robustness_v1/datasets/replicate_2/confirm_K6_i000708.npz
done,confirm_K6_i000997,GRU,8,1,256,48,1.9204914905130863,16,48,576,cuda,1.9242438971996307,1.9208735898137093,1.905658423900604,1.907622903585434,drive://dataset_realization_robustness_v1/runs/replicate_2/confirm_K6_i000997/gru/d8/n256/seed1/DONE.json,1.9211584169593383,1.920335681857932,1.9202479202023408,1.920236335152691,0.0102873513965718,-0.012613431567257,18.02550868521143,dataset_replication_project,2,3848243879.0,drive://dataset_realization_robustness_v1/datasets/replicate_2/confirm_K6_i000997.npz
done,confirm_K6_i000997,GRU,8,2,256,26,1.933714218437672,16,34,576,cuda,1.945093423128128,1.936067834496498,1.9347976073622704,1.9021651223301888,drive://dataset_realization_robustness_v1/runs/replicate_2/confirm_K6_i000997/gru/d8/n256/seed2/DONE.json,1.9211584169593383,1.920335681857932,1.9202479202023408,1.920236335152691,0.0315091774968133,-0.0180712128225022,46.55584839486856,dataset_replication_project,2,3632515188.0,drive://dataset_realization_robustness_v1/datasets/replicate_2/confirm_K6_i000997.npz
done,confirm_K6_i000997,GRU,8,3,256,35,1.974270273000002,16,43,576,cuda,1.9441319778561592,1.9060629159212112,1.9404241517186165,1.925070844590664,drive://dataset_realization_robustness_v1/runs/replicate_2/confirm_K6_i000997/gru/d8/n256/seed3/DONE.json,1.9211584169593383,1.920335681857932,1.9202479202023408,1.920236335152691,0.0152437003086438,0.0048345094379729,20.67184617252271,dataset_replication_project,2,3265737081.0,drive://dataset_realization_robustness_v1/datasets/replicate_2/confirm_K6_i000997.npz
done,confirm_K6_i000997,GRU,32,1,256,9,1.9331314489245413,16,17,6888,cuda,1.9240222424268725,1.9116047769784927,1.956399753689766,1.9174493178725245,drive://dataset_realization_robustness_v1/runs/replicate_2/confirm_K6_i000997/gru/d32/n256/seed1/DONE.json,1.9211584169593383,1.920335681857932,1.9202479202023408,1.920236335152691,0.0198965821352111,-0.0027870172801667,7.128352936760625,dataset_replication_project,2,2611402402.0,drive://dataset_realization_robustness_v1/datasets/replicate_2/confirm_K6_i000997.npz
done,confirm_K6_i000997,GRU,32,2,256,18,1.9240607544779775,16,26,6888,cuda,1.9449507594108584,1.9453181624412537,1.9231438413262367,1.928994283080101,drive://dataset_realization_robustness_v1/runs/replicate_2/confirm_K6_i000997/gru/d32/n256/seed2/DONE.json,1.9211584169593383,1.920335681857932,1.9202479202023408,1.920236335152691,0.0114415016153305,0.00875794792741,17.304838047694123,dataset_replication_project,2,3000140864.0,drive://dataset_realization_robustness_v1/datasets/replicate_2/confirm_K6_i000997.npz
done,confirm_K6_i000997,GRU,32,3,256,22,1.922322977334261,16,30,6888,cuda,1.9329447224736211,1.9596858769655228,2.0049774050712585,1.918106958270073,drive://dataset_realization_robustness_v1/runs/replicate_2/confirm_K6_i000997/gru/d32/n256/seed3/DONE.json,1.9211584169593383,1.920335681857932,1.9202479202023408,1.920236335152691,0.0486278288992906,-0.002129376882618,16.091591978696915,dataset_replication_project,2,2326915660.0,drive://dataset_realization_robustness_v1/datasets/replicate_2/confirm_K6_i000997.npz
done,confirm_K6_i000997,GRU,128,1,256,5,1.971941765397787,16,13,101256,cuda,1.9461343809962277,1.940476976335049,1.9067025184631348,1.921934224665165,drive://dataset_realization_robustness_v1/runs/replicate_2/confirm_K6_i000997/gru/d128/n256/seed1/DONE.json,1.9211584169593383,1.920335681857932,1.9202479202023408,1.920236335152691,0.0166912092764242,0.0016978895124739,26.245129398066908,dataset_replication_project,2,3259238518.0,drive://dataset_realization_robustness_v1/datasets/replicate_2/confirm_K6_i000997.npz
done,confirm_K6_i000997,GRU,128,2,256,10,1.9570996835827827,16,18,101256,cuda,1.9134606570005417,1.9499772414565089,1.9934518933296204,1.9288088083267207,drive://dataset_realization_robustness_v1/runs/replicate_2/confirm_K6_i000997/gru/d128/n256/seed2/DONE.json,1.9211584169593383,1.920335681857932,1.9202479202023408,1.920236335152691,0.0349494552002188,0.0085724731740302,-16.645108075589484,dataset_replication_project,2,2787181976.0,drive://dataset_realization_robustness_v1/datasets/replicate_2/confirm_K6_i000997.npz
done,confirm_K6_i000997,GRU,128,3,256,9,1.9092503935098648,16,17,101256,cuda,1.9129990860819817,1.9283375442028048,1.9768860414624212,1.9106206223368645,drive://dataset_realization_robustness_v1/runs/replicate_2/confirm_K6_i000997/gru/d128/n256/seed3/DONE.json,1.9211584169593383,1.920335681857932,1.9202479202023408,1.920236335152691,0.0342858226263109,-0.0096157128158265,2.579449814507509,dataset_replication_project,2,3392185026.0,drive://dataset_realization_robustness_v1/datasets/replicate_2/confirm_K6_i000997.npz
done,confirm_K6_i000997,GRU,256,1,256,24,1.9570773430168629,16,32,399112,cuda,1.9718143194913864,1.937956504523754,1.9915010258555408,1.914964348077774,drive://dataset_realization_robustness_v1/runs/replicate_2/confirm_K6_i000997/gru/d256/n256/seed1/DONE.json,1.9211584169593383,1.920335681857932,1.9202479202023408,1.920236335152691,0.0487547417969819,-0.0052719870749169,61.653934611635016,dataset_replication_project,2,3564428306.0,drive://dataset_realization_robustness_v1/datasets/replicate_2/confirm_K6_i000997.npz
done,confirm_K6_i000997,GRU,256,2,256,20,1.950238145887852,16,28,399112,cuda,1.927354082465172,1.9029973298311236,1.9530005753040316,1.917177140712738,drive://dataset_realization_robustness_v1/runs/replicate_2/confirm_K6_i000997/gru/d256/n256/seed2/DONE.json,1.9211584169593383,1.920335681857932,1.9202479202023408,1.920236335152691,0.0198244504438313,-0.0030591944399529,11.03691850231488,dataset_replication_project,2,3105830036.0,drive://dataset_realization_robustness_v1/datasets/replicate_2/confirm_K6_i000997.npz
done,confirm_K6_i000997,GRU,256,3,256,13,1.9310994371771808,16,21,399112,cuda,1.9311476349830627,1.9090004116296768,1.909883700311184,1.9266344532370567,drive://dataset_realization_robustness_v1/runs/replicate_2/confirm_K6_i000997/gru/d256/n256/seed3/DONE.json,1.9211584169593383,1.920335681857932,1.9202479202023408,1.920236335152691,0.0123323257561815,0.0063981180843657,4.8945567665149765,dataset_replication_project,2,2611475263.0,drive://dataset_realization_robustness_v1/datasets/replicate_2/confirm_K6_i000997.npz
done,confirm_K6_i000997,Transformer,8,1,256,46,1.914364468306303,16,48,1064,cuda,1.9485817030072208,1.9479865729808807,1.9598126858472824,1.9270519018173216,drive://dataset_realization_robustness_v1/runs/replicate_2/confirm_K6_i000997/transformer/d8/n256/seed1/DONE.json,1.9211584169593383,1.920335681857932,1.9202479202023408,1.920236335152691,0.0219732728406252,0.0068155666646307,23.34912264257929,dataset_replication_project,2,2618456545.0,drive://dataset_realization_robustness_v1/datasets/replicate_2/confirm_K6_i000997.npz
done,confirm_K6_i000997,Transformer,8,2,256,23,2.018232326954603,16,31,1064,cuda,1.9563219547271729,1.965780034661293,1.946339026093483,1.9693793281912804,drive://dataset_realization_robustness_v1/runs/replicate_2/confirm_K6_i000997/transformer/d8/n256/seed2/DONE.json,1.9211584169593383,1.920335681857932,1.9202479202023408,1.920236335152691,0.0136060153086358,0.0491429930385893,-14.160753818128068,dataset_replication_project,2,3289540321.0,drive://dataset_realization_robustness_v1/datasets/replicate_2/confirm_K6_i000997.npz
done,confirm_K6_i000997,Transformer,8,3,256,42,1.942621100693941,16,48,1064,cuda,1.9778825417160988,1.895713955163956,1.91175040602684,1.9428856074810028,drive://dataset_realization_robustness_v1/runs/replicate_2/confirm_K6_i000997/transformer/d8/n256/seed3/DONE.json,1.9211584169593383,1.920335681857932,1.9202479202023408,1.920236335152691,0.0330369687853614,0.0226492723283118,37.9542617399039,dataset_replication_project,2,3247137433.0,drive://dataset_realization_robustness_v1/datasets/replicate_2/confirm_K6_i000997.npz
done,confirm_K6_i000997,Transformer,32,1,256,47,1.9283779822289944,16,48,13448,cuda,1.918018773198128,1.9391361996531489,1.939343482255936,1.8960914611816408,drive://dataset_realization_robustness_v1/runs/replicate_2/confirm_K6_i000997/transformer/d32/n256/seed1/DONE.json,1.9211584169593383,1.920335681857932,1.9202479202023408,1.920236335152691,0.0322306596183197,-0.0241448739710503,23.780224117222872,dataset_replication_project,2,3793348909.0,drive://dataset_realization_robustness_v1/datasets/replicate_2/confirm_K6_i000997.npz
done,confirm_K6_i000997,Transformer,32,2,256,23,1.9495863765478132,16,31,13448,cuda,1.8986588791012764,1.9385259747505188,1.9237901717424395,1.949005275964737,drive://dataset_realization_robustness_v1/runs/replicate_2/confirm_K6_i000997/transformer/d32/n256/seed2/DONE.json,1.9211584169593383,1.920335681857932,1.9202479202023408,1.920236335152691,0.0290549072816218,0.0287689408120459,-54.60079192595647,dataset_replication_project,2,3955706839.0,drive://dataset_realization_robustness_v1/datasets/replicate_2/confirm_K6_i000997.npz
done,confirm_K6_i000997,Transformer,32,3,256,18,1.9252290353178976,16,26,13448,cuda,1.9654788449406624,1.9457082599401476,1.9384228140115736,1.9264737367630005,drive://dataset_realization_robustness_v1/runs/replicate_2/confirm_K6_i000997/transformer/d32/n256/seed3/DONE.json,1.9211584169593383,1.920335681857932,1.9202479202023408,1.920236335152691,0.0221301581342391,0.0062374016103095,42.30113629449421,dataset_replication_project,2,2442489956.0,drive://dataset_realization_robustness_v1/datasets/replicate_2/confirm_K6_i000997.npz
done,confirm_K6_i000997,Transformer,128,1,256,3,1.94123063609004,16,12,201224,cuda,1.9836625307798383,1.958360388875008,1.923350773751736,1.9977172017097475,drive://dataset_realization_robustness_v1/runs/replicate_2/confirm_K6_i000997/transformer/d128/n256/seed1/DONE.json,1.9211584169593383,1.920335681857932,1.9202479202023408,1.920236335152691,0.0427585677588252,0.0774808665570563,-15.24232538652003,dataset_replication_project,2,2961326079.0,drive://dataset_realization_robustness_v1/datasets/replicate_2/confirm_K6_i000997.npz
done,confirm_K6_i000997,Transformer,128,2,256,24,1.9511452540755272,16,32,201224,cuda,1.9323662370443344,1.9293992593884468,1.9226040914654727,1.913585349917412,drive://dataset_realization_robustness_v1/runs/replicate_2/confirm_K6_i000997/transformer/d128/n256/seed2/DONE.json,1.9211584169593383,1.920335681857932,1.9202479202023408,1.920236335152691,0.0127182278499644,-0.0066509852352791,20.36791854207562,dataset_replication_project,2,2040063023.0,drive://dataset_realization_robustness_v1/datasets/replicate_2/confirm_K6_i000997.npz
done,confirm_K6_i000997,Transformer,128,3,256,30,1.966080226004124,16,38,201224,cuda,1.93792986869812,1.907373659312725,1.9391611590981483,1.9194495901465416,drive://dataset_realization_robustness_v1/runs/replicate_2/confirm_K6_i000997/transformer/d128/n256/seed3/DONE.json,1.9211584169593383,1.920335681857932,1.9202479202023408,1.920236335152691,0.0145311477680202,-0.0007867450061493,20.0419077985852,dataset_replication_project,2,3141973587.0,drive://dataset_realization_robustness_v1/datasets/replicate_2/confirm_K6_i000997.npz
done,confirm_K6_i000997,Transformer,256,1,256,15,1.9391441568732264,16,23,795656,cuda,1.9331617280840876,1.953343465924263,1.96156807243824,1.9594992324709888,drive://dataset_realization_robustness_v1/runs/replicate_2/confirm_K6_i000997/transformer/d256/n256/seed1/DONE.json,1.9211584169593383,1.920335681857932,1.9202479202023408,1.920236335152691,0.0140218024789474,0.0392628973182982,-28.563088651173643,dataset_replication_project,2,3030662319.0,drive://dataset_realization_robustness_v1/datasets/replicate_2/confirm_K6_i000997.npz
done,confirm_K6_i000997,Transformer,256,2,256,8,1.9773296751081944,16,16,795656,cuda,1.934835895895958,1.9515166357159612,1.9826075211167336,1.9425216168165207,drive://dataset_realization_robustness_v1/runs/replicate_2/confirm_K6_i000997/transformer/d256/n256/seed2/DONE.json,1.9211584169593383,1.920335681857932,1.9202479202023408,1.920236335152691,0.0209712798546802,0.0222852816638297,-8.335183348327755,dataset_replication_project,2,3768167846.0,drive://dataset_realization_robustness_v1/datasets/replicate_2/confirm_K6_i000997.npz
done,confirm_K6_i000997,Transformer,256,3,256,13,1.9520941227674484,16,21,795656,cuda,1.94808466732502,1.9336288049817083,1.9484992697834969,1.9303623363375664,drive://dataset_realization_robustness_v1/runs/replicate_2/confirm_K6_i000997/transformer/d256/n256/seed3/DONE.json,1.9211584169593383,1.920335681857932,1.9202479202023408,1.920236335152691,0.0124580023318307,0.0101260011848753,19.219911790572688,dataset_replication_project,2,2411897697.0,drive://dataset_realization_robustness_v1/datasets/replicate_2/confirm_K6_i000997.npz
done,confirm_K6_i001189,GRU,8,1,256,48,1.906903799623251,16,48,576,cuda,1.914226196706295,1.8944514766335487,1.883585557341576,1.8698095008730888,drive://dataset_realization_robustness_v1/runs/replicate_2/confirm_K6_i001189/gru/d8/n256/seed1/DONE.json,1.8624529402197152,1.8472838516984629,1.840946805328344,1.839227609252711,0.014743883282669,0.0305818916203779,1.9124246666843183,dataset_replication_project,2,3894392590.0,drive://dataset_realization_robustness_v1/datasets/replicate_2/confirm_K6_i001189.npz
done,confirm_K6_i001189,GRU,8,2,256,48,1.920349590480328,16,48,576,cuda,1.903347760438919,1.875835344195366,1.9046614989638329,1.902573563158512,drive://dataset_realization_robustness_v1/runs/replicate_2/confirm_K6_i001189/gru/d8/n256/seed2/DONE.json,1.8624529402197152,1.8472838516984629,1.840946805328344,1.839227609252711,0.020705336978283,0.0633459539058012,0.0333341764432479,dataset_replication_project,2,3825098570.0,drive://dataset_realization_robustness_v1/datasets/replicate_2/confirm_K6_i001189.npz
done,confirm_K6_i001189,GRU,8,3,256,47,1.878511045128107,16,48,576,cuda,1.901282861828804,1.896167442202568,1.915451742708683,1.9164261519908905,drive://dataset_realization_robustness_v1/runs/replicate_2/confirm_K6_i001189/gru/d8/n256/seed3/DONE.json,1.8624529402197152,1.8472838516984629,1.840946805328344,1.839227609252711,0.0238806570114256,0.0771985427381796,-0.652016119107203,dataset_replication_project,2,4008546170.0,drive://dataset_realization_robustness_v1/datasets/replicate_2/confirm_K6_i001189.npz
done,confirm_K6_i001189,GRU,32,1,256,43,1.864049069583416,16,48,6888,cuda,1.9126944988965988,1.908253975212574,1.8900594115257263,1.8139781430363653,drive://dataset_realization_robustness_v1/runs/replicate_2/confirm_K6_i001189/gru/d32/n256/seed1/DONE.json,1.8624529402197152,1.8472838516984629,1.840946805328344,1.839227609252711,0.0683052529209555,-0.0252494662163453,4.25037455872975,dataset_replication_project,2,3022474541.0,drive://dataset_realization_robustness_v1/datasets/replicate_2/confirm_K6_i001189.npz
done,confirm_K6_i001189,GRU,32,2,256,37,1.8586778119206429,16,45,6888,cuda,1.8507669493556025,1.843394070863724,1.87238734215498,1.8364412412047384,drive://dataset_realization_robustness_v1/runs/replicate_2/confirm_K6_i001189/gru/d32/n256/seed2/DONE.json,1.8624529402197152,1.8472838516984629,1.840946805328344,1.839227609252711,0.0176911123402616,-0.0027863680479722,0.6168139507340437,dataset_replication_project,2,2815699715.0,drive://dataset_realization_robustness_v1/datasets/replicate_2/confirm_K6_i001189.npz
done,confirm_K6_i001189,GRU,32,3,256,35,1.8583041094243529,16,43,6888,cuda,1.8561769425868988,1.882604956626892,1.7772240042686462,1.8549683094024656,drive://dataset_realization_robustness_v1/runs/replicate_2/confirm_K6_i001189/gru/d32/n256/seed3/DONE.json,1.8624529402197152,1.8472838516984629,1.840946805328344,1.839227609252711,0.0423750376312826,0.0157407001497549,0.052039438583246,dataset_replication_project,2,3840002682.0,drive://dataset_realization_robustness_v1/datasets/replicate_2/confirm_K6_i001189.npz
done,confirm_K6_i001189,GRU,128,1,256,13,1.885873757302761,16,21,101256,cuda,1.890361450612545,1.905087672173977,1.8651690855622287,1.969907522201538,drive://dataset_realization_robustness_v1/runs/replicate_2/confirm_K6_i001189/gru/d128/n256/seed1/DONE.json,1.8624529402197152,1.8472838516984629,1.840946805328344,1.839227609252711,0.0824713792790796,0.1306799129488272,-3.424970421390437,dataset_replication_project,2,3949917122.0,drive://dataset_realization_robustness_v1/datasets/replicate_2/confirm_K6_i001189.npz
done,confirm_K6_i001189,GRU,128,2,256,10,1.8748669400811195,16,18,101256,cuda,1.8687410056591036,1.892948992550373,1.8302114829421043,1.8954356014728544,drive://dataset_realization_robustness_v1/runs/replicate_2/confirm_K6_i001189/gru/d128/n256/seed2/DONE.json,1.8624529402197152,1.8472838516984629,1.840946805328344,1.839227609252711,0.0420849087419049,0.0562079922201437,-1.1493741833722684,dataset_replication_project,2,2401166920.0,drive://dataset_realization_robustness_v1/datasets/replicate_2/confirm_K6_i001189.npz
done,confirm_K6_i001189,GRU,128,3,256,31,1.8282175175845623,16,39,101256,cuda,1.90317427366972,1.9162579625844955,1.845362424850464,1.8487953320145607,drive://dataset_realization_robustness_v1/runs/replicate_2/confirm_K6_i001189/gru/d128/n256/seed3/DONE.json,1.8624529402197152,1.8472838516984629,1.840946805328344,1.839227609252711,0.0336385588895503,0.0095677227618498,2.341363476473766,dataset_replication_project,2,3530713159.0,drive://dataset_realization_robustness_v1/datasets/replicate_2/confirm_K6_i001189.npz
done,confirm_K6_i001189,GRU,256,1,256,13,1.9035431705415249,16,21,399112,cuda,1.892619028687477,1.9226785525679588,1.8899458050727844,1.8851168975234032,drive://dataset_realization_robustness_v1/runs/replicate_2/confirm_K6_i001189/gru/d256/n256/seed1/DONE.json,1.8624529402197152,1.8472838516984629,1.840946805328344,1.839227609252711,0.0167888258234344,0.0458892882706922,0.3230150379657475,dataset_replication_project,2,2149450358.0,drive://dataset_realization_robustness_v1/datasets/replicate_2/confirm_K6_i001189.npz
done,confirm_K6_i001189,GRU,256,2,256,23,1.8868601024150848,16,31,399112,cuda,1.8917056247591968,1.8854561373591423,1.9046381264925003,1.8592968583106997,drive://dataset_realization_robustness_v1/runs/replicate_2/confirm_K6_i001189/gru/d256/n256/seed2/DONE.json,1.8624529402197152,1.8472838516984629,1.840946805328344,1.839227609252711,0.0240569147872125,0.0200692490579885,1.3954060114165938,dataset_replication_project,2,3731405780.0,drive://dataset_realization_robustness_v1/datasets/replicate_2/confirm_K6_i001189.npz
done,confirm_K6_i001189,GRU,256,3,256,23,1.858846940100193,16,31,399112,cuda,1.8726648092269895,1.8426724150776863,1.8505757674574848,1.8383710533380508,drive://dataset_realization_robustness_v1/runs/replicate_2/confirm_K6_i001189/gru/d256/n256/seed3/DONE.json,1.8624529402197152,1.8472838516984629,1.840946805328344,1.839227609252711,0.0078510389124075,-0.00085655591466,1.476566940538297,dataset_replication_project,2,3173462091.0,drive://dataset_realization_robustness_v1/datasets/replicate_2/confirm_K6_i001189.npz
done,confirm_K6_i001189,Transformer,8,1,256,47,1.9020678773522377,16,48,1064,cuda,1.8662885129451752,1.8455415964126587,1.904918812215328,1.9017270281910896,drive://dataset_realization_robustness_v1/runs/replicate_2/confirm_K6_i001189/transformer/d8/n256/seed1/DONE.json,1.8624529402197152,1.8472838516984629,1.840946805328344,1.839227609252711,0.0435046206594351,0.0624994189383787,-1.525856199692532,dataset_replication_project,2,3536358982.0,drive://dataset_realization_robustness_v1/datasets/replicate_2/confirm_K6_i001189.npz
done,confirm_K6_i001189,Transformer,8,2,256,42,1.8936228454113009,16,48,1064,cuda,1.9051716178655624,1.904216006398201,1.926951877772808,1.9172078520059583,drive://dataset_realization_robustness_v1/runs/replicate_2/confirm_K6_i001189/transformer/d8/n256/seed2/DONE.json,1.8624529402197152,1.8472838516984629,1.840946805328344,1.839227609252711,0.0209212683417184,0.0779802427532476,-0.5182373571982989,dataset_replication_project,2,2367909323.0,drive://dataset_realization_robustness_v1/datasets/replicate_2/confirm_K6_i001189.npz
done,confirm_K6_i001189,Transformer,8,3,256,47,1.921199269592762,16,48,1064,cuda,1.9482323080301285,1.9011749029159544,1.9070459082722664,1.894393913447857,drive://dataset_realization_robustness_v1/runs/replicate_2/confirm_K6_i001189/transformer/d8/n256/seed3/DONE.json,1.8624529402197152,1.8472838516984629,1.840946805328344,1.839227609252711,0.0162658539781244,0.055166304195146,2.318089445474795,dataset_replication_project,2,3338017918.0,drive://dataset_realization_robustness_v1/datasets/replicate_2/confirm_K6_i001189.npz
done,confirm_K6_i001189,Transformer,32,1,256,23,1.8480116166174407,16,31,13448,cuda,1.8695732802152636,1.8873662278056145,1.902514971792698,1.871182344853878,drive://dataset_realization_robustness_v1/runs/replicate_2/confirm_K6_i001189/transformer/d32/n256/seed1/DONE.json,1.8624529402197152,1.8472838516984629,1.840946805328344,1.839227609252711,0.0197469050282547,0.0319547356011671,-0.0692805902701931,dataset_replication_project,2,3979696863.0,drive://dataset_realization_robustness_v1/datasets/replicate_2/confirm_K6_i001189.npz
done,confirm_K6_i001189,Transformer,32,2,256,37,1.870969884097576,16,45,13448,cuda,1.8625085428357124,1.907480001449585,1.8826607838273048,1.834724344313145,drive://dataset_realization_robustness_v1/runs/replicate_2/confirm_K6_i001189/transformer/d32/n256/seed2/DONE.json,1.8624529402197152,1.8472838516984629,1.840946805328344,1.839227609252711,0.0398209465161329,-0.0045032649395662,1.1962885937789274,dataset_replication_project,2,2224912227.0,drive://dataset_realization_robustness_v1/datasets/replicate_2/confirm_K6_i001189.npz
done,confirm_K6_i001189,Transformer,32,3,256,20,1.868947897106409,16,28,13448,cuda,1.8803836181759837,1.874051712453365,1.8619062304496763,1.915788471698761,drive://dataset_realization_robustness_v1/runs/replicate_2/confirm_K6_i001189/transformer/d32/n256/seed3/DONE.json,1.8624529402197152,1.8472838516984629,1.840946805328344,1.839227609252711,0.0474561939668969,0.07656086244605,-1.524406845830375,dataset_replication_project,2,2124959627.0,drive://dataset_realization_robustness_v1/datasets/replicate_2/confirm_K6_i001189.npz
done,confirm_K6_i001189,Transformer,128,1,256,6,1.8838085308671,16,14,201224,cuda,1.922530971467495,1.87909447401762,1.9051354005932808,1.9012572318315504,drive://dataset_realization_robustness_v1/runs/replicate_2/confirm_K6_i001189/transformer/d128/n256/seed1/DONE.json,1.8624529402197152,1.8472838516984629,1.840946805328344,1.839227609252711,0.0151794091492181,0.0620296225788397,0.9159714307695976,dataset_replication_project,2,2535197918.0,drive://dataset_realization_robustness_v1/datasets/replicate_2/confirm_K6_i001189.npz
done,confirm_K6_i001189,Transformer,128,2,256,18,1.919240541756153,16,26,201224,cuda,1.859803892672062,1.9132060334086416,1.9681049063801763,1.883892960846424,drive://dataset_realization_robustness_v1/runs/replicate_2/confirm_K6_i001189/transformer/d128/n256/seed2/DONE.json,1.8624529402197152,1.8472838516984629,1.840946805328344,1.839227609252711,0.0487225792263424,0.0446653515937132,-1.0371894466685954,dataset_replication_project,2,3987538153.0,drive://dataset_realization_robustness_v1/datasets/replicate_2/confirm_K6_i001189.npz
done,confirm_K6_i001189,Transformer,128,3,256,21,1.8856438659131527,16,29,201224,cuda,1.8943853750824928,1.8631836026906967,1.8467790186405184,1.908787466585636,drive://dataset_realization_robustness_v1/runs/replicate_2/confirm_K6_i001189/transformer/d128/n256/seed3/DONE.json,1.8624529402197152,1.8472838516984629,1.840946805328344,1.839227609252711,0.0457067898311532,0.0695598573329252,-0.6201027457306867,dataset_replication_project,2,2038793383.0,drive://dataset_realization_robustness_v1/datasets/replicate_2/confirm_K6_i001189.npz
done,confirm_K6_i001189,Transformer,256,1,256,37,1.876044936478138,16,45,795656,cuda,1.877411998808384,1.914048716425896,1.8855991140007973,1.8859638795256612,drive://dataset_realization_robustness_v1/runs/replicate_2/confirm_K6_i001189/transformer/d256/n256/seed1/DONE.json,1.8624529402197152,1.8472838516984629,1.840946805328344,1.839227609252711,0.0188100948575633,0.0467362702729505,-0.3682135134877944,dataset_replication_project,2,2263775654.0,drive://dataset_realization_robustness_v1/datasets/replicate_2/confirm_K6_i001189.npz
done,confirm_K6_i001189,Transformer,256,2,256,15,1.8991248346865175,16,23,795656,cuda,1.8602035865187645,1.9315538927912712,1.9496257230639455,1.977930448949337,drive://dataset_realization_robustness_v1/runs/replicate_2/confirm_K6_i001189/transformer/d256/n256/seed2/DONE.json,1.8624529402197152,1.8472838516984629,1.840946805328344,1.839227609252711,0.0770257850939433,0.1387028396966261,-5.068899237553359,dataset_replication_project,2,2574884997.0,drive://dataset_realization_robustness_v1/datasets/replicate_2/confirm_K6_i001189.npz
done,confirm_K6_i001189,Transformer,256,3,256,29,1.9230171591043472,16,37,795656,cuda,1.89319259673357,1.820613093674183,1.8768267184495928,1.86772945523262,drive://dataset_realization_robustness_v1/runs/replicate_2/confirm_K6_i001189/transformer/d256/n256/seed3/DONE.json,1.8624529402197152,1.8472838516984629,1.840946805328344,1.839227609252711,0.0278543529063728,0.0285018459799093,1.0963521483127523,dataset_replication_project,2,2926538062.0,drive://dataset_realization_robustness_v1/datasets/replicate_2/confirm_K6_i001189.npz
