status,hmm_id,architecture,dimension,seed,n_train,best_epoch,best_val_ce,final_batch_size,epochs_completed,parameter_count,device,test_ce_h1,test_ce_h2,test_ce_h3,test_ce_h4,result_file
done,external_ring_sparse_specialized_K3_i0051,GRU,8,1,256,48,1.7484699673950672,16,48,576,cpu,1.7915262505412102,1.7548332661390305,1.7795061245560646,1.7632700204849243,project://predictive_profile_external_generator32_v1/runs/external_ring_sparse_specialized_K3_i0051/gru/d8/n256/seed1/DONE.json
done,external_ring_sparse_specialized_K3_i0051,GRU,8,2,256,48,1.7980072423815727,16,48,576,cpu,1.795072719454765,1.7550032064318657,1.7925806269049644,1.776380069553852,project://predictive_profile_external_generator32_v1/runs/external_ring_sparse_specialized_K3_i0051/gru/d8/n256/seed2/DONE.json
done,external_ring_sparse_specialized_K3_i0051,GRU,8,3,256,48,1.7113781608641148,16,48,576,cpu,1.7053767666220665,1.71151951700449,1.7584796771407127,1.6748415380716324,project://predictive_profile_external_generator32_v1/runs/external_ring_sparse_specialized_K3_i0051/gru/d8/n256/seed3/DONE.json
done,external_ring_sparse_specialized_K3_i0051,GRU,32,1,256,46,1.6432446278631687,16,48,6888,cpu,1.6727037504315376,1.6331860199570656,1.6508761942386627,1.6667416468262672,project://predictive_profile_external_generator32_v1/runs/external_ring_sparse_specialized_K3_i0051/gru/d32/n256/seed1/DONE.json
done,external_ring_sparse_specialized_K3_i0051,GRU,32,2,256,39,1.6981988213956356,16,47,6888,cpu,1.6912878528237345,1.606029435992241,1.64212828874588,1.6904662027955055,project://predictive_profile_external_generator32_v1/runs/external_ring_sparse_specialized_K3_i0051/gru/d32/n256/seed2/DONE.json
done,external_ring_sparse_specialized_K3_i0051,GRU,32,3,256,45,1.6857857033610344,16,48,6888,cpu,1.665206328034401,1.6718961000442505,1.660100355744362,1.647293657064438,project://predictive_profile_external_generator32_v1/runs/external_ring_sparse_specialized_K3_i0051/gru/d32/n256/seed3/DONE.json
done,external_ring_sparse_specialized_K3_i0051,GRU,128,1,256,10,1.7142423167824743,16,18,101256,cpu,1.7500251457095146,1.6629336923360825,1.7306678593158722,1.6996890977025032,project://predictive_profile_external_generator32_v1/runs/external_ring_sparse_specialized_K3_i0051/gru/d128/n256/seed1/DONE.json
done,external_ring_sparse_specialized_K3_i0051,GRU,128,2,256,22,1.7039211057126522,16,30,101256,cpu,1.7449573948979378,1.7064200639724731,1.6797052100300789,1.753402404487133,project://predictive_profile_external_generator32_v1/runs/external_ring_sparse_specialized_K3_i0051/gru/d128/n256/seed2/DONE.json
done,external_ring_sparse_specialized_K3_i0051,GRU,128,3,256,9,1.7082038968801498,16,17,101256,cpu,1.7059093043208122,1.663910649716854,1.6290986016392708,1.714057244360447,project://predictive_profile_external_generator32_v1/runs/external_ring_sparse_specialized_K3_i0051/gru/d128/n256/seed3/DONE.json
done,external_ring_sparse_specialized_K3_i0051,Transformer,8,1,256,45,1.7480369918048382,16,48,1064,cpu,1.711360700428486,1.7128857895731926,1.74914438277483,1.7077355906367302,project://predictive_profile_external_generator32_v1/runs/external_ring_sparse_specialized_K3_i0051/transformer/d8/n256/seed1/DONE.json
done,external_ring_sparse_specialized_K3_i0051,Transformer,8,2,256,48,1.7609442919492722,16,48,1064,cpu,1.674522690474987,1.724063761532307,1.780323676764965,1.7155710086226463,project://predictive_profile_external_generator32_v1/runs/external_ring_sparse_specialized_K3_i0051/transformer/d8/n256/seed2/DONE.json
done,external_ring_sparse_specialized_K3_i0051,Transformer,8,3,256,47,1.7276153415441513,16,48,1064,cpu,1.6568778157234192,1.7432702705264091,1.7186435759067535,1.6517226919531822,project://predictive_profile_external_generator32_v1/runs/external_ring_sparse_specialized_K3_i0051/transformer/d8/n256/seed3/DONE.json
done,external_ring_sparse_specialized_K3_i0051,Transformer,32,1,256,31,1.701907765120268,16,39,13448,cpu,1.6529455333948135,1.6296921744942665,1.752878449857235,1.6842911764979362,project://predictive_profile_external_generator32_v1/runs/external_ring_sparse_specialized_K3_i0051/transformer/d32/n256/seed1/DONE.json
done,external_ring_sparse_specialized_K3_i0051,Transformer,32,2,256,17,1.7442196160554886,16,25,13448,cpu,1.6324506849050522,1.7807138338685036,1.7210189998149872,1.6714829131960869,project://predictive_profile_external_generator32_v1/runs/external_ring_sparse_specialized_K3_i0051/transformer/d32/n256/seed2/DONE.json
done,external_ring_sparse_specialized_K3_i0051,Transformer,32,3,256,27,1.6870713233947754,16,35,13448,cpu,1.698246754705906,1.7077770456671717,1.738120622932911,1.700053170323372,project://predictive_profile_external_generator32_v1/runs/external_ring_sparse_specialized_K3_i0051/transformer/d32/n256/seed3/DONE.json
done,external_ring_sparse_specialized_K3_i0051,Transformer,128,1,256,21,1.6614435613155365,16,29,201224,cpu,1.6822591349482536,1.7360863164067268,1.706671342253685,1.7018195912241936,project://predictive_profile_external_generator32_v1/runs/external_ring_sparse_specialized_K3_i0051/transformer/d128/n256/seed1/DONE.json
done,external_ring_sparse_specialized_K3_i0051,Transformer,128,2,256,15,1.751238502562046,16,23,201224,cpu,1.7641625329852104,1.663448005914688,1.703668251633644,1.7290087416768074,project://predictive_profile_external_generator32_v1/runs/external_ring_sparse_specialized_K3_i0051/transformer/d128/n256/seed2/DONE.json
done,external_ring_sparse_specialized_K3_i0051,Transformer,128,3,256,13,1.7300638109445572,16,21,201224,cpu,1.7245996072888374,1.7406521067023275,1.714377112686634,1.7336736172437668,project://predictive_profile_external_generator32_v1/runs/external_ring_sparse_specialized_K3_i0051/transformer/d128/n256/seed3/DONE.json
done,external_ring_sparse_specialized_K3_i0049,GRU,8,1,256,48,1.908904436975717,16,48,576,cpu,1.900327943265438,1.9080829620361328,1.9116882979869845,1.897373162209988,project://predictive_profile_external_generator32_v1/runs/external_ring_sparse_specialized_K3_i0049/gru/d8/n256/seed1/DONE.json
done,external_ring_sparse_specialized_K3_i0049,GRU,8,2,256,46,1.8974662125110624,16,48,576,cpu,1.9393572360277176,1.9131270870566368,1.9381495118141172,1.8890277743339536,project://predictive_profile_external_generator32_v1/runs/external_ring_sparse_specialized_K3_i0049/gru/d8/n256/seed2/DONE.json
done,external_ring_sparse_specialized_K3_i0049,GRU,8,3,256,40,1.921056155115366,16,48,576,cpu,1.9353290647268293,1.900207333266735,1.9123168289661407,1.905112773180008,project://predictive_profile_external_generator32_v1/runs/external_ring_sparse_specialized_K3_i0049/gru/d8/n256/seed3/DONE.json
done,external_ring_sparse_specialized_K3_i0049,GRU,32,1,256,33,1.9000254534184933,16,41,6888,cpu,1.8745767772197723,1.8704128935933115,1.8667123317718504,1.8595854490995407,project://predictive_profile_external_generator32_v1/runs/external_ring_sparse_specialized_K3_i0049/gru/d32/n256/seed1/DONE.json
done,external_ring_sparse_specialized_K3_i0049,GRU,32,2,256,29,1.9319664761424065,16,37,6888,cpu,1.904475808143616,1.935389719903469,1.8879368901252749,1.892806202173233,project://predictive_profile_external_generator32_v1/runs/external_ring_sparse_specialized_K3_i0049/gru/d32/n256/seed2/DONE.json
done,external_ring_sparse_specialized_K3_i0049,GRU,32,3,256,29,1.8894018009305,16,37,6888,cpu,1.9229346215724945,1.9174129217863085,1.9480658322572708,1.9156716242432597,project://predictive_profile_external_generator32_v1/runs/external_ring_sparse_specialized_K3_i0049/gru/d32/n256/seed3/DONE.json
done,external_ring_sparse_specialized_K3_i0049,GRU,128,1,256,32,1.9056951813399792,16,40,101256,cpu,1.9069165587425232,1.9817836806178093,1.905417427420616,1.9127962812781332,project://predictive_profile_external_generator32_v1/runs/external_ring_sparse_specialized_K3_i0049/gru/d128/n256/seed1/DONE.json
done,external_ring_sparse_specialized_K3_i0049,GRU,128,2,256,9,1.9230072014033797,16,17,101256,cpu,1.92132468521595,1.8941200971603396,1.9500697702169416,1.965285487473011,project://predictive_profile_external_generator32_v1/runs/external_ring_sparse_specialized_K3_i0049/gru/d128/n256/seed2/DONE.json
done,external_ring_sparse_specialized_K3_i0049,GRU,128,3,256,16,1.8829389475286007,16,24,101256,cpu,1.9044169485569,1.8956670016050337,1.9211637079715729,1.9288291484117508,project://predictive_profile_external_generator32_v1/runs/external_ring_sparse_specialized_K3_i0049/gru/d128/n256/seed3/DONE.json
done,external_ring_sparse_specialized_K3_i0049,Transformer,8,1,256,48,1.9027611091732977,16,48,1064,cpu,1.9380677789449687,1.9022593051195145,1.8607983887195587,1.9242479428648949,project://predictive_profile_external_generator32_v1/runs/external_ring_sparse_specialized_K3_i0049/transformer/d8/n256/seed1/DONE.json
done,external_ring_sparse_specialized_K3_i0049,Transformer,8,2,256,28,1.9110205844044683,16,36,1064,cpu,1.931378908455372,1.883327387273312,1.9520813524723053,1.9277024567127228,project://predictive_profile_external_generator32_v1/runs/external_ring_sparse_specialized_K3_i0049/transformer/d8/n256/seed2/DONE.json
done,external_ring_sparse_specialized_K3_i0049,Transformer,8,3,256,45,1.9327730014920237,16,48,1064,cpu,1.894173376262188,1.8947913274168968,1.92962659150362,1.937916561961174,project://predictive_profile_external_generator32_v1/runs/external_ring_sparse_specialized_K3_i0049/transformer/d8/n256/seed3/DONE.json
done,external_ring_sparse_specialized_K3_i0049,Transformer,32,1,256,22,1.8907963559031489,16,30,13448,cpu,1.8969732373952863,1.9556811675429344,1.90694210678339,1.9329601228237152,project://predictive_profile_external_generator32_v1/runs/external_ring_sparse_specialized_K3_i0049/transformer/d32/n256/seed1/DONE.json
done,external_ring_sparse_specialized_K3_i0049,Transformer,32,2,256,12,1.8823541812598703,16,20,13448,cpu,1.92416637390852,1.9614071249961853,1.9148005843162537,1.960127830505371,project://predictive_profile_external_generator32_v1/runs/external_ring_sparse_specialized_K3_i0049/transformer/d32/n256/seed2/DONE.json
done,external_ring_sparse_specialized_K3_i0049,Transformer,32,3,256,11,1.8970944322645664,16,19,13448,cpu,1.8556023091077805,1.936786100268364,1.9358596578240397,1.881580002605915,project://predictive_profile_external_generator32_v1/runs/external_ring_sparse_specialized_K3_i0049/transformer/d32/n256/seed3/DONE.json
done,external_ring_sparse_specialized_K3_i0049,Transformer,128,1,256,8,1.9332573488354683,16,16,201224,cpu,1.918446898460388,1.8974110782146452,1.945839986205101,1.9027536287903783,project://predictive_profile_external_generator32_v1/runs/external_ring_sparse_specialized_K3_i0049/transformer/d128/n256/seed1/DONE.json
done,external_ring_sparse_specialized_K3_i0049,Transformer,128,2,256,9,1.9154013581573963,16,17,201224,cpu,1.946741998195648,1.9372385069727895,1.937244892120361,1.952813059091568,project://predictive_profile_external_generator32_v1/runs/external_ring_sparse_specialized_K3_i0049/transformer/d128/n256/seed2/DONE.json
done,external_ring_sparse_specialized_K3_i0049,Transformer,128,3,256,14,1.940797034651041,16,22,201224,cpu,1.934491626918316,1.9510137811303137,1.9151225239038467,1.9382633119821548,project://predictive_profile_external_generator32_v1/runs/external_ring_sparse_specialized_K3_i0049/transformer/d128/n256/seed3/DONE.json
done,external_ring_sparse_specialized_K3_i0190,GRU,8,1,256,48,1.8587382659316063,16,48,576,cpu,1.8797941580414768,1.846654362976551,1.82095018774271,1.8891942873597145,project://predictive_profile_external_generator32_v1/runs/external_ring_sparse_specialized_K3_i0190/gru/d8/n256/seed1/DONE.json
done,external_ring_sparse_specialized_K3_i0190,GRU,8,2,256,48,1.870926771312952,16,48,576,cpu,1.8526751548051836,1.90701737254858,1.9014292359352112,1.8235726058483124,project://predictive_profile_external_generator32_v1/runs/external_ring_sparse_specialized_K3_i0190/gru/d8/n256/seed2/DONE.json
done,external_ring_sparse_specialized_K3_i0190,GRU,8,3,256,48,1.910097822546959,16,48,576,cpu,1.8503642678260803,1.884092502295971,1.8482746705412865,1.8618519455194475,project://predictive_profile_external_generator32_v1/runs/external_ring_sparse_specialized_K3_i0190/gru/d8/n256/seed3/DONE.json
done,external_ring_sparse_specialized_K3_i0190,GRU,32,1,256,29,1.8485946580767632,16,37,6888,cpu,1.8797268569469447,1.8998240157961843,1.86995892226696,1.8392142429947853,project://predictive_profile_external_generator32_v1/runs/external_ring_sparse_specialized_K3_i0190/gru/d32/n256/seed1/DONE.json
done,external_ring_sparse_specialized_K3_i0190,GRU,32,2,256,33,1.8643264770507808,16,41,6888,cpu,1.8872282579541209,1.89896921813488,1.9063260704278944,1.8677420243620872,project://predictive_profile_external_generator32_v1/runs/external_ring_sparse_specialized_K3_i0190/gru/d32/n256/seed2/DONE.json
done,external_ring_sparse_specialized_K3_i0190,GRU,32,3,256,45,1.856617029756308,16,48,6888,cpu,1.8881800696253777,1.8356570675969124,1.8649743795394895,1.8446044251322744,project://predictive_profile_external_generator32_v1/runs/external_ring_sparse_specialized_K3_i0190/gru/d32/n256/seed3/DONE.json
done,external_ring_sparse_specialized_K3_i0190,GRU,128,1,256,16,1.865123551338911,16,24,101256,cpu,1.8916309475898745,1.884070299565792,1.8484825417399409,1.8468553200364115,project://predictive_profile_external_generator32_v1/runs/external_ring_sparse_specialized_K3_i0190/gru/d128/n256/seed1/DONE.json
done,external_ring_sparse_specialized_K3_i0190,GRU,128,2,256,11,1.8575447909533975,16,19,101256,cpu,1.843906253576279,1.8747052773833277,1.813782662153244,1.8747975379228592,project://predictive_profile_external_generator32_v1/runs/external_ring_sparse_specialized_K3_i0190/gru/d128/n256/seed2/DONE.json
done,external_ring_sparse_specialized_K3_i0190,GRU,128,3,256,14,1.8650876693427565,16,22,101256,cpu,1.8825334757566448,1.8429762572050092,1.8360414281487465,1.8955518677830696,project://predictive_profile_external_generator32_v1/runs/external_ring_sparse_specialized_K3_i0190/gru/d128/n256/seed3/DONE.json
done,external_ring_sparse_specialized_K3_i0190,Transformer,8,1,256,41,1.9077612198889256,16,48,1064,cpu,1.8790316805243488,1.883605144917965,1.8714033737778664,1.84319031983614,project://predictive_profile_external_generator32_v1/runs/external_ring_sparse_specialized_K3_i0190/transformer/d8/n256/seed1/DONE.json
done,external_ring_sparse_specialized_K3_i0190,Transformer,8,2,256,45,1.8852644823491571,16,48,1064,cpu,1.891527958214283,1.886229082942009,1.9085773080587387,1.8818332850933075,project://predictive_profile_external_generator32_v1/runs/external_ring_sparse_specialized_K3_i0190/transformer/d8/n256/seed2/DONE.json
done,external_ring_sparse_specialized_K3_i0190,Transformer,8,3,256,48,1.8972870036959648,16,48,1064,cpu,1.8628049790859225,1.923939861357212,1.8431057184934616,1.9764579311013224,project://predictive_profile_external_generator32_v1/runs/external_ring_sparse_specialized_K3_i0190/transformer/d8/n256/seed3/DONE.json
done,external_ring_sparse_specialized_K3_i0190,Transformer,32,1,256,17,1.838599901646376,16,25,13448,cpu,1.9176426008343697,1.894558809697628,1.8822494074702265,1.8379389643669128,project://predictive_profile_external_generator32_v1/runs/external_ring_sparse_specialized_K3_i0190/transformer/d32/n256/seed1/DONE.json
done,external_ring_sparse_specialized_K3_i0190,Transformer,32,2,256,30,1.880849435925484,16,38,13448,cpu,1.8877625539898872,1.8895332217216487,1.8521777018904688,1.8387322574853897,project://predictive_profile_external_generator32_v1/runs/external_ring_sparse_specialized_K3_i0190/transformer/d32/n256/seed2/DONE.json
done,external_ring_sparse_specialized_K3_i0190,Transformer,32,3,256,29,1.85759698972106,16,37,13448,cpu,1.8421104475855827,1.8678779378533363,1.857625424861908,1.8574147149920464,project://predictive_profile_external_generator32_v1/runs/external_ring_sparse_specialized_K3_i0190/transformer/d32/n256/seed3/DONE.json
done,external_ring_sparse_specialized_K3_i0190,Transformer,128,1,256,10,1.871488455682993,16,18,201224,cpu,1.8859231770038605,1.866889737546444,1.8724262043833733,1.92325646430254,project://predictive_profile_external_generator32_v1/runs/external_ring_sparse_specialized_K3_i0190/transformer/d128/n256/seed1/DONE.json
done,external_ring_sparse_specialized_K3_i0190,Transformer,128,2,256,9,1.8878023512661457,16,17,201224,cpu,1.9003686383366585,1.8764631003141403,1.880006045103073,1.8647859767079356,project://predictive_profile_external_generator32_v1/runs/external_ring_sparse_specialized_K3_i0190/transformer/d128/n256/seed2/DONE.json
done,external_ring_sparse_specialized_K3_i0190,Transformer,128,3,256,11,1.8945362977683544,16,19,201224,cpu,1.9083320572972295,1.8903213068842888,1.8959997221827507,1.9374134838581083,project://predictive_profile_external_generator32_v1/runs/external_ring_sparse_specialized_K3_i0190/transformer/d128/n256/seed3/DONE.json
done,external_ring_sparse_specialized_K3_i0103,GRU,8,1,256,47,1.7580797336995602,16,48,576,cpu,1.787618488073349,1.7398733124136925,1.7674164474010468,1.7367437481880188,project://predictive_profile_external_generator32_v1/runs/external_ring_sparse_specialized_K3_i0103/gru/d8/n256/seed1/DONE.json
done,external_ring_sparse_specialized_K3_i0103,GRU,8,2,256,45,1.778587732464075,16,48,576,cpu,1.806806243956089,1.7689382880926132,1.704107686877251,1.7586477249860764,project://predictive_profile_external_generator32_v1/runs/external_ring_sparse_specialized_K3_i0103/gru/d8/n256/seed2/DONE.json
done,external_ring_sparse_specialized_K3_i0103,GRU,8,3,256,48,1.752469189465046,16,48,576,cpu,1.7325674891471865,1.7719437330961227,1.7773751690983772,1.729109801352024,project://predictive_profile_external_generator32_v1/runs/external_ring_sparse_specialized_K3_i0103/gru/d8/n256/seed3/DONE.json
done,external_ring_sparse_specialized_K3_i0103,GRU,32,1,256,30,1.7035046592354774,16,38,6888,cpu,1.7600122168660164,1.801747523248196,1.746606208384037,1.7558736875653267,project://predictive_profile_external_generator32_v1/runs/external_ring_sparse_specialized_K3_i0103/gru/d32/n256/seed1/DONE.json
done,external_ring_sparse_specialized_K3_i0103,GRU,32,2,256,38,1.7404686696827412,16,46,6888,cpu,1.7428334802389145,1.726005792617798,1.7305530980229378,1.7289428487420082,project://predictive_profile_external_generator32_v1/runs/external_ring_sparse_specialized_K3_i0103/gru/d32/n256/seed2/DONE.json
done,external_ring_sparse_specialized_K3_i0103,GRU,32,3,256,29,1.7165886163711548,16,37,6888,cpu,1.7748374193906784,1.7599480748176577,1.7907612770795822,1.720074087381363,project://predictive_profile_external_generator32_v1/runs/external_ring_sparse_specialized_K3_i0103/gru/d32/n256/seed3/DONE.json
done,external_ring_sparse_specialized_K3_i0103,GRU,128,1,256,28,1.784462854266167,16,36,101256,cpu,1.7848713472485542,1.7824038416147232,1.7020211145281792,1.7861442044377327,project://predictive_profile_external_generator32_v1/runs/external_ring_sparse_specialized_K3_i0103/gru/d128/n256/seed1/DONE.json
done,external_ring_sparse_specialized_K3_i0103,GRU,128,2,256,13,1.7510228343307972,16,21,101256,cpu,1.7418963313102722,1.750162422657013,1.7332135885953903,1.7707472443580627,project://predictive_profile_external_generator32_v1/runs/external_ring_sparse_specialized_K3_i0103/gru/d128/n256/seed2/DONE.json
done,external_ring_sparse_specialized_K3_i0103,GRU,128,3,256,34,1.7467335648834703,16,42,101256,cpu,1.7665973976254463,1.7381082996726036,1.7233187109231949,1.7505938410758972,project://predictive_profile_external_generator32_v1/runs/external_ring_sparse_specialized_K3_i0103/gru/d128/n256/seed3/DONE.json
done,external_ring_sparse_specialized_K3_i0103,Transformer,8,1,256,42,1.776420459151268,16,48,1064,cpu,1.7614717409014702,1.800531141459942,1.7588546052575111,1.767231285572052,project://predictive_profile_external_generator32_v1/runs/external_ring_sparse_specialized_K3_i0103/transformer/d8/n256/seed1/DONE.json
done,external_ring_sparse_specialized_K3_i0103,Transformer,8,2,256,33,1.7374775633215904,16,41,1064,cpu,1.788246512413025,1.7309701442718506,1.8247386515140531,1.7716528847813606,project://predictive_profile_external_generator32_v1/runs/external_ring_sparse_specialized_K3_i0103/transformer/d8/n256/seed2/DONE.json
done,external_ring_sparse_specialized_K3_i0103,Transformer,8,3,256,43,1.737346887588501,16,48,1064,cpu,1.770128354430199,1.7470383867621422,1.732735611498356,1.7909047827124596,project://predictive_profile_external_generator32_v1/runs/external_ring_sparse_specialized_K3_i0103/transformer/d8/n256/seed3/DONE.json
done,external_ring_sparse_specialized_K3_i0103,Transformer,32,1,256,48,1.6985620111227036,16,48,13448,cpu,1.7840244099497795,1.7087951600551603,1.7051175311207771,1.7049714997410774,project://predictive_profile_external_generator32_v1/runs/external_ring_sparse_specialized_K3_i0103/transformer/d32/n256/seed1/DONE.json
done,external_ring_sparse_specialized_K3_i0103,Transformer,32,2,256,28,1.7334182113409042,16,36,13448,cpu,1.769888661801815,1.7510704472661018,1.822938546538353,1.7905620485544205,project://predictive_profile_external_generator32_v1/runs/external_ring_sparse_specialized_K3_i0103/transformer/d32/n256/seed2/DONE.json
done,external_ring_sparse_specialized_K3_i0103,Transformer,32,3,256,26,1.75554159283638,16,34,13448,cpu,1.783120483160019,1.735378660261631,1.7446656376123428,1.7565864250063896,project://predictive_profile_external_generator32_v1/runs/external_ring_sparse_specialized_K3_i0103/transformer/d32/n256/seed3/DONE.json
done,external_ring_sparse_specialized_K3_i0103,Transformer,128,1,256,19,1.7564017176628113,16,27,201224,cpu,1.807931676506996,1.7230301648378372,1.783935822546482,1.7854444533586502,project://predictive_profile_external_generator32_v1/runs/external_ring_sparse_specialized_K3_i0103/transformer/d128/n256/seed1/DONE.json
done,external_ring_sparse_specialized_K3_i0103,Transformer,128,2,256,6,1.784944538027048,16,14,201224,cpu,1.785359352827072,1.7480962201952934,1.8093646988272667,1.7664569690823555,project://predictive_profile_external_generator32_v1/runs/external_ring_sparse_specialized_K3_i0103/transformer/d128/n256/seed2/DONE.json
done,external_ring_sparse_specialized_K3_i0103,Transformer,128,3,256,20,1.7684824280440807,16,28,201224,cpu,1.717203624546528,1.7912927716970444,1.781533770263195,1.7747790813446045,project://predictive_profile_external_generator32_v1/runs/external_ring_sparse_specialized_K3_i0103/transformer/d128/n256/seed3/DONE.json
done,external_ring_sparse_specialized_K4_i0248,GRU,8,1,256,48,1.9223167225718496,16,48,576,cpu,1.920356199145317,1.958785891532898,1.9343156963586807,1.8927422538399696,project://predictive_profile_external_generator32_v1/runs/external_ring_sparse_specialized_K4_i0248/gru/d8/n256/seed1/DONE.json
done,external_ring_sparse_specialized_K4_i0248,GRU,8,2,256,48,1.9418979175388813,16,48,576,cpu,1.9766157791018488,1.9618257582187653,1.938429683446884,1.9262847676873207,project://predictive_profile_external_generator32_v1/runs/external_ring_sparse_specialized_K4_i0248/gru/d8/n256/seed2/DONE.json
done,external_ring_sparse_specialized_K4_i0248,GRU,8,3,256,48,1.9925912097096443,16,48,576,cpu,1.9682902693748476,1.9467479512095447,1.9705047011375427,1.96465627849102,project://predictive_profile_external_generator32_v1/runs/external_ring_sparse_specialized_K4_i0248/gru/d8/n256/seed3/DONE.json
done,external_ring_sparse_specialized_K4_i0248,GRU,32,1,256,31,1.9212712459266184,16,39,6888,cpu,1.9416250959038732,1.9072545766830444,1.9132079482078552,1.915655702352524,project://predictive_profile_external_generator32_v1/runs/external_ring_sparse_specialized_K4_i0248/gru/d32/n256/seed1/DONE.json
done,external_ring_sparse_specialized_K4_i0248,GRU,32,2,256,25,1.93244643881917,16,33,6888,cpu,1.934945933520794,1.964677944779396,1.9990027323365207,1.9353740066289904,project://predictive_profile_external_generator32_v1/runs/external_ring_sparse_specialized_K4_i0248/gru/d32/n256/seed2/DONE.json
done,external_ring_sparse_specialized_K4_i0248,GRU,32,3,256,20,1.95061119645834,16,28,6888,cpu,1.979410603642464,1.91024100035429,1.9401359260082245,1.9260283410549164,project://predictive_profile_external_generator32_v1/runs/external_ring_sparse_specialized_K4_i0248/gru/d32/n256/seed3/DONE.json
done,external_ring_sparse_specialized_K4_i0248,GRU,128,1,256,17,1.9238353334367275,16,25,101256,cpu,1.916950196027756,1.937867157161236,1.887423150241375,1.9517972618341448,project://predictive_profile_external_generator32_v1/runs/external_ring_sparse_specialized_K4_i0248/gru/d128/n256/seed1/DONE.json
done,external_ring_sparse_specialized_K4_i0248,GRU,128,2,256,11,1.9527853652834888,16,19,101256,cpu,1.9335022494196887,1.9577506557106967,1.9553544893860817,1.947934091091156,project://predictive_profile_external_generator32_v1/runs/external_ring_sparse_specialized_K4_i0248/gru/d128/n256/seed2/DONE.json
done,external_ring_sparse_specialized_K4_i0248,GRU,128,3,256,8,1.9585440270602703,16,16,101256,cpu,1.9502477794885635,1.921487770974636,1.954386182129383,1.971116580069065,project://predictive_profile_external_generator32_v1/runs/external_ring_sparse_specialized_K4_i0248/gru/d128/n256/seed3/DONE.json
done,external_ring_sparse_specialized_K4_i0248,Transformer,8,1,256,48,1.9953760653734207,16,48,1064,cpu,1.987837851047516,2.008989416062832,1.970333494246006,1.9373059421777723,project://predictive_profile_external_generator32_v1/runs/external_ring_sparse_specialized_K4_i0248/transformer/d8/n256/seed1/DONE.json
done,external_ring_sparse_specialized_K4_i0248,Transformer,8,2,256,41,1.9613847583532331,16,48,1064,cpu,1.9710766300559044,1.967327542603016,1.941935084760189,1.981798641383648,project://predictive_profile_external_generator32_v1/runs/external_ring_sparse_specialized_K4_i0248/transformer/d8/n256/seed2/DONE.json
done,external_ring_sparse_specialized_K4_i0248,Transformer,8,3,256,47,1.9602570310235023,16,48,1064,cpu,1.9439146369695663,1.972696155309677,1.9725902304053309,1.908660568296909,project://predictive_profile_external_generator32_v1/runs/external_ring_sparse_specialized_K4_i0248/transformer/d8/n256/seed3/DONE.json
done,external_ring_sparse_specialized_K4_i0248,Transformer,32,1,256,18,1.9346996024250984,16,26,13448,cpu,1.94482896476984,1.9930206388235088,1.9504177570343015,1.9513943791389463,project://predictive_profile_external_generator32_v1/runs/external_ring_sparse_specialized_K4_i0248/transformer/d32/n256/seed1/DONE.json
done,external_ring_sparse_specialized_K4_i0248,Transformer,32,2,256,34,1.9293502271175385,16,42,13448,cpu,1.9080409333109856,1.9641706719994545,1.9560372531414032,1.9316642582416532,project://predictive_profile_external_generator32_v1/runs/external_ring_sparse_specialized_K4_i0248/transformer/d32/n256/seed2/DONE.json
done,external_ring_sparse_specialized_K4_i0248,Transformer,32,3,256,15,1.9573567770421505,16,23,13448,cpu,1.9368508458137512,1.9360664710402489,1.96451348811388,1.9570715799927711,project://predictive_profile_external_generator32_v1/runs/external_ring_sparse_specialized_K4_i0248/transformer/d32/n256/seed3/DONE.json
done,external_ring_sparse_specialized_K4_i0248,Transformer,128,1,256,25,1.9557973258197308,16,33,201224,cpu,1.973634772002697,1.963483415544033,1.9922492951154709,1.916177287697792,project://predictive_profile_external_generator32_v1/runs/external_ring_sparse_specialized_K4_i0248/transformer/d128/n256/seed1/DONE.json
done,external_ring_sparse_specialized_K4_i0248,Transformer,128,2,256,28,1.917004618793726,16,36,201224,cpu,1.948658049106598,1.9735006913542747,1.951320230960846,1.9557197913527489,project://predictive_profile_external_generator32_v1/runs/external_ring_sparse_specialized_K4_i0248/transformer/d128/n256/seed2/DONE.json
done,external_ring_sparse_specialized_K4_i0248,Transformer,128,3,256,11,1.992852073162794,16,19,201224,cpu,1.9264182299375532,1.9625622928142548,1.9718531593680384,1.9591413587331767,project://predictive_profile_external_generator32_v1/runs/external_ring_sparse_specialized_K4_i0248/transformer/d128/n256/seed3/DONE.json
done,external_ring_sparse_specialized_K4_i0048,GRU,8,1,256,48,1.9759251475334167,16,48,576,cpu,1.9497008472681048,1.9426665604114528,1.9720801785588264,1.9423097297549248,project://predictive_profile_external_generator32_v1/runs/external_ring_sparse_specialized_K4_i0048/gru/d8/n256/seed1/DONE.json
done,external_ring_sparse_specialized_K4_i0048,GRU,8,2,256,48,1.9329297579824924,16,48,576,cpu,1.9580672159790995,1.936365783214569,1.951313279569149,1.938432738184929,project://predictive_profile_external_generator32_v1/runs/external_ring_sparse_specialized_K4_i0048/gru/d8/n256/seed2/DONE.json
done,external_ring_sparse_specialized_K4_i0048,GRU,8,3,256,48,1.9312415048480036,16,48,576,cpu,1.956688329577446,1.9211260825395584,1.9428507313132288,1.9538056254386904,project://predictive_profile_external_generator32_v1/runs/external_ring_sparse_specialized_K4_i0048/gru/d8/n256/seed3/DONE.json
done,external_ring_sparse_specialized_K4_i0048,GRU,32,1,256,33,1.900814101099968,16,41,6888,cpu,1.907803364098072,1.8911767676472664,1.9370112866163252,1.91112057864666,project://predictive_profile_external_generator32_v1/runs/external_ring_sparse_specialized_K4_i0048/gru/d32/n256/seed1/DONE.json
done,external_ring_sparse_specialized_K4_i0048,GRU,32,2,256,35,1.8807630352675917,16,43,6888,cpu,1.8936172500252724,1.918989300727844,1.932087741792202,1.8998592123389244,project://predictive_profile_external_generator32_v1/runs/external_ring_sparse_specialized_K4_i0048/gru/d32/n256/seed2/DONE.json
done,external_ring_sparse_specialized_K4_i0048,GRU,32,3,256,25,1.925238709896803,16,33,6888,cpu,1.907117836177349,1.9036037102341647,1.9187595918774605,1.9047074988484385,project://predictive_profile_external_generator32_v1/runs/external_ring_sparse_specialized_K4_i0048/gru/d32/n256/seed3/DONE.json
done,external_ring_sparse_specialized_K4_i0048,GRU,128,1,256,24,1.8738919757306576,16,32,101256,cpu,1.9519159123301504,1.9477718695998192,1.942958667874336,1.9037948697805405,project://predictive_profile_external_generator32_v1/runs/external_ring_sparse_specialized_K4_i0048/gru/d128/n256/seed1/DONE.json
done,external_ring_sparse_specialized_K4_i0048,GRU,128,2,256,10,1.9309935942292211,16,18,101256,cpu,1.9351000860333445,1.8411680608987808,1.8896431550383568,1.897790715098381,project://predictive_profile_external_generator32_v1/runs/external_ring_sparse_specialized_K4_i0048/gru/d128/n256/seed2/DONE.json
done,external_ring_sparse_specialized_K4_i0048,GRU,128,3,256,15,1.9239392094314096,16,23,101256,cpu,1.8976294696331024,1.951618418097496,1.949026130139828,1.9111084267497065,project://predictive_profile_external_generator32_v1/runs/external_ring_sparse_specialized_K4_i0048/gru/d128/n256/seed3/DONE.json
done,external_ring_sparse_specialized_K4_i0048,Transformer,8,1,256,48,1.9595718570053575,16,48,1064,cpu,1.9100123271346088,1.9624454155564308,1.974527858197689,1.978307917714119,project://predictive_profile_external_generator32_v1/runs/external_ring_sparse_specialized_K4_i0048/transformer/d8/n256/seed1/DONE.json
done,external_ring_sparse_specialized_K4_i0048,Transformer,8,2,256,43,1.9473524168133736,16,48,1064,cpu,1.9721025228500368,1.9321797713637352,1.9840818122029305,1.925073191523552,project://predictive_profile_external_generator32_v1/runs/external_ring_sparse_specialized_K4_i0048/transformer/d8/n256/seed2/DONE.json
done,external_ring_sparse_specialized_K4_i0048,Transformer,8,3,256,48,1.9325622096657755,16,48,1064,cpu,1.9505141749978063,1.982913203537464,1.9567790254950523,1.938164383172989,project://predictive_profile_external_generator32_v1/runs/external_ring_sparse_specialized_K4_i0048/transformer/d8/n256/seed3/DONE.json
done,external_ring_sparse_specialized_K4_i0048,Transformer,32,1,256,20,1.927016198635101,16,28,13448,cpu,1.997599378228188,1.9057181179523468,1.9329415634274485,1.9489335268735888,project://predictive_profile_external_generator32_v1/runs/external_ring_sparse_specialized_K4_i0048/transformer/d32/n256/seed1/DONE.json
done,external_ring_sparse_specialized_K4_i0048,Transformer,32,2,256,20,1.9351691789925096,16,28,13448,cpu,1.8957446366548536,1.939347431063652,1.9262951612472532,1.9564979672431944,project://predictive_profile_external_generator32_v1/runs/external_ring_sparse_specialized_K4_i0048/transformer/d32/n256/seed2/DONE.json
done,external_ring_sparse_specialized_K4_i0048,Transformer,32,3,256,29,1.886481199413538,16,37,13448,cpu,1.9385680705308916,1.9119971320033076,1.9518443793058395,1.9110286459326744,project://predictive_profile_external_generator32_v1/runs/external_ring_sparse_specialized_K4_i0048/transformer/d32/n256/seed3/DONE.json
done,external_ring_sparse_specialized_K4_i0048,Transformer,128,1,256,14,1.9429393596947195,16,22,201224,cpu,1.9279655441641808,1.9598157927393915,1.9383252710103989,1.9792572930455208,project://predictive_profile_external_generator32_v1/runs/external_ring_sparse_specialized_K4_i0048/transformer/d128/n256/seed1/DONE.json
done,external_ring_sparse_specialized_K4_i0048,Transformer,128,2,256,7,1.9381872415542605,16,15,201224,cpu,1.958800092339516,2.0357023030519485,1.992616631090641,1.977816067636013,project://predictive_profile_external_generator32_v1/runs/external_ring_sparse_specialized_K4_i0048/transformer/d128/n256/seed2/DONE.json
done,external_ring_sparse_specialized_K4_i0048,Transformer,128,3,256,13,1.959836509078741,16,21,201224,cpu,1.988823600113392,1.934960633516312,1.9542458727955816,1.9642108604311943,project://predictive_profile_external_generator32_v1/runs/external_ring_sparse_specialized_K4_i0048/transformer/d128/n256/seed3/DONE.json
done,external_ring_sparse_specialized_K4_i0053,GRU,8,1,256,48,1.9540141560137272,16,48,576,cpu,1.9210482463240623,1.974812112748623,1.932088263332844,1.984062448143959,project://predictive_profile_external_generator32_v1/runs/external_ring_sparse_specialized_K4_i0053/gru/d8/n256/seed1/DONE.json
done,external_ring_sparse_specialized_K4_i0053,GRU,8,2,256,48,1.9383175112307072,16,48,576,cpu,1.909501001238823,1.910739816725254,1.9547680169343948,1.9254191741347315,project://predictive_profile_external_generator32_v1/runs/external_ring_sparse_specialized_K4_i0053/gru/d8/n256/seed2/DONE.json
done,external_ring_sparse_specialized_K4_i0053,GRU,8,3,256,48,1.9240215308964248,16,48,576,cpu,1.9289026856422424,1.9855310320854187,1.9331612586975095,1.982671156525612,project://predictive_profile_external_generator32_v1/runs/external_ring_sparse_specialized_K4_i0053/gru/d8/n256/seed3/DONE.json
done,external_ring_sparse_specialized_K4_i0053,GRU,32,1,256,25,1.959297001361847,16,33,6888,cpu,1.928884707391262,1.9492240771651268,1.9419225826859476,1.903123140335083,project://predictive_profile_external_generator32_v1/runs/external_ring_sparse_specialized_K4_i0053/gru/d32/n256/seed1/DONE.json
done,external_ring_sparse_specialized_K4_i0053,GRU,32,2,256,21,1.9341831430792809,16,29,6888,cpu,1.9600506275892255,1.9581495895981789,1.9437320306897163,1.9010425359010696,project://predictive_profile_external_generator32_v1/runs/external_ring_sparse_specialized_K4_i0053/gru/d32/n256/seed2/DONE.json
done,external_ring_sparse_specialized_K4_i0053,GRU,32,3,256,27,1.9368019215762613,16,35,6888,cpu,1.9518060460686684,1.9281177818775177,1.9158877432346344,1.9536225572228432,project://predictive_profile_external_generator32_v1/runs/external_ring_sparse_specialized_K4_i0053/gru/d32/n256/seed3/DONE.json
done,external_ring_sparse_specialized_K4_i0053,GRU,128,1,256,12,1.9678118377923963,16,20,101256,cpu,2.0020594745874405,1.954184651374817,1.9176736623048785,1.946046642959118,project://predictive_profile_external_generator32_v1/runs/external_ring_sparse_specialized_K4_i0053/gru/d128/n256/seed1/DONE.json
done,external_ring_sparse_specialized_K4_i0053,GRU,128,2,256,5,1.936092671006918,16,13,101256,cpu,1.9731043204665184,1.9343403205275536,1.9510073512792587,1.9513334780931475,project://predictive_profile_external_generator32_v1/runs/external_ring_sparse_specialized_K4_i0053/gru/d128/n256/seed2/DONE.json
done,external_ring_sparse_specialized_K4_i0053,GRU,128,3,256,25,1.922318320721388,16,33,101256,cpu,1.9432422965765,1.928308576345444,1.9453353062272072,1.925845004618168,project://predictive_profile_external_generator32_v1/runs/external_ring_sparse_specialized_K4_i0053/gru/d128/n256/seed3/DONE.json
done,external_ring_sparse_specialized_K4_i0053,Transformer,8,1,256,45,1.9339708536863327,16,48,1064,cpu,1.9147953912615776,1.920778267085552,1.9420840218663216,1.9068910628557203,project://predictive_profile_external_generator32_v1/runs/external_ring_sparse_specialized_K4_i0053/transformer/d8/n256/seed1/DONE.json
done,external_ring_sparse_specialized_K4_i0053,Transformer,8,2,256,47,1.9578008353710172,16,48,1064,cpu,1.9424781650304797,1.948716841638088,1.9836037456989288,1.9824507236480715,project://predictive_profile_external_generator32_v1/runs/external_ring_sparse_specialized_K4_i0053/transformer/d8/n256/seed2/DONE.json
done,external_ring_sparse_specialized_K4_i0053,Transformer,8,3,256,43,1.9516648314893248,16,48,1064,cpu,1.9639152586460116,1.944002903997898,1.986049398779869,1.953942932188511,project://predictive_profile_external_generator32_v1/runs/external_ring_sparse_specialized_K4_i0053/transformer/d8/n256/seed3/DONE.json
done,external_ring_sparse_specialized_K4_i0053,Transformer,32,1,256,19,1.9240288622677328,16,27,13448,cpu,1.9403877705335617,1.9078306928277016,1.9322167709469795,1.9114300683140757,project://predictive_profile_external_generator32_v1/runs/external_ring_sparse_specialized_K4_i0053/transformer/d32/n256/seed1/DONE.json
done,external_ring_sparse_specialized_K4_i0053,Transformer,32,2,256,13,1.946779415011406,16,21,13448,cpu,1.9638269171118736,1.9337909445166588,1.92628912627697,1.9685698077082636,project://predictive_profile_external_generator32_v1/runs/external_ring_sparse_specialized_K4_i0053/transformer/d32/n256/seed2/DONE.json
done,external_ring_sparse_specialized_K4_i0053,Transformer,32,3,256,19,1.9223408587276936,16,27,13448,cpu,1.9310080334544184,1.8933331966400144,1.9068951830267904,1.9481136575341225,project://predictive_profile_external_generator32_v1/runs/external_ring_sparse_specialized_K4_i0053/transformer/d32/n256/seed3/DONE.json
done,external_ring_sparse_specialized_K4_i0053,Transformer,128,1,256,11,1.977173127233982,16,19,201224,cpu,2.0012303292751312,1.9581986665725708,1.969631098210812,1.9285554885864256,project://predictive_profile_external_generator32_v1/runs/external_ring_sparse_specialized_K4_i0053/transformer/d128/n256/seed1/DONE.json
done,external_ring_sparse_specialized_K4_i0053,Transformer,128,2,256,8,1.960137091577053,16,16,201224,cpu,1.998701214790344,1.957377828657627,1.9329861178994177,1.9227180108428,project://predictive_profile_external_generator32_v1/runs/external_ring_sparse_specialized_K4_i0053/transformer/d128/n256/seed2/DONE.json
done,external_ring_sparse_specialized_K4_i0053,Transformer,128,3,256,27,1.929324310272932,16,35,201224,cpu,1.9701478108763693,1.9229441434144972,1.906706042587757,1.9447175413370128,project://predictive_profile_external_generator32_v1/runs/external_ring_sparse_specialized_K4_i0053/transformer/d128/n256/seed3/DONE.json
done,external_ring_sparse_specialized_K4_i0003,GRU,8,1,256,48,1.7839070074260237,16,48,576,cpu,1.7951990216970444,1.7879996821284294,1.7596202343702316,1.8215190842747688,project://predictive_profile_external_generator32_v1/runs/external_ring_sparse_specialized_K4_i0003/gru/d8/n256/seed1/DONE.json
done,external_ring_sparse_specialized_K4_i0003,GRU,8,2,256,48,1.830395344644785,16,48,576,cpu,1.8337740898132324,1.8411156311631205,1.7893613949418068,1.7824456989765167,project://predictive_profile_external_generator32_v1/runs/external_ring_sparse_specialized_K4_i0003/gru/d8/n256/seed2/DONE.json
done,external_ring_sparse_specialized_K4_i0003,GRU,8,3,256,48,1.7656533643603325,16,48,576,cpu,1.793383166193962,1.7799217402935028,1.8160540610551836,1.8069885671138763,project://predictive_profile_external_generator32_v1/runs/external_ring_sparse_specialized_K4_i0003/gru/d8/n256/seed3/DONE.json
done,external_ring_sparse_specialized_K4_i0003,GRU,32,1,256,14,1.8362796790897848,16,22,6888,cpu,1.8482057973742485,1.8440863862633703,1.8169449642300608,1.7594943791627884,project://predictive_profile_external_generator32_v1/runs/external_ring_sparse_specialized_K4_i0003/gru/d32/n256/seed1/DONE.json
done,external_ring_sparse_specialized_K4_i0003,GRU,32,2,256,48,1.7449716813862324,16,48,6888,cpu,1.7901162877678871,1.7353399768471718,1.688337966799736,1.7495541423559189,project://predictive_profile_external_generator32_v1/runs/external_ring_sparse_specialized_K4_i0003/gru/d32/n256/seed2/DONE.json
done,external_ring_sparse_specialized_K4_i0003,GRU,32,3,256,34,1.73580963909626,16,42,6888,cpu,1.755352184176445,1.7693334817886353,1.7386090755462646,1.814043045043945,project://predictive_profile_external_generator32_v1/runs/external_ring_sparse_specialized_K4_i0003/gru/d32/n256/seed3/DONE.json
done,external_ring_sparse_specialized_K4_i0003,GRU,128,1,256,19,1.799736436456442,16,27,101256,cpu,1.776091493666172,1.764003299176693,1.7160759940743446,1.7158434316515925,project://predictive_profile_external_generator32_v1/runs/external_ring_sparse_specialized_K4_i0003/gru/d128/n256/seed1/DONE.json
done,external_ring_sparse_specialized_K4_i0003,GRU,128,2,256,7,1.7857991456985474,16,15,101256,cpu,1.7572565227746964,1.733967199921608,1.796857200562954,1.883477069437504,project://predictive_profile_external_generator32_v1/runs/external_ring_sparse_specialized_K4_i0003/gru/d128/n256/seed2/DONE.json
done,external_ring_sparse_specialized_K4_i0003,GRU,128,3,256,23,1.8216791935265064,16,31,101256,cpu,1.8285497426986692,1.8214523270726204,1.7375450357794762,1.7397127524018288,project://predictive_profile_external_generator32_v1/runs/external_ring_sparse_specialized_K4_i0003/gru/d128/n256/seed3/DONE.json
done,external_ring_sparse_specialized_K4_i0003,Transformer,8,1,256,48,1.8627432771027088,16,48,1064,cpu,1.830214999616146,1.775161311030388,1.859097354114056,1.817087292671204,project://predictive_profile_external_generator32_v1/runs/external_ring_sparse_specialized_K4_i0003/transformer/d8/n256/seed1/DONE.json
done,external_ring_sparse_specialized_K4_i0003,Transformer,8,2,256,26,1.872564386576414,16,34,1064,cpu,1.8193490505218504,1.8413077741861343,1.8302818909287453,1.856434345245361,project://predictive_profile_external_generator32_v1/runs/external_ring_sparse_specialized_K4_i0003/transformer/d8/n256/seed2/DONE.json
done,external_ring_sparse_specialized_K4_i0003,Transformer,8,3,256,48,1.845538418740034,16,48,1064,cpu,1.797007828950882,1.860051691532135,1.864070490002632,1.830918036401272,project://predictive_profile_external_generator32_v1/runs/external_ring_sparse_specialized_K4_i0003/transformer/d8/n256/seed3/DONE.json
done,external_ring_sparse_specialized_K4_i0003,Transformer,32,1,256,13,1.7643684931099417,16,21,13448,cpu,1.8110371679067607,1.8267663940787315,1.823869176208973,1.783733807504177,project://predictive_profile_external_generator32_v1/runs/external_ring_sparse_specialized_K4_i0003/transformer/d32/n256/seed1/DONE.json
done,external_ring_sparse_specialized_K4_i0003,Transformer,32,2,256,20,1.8301482312381268,16,28,13448,cpu,1.829343043267727,1.8409679606556888,1.7999579906463623,1.8618111684918404,project://predictive_profile_external_generator32_v1/runs/external_ring_sparse_specialized_K4_i0003/transformer/d32/n256/seed2/DONE.json
done,external_ring_sparse_specialized_K4_i0003,Transformer,32,3,256,42,1.8105795197188852,16,48,13448,cpu,1.815044723451137,1.7723943665623665,1.790197491645813,1.824175328016281,project://predictive_profile_external_generator32_v1/runs/external_ring_sparse_specialized_K4_i0003/transformer/d32/n256/seed3/DONE.json
done,external_ring_sparse_specialized_K4_i0003,Transformer,128,1,256,15,1.7640649266541004,16,23,201224,cpu,1.8202010840177536,1.803044319152832,1.8550871387124064,1.7785031124949455,project://predictive_profile_external_generator32_v1/runs/external_ring_sparse_specialized_K4_i0003/transformer/d128/n256/seed1/DONE.json
done,external_ring_sparse_specialized_K4_i0003,Transformer,128,2,256,15,1.8063536509871485,16,23,201224,cpu,1.8267928957939148,1.790297843515873,1.7695588320493698,1.859246335923672,project://predictive_profile_external_generator32_v1/runs/external_ring_sparse_specialized_K4_i0003/transformer/d128/n256/seed2/DONE.json
done,external_ring_sparse_specialized_K4_i0003,Transformer,128,3,256,10,1.8169471099972725,16,18,201224,cpu,1.8206041604280472,1.8720035701990128,1.8357584029436111,1.7483521327376366,project://predictive_profile_external_generator32_v1/runs/external_ring_sparse_specialized_K4_i0003/transformer/d128/n256/seed3/DONE.json
done,external_ring_sparse_specialized_K5_i0201,GRU,8,1,256,48,1.6945719756186008,16,48,576,cpu,1.7443918958306313,1.72480770945549,1.6993989050388336,1.7040644139051435,project://predictive_profile_external_generator32_v1/runs/external_ring_sparse_specialized_K5_i0201/gru/d8/n256/seed1/DONE.json
done,external_ring_sparse_specialized_K5_i0201,GRU,8,2,256,48,1.6480692252516749,16,48,576,cpu,1.7379117831587791,1.6877306178212166,1.725786253809929,1.733487389981747,project://predictive_profile_external_generator32_v1/runs/external_ring_sparse_specialized_K5_i0201/gru/d8/n256/seed2/DONE.json
done,external_ring_sparse_specialized_K5_i0201,GRU,8,3,256,48,1.7223748862743378,16,48,576,cpu,1.7214210778474808,1.6674371287226677,1.7204956114292145,1.7462622225284576,project://predictive_profile_external_generator32_v1/runs/external_ring_sparse_specialized_K5_i0201/gru/d8/n256/seed3/DONE.json
done,external_ring_sparse_specialized_K5_i0201,GRU,32,1,256,22,1.6875303089618685,16,30,6888,cpu,1.7334692552685738,1.673336125910282,1.732028141617775,1.700076088309288,project://predictive_profile_external_generator32_v1/runs/external_ring_sparse_specialized_K5_i0201/gru/d32/n256/seed1/DONE.json
done,external_ring_sparse_specialized_K5_i0201,GRU,32,2,256,42,1.655691310763359,16,48,6888,cpu,1.7159724831581116,1.666460059583187,1.7319869846105576,1.6536433473229408,project://predictive_profile_external_generator32_v1/runs/external_ring_sparse_specialized_K5_i0201/gru/d32/n256/seed2/DONE.json
done,external_ring_sparse_specialized_K5_i0201,GRU,32,3,256,24,1.663519635796547,16,32,6888,cpu,1.7327967807650566,1.7069002464413645,1.6822836697101593,1.725604586303234,project://predictive_profile_external_generator32_v1/runs/external_ring_sparse_specialized_K5_i0201/gru/d32/n256/seed3/DONE.json
done,external_ring_sparse_specialized_K5_i0201,GRU,128,1,256,41,1.6524510346353054,16,48,101256,cpu,1.751714549958706,1.6818745136260986,1.6761272475123403,1.6566925346851349,project://predictive_profile_external_generator32_v1/runs/external_ring_sparse_specialized_K5_i0201/gru/d128/n256/seed1/DONE.json
done,external_ring_sparse_specialized_K5_i0201,GRU,128,2,256,29,1.6502747647464275,16,37,101256,cpu,1.7824235334992409,1.7448296397924423,1.6810527443885803,1.67113396525383,project://predictive_profile_external_generator32_v1/runs/external_ring_sparse_specialized_K5_i0201/gru/d128/n256/seed2/DONE.json
done,external_ring_sparse_specialized_K5_i0201,GRU,128,3,256,19,1.6394000053405762,16,27,101256,cpu,1.7028303146362305,1.75997044891119,1.5976234078407288,1.6840772181749344,project://predictive_profile_external_generator32_v1/runs/external_ring_sparse_specialized_K5_i0201/gru/d128/n256/seed3/DONE.json
done,external_ring_sparse_specialized_K5_i0201,Transformer,8,1,256,48,1.7331704273819923,16,48,1064,cpu,1.7353560850024223,1.7042992562055588,1.6792931407690048,1.725264936685562,project://predictive_profile_external_generator32_v1/runs/external_ring_sparse_specialized_K5_i0201/transformer/d8/n256/seed1/DONE.json
done,external_ring_sparse_specialized_K5_i0201,Transformer,8,2,256,48,1.7055121921002865,16,48,1064,cpu,1.727495402097702,1.7525406703352928,1.7123710811138153,1.689598187804222,project://predictive_profile_external_generator32_v1/runs/external_ring_sparse_specialized_K5_i0201/transformer/d8/n256/seed2/DONE.json
done,external_ring_sparse_specialized_K5_i0201,Transformer,8,3,256,48,1.6981401182711124,16,48,1064,cpu,1.7324945107102394,1.7870237976312635,1.7061473056674004,1.7593352943658829,project://predictive_profile_external_generator32_v1/runs/external_ring_sparse_specialized_K5_i0201/transformer/d8/n256/seed3/DONE.json
done,external_ring_sparse_specialized_K5_i0201,Transformer,32,1,256,39,1.636002529412508,16,47,13448,cpu,1.7347633093595505,1.6840769201517105,1.75290859490633,1.632676102221012,project://predictive_profile_external_generator32_v1/runs/external_ring_sparse_specialized_K5_i0201/transformer/d32/n256/seed1/DONE.json
done,external_ring_sparse_specialized_K5_i0201,Transformer,32,2,256,45,1.6492830328643322,16,48,13448,cpu,1.64995127171278,1.695886567234993,1.673801273107529,1.6850859448313713,project://predictive_profile_external_generator32_v1/runs/external_ring_sparse_specialized_K5_i0201/transformer/d32/n256/seed2/DONE.json
done,external_ring_sparse_specialized_K5_i0201,Transformer,32,3,256,18,1.672441799193621,16,26,13448,cpu,1.8055355697870252,1.7552155405282974,1.6970799192786217,1.7354920282959938,project://predictive_profile_external_generator32_v1/runs/external_ring_sparse_specialized_K5_i0201/transformer/d32/n256/seed3/DONE.json
done,external_ring_sparse_specialized_K5_i0201,Transformer,128,1,256,4,1.6912797391414642,16,12,201224,cpu,1.7403770461678505,1.7527402490377426,1.7773162052035332,1.7897699624300003,project://predictive_profile_external_generator32_v1/runs/external_ring_sparse_specialized_K5_i0201/transformer/d128/n256/seed1/DONE.json
done,external_ring_sparse_specialized_K5_i0201,Transformer,128,2,256,17,1.6831097826361656,16,25,201224,cpu,1.7851838618516922,1.7438184171915054,1.7432517036795616,1.702017918229103,project://predictive_profile_external_generator32_v1/runs/external_ring_sparse_specialized_K5_i0201/transformer/d128/n256/seed2/DONE.json
done,external_ring_sparse_specialized_K5_i0201,Transformer,128,3,256,28,1.684114333242178,16,36,201224,cpu,1.7698251083493233,1.715191870927811,1.6486192792654035,1.7474320903420448,project://predictive_profile_external_generator32_v1/runs/external_ring_sparse_specialized_K5_i0201/transformer/d128/n256/seed3/DONE.json
done,external_ring_sparse_specialized_K5_i0063,GRU,8,1,256,47,1.935939759016037,16,48,576,cpu,1.931081883609295,1.8988620787858963,1.946765013039112,1.8837028071284292,project://predictive_profile_external_generator32_v1/runs/external_ring_sparse_specialized_K5_i0063/gru/d8/n256/seed1/DONE.json
done,external_ring_sparse_specialized_K5_i0063,GRU,8,2,256,48,1.9326495602726936,16,48,576,cpu,1.9470687508583069,1.9172714427113533,1.9470371901988983,1.8933151215314863,project://predictive_profile_external_generator32_v1/runs/external_ring_sparse_specialized_K5_i0063/gru/d8/n256/seed2/DONE.json
done,external_ring_sparse_specialized_K5_i0063,GRU,8,3,256,48,1.9262690134346483,16,48,576,cpu,1.958021566271782,1.918190747499466,1.9025723487138748,1.8952613025903704,project://predictive_profile_external_generator32_v1/runs/external_ring_sparse_specialized_K5_i0063/gru/d8/n256/seed3/DONE.json
done,external_ring_sparse_specialized_K5_i0063,GRU,32,1,256,48,1.8777375258505344,16,48,6888,cpu,1.9330691397190092,1.911364771425724,1.9111341759562488,1.863158829510212,project://predictive_profile_external_generator32_v1/runs/external_ring_sparse_specialized_K5_i0063/gru/d32/n256/seed1/DONE.json
done,external_ring_sparse_specialized_K5_i0063,GRU,32,2,256,46,1.909816186875105,16,48,6888,cpu,1.882573485374451,1.92015877366066,1.932190179824829,1.9166628867387767,project://predictive_profile_external_generator32_v1/runs/external_ring_sparse_specialized_K5_i0063/gru/d32/n256/seed2/DONE.json
done,external_ring_sparse_specialized_K5_i0063,GRU,32,3,256,22,1.9171908125281332,16,30,6888,cpu,1.935410179197788,1.9482535049319267,1.8791781440377235,1.9512476474046707,project://predictive_profile_external_generator32_v1/runs/external_ring_sparse_specialized_K5_i0063/gru/d32/n256/seed3/DONE.json
done,external_ring_sparse_specialized_K5_i0063,GRU,128,1,256,10,1.9129683636128905,16,18,101256,cpu,1.9249998331069944,1.9477050080895424,1.957161709666252,1.9757330492138865,project://predictive_profile_external_generator32_v1/runs/external_ring_sparse_specialized_K5_i0063/gru/d128/n256/seed1/DONE.json
done,external_ring_sparse_specialized_K5_i0063,GRU,128,2,256,11,1.927587807178497,16,19,101256,cpu,1.9311981573700905,1.9061537235975263,1.9778214693069456,1.8892873898148537,project://predictive_profile_external_generator32_v1/runs/external_ring_sparse_specialized_K5_i0063/gru/d128/n256/seed2/DONE.json
done,external_ring_sparse_specialized_K5_i0063,GRU,128,3,256,2,1.9264218732714653,16,12,101256,cpu,1.934448555111885,1.948959730565548,1.942695535719395,1.9090018048882484,project://predictive_profile_external_generator32_v1/runs/external_ring_sparse_specialized_K5_i0063/gru/d128/n256/seed3/DONE.json
done,external_ring_sparse_specialized_K5_i0063,Transformer,8,1,256,47,1.9678668230772016,16,48,1064,cpu,1.9348248988389969,1.9367109686136248,1.96385744959116,1.9250219017267227,project://predictive_profile_external_generator32_v1/runs/external_ring_sparse_specialized_K5_i0063/transformer/d8/n256/seed1/DONE.json
done,external_ring_sparse_specialized_K5_i0063,Transformer,8,2,256,42,1.951697964221239,16,48,1064,cpu,1.912706382572651,1.9199753180146215,1.9329486191272736,1.9329707473516464,project://predictive_profile_external_generator32_v1/runs/external_ring_sparse_specialized_K5_i0063/transformer/d8/n256/seed2/DONE.json
done,external_ring_sparse_specialized_K5_i0063,Transformer,8,3,256,43,1.953803047537804,16,48,1064,cpu,1.9522814080119133,1.9052340313792229,1.948172740638256,1.935468673706055,project://predictive_profile_external_generator32_v1/runs/external_ring_sparse_specialized_K5_i0063/transformer/d8/n256/seed3/DONE.json
done,external_ring_sparse_specialized_K5_i0063,Transformer,32,1,256,31,1.9020075611770155,16,39,13448,cpu,1.9154267311096191,1.9205504804849625,1.9397494494915009,1.9297370314598083,project://predictive_profile_external_generator32_v1/runs/external_ring_sparse_specialized_K5_i0063/transformer/d32/n256/seed1/DONE.json
done,external_ring_sparse_specialized_K5_i0063,Transformer,32,2,256,29,1.907217063009739,16,37,13448,cpu,1.9560925588011744,1.9389014542102812,1.9076443165540693,1.8965594694018364,project://predictive_profile_external_generator32_v1/runs/external_ring_sparse_specialized_K5_i0063/transformer/d32/n256/seed2/DONE.json
done,external_ring_sparse_specialized_K5_i0063,Transformer,32,3,256,18,1.9533773101866243,16,26,13448,cpu,1.888919360935688,1.8947807922959328,1.898066245019436,1.9068152606487276,project://predictive_profile_external_generator32_v1/runs/external_ring_sparse_specialized_K5_i0063/transformer/d32/n256/seed3/DONE.json
done,external_ring_sparse_specialized_K5_i0063,Transformer,128,1,256,25,1.947484664618969,16,33,201224,cpu,1.9904028847813608,1.9317529425024984,1.9166382402181623,1.9641867280006409,project://predictive_profile_external_generator32_v1/runs/external_ring_sparse_specialized_K5_i0063/transformer/d128/n256/seed1/DONE.json
done,external_ring_sparse_specialized_K5_i0063,Transformer,128,2,256,24,1.9071401692926884,16,32,201224,cpu,1.9313957765698435,1.924026899039745,1.939986154437065,1.9083677902817728,project://predictive_profile_external_generator32_v1/runs/external_ring_sparse_specialized_K5_i0063/transformer/d128/n256/seed2/DONE.json
done,external_ring_sparse_specialized_K5_i0063,Transformer,128,3,256,8,1.9485675916075704,16,16,201224,cpu,1.989835076034069,1.9161130487918852,1.9288638830184937,1.993938371539116,project://predictive_profile_external_generator32_v1/runs/external_ring_sparse_specialized_K5_i0063/transformer/d128/n256/seed3/DONE.json
done,external_ring_sparse_specialized_K5_i0011,GRU,8,1,256,48,1.9285200722515583,16,48,576,cpu,1.949349954724312,1.939245879650116,1.9482281729578967,1.921265043318272,project://predictive_profile_external_generator32_v1/runs/external_ring_sparse_specialized_K5_i0011/gru/d8/n256/seed1/DONE.json
done,external_ring_sparse_specialized_K5_i0011,GRU,8,2,256,48,1.9601061381399632,16,48,576,cpu,1.969210535287857,1.9619346037507055,1.958917036652565,1.9771570637822151,project://predictive_profile_external_generator32_v1/runs/external_ring_sparse_specialized_K5_i0011/gru/d8/n256/seed2/DONE.json
done,external_ring_sparse_specialized_K5_i0011,GRU,8,3,256,48,1.932721611112356,16,48,576,cpu,1.9532718434929848,1.9519923850893972,1.9513147994875908,1.9625248908996584,project://predictive_profile_external_generator32_v1/runs/external_ring_sparse_specialized_K5_i0011/gru/d8/n256/seed3/DONE.json
done,external_ring_sparse_specialized_K5_i0011,GRU,32,1,256,44,1.915438026189804,16,48,6888,cpu,1.899819701910019,1.901074044406414,1.923669770359993,1.890649326145649,project://predictive_profile_external_generator32_v1/runs/external_ring_sparse_specialized_K5_i0011/gru/d32/n256/seed1/DONE.json
done,external_ring_sparse_specialized_K5_i0011,GRU,32,2,256,39,1.8818129301071167,16,47,6888,cpu,1.9114166647195816,1.89725761115551,1.897109016776085,1.880599357187748,project://predictive_profile_external_generator32_v1/runs/external_ring_sparse_specialized_K5_i0011/gru/d32/n256/seed2/DONE.json
done,external_ring_sparse_specialized_K5_i0011,GRU,32,3,256,34,1.8704785220324995,16,42,6888,cpu,1.951692305505276,1.8875874057412148,1.9232669696211813,1.8992850556969645,project://predictive_profile_external_generator32_v1/runs/external_ring_sparse_specialized_K5_i0011/gru/d32/n256/seed3/DONE.json
done,external_ring_sparse_specialized_K5_i0011,GRU,128,1,256,27,1.9107629507780075,16,35,101256,cpu,1.9082308262586596,1.914992779493332,1.9184370040893557,1.897773414850235,project://predictive_profile_external_generator32_v1/runs/external_ring_sparse_specialized_K5_i0011/gru/d128/n256/seed1/DONE.json
done,external_ring_sparse_specialized_K5_i0011,GRU,128,2,256,13,1.9321377612650397,16,21,101256,cpu,1.8911960944533348,1.949196271598339,1.9278826713562007,1.8954544737935064,project://predictive_profile_external_generator32_v1/runs/external_ring_sparse_specialized_K5_i0011/gru/d128/n256/seed2/DONE.json
done,external_ring_sparse_specialized_K5_i0011,GRU,128,3,256,6,1.894983179867268,16,14,101256,cpu,1.905541591346264,1.9137399345636368,1.913773775100708,1.908724404871464,project://predictive_profile_external_generator32_v1/runs/external_ring_sparse_specialized_K5_i0011/gru/d128/n256/seed3/DONE.json
done,external_ring_sparse_specialized_K5_i0011,Transformer,8,1,256,47,1.9663208425045011,16,48,1064,cpu,1.989267073571682,1.9914487451314928,1.9607407301664352,1.9968677461147308,project://predictive_profile_external_generator32_v1/runs/external_ring_sparse_specialized_K5_i0011/transformer/d8/n256/seed1/DONE.json
done,external_ring_sparse_specialized_K5_i0011,Transformer,8,2,256,45,1.9269916787743568,16,48,1064,cpu,1.975991077721119,1.905054911971092,1.9464403167366984,1.9229120314121249,project://predictive_profile_external_generator32_v1/runs/external_ring_sparse_specialized_K5_i0011/transformer/d8/n256/seed2/DONE.json
done,external_ring_sparse_specialized_K5_i0011,Transformer,8,3,256,48,1.9648725502192972,16,48,1064,cpu,1.9742047488689425,1.9558100700378416,1.9808387458324432,1.9432103857398035,project://predictive_profile_external_generator32_v1/runs/external_ring_sparse_specialized_K5_i0011/transformer/d8/n256/seed3/DONE.json
done,external_ring_sparse_specialized_K5_i0011,Transformer,32,1,256,27,1.8840503133833408,16,35,13448,cpu,1.9252012446522715,1.931171216070652,1.8934688568115237,1.922656238079071,project://predictive_profile_external_generator32_v1/runs/external_ring_sparse_specialized_K5_i0011/transformer/d32/n256/seed1/DONE.json
done,external_ring_sparse_specialized_K5_i0011,Transformer,32,2,256,31,1.8715386018157003,16,39,13448,cpu,1.9245833531022072,1.8743036165833475,1.9325664937496183,1.924345500767231,project://predictive_profile_external_generator32_v1/runs/external_ring_sparse_specialized_K5_i0011/transformer/d32/n256/seed2/DONE.json
done,external_ring_sparse_specialized_K5_i0011,Transformer,32,3,256,32,1.9280395805835724,16,40,13448,cpu,1.9769656285643575,1.864695742726326,1.927858330309391,1.8941962644457817,project://predictive_profile_external_generator32_v1/runs/external_ring_sparse_specialized_K5_i0011/transformer/d32/n256/seed3/DONE.json
done,external_ring_sparse_specialized_K5_i0011,Transformer,128,1,256,3,1.9500422552227972,16,12,201224,cpu,1.972526617348194,1.943208821117878,1.991089910268784,1.9765803068876264,project://predictive_profile_external_generator32_v1/runs/external_ring_sparse_specialized_K5_i0011/transformer/d128/n256/seed1/DONE.json
done,external_ring_sparse_specialized_K5_i0011,Transformer,128,2,256,15,1.9275859110057356,16,23,201224,cpu,1.8828073889017105,1.9294870868325236,1.9255452752113345,1.962511271238327,project://predictive_profile_external_generator32_v1/runs/external_ring_sparse_specialized_K5_i0011/transformer/d128/n256/seed2/DONE.json
done,external_ring_sparse_specialized_K5_i0011,Transformer,128,3,256,4,1.93361883983016,16,12,201224,cpu,1.9553067237138748,1.976079724729061,1.9926719292998316,1.9541919454932213,project://predictive_profile_external_generator32_v1/runs/external_ring_sparse_specialized_K5_i0011/transformer/d128/n256/seed3/DONE.json
done,external_ring_sparse_specialized_K5_i0153,GRU,8,1,256,48,1.851702868938446,16,48,576,cpu,1.8798341378569603,1.8816770613193512,1.8221547678112984,1.8519203886389728,project://predictive_profile_external_generator32_v1/runs/external_ring_sparse_specialized_K5_i0153/gru/d8/n256/seed1/DONE.json
done,external_ring_sparse_specialized_K5_i0153,GRU,8,2,256,48,1.835738215595484,16,48,576,cpu,1.8297998905181885,1.880811847746372,1.8981069773435597,1.856328308582306,project://predictive_profile_external_generator32_v1/runs/external_ring_sparse_specialized_K5_i0153/gru/d8/n256/seed2/DONE.json
done,external_ring_sparse_specialized_K5_i0153,GRU,8,3,256,48,1.8544307090342045,16,48,576,cpu,1.9111975878477097,1.8837449848651888,1.855540692806244,1.907576106488705,project://predictive_profile_external_generator32_v1/runs/external_ring_sparse_specialized_K5_i0153/gru/d8/n256/seed3/DONE.json
done,external_ring_sparse_specialized_K5_i0153,GRU,32,1,256,15,1.8719301037490368,16,23,6888,cpu,1.860483981668949,1.8347823098301888,1.830231785774231,1.8584096804261208,project://predictive_profile_external_generator32_v1/runs/external_ring_sparse_specialized_K5_i0153/gru/d32/n256/seed1/DONE.json
done,external_ring_sparse_specialized_K5_i0153,GRU,32,2,256,34,1.8388554379343989,16,42,6888,cpu,1.810397557914257,1.82437664270401,1.846518985927105,1.8694413602352145,project://predictive_profile_external_generator32_v1/runs/external_ring_sparse_specialized_K5_i0153/gru/d32/n256/seed2/DONE.json
done,external_ring_sparse_specialized_K5_i0153,GRU,32,3,256,38,1.843297328799963,16,46,6888,cpu,1.9063339829444883,1.8570288196206093,1.8301237970590591,1.8830023854970928,project://predictive_profile_external_generator32_v1/runs/external_ring_sparse_specialized_K5_i0153/gru/d32/n256/seed3/DONE.json
done,external_ring_sparse_specialized_K5_i0153,GRU,128,1,256,10,1.860058929771185,16,18,101256,cpu,1.8578198924660685,1.870611660182476,1.8779753521084783,1.870774745941162,project://predictive_profile_external_generator32_v1/runs/external_ring_sparse_specialized_K5_i0153/gru/d128/n256/seed1/DONE.json
done,external_ring_sparse_specialized_K5_i0153,GRU,128,2,256,21,1.8345204629004,16,29,101256,cpu,1.9185825660824776,1.9287478029727936,1.8607466146349907,1.8734240680933,project://predictive_profile_external_generator32_v1/runs/external_ring_sparse_specialized_K5_i0153/gru/d128/n256/seed2/DONE.json
done,external_ring_sparse_specialized_K5_i0153,GRU,128,3,256,26,1.8419212847948077,16,34,101256,cpu,1.8618052005767824,1.862457364797592,1.8635516837239263,1.8638305589556692,project://predictive_profile_external_generator32_v1/runs/external_ring_sparse_specialized_K5_i0153/gru/d128/n256/seed3/DONE.json
done,external_ring_sparse_specialized_K5_i0153,Transformer,8,1,256,47,1.892062854021788,16,48,1064,cpu,1.896356351673603,1.865011252462864,1.869938895106316,1.859587274491787,project://predictive_profile_external_generator32_v1/runs/external_ring_sparse_specialized_K5_i0153/transformer/d8/n256/seed1/DONE.json
done,external_ring_sparse_specialized_K5_i0153,Transformer,8,2,256,47,1.8625757619738577,16,48,1064,cpu,1.8463129475712776,1.79939466714859,1.8922084346413608,1.876908592879772,project://predictive_profile_external_generator32_v1/runs/external_ring_sparse_specialized_K5_i0153/transformer/d8/n256/seed2/DONE.json
done,external_ring_sparse_specialized_K5_i0153,Transformer,8,3,256,44,1.8568032085895536,16,48,1064,cpu,1.8694157898426056,1.8579473420977592,1.92117340862751,1.9639606773853304,project://predictive_profile_external_generator32_v1/runs/external_ring_sparse_specialized_K5_i0153/transformer/d8/n256/seed3/DONE.json
done,external_ring_sparse_specialized_K5_i0153,Transformer,32,1,256,9,1.847976066172123,16,17,13448,cpu,1.8548956662416456,1.8965089172124865,1.8537718653678892,1.8835541233420368,project://predictive_profile_external_generator32_v1/runs/external_ring_sparse_specialized_K5_i0153/transformer/d32/n256/seed1/DONE.json
done,external_ring_sparse_specialized_K5_i0153,Transformer,32,2,256,24,1.7911222092807293,16,32,13448,cpu,1.8815490826964376,1.8376408219337463,1.8432063609361649,1.829569362103939,project://predictive_profile_external_generator32_v1/runs/external_ring_sparse_specialized_K5_i0153/transformer/d32/n256/seed2/DONE.json
done,external_ring_sparse_specialized_K5_i0153,Transformer,32,3,256,22,1.839594803750515,16,30,13448,cpu,1.8755602166056635,1.861869879066944,1.835349202156067,1.9019618183374405,project://predictive_profile_external_generator32_v1/runs/external_ring_sparse_specialized_K5_i0153/transformer/d32/n256/seed3/DONE.json
done,external_ring_sparse_specialized_K5_i0153,Transformer,128,1,256,19,1.8452037200331688,16,27,201224,cpu,1.930689670145512,1.8930797278881075,1.875369094312191,1.8661749809980392,project://predictive_profile_external_generator32_v1/runs/external_ring_sparse_specialized_K5_i0153/transformer/d128/n256/seed1/DONE.json
done,external_ring_sparse_specialized_K5_i0153,Transformer,128,2,256,29,1.797671664506197,16,37,201224,cpu,1.8482940793037412,1.8719065189361568,1.8481239974498749,1.8381557241082191,project://predictive_profile_external_generator32_v1/runs/external_ring_sparse_specialized_K5_i0153/transformer/d128/n256/seed2/DONE.json
done,external_ring_sparse_specialized_K5_i0153,Transformer,128,3,256,26,1.8564663901925087,16,34,201224,cpu,1.890370227396488,1.8612554520368576,1.8976987972855568,1.8190137967467308,project://predictive_profile_external_generator32_v1/runs/external_ring_sparse_specialized_K5_i0153/transformer/d128/n256/seed3/DONE.json
done,external_ring_sparse_specialized_K6_i0099,GRU,8,1,256,48,1.9036286883056164,16,48,576,cpu,1.9170537516474724,1.8995866775512693,1.9149553775787356,1.907040782272816,project://predictive_profile_external_generator32_v1/runs/external_ring_sparse_specialized_K6_i0099/gru/d8/n256/seed1/DONE.json
done,external_ring_sparse_specialized_K6_i0099,GRU,8,2,256,48,1.8828146941959856,16,48,576,cpu,1.898135744035244,1.891866356134415,1.872471019625664,1.88785133510828,project://predictive_profile_external_generator32_v1/runs/external_ring_sparse_specialized_K6_i0099/gru/d8/n256/seed2/DONE.json
done,external_ring_sparse_specialized_K6_i0099,GRU,8,3,256,48,1.8978896401822567,16,48,576,cpu,1.929544605314732,1.8840741366147995,1.9143939316272736,1.901772186160088,project://predictive_profile_external_generator32_v1/runs/external_ring_sparse_specialized_K6_i0099/gru/d8/n256/seed3/DONE.json
done,external_ring_sparse_specialized_K6_i0099,GRU,32,1,256,23,1.8583243265748024,16,31,6888,cpu,1.8646693751215933,1.961142785847187,1.8773858323693275,1.8973500803112984,project://predictive_profile_external_generator32_v1/runs/external_ring_sparse_specialized_K6_i0099/gru/d32/n256/seed1/DONE.json
done,external_ring_sparse_specialized_K6_i0099,GRU,32,2,256,34,1.8575427904725077,16,42,6888,cpu,1.8913838788867,1.8590588718652723,1.8805311620235443,1.845467768609524,project://predictive_profile_external_generator32_v1/runs/external_ring_sparse_specialized_K6_i0099/gru/d32/n256/seed2/DONE.json
done,external_ring_sparse_specialized_K6_i0099,GRU,32,3,256,31,1.897223085165024,16,39,6888,cpu,1.894498512148857,1.8520568534731865,1.889515720307827,1.9399581253528595,project://predictive_profile_external_generator32_v1/runs/external_ring_sparse_specialized_K6_i0099/gru/d32/n256/seed3/DONE.json
done,external_ring_sparse_specialized_K6_i0099,GRU,128,1,256,32,1.8729893453419209,16,40,101256,cpu,1.922620877623558,1.888610363006592,1.843438006937504,1.9395765140652657,project://predictive_profile_external_generator32_v1/runs/external_ring_sparse_specialized_K6_i0099/gru/d128/n256/seed1/DONE.json
done,external_ring_sparse_specialized_K6_i0099,GRU,128,2,256,4,1.866188857704401,16,12,101256,cpu,1.9003761187195776,1.943174920976162,1.8696431666612623,1.8894591256976128,project://predictive_profile_external_generator32_v1/runs/external_ring_sparse_specialized_K6_i0099/gru/d128/n256/seed2/DONE.json
done,external_ring_sparse_specialized_K6_i0099,GRU,128,3,256,7,1.8701298348605635,16,15,101256,cpu,1.8846333846449848,1.890826798975468,1.9232841655611992,1.875281184911728,project://predictive_profile_external_generator32_v1/runs/external_ring_sparse_specialized_K6_i0099/gru/d128/n256/seed3/DONE.json
done,external_ring_sparse_specialized_K6_i0099,Transformer,8,1,256,48,1.8652796484529968,16,48,1064,cpu,1.8983339741826055,1.940578520298004,1.8891833052039144,1.9092926308512688,project://predictive_profile_external_generator32_v1/runs/external_ring_sparse_specialized_K6_i0099/transformer/d8/n256/seed1/DONE.json
done,external_ring_sparse_specialized_K6_i0099,Transformer,8,2,256,40,1.8960568979382515,16,48,1064,cpu,1.8968684151768684,1.926307633519173,1.9398661777377129,1.9050300568342209,project://predictive_profile_external_generator32_v1/runs/external_ring_sparse_specialized_K6_i0099/transformer/d8/n256/seed2/DONE.json
done,external_ring_sparse_specialized_K6_i0099,Transformer,8,3,256,48,1.905952077358961,16,48,1064,cpu,1.8951406627893448,1.9049348756670952,1.878094702959061,1.953073926270008,project://predictive_profile_external_generator32_v1/runs/external_ring_sparse_specialized_K6_i0099/transformer/d8/n256/seed3/DONE.json
done,external_ring_sparse_specialized_K6_i0099,Transformer,32,1,256,45,1.8767357505857944,16,48,13448,cpu,1.950458899140358,1.8920431956648829,1.845219925045967,1.888428658246994,project://predictive_profile_external_generator32_v1/runs/external_ring_sparse_specialized_K6_i0099/transformer/d32/n256/seed1/DONE.json
done,external_ring_sparse_specialized_K6_i0099,Transformer,32,2,256,27,1.8661187961697576,16,35,13448,cpu,1.859811745584011,1.88209380954504,1.884542964398861,1.862652771174908,project://predictive_profile_external_generator32_v1/runs/external_ring_sparse_specialized_K6_i0099/transformer/d32/n256/seed2/DONE.json
done,external_ring_sparse_specialized_K6_i0099,Transformer,32,3,256,13,1.9157537817955017,16,21,13448,cpu,1.9204465448856356,1.9199218451976776,1.9425209760665891,1.9242450296878812,project://predictive_profile_external_generator32_v1/runs/external_ring_sparse_specialized_K6_i0099/transformer/d32/n256/seed3/DONE.json
done,external_ring_sparse_specialized_K6_i0099,Transformer,128,1,256,15,1.8770971447229383,16,23,201224,cpu,1.939455218613148,1.9670194163918493,1.9595766738057137,1.9509395360946653,project://predictive_profile_external_generator32_v1/runs/external_ring_sparse_specialized_K6_i0099/transformer/d128/n256/seed1/DONE.json
done,external_ring_sparse_specialized_K6_i0099,Transformer,128,2,256,7,1.94175086915493,16,15,201224,cpu,1.977669008076191,1.948721893131733,1.9014799371361728,1.9357882887125013,project://predictive_profile_external_generator32_v1/runs/external_ring_sparse_specialized_K6_i0099/transformer/d128/n256/seed2/DONE.json
done,external_ring_sparse_specialized_K6_i0099,Transformer,128,3,256,6,1.9114091880619528,16,14,201224,cpu,1.9051914811134336,1.94790880382061,1.9721690490841863,1.9494085907936096,project://predictive_profile_external_generator32_v1/runs/external_ring_sparse_specialized_K6_i0099/transformer/d128/n256/seed3/DONE.json
done,external_ring_sparse_specialized_K6_i0034,GRU,8,1,256,48,1.905327659100294,16,48,576,cpu,1.9763175547122955,1.945368513464928,1.902411587536335,1.9222351908683777,project://predictive_profile_external_generator32_v1/runs/external_ring_sparse_specialized_K6_i0034/gru/d8/n256/seed1/DONE.json
done,external_ring_sparse_specialized_K6_i0034,GRU,8,2,256,48,1.9376403987407684,16,48,576,cpu,1.9758519381284716,1.9679936915636065,1.931969217956066,1.9345542713999748,project://predictive_profile_external_generator32_v1/runs/external_ring_sparse_specialized_K6_i0034/gru/d8/n256/seed2/DONE.json
done,external_ring_sparse_specialized_K6_i0034,GRU,8,3,256,48,1.9121100045740604,16,48,576,cpu,1.9525683522224424,1.9601596519351008,1.9212063252925875,1.9433882161974907,project://predictive_profile_external_generator32_v1/runs/external_ring_sparse_specialized_K6_i0034/gru/d8/n256/seed3/DONE.json
done,external_ring_sparse_specialized_K6_i0034,GRU,32,1,256,23,1.9236045889556408,16,31,6888,cpu,1.9297302067279816,1.948297806084156,1.89499855786562,1.9304299503564837,project://predictive_profile_external_generator32_v1/runs/external_ring_sparse_specialized_K6_i0034/gru/d32/n256/seed1/DONE.json
done,external_ring_sparse_specialized_K6_i0034,GRU,32,2,256,30,1.9060033559799197,16,38,6888,cpu,1.94580939412117,1.920606330037117,1.9024914652109144,1.8717130273580551,project://predictive_profile_external_generator32_v1/runs/external_ring_sparse_specialized_K6_i0034/gru/d32/n256/seed2/DONE.json
done,external_ring_sparse_specialized_K6_i0034,GRU,32,3,256,43,1.8794706463813784,16,48,6888,cpu,1.9140150398015976,1.8896881565451624,1.9450745731592176,1.9302987828850744,project://predictive_profile_external_generator32_v1/runs/external_ring_sparse_specialized_K6_i0034/gru/d32/n256/seed3/DONE.json
done,external_ring_sparse_specialized_K6_i0034,GRU,128,1,256,27,1.8992126137018204,16,35,101256,cpu,1.9203792661428447,1.9028166681528087,1.906443975865841,2.002843089401722,project://predictive_profile_external_generator32_v1/runs/external_ring_sparse_specialized_K6_i0034/gru/d128/n256/seed1/DONE.json
done,external_ring_sparse_specialized_K6_i0034,GRU,128,2,256,12,1.91556703671813,16,20,101256,cpu,1.913950517773628,1.867331214249134,1.9446038156747816,1.9654610455036163,project://predictive_profile_external_generator32_v1/runs/external_ring_sparse_specialized_K6_i0034/gru/d128/n256/seed2/DONE.json
done,external_ring_sparse_specialized_K6_i0034,GRU,128,3,256,11,1.9042605981230736,16,19,101256,cpu,1.9107452630996704,1.8958812728524208,1.9312059059739115,1.9365005269646645,project://predictive_profile_external_generator32_v1/runs/external_ring_sparse_specialized_K6_i0034/gru/d128/n256/seed3/DONE.json
done,external_ring_sparse_specialized_K6_i0034,Transformer,8,1,256,48,1.968178313225508,16,48,1064,cpu,1.99641327559948,1.9427779614925385,1.968906007707119,1.9852459877729416,project://predictive_profile_external_generator32_v1/runs/external_ring_sparse_specialized_K6_i0034/transformer/d8/n256/seed1/DONE.json
done,external_ring_sparse_specialized_K6_i0034,Transformer,8,2,256,48,1.9228287860751152,16,48,1064,cpu,1.9371139779686928,1.9356823861598969,1.917815923690796,1.9429453387856483,project://predictive_profile_external_generator32_v1/runs/external_ring_sparse_specialized_K6_i0034/transformer/d8/n256/seed2/DONE.json
done,external_ring_sparse_specialized_K6_i0034,Transformer,8,3,256,48,1.9407147653400896,16,48,1064,cpu,1.9926993623375893,1.9840924441814425,1.9636846855282784,1.9678103923797607,project://predictive_profile_external_generator32_v1/runs/external_ring_sparse_specialized_K6_i0034/transformer/d8/n256/seed3/DONE.json
done,external_ring_sparse_specialized_K6_i0034,Transformer,32,1,256,13,1.9241378270089624,16,21,13448,cpu,1.9374878853559492,1.910471111536026,1.9047960937023165,1.952094115316868,project://predictive_profile_external_generator32_v1/runs/external_ring_sparse_specialized_K6_i0034/transformer/d32/n256/seed1/DONE.json
done,external_ring_sparse_specialized_K6_i0034,Transformer,32,2,256,14,1.9272781759500504,16,22,13448,cpu,1.91490525752306,1.9668390899896624,1.9521031230688093,1.9594775810837743,project://predictive_profile_external_generator32_v1/runs/external_ring_sparse_specialized_K6_i0034/transformer/d32/n256/seed2/DONE.json
done,external_ring_sparse_specialized_K6_i0034,Transformer,32,3,256,31,1.8925959542393684,16,39,13448,cpu,1.9406450018286705,1.9060355573892596,1.922750860452652,1.962879940867424,project://predictive_profile_external_generator32_v1/runs/external_ring_sparse_specialized_K6_i0034/transformer/d32/n256/seed3/DONE.json
done,external_ring_sparse_specialized_K6_i0034,Transformer,128,1,256,20,1.9330817312002184,16,28,201224,cpu,2.0105062276124954,1.9143342301249504,1.9620761349797249,1.960521288216114,project://predictive_profile_external_generator32_v1/runs/external_ring_sparse_specialized_K6_i0034/transformer/d128/n256/seed1/DONE.json
done,external_ring_sparse_specialized_K6_i0034,Transformer,128,2,256,13,1.9210079163312912,16,21,201224,cpu,1.980143181979656,1.9416065961122515,1.9784556403756144,1.956435024738312,project://predictive_profile_external_generator32_v1/runs/external_ring_sparse_specialized_K6_i0034/transformer/d128/n256/seed2/DONE.json
done,external_ring_sparse_specialized_K6_i0034,Transformer,128,3,256,10,1.9481246285140517,16,18,201224,cpu,1.969898104667664,1.9557265117764475,2.012949407100677,1.94159971177578,project://predictive_profile_external_generator32_v1/runs/external_ring_sparse_specialized_K6_i0034/transformer/d128/n256/seed3/DONE.json
done,external_ring_sparse_specialized_K6_i0232,GRU,8,1,256,48,1.971958264708519,16,48,576,cpu,1.9705070406198504,1.9487489089369772,1.9864792376756668,1.9556582123041155,project://predictive_profile_external_generator32_v1/runs/external_ring_sparse_specialized_K6_i0232/gru/d8/n256/seed1/DONE.json
done,external_ring_sparse_specialized_K6_i0232,GRU,8,2,256,48,1.9981307052075865,16,48,576,cpu,1.973273888230324,1.9720076844096184,1.951816886663437,1.9304253980517387,project://predictive_profile_external_generator32_v1/runs/external_ring_sparse_specialized_K6_i0232/gru/d8/n256/seed2/DONE.json
done,external_ring_sparse_specialized_K6_i0232,GRU,8,3,256,45,1.9842694662511349,16,48,576,cpu,1.9757268205285072,1.9868746772408483,1.9493974968791008,1.9669027030467987,project://predictive_profile_external_generator32_v1/runs/external_ring_sparse_specialized_K6_i0232/gru/d8/n256/seed3/DONE.json
done,external_ring_sparse_specialized_K6_i0232,GRU,32,1,256,22,1.9417906813323496,16,30,6888,cpu,1.9606099426746368,1.938782699406147,1.92627527564764,1.9165148213505745,project://predictive_profile_external_generator32_v1/runs/external_ring_sparse_specialized_K6_i0232/gru/d32/n256/seed1/DONE.json
done,external_ring_sparse_specialized_K6_i0232,GRU,32,2,256,25,1.935703564435244,16,33,6888,cpu,1.9715139046311376,1.8909483850002289,1.896495342254639,1.9798431620001795,project://predictive_profile_external_generator32_v1/runs/external_ring_sparse_specialized_K6_i0232/gru/d32/n256/seed2/DONE.json
done,external_ring_sparse_specialized_K6_i0232,GRU,32,3,256,27,1.9436193369328976,16,35,6888,cpu,1.9509693533182144,1.9165126979351044,1.9177874252200129,1.9514508321881292,project://predictive_profile_external_generator32_v1/runs/external_ring_sparse_specialized_K6_i0232/gru/d32/n256/seed3/DONE.json
done,external_ring_sparse_specialized_K6_i0232,GRU,128,1,256,9,1.9762144200503824,16,17,101256,cpu,1.974346548318863,1.928309686481953,2.0070711821317677,1.970095694065094,project://predictive_profile_external_generator32_v1/runs/external_ring_sparse_specialized_K6_i0232/gru/d128/n256/seed1/DONE.json
done,external_ring_sparse_specialized_K6_i0232,GRU,128,2,256,12,1.972598772495985,16,20,101256,cpu,1.9658453613519669,1.9422021210193636,1.964944139122963,1.9702450782060623,project://predictive_profile_external_generator32_v1/runs/external_ring_sparse_specialized_K6_i0232/gru/d128/n256/seed2/DONE.json
done,external_ring_sparse_specialized_K6_i0232,GRU,128,3,256,14,1.9550569951534271,16,22,101256,cpu,1.9391633048653605,1.989818662405014,1.9691221565008163,1.931353509426117,project://predictive_profile_external_generator32_v1/runs/external_ring_sparse_specialized_K6_i0232/gru/d128/n256/seed3/DONE.json
done,external_ring_sparse_specialized_K6_i0232,Transformer,8,1,256,45,1.985993605107069,16,48,1064,cpu,1.9951565340161324,1.969672054052353,1.9563826844096184,1.9798858612775805,project://predictive_profile_external_generator32_v1/runs/external_ring_sparse_specialized_K6_i0232/transformer/d8/n256/seed1/DONE.json
done,external_ring_sparse_specialized_K6_i0232,Transformer,8,2,256,48,1.962125189602375,16,48,1064,cpu,1.9659595787525177,1.9704662337899208,1.9875089302659037,1.963682755827904,project://predictive_profile_external_generator32_v1/runs/external_ring_sparse_specialized_K6_i0232/transformer/d8/n256/seed2/DONE.json
done,external_ring_sparse_specialized_K6_i0232,Transformer,8,3,256,48,1.956922758370638,16,48,1064,cpu,1.9173469319939611,1.958468273282051,1.9931027814745903,1.9975831881165504,project://predictive_profile_external_generator32_v1/runs/external_ring_sparse_specialized_K6_i0232/transformer/d8/n256/seed3/DONE.json
done,external_ring_sparse_specialized_K6_i0232,Transformer,32,1,256,14,1.9469249732792375,16,22,13448,cpu,1.9024395197629929,1.9172213673591612,1.99315295368433,1.9586637765169144,project://predictive_profile_external_generator32_v1/runs/external_ring_sparse_specialized_K6_i0232/transformer/d32/n256/seed1/DONE.json
done,external_ring_sparse_specialized_K6_i0232,Transformer,32,2,256,19,1.9191989749670029,16,27,13448,cpu,1.969719760119915,1.943996638059616,1.9421206712722776,1.969927802681923,project://predictive_profile_external_generator32_v1/runs/external_ring_sparse_specialized_K6_i0232/transformer/d32/n256/seed2/DONE.json
done,external_ring_sparse_specialized_K6_i0232,Transformer,32,3,256,37,1.9511347152292728,16,45,13448,cpu,1.948619209229946,1.9379500970244408,1.9531480222940445,1.9515128284692764,project://predictive_profile_external_generator32_v1/runs/external_ring_sparse_specialized_K6_i0232/transformer/d32/n256/seed3/DONE.json
done,external_ring_sparse_specialized_K6_i0232,Transformer,128,1,256,6,1.9729675948619845,16,14,201224,cpu,1.9690885171294208,1.9897452741861343,1.9767104983329773,1.952997036278248,project://predictive_profile_external_generator32_v1/runs/external_ring_sparse_specialized_K6_i0232/transformer/d128/n256/seed1/DONE.json
done,external_ring_sparse_specialized_K6_i0232,Transformer,128,2,256,10,2.014919064939022,16,18,201224,cpu,1.9778791964054108,1.9961971789598465,1.9987438023090365,1.9712933599948883,project://predictive_profile_external_generator32_v1/runs/external_ring_sparse_specialized_K6_i0232/transformer/d128/n256/seed2/DONE.json
done,external_ring_sparse_specialized_K6_i0232,Transformer,128,3,256,26,1.9901322834193709,16,34,201224,cpu,1.9820868894457817,1.9756035506725311,1.960592769086361,1.9953870326280596,project://predictive_profile_external_generator32_v1/runs/external_ring_sparse_specialized_K6_i0232/transformer/d128/n256/seed3/DONE.json
done,external_ring_sparse_specialized_K6_i0135,GRU,8,1,256,48,1.8483945429325104,16,48,576,cpu,1.9033433943986893,1.814209908246994,1.8313847705721853,1.848360657691956,project://predictive_profile_external_generator32_v1/runs/external_ring_sparse_specialized_K6_i0135/gru/d8/n256/seed1/DONE.json
done,external_ring_sparse_specialized_K6_i0135,GRU,8,2,256,48,1.818566434085369,16,48,576,cpu,1.8138549327850344,1.786997273564339,1.8276317864656448,1.8161816895008087,project://predictive_profile_external_generator32_v1/runs/external_ring_sparse_specialized_K6_i0135/gru/d8/n256/seed2/DONE.json
done,external_ring_sparse_specialized_K6_i0135,GRU,8,3,256,48,1.852881409227848,16,48,576,cpu,1.878935195505619,1.8811694756150248,1.8119894564151764,1.859220191836357,project://predictive_profile_external_generator32_v1/runs/external_ring_sparse_specialized_K6_i0135/gru/d8/n256/seed3/DONE.json
done,external_ring_sparse_specialized_K6_i0135,GRU,32,1,256,39,1.7838187627494335,16,47,6888,cpu,1.819651648402214,1.7574812918901443,1.745863877236843,1.7753205671906471,project://predictive_profile_external_generator32_v1/runs/external_ring_sparse_specialized_K6_i0135/gru/d32/n256/seed1/DONE.json
done,external_ring_sparse_specialized_K6_i0135,GRU,32,2,256,45,1.8010316044092178,16,48,6888,cpu,1.82323107868433,1.7512073293328283,1.8160594031214716,1.795761726796627,project://predictive_profile_external_generator32_v1/runs/external_ring_sparse_specialized_K6_i0135/gru/d32/n256/seed2/DONE.json
done,external_ring_sparse_specialized_K6_i0135,GRU,32,3,256,43,1.7855981700122356,16,48,6888,cpu,1.785284303128719,1.7996149063110352,1.7572548314929008,1.7853331193327904,project://predictive_profile_external_generator32_v1/runs/external_ring_sparse_specialized_K6_i0135/gru/d32/n256/seed3/DONE.json
done,external_ring_sparse_specialized_K6_i0135,GRU,128,1,256,21,1.794104170054197,16,29,101256,cpu,1.80780728161335,1.8508717864751816,1.807555004954338,1.7780796140432358,project://predictive_profile_external_generator32_v1/runs/external_ring_sparse_specialized_K6_i0135/gru/d128/n256/seed1/DONE.json
done,external_ring_sparse_specialized_K6_i0135,GRU,128,2,256,25,1.8054143451154232,16,33,101256,cpu,1.8566224202513693,1.8453813046216965,1.801559939980507,1.7613231539726255,project://predictive_profile_external_generator32_v1/runs/external_ring_sparse_specialized_K6_i0135/gru/d128/n256/seed2/DONE.json
done,external_ring_sparse_specialized_K6_i0135,GRU,128,3,256,13,1.8214167952537537,16,21,101256,cpu,1.8210170716047287,1.817275695502758,1.8194062411785128,1.7618605867028236,project://predictive_profile_external_generator32_v1/runs/external_ring_sparse_specialized_K6_i0135/gru/d128/n256/seed3/DONE.json
done,external_ring_sparse_specialized_K6_i0135,Transformer,8,1,256,48,1.8428183384239676,16,48,1064,cpu,1.8099801167845728,1.8651329800486565,1.8908420205116272,1.8752118051052091,project://predictive_profile_external_generator32_v1/runs/external_ring_sparse_specialized_K6_i0135/transformer/d8/n256/seed1/DONE.json
done,external_ring_sparse_specialized_K6_i0135,Transformer,8,2,256,46,1.9065895602107048,16,48,1064,cpu,1.8727098554372787,1.8511751592159271,1.8551946207880972,1.861809261143208,project://predictive_profile_external_generator32_v1/runs/external_ring_sparse_specialized_K6_i0135/transformer/d8/n256/seed2/DONE.json
done,external_ring_sparse_specialized_K6_i0135,Transformer,8,3,256,45,1.85089610144496,16,48,1064,cpu,1.8128565326333048,1.8237782791256905,1.837064765393734,1.895764760673046,project://predictive_profile_external_generator32_v1/runs/external_ring_sparse_specialized_K6_i0135/transformer/d8/n256/seed3/DONE.json
done,external_ring_sparse_specialized_K6_i0135,Transformer,32,1,256,17,1.812242105603218,16,25,13448,cpu,1.829037554562092,1.8650507628917692,1.8587788715958595,1.830571211874485,project://predictive_profile_external_generator32_v1/runs/external_ring_sparse_specialized_K6_i0135/transformer/d32/n256/seed1/DONE.json
done,external_ring_sparse_specialized_K6_i0135,Transformer,32,2,256,21,1.7819845490157604,16,29,13448,cpu,1.809071123600006,1.876025527715683,1.816694721579552,1.8036273196339607,project://predictive_profile_external_generator32_v1/runs/external_ring_sparse_specialized_K6_i0135/transformer/d32/n256/seed2/DONE.json
done,external_ring_sparse_specialized_K6_i0135,Transformer,32,3,256,24,1.7880186438560486,16,32,13448,cpu,1.8624201491475103,1.8704164624214168,1.7797679528594017,1.8244240283966064,project://predictive_profile_external_generator32_v1/runs/external_ring_sparse_specialized_K6_i0135/transformer/d32/n256/seed3/DONE.json
done,external_ring_sparse_specialized_K6_i0135,Transformer,128,1,256,17,1.7576881125569344,16,25,201224,cpu,1.8501584380865097,1.9172924160957336,1.8783948421478271,1.853544905781746,project://predictive_profile_external_generator32_v1/runs/external_ring_sparse_specialized_K6_i0135/transformer/d128/n256/seed1/DONE.json
done,external_ring_sparse_specialized_K6_i0135,Transformer,128,2,256,4,1.863727930933237,16,12,201224,cpu,1.77053502202034,1.804631277918816,1.857544839382172,1.8512541428208351,project://predictive_profile_external_generator32_v1/runs/external_ring_sparse_specialized_K6_i0135/transformer/d128/n256/seed2/DONE.json
done,external_ring_sparse_specialized_K6_i0135,Transformer,128,3,256,12,1.8315639793872835,16,20,201224,cpu,1.8010172620415688,1.877889223396778,1.835483744740486,1.873011276125908,project://predictive_profile_external_generator32_v1/runs/external_ring_sparse_specialized_K6_i0135/transformer/d128/n256/seed3/DONE.json
done,external_sticky_dense_logistic_normal_K3_i0059,GRU,8,1,256,31,1.9486367926001549,16,39,576,cpu,1.9484549686312675,1.901327520608902,1.9558648467063904,1.9230604618787768,project://predictive_profile_external_generator32_v1/runs/external_sticky_dense_logistic_normal_K3_i0059/gru/d8/n256/seed1/DONE.json
done,external_sticky_dense_logistic_normal_K3_i0059,GRU,8,2,256,39,1.881235517561436,16,47,576,cpu,1.920108437538147,1.9331816509366035,1.9026377499103544,1.9099380746483805,project://predictive_profile_external_generator32_v1/runs/external_sticky_dense_logistic_normal_K3_i0059/gru/d8/n256/seed2/DONE.json
done,external_sticky_dense_logistic_normal_K3_i0059,GRU,8,3,256,45,1.91847912594676,16,48,576,cpu,1.9048935547471049,1.9228230863809583,1.9164156690239904,1.8987592160701752,project://predictive_profile_external_generator32_v1/runs/external_sticky_dense_logistic_normal_K3_i0059/gru/d8/n256/seed3/DONE.json
done,external_sticky_dense_logistic_normal_K3_i0059,GRU,32,1,256,12,1.8911431059241293,16,20,6888,cpu,1.9070056080818176,1.938029907643795,1.9099092409014704,1.9752112179994583,project://predictive_profile_external_generator32_v1/runs/external_sticky_dense_logistic_normal_K3_i0059/gru/d32/n256/seed1/DONE.json
done,external_sticky_dense_logistic_normal_K3_i0059,GRU,32,2,256,27,1.9144630506634712,16,35,6888,cpu,1.9072651341557505,1.9197641611099243,1.8980741053819656,1.8930100202560425,project://predictive_profile_external_generator32_v1/runs/external_sticky_dense_logistic_normal_K3_i0059/gru/d32/n256/seed2/DONE.json
done,external_sticky_dense_logistic_normal_K3_i0059,GRU,32,3,256,9,1.9224122688174248,16,17,6888,cpu,1.9522542357444763,1.9334658682346344,1.923084706068039,1.9151033610105517,project://predictive_profile_external_generator32_v1/runs/external_sticky_dense_logistic_normal_K3_i0059/gru/d32/n256/seed3/DONE.json
done,external_sticky_dense_logistic_normal_K3_i0059,GRU,128,1,256,12,1.936127942055464,16,20,101256,cpu,1.9348558261990547,1.9529573395848276,1.9426108002662656,1.931689701974392,project://predictive_profile_external_generator32_v1/runs/external_sticky_dense_logistic_normal_K3_i0059/gru/d128/n256/seed1/DONE.json
done,external_sticky_dense_logistic_normal_K3_i0059,GRU,128,2,256,15,1.9250266440212729,16,23,101256,cpu,1.9106073081493375,1.872713565826416,1.878640703856945,1.9180405512452128,project://predictive_profile_external_generator32_v1/runs/external_sticky_dense_logistic_normal_K3_i0059/gru/d128/n256/seed2/DONE.json
done,external_sticky_dense_logistic_normal_K3_i0059,GRU,128,3,256,30,1.912284977734089,16,38,101256,cpu,1.8925518840551376,1.908941686153412,1.947082795202732,1.936224915087223,project://predictive_profile_external_generator32_v1/runs/external_sticky_dense_logistic_normal_K3_i0059/gru/d128/n256/seed3/DONE.json
done,external_sticky_dense_logistic_normal_K3_i0059,Transformer,8,1,256,41,1.9607120789587495,16,48,1064,cpu,1.913840800523758,1.8889683037996288,1.892821542918682,1.9095511063933368,project://predictive_profile_external_generator32_v1/runs/external_sticky_dense_logistic_normal_K3_i0059/transformer/d8/n256/seed1/DONE.json
done,external_sticky_dense_logistic_normal_K3_i0059,Transformer,8,2,256,33,1.9063072428107264,16,41,1064,cpu,1.9393626898527143,1.9362967610359192,1.891729772090912,1.954887554049492,project://predictive_profile_external_generator32_v1/runs/external_sticky_dense_logistic_normal_K3_i0059/transformer/d8/n256/seed2/DONE.json
done,external_sticky_dense_logistic_normal_K3_i0059,Transformer,8,3,256,45,1.9098979718983171,16,48,1064,cpu,1.9154074490070343,1.927213586866856,1.8759444952011108,1.8835767433047292,project://predictive_profile_external_generator32_v1/runs/external_sticky_dense_logistic_normal_K3_i0059/transformer/d8/n256/seed3/DONE.json
done,external_sticky_dense_logistic_normal_K3_i0059,Transformer,32,1,256,13,1.920939788222313,16,21,13448,cpu,1.934955395758152,1.934156470000744,1.9449578151106837,1.8973781913518903,project://predictive_profile_external_generator32_v1/runs/external_sticky_dense_logistic_normal_K3_i0059/transformer/d32/n256/seed1/DONE.json
done,external_sticky_dense_logistic_normal_K3_i0059,Transformer,32,2,256,8,1.9194884300231931,16,16,13448,cpu,1.92555233836174,1.9534301683306692,1.9232397601008413,1.9166715443134308,project://predictive_profile_external_generator32_v1/runs/external_sticky_dense_logistic_normal_K3_i0059/transformer/d32/n256/seed2/DONE.json
done,external_sticky_dense_logistic_normal_K3_i0059,Transformer,32,3,256,12,1.9043808542191984,16,20,13448,cpu,1.893896222114563,1.9320751279592516,1.950393572449684,1.893624022603035,project://predictive_profile_external_generator32_v1/runs/external_sticky_dense_logistic_normal_K3_i0059/transformer/d32/n256/seed3/DONE.json
done,external_sticky_dense_logistic_normal_K3_i0059,Transformer,128,1,256,8,1.9768501929938795,16,16,201224,cpu,1.937664702534676,1.9446183815598488,1.9756231606006625,1.963172733783722,project://predictive_profile_external_generator32_v1/runs/external_sticky_dense_logistic_normal_K3_i0059/transformer/d128/n256/seed1/DONE.json
done,external_sticky_dense_logistic_normal_K3_i0059,Transformer,128,2,256,26,1.8947218991816044,16,34,201224,cpu,1.9673629477620125,1.9204916208982468,1.8828711807727812,1.877717413008213,project://predictive_profile_external_generator32_v1/runs/external_sticky_dense_logistic_normal_K3_i0059/transformer/d128/n256/seed2/DONE.json
done,external_sticky_dense_logistic_normal_K3_i0059,Transformer,128,3,256,10,1.9409534521400928,16,18,201224,cpu,1.9321487918496127,1.913075298070908,1.9273716509342196,1.976925551891327,project://predictive_profile_external_generator32_v1/runs/external_sticky_dense_logistic_normal_K3_i0059/transformer/d128/n256/seed3/DONE.json
done,external_sticky_dense_logistic_normal_K3_i0217,GRU,8,1,256,45,1.6899030432105064,16,48,576,cpu,1.741082176566124,1.6780139282345772,1.7153305262327194,1.6560169607400894,project://predictive_profile_external_generator32_v1/runs/external_sticky_dense_logistic_normal_K3_i0217/gru/d8/n256/seed1/DONE.json
done,external_sticky_dense_logistic_normal_K3_i0217,GRU,8,2,256,47,1.66721485927701,16,48,576,cpu,1.704872041940689,1.7638494670391085,1.6486794278025627,1.7200357019901276,project://predictive_profile_external_generator32_v1/runs/external_sticky_dense_logistic_normal_K3_i0217/gru/d8/n256/seed2/DONE.json
done,external_sticky_dense_logistic_normal_K3_i0217,GRU,8,3,256,44,1.7229290939867496,16,48,576,cpu,1.748007409274578,1.752323642373085,1.7199541851878166,1.7211938425898552,project://predictive_profile_external_generator32_v1/runs/external_sticky_dense_logistic_normal_K3_i0217/gru/d8/n256/seed3/DONE.json
done,external_sticky_dense_logistic_normal_K3_i0217,GRU,32,1,256,48,1.6490922160446644,16,48,6888,cpu,1.6969552040100098,1.691981427371502,1.6769837364554403,1.6825856193900108,project://predictive_profile_external_generator32_v1/runs/external_sticky_dense_logistic_normal_K3_i0217/gru/d32/n256/seed1/DONE.json
done,external_sticky_dense_logistic_normal_K3_i0217,GRU,32,2,256,34,1.589580986648798,16,42,6888,cpu,1.644610770046711,1.6653179377317429,1.6873825937509537,1.6931103244423866,project://predictive_profile_external_generator32_v1/runs/external_sticky_dense_logistic_normal_K3_i0217/gru/d32/n256/seed2/DONE.json
done,external_sticky_dense_logistic_normal_K3_i0217,GRU,32,3,256,37,1.6770804785192013,16,45,6888,cpu,1.676915556192398,1.6887691989541054,1.6899307742714882,1.66803827136755,project://predictive_profile_external_generator32_v1/runs/external_sticky_dense_logistic_normal_K3_i0217/gru/d32/n256/seed3/DONE.json
done,external_sticky_dense_logistic_normal_K3_i0217,GRU,128,1,256,8,1.738256972283125,16,16,101256,cpu,1.7281420305371284,1.7196759283542633,1.6904095262289047,1.7219751626253128,project://predictive_profile_external_generator32_v1/runs/external_sticky_dense_logistic_normal_K3_i0217/gru/d128/n256/seed1/DONE.json
done,external_sticky_dense_logistic_normal_K3_i0217,GRU,128,2,256,35,1.682381559163332,16,43,101256,cpu,1.7061889320611954,1.6878367587924004,1.7192506194114685,1.6849306598305702,project://predictive_profile_external_generator32_v1/runs/external_sticky_dense_logistic_normal_K3_i0217/gru/d128/n256/seed2/DONE.json
done,external_sticky_dense_logistic_normal_K3_i0217,GRU,128,3,256,17,1.689133644104004,16,25,101256,cpu,1.747219555079937,1.7138392180204391,1.6809149384498596,1.6756704822182655,project://predictive_profile_external_generator32_v1/runs/external_sticky_dense_logistic_normal_K3_i0217/gru/d128/n256/seed3/DONE.json
done,external_sticky_dense_logistic_normal_K3_i0217,Transformer,8,1,256,46,1.705240834504366,16,48,1064,cpu,1.758603386580944,1.5801705941557884,1.702522486448288,1.7304217219352722,project://predictive_profile_external_generator32_v1/runs/external_sticky_dense_logistic_normal_K3_i0217/transformer/d8/n256/seed1/DONE.json
done,external_sticky_dense_logistic_normal_K3_i0217,Transformer,8,2,256,40,1.6790097765624523,16,48,1064,cpu,1.754521258175373,1.769897162914276,1.722288317978382,1.7626801133155825,project://predictive_profile_external_generator32_v1/runs/external_sticky_dense_logistic_normal_K3_i0217/transformer/d8/n256/seed2/DONE.json
done,external_sticky_dense_logistic_normal_K3_i0217,Transformer,8,3,256,40,1.6738286465406418,16,48,1064,cpu,1.7251203134655952,1.7031678184866903,1.7354203313589096,1.667264088988304,project://predictive_profile_external_generator32_v1/runs/external_sticky_dense_logistic_normal_K3_i0217/transformer/d8/n256/seed3/DONE.json
done,external_sticky_dense_logistic_normal_K3_i0217,Transformer,32,1,256,10,1.6613408140838146,16,18,13448,cpu,1.7165346220135689,1.7507518157362938,1.7611855566501615,1.7821678966283798,project://predictive_profile_external_generator32_v1/runs/external_sticky_dense_logistic_normal_K3_i0217/transformer/d32/n256/seed1/DONE.json
done,external_sticky_dense_logistic_normal_K3_i0217,Transformer,32,2,256,17,1.6400196626782415,16,25,13448,cpu,1.7565352320671082,1.7583869472146034,1.6431975737214088,1.6272837743163109,project://predictive_profile_external_generator32_v1/runs/external_sticky_dense_logistic_normal_K3_i0217/transformer/d32/n256/seed2/DONE.json
done,external_sticky_dense_logistic_normal_K3_i0217,Transformer,32,3,256,12,1.7269604578614235,16,20,13448,cpu,1.6828144118189812,1.731085442006588,1.657006025314331,1.7636129185557363,project://predictive_profile_external_generator32_v1/runs/external_sticky_dense_logistic_normal_K3_i0217/transformer/d32/n256/seed3/DONE.json
done,external_sticky_dense_logistic_normal_K3_i0217,Transformer,128,1,256,29,1.6762576028704643,16,37,201224,cpu,1.7346493154764175,1.686552219092846,1.7503087520599363,1.675402119755745,project://predictive_profile_external_generator32_v1/runs/external_sticky_dense_logistic_normal_K3_i0217/transformer/d128/n256/seed1/DONE.json
done,external_sticky_dense_logistic_normal_K3_i0217,Transformer,128,2,256,23,1.6369831934571266,16,31,201224,cpu,1.723947361111641,1.7096915170550346,1.6980692520737648,1.636994369328022,project://predictive_profile_external_generator32_v1/runs/external_sticky_dense_logistic_normal_K3_i0217/transformer/d128/n256/seed2/DONE.json
done,external_sticky_dense_logistic_normal_K3_i0217,Transformer,128,3,256,9,1.677713304758072,16,17,201224,cpu,1.7463740408420565,1.645432010293007,1.6586345210671425,1.709081508219242,project://predictive_profile_external_generator32_v1/runs/external_sticky_dense_logistic_normal_K3_i0217/transformer/d128/n256/seed3/DONE.json
done,external_sticky_dense_logistic_normal_K3_i0178,GRU,8,1,256,32,1.8976488262414928,16,40,576,cpu,1.9449196010828016,1.8701837807893755,1.9122411608695984,1.9003218188881876,project://predictive_profile_external_generator32_v1/runs/external_sticky_dense_logistic_normal_K3_i0178/gru/d8/n256/seed1/DONE.json
done,external_sticky_dense_logistic_normal_K3_i0178,GRU,8,2,256,43,1.9032508693635464,16,48,576,cpu,1.9262145310640333,1.938663050532341,1.9466885030269625,1.9032105281949043,project://predictive_profile_external_generator32_v1/runs/external_sticky_dense_logistic_normal_K3_i0178/gru/d8/n256/seed2/DONE.json
done,external_sticky_dense_logistic_normal_K3_i0178,GRU,8,3,256,47,1.902585458010435,16,48,576,cpu,1.8902750313282013,1.899876527488232,1.9089639857411385,1.9282671213150024,project://predictive_profile_external_generator32_v1/runs/external_sticky_dense_logistic_normal_K3_i0178/gru/d8/n256/seed3/DONE.json
done,external_sticky_dense_logistic_normal_K3_i0178,GRU,32,1,256,31,1.8914719559252264,16,39,6888,cpu,1.8943769857287407,1.867100223898888,1.9066378027200697,1.8774576038122175,project://predictive_profile_external_generator32_v1/runs/external_sticky_dense_logistic_normal_K3_i0178/gru/d32/n256/seed1/DONE.json
done,external_sticky_dense_logistic_normal_K3_i0178,GRU,32,2,256,6,1.9322677329182625,16,14,6888,cpu,1.9017711654305456,1.915508568286896,1.9246947839856148,1.908931151032448,project://predictive_profile_external_generator32_v1/runs/external_sticky_dense_logistic_normal_K3_i0178/gru/d32/n256/seed2/DONE.json
done,external_sticky_dense_logistic_normal_K3_i0178,GRU,32,3,256,33,1.880412608385086,16,41,6888,cpu,1.9115323796868324,1.8610657826066015,1.9049216210842133,1.9220297411084173,project://predictive_profile_external_generator32_v1/runs/external_sticky_dense_logistic_normal_K3_i0178/gru/d32/n256/seed3/DONE.json
done,external_sticky_dense_logistic_normal_K3_i0178,GRU,128,1,256,14,1.9045425057411196,16,22,101256,cpu,1.9357342720031736,1.902980707585812,1.9572955146431923,1.9069047421216965,project://predictive_profile_external_generator32_v1/runs/external_sticky_dense_logistic_normal_K3_i0178/gru/d128/n256/seed1/DONE.json
done,external_sticky_dense_logistic_normal_K3_i0178,GRU,128,2,256,13,1.9012358747422693,16,21,101256,cpu,1.9053020030260088,1.887599140405655,1.935448467731476,1.9263194873929024,project://predictive_profile_external_generator32_v1/runs/external_sticky_dense_logistic_normal_K3_i0178/gru/d128/n256/seed2/DONE.json
done,external_sticky_dense_logistic_normal_K3_i0178,GRU,128,3,256,9,1.9334667958319187,16,17,101256,cpu,1.9418058693408968,1.9454880058765407,1.934867799282074,1.892445668578148,project://predictive_profile_external_generator32_v1/runs/external_sticky_dense_logistic_normal_K3_i0178/gru/d128/n256/seed3/DONE.json
done,external_sticky_dense_logistic_normal_K3_i0178,Transformer,8,1,256,47,1.9167638085782528,16,48,1064,cpu,1.91256220638752,1.9040375426411629,1.8971291854977608,1.9395896792411804,project://predictive_profile_external_generator32_v1/runs/external_sticky_dense_logistic_normal_K3_i0178/transformer/d8/n256/seed1/DONE.json
done,external_sticky_dense_logistic_normal_K3_i0178,Transformer,8,2,256,48,1.885842435061932,16,48,1064,cpu,1.921982005238533,1.9284678027033808,1.8930340111255648,1.8996276184916496,project://predictive_profile_external_generator32_v1/runs/external_sticky_dense_logistic_normal_K3_i0178/transformer/d8/n256/seed2/DONE.json
done,external_sticky_dense_logistic_normal_K3_i0178,Transformer,8,3,256,44,1.938515167683363,16,48,1064,cpu,1.9495841562747955,1.90611332654953,1.893183037638664,1.9034911766648293,project://predictive_profile_external_generator32_v1/runs/external_sticky_dense_logistic_normal_K3_i0178/transformer/d8/n256/seed3/DONE.json
done,external_sticky_dense_logistic_normal_K3_i0178,Transformer,32,1,256,27,1.9162752702832224,16,35,13448,cpu,1.9448849707841875,1.9424860179424288,1.9214836359024048,1.9242871403694155,project://predictive_profile_external_generator32_v1/runs/external_sticky_dense_logistic_normal_K3_i0178/transformer/d32/n256/seed1/DONE.json
done,external_sticky_dense_logistic_normal_K3_i0178,Transformer,32,2,256,10,1.9405539967119692,16,18,13448,cpu,1.941086195409298,1.957373209297657,1.8769294247031207,1.898858368396759,project://predictive_profile_external_generator32_v1/runs/external_sticky_dense_logistic_normal_K3_i0178/transformer/d32/n256/seed2/DONE.json
done,external_sticky_dense_logistic_normal_K3_i0178,Transformer,32,3,256,30,1.9129799716174605,16,38,13448,cpu,1.9113197103142736,1.883176490664482,1.8753561154007912,1.868545763194561,project://predictive_profile_external_generator32_v1/runs/external_sticky_dense_logistic_normal_K3_i0178/transformer/d32/n256/seed3/DONE.json
done,external_sticky_dense_logistic_normal_K3_i0178,Transformer,128,1,256,10,1.99557339027524,16,18,201224,cpu,1.9489363729953768,1.91769427806139,1.9274131879210472,1.8917085453867912,project://predictive_profile_external_generator32_v1/runs/external_sticky_dense_logistic_normal_K3_i0178/transformer/d128/n256/seed1/DONE.json
done,external_sticky_dense_logistic_normal_K3_i0178,Transformer,128,2,256,10,1.9193696789443493,16,18,201224,cpu,1.887243025004864,1.987970508635044,1.9291372746229167,1.891396813094616,project://predictive_profile_external_generator32_v1/runs/external_sticky_dense_logistic_normal_K3_i0178/transformer/d128/n256/seed2/DONE.json
done,external_sticky_dense_logistic_normal_K3_i0178,Transformer,128,3,256,16,1.9425509795546527,16,24,201224,cpu,1.9359108582139013,1.9087642058730123,1.946473389863968,1.966272883117199,project://predictive_profile_external_generator32_v1/runs/external_sticky_dense_logistic_normal_K3_i0178/transformer/d128/n256/seed3/DONE.json
done,external_sticky_dense_logistic_normal_K3_i0051,GRU,8,1,256,48,1.9609057269990444,16,48,576,cpu,1.9667379558086395,1.9398894011974332,1.9917025715112688,1.9460564255714417,project://predictive_profile_external_generator32_v1/runs/external_sticky_dense_logistic_normal_K3_i0051/gru/d8/n256/seed1/DONE.json
done,external_sticky_dense_logistic_normal_K3_i0051,GRU,8,2,256,48,1.955911699682474,16,48,576,cpu,1.9436557292938232,1.9573813378810885,1.974298156797886,1.9367577657103536,project://predictive_profile_external_generator32_v1/runs/external_sticky_dense_logistic_normal_K3_i0051/gru/d8/n256/seed2/DONE.json
done,external_sticky_dense_logistic_normal_K3_i0051,GRU,8,3,256,41,1.93207249045372,16,48,576,cpu,1.9690608084201813,1.9442478120327,1.940927542746067,1.9299347028136251,project://predictive_profile_external_generator32_v1/runs/external_sticky_dense_logistic_normal_K3_i0051/gru/d8/n256/seed3/DONE.json
done,external_sticky_dense_logistic_normal_K3_i0051,GRU,32,1,256,18,1.938372913748026,16,26,6888,cpu,1.951439328491688,1.9439127892255783,1.9522427767515185,1.9831198379397392,project://predictive_profile_external_generator32_v1/runs/external_sticky_dense_logistic_normal_K3_i0051/gru/d32/n256/seed1/DONE.json
done,external_sticky_dense_logistic_normal_K3_i0051,GRU,32,2,256,34,1.9261265844106676,16,42,6888,cpu,1.9400046840310097,1.9159017503261568,1.947851873934269,1.9178685545921328,project://predictive_profile_external_generator32_v1/runs/external_sticky_dense_logistic_normal_K3_i0051/gru/d32/n256/seed2/DONE.json
done,external_sticky_dense_logistic_normal_K3_i0051,GRU,32,3,256,19,1.9413059651851652,16,27,6888,cpu,1.9908054396510124,1.9329826906323435,1.973492093384266,1.9403424561023712,project://predictive_profile_external_generator32_v1/runs/external_sticky_dense_logistic_normal_K3_i0051/gru/d32/n256/seed3/DONE.json
done,external_sticky_dense_logistic_normal_K3_i0051,GRU,128,1,256,8,1.9398693442344663,16,16,101256,cpu,1.9634058624506,1.982562579214573,1.9454183876514437,1.9973598718643188,project://predictive_profile_external_generator32_v1/runs/external_sticky_dense_logistic_normal_K3_i0051/gru/d128/n256/seed1/DONE.json
done,external_sticky_dense_logistic_normal_K3_i0051,GRU,128,2,256,21,1.94835302606225,16,29,101256,cpu,1.94635908305645,1.9651350900530813,1.9375564381480217,1.9449417740106585,project://predictive_profile_external_generator32_v1/runs/external_sticky_dense_logistic_normal_K3_i0051/gru/d128/n256/seed2/DONE.json
done,external_sticky_dense_logistic_normal_K3_i0051,GRU,128,3,256,18,1.9311456978321075,16,26,101256,cpu,1.96275007724762,1.9206807538867,1.963544800877571,1.9642777517437933,project://predictive_profile_external_generator32_v1/runs/external_sticky_dense_logistic_normal_K3_i0051/gru/d128/n256/seed3/DONE.json
done,external_sticky_dense_logistic_normal_K3_i0051,Transformer,8,1,256,45,1.9839928410947325,16,48,1064,cpu,1.94390931725502,1.9571094885468483,1.9452157467603683,1.9750971347093584,project://predictive_profile_external_generator32_v1/runs/external_sticky_dense_logistic_normal_K3_i0051/transformer/d8/n256/seed1/DONE.json
done,external_sticky_dense_logistic_normal_K3_i0051,Transformer,8,2,256,48,1.944039385765791,16,48,1064,cpu,1.94430298358202,1.958208441734314,1.9367351680994036,1.9987383931875229,project://predictive_profile_external_generator32_v1/runs/external_sticky_dense_logistic_normal_K3_i0051/transformer/d8/n256/seed2/DONE.json
done,external_sticky_dense_logistic_normal_K3_i0051,Transformer,8,3,256,47,1.94644121453166,16,48,1064,cpu,1.9523260816931725,1.955516017973423,1.952471174299717,1.9665208011865616,project://predictive_profile_external_generator32_v1/runs/external_sticky_dense_logistic_normal_K3_i0051/transformer/d8/n256/seed3/DONE.json
done,external_sticky_dense_logistic_normal_K3_i0051,Transformer,32,1,256,8,1.924273706972599,16,16,13448,cpu,1.9662982001900675,1.9761915355920792,1.9614954441785808,1.9699818789958956,project://predictive_profile_external_generator32_v1/runs/external_sticky_dense_logistic_normal_K3_i0051/transformer/d32/n256/seed1/DONE.json
done,external_sticky_dense_logistic_normal_K3_i0051,Transformer,32,2,256,18,1.945717353373766,16,26,13448,cpu,1.954312354326248,1.964968204498291,1.99773583561182,1.95094882696867,project://predictive_profile_external_generator32_v1/runs/external_sticky_dense_logistic_normal_K3_i0051/transformer/d32/n256/seed2/DONE.json
done,external_sticky_dense_logistic_normal_K3_i0051,Transformer,32,3,256,11,1.9560509882867336,16,19,13448,cpu,1.9795885682106016,1.940798357129097,1.9796039089560509,1.966674767434597,project://predictive_profile_external_generator32_v1/runs/external_sticky_dense_logistic_normal_K3_i0051/transformer/d32/n256/seed3/DONE.json
done,external_sticky_dense_logistic_normal_K3_i0051,Transformer,128,1,256,22,1.9387960508465767,16,30,201224,cpu,1.9596036970615387,1.9359620064496996,1.9599619060754776,1.9678026288747787,project://predictive_profile_external_generator32_v1/runs/external_sticky_dense_logistic_normal_K3_i0051/transformer/d128/n256/seed1/DONE.json
done,external_sticky_dense_logistic_normal_K3_i0051,Transformer,128,2,256,4,1.9900459088385103,16,12,201224,cpu,1.9806925877928732,1.9810682982206345,1.9775433391332624,1.999806970357895,project://predictive_profile_external_generator32_v1/runs/external_sticky_dense_logistic_normal_K3_i0051/transformer/d128/n256/seed2/DONE.json
done,external_sticky_dense_logistic_normal_K3_i0051,Transformer,128,3,256,20,1.9668497815728188,16,28,201224,cpu,1.963447600603104,1.9799595028162005,1.9180683568120005,1.979705989360809,project://predictive_profile_external_generator32_v1/runs/external_sticky_dense_logistic_normal_K3_i0051/transformer/d128/n256/seed3/DONE.json
done,external_sticky_dense_logistic_normal_K4_i0108,GRU,8,1,256,45,1.8940152414143083,16,48,576,cpu,1.9213034212589264,1.8853900879621504,1.8992165476083755,1.8805429562926288,project://predictive_profile_external_generator32_v1/runs/external_sticky_dense_logistic_normal_K4_i0108/gru/d8/n256/seed1/DONE.json
done,external_sticky_dense_logistic_normal_K4_i0108,GRU,8,2,256,47,1.914500843733549,16,48,576,cpu,1.9098968133330343,1.9022628590464592,1.858930103480816,1.890023447573185,project://predictive_profile_external_generator32_v1/runs/external_sticky_dense_logistic_normal_K4_i0108/gru/d8/n256/seed2/DONE.json
done,external_sticky_dense_logistic_normal_K4_i0108,GRU,8,3,256,48,1.9189710542559624,16,48,576,cpu,1.9316954836249352,1.8999094441533089,1.8869412541389463,1.8998941406607628,project://predictive_profile_external_generator32_v1/runs/external_sticky_dense_logistic_normal_K4_i0108/gru/d8/n256/seed3/DONE.json
done,external_sticky_dense_logistic_normal_K4_i0108,GRU,32,1,256,47,1.8790677338838575,16,48,6888,cpu,1.9197555929422376,1.8447170108556747,1.8685176819562912,1.861330196261406,project://predictive_profile_external_generator32_v1/runs/external_sticky_dense_logistic_normal_K4_i0108/gru/d32/n256/seed1/DONE.json
done,external_sticky_dense_logistic_normal_K4_i0108,GRU,32,2,256,17,1.906977202743292,16,25,6888,cpu,1.9106728807091715,1.9144661650061607,1.888078436255455,1.9306322783231733,project://predictive_profile_external_generator32_v1/runs/external_sticky_dense_logistic_normal_K4_i0108/gru/d32/n256/seed2/DONE.json
done,external_sticky_dense_logistic_normal_K4_i0108,GRU,32,3,256,11,1.918780341744423,16,19,6888,cpu,1.9481023102998731,1.8889560997486117,1.883654236793518,1.923319689929485,project://predictive_profile_external_generator32_v1/runs/external_sticky_dense_logistic_normal_K4_i0108/gru/d32/n256/seed3/DONE.json
done,external_sticky_dense_logistic_normal_K4_i0108,GRU,128,1,256,36,1.8874128609895704,16,44,101256,cpu,1.8924991339445116,1.8944257348775864,1.8963216990232468,1.8818394541740415,project://predictive_profile_external_generator32_v1/runs/external_sticky_dense_logistic_normal_K4_i0108/gru/d128/n256/seed1/DONE.json
done,external_sticky_dense_logistic_normal_K4_i0108,GRU,128,2,256,13,1.895751953125,16,21,101256,cpu,1.9118015468120573,1.888962022960186,1.9280254691839216,1.910795733332634,project://predictive_profile_external_generator32_v1/runs/external_sticky_dense_logistic_normal_K4_i0108/gru/d128/n256/seed2/DONE.json
done,external_sticky_dense_logistic_normal_K4_i0108,GRU,128,3,256,23,1.897508569061756,16,31,101256,cpu,1.9296380057930944,1.9144045263528824,1.88774099200964,1.9052889570593836,project://predictive_profile_external_generator32_v1/runs/external_sticky_dense_logistic_normal_K4_i0108/gru/d128/n256/seed3/DONE.json
done,external_sticky_dense_logistic_normal_K4_i0108,Transformer,8,1,256,48,1.901319406926632,16,48,1064,cpu,1.9075353890657425,1.9315192624926567,1.924185499548912,1.8603566139936447,project://predictive_profile_external_generator32_v1/runs/external_sticky_dense_logistic_normal_K4_i0108/transformer/d8/n256/seed1/DONE.json
done,external_sticky_dense_logistic_normal_K4_i0108,Transformer,8,2,256,30,1.9249300956726076,16,38,1064,cpu,1.863416247069836,1.8970985859632488,1.9129249975085256,1.8882033452391624,project://predictive_profile_external_generator32_v1/runs/external_sticky_dense_logistic_normal_K4_i0108/transformer/d8/n256/seed2/DONE.json
done,external_sticky_dense_logistic_normal_K4_i0108,Transformer,8,3,256,45,1.896850112825632,16,48,1064,cpu,1.8698889389634128,1.9194350093603132,1.8943951204419136,1.9085809737443924,project://predictive_profile_external_generator32_v1/runs/external_sticky_dense_logistic_normal_K4_i0108/transformer/d8/n256/seed3/DONE.json
done,external_sticky_dense_logistic_normal_K4_i0108,Transformer,32,1,256,14,1.9058549851179123,16,22,13448,cpu,1.9587779119610784,1.911298543214798,1.8630176112055776,1.9031124860048292,project://predictive_profile_external_generator32_v1/runs/external_sticky_dense_logistic_normal_K4_i0108/transformer/d32/n256/seed1/DONE.json
done,external_sticky_dense_logistic_normal_K4_i0108,Transformer,32,2,256,28,1.87066363543272,16,36,13448,cpu,1.8848888650536535,1.883795477449894,1.9270104691386225,1.921635627746582,project://predictive_profile_external_generator32_v1/runs/external_sticky_dense_logistic_normal_K4_i0108/transformer/d32/n256/seed2/DONE.json
done,external_sticky_dense_logistic_normal_K4_i0108,Transformer,32,3,256,23,1.8739200681447985,16,31,13448,cpu,1.91819329559803,1.9252456724643707,1.87245874106884,1.8959988579154012,project://predictive_profile_external_generator32_v1/runs/external_sticky_dense_logistic_normal_K4_i0108/transformer/d32/n256/seed3/DONE.json
done,external_sticky_dense_logistic_normal_K4_i0108,Transformer,128,1,256,37,1.899086866527796,16,45,201224,cpu,1.8995948061347008,1.8811426237225533,1.8884150609374049,1.9382267594337463,project://predictive_profile_external_generator32_v1/runs/external_sticky_dense_logistic_normal_K4_i0108/transformer/d128/n256/seed1/DONE.json
done,external_sticky_dense_logistic_normal_K4_i0108,Transformer,128,2,256,28,1.8524265065789225,16,36,201224,cpu,1.8861451745033264,1.933256670832634,1.9132977426052091,1.8820155635476112,project://predictive_profile_external_generator32_v1/runs/external_sticky_dense_logistic_normal_K4_i0108/transformer/d128/n256/seed2/DONE.json
done,external_sticky_dense_logistic_normal_K4_i0108,Transformer,128,3,256,28,1.9100376181304453,16,36,201224,cpu,1.9255889728665352,1.9088569954037664,1.9196423441171648,1.946068450808525,project://predictive_profile_external_generator32_v1/runs/external_sticky_dense_logistic_normal_K4_i0108/transformer/d128/n256/seed3/DONE.json
done,external_sticky_dense_logistic_normal_K4_i0131,GRU,8,1,256,47,1.885730031877756,16,48,576,cpu,1.8511948063969608,1.832501210272312,1.808092586696148,1.8100796565413475,project://predictive_profile_external_generator32_v1/runs/external_sticky_dense_logistic_normal_K4_i0131/gru/d8/n256/seed1/DONE.json
done,external_sticky_dense_logistic_normal_K4_i0131,GRU,8,2,256,41,1.825857382267713,16,48,576,cpu,1.870264135301113,1.8676282092928889,1.835859477519989,1.8775691762566569,project://predictive_profile_external_generator32_v1/runs/external_sticky_dense_logistic_normal_K4_i0131/gru/d8/n256/seed2/DONE.json
done,external_sticky_dense_logistic_normal_K4_i0131,GRU,8,3,256,48,1.8544454500079155,16,48,576,cpu,1.8745804503560064,1.827324777841568,1.884179413318634,1.852797031402588,project://predictive_profile_external_generator32_v1/runs/external_sticky_dense_logistic_normal_K4_i0131/gru/d8/n256/seed3/DONE.json
done,external_sticky_dense_logistic_normal_K4_i0131,GRU,32,1,256,44,1.809672258794308,16,48,6888,cpu,1.835319384932518,1.7792936190962791,1.8290097415447235,1.815182439982891,project://predictive_profile_external_generator32_v1/runs/external_sticky_dense_logistic_normal_K4_i0131/gru/d32/n256/seed1/DONE.json
done,external_sticky_dense_logistic_normal_K4_i0131,GRU,32,2,256,41,1.8398806527256968,16,48,6888,cpu,1.8210093975067136,1.788857638835907,1.817755363881588,1.816101923584938,project://predictive_profile_external_generator32_v1/runs/external_sticky_dense_logistic_normal_K4_i0131/gru/d32/n256/seed2/DONE.json
done,external_sticky_dense_logistic_normal_K4_i0131,GRU,32,3,256,44,1.8414928540587423,16,48,6888,cpu,1.8666343837976456,1.8268296644091608,1.7633409723639488,1.8067114129662516,project://predictive_profile_external_generator32_v1/runs/external_sticky_dense_logistic_normal_K4_i0131/gru/d32/n256/seed3/DONE.json
done,external_sticky_dense_logistic_normal_K4_i0131,GRU,128,1,256,2,1.840487278997898,16,12,101256,cpu,1.892073355615139,1.8603907600045204,1.8267623856663704,1.7391024231910706,project://predictive_profile_external_generator32_v1/runs/external_sticky_dense_logistic_normal_K4_i0131/gru/d128/n256/seed1/DONE.json
done,external_sticky_dense_logistic_normal_K4_i0131,GRU,128,2,256,28,1.8470935858786104,16,36,101256,cpu,1.8457195162773128,1.8069842383265493,1.7859878540039062,1.785538136959076,project://predictive_profile_external_generator32_v1/runs/external_sticky_dense_logistic_normal_K4_i0131/gru/d128/n256/seed2/DONE.json
done,external_sticky_dense_logistic_normal_K4_i0131,GRU,128,3,256,9,1.8511343449354167,16,17,101256,cpu,1.8663068860769272,1.8865810260176656,1.81086578220129,1.8640497848391533,project://predictive_profile_external_generator32_v1/runs/external_sticky_dense_logistic_normal_K4_i0131/gru/d128/n256/seed3/DONE.json
done,external_sticky_dense_logistic_normal_K4_i0131,Transformer,8,1,256,46,1.8329525403678415,16,48,1064,cpu,1.8334784135222435,1.860114008188248,1.8564152121543884,1.85002713650465,project://predictive_profile_external_generator32_v1/runs/external_sticky_dense_logistic_normal_K4_i0131/transformer/d8/n256/seed1/DONE.json
done,external_sticky_dense_logistic_normal_K4_i0131,Transformer,8,2,256,48,1.8454894982278347,16,48,1064,cpu,1.8343181759119036,1.8491689413785932,1.8483621925115583,1.862111173570156,project://predictive_profile_external_generator32_v1/runs/external_sticky_dense_logistic_normal_K4_i0131/transformer/d8/n256/seed2/DONE.json
done,external_sticky_dense_logistic_normal_K4_i0131,Transformer,8,3,256,47,1.8699004463851447,16,48,1064,cpu,1.8585123345255847,1.7829795256257055,1.8503503501415253,1.869739130139351,project://predictive_profile_external_generator32_v1/runs/external_sticky_dense_logistic_normal_K4_i0131/transformer/d8/n256/seed3/DONE.json
done,external_sticky_dense_logistic_normal_K4_i0131,Transformer,32,1,256,21,1.828655291348696,16,29,13448,cpu,1.856159783899784,1.7891463860869408,1.8742553144693372,1.878045842051506,project://predictive_profile_external_generator32_v1/runs/external_sticky_dense_logistic_normal_K4_i0131/transformer/d32/n256/seed1/DONE.json
done,external_sticky_dense_logistic_normal_K4_i0131,Transformer,32,2,256,22,1.830427583307028,16,30,13448,cpu,1.852247215807438,1.858585849404335,1.8174511417746544,1.8179174810647964,project://predictive_profile_external_generator32_v1/runs/external_sticky_dense_logistic_normal_K4_i0131/transformer/d32/n256/seed2/DONE.json
done,external_sticky_dense_logistic_normal_K4_i0131,Transformer,32,3,256,29,1.7982790991663933,16,37,13448,cpu,1.848778650164604,1.8034610599279404,1.8316791579127312,1.7779117822647097,project://predictive_profile_external_generator32_v1/runs/external_sticky_dense_logistic_normal_K4_i0131/transformer/d32/n256/seed3/DONE.json
done,external_sticky_dense_logistic_normal_K4_i0131,Transformer,128,1,256,9,1.8432773984968664,16,17,201224,cpu,1.8249749913811684,1.8562069460749624,1.8998754993081093,1.8979044258594515,project://predictive_profile_external_generator32_v1/runs/external_sticky_dense_logistic_normal_K4_i0131/transformer/d128/n256/seed1/DONE.json
done,external_sticky_dense_logistic_normal_K4_i0131,Transformer,128,2,256,17,1.8582329787313936,16,25,201224,cpu,1.8328784331679344,1.8178375363349917,1.870863936841488,1.8794994801282885,project://predictive_profile_external_generator32_v1/runs/external_sticky_dense_logistic_normal_K4_i0131/transformer/d128/n256/seed2/DONE.json
done,external_sticky_dense_logistic_normal_K4_i0131,Transformer,128,3,256,4,1.8906662724912169,16,12,201224,cpu,1.9020336717367168,1.8541318848729131,1.8829128444194796,1.881629437208176,project://predictive_profile_external_generator32_v1/runs/external_sticky_dense_logistic_normal_K4_i0131/transformer/d128/n256/seed3/DONE.json
done,external_sticky_dense_logistic_normal_K4_i0038,GRU,8,1,256,48,1.94155577942729,16,48,576,cpu,1.9700353518128395,1.9148367270827291,1.8915089592337608,1.9478274285793304,project://predictive_profile_external_generator32_v1/runs/external_sticky_dense_logistic_normal_K4_i0038/gru/d8/n256/seed1/DONE.json
done,external_sticky_dense_logistic_normal_K4_i0038,GRU,8,2,256,45,1.9705917164683344,16,48,576,cpu,1.917139396071434,1.928817927837372,1.910692609846592,1.8867216631770132,project://predictive_profile_external_generator32_v1/runs/external_sticky_dense_logistic_normal_K4_i0038/gru/d8/n256/seed2/DONE.json
done,external_sticky_dense_logistic_normal_K4_i0038,GRU,8,3,256,36,1.9145713560283184,16,44,576,cpu,1.9389679804444315,1.8860195130109787,1.877349518239498,1.952916920185089,project://predictive_profile_external_generator32_v1/runs/external_sticky_dense_logistic_normal_K4_i0038/gru/d8/n256/seed3/DONE.json
done,external_sticky_dense_logistic_normal_K4_i0038,GRU,32,1,256,17,1.9758093282580376,16,25,6888,cpu,1.9498572498559952,1.9306261613965037,1.9361509531736372,1.9345468580722809,project://predictive_profile_external_generator32_v1/runs/external_sticky_dense_logistic_normal_K4_i0038/gru/d32/n256/seed1/DONE.json
done,external_sticky_dense_logistic_normal_K4_i0038,GRU,32,2,256,31,1.9708951525390148,16,39,6888,cpu,1.9301929771900177,1.934148579835892,1.973036393523216,1.9593020007014277,project://predictive_profile_external_generator32_v1/runs/external_sticky_dense_logistic_normal_K4_i0038/gru/d32/n256/seed2/DONE.json
done,external_sticky_dense_logistic_normal_K4_i0038,GRU,32,3,256,6,1.959136124700308,16,14,6888,cpu,1.964157707989216,1.980512879788876,1.9181716367602348,1.918758064508438,project://predictive_profile_external_generator32_v1/runs/external_sticky_dense_logistic_normal_K4_i0038/gru/d32/n256/seed3/DONE.json
done,external_sticky_dense_logistic_normal_K4_i0038,GRU,128,1,256,35,1.9419893510639668,16,43,101256,cpu,1.9214219525456429,1.9173472821712492,1.9257546737790108,1.967023491859436,project://predictive_profile_external_generator32_v1/runs/external_sticky_dense_logistic_normal_K4_i0038/gru/d128/n256/seed1/DONE.json
done,external_sticky_dense_logistic_normal_K4_i0038,GRU,128,2,256,11,1.9211098849773407,16,19,101256,cpu,1.9348801374435425,1.9566406309604645,1.9673101231455803,1.9689393863081928,project://predictive_profile_external_generator32_v1/runs/external_sticky_dense_logistic_normal_K4_i0038/gru/d128/n256/seed2/DONE.json
done,external_sticky_dense_logistic_normal_K4_i0038,GRU,128,3,256,8,1.9669876582920551,16,16,101256,cpu,1.9469812288880348,1.9361795634031296,1.9697761982679367,1.927018165588379,project://predictive_profile_external_generator32_v1/runs/external_sticky_dense_logistic_normal_K4_i0038/gru/d128/n256/seed3/DONE.json
done,external_sticky_dense_logistic_normal_K4_i0038,Transformer,8,1,256,46,1.9637519866228104,16,48,1064,cpu,1.942471705377102,1.9034397974610329,1.9244530871510503,1.97247264534235,project://predictive_profile_external_generator32_v1/runs/external_sticky_dense_logistic_normal_K4_i0038/transformer/d8/n256/seed1/DONE.json
done,external_sticky_dense_logistic_normal_K4_i0038,Transformer,8,2,256,37,1.9263130761682987,16,45,1064,cpu,1.9921251088380811,1.960777461528778,1.938764289021492,1.9085112512111664,project://predictive_profile_external_generator32_v1/runs/external_sticky_dense_logistic_normal_K4_i0038/transformer/d8/n256/seed2/DONE.json
done,external_sticky_dense_logistic_normal_K4_i0038,Transformer,8,3,256,20,1.922615472227335,16,28,1064,cpu,1.9019669145345688,1.9429194778203964,1.9201664924621584,1.9566850438714027,project://predictive_profile_external_generator32_v1/runs/external_sticky_dense_logistic_normal_K4_i0038/transformer/d8/n256/seed3/DONE.json
done,external_sticky_dense_logistic_normal_K4_i0038,Transformer,32,1,256,10,1.912226140499115,16,18,13448,cpu,1.9542409256100652,1.980953812599182,1.938335008919239,2.0058609545230865,project://predictive_profile_external_generator32_v1/runs/external_sticky_dense_logistic_normal_K4_i0038/transformer/d32/n256/seed1/DONE.json
done,external_sticky_dense_logistic_normal_K4_i0038,Transformer,32,2,256,13,1.9412521310150623,16,21,13448,cpu,1.9240166246891024,1.931436777114868,1.9593091905117035,1.9133951365947723,project://predictive_profile_external_generator32_v1/runs/external_sticky_dense_logistic_normal_K4_i0038/transformer/d32/n256/seed2/DONE.json
done,external_sticky_dense_logistic_normal_K4_i0038,Transformer,32,3,256,17,1.94927117228508,16,25,13448,cpu,1.9723042100667956,1.9172604829072952,1.9577070474624636,1.918159581720829,project://predictive_profile_external_generator32_v1/runs/external_sticky_dense_logistic_normal_K4_i0038/transformer/d32/n256/seed3/DONE.json
done,external_sticky_dense_logistic_normal_K4_i0038,Transformer,128,1,256,34,1.944902703166008,16,42,201224,cpu,1.8975974470376968,1.943714015185833,1.954542487859726,1.9671706780791285,project://predictive_profile_external_generator32_v1/runs/external_sticky_dense_logistic_normal_K4_i0038/transformer/d128/n256/seed1/DONE.json
done,external_sticky_dense_logistic_normal_K4_i0038,Transformer,128,2,256,18,1.923945926129818,16,26,201224,cpu,1.9282933920621872,1.9424684643745425,1.9338771924376488,1.977877289056778,project://predictive_profile_external_generator32_v1/runs/external_sticky_dense_logistic_normal_K4_i0038/transformer/d128/n256/seed2/DONE.json
done,external_sticky_dense_logistic_normal_K4_i0038,Transformer,128,3,256,37,1.9283993169665337,16,45,201224,cpu,1.9056849032640455,1.9771444275975227,1.959371201694012,1.955003336071968,project://predictive_profile_external_generator32_v1/runs/external_sticky_dense_logistic_normal_K4_i0038/transformer/d128/n256/seed3/DONE.json
done,external_sticky_dense_logistic_normal_K4_i0211,GRU,8,1,256,48,1.6100795306265354,16,48,576,cpu,1.608167514204979,1.5788016095757484,1.578047975897789,1.5391157120466232,project://predictive_profile_external_generator32_v1/runs/external_sticky_dense_logistic_normal_K4_i0211/gru/d8/n256/seed1/DONE.json
done,external_sticky_dense_logistic_normal_K4_i0211,GRU,8,2,256,48,1.5655109733343124,16,48,576,cpu,1.6233239620923996,1.590491846203804,1.5832612663507462,1.522574119269848,project://predictive_profile_external_generator32_v1/runs/external_sticky_dense_logistic_normal_K4_i0211/gru/d8/n256/seed2/DONE.json
done,external_sticky_dense_logistic_normal_K4_i0211,GRU,8,3,256,48,1.5822153650224209,16,48,576,cpu,1.63312229514122,1.543495625257492,1.6713844612240791,1.5030849426984787,project://predictive_profile_external_generator32_v1/runs/external_sticky_dense_logistic_normal_K4_i0211/gru/d8/n256/seed3/DONE.json
done,external_sticky_dense_logistic_normal_K4_i0211,GRU,32,1,256,33,1.5308687016367912,16,41,6888,cpu,1.6299768835306168,1.5011464655399325,1.5698046386241913,1.610920213162899,project://predictive_profile_external_generator32_v1/runs/external_sticky_dense_logistic_normal_K4_i0211/gru/d32/n256/seed1/DONE.json
done,external_sticky_dense_logistic_normal_K4_i0211,GRU,32,2,256,39,1.6184484474360945,16,47,6888,cpu,1.5639505609869957,1.6169187799096107,1.5352068468928337,1.5511689111590383,project://predictive_profile_external_generator32_v1/runs/external_sticky_dense_logistic_normal_K4_i0211/gru/d32/n256/seed2/DONE.json
done,external_sticky_dense_logistic_normal_K4_i0211,GRU,32,3,256,42,1.584251131862402,16,48,6888,cpu,1.6556873992085457,1.5823407992720604,1.5419404432177544,1.5283253490924835,project://predictive_profile_external_generator32_v1/runs/external_sticky_dense_logistic_normal_K4_i0211/gru/d32/n256/seed3/DONE.json
done,external_sticky_dense_logistic_normal_K4_i0211,GRU,128,1,256,28,1.552572950720787,16,36,101256,cpu,1.631914310157299,1.5300076752901075,1.5159664824604988,1.6040274500846865,project://predictive_profile_external_generator32_v1/runs/external_sticky_dense_logistic_normal_K4_i0211/gru/d128/n256/seed1/DONE.json
done,external_sticky_dense_logistic_normal_K4_i0211,GRU,128,2,256,7,1.6374137364327908,16,15,101256,cpu,1.6691696718335152,1.605856455862522,1.6350988149642944,1.6418290212750437,project://predictive_profile_external_generator32_v1/runs/external_sticky_dense_logistic_normal_K4_i0211/gru/d128/n256/seed2/DONE.json
done,external_sticky_dense_logistic_normal_K4_i0211,GRU,128,3,256,26,1.5440203659236431,16,34,101256,cpu,1.69632650911808,1.6231518611311913,1.6090166866779327,1.5775634944438934,project://predictive_profile_external_generator32_v1/runs/external_sticky_dense_logistic_normal_K4_i0211/gru/d128/n256/seed3/DONE.json
done,external_sticky_dense_logistic_normal_K4_i0211,Transformer,8,1,256,48,1.6185167245566845,16,48,1064,cpu,1.5454840585589409,1.58559700101614,1.5849515050649643,1.5787839218974111,project://predictive_profile_external_generator32_v1/runs/external_sticky_dense_logistic_normal_K4_i0211/transformer/d8/n256/seed1/DONE.json
done,external_sticky_dense_logistic_normal_K4_i0211,Transformer,8,2,256,48,1.6140272989869118,16,48,1064,cpu,1.628651313483715,1.633435308933258,1.695852555334568,1.6298575550317764,project://predictive_profile_external_generator32_v1/runs/external_sticky_dense_logistic_normal_K4_i0211/transformer/d8/n256/seed2/DONE.json
done,external_sticky_dense_logistic_normal_K4_i0211,Transformer,8,3,256,35,1.643436811864376,16,43,1064,cpu,1.5812087655067444,1.6637197583913803,1.605306640267372,1.5908746421337128,project://predictive_profile_external_generator32_v1/runs/external_sticky_dense_logistic_normal_K4_i0211/transformer/d8/n256/seed3/DONE.json
done,external_sticky_dense_logistic_normal_K4_i0211,Transformer,32,1,256,21,1.5956391021609306,16,29,13448,cpu,1.5962867513298988,1.5748723670840263,1.5669941678643229,1.550415113568306,project://predictive_profile_external_generator32_v1/runs/external_sticky_dense_logistic_normal_K4_i0211/transformer/d32/n256/seed1/DONE.json
done,external_sticky_dense_logistic_normal_K4_i0211,Transformer,32,2,256,25,1.5650563202798369,16,33,13448,cpu,1.6017985343933103,1.549238845705986,1.62738436460495,1.5860010236501694,project://predictive_profile_external_generator32_v1/runs/external_sticky_dense_logistic_normal_K4_i0211/transformer/d32/n256/seed2/DONE.json
done,external_sticky_dense_logistic_normal_K4_i0211,Transformer,32,3,256,25,1.632074423134327,16,33,13448,cpu,1.6533723920583725,1.5511765629053116,1.5368427485227585,1.56203343719244,project://predictive_profile_external_generator32_v1/runs/external_sticky_dense_logistic_normal_K4_i0211/transformer/d32/n256/seed3/DONE.json
done,external_sticky_dense_logistic_normal_K4_i0211,Transformer,128,1,256,15,1.6039377599954605,16,23,201224,cpu,1.6574227511882782,1.5734186619520187,1.6038699373602867,1.5853786915540695,project://predictive_profile_external_generator32_v1/runs/external_sticky_dense_logistic_normal_K4_i0211/transformer/d128/n256/seed1/DONE.json
done,external_sticky_dense_logistic_normal_K4_i0211,Transformer,128,2,256,8,1.6025851890444756,16,16,201224,cpu,1.6095030084252355,1.578795738518238,1.556200534105301,1.531068094074726,project://predictive_profile_external_generator32_v1/runs/external_sticky_dense_logistic_normal_K4_i0211/transformer/d128/n256/seed2/DONE.json
done,external_sticky_dense_logistic_normal_K4_i0211,Transformer,128,3,256,5,1.6248374991118908,16,13,201224,cpu,1.601788952946663,1.561253398656845,1.593116231262684,1.5726924017071724,project://predictive_profile_external_generator32_v1/runs/external_sticky_dense_logistic_normal_K4_i0211/transformer/d128/n256/seed3/DONE.json
done,external_sticky_dense_logistic_normal_K5_i0048,GRU,8,1,256,48,1.9043709337711332,16,48,576,cpu,1.9232894778251648,1.8574523851275444,1.8889131024479864,1.9144197553396225,project://predictive_profile_external_generator32_v1/runs/external_sticky_dense_logistic_normal_K5_i0048/gru/d8/n256/seed1/DONE.json
done,external_sticky_dense_logistic_normal_K5_i0048,GRU,8,2,256,48,1.9162877202034,16,48,576,cpu,1.916784644126892,1.9229375571012497,1.8807695135474205,1.8838063031435013,project://predictive_profile_external_generator32_v1/runs/external_sticky_dense_logistic_normal_K5_i0048/gru/d8/n256/seed2/DONE.json
done,external_sticky_dense_logistic_normal_K5_i0048,GRU,8,3,256,48,1.9256222546100616,16,48,576,cpu,1.953523151576519,1.8990121856331823,1.8760370835661888,1.8726508766412733,project://predictive_profile_external_generator32_v1/runs/external_sticky_dense_logistic_normal_K5_i0048/gru/d8/n256/seed3/DONE.json
done,external_sticky_dense_logistic_normal_K5_i0048,GRU,32,1,256,33,1.886713031679392,16,41,6888,cpu,1.949367739260197,1.873730085790157,1.8517629280686376,1.9024484306573868,project://predictive_profile_external_generator32_v1/runs/external_sticky_dense_logistic_normal_K5_i0048/gru/d32/n256/seed1/DONE.json
done,external_sticky_dense_logistic_normal_K5_i0048,GRU,32,2,256,36,1.882645033299923,16,44,6888,cpu,1.9161950945854187,1.8800533711910248,1.867959760129452,1.858451426029205,project://predictive_profile_external_generator32_v1/runs/external_sticky_dense_logistic_normal_K5_i0048/gru/d32/n256/seed2/DONE.json
done,external_sticky_dense_logistic_normal_K5_i0048,GRU,32,3,256,20,1.883904691785574,16,28,6888,cpu,1.8823894262313845,1.8212241902947424,1.9218106046319008,1.9228726625442505,project://predictive_profile_external_generator32_v1/runs/external_sticky_dense_logistic_normal_K5_i0048/gru/d32/n256/seed3/DONE.json
done,external_sticky_dense_logistic_normal_K5_i0048,GRU,128,1,256,5,1.928189780563116,16,13,101256,cpu,1.945808969438076,1.9353092461824415,1.8699456229805944,1.934691809117794,project://predictive_profile_external_generator32_v1/runs/external_sticky_dense_logistic_normal_K5_i0048/gru/d128/n256/seed1/DONE.json
done,external_sticky_dense_logistic_normal_K5_i0048,GRU,128,2,256,2,1.8959284238517284,16,12,101256,cpu,1.9747734889388084,1.9615021049976349,1.921474002301693,1.8572368398308756,project://predictive_profile_external_generator32_v1/runs/external_sticky_dense_logistic_normal_K5_i0048/gru/d128/n256/seed2/DONE.json
done,external_sticky_dense_logistic_normal_K5_i0048,GRU,128,3,256,23,1.901574246585369,16,31,101256,cpu,1.857776299118996,1.855555847287178,1.896772176027298,1.9301699101924896,project://predictive_profile_external_generator32_v1/runs/external_sticky_dense_logistic_normal_K5_i0048/gru/d128/n256/seed3/DONE.json
done,external_sticky_dense_logistic_normal_K5_i0048,Transformer,8,1,256,32,1.9287414960563185,16,40,1064,cpu,1.9416304975748064,1.9051021113991735,1.9290665313601492,1.922925814986229,project://predictive_profile_external_generator32_v1/runs/external_sticky_dense_logistic_normal_K5_i0048/transformer/d8/n256/seed1/DONE.json
done,external_sticky_dense_logistic_normal_K5_i0048,Transformer,8,2,256,48,1.9126210175454617,16,48,1064,cpu,1.884438060224056,1.931283064186573,1.8846564292907717,1.8944801092147827,project://predictive_profile_external_generator32_v1/runs/external_sticky_dense_logistic_normal_K5_i0048/transformer/d8/n256/seed2/DONE.json
done,external_sticky_dense_logistic_normal_K5_i0048,Transformer,8,3,256,48,1.890859417617321,16,48,1064,cpu,1.9288635328412056,1.9555174633860588,1.9245661199092865,1.90002965182066,project://predictive_profile_external_generator32_v1/runs/external_sticky_dense_logistic_normal_K5_i0048/transformer/d8/n256/seed3/DONE.json
done,external_sticky_dense_logistic_normal_K5_i0048,Transformer,32,1,256,15,1.8969477638602257,16,23,13448,cpu,1.94030287116766,1.8845051974058151,1.9230492487549784,1.95906375348568,project://predictive_profile_external_generator32_v1/runs/external_sticky_dense_logistic_normal_K5_i0048/transformer/d32/n256/seed1/DONE.json
done,external_sticky_dense_logistic_normal_K5_i0048,Transformer,32,2,256,11,1.933204893022776,16,19,13448,cpu,1.918184377253056,1.8970434069633484,1.9134587198495865,1.8874953240156171,project://predictive_profile_external_generator32_v1/runs/external_sticky_dense_logistic_normal_K5_i0048/transformer/d32/n256/seed2/DONE.json
done,external_sticky_dense_logistic_normal_K5_i0048,Transformer,32,3,256,34,1.883028693497181,16,42,13448,cpu,1.893970899283886,1.9081529825925827,1.8840502873063087,1.8934721276164053,project://predictive_profile_external_generator32_v1/runs/external_sticky_dense_logistic_normal_K5_i0048/transformer/d32/n256/seed3/DONE.json
done,external_sticky_dense_logistic_normal_K5_i0048,Transformer,128,1,256,34,1.9089230708777905,16,42,201224,cpu,1.9011397957801817,1.9143764227628708,1.8926600143313408,1.8937269374728205,project://predictive_profile_external_generator32_v1/runs/external_sticky_dense_logistic_normal_K5_i0048/transformer/d128/n256/seed1/DONE.json
done,external_sticky_dense_logistic_normal_K5_i0048,Transformer,128,2,256,10,1.9267111644148829,16,18,201224,cpu,1.9109466522932053,1.8863304257392883,1.965258836746216,1.897551029920578,project://predictive_profile_external_generator32_v1/runs/external_sticky_dense_logistic_normal_K5_i0048/transformer/d128/n256/seed2/DONE.json
done,external_sticky_dense_logistic_normal_K5_i0048,Transformer,128,3,256,9,1.9495885483920572,16,17,201224,cpu,1.9583901390433311,1.9003683999180796,1.874575838446617,1.959500260651112,project://predictive_profile_external_generator32_v1/runs/external_sticky_dense_logistic_normal_K5_i0048/transformer/d128/n256/seed3/DONE.json
done,external_sticky_dense_logistic_normal_K5_i0094,GRU,8,1,256,26,2.016917210072279,16,34,576,cpu,2.019904911518097,2.0019632652401924,2.022370897233486,2.0353392213582997,project://predictive_profile_external_generator32_v1/runs/external_sticky_dense_logistic_normal_K5_i0094/gru/d8/n256/seed1/DONE.json
done,external_sticky_dense_logistic_normal_K5_i0094,GRU,8,2,256,38,2.018040142953396,16,46,576,cpu,2.010057628154754,1.996297262609005,2.002978034317493,1.995077095925808,project://predictive_profile_external_generator32_v1/runs/external_sticky_dense_logistic_normal_K5_i0094/gru/d8/n256/seed2/DONE.json
done,external_sticky_dense_logistic_normal_K5_i0094,GRU,8,3,256,47,2.0246571861207485,16,48,576,cpu,2.013138547539711,2.042422890663147,2.0052786618471146,1.98264642059803,project://predictive_profile_external_generator32_v1/runs/external_sticky_dense_logistic_normal_K5_i0094/gru/d8/n256/seed3/DONE.json
done,external_sticky_dense_logistic_normal_K5_i0094,GRU,32,1,256,5,2.0341691076755524,16,13,6888,cpu,2.0435634553432465,2.037942513823509,2.0239055901765823,2.030025452375412,project://predictive_profile_external_generator32_v1/runs/external_sticky_dense_logistic_normal_K5_i0094/gru/d32/n256/seed1/DONE.json
done,external_sticky_dense_logistic_normal_K5_i0094,GRU,32,2,256,11,2.0156184546649456,16,19,6888,cpu,2.021741643548012,2.031411163508892,2.0448635816574097,2.03264781832695,project://predictive_profile_external_generator32_v1/runs/external_sticky_dense_logistic_normal_K5_i0094/gru/d32/n256/seed2/DONE.json
done,external_sticky_dense_logistic_normal_K5_i0094,GRU,32,3,256,18,1.9802639447152612,16,26,6888,cpu,2.0036260336637497,2.0199292451143265,2.027310721576214,2.033081516623497,project://predictive_profile_external_generator32_v1/runs/external_sticky_dense_logistic_normal_K5_i0094/gru/d32/n256/seed3/DONE.json
done,external_sticky_dense_logistic_normal_K5_i0094,GRU,128,1,256,1,2.013847053050995,16,12,101256,cpu,2.063206605613232,2.023971363902092,2.0305714532732964,2.073620669543743,project://predictive_profile_external_generator32_v1/runs/external_sticky_dense_logistic_normal_K5_i0094/gru/d128/n256/seed1/DONE.json
done,external_sticky_dense_logistic_normal_K5_i0094,GRU,128,2,256,23,2.006859675049782,16,31,101256,cpu,2.028457999229431,2.03625026345253,2.0314620211720467,2.0110574513673782,project://predictive_profile_external_generator32_v1/runs/external_sticky_dense_logistic_normal_K5_i0094/gru/d128/n256/seed2/DONE.json
done,external_sticky_dense_logistic_normal_K5_i0094,GRU,128,3,256,21,1.995760377496481,16,29,101256,cpu,1.9918622970581052,2.013427272439003,2.022122703492641,2.025341607630253,project://predictive_profile_external_generator32_v1/runs/external_sticky_dense_logistic_normal_K5_i0094/gru/d128/n256/seed3/DONE.json
done,external_sticky_dense_logistic_normal_K5_i0094,Transformer,8,1,256,40,2.023442566394806,16,48,1064,cpu,2.0296837389469147,2.022491991519928,2.019117377698421,2.019554801285267,project://predictive_profile_external_generator32_v1/runs/external_sticky_dense_logistic_normal_K5_i0094/transformer/d8/n256/seed1/DONE.json
done,external_sticky_dense_logistic_normal_K5_i0094,Transformer,8,2,256,48,2.0124850645661354,16,48,1064,cpu,2.027344949543476,1.9987554401159289,2.0143006965518,2.047792546451092,project://predictive_profile_external_generator32_v1/runs/external_sticky_dense_logistic_normal_K5_i0094/transformer/d8/n256/seed2/DONE.json
done,external_sticky_dense_logistic_normal_K5_i0094,Transformer,8,3,256,24,2.0309850946068764,16,32,1064,cpu,2.048651747405529,2.0287561267614365,2.034055322408676,2.04873850941658,project://predictive_profile_external_generator32_v1/runs/external_sticky_dense_logistic_normal_K5_i0094/transformer/d8/n256/seed3/DONE.json
done,external_sticky_dense_logistic_normal_K5_i0094,Transformer,32,1,256,17,2.019517466425896,16,25,13448,cpu,2.0605006515979767,2.004772871732712,2.019588284194469,2.0053948163986206,project://predictive_profile_external_generator32_v1/runs/external_sticky_dense_logistic_normal_K5_i0094/transformer/d32/n256/seed1/DONE.json
done,external_sticky_dense_logistic_normal_K5_i0094,Transformer,32,2,256,21,2.021972592920065,16,29,13448,cpu,2.001779325306416,2.0232763662934303,1.9918882176280024,1.9928927198052409,project://predictive_profile_external_generator32_v1/runs/external_sticky_dense_logistic_normal_K5_i0094/transformer/d32/n256/seed2/DONE.json
done,external_sticky_dense_logistic_normal_K5_i0094,Transformer,32,3,256,9,2.029585786163807,16,17,13448,cpu,2.026738665997982,2.031680531799793,2.031597323715687,2.0489260852336884,project://predictive_profile_external_generator32_v1/runs/external_sticky_dense_logistic_normal_K5_i0094/transformer/d32/n256/seed3/DONE.json
done,external_sticky_dense_logistic_normal_K5_i0094,Transformer,128,1,256,9,2.0078801847994328,16,17,201224,cpu,2.05763927847147,2.0361016616225243,2.0706135407090187,2.009859263896942,project://predictive_profile_external_generator32_v1/runs/external_sticky_dense_logistic_normal_K5_i0094/transformer/d128/n256/seed1/DONE.json
done,external_sticky_dense_logistic_normal_K5_i0094,Transformer,128,2,256,5,2.014827858656645,16,13,201224,cpu,2.04857861995697,2.095344245433808,2.0981482416391373,2.027977578341961,project://predictive_profile_external_generator32_v1/runs/external_sticky_dense_logistic_normal_K5_i0094/transformer/d128/n256/seed2/DONE.json
done,external_sticky_dense_logistic_normal_K5_i0094,Transformer,128,3,256,20,2.0631743669509888,16,28,201224,cpu,2.051396690309048,2.051557056605816,2.018396243453026,2.059377856552601,project://predictive_profile_external_generator32_v1/runs/external_sticky_dense_logistic_normal_K5_i0094/transformer/d128/n256/seed3/DONE.json
done,external_sticky_dense_logistic_normal_K5_i0236,GRU,8,1,256,39,1.994177144020796,16,47,576,cpu,1.9775832295417783,2.009165599942208,1.9772698655724523,1.979933500289917,project://predictive_profile_external_generator32_v1/runs/external_sticky_dense_logistic_normal_K5_i0236/gru/d8/n256/seed1/DONE.json
done,external_sticky_dense_logistic_normal_K5_i0236,GRU,8,2,256,47,1.9423916451632977,16,48,576,cpu,1.9805081486701963,1.975549086928368,1.941655158996582,1.9625826627016068,project://predictive_profile_external_generator32_v1/runs/external_sticky_dense_logistic_normal_K5_i0236/gru/d8/n256/seed2/DONE.json
done,external_sticky_dense_logistic_normal_K5_i0236,GRU,8,3,256,32,1.9966827481985088,16,40,576,cpu,1.9836263433098795,1.9781618565320969,1.947535052895546,1.983294442296028,project://predictive_profile_external_generator32_v1/runs/external_sticky_dense_logistic_normal_K5_i0236/gru/d8/n256/seed3/DONE.json
done,external_sticky_dense_logistic_normal_K5_i0236,GRU,32,1,256,8,1.9901407919824123,16,16,6888,cpu,2.0031857192516327,1.976694919168949,1.9760306626558304,1.9611124992370603,project://predictive_profile_external_generator32_v1/runs/external_sticky_dense_logistic_normal_K5_i0236/gru/d32/n256/seed1/DONE.json
done,external_sticky_dense_logistic_normal_K5_i0236,GRU,32,2,256,14,1.9630916714668276,16,22,6888,cpu,1.987741857767105,1.9851520210504527,1.965386986732483,1.9158800095319748,project://predictive_profile_external_generator32_v1/runs/external_sticky_dense_logistic_normal_K5_i0236/gru/d32/n256/seed2/DONE.json
done,external_sticky_dense_logistic_normal_K5_i0236,GRU,32,3,256,28,1.967902470380068,16,36,6888,cpu,1.9720805138349533,1.998365104198456,1.976649783551693,1.9807391315698624,project://predictive_profile_external_generator32_v1/runs/external_sticky_dense_logistic_normal_K5_i0236/gru/d32/n256/seed3/DONE.json
done,external_sticky_dense_logistic_normal_K5_i0236,GRU,128,1,256,9,2.0028178356587887,16,17,101256,cpu,1.9866915121674535,1.9813522323966024,2.0003210827708244,1.9361585974693296,project://predictive_profile_external_generator32_v1/runs/external_sticky_dense_logistic_normal_K5_i0236/gru/d128/n256/seed1/DONE.json
done,external_sticky_dense_logistic_normal_K5_i0236,GRU,128,2,256,10,1.9727694503962996,16,18,101256,cpu,1.960481159389019,1.9780700504779816,1.9670359268784523,1.9719563946127887,project://predictive_profile_external_generator32_v1/runs/external_sticky_dense_logistic_normal_K5_i0236/gru/d128/n256/seed2/DONE.json
done,external_sticky_dense_logistic_normal_K5_i0236,GRU,128,3,256,4,2.002932019531727,16,12,101256,cpu,2.0414157807827,2.01226769387722,1.9572653472423556,2.029173828661442,project://predictive_profile_external_generator32_v1/runs/external_sticky_dense_logistic_normal_K5_i0236/gru/d128/n256/seed3/DONE.json
done,external_sticky_dense_logistic_normal_K5_i0236,Transformer,8,1,256,38,1.990578465163708,16,46,1064,cpu,1.9791088700294492,1.9406050145626068,1.974497117102146,2.006095178425312,project://predictive_profile_external_generator32_v1/runs/external_sticky_dense_logistic_normal_K5_i0236/transformer/d8/n256/seed1/DONE.json
done,external_sticky_dense_logistic_normal_K5_i0236,Transformer,8,2,256,43,1.9881652183830736,16,48,1064,cpu,1.9518564268946648,1.9686165153980253,1.9607510641217232,1.9648904204368591,project://predictive_profile_external_generator32_v1/runs/external_sticky_dense_logistic_normal_K5_i0236/transformer/d8/n256/seed2/DONE.json
done,external_sticky_dense_logistic_normal_K5_i0236,Transformer,8,3,256,46,1.9646490663290024,16,48,1064,cpu,1.971563085913658,1.9686588421463969,1.993645705282688,2.0176036432385445,project://predictive_profile_external_generator32_v1/runs/external_sticky_dense_logistic_normal_K5_i0236/transformer/d8/n256/seed3/DONE.json
done,external_sticky_dense_logistic_normal_K5_i0236,Transformer,32,1,256,14,1.9742533192038536,16,22,13448,cpu,1.9581066071987152,1.9548828974366188,1.988977424800396,1.9794211238622663,project://predictive_profile_external_generator32_v1/runs/external_sticky_dense_logistic_normal_K5_i0236/transformer/d32/n256/seed1/DONE.json
done,external_sticky_dense_logistic_normal_K5_i0236,Transformer,32,2,256,11,1.9863722510635853,16,19,13448,cpu,1.9713740572333336,1.9726498797535896,1.9803718999028208,1.978611581027508,project://predictive_profile_external_generator32_v1/runs/external_sticky_dense_logistic_normal_K5_i0236/transformer/d32/n256/seed2/DONE.json
done,external_sticky_dense_logistic_normal_K5_i0236,Transformer,32,3,256,10,1.960577577352524,16,18,13448,cpu,2.024567499756813,1.9654323682188988,1.9867344051599505,1.9939109906554224,project://predictive_profile_external_generator32_v1/runs/external_sticky_dense_logistic_normal_K5_i0236/transformer/d32/n256/seed3/DONE.json
done,external_sticky_dense_logistic_normal_K5_i0236,Transformer,128,1,256,24,1.9806987680494783,16,32,201224,cpu,1.9901054799556728,1.9708137661218643,1.986661478877068,1.9773077890276909,project://predictive_profile_external_generator32_v1/runs/external_sticky_dense_logistic_normal_K5_i0236/transformer/d128/n256/seed1/DONE.json
done,external_sticky_dense_logistic_normal_K5_i0236,Transformer,128,2,256,13,1.9869732856750488,16,21,201224,cpu,2.061204813420773,1.969710722565651,1.9969216659665108,1.98276361823082,project://predictive_profile_external_generator32_v1/runs/external_sticky_dense_logistic_normal_K5_i0236/transformer/d128/n256/seed2/DONE.json
done,external_sticky_dense_logistic_normal_K5_i0236,Transformer,128,3,256,34,1.9804786033928397,16,42,201224,cpu,1.9690153300762177,1.9645531177520752,1.982031501829624,1.9579105898737907,project://predictive_profile_external_generator32_v1/runs/external_sticky_dense_logistic_normal_K5_i0236/transformer/d128/n256/seed3/DONE.json
done,external_sticky_dense_logistic_normal_K5_i0152,GRU,8,1,256,48,1.606376700103283,16,48,576,cpu,1.6318855583667755,1.584297999739647,1.6545544117689133,1.6615928784012794,project://predictive_profile_external_generator32_v1/runs/external_sticky_dense_logistic_normal_K5_i0152/gru/d8/n256/seed1/DONE.json
done,external_sticky_dense_logistic_normal_K5_i0152,GRU,8,2,256,48,1.6408459171652794,16,48,576,cpu,1.6843749955296516,1.600252978503704,1.5845902860164642,1.57513877004385,project://predictive_profile_external_generator32_v1/runs/external_sticky_dense_logistic_normal_K5_i0152/gru/d8/n256/seed2/DONE.json
done,external_sticky_dense_logistic_normal_K5_i0152,GRU,8,3,256,48,1.6621400639414787,16,48,576,cpu,1.6894898563623428,1.6067906245589256,1.6415218710899353,1.5673913210630417,project://predictive_profile_external_generator32_v1/runs/external_sticky_dense_logistic_normal_K5_i0152/gru/d8/n256/seed3/DONE.json
done,external_sticky_dense_logistic_normal_K5_i0152,GRU,32,1,256,27,1.6093161068856716,16,35,6888,cpu,1.683296337723732,1.5856490060687063,1.529951348900795,1.6552678868174553,project://predictive_profile_external_generator32_v1/runs/external_sticky_dense_logistic_normal_K5_i0152/gru/d32/n256/seed1/DONE.json
done,external_sticky_dense_logistic_normal_K5_i0152,GRU,32,2,256,26,1.602795522660017,16,34,6888,cpu,1.685057021677494,1.6028876528143885,1.629828691482544,1.568322367966175,project://predictive_profile_external_generator32_v1/runs/external_sticky_dense_logistic_normal_K5_i0152/gru/d32/n256/seed2/DONE.json
done,external_sticky_dense_logistic_normal_K5_i0152,GRU,32,3,256,22,1.6210733726620674,16,30,6888,cpu,1.696975365281105,1.6587044894695282,1.6507119461894035,1.564089372754097,project://predictive_profile_external_generator32_v1/runs/external_sticky_dense_logistic_normal_K5_i0152/gru/d32/n256/seed3/DONE.json
done,external_sticky_dense_logistic_normal_K5_i0152,GRU,128,1,256,20,1.597058992832899,16,28,101256,cpu,1.7129228338599205,1.6531492173671722,1.5330759808421135,1.6375803127884865,project://predictive_profile_external_generator32_v1/runs/external_sticky_dense_logistic_normal_K5_i0152/gru/d128/n256/seed1/DONE.json
done,external_sticky_dense_logistic_normal_K5_i0152,GRU,128,2,256,38,1.625689309090376,16,46,101256,cpu,1.6484570652246475,1.592758797109127,1.6114226579666138,1.635652221739292,project://predictive_profile_external_generator32_v1/runs/external_sticky_dense_logistic_normal_K5_i0152/gru/d128/n256/seed2/DONE.json
done,external_sticky_dense_logistic_normal_K5_i0152,GRU,128,3,256,15,1.5950294025242329,16,23,101256,cpu,1.6567889973521233,1.5410340800881386,1.6562002301216123,1.622651644051075,project://predictive_profile_external_generator32_v1/runs/external_sticky_dense_logistic_normal_K5_i0152/gru/d128/n256/seed3/DONE.json
done,external_sticky_dense_logistic_normal_K5_i0152,Transformer,8,1,256,48,1.6297507584095,16,48,1064,cpu,1.6788563132286072,1.6502307876944542,1.6192324608564377,1.6494960561394691,project://predictive_profile_external_generator32_v1/runs/external_sticky_dense_logistic_normal_K5_i0152/transformer/d8/n256/seed1/DONE.json
done,external_sticky_dense_logistic_normal_K5_i0152,Transformer,8,2,256,47,1.658875901252031,16,48,1064,cpu,1.6373689845204351,1.669243425130844,1.6317016258835793,1.6642455384135246,project://predictive_profile_external_generator32_v1/runs/external_sticky_dense_logistic_normal_K5_i0152/transformer/d8/n256/seed2/DONE.json
done,external_sticky_dense_logistic_normal_K5_i0152,Transformer,8,3,256,45,1.5719280242919922,16,48,1064,cpu,1.689366593956947,1.693127766251564,1.654552735388279,1.6795213595032692,project://predictive_profile_external_generator32_v1/runs/external_sticky_dense_logistic_normal_K5_i0152/transformer/d8/n256/seed3/DONE.json
done,external_sticky_dense_logistic_normal_K5_i0152,Transformer,32,1,256,25,1.636905513703823,16,33,13448,cpu,1.6376269832253456,1.6148498579859734,1.581561341881752,1.6588652655482292,project://predictive_profile_external_generator32_v1/runs/external_sticky_dense_logistic_normal_K5_i0152/transformer/d32/n256/seed1/DONE.json
done,external_sticky_dense_logistic_normal_K5_i0152,Transformer,32,2,256,21,1.596539843827486,16,29,13448,cpu,1.6484291478991508,1.6039832830429075,1.6687997728586197,1.5731803178787231,project://predictive_profile_external_generator32_v1/runs/external_sticky_dense_logistic_normal_K5_i0152/transformer/d32/n256/seed2/DONE.json
done,external_sticky_dense_logistic_normal_K5_i0152,Transformer,32,3,256,24,1.6054160073399544,16,32,13448,cpu,1.6760349348187449,1.6649747639894483,1.644136756658554,1.655047595500946,project://predictive_profile_external_generator32_v1/runs/external_sticky_dense_logistic_normal_K5_i0152/transformer/d32/n256/seed3/DONE.json
done,external_sticky_dense_logistic_normal_K5_i0152,Transformer,128,1,256,18,1.6142909936606884,16,26,201224,cpu,1.7029660195112228,1.5851633995771408,1.5808991491794586,1.6506122648715973,project://predictive_profile_external_generator32_v1/runs/external_sticky_dense_logistic_normal_K5_i0152/transformer/d128/n256/seed1/DONE.json
done,external_sticky_dense_logistic_normal_K5_i0152,Transformer,128,2,256,2,1.6547993756830692,16,12,201224,cpu,1.6614256277680397,1.7067257091403008,1.7336360067129135,1.664187341928482,project://predictive_profile_external_generator32_v1/runs/external_sticky_dense_logistic_normal_K5_i0152/transformer/d128/n256/seed2/DONE.json
done,external_sticky_dense_logistic_normal_K5_i0152,Transformer,128,3,256,26,1.609928127378225,16,34,201224,cpu,1.6213828548789024,1.6173460185527802,1.613048180937767,1.6228990405797958,project://predictive_profile_external_generator32_v1/runs/external_sticky_dense_logistic_normal_K5_i0152/transformer/d128/n256/seed3/DONE.json
done,external_sticky_dense_logistic_normal_K6_i0159,GRU,8,1,256,48,1.979065127670765,16,48,576,cpu,2.011382341384888,1.9519790261983871,2.027537301182747,1.971548527479172,project://predictive_profile_external_generator32_v1/runs/external_sticky_dense_logistic_normal_K6_i0159/gru/d8/n256/seed1/DONE.json
done,external_sticky_dense_logistic_normal_K6_i0159,GRU,8,2,256,40,1.947656411677599,16,48,576,cpu,1.9859271198511124,1.965380057692528,1.9866623505949972,1.9668297544121744,project://predictive_profile_external_generator32_v1/runs/external_sticky_dense_logistic_normal_K6_i0159/gru/d8/n256/seed2/DONE.json
done,external_sticky_dense_logistic_normal_K6_i0159,GRU,8,3,256,35,1.9811292625963688,16,43,576,cpu,2.002285912632942,1.9608941748738289,1.9719247967004776,1.9586979001760485,project://predictive_profile_external_generator32_v1/runs/external_sticky_dense_logistic_normal_K6_i0159/gru/d8/n256/seed3/DONE.json
done,external_sticky_dense_logistic_normal_K6_i0159,GRU,32,1,256,11,1.9796927385032177,16,19,6888,cpu,1.9996710419654848,1.9958160743117328,1.98581463098526,2.0084941759705544,project://predictive_profile_external_generator32_v1/runs/external_sticky_dense_logistic_normal_K6_i0159/gru/d32/n256/seed1/DONE.json
done,external_sticky_dense_logistic_normal_K6_i0159,GRU,32,2,256,48,1.9825561381876469,16,48,6888,cpu,1.990034058690071,1.9878965467214584,1.9878478720784187,1.9838847219944,project://predictive_profile_external_generator32_v1/runs/external_sticky_dense_logistic_normal_K6_i0159/gru/d32/n256/seed2/DONE.json
done,external_sticky_dense_logistic_normal_K6_i0159,GRU,32,3,256,22,1.982136283069849,16,30,6888,cpu,1.995850905776024,1.993438810110092,2.0167944133281708,1.9777399078011515,project://predictive_profile_external_generator32_v1/runs/external_sticky_dense_logistic_normal_K6_i0159/gru/d32/n256/seed3/DONE.json
done,external_sticky_dense_logistic_normal_K6_i0159,GRU,128,1,256,20,1.992256693542004,16,28,101256,cpu,2.0109299421310425,1.9720593988895416,1.985681101679802,1.9675065129995344,project://predictive_profile_external_generator32_v1/runs/external_sticky_dense_logistic_normal_K6_i0159/gru/d128/n256/seed1/DONE.json
done,external_sticky_dense_logistic_normal_K6_i0159,GRU,128,2,256,1,1.983909506350756,16,12,101256,cpu,2.022902324795723,1.9941219240427015,1.996119059622288,2.0415109992027283,project://predictive_profile_external_generator32_v1/runs/external_sticky_dense_logistic_normal_K6_i0159/gru/d128/n256/seed2/DONE.json
done,external_sticky_dense_logistic_normal_K6_i0159,GRU,128,3,256,13,1.987152464687824,16,21,101256,cpu,1.9896892458200452,2.0239704698324203,2.030287869274616,2.031137600541115,project://predictive_profile_external_generator32_v1/runs/external_sticky_dense_logistic_normal_K6_i0159/gru/d128/n256/seed3/DONE.json
done,external_sticky_dense_logistic_normal_K6_i0159,Transformer,8,1,256,48,1.9834906943142412,16,48,1064,cpu,1.9575776234269144,1.981915831565857,1.9826333746314049,1.9666468054056168,project://predictive_profile_external_generator32_v1/runs/external_sticky_dense_logistic_normal_K6_i0159/transformer/d8/n256/seed1/DONE.json
done,external_sticky_dense_logistic_normal_K6_i0159,Transformer,8,2,256,34,1.996730487793684,16,42,1064,cpu,1.971419058740139,2.000292114913464,2.0331295654177666,1.98558945953846,project://predictive_profile_external_generator32_v1/runs/external_sticky_dense_logistic_normal_K6_i0159/transformer/d8/n256/seed2/DONE.json
done,external_sticky_dense_logistic_normal_K6_i0159,Transformer,8,3,256,45,1.964992668479681,16,48,1064,cpu,1.975108914077282,2.014741718769073,2.03866159170866,1.9753863736987116,project://predictive_profile_external_generator32_v1/runs/external_sticky_dense_logistic_normal_K6_i0159/transformer/d8/n256/seed3/DONE.json
done,external_sticky_dense_logistic_normal_K6_i0159,Transformer,32,1,256,21,1.9854278862476349,16,29,13448,cpu,1.9753990173339844,1.993273004889488,1.978256702423096,1.9862008839845655,project://predictive_profile_external_generator32_v1/runs/external_sticky_dense_logistic_normal_K6_i0159/transformer/d32/n256/seed1/DONE.json
done,external_sticky_dense_logistic_normal_K6_i0159,Transformer,32,2,256,28,1.9626988880336285,16,36,13448,cpu,2.0262586027383804,2.004606045782566,1.9752653762698171,1.9773582071065905,project://predictive_profile_external_generator32_v1/runs/external_sticky_dense_logistic_normal_K6_i0159/transformer/d32/n256/seed2/DONE.json
done,external_sticky_dense_logistic_normal_K6_i0159,Transformer,32,3,256,21,1.984399139881134,16,29,13448,cpu,1.9813457503914835,2.0039296448230743,1.9928547218441963,1.9958331361413,project://predictive_profile_external_generator32_v1/runs/external_sticky_dense_logistic_normal_K6_i0159/transformer/d32/n256/seed3/DONE.json
done,external_sticky_dense_logistic_normal_K6_i0159,Transformer,128,1,256,22,1.9712754637002945,16,30,201224,cpu,1.9822040870785715,1.9791483134031296,1.9982296228408811,2.0021487176418304,project://predictive_profile_external_generator32_v1/runs/external_sticky_dense_logistic_normal_K6_i0159/transformer/d128/n256/seed1/DONE.json
done,external_sticky_dense_logistic_normal_K6_i0159,Transformer,128,2,256,12,1.9841609299182887,16,20,201224,cpu,2.034715294837952,2.027863174676895,1.998920686542988,2.024323470890522,project://predictive_profile_external_generator32_v1/runs/external_sticky_dense_logistic_normal_K6_i0159/transformer/d128/n256/seed2/DONE.json
done,external_sticky_dense_logistic_normal_K6_i0159,Transformer,128,3,256,16,1.979412276297808,16,24,201224,cpu,2.0331137999892235,1.9816831722855568,1.9921481907367704,1.9721610695123672,project://predictive_profile_external_generator32_v1/runs/external_sticky_dense_logistic_normal_K6_i0159/transformer/d128/n256/seed3/DONE.json
done,external_sticky_dense_logistic_normal_K6_i0146,GRU,8,1,256,48,1.836288254708052,16,48,576,cpu,1.86831459403038,1.874349609017372,1.8251880630850792,1.839058056473732,project://predictive_profile_external_generator32_v1/runs/external_sticky_dense_logistic_normal_K6_i0146/gru/d8/n256/seed1/DONE.json
done,external_sticky_dense_logistic_normal_K6_i0146,GRU,8,2,256,47,1.8621383719146247,16,48,576,cpu,1.865109995007515,1.810378484427929,1.8085122257471085,1.809219166636467,project://predictive_profile_external_generator32_v1/runs/external_sticky_dense_logistic_normal_K6_i0146/gru/d8/n256/seed2/DONE.json
done,external_sticky_dense_logistic_normal_K6_i0146,GRU,8,3,256,48,1.828390996903181,16,48,576,cpu,1.866132453083992,1.8800031244754791,1.8060375824570656,1.8419974967837331,project://predictive_profile_external_generator32_v1/runs/external_sticky_dense_logistic_normal_K6_i0146/gru/d8/n256/seed3/DONE.json
done,external_sticky_dense_logistic_normal_K6_i0146,GRU,32,1,256,21,1.7763751186430454,16,29,6888,cpu,1.884604163467884,1.87233317643404,1.799794502556324,1.766302011907101,project://predictive_profile_external_generator32_v1/runs/external_sticky_dense_logistic_normal_K6_i0146/gru/d32/n256/seed1/DONE.json
done,external_sticky_dense_logistic_normal_K6_i0146,GRU,32,2,256,34,1.8372128121554847,16,42,6888,cpu,1.818602316081524,1.7867956757545471,1.848480835556984,1.8099730089306831,project://predictive_profile_external_generator32_v1/runs/external_sticky_dense_logistic_normal_K6_i0146/gru/d32/n256/seed2/DONE.json
done,external_sticky_dense_logistic_normal_K6_i0146,GRU,32,3,256,29,1.8393517769873144,16,37,6888,cpu,1.8420244753360748,1.8365971893072128,1.854406863451004,1.814294546842575,project://predictive_profile_external_generator32_v1/runs/external_sticky_dense_logistic_normal_K6_i0146/gru/d32/n256/seed3/DONE.json
done,external_sticky_dense_logistic_normal_K6_i0146,GRU,128,1,256,13,1.8864587470889087,16,21,101256,cpu,1.8270601481199265,1.80794969946146,1.817219726741314,1.7812662720680237,project://predictive_profile_external_generator32_v1/runs/external_sticky_dense_logistic_normal_K6_i0146/gru/d128/n256/seed1/DONE.json
done,external_sticky_dense_logistic_normal_K6_i0146,GRU,128,2,256,3,1.8185898251831527,16,12,101256,cpu,1.8837554827332497,1.8890496790409088,1.829001173377037,1.8107518777251244,project://predictive_profile_external_generator32_v1/runs/external_sticky_dense_logistic_normal_K6_i0146/gru/d128/n256/seed2/DONE.json
done,external_sticky_dense_logistic_normal_K6_i0146,GRU,128,3,256,12,1.8892549760639668,16,20,101256,cpu,1.8166400268673897,1.805609092116356,1.773723617196083,1.7905957847833631,project://predictive_profile_external_generator32_v1/runs/external_sticky_dense_logistic_normal_K6_i0146/gru/d128/n256/seed3/DONE.json
done,external_sticky_dense_logistic_normal_K6_i0146,Transformer,8,1,256,46,1.864767599850893,16,48,1064,cpu,1.8247362598776815,1.845167338848114,1.820818118751049,1.8696367517113688,project://predictive_profile_external_generator32_v1/runs/external_sticky_dense_logistic_normal_K6_i0146/transformer/d8/n256/seed1/DONE.json
done,external_sticky_dense_logistic_normal_K6_i0146,Transformer,8,2,256,48,1.8686476536095145,16,48,1064,cpu,1.9090978503227236,1.8628150597214697,1.8842107355594635,1.8335744962096212,project://predictive_profile_external_generator32_v1/runs/external_sticky_dense_logistic_normal_K6_i0146/transformer/d8/n256/seed2/DONE.json
done,external_sticky_dense_logistic_normal_K6_i0146,Transformer,8,3,256,48,1.8365290015935896,16,48,1064,cpu,1.824901930987835,1.8330917730927467,1.8578150123357773,1.798431009054184,project://predictive_profile_external_generator32_v1/runs/external_sticky_dense_logistic_normal_K6_i0146/transformer/d8/n256/seed3/DONE.json
done,external_sticky_dense_logistic_normal_K6_i0146,Transformer,32,1,256,11,1.8698512837290764,16,19,13448,cpu,1.8324097245931623,1.8857974782586095,1.8418501392006876,1.7620247602462769,project://predictive_profile_external_generator32_v1/runs/external_sticky_dense_logistic_normal_K6_i0146/transformer/d32/n256/seed1/DONE.json
done,external_sticky_dense_logistic_normal_K6_i0146,Transformer,32,2,256,37,1.8154552429914477,16,45,13448,cpu,1.814846284687519,1.7384909465909004,1.852372981607914,1.7898338288068771,project://predictive_profile_external_generator32_v1/runs/external_sticky_dense_logistic_normal_K6_i0146/transformer/d32/n256/seed2/DONE.json
done,external_sticky_dense_logistic_normal_K6_i0146,Transformer,32,3,256,23,1.7766509391367435,16,31,13448,cpu,1.821467012166977,1.88897193223238,1.8114726319909096,1.7700492590665815,project://predictive_profile_external_generator32_v1/runs/external_sticky_dense_logistic_normal_K6_i0146/transformer/d32/n256/seed3/DONE.json
done,external_sticky_dense_logistic_normal_K6_i0146,Transformer,128,1,256,5,1.888365738093853,16,13,201224,cpu,1.8892357274889944,1.8374581262469287,1.8703689351677892,1.924097165465355,project://predictive_profile_external_generator32_v1/runs/external_sticky_dense_logistic_normal_K6_i0146/transformer/d128/n256/seed1/DONE.json
done,external_sticky_dense_logistic_normal_K6_i0146,Transformer,128,2,256,3,1.846477784216404,16,12,201224,cpu,1.9509771689772608,1.860037676990032,1.8992060869932172,1.87094384431839,project://predictive_profile_external_generator32_v1/runs/external_sticky_dense_logistic_normal_K6_i0146/transformer/d128/n256/seed2/DONE.json
done,external_sticky_dense_logistic_normal_K6_i0146,Transformer,128,3,256,13,1.8574706055223944,16,21,201224,cpu,1.8691658228635788,1.8446881100535395,1.9023024514317517,1.8428123220801356,project://predictive_profile_external_generator32_v1/runs/external_sticky_dense_logistic_normal_K6_i0146/transformer/d128/n256/seed3/DONE.json
done,external_sticky_dense_logistic_normal_K6_i0086,GRU,8,1,256,48,1.968454323709011,16,48,576,cpu,1.9352821707725525,1.979952149093151,1.944118656218052,1.954157441854477,project://predictive_profile_external_generator32_v1/runs/external_sticky_dense_logistic_normal_K6_i0086/gru/d8/n256/seed1/DONE.json
done,external_sticky_dense_logistic_normal_K6_i0086,GRU,8,2,256,48,1.9573208428919315,16,48,576,cpu,1.9771958887577057,1.8827673941850664,1.89394910633564,1.944184198975563,project://predictive_profile_external_generator32_v1/runs/external_sticky_dense_logistic_normal_K6_i0086/gru/d8/n256/seed2/DONE.json
done,external_sticky_dense_logistic_normal_K6_i0086,GRU,8,3,256,45,1.9772020243108277,16,48,576,cpu,1.96359171718359,1.9565493762493131,1.935287982225418,1.9953212440013883,project://predictive_profile_external_generator32_v1/runs/external_sticky_dense_logistic_normal_K6_i0086/gru/d8/n256/seed3/DONE.json
done,external_sticky_dense_logistic_normal_K6_i0086,GRU,32,1,256,41,1.9202789813280103,16,48,6888,cpu,1.9196769148111343,1.9649832248687744,1.91656306385994,1.8785225823521612,project://predictive_profile_external_generator32_v1/runs/external_sticky_dense_logistic_normal_K6_i0086/gru/d32/n256/seed1/DONE.json
done,external_sticky_dense_logistic_normal_K6_i0086,GRU,32,2,256,27,1.9071891568601127,16,35,6888,cpu,1.922558031976223,1.961347609758377,1.8787589967250824,1.9078154638409612,project://predictive_profile_external_generator32_v1/runs/external_sticky_dense_logistic_normal_K6_i0086/gru/d32/n256/seed2/DONE.json
done,external_sticky_dense_logistic_normal_K6_i0086,GRU,32,3,256,13,1.9123464338481424,16,21,6888,cpu,1.9520672112703323,1.933101370930672,1.945809617638588,1.8980307877063751,project://predictive_profile_external_generator32_v1/runs/external_sticky_dense_logistic_normal_K6_i0086/gru/d32/n256/seed3/DONE.json
done,external_sticky_dense_logistic_normal_K6_i0086,GRU,128,1,256,19,1.902878638356924,16,27,101256,cpu,2.0012168288230896,1.9855447486042976,1.9415894225239756,1.917963355779648,project://predictive_profile_external_generator32_v1/runs/external_sticky_dense_logistic_normal_K6_i0086/gru/d128/n256/seed1/DONE.json
done,external_sticky_dense_logistic_normal_K6_i0086,GRU,128,2,256,8,1.936990708112717,16,16,101256,cpu,1.9782256111502647,1.937134839594364,1.974510744214058,1.9515853971242905,project://predictive_profile_external_generator32_v1/runs/external_sticky_dense_logistic_normal_K6_i0086/gru/d128/n256/seed2/DONE.json
done,external_sticky_dense_logistic_normal_K6_i0086,GRU,128,3,256,27,1.920321773737669,16,35,101256,cpu,1.9332555010914805,1.925929680466652,1.8982174172997477,1.9237973615527155,project://predictive_profile_external_generator32_v1/runs/external_sticky_dense_logistic_normal_K6_i0086/gru/d128/n256/seed3/DONE.json
done,external_sticky_dense_logistic_normal_K6_i0086,Transformer,8,1,256,27,1.9564251229166985,16,35,1064,cpu,1.9869401454925537,1.962082490324974,1.9626825973391533,1.9572885930538175,project://predictive_profile_external_generator32_v1/runs/external_sticky_dense_logistic_normal_K6_i0086/transformer/d8/n256/seed1/DONE.json
done,external_sticky_dense_logistic_normal_K6_i0086,Transformer,8,2,256,46,1.963174693286419,16,48,1064,cpu,1.9528654366731644,1.960809662938118,1.9552803710103035,1.981401473283768,project://predictive_profile_external_generator32_v1/runs/external_sticky_dense_logistic_normal_K6_i0086/transformer/d8/n256/seed2/DONE.json
done,external_sticky_dense_logistic_normal_K6_i0086,Transformer,8,3,256,46,1.9580559246242049,16,48,1064,cpu,1.9477453976869583,1.9402750357985497,1.971839539706707,1.9709546267986295,project://predictive_profile_external_generator32_v1/runs/external_sticky_dense_logistic_normal_K6_i0086/transformer/d8/n256/seed3/DONE.json
done,external_sticky_dense_logistic_normal_K6_i0086,Transformer,32,1,256,22,1.9407697282731533,16,30,13448,cpu,1.9433505684137344,1.9399171993136408,1.9377134218811989,1.9613702297210691,project://predictive_profile_external_generator32_v1/runs/external_sticky_dense_logistic_normal_K6_i0086/transformer/d32/n256/seed1/DONE.json
done,external_sticky_dense_logistic_normal_K6_i0086,Transformer,32,2,256,22,1.919766124337912,16,30,13448,cpu,1.9943691566586492,1.8767952397465704,1.8871907144784927,1.8594022020697596,project://predictive_profile_external_generator32_v1/runs/external_sticky_dense_logistic_normal_K6_i0086/transformer/d32/n256/seed2/DONE.json
done,external_sticky_dense_logistic_normal_K6_i0086,Transformer,32,3,256,35,1.9022612497210505,16,43,13448,cpu,1.8869427517056463,1.9337170496582985,1.905468367040157,1.902872547507286,project://predictive_profile_external_generator32_v1/runs/external_sticky_dense_logistic_normal_K6_i0086/transformer/d32/n256/seed3/DONE.json
done,external_sticky_dense_logistic_normal_K6_i0086,Transformer,128,1,256,23,1.9554019011557104,16,31,201224,cpu,1.9267550706863403,1.9669977724552157,1.9236578345298767,1.962321199476719,project://predictive_profile_external_generator32_v1/runs/external_sticky_dense_logistic_normal_K6_i0086/transformer/d128/n256/seed1/DONE.json
done,external_sticky_dense_logistic_normal_K6_i0086,Transformer,128,2,256,35,1.947564970701933,16,43,201224,cpu,1.965674601495266,1.9574790000915527,1.949078902602196,1.969039276242256,project://predictive_profile_external_generator32_v1/runs/external_sticky_dense_logistic_normal_K6_i0086/transformer/d128/n256/seed2/DONE.json
done,external_sticky_dense_logistic_normal_K6_i0086,Transformer,128,3,256,6,1.9358509629964828,16,14,201224,cpu,2.0394307896494865,2.032578483223915,1.9607690274715424,1.953475445508957,project://predictive_profile_external_generator32_v1/runs/external_sticky_dense_logistic_normal_K6_i0086/transformer/d128/n256/seed3/DONE.json
done,external_sticky_dense_logistic_normal_K6_i0090,GRU,8,1,256,48,1.8570778109133244,16,48,576,cpu,1.8844332993030548,1.8705218955874443,1.806935541331768,1.827803060412407,project://predictive_profile_external_generator32_v1/runs/external_sticky_dense_logistic_normal_K6_i0090/gru/d8/n256/seed1/DONE.json
done,external_sticky_dense_logistic_normal_K6_i0090,GRU,8,2,256,48,1.827732291072607,16,48,576,cpu,1.9047382175922396,1.82702062278986,1.8483039736747744,1.835028499364853,project://predictive_profile_external_generator32_v1/runs/external_sticky_dense_logistic_normal_K6_i0090/gru/d8/n256/seed2/DONE.json
done,external_sticky_dense_logistic_normal_K6_i0090,GRU,8,3,256,48,1.84554660320282,16,48,576,cpu,1.881140120327473,1.885411523282528,1.8197178840637207,1.8234852701425552,project://predictive_profile_external_generator32_v1/runs/external_sticky_dense_logistic_normal_K6_i0090/gru/d8/n256/seed3/DONE.json
done,external_sticky_dense_logistic_normal_K6_i0090,GRU,32,1,256,34,1.8253652267158031,16,42,6888,cpu,1.8574556857347488,1.8107862323522568,1.8217006251215933,1.8608087003231049,project://predictive_profile_external_generator32_v1/runs/external_sticky_dense_logistic_normal_K6_i0090/gru/d32/n256/seed1/DONE.json
done,external_sticky_dense_logistic_normal_K6_i0090,GRU,32,2,256,17,1.8448203094303608,16,25,6888,cpu,1.8568388670682907,1.8398750871419909,1.866965673863888,1.8318650498986244,project://predictive_profile_external_generator32_v1/runs/external_sticky_dense_logistic_normal_K6_i0090/gru/d32/n256/seed2/DONE.json
done,external_sticky_dense_logistic_normal_K6_i0090,GRU,32,3,256,35,1.832809805870056,16,43,6888,cpu,1.8730082139372823,1.7854874059557917,1.8107075989246368,1.834762006998062,project://predictive_profile_external_generator32_v1/runs/external_sticky_dense_logistic_normal_K6_i0090/gru/d32/n256/seed3/DONE.json
done,external_sticky_dense_logistic_normal_K6_i0090,GRU,128,1,256,17,1.8284295722842216,16,25,101256,cpu,1.9107635989785197,1.835257053375244,1.7944402247667313,1.7991863936185837,project://predictive_profile_external_generator32_v1/runs/external_sticky_dense_logistic_normal_K6_i0090/gru/d128/n256/seed1/DONE.json
done,external_sticky_dense_logistic_normal_K6_i0090,GRU,128,2,256,10,1.859443582594395,16,18,101256,cpu,1.869653418660164,1.8492575362324717,1.8084212243556976,1.844081200659275,project://predictive_profile_external_generator32_v1/runs/external_sticky_dense_logistic_normal_K6_i0090/gru/d128/n256/seed2/DONE.json
done,external_sticky_dense_logistic_normal_K6_i0090,GRU,128,3,256,5,1.831777475774288,16,13,101256,cpu,1.9225929155945776,1.8938568755984304,1.824673943221569,1.8624153584241867,project://predictive_profile_external_generator32_v1/runs/external_sticky_dense_logistic_normal_K6_i0090/gru/d128/n256/seed3/DONE.json
done,external_sticky_dense_logistic_normal_K6_i0090,Transformer,8,1,256,48,1.8937198035418987,16,48,1064,cpu,1.8753410056233408,1.8632925674319267,1.918907232582569,1.8966030552983284,project://predictive_profile_external_generator32_v1/runs/external_sticky_dense_logistic_normal_K6_i0090/transformer/d8/n256/seed1/DONE.json
done,external_sticky_dense_logistic_normal_K6_i0090,Transformer,8,2,256,43,1.8841782212257383,16,48,1064,cpu,1.9324122816324236,1.8558179512619968,1.7891321927309036,1.867290198802948,project://predictive_profile_external_generator32_v1/runs/external_sticky_dense_logistic_normal_K6_i0090/transformer/d8/n256/seed2/DONE.json
done,external_sticky_dense_logistic_normal_K6_i0090,Transformer,8,3,256,48,1.861386850476265,16,48,1064,cpu,1.866476021707058,1.8479800894856453,1.84351010620594,1.864932246506214,project://predictive_profile_external_generator32_v1/runs/external_sticky_dense_logistic_normal_K6_i0090/transformer/d8/n256/seed3/DONE.json
done,external_sticky_dense_logistic_normal_K6_i0090,Transformer,32,1,256,34,1.817026298493147,16,42,13448,cpu,1.871157743036747,1.89611254632473,1.822088673710823,1.8400126695632932,project://predictive_profile_external_generator32_v1/runs/external_sticky_dense_logistic_normal_K6_i0090/transformer/d32/n256/seed1/DONE.json
done,external_sticky_dense_logistic_normal_K6_i0090,Transformer,32,2,256,25,1.8436596170067787,16,33,13448,cpu,1.9014399200677872,1.8288149908185003,1.8222713842988012,1.8749097362160685,project://predictive_profile_external_generator32_v1/runs/external_sticky_dense_logistic_normal_K6_i0090/transformer/d32/n256/seed2/DONE.json
done,external_sticky_dense_logistic_normal_K6_i0090,Transformer,32,3,256,19,1.846541311591864,16,27,13448,cpu,1.894694462418556,1.8368811309337616,1.8297011107206345,1.8434741869568825,project://predictive_profile_external_generator32_v1/runs/external_sticky_dense_logistic_normal_K6_i0090/transformer/d32/n256/seed3/DONE.json
done,external_sticky_dense_logistic_normal_K6_i0090,Transformer,128,1,256,14,1.896779518574476,16,22,201224,cpu,1.9305583015084269,1.8593250438570976,1.906633280217648,1.8363289162516596,project://predictive_profile_external_generator32_v1/runs/external_sticky_dense_logistic_normal_K6_i0090/transformer/d128/n256/seed1/DONE.json
done,external_sticky_dense_logistic_normal_K6_i0090,Transformer,128,2,256,19,1.868010476231575,16,27,201224,cpu,1.902559719979763,1.8499767556786535,1.9098703265190125,1.848297968506813,project://predictive_profile_external_generator32_v1/runs/external_sticky_dense_logistic_normal_K6_i0090/transformer/d128/n256/seed2/DONE.json
done,external_sticky_dense_logistic_normal_K6_i0090,Transformer,128,3,256,8,1.893942538648844,16,16,201224,cpu,2.024646371603012,1.8773461654782293,1.8796266168355944,1.830490715801716,project://predictive_profile_external_generator32_v1/runs/external_sticky_dense_logistic_normal_K6_i0090/transformer/d128/n256/seed3/DONE.json
