status,hmm_id,architecture,dimension,seed,n_train,best_epoch,best_val_ce,final_batch_size,epochs_completed,parameter_count,device,test_ce_h1,test_ce_h2,test_ce_h3,test_ce_h4,result_file
done,confirm_K3_i000079,GRU,8,1,256,47,1.7010240852832794,16,48,576,cpu,1.6896230056881905,1.6946901232004166,1.6618441045284271,1.6817243620753288,project://predictor_specific_difficulty_v1/runs/confirm_K3_i000079/gru/d8/n256/seed1/DONE.json
done,confirm_K3_i000079,GRU,8,2,256,41,1.6549757458269596,16,48,576,cpu,1.6779401302337646,1.7184493616223335,1.6604834720492363,1.7147256433963776,project://predictor_specific_difficulty_v1/runs/confirm_K3_i000079/gru/d8/n256/seed2/DONE.json
done,confirm_K3_i000079,GRU,8,3,256,36,1.691755522042513,16,44,576,cpu,1.68850127607584,1.6729512512683868,1.662523292005062,1.7132559046149254,project://predictor_specific_difficulty_v1/runs/confirm_K3_i000079/gru/d8/n256/seed3/DONE.json
done,confirm_K3_i000079,GRU,8,4,256,31,1.6794316470623016,16,39,576,cpu,1.714026190340519,1.6276182159781456,1.653600737452507,1.665163017809391,project://predictor_specific_difficulty_v1/runs/confirm_K3_i000079/gru/d8/n256/seed4/DONE.json
done,confirm_K3_i000079,GRU,8,5,256,27,1.6829985491931438,16,35,576,cpu,1.7343612760305405,1.648333728313446,1.6621148213744164,1.7350851520895958,project://predictor_specific_difficulty_v1/runs/confirm_K3_i000079/gru/d8/n256/seed5/DONE.json
done,confirm_K3_i000079,GRU,32,1,256,32,1.606456995010376,16,40,6888,cpu,1.6852501183748243,1.6286879777908323,1.6219978854060173,1.620100811123848,project://predictor_specific_difficulty_v1/runs/confirm_K3_i000079/gru/d32/n256/seed1/DONE.json
done,confirm_K3_i000079,GRU,32,2,256,41,1.689136054366827,16,48,6888,cpu,1.672576583921909,1.7080692648887634,1.6396257877349854,1.6307962834835052,project://predictor_specific_difficulty_v1/runs/confirm_K3_i000079/gru/d32/n256/seed2/DONE.json
done,confirm_K3_i000079,GRU,32,3,256,23,1.641624327749014,16,31,6888,cpu,1.6645520329475405,1.5439060181379318,1.7119669169187546,1.708658680319786,project://predictor_specific_difficulty_v1/runs/confirm_K3_i000079/gru/d32/n256/seed3/DONE.json
done,confirm_K3_i000079,GRU,32,4,256,47,1.6743560805916786,16,48,6888,cpu,1.6070260554552078,1.6361117660999298,1.6297473311424255,1.7015286684036257,project://predictor_specific_difficulty_v1/runs/confirm_K3_i000079/gru/d32/n256/seed4/DONE.json
done,confirm_K3_i000079,GRU,32,5,256,42,1.6623423285782335,16,48,6888,cpu,1.6042696982622149,1.6910139620304108,1.6123037934303284,1.677523493766785,project://predictor_specific_difficulty_v1/runs/confirm_K3_i000079/gru/d32/n256/seed5/DONE.json
done,confirm_K3_i000079,GRU,128,1,256,20,1.6835751831531525,16,28,101256,cpu,1.672879979014397,1.6617687940597534,1.7249367982149124,1.6902476102113724,project://predictor_specific_difficulty_v1/runs/confirm_K3_i000079/gru/d128/n256/seed1/DONE.json
done,confirm_K3_i000079,GRU,128,2,256,29,1.688227765262127,16,37,101256,cpu,1.6373834684491158,1.6700934171676636,1.705310732126236,1.6665189042687416,project://predictor_specific_difficulty_v1/runs/confirm_K3_i000079/gru/d128/n256/seed2/DONE.json
done,confirm_K3_i000079,GRU,128,3,256,19,1.666247770190239,16,27,101256,cpu,1.6579796150326729,1.658385381102562,1.636808417737484,1.636266067624092,project://predictor_specific_difficulty_v1/runs/confirm_K3_i000079/gru/d128/n256/seed3/DONE.json
done,confirm_K3_i000079,GRU,128,4,256,11,1.6752968057990074,16,19,101256,cpu,1.694895587861538,1.6906435042619703,1.7113514766097069,1.677521087229252,project://predictor_specific_difficulty_v1/runs/confirm_K3_i000079/gru/d128/n256/seed4/DONE.json
done,confirm_K3_i000079,GRU,128,5,256,7,1.6490677632391453,16,15,101256,cpu,1.6856526359915731,1.658114142715931,1.6752616688609123,1.622229501605034,project://predictor_specific_difficulty_v1/runs/confirm_K3_i000079/gru/d128/n256/seed5/DONE.json
done,confirm_K3_i000079,Transformer,8,1,256,38,1.692845605313778,16,46,1064,cpu,1.708786815404892,1.6815430372953415,1.6509587913751602,1.643909715116024,project://predictor_specific_difficulty_v1/runs/confirm_K3_i000079/transformer/d8/n256/seed1/DONE.json
done,confirm_K3_i000079,Transformer,8,2,256,46,1.6350782550871372,16,48,1064,cpu,1.6775760874152184,1.67915078997612,1.6810341700911522,1.753345608711243,project://predictor_specific_difficulty_v1/runs/confirm_K3_i000079/transformer/d8/n256/seed2/DONE.json
done,confirm_K3_i000079,Transformer,8,3,256,22,1.7263694442808628,16,30,1064,cpu,1.684356540441513,1.6939516067504885,1.6286539360880852,1.6700520291924477,project://predictor_specific_difficulty_v1/runs/confirm_K3_i000079/transformer/d8/n256/seed3/DONE.json
done,confirm_K3_i000079,Transformer,8,4,256,43,1.627339880913496,16,48,1064,cpu,1.6334488838911057,1.6417449116706848,1.6766362190246582,1.6853410974144936,project://predictor_specific_difficulty_v1/runs/confirm_K3_i000079/transformer/d8/n256/seed4/DONE.json
done,confirm_K3_i000079,Transformer,8,5,256,40,1.668375577777624,16,48,1064,cpu,1.6878825053572657,1.666126400232315,1.6904887035489082,1.6499152928590777,project://predictor_specific_difficulty_v1/runs/confirm_K3_i000079/transformer/d8/n256/seed5/DONE.json
done,confirm_K3_i000079,Transformer,32,1,256,18,1.642515104264021,16,26,13448,cpu,1.6931527331471443,1.7129345685243609,1.6250829622149467,1.7192112058401108,project://predictor_specific_difficulty_v1/runs/confirm_K3_i000079/transformer/d32/n256/seed1/DONE.json
done,confirm_K3_i000079,Transformer,32,2,256,17,1.6762306429445744,16,25,13448,cpu,1.6873386353254318,1.658381424844265,1.635809361934662,1.661126397550106,project://predictor_specific_difficulty_v1/runs/confirm_K3_i000079/transformer/d32/n256/seed2/DONE.json
done,confirm_K3_i000079,Transformer,32,3,256,38,1.636382196098566,16,46,13448,cpu,1.6707995235919952,1.676814690232277,1.6882630363106728,1.745266854763031,project://predictor_specific_difficulty_v1/runs/confirm_K3_i000079/transformer/d32/n256/seed3/DONE.json
done,confirm_K3_i000079,Transformer,32,4,256,14,1.6725502349436283,16,22,13448,cpu,1.6683805212378502,1.6655964106321337,1.5955389216542244,1.6649390310049057,project://predictor_specific_difficulty_v1/runs/confirm_K3_i000079/transformer/d32/n256/seed4/DONE.json
done,confirm_K3_i000079,Transformer,32,5,256,44,1.6685838513076303,16,48,13448,cpu,1.6398532837629318,1.716177947819233,1.688271537423134,1.6711384281516075,project://predictor_specific_difficulty_v1/runs/confirm_K3_i000079/transformer/d32/n256/seed5/DONE.json
done,confirm_K3_i000079,Transformer,128,1,256,9,1.6324461475014689,16,17,201224,cpu,1.7101504430174828,1.724407635629177,1.6649775132536888,1.7105045467615128,project://predictor_specific_difficulty_v1/runs/confirm_K3_i000079/transformer/d128/n256/seed1/DONE.json
done,confirm_K3_i000079,Transformer,128,2,256,17,1.7198820859193802,16,25,201224,cpu,1.6485382467508316,1.6764829382300377,1.6513848677277565,1.6672219038009644,project://predictor_specific_difficulty_v1/runs/confirm_K3_i000079/transformer/d128/n256/seed2/DONE.json
done,confirm_K3_i000079,Transformer,128,3,256,7,1.685570016503334,16,15,201224,cpu,1.6309300288558006,1.6575438305735588,1.6451397836208344,1.743166759610176,project://predictor_specific_difficulty_v1/runs/confirm_K3_i000079/transformer/d128/n256/seed3/DONE.json
done,confirm_K3_i000079,Transformer,128,4,256,34,1.6398216784000397,16,42,201224,cpu,1.665371157228947,1.6737534180283546,1.6548002809286118,1.670557826757431,project://predictor_specific_difficulty_v1/runs/confirm_K3_i000079/transformer/d128/n256/seed4/DONE.json
done,confirm_K3_i000079,Transformer,128,5,256,44,1.682416100054979,16,48,201224,cpu,1.6329026073217392,1.6089609116315842,1.629780426621437,1.675609715282917,project://predictor_specific_difficulty_v1/runs/confirm_K3_i000079/transformer/d128/n256/seed5/DONE.json
done,confirm_K3_i000322,GRU,8,1,256,40,1.884906094521284,16,48,576,cpu,1.909296117722988,1.832577846944332,1.897353194653988,1.891584932804108,project://predictor_specific_difficulty_v1/runs/confirm_K3_i000322/gru/d8/n256/seed1/DONE.json
done,confirm_K3_i000322,GRU,8,2,256,48,1.8940016217529771,16,48,576,cpu,1.9087824150919916,1.8833232522010803,1.9080588594079015,1.8919956758618357,project://predictor_specific_difficulty_v1/runs/confirm_K3_i000322/gru/d8/n256/seed2/DONE.json
done,confirm_K3_i000322,GRU,8,3,256,47,1.9103676825761795,16,48,576,cpu,1.872587889432907,1.9458938017487528,1.924203619360924,1.9081060886383057,project://predictor_specific_difficulty_v1/runs/confirm_K3_i000322/gru/d8/n256/seed3/DONE.json
done,confirm_K3_i000322,GRU,8,4,256,44,1.9276027530431747,16,48,576,cpu,1.934836708009243,1.8581463769078252,1.86139015853405,1.897014006972313,project://predictor_specific_difficulty_v1/runs/confirm_K3_i000322/gru/d8/n256/seed4/DONE.json
done,confirm_K3_i000322,GRU,8,5,256,47,1.8721240758895876,16,48,576,cpu,1.8993190377950668,1.8474894389510157,1.8187853395938876,1.8717125728726387,project://predictor_specific_difficulty_v1/runs/confirm_K3_i000322/gru/d8/n256/seed5/DONE.json
done,confirm_K3_i000322,GRU,32,1,256,29,1.8773462399840355,16,37,6888,cpu,1.879458539187908,1.8718154802918436,1.872792147099972,1.9095826745033264,project://predictor_specific_difficulty_v1/runs/confirm_K3_i000322/gru/d32/n256/seed1/DONE.json
done,confirm_K3_i000322,GRU,32,2,256,29,1.89152666926384,16,37,6888,cpu,1.934982649981976,1.9020842388272283,1.9035553559660912,1.88773725181818,project://predictor_specific_difficulty_v1/runs/confirm_K3_i000322/gru/d32/n256/seed2/DONE.json
done,confirm_K3_i000322,GRU,32,3,256,17,1.892513170838356,16,25,6888,cpu,1.8889834210276604,1.8904428109526636,1.866775244474411,1.9024757146835327,project://predictor_specific_difficulty_v1/runs/confirm_K3_i000322/gru/d32/n256/seed3/DONE.json
done,confirm_K3_i000322,GRU,32,4,256,32,1.8964195996522903,16,40,6888,cpu,1.8699154779314997,1.924343280494213,1.908117152750492,1.8923171013593676,project://predictor_specific_difficulty_v1/runs/confirm_K3_i000322/gru/d32/n256/seed4/DONE.json
done,confirm_K3_i000322,GRU,32,5,256,26,1.8974221795797348,16,34,6888,cpu,1.9161012545228004,1.8435345739126203,1.8847880735993383,1.88543163985014,project://predictor_specific_difficulty_v1/runs/confirm_K3_i000322/gru/d32/n256/seed5/DONE.json
done,confirm_K3_i000322,GRU,128,1,256,25,1.891088366508484,16,33,101256,cpu,1.8842936754226685,1.9067354649305344,1.8585817962884903,1.8539932072162628,project://predictor_specific_difficulty_v1/runs/confirm_K3_i000322/gru/d128/n256/seed1/DONE.json
done,confirm_K3_i000322,GRU,128,2,256,7,1.900573305785656,16,15,101256,cpu,1.8859448209404943,1.89800988137722,1.8659234642982483,1.942943163216114,project://predictor_specific_difficulty_v1/runs/confirm_K3_i000322/gru/d128/n256/seed2/DONE.json
done,confirm_K3_i000322,GRU,128,3,256,19,1.87786814942956,16,27,101256,cpu,1.896357662975788,1.9143849909305573,1.9071339592337608,1.902077630162239,project://predictor_specific_difficulty_v1/runs/confirm_K3_i000322/gru/d128/n256/seed3/DONE.json
done,confirm_K3_i000322,GRU,128,4,256,13,1.8888662196695805,16,21,101256,cpu,1.9492319598793983,1.9070871323347087,1.892042838037014,1.89079662412405,project://predictor_specific_difficulty_v1/runs/confirm_K3_i000322/gru/d128/n256/seed4/DONE.json
done,confirm_K3_i000322,GRU,128,5,256,42,1.8976627513766289,16,48,101256,cpu,1.9107986390590668,1.835814483463764,1.8794998973608017,1.873280644416809,project://predictor_specific_difficulty_v1/runs/confirm_K3_i000322/gru/d128/n256/seed5/DONE.json
done,confirm_K3_i000322,Transformer,8,1,256,25,1.927671119570732,16,33,1064,cpu,1.902744606137276,1.8875931203365328,1.8918206542730327,1.9266731962561607,project://predictor_specific_difficulty_v1/runs/confirm_K3_i000322/transformer/d8/n256/seed1/DONE.json
done,confirm_K3_i000322,Transformer,8,2,256,45,1.889051329344511,16,48,1064,cpu,1.883175514638424,1.8819833546876907,1.8932340815663335,1.901788130402565,project://predictor_specific_difficulty_v1/runs/confirm_K3_i000322/transformer/d8/n256/seed2/DONE.json
done,confirm_K3_i000322,Transformer,8,3,256,45,1.9364125058054924,16,48,1064,cpu,1.8496248796582224,1.8554337695240972,1.883158639073372,1.8827530667185783,project://predictor_specific_difficulty_v1/runs/confirm_K3_i000322/transformer/d8/n256/seed3/DONE.json
done,confirm_K3_i000322,Transformer,8,4,256,48,1.874456502497196,16,48,1064,cpu,1.895689345896244,1.8850335702300072,1.8880698904395103,1.8383163809776304,project://predictor_specific_difficulty_v1/runs/confirm_K3_i000322/transformer/d8/n256/seed4/DONE.json
done,confirm_K3_i000322,Transformer,8,5,256,29,1.873734660446644,16,37,1064,cpu,1.9346430227160452,1.881918489933014,1.91300068795681,1.877704493701458,project://predictor_specific_difficulty_v1/runs/confirm_K3_i000322/transformer/d8/n256/seed5/DONE.json
done,confirm_K3_i000322,Transformer,32,1,256,16,1.9008580967783928,16,24,13448,cpu,1.895132526755333,1.8786899968981745,1.889213427901268,1.887578211724758,project://predictor_specific_difficulty_v1/runs/confirm_K3_i000322/transformer/d32/n256/seed1/DONE.json
done,confirm_K3_i000322,Transformer,32,2,256,12,1.8857041336596008,16,20,13448,cpu,1.8572042882442477,1.8618622198700905,1.8683123216032984,1.938139170408249,project://predictor_specific_difficulty_v1/runs/confirm_K3_i000322/transformer/d32/n256/seed2/DONE.json
done,confirm_K3_i000322,Transformer,32,3,256,15,1.913514230400324,16,23,13448,cpu,1.902562253177166,1.911650247871876,1.8789894878864288,1.910685695707798,project://predictor_specific_difficulty_v1/runs/confirm_K3_i000322/transformer/d32/n256/seed3/DONE.json
done,confirm_K3_i000322,Transformer,32,4,256,14,1.8424674198031423,16,22,13448,cpu,1.829101487994194,1.8832360655069351,1.8787099495530128,1.8716981038451197,project://predictor_specific_difficulty_v1/runs/confirm_K3_i000322/transformer/d32/n256/seed4/DONE.json
done,confirm_K3_i000322,Transformer,32,5,256,22,1.9035827293992045,16,30,13448,cpu,1.925996109843254,1.868456318974495,1.929118812084198,1.911981612443924,project://predictor_specific_difficulty_v1/runs/confirm_K3_i000322/transformer/d32/n256/seed5/DONE.json
done,confirm_K3_i000322,Transformer,128,1,256,19,1.879431564360857,16,27,201224,cpu,1.879016190767288,1.8188110440969467,1.886989489197731,1.9065149277448652,project://predictor_specific_difficulty_v1/runs/confirm_K3_i000322/transformer/d128/n256/seed1/DONE.json
done,confirm_K3_i000322,Transformer,128,2,256,15,1.9217081032693384,16,23,201224,cpu,1.9107937887310984,1.92217668145895,1.960615836083889,1.8804587945342064,project://predictor_specific_difficulty_v1/runs/confirm_K3_i000322/transformer/d128/n256/seed2/DONE.json
done,confirm_K3_i000322,Transformer,128,3,256,7,1.920858208090067,16,15,201224,cpu,1.914366826415062,1.916132554411888,1.925675749778748,1.8858956918120384,project://predictor_specific_difficulty_v1/runs/confirm_K3_i000322/transformer/d128/n256/seed3/DONE.json
done,confirm_K3_i000322,Transformer,128,4,256,21,1.9328243136405945,16,29,201224,cpu,1.9283222258090973,1.881185419857502,1.9314848631620407,1.887684844434261,project://predictor_specific_difficulty_v1/runs/confirm_K3_i000322/transformer/d128/n256/seed4/DONE.json
done,confirm_K3_i000322,Transformer,128,5,256,14,1.907921064645052,16,22,201224,cpu,1.9077539071440697,1.9011573791503904,1.9121303409338,1.9510358572006223,project://predictor_specific_difficulty_v1/runs/confirm_K3_i000322/transformer/d128/n256/seed5/DONE.json
done,confirm_K3_i001129,GRU,8,1,256,48,1.765418212860823,16,48,576,cpu,1.800094686448574,1.7994348928332329,1.7636506110429764,1.7739438265562055,project://predictor_specific_difficulty_v1/runs/confirm_K3_i001129/gru/d8/n256/seed1/DONE.json
done,confirm_K3_i001129,GRU,8,2,256,42,1.7272254638373852,16,48,576,cpu,1.7607470005750656,1.7935108244419098,1.6984043717384338,1.7351605892181396,project://predictor_specific_difficulty_v1/runs/confirm_K3_i001129/gru/d8/n256/seed2/DONE.json
done,confirm_K3_i001129,GRU,8,3,256,48,1.7590614072978497,16,48,576,cpu,1.756125845015049,1.7505814284086227,1.7976556420326233,1.716380849480629,project://predictor_specific_difficulty_v1/runs/confirm_K3_i001129/gru/d8/n256/seed3/DONE.json
done,confirm_K3_i001129,GRU,8,4,256,46,1.7689569033682346,16,48,576,cpu,1.8102648258209229,1.7772062048316002,1.766820691525936,1.797896273434162,project://predictor_specific_difficulty_v1/runs/confirm_K3_i001129/gru/d8/n256/seed4/DONE.json
done,confirm_K3_i001129,GRU,8,5,256,48,1.7545212879776957,16,48,576,cpu,1.7831047624349594,1.7255324944853785,1.8520582765340805,1.7711198329925537,project://predictor_specific_difficulty_v1/runs/confirm_K3_i001129/gru/d8/n256/seed5/DONE.json
done,confirm_K3_i001129,GRU,32,1,256,41,1.73371472209692,16,48,6888,cpu,1.7455780655145643,1.7283059358596802,1.6790809780359268,1.731000766158104,project://predictor_specific_difficulty_v1/runs/confirm_K3_i001129/gru/d32/n256/seed1/DONE.json
done,confirm_K3_i001129,GRU,32,2,256,34,1.7242087572813034,16,42,6888,cpu,1.7770929113030434,1.7559482231736183,1.7034476324915886,1.711342379450798,project://predictor_specific_difficulty_v1/runs/confirm_K3_i001129/gru/d32/n256/seed2/DONE.json
done,confirm_K3_i001129,GRU,32,3,256,37,1.7085320055484772,16,45,6888,cpu,1.74724493175745,1.8659158647060397,1.7361533418297768,1.7480975314974785,project://predictor_specific_difficulty_v1/runs/confirm_K3_i001129/gru/d32/n256/seed3/DONE.json
done,confirm_K3_i001129,GRU,32,4,256,9,1.719416942447424,16,17,6888,cpu,1.788019560277462,1.80119276791811,1.7286493182182312,1.7970674186944962,project://predictor_specific_difficulty_v1/runs/confirm_K3_i001129/gru/d32/n256/seed4/DONE.json
done,confirm_K3_i001129,GRU,32,5,256,23,1.7414685413241386,16,31,6888,cpu,1.7732634767889977,1.8041265085339544,1.7892538160085678,1.7923591285943985,project://predictor_specific_difficulty_v1/runs/confirm_K3_i001129/gru/d32/n256/seed5/DONE.json
done,confirm_K3_i001129,GRU,128,1,256,4,1.751988224685192,16,12,101256,cpu,1.7817319184541702,1.827216953039169,1.7765454575419426,1.7027844414114952,project://predictor_specific_difficulty_v1/runs/confirm_K3_i001129/gru/d128/n256/seed1/DONE.json
done,confirm_K3_i001129,GRU,128,2,256,18,1.761548325419426,16,26,101256,cpu,1.7655063271522522,1.6737081184983251,1.7804804220795631,1.7946730330586431,project://predictor_specific_difficulty_v1/runs/confirm_K3_i001129/gru/d128/n256/seed2/DONE.json
done,confirm_K3_i001129,GRU,128,3,256,27,1.7347812838852406,16,35,101256,cpu,1.722484454512596,1.7430081814527512,1.8245553597807884,1.7463045567274094,project://predictor_specific_difficulty_v1/runs/confirm_K3_i001129/gru/d128/n256/seed3/DONE.json
done,confirm_K3_i001129,GRU,128,4,256,19,1.756897021085024,16,27,101256,cpu,1.7715738043189049,1.834446907043457,1.714500516653061,1.8204319924116132,project://predictor_specific_difficulty_v1/runs/confirm_K3_i001129/gru/d128/n256/seed4/DONE.json
done,confirm_K3_i001129,GRU,128,5,256,10,1.742136433720589,16,18,101256,cpu,1.7822811007499697,1.7217075303196907,1.8038392066955569,1.8054906502366064,project://predictor_specific_difficulty_v1/runs/confirm_K3_i001129/gru/d128/n256/seed5/DONE.json
done,confirm_K3_i001129,Transformer,8,1,256,29,1.7014213427901268,16,37,1064,cpu,1.7632926180958748,1.7958358153700829,1.7145231440663338,1.7441954538226128,project://predictor_specific_difficulty_v1/runs/confirm_K3_i001129/transformer/d8/n256/seed1/DONE.json
done,confirm_K3_i001129,Transformer,8,2,256,30,1.7342014834284782,16,38,1064,cpu,1.7686697244644165,1.8193311244249344,1.694912001490593,1.776049122214317,project://predictor_specific_difficulty_v1/runs/confirm_K3_i001129/transformer/d8/n256/seed2/DONE.json
done,confirm_K3_i001129,Transformer,8,3,256,26,1.7571119032800198,16,34,1064,cpu,1.75002259016037,1.7818957939743996,1.8035057038068767,1.819453567266464,project://predictor_specific_difficulty_v1/runs/confirm_K3_i001129/transformer/d8/n256/seed3/DONE.json
done,confirm_K3_i001129,Transformer,8,4,256,31,1.7523696646094322,16,39,1064,cpu,1.7554550990462303,1.737066127359867,1.7934162020683289,1.7641856148838997,project://predictor_specific_difficulty_v1/runs/confirm_K3_i001129/transformer/d8/n256/seed4/DONE.json
done,confirm_K3_i001129,Transformer,8,5,256,27,1.7148969173431396,16,35,1064,cpu,1.765922226011753,1.7974206283688543,1.8428529053926468,1.8030254766345024,project://predictor_specific_difficulty_v1/runs/confirm_K3_i001129/transformer/d8/n256/seed5/DONE.json
done,confirm_K3_i001129,Transformer,32,1,256,20,1.7062345556914806,16,28,13448,cpu,1.8168615624308584,1.741349272429943,1.7223638966679573,1.7928970232605934,project://predictor_specific_difficulty_v1/runs/confirm_K3_i001129/transformer/d32/n256/seed1/DONE.json
done,confirm_K3_i001129,Transformer,32,2,256,14,1.713712077587843,16,22,13448,cpu,1.7094318866729736,1.6966604217886925,1.747702345252037,1.7373644337058067,project://predictor_specific_difficulty_v1/runs/confirm_K3_i001129/transformer/d32/n256/seed2/DONE.json
done,confirm_K3_i001129,Transformer,32,3,256,28,1.7706209868192673,16,36,13448,cpu,1.7829028367996216,1.70749431848526,1.8175856992602348,1.7535179108381271,project://predictor_specific_difficulty_v1/runs/confirm_K3_i001129/transformer/d32/n256/seed3/DONE.json
done,confirm_K3_i001129,Transformer,32,4,256,16,1.7382857464253902,16,24,13448,cpu,1.7785590216517448,1.744153581559658,1.728308543562889,1.7897676527500153,project://predictor_specific_difficulty_v1/runs/confirm_K3_i001129/transformer/d32/n256/seed4/DONE.json
done,confirm_K3_i001129,Transformer,32,5,256,29,1.7497245222330091,16,37,13448,cpu,1.7160055935382843,1.7351950332522392,1.8473260179162023,1.76544588804245,project://predictor_specific_difficulty_v1/runs/confirm_K3_i001129/transformer/d32/n256/seed5/DONE.json
done,confirm_K3_i001129,Transformer,128,1,256,26,1.752565760165453,16,34,201224,cpu,1.765545167028904,1.748001508414745,1.7278808951377869,1.729906901717186,project://predictor_specific_difficulty_v1/runs/confirm_K3_i001129/transformer/d128/n256/seed1/DONE.json
done,confirm_K3_i001129,Transformer,128,2,256,20,1.7265272811055183,16,28,201224,cpu,1.7475594729185104,1.7369127944111824,1.7154312804341316,1.7366516590118408,project://predictor_specific_difficulty_v1/runs/confirm_K3_i001129/transformer/d128/n256/seed2/DONE.json
done,confirm_K3_i001129,Transformer,128,3,256,30,1.7655650489032269,16,38,201224,cpu,1.7881686836481094,1.7578888311982157,1.7419509142637253,1.7292833477258682,project://predictor_specific_difficulty_v1/runs/confirm_K3_i001129/transformer/d128/n256/seed3/DONE.json
done,confirm_K3_i001129,Transformer,128,4,256,34,1.711943242698908,16,42,201224,cpu,1.7770452499389648,1.7937303930521011,1.7445545345544815,1.7950029969215393,project://predictor_specific_difficulty_v1/runs/confirm_K3_i001129/transformer/d128/n256/seed4/DONE.json
done,confirm_K3_i001129,Transformer,128,5,256,6,1.7917278110980988,16,14,201224,cpu,1.7720443978905678,1.8347482606768608,1.820271506905556,1.7853543311357498,project://predictor_specific_difficulty_v1/runs/confirm_K3_i001129/transformer/d128/n256/seed5/DONE.json
done,confirm_K3_i000505,GRU,8,1,256,34,1.9772382825613024,16,42,576,cpu,1.9799405708909037,1.9986832067370413,1.9810989052057264,1.9885492771863935,project://predictor_specific_difficulty_v1/runs/confirm_K3_i000505/gru/d8/n256/seed1/DONE.json
done,confirm_K3_i000505,GRU,8,2,256,36,1.985422544181347,16,44,576,cpu,2.004538469016552,2.000751443207264,1.9990124180912967,1.9687566608190536,project://predictor_specific_difficulty_v1/runs/confirm_K3_i000505/gru/d8/n256/seed2/DONE.json
done,confirm_K3_i000505,GRU,8,3,256,48,1.9743922874331477,16,48,576,cpu,2.014160320162773,1.9897533655166624,1.9671966806054115,2.0502197965979576,project://predictor_specific_difficulty_v1/runs/confirm_K3_i000505/gru/d8/n256/seed3/DONE.json
done,confirm_K3_i000505,GRU,8,4,256,43,1.9906691797077656,16,48,576,cpu,1.9902950674295423,1.9989236891269684,1.9746264591813087,2.019754678010941,project://predictor_specific_difficulty_v1/runs/confirm_K3_i000505/gru/d8/n256/seed4/DONE.json
done,confirm_K3_i000505,GRU,8,5,256,41,2.0121396221220493,16,48,576,cpu,1.99053942412138,2.010320045053959,2.000229209661484,1.9854538887739184,project://predictor_specific_difficulty_v1/runs/confirm_K3_i000505/gru/d8/n256/seed5/DONE.json
done,confirm_K3_i000505,GRU,32,1,256,10,2.0025234185159206,16,18,6888,cpu,2.0008253157138824,2.001853436231613,2.025028109550476,1.9968937039375303,project://predictor_specific_difficulty_v1/runs/confirm_K3_i000505/gru/d32/n256/seed1/DONE.json
done,confirm_K3_i000505,GRU,32,2,256,20,1.981276012957096,16,28,6888,cpu,2.025948822498321,2.0310063287615776,1.9842394664883611,1.9749744907021525,project://predictor_specific_difficulty_v1/runs/confirm_K3_i000505/gru/d32/n256/seed2/DONE.json
done,confirm_K3_i000505,GRU,32,3,256,26,1.954462878406048,16,34,6888,cpu,2.0032771974802017,1.9864291176199915,1.9941222667694087,2.046072728931904,project://predictor_specific_difficulty_v1/runs/confirm_K3_i000505/gru/d32/n256/seed3/DONE.json
done,confirm_K3_i000505,GRU,32,4,256,6,1.9936898238956928,16,14,6888,cpu,1.997055821120739,2.003311686217785,1.989305101335049,1.9883972629904747,project://predictor_specific_difficulty_v1/runs/confirm_K3_i000505/gru/d32/n256/seed4/DONE.json
done,confirm_K3_i000505,GRU,32,5,256,46,1.977122951298952,16,48,6888,cpu,2.0053805857896805,1.9569869339466093,1.994737647473812,1.992424838244915,project://predictor_specific_difficulty_v1/runs/confirm_K3_i000505/gru/d32/n256/seed5/DONE.json
done,confirm_K3_i000505,GRU,128,1,256,22,1.987167526036501,16,30,101256,cpu,1.9869689494371412,1.9926009476184845,2.012264661490917,1.9920348897576328,project://predictor_specific_difficulty_v1/runs/confirm_K3_i000505/gru/d128/n256/seed1/DONE.json
done,confirm_K3_i000505,GRU,128,2,256,28,1.99466447904706,16,36,101256,cpu,1.99715768545866,1.9997616708278656,2.0374304950237274,1.984200559556484,project://predictor_specific_difficulty_v1/runs/confirm_K3_i000505/gru/d128/n256/seed2/DONE.json
done,confirm_K3_i000505,GRU,128,3,256,22,1.976282451301813,16,30,101256,cpu,2.002604067325592,1.9937701746821404,2.0415442138910294,1.992534600198269,project://predictor_specific_difficulty_v1/runs/confirm_K3_i000505/gru/d128/n256/seed3/DONE.json
done,confirm_K3_i000505,GRU,128,4,256,9,1.978272907435894,16,17,101256,cpu,2.025892682373524,2.0279765501618385,2.0338384956121445,2.0353267788887024,project://predictor_specific_difficulty_v1/runs/confirm_K3_i000505/gru/d128/n256/seed4/DONE.json
done,confirm_K3_i000505,GRU,128,5,256,7,2.009603261947632,16,15,101256,cpu,2.020474649965763,1.990693725645542,2.0257193967700005,2.0305506959557533,project://predictor_specific_difficulty_v1/runs/confirm_K3_i000505/gru/d128/n256/seed5/DONE.json
done,confirm_K3_i000505,Transformer,8,1,256,32,1.9841941110789776,16,40,1064,cpu,2.0590111911296844,2.0147459656000137,1.9877379685640333,2.0066412836313248,project://predictor_specific_difficulty_v1/runs/confirm_K3_i000505/transformer/d8/n256/seed1/DONE.json
done,confirm_K3_i000505,Transformer,8,2,256,37,1.9795682951807976,16,45,1064,cpu,2.000576414167881,1.972540907561779,1.9869979172945025,1.992335066199303,project://predictor_specific_difficulty_v1/runs/confirm_K3_i000505/transformer/d8/n256/seed2/DONE.json
done,confirm_K3_i000505,Transformer,8,3,256,46,2.0050250068306923,16,48,1064,cpu,2.0012620240449905,1.975241802632809,2.000081032514572,2.011645250022412,project://predictor_specific_difficulty_v1/runs/confirm_K3_i000505/transformer/d8/n256/seed3/DONE.json
done,confirm_K3_i000505,Transformer,8,4,256,48,1.978760037571192,16,48,1064,cpu,1.990603007376194,1.9663660824298856,1.9450917169451716,1.9896690398454664,project://predictor_specific_difficulty_v1/runs/confirm_K3_i000505/transformer/d8/n256/seed4/DONE.json
done,confirm_K3_i000505,Transformer,8,5,256,24,1.968973223119974,16,32,1064,cpu,1.9856020584702487,2.0007965341210365,1.9894635528326037,2.001133993268013,project://predictor_specific_difficulty_v1/runs/confirm_K3_i000505/transformer/d8/n256/seed5/DONE.json
done,confirm_K3_i000505,Transformer,32,1,256,6,2.012856550514698,16,14,13448,cpu,1.9985201880335808,2.043927662074566,1.995142936706543,2.049803577363491,project://predictor_specific_difficulty_v1/runs/confirm_K3_i000505/transformer/d32/n256/seed1/DONE.json
done,confirm_K3_i000505,Transformer,32,2,256,19,1.993246592581272,16,27,13448,cpu,2.0110210850834846,1.958227038383484,2.006743788719177,1.9902466461062431,project://predictor_specific_difficulty_v1/runs/confirm_K3_i000505/transformer/d32/n256/seed2/DONE.json
done,confirm_K3_i000505,Transformer,32,3,256,20,2.0073136389255524,16,28,13448,cpu,2.0261830016970634,2.010573625564575,1.964454859495163,2.014098100364208,project://predictor_specific_difficulty_v1/runs/confirm_K3_i000505/transformer/d32/n256/seed3/DONE.json
done,confirm_K3_i000505,Transformer,32,4,256,20,2.0070901699364185,16,28,13448,cpu,1.997274212539196,1.998910903930664,1.9801100715994835,1.9934783801436424,project://predictor_specific_difficulty_v1/runs/confirm_K3_i000505/transformer/d32/n256/seed4/DONE.json
done,confirm_K3_i000505,Transformer,32,5,256,24,1.964645437896252,16,32,13448,cpu,1.963828667998314,1.9720119088888168,2.010323256254196,1.9770667552948,project://predictor_specific_difficulty_v1/runs/confirm_K3_i000505/transformer/d32/n256/seed5/DONE.json
done,confirm_K3_i000505,Transformer,128,1,256,7,1.9924737103283403,16,15,201224,cpu,2.035192109644413,1.9993035048246384,1.980972446501255,2.0342636704444885,project://predictor_specific_difficulty_v1/runs/confirm_K3_i000505/transformer/d128/n256/seed1/DONE.json
done,confirm_K3_i000505,Transformer,128,2,256,12,2.001434240490198,16,20,201224,cpu,1.994999207556248,2.0076756849884987,2.0075269415974617,1.960257537662983,project://predictor_specific_difficulty_v1/runs/confirm_K3_i000505/transformer/d128/n256/seed2/DONE.json
done,confirm_K3_i000505,Transformer,128,3,256,15,1.9735864289104936,16,23,201224,cpu,2.0668904781341557,2.0471191331744194,1.9656656458973885,2.00346427410841,project://predictor_specific_difficulty_v1/runs/confirm_K3_i000505/transformer/d128/n256/seed3/DONE.json
done,confirm_K3_i000505,Transformer,128,4,256,23,1.989433705806732,16,31,201224,cpu,1.983389601111412,1.9906127899885175,2.0165649577975278,1.9748548492789268,project://predictor_specific_difficulty_v1/runs/confirm_K3_i000505/transformer/d128/n256/seed4/DONE.json
done,confirm_K3_i000505,Transformer,128,5,256,14,1.9859099425375464,16,22,201224,cpu,2.019631400704384,2.0744656398892403,2.016580604016781,1.960761971771717,project://predictor_specific_difficulty_v1/runs/confirm_K3_i000505/transformer/d128/n256/seed5/DONE.json
done,confirm_K3_i000325,GRU,8,1,256,48,1.5548732317984104,16,48,576,cpu,1.5951059311628342,1.5935461819171906,1.5213828831911087,1.5868538692593577,project://predictor_specific_difficulty_v1/runs/confirm_K3_i000325/gru/d8/n256/seed1/DONE.json
done,confirm_K3_i000325,GRU,8,2,256,48,1.616426054388285,16,48,576,cpu,1.6043948605656624,1.566403530538082,1.6305897310376167,1.6430096477270126,project://predictor_specific_difficulty_v1/runs/confirm_K3_i000325/gru/d8/n256/seed2/DONE.json
done,confirm_K3_i000325,GRU,8,3,256,48,1.6228665001690388,16,48,576,cpu,1.6234175190329552,1.61823620647192,1.6176124215126038,1.632404662668705,project://predictor_specific_difficulty_v1/runs/confirm_K3_i000325/gru/d8/n256/seed3/DONE.json
done,confirm_K3_i000325,GRU,8,4,256,47,1.6073707081377506,16,48,576,cpu,1.643420770764351,1.5881473869085312,1.6040846332907677,1.6330569460988045,project://predictor_specific_difficulty_v1/runs/confirm_K3_i000325/gru/d8/n256/seed4/DONE.json
done,confirm_K3_i000325,GRU,8,5,256,40,1.6022024899721146,16,48,576,cpu,1.6444183215498924,1.557905286550522,1.604689039289951,1.601614624261856,project://predictor_specific_difficulty_v1/runs/confirm_K3_i000325/gru/d8/n256/seed5/DONE.json
done,confirm_K3_i000325,GRU,32,1,256,11,1.5855011977255344,16,19,6888,cpu,1.6385832577943802,1.6280228644609451,1.5280768871307373,1.5951584875583649,project://predictor_specific_difficulty_v1/runs/confirm_K3_i000325/gru/d32/n256/seed1/DONE.json
done,confirm_K3_i000325,GRU,32,2,256,13,1.6126408837735653,16,21,6888,cpu,1.6439369395375252,1.638910099864006,1.6220542937517166,1.6213473603129387,project://predictor_specific_difficulty_v1/runs/confirm_K3_i000325/gru/d32/n256/seed2/DONE.json
done,confirm_K3_i000325,GRU,32,3,256,33,1.6273811310529709,16,41,6888,cpu,1.6008541956543922,1.5919257178902626,1.6119263917207718,1.6161640137434006,project://predictor_specific_difficulty_v1/runs/confirm_K3_i000325/gru/d32/n256/seed3/DONE.json
done,confirm_K3_i000325,GRU,32,4,256,18,1.5745395310223105,16,26,6888,cpu,1.6120975241065023,1.6040288656949997,1.6576118096709251,1.6476413905620575,project://predictor_specific_difficulty_v1/runs/confirm_K3_i000325/gru/d32/n256/seed4/DONE.json
done,confirm_K3_i000325,GRU,32,5,256,33,1.6043913885951042,16,41,6888,cpu,1.6010535433888435,1.5641032829880714,1.568708784878254,1.6193497106432917,project://predictor_specific_difficulty_v1/runs/confirm_K3_i000325/gru/d32/n256/seed5/DONE.json
done,confirm_K3_i000325,GRU,128,1,256,25,1.5946262180805206,16,33,101256,cpu,1.6532568484544754,1.5475986823439598,1.656786672770977,1.6284050941467283,project://predictor_specific_difficulty_v1/runs/confirm_K3_i000325/gru/d128/n256/seed1/DONE.json
done,confirm_K3_i000325,GRU,128,2,256,26,1.6303573325276377,16,34,101256,cpu,1.6284429728984833,1.591669499874115,1.5722944661974907,1.6526223048567772,project://predictor_specific_difficulty_v1/runs/confirm_K3_i000325/gru/d128/n256/seed2/DONE.json
done,confirm_K3_i000325,GRU,128,3,256,43,1.5836415216326714,16,48,101256,cpu,1.616282396018505,1.5793283954262731,1.5929943919181824,1.6022500023245811,project://predictor_specific_difficulty_v1/runs/confirm_K3_i000325/gru/d128/n256/seed3/DONE.json
done,confirm_K3_i000325,GRU,128,4,256,16,1.5584786869585514,16,24,101256,cpu,1.5596876740455627,1.6111605986952782,1.5440576523542404,1.5546162575483322,project://predictor_specific_difficulty_v1/runs/confirm_K3_i000325/gru/d128/n256/seed4/DONE.json
done,confirm_K3_i000325,GRU,128,5,256,22,1.6091623567044735,16,30,101256,cpu,1.571264997124672,1.623959019780159,1.6415932178497314,1.590727515518665,project://predictor_specific_difficulty_v1/runs/confirm_K3_i000325/gru/d128/n256/seed5/DONE.json
done,confirm_K3_i000325,Transformer,8,1,256,42,1.603239756077528,16,48,1064,cpu,1.6082874089479446,1.6363633275032043,1.5774304419755936,1.5912973582744598,project://predictor_specific_difficulty_v1/runs/confirm_K3_i000325/transformer/d8/n256/seed1/DONE.json
done,confirm_K3_i000325,Transformer,8,2,256,33,1.5659631974995136,16,41,1064,cpu,1.5629309564828873,1.5893486440181732,1.68531633913517,1.5853952690958977,project://predictor_specific_difficulty_v1/runs/confirm_K3_i000325/transformer/d8/n256/seed2/DONE.json
done,confirm_K3_i000325,Transformer,8,3,256,42,1.6104695200920105,16,48,1064,cpu,1.653694674372673,1.6353348344564438,1.6268214732408524,1.5894966199994087,project://predictor_specific_difficulty_v1/runs/confirm_K3_i000325/transformer/d8/n256/seed3/DONE.json
done,confirm_K3_i000325,Transformer,8,4,256,47,1.589107945561409,16,48,1064,cpu,1.5461769253015518,1.597410924732685,1.582327052950859,1.58893683552742,project://predictor_specific_difficulty_v1/runs/confirm_K3_i000325/transformer/d8/n256/seed4/DONE.json
done,confirm_K3_i000325,Transformer,8,5,256,46,1.6075122728943825,16,48,1064,cpu,1.62589543312788,1.581189177930355,1.5877350345253944,1.632364809513092,project://predictor_specific_difficulty_v1/runs/confirm_K3_i000325/transformer/d8/n256/seed5/DONE.json
done,confirm_K3_i000325,Transformer,32,1,256,18,1.584880705922842,16,26,13448,cpu,1.6078630536794662,1.6882200241088867,1.607549250125885,1.6448063477873802,project://predictor_specific_difficulty_v1/runs/confirm_K3_i000325/transformer/d32/n256/seed1/DONE.json
done,confirm_K3_i000325,Transformer,32,2,256,8,1.62979032471776,16,16,13448,cpu,1.621317744255066,1.535057470202446,1.6014166921377182,1.6203001961112022,project://predictor_specific_difficulty_v1/runs/confirm_K3_i000325/transformer/d32/n256/seed2/DONE.json
done,confirm_K3_i000325,Transformer,32,3,256,18,1.5795655995607376,16,26,13448,cpu,1.665126159787178,1.6267846003174782,1.5721587017178535,1.6096034571528437,project://predictor_specific_difficulty_v1/runs/confirm_K3_i000325/transformer/d32/n256/seed3/DONE.json
done,confirm_K3_i000325,Transformer,32,4,256,9,1.5851427651941776,16,17,13448,cpu,1.5882104113698006,1.6242201030254364,1.5937834680080414,1.6300753951072693,project://predictor_specific_difficulty_v1/runs/confirm_K3_i000325/transformer/d32/n256/seed4/DONE.json
done,confirm_K3_i000325,Transformer,32,5,256,21,1.619760736823082,16,29,13448,cpu,1.6443073526024818,1.653182215988636,1.6259068623185158,1.6791684329509735,project://predictor_specific_difficulty_v1/runs/confirm_K3_i000325/transformer/d32/n256/seed5/DONE.json
done,confirm_K3_i000325,Transformer,128,1,256,14,1.6320412643253803,16,22,201224,cpu,1.6034142673015594,1.6388628408312798,1.5895371064543724,1.5576277151703837,project://predictor_specific_difficulty_v1/runs/confirm_K3_i000325/transformer/d128/n256/seed1/DONE.json
done,confirm_K3_i000325,Transformer,128,2,256,5,1.6025769002735617,16,13,201224,cpu,1.6232201606035233,1.6021690145134926,1.6225114464759829,1.5857340097427368,project://predictor_specific_difficulty_v1/runs/confirm_K3_i000325/transformer/d128/n256/seed2/DONE.json
done,confirm_K3_i000325,Transformer,128,3,256,18,1.6060326173901558,16,26,201224,cpu,1.6099601611495018,1.569839969277382,1.5764914080500605,1.6094117611646652,project://predictor_specific_difficulty_v1/runs/confirm_K3_i000325/transformer/d128/n256/seed3/DONE.json
done,confirm_K3_i000325,Transformer,128,4,256,15,1.561738908290863,16,23,201224,cpu,1.5825175791978836,1.6839037239551544,1.6263628229498863,1.5933702364563942,project://predictor_specific_difficulty_v1/runs/confirm_K3_i000325/transformer/d128/n256/seed4/DONE.json
done,confirm_K3_i000325,Transformer,128,5,256,7,1.675180546939373,16,15,201224,cpu,1.6483281403779984,1.7073547169566154,1.5966991633176804,1.6357302591204643,project://predictor_specific_difficulty_v1/runs/confirm_K3_i000325/transformer/d128/n256/seed5/DONE.json
done,confirm_K3_i000796,GRU,8,1,256,42,1.86070754006505,16,48,576,cpu,1.8547881692647932,1.8334519490599632,1.866882026195526,1.8525792360305784,project://predictor_specific_difficulty_v1/runs/confirm_K3_i000796/gru/d8/n256/seed1/DONE.json
done,confirm_K3_i000796,GRU,8,2,256,48,1.8447166793048384,16,48,576,cpu,1.8519092500209808,1.8541238084435463,1.8154911696910856,1.82880175113678,project://predictor_specific_difficulty_v1/runs/confirm_K3_i000796/gru/d8/n256/seed2/DONE.json
done,confirm_K3_i000796,GRU,8,3,256,48,1.825195387005806,16,48,576,cpu,1.8670036047697067,1.8911256343126297,1.8296750485897064,1.863043896853924,project://predictor_specific_difficulty_v1/runs/confirm_K3_i000796/gru/d8/n256/seed3/DONE.json
done,confirm_K3_i000796,GRU,8,4,256,48,1.833435021340847,16,48,576,cpu,1.8853087350726128,1.855743683874607,1.8409657701849935,1.8193541020154955,project://predictor_specific_difficulty_v1/runs/confirm_K3_i000796/gru/d8/n256/seed4/DONE.json
done,confirm_K3_i000796,GRU,8,5,256,48,1.8394838646054268,16,48,576,cpu,1.8612359538674357,1.8395376726984976,1.872112363576889,1.9058244079351423,project://predictor_specific_difficulty_v1/runs/confirm_K3_i000796/gru/d8/n256/seed5/DONE.json
done,confirm_K3_i000796,GRU,32,1,256,36,1.858419917523861,16,44,6888,cpu,1.846469171345234,1.8446306735277176,1.831350550055504,1.8682299852371216,project://predictor_specific_difficulty_v1/runs/confirm_K3_i000796/gru/d32/n256/seed1/DONE.json
done,confirm_K3_i000796,GRU,32,2,256,18,1.8391869068145752,16,26,6888,cpu,1.8864507153630257,1.806167334318161,1.806222252547741,1.8308273330330849,project://predictor_specific_difficulty_v1/runs/confirm_K3_i000796/gru/d32/n256/seed2/DONE.json
done,confirm_K3_i000796,GRU,32,3,256,31,1.824382655322552,16,39,6888,cpu,1.8521149903535843,1.8636026307940483,1.861083187162876,1.869207821786404,project://predictor_specific_difficulty_v1/runs/confirm_K3_i000796/gru/d32/n256/seed3/DONE.json
done,confirm_K3_i000796,GRU,32,4,256,17,1.8485474586486816,16,25,6888,cpu,1.8744095414876936,1.860583268105984,1.826268844306469,1.8561098724603653,project://predictor_specific_difficulty_v1/runs/confirm_K3_i000796/gru/d32/n256/seed4/DONE.json
done,confirm_K3_i000796,GRU,32,5,256,21,1.862111821770668,16,29,6888,cpu,1.9120007455348969,1.864847742021084,1.8238993138074877,1.8160415068268776,project://predictor_specific_difficulty_v1/runs/confirm_K3_i000796/gru/d32/n256/seed5/DONE.json
done,confirm_K3_i000796,GRU,128,1,256,19,1.852461889386177,16,27,101256,cpu,1.8771187663078308,1.872144728899002,1.8144956976175308,1.8506482318043709,project://predictor_specific_difficulty_v1/runs/confirm_K3_i000796/gru/d128/n256/seed1/DONE.json
done,confirm_K3_i000796,GRU,128,2,256,19,1.84776259213686,16,27,101256,cpu,1.849543996155262,1.8699907809495928,1.831645406782627,1.8588011488318443,project://predictor_specific_difficulty_v1/runs/confirm_K3_i000796/gru/d128/n256/seed2/DONE.json
done,confirm_K3_i000796,GRU,128,3,256,6,1.8550655841827397,16,14,101256,cpu,1.873254269361496,1.8203027844429016,1.8564946055412288,1.92364214360714,project://predictor_specific_difficulty_v1/runs/confirm_K3_i000796/gru/d128/n256/seed3/DONE.json
done,confirm_K3_i000796,GRU,128,4,256,38,1.845742642879486,16,46,101256,cpu,1.84429644048214,1.869212128221989,1.8395016714930532,1.857845425605774,project://predictor_specific_difficulty_v1/runs/confirm_K3_i000796/gru/d128/n256/seed4/DONE.json
done,confirm_K3_i000796,GRU,128,5,256,13,1.8848199769854543,16,21,101256,cpu,1.869923673570156,1.846312277019024,1.8168487027287483,1.8480708971619608,project://predictor_specific_difficulty_v1/runs/confirm_K3_i000796/gru/d128/n256/seed5/DONE.json
done,confirm_K3_i000796,Transformer,8,1,256,48,1.860989701002836,16,48,1064,cpu,1.8436918184161184,1.8425583466887476,1.8472837805747984,1.8612857088446615,project://predictor_specific_difficulty_v1/runs/confirm_K3_i000796/transformer/d8/n256/seed1/DONE.json
done,confirm_K3_i000796,Transformer,8,2,256,41,1.822287794202566,16,48,1064,cpu,1.825203098356724,1.8827672004699707,1.847006939351559,1.8776592686772344,project://predictor_specific_difficulty_v1/runs/confirm_K3_i000796/transformer/d8/n256/seed2/DONE.json
done,confirm_K3_i000796,Transformer,8,3,256,24,1.8778703846037388,16,32,1064,cpu,1.8506473824381828,1.907555103302002,1.8557006642222404,1.819276086986065,project://predictor_specific_difficulty_v1/runs/confirm_K3_i000796/transformer/d8/n256/seed3/DONE.json
done,confirm_K3_i000796,Transformer,8,4,256,33,1.865407817065716,16,41,1064,cpu,1.8596094623208048,1.813726842403412,1.8555281683802605,1.857665464282036,project://predictor_specific_difficulty_v1/runs/confirm_K3_i000796/transformer/d8/n256/seed4/DONE.json
done,confirm_K3_i000796,Transformer,8,5,256,24,1.8841523975133896,16,32,1064,cpu,1.8880051374435425,1.8511477783322332,1.8443265110254288,1.8836878836154936,project://predictor_specific_difficulty_v1/runs/confirm_K3_i000796/transformer/d8/n256/seed5/DONE.json
done,confirm_K3_i000796,Transformer,32,1,256,26,1.853193212300539,16,34,13448,cpu,1.8376481533050537,1.8077330440282824,1.83736015856266,1.8115832656621933,project://predictor_specific_difficulty_v1/runs/confirm_K3_i000796/transformer/d32/n256/seed1/DONE.json
done,confirm_K3_i000796,Transformer,32,2,256,27,1.8298765420913696,16,35,13448,cpu,1.8383163809776304,1.8467947468161583,1.866406373679638,1.83814737200737,project://predictor_specific_difficulty_v1/runs/confirm_K3_i000796/transformer/d32/n256/seed2/DONE.json
done,confirm_K3_i000796,Transformer,32,3,256,9,1.890743345022201,16,17,13448,cpu,1.860270008444786,1.8053143471479416,1.864763893187046,1.8479526787996288,project://predictor_specific_difficulty_v1/runs/confirm_K3_i000796/transformer/d32/n256/seed3/DONE.json
done,confirm_K3_i000796,Transformer,32,4,256,21,1.8401196785271168,16,29,13448,cpu,1.852435313165188,1.861755020916462,1.859386630356312,1.859263516962528,project://predictor_specific_difficulty_v1/runs/confirm_K3_i000796/transformer/d32/n256/seed4/DONE.json
done,confirm_K3_i000796,Transformer,32,5,256,20,1.799927320331335,16,28,13448,cpu,1.8783653900027275,1.8386886566877363,1.810587227344513,1.864135839045048,project://predictor_specific_difficulty_v1/runs/confirm_K3_i000796/transformer/d32/n256/seed5/DONE.json
done,confirm_K3_i000796,Transformer,128,1,256,41,1.8577778413891792,16,48,201224,cpu,1.8690905347466469,1.871998943388462,1.8715344443917277,1.8478373512625692,project://predictor_specific_difficulty_v1/runs/confirm_K3_i000796/transformer/d128/n256/seed1/DONE.json
done,confirm_K3_i000796,Transformer,128,2,256,8,1.8829141706228256,16,16,201224,cpu,1.8706916496157648,1.8740894719958303,1.881112664937973,1.848497912287712,project://predictor_specific_difficulty_v1/runs/confirm_K3_i000796/transformer/d128/n256/seed2/DONE.json
done,confirm_K3_i000796,Transformer,128,3,256,10,1.862166948616505,16,18,201224,cpu,1.87337926030159,1.8237277939915657,1.8598182275891304,1.8326442316174507,project://predictor_specific_difficulty_v1/runs/confirm_K3_i000796/transformer/d128/n256/seed3/DONE.json
done,confirm_K3_i000796,Transformer,128,4,256,24,1.8346571922302248,16,32,201224,cpu,1.8966721072793007,1.8214020282030103,1.8184095695614813,1.823495790362358,project://predictor_specific_difficulty_v1/runs/confirm_K3_i000796/transformer/d128/n256/seed4/DONE.json
done,confirm_K3_i000796,Transformer,128,5,256,7,1.8562513552606104,16,15,201224,cpu,1.8009326085448265,1.841330111026764,1.90015160292387,1.8332924842834477,project://predictor_specific_difficulty_v1/runs/confirm_K3_i000796/transformer/d128/n256/seed5/DONE.json
done,confirm_K4_i000541,GRU,8,1,256,43,1.7365015484392643,16,48,576,cpu,1.750596970319748,1.778589017689228,1.7199910655617714,1.7077264785766602,project://predictor_specific_difficulty_v1/runs/confirm_K4_i000541/gru/d8/n256/seed1/DONE.json
done,confirm_K4_i000541,GRU,8,2,256,42,1.7788881585001943,16,48,576,cpu,1.7738538011908531,1.6923638582229614,1.7050888687372208,1.7286338284611702,project://predictor_specific_difficulty_v1/runs/confirm_K4_i000541/gru/d8/n256/seed2/DONE.json
done,confirm_K4_i000541,GRU,8,3,256,46,1.7013749182224274,16,48,576,cpu,1.7469713762402534,1.7152503579854963,1.7416061535477638,1.6540755406022072,project://predictor_specific_difficulty_v1/runs/confirm_K4_i000541/gru/d8/n256/seed3/DONE.json
done,confirm_K4_i000541,GRU,8,4,256,48,1.6920669041574,16,48,576,cpu,1.729187361896038,1.7270724847912788,1.7197219282388687,1.6943349540233612,project://predictor_specific_difficulty_v1/runs/confirm_K4_i000541/gru/d8/n256/seed4/DONE.json
done,confirm_K4_i000541,GRU,8,5,256,48,1.704692054539919,16,48,576,cpu,1.7608644738793373,1.7746825739741323,1.725418046116829,1.7180633172392843,project://predictor_specific_difficulty_v1/runs/confirm_K4_i000541/gru/d8/n256/seed5/DONE.json
done,confirm_K4_i000541,GRU,32,1,256,36,1.734976101666689,16,44,6888,cpu,1.7474177852272987,1.671411231160164,1.7712629064917564,1.7159287557005882,project://predictor_specific_difficulty_v1/runs/confirm_K4_i000541/gru/d32/n256/seed1/DONE.json
done,confirm_K4_i000541,GRU,32,2,256,48,1.712189432233572,16,48,6888,cpu,1.6938994601368904,1.6745638996362686,1.79616529494524,1.7031902149319649,project://predictor_specific_difficulty_v1/runs/confirm_K4_i000541/gru/d32/n256/seed2/DONE.json
done,confirm_K4_i000541,GRU,32,3,256,47,1.715241391211748,16,48,6888,cpu,1.680791087448597,1.7012567520141602,1.6676077768206596,1.7591723650693891,project://predictor_specific_difficulty_v1/runs/confirm_K4_i000541/gru/d32/n256/seed3/DONE.json
done,confirm_K4_i000541,GRU,32,4,256,17,1.7439125329256058,16,25,6888,cpu,1.803114928305149,1.7462445050477982,1.7211840599775314,1.7702377140522003,project://predictor_specific_difficulty_v1/runs/confirm_K4_i000541/gru/d32/n256/seed4/DONE.json
done,confirm_K4_i000541,GRU,32,5,256,38,1.713937845081091,16,46,6888,cpu,1.707387559115887,1.684329941868782,1.6663763523101809,1.718173265457153,project://predictor_specific_difficulty_v1/runs/confirm_K4_i000541/gru/d32/n256/seed5/DONE.json
done,confirm_K4_i000541,GRU,128,1,256,23,1.6610064804553986,16,31,101256,cpu,1.6876251101493835,1.7534443140029907,1.777690514922142,1.7805905044078827,project://predictor_specific_difficulty_v1/runs/confirm_K4_i000541/gru/d128/n256/seed1/DONE.json
done,confirm_K4_i000541,GRU,128,2,256,27,1.7286598309874537,16,35,101256,cpu,1.774579592049122,1.6853938847780228,1.6983604803681374,1.7081402838230133,project://predictor_specific_difficulty_v1/runs/confirm_K4_i000541/gru/d128/n256/seed2/DONE.json
done,confirm_K4_i000541,GRU,128,3,256,19,1.764218371361494,16,27,101256,cpu,1.6892118230462074,1.748328372836113,1.6715862974524498,1.6913660913705826,project://predictor_specific_difficulty_v1/runs/confirm_K4_i000541/gru/d128/n256/seed3/DONE.json
done,confirm_K4_i000541,GRU,128,4,256,15,1.7774799093604088,16,23,101256,cpu,1.7600110694766045,1.7103619873523712,1.7618792280554771,1.7180339470505714,project://predictor_specific_difficulty_v1/runs/confirm_K4_i000541/gru/d128/n256/seed4/DONE.json
done,confirm_K4_i000541,GRU,128,5,256,7,1.690724961459637,16,15,101256,cpu,1.732057847082615,1.6794534921646118,1.7570768520236015,1.7221182510256767,project://predictor_specific_difficulty_v1/runs/confirm_K4_i000541/gru/d128/n256/seed5/DONE.json
done,confirm_K4_i000541,Transformer,8,1,256,20,1.7400210350751877,16,28,1064,cpu,1.710627742111683,1.7426728531718254,1.7136829793453217,1.7608368620276451,project://predictor_specific_difficulty_v1/runs/confirm_K4_i000541/transformer/d8/n256/seed1/DONE.json
done,confirm_K4_i000541,Transformer,8,2,256,48,1.7384195253252983,16,48,1064,cpu,1.7474430352449415,1.6779252737760544,1.706156149506569,1.7138915807008743,project://predictor_specific_difficulty_v1/runs/confirm_K4_i000541/transformer/d8/n256/seed2/DONE.json
done,confirm_K4_i000541,Transformer,8,3,256,46,1.71070821210742,16,48,1064,cpu,1.6755211353302002,1.712882161140442,1.6829381063580513,1.7343143448233604,project://predictor_specific_difficulty_v1/runs/confirm_K4_i000541/transformer/d8/n256/seed3/DONE.json
done,confirm_K4_i000541,Transformer,8,4,256,41,1.755082607269287,16,48,1064,cpu,1.7458987087011335,1.7547292560338974,1.7678473070263865,1.6738594695925713,project://predictor_specific_difficulty_v1/runs/confirm_K4_i000541/transformer/d8/n256/seed4/DONE.json
done,confirm_K4_i000541,Transformer,8,5,256,24,1.7723912708461285,16,32,1064,cpu,1.7751907035708427,1.6649200171232224,1.6900276020169258,1.7434708997607231,project://predictor_specific_difficulty_v1/runs/confirm_K4_i000541/transformer/d8/n256/seed5/DONE.json
done,confirm_K4_i000541,Transformer,32,1,256,15,1.6852820105850697,16,23,13448,cpu,1.7382824644446373,1.6799048632383349,1.7451281994581225,1.796706140041351,project://predictor_specific_difficulty_v1/runs/confirm_K4_i000541/transformer/d32/n256/seed1/DONE.json
done,confirm_K4_i000541,Transformer,32,2,256,43,1.6846048720180988,16,48,13448,cpu,1.807191289961338,1.67611962556839,1.7562905699014664,1.7746278792619703,project://predictor_specific_difficulty_v1/runs/confirm_K4_i000541/transformer/d32/n256/seed2/DONE.json
done,confirm_K4_i000541,Transformer,32,3,256,9,1.6658620722591877,16,17,13448,cpu,1.7013924941420555,1.7187574058771131,1.6563791036605835,1.7430920749902723,project://predictor_specific_difficulty_v1/runs/confirm_K4_i000541/transformer/d32/n256/seed3/DONE.json
done,confirm_K4_i000541,Transformer,32,4,256,28,1.7349150143563747,16,36,13448,cpu,1.7412068992853165,1.732629120349884,1.6732977628707886,1.744597166776657,project://predictor_specific_difficulty_v1/runs/confirm_K4_i000541/transformer/d32/n256/seed4/DONE.json
done,confirm_K4_i000541,Transformer,32,5,256,7,1.707952506840229,16,15,13448,cpu,1.745407983660698,1.7404024973511696,1.6738697588443756,1.7388569861650467,project://predictor_specific_difficulty_v1/runs/confirm_K4_i000541/transformer/d32/n256/seed5/DONE.json
done,confirm_K4_i000541,Transformer,128,1,256,16,1.7445123754441738,16,24,201224,cpu,1.741318829357624,1.7416646033525467,1.7506886273622513,1.720393389463425,project://predictor_specific_difficulty_v1/runs/confirm_K4_i000541/transformer/d128/n256/seed1/DONE.json
done,confirm_K4_i000541,Transformer,128,2,256,36,1.6454874500632286,16,44,201224,cpu,1.6580907478928566,1.726455084979534,1.7590066269040108,1.7301126345992088,project://predictor_specific_difficulty_v1/runs/confirm_K4_i000541/transformer/d128/n256/seed2/DONE.json
done,confirm_K4_i000541,Transformer,128,3,256,4,1.7447815425693989,16,12,201224,cpu,1.8098681569099424,1.7692826837301254,1.678154431283474,1.830874130129814,project://predictor_specific_difficulty_v1/runs/confirm_K4_i000541/transformer/d128/n256/seed3/DONE.json
done,confirm_K4_i000541,Transformer,128,4,256,10,1.7688378617167473,16,18,201224,cpu,1.7600563913583755,1.845863752067089,1.7126707881689072,1.784685656428337,project://predictor_specific_difficulty_v1/runs/confirm_K4_i000541/transformer/d128/n256/seed4/DONE.json
done,confirm_K4_i000541,Transformer,128,5,256,23,1.7053150869905949,16,31,201224,cpu,1.74012603610754,1.758450098335743,1.7176276817917824,1.7309246435761452,project://predictor_specific_difficulty_v1/runs/confirm_K4_i000541/transformer/d128/n256/seed5/DONE.json
done,confirm_K4_i000955,GRU,8,1,256,48,1.974435180425644,16,48,576,cpu,1.978662371635437,2.0139040648937225,1.9573108106851576,1.992122858762741,project://predictor_specific_difficulty_v1/runs/confirm_K4_i000955/gru/d8/n256/seed1/DONE.json
done,confirm_K4_i000955,GRU,8,2,256,48,1.984279502183199,16,48,576,cpu,1.9929236099123957,1.993169255554676,1.9862357899546623,1.9933391883969307,project://predictor_specific_difficulty_v1/runs/confirm_K4_i000955/gru/d8/n256/seed2/DONE.json
done,confirm_K4_i000955,GRU,8,3,256,45,1.9788144193589687,16,48,576,cpu,1.9874717965722084,1.9736325815320013,1.9688216149806976,1.9941719621419909,project://predictor_specific_difficulty_v1/runs/confirm_K4_i000955/gru/d8/n256/seed3/DONE.json
done,confirm_K4_i000955,GRU,8,4,256,43,1.9983637407422064,16,48,576,cpu,1.9840636178851128,1.970235027372837,1.9786672741174696,2.0076948404312134,project://predictor_specific_difficulty_v1/runs/confirm_K4_i000955/gru/d8/n256/seed4/DONE.json
done,confirm_K4_i000955,GRU,8,5,256,43,1.9895178005099297,16,48,576,cpu,2.008305393159389,2.0008439868688583,1.9900953024625776,1.9576614126563072,project://predictor_specific_difficulty_v1/runs/confirm_K4_i000955/gru/d8/n256/seed5/DONE.json
done,confirm_K4_i000955,GRU,32,1,256,15,1.9873950704932213,16,23,6888,cpu,1.9844118878245356,1.970158040523529,1.986070916056633,2.0046801194548607,project://predictor_specific_difficulty_v1/runs/confirm_K4_i000955/gru/d32/n256/seed1/DONE.json
done,confirm_K4_i000955,GRU,32,2,256,13,1.97137401252985,16,21,6888,cpu,1.995399475097656,1.9907374158501625,1.969545274972916,1.9580535516142843,project://predictor_specific_difficulty_v1/runs/confirm_K4_i000955/gru/d32/n256/seed2/DONE.json
done,confirm_K4_i000955,GRU,32,3,256,37,1.971157252788544,16,45,6888,cpu,1.9489943385124209,1.971677385270596,1.9550055041909216,1.9636980518698688,project://predictor_specific_difficulty_v1/runs/confirm_K4_i000955/gru/d32/n256/seed3/DONE.json
done,confirm_K4_i000955,GRU,32,4,256,24,1.9845612682402132,16,32,6888,cpu,1.9739596992731092,1.947261899709701,1.994257628917694,2.019973799586296,project://predictor_specific_difficulty_v1/runs/confirm_K4_i000955/gru/d32/n256/seed4/DONE.json
done,confirm_K4_i000955,GRU,32,5,256,20,1.9705438278615477,16,28,6888,cpu,1.9690594375133517,1.953205220401287,1.988948918879032,1.954078130424023,project://predictor_specific_difficulty_v1/runs/confirm_K4_i000955/gru/d32/n256/seed5/DONE.json
done,confirm_K4_i000955,GRU,128,1,256,3,1.9990180619060995,16,12,101256,cpu,1.999382585287094,1.9513884708285327,2.016314335167408,2.057714730501175,project://predictor_specific_difficulty_v1/runs/confirm_K4_i000955/gru/d128/n256/seed1/DONE.json
done,confirm_K4_i000955,GRU,128,2,256,9,1.9829018972814083,16,17,101256,cpu,2.020316831767559,1.955477587878704,1.9959009513258932,1.9926959127187729,project://predictor_specific_difficulty_v1/runs/confirm_K4_i000955/gru/d128/n256/seed2/DONE.json
done,confirm_K4_i000955,GRU,128,3,256,8,1.9888610318303108,16,16,101256,cpu,1.9883796349167824,1.9881917461752887,1.9869911894202232,1.9692310988903048,project://predictor_specific_difficulty_v1/runs/confirm_K4_i000955/gru/d128/n256/seed3/DONE.json
done,confirm_K4_i000955,GRU,128,4,256,19,1.983829479664564,16,27,101256,cpu,1.975322224199772,1.9990026876330376,2.018950767815113,2.0347783118486404,project://predictor_specific_difficulty_v1/runs/confirm_K4_i000955/gru/d128/n256/seed4/DONE.json
done,confirm_K4_i000955,GRU,128,5,256,9,1.9502571262419224,16,17,101256,cpu,1.97470697760582,1.963783249258995,1.979088932275772,2.015575386583805,project://predictor_specific_difficulty_v1/runs/confirm_K4_i000955/gru/d128/n256/seed5/DONE.json
done,confirm_K4_i000955,Transformer,8,1,256,47,1.9879683293402195,16,48,1064,cpu,2.0151146799325943,1.9502295777201653,1.9883749932050705,2.017725721001625,project://predictor_specific_difficulty_v1/runs/confirm_K4_i000955/transformer/d8/n256/seed1/DONE.json
done,confirm_K4_i000955,Transformer,8,2,256,30,1.986192662268877,16,38,1064,cpu,2.0096361935138702,1.982034645974636,2.005333460867405,2.001683361828327,project://predictor_specific_difficulty_v1/runs/confirm_K4_i000955/transformer/d8/n256/seed2/DONE.json
done,confirm_K4_i000955,Transformer,8,3,256,41,1.9520468898117544,16,48,1064,cpu,1.947250045835972,1.9838730320334437,1.9720044806599617,2.008430689573288,project://predictor_specific_difficulty_v1/runs/confirm_K4_i000955/transformer/d8/n256/seed3/DONE.json
done,confirm_K4_i000955,Transformer,8,4,256,47,1.978831857442856,16,48,1064,cpu,1.9648440703749657,1.9832006096839905,1.989188559353352,1.9912384301424024,project://predictor_specific_difficulty_v1/runs/confirm_K4_i000955/transformer/d8/n256/seed4/DONE.json
done,confirm_K4_i000955,Transformer,8,5,256,48,1.9807322397828104,16,48,1064,cpu,1.9765241667628288,2.0014857724308968,2.0078470781445503,2.0043823421001434,project://predictor_specific_difficulty_v1/runs/confirm_K4_i000955/transformer/d8/n256/seed5/DONE.json
done,confirm_K4_i000955,Transformer,32,1,256,14,1.991297796368599,16,22,13448,cpu,1.9646646976470947,2.0052402913570404,1.996513329446316,2.017352946102619,project://predictor_specific_difficulty_v1/runs/confirm_K4_i000955/transformer/d32/n256/seed1/DONE.json
done,confirm_K4_i000955,Transformer,32,2,256,26,1.9736402817070484,16,34,13448,cpu,1.9663996174931528,1.9652032926678655,2.0098351165652275,2.0012804940342903,project://predictor_specific_difficulty_v1/runs/confirm_K4_i000955/transformer/d32/n256/seed2/DONE.json
done,confirm_K4_i000955,Transformer,32,3,256,8,1.973042234778404,16,16,13448,cpu,1.9718453511595728,2.0025153905153275,1.969521425664425,1.9928408041596413,project://predictor_specific_difficulty_v1/runs/confirm_K4_i000955/transformer/d32/n256/seed3/DONE.json
done,confirm_K4_i000955,Transformer,32,4,256,15,1.982856009155512,16,23,13448,cpu,1.9966216161847117,1.953957349061966,1.979937195777893,1.9826504737138748,project://predictor_specific_difficulty_v1/runs/confirm_K4_i000955/transformer/d32/n256/seed4/DONE.json
done,confirm_K4_i000955,Transformer,32,5,256,15,1.991318512707949,16,23,13448,cpu,2.04339237511158,1.9795238003134727,1.9665060192346573,2.017626203596592,project://predictor_specific_difficulty_v1/runs/confirm_K4_i000955/transformer/d32/n256/seed5/DONE.json
done,confirm_K4_i000955,Transformer,128,1,256,40,1.966503378003836,16,48,201224,cpu,2.0001235678792,1.919405311346054,1.9617721810936928,1.953528553247452,project://predictor_specific_difficulty_v1/runs/confirm_K4_i000955/transformer/d128/n256/seed1/DONE.json
done,confirm_K4_i000955,Transformer,128,2,256,14,1.9844722636044023,16,22,201224,cpu,2.013117156922817,2.026325345039368,2.026770271360874,2.0204316154122357,project://predictor_specific_difficulty_v1/runs/confirm_K4_i000955/transformer/d128/n256/seed2/DONE.json
done,confirm_K4_i000955,Transformer,128,3,256,8,1.98543381690979,16,16,201224,cpu,2.050266854465008,2.019539162516594,2.02359938621521,1.987791508436203,project://predictor_specific_difficulty_v1/runs/confirm_K4_i000955/transformer/d128/n256/seed3/DONE.json
done,confirm_K4_i000955,Transformer,128,4,256,40,1.9605093523859976,16,48,201224,cpu,1.979918509721756,2.0153439044952397,1.985855154693127,1.99851393699646,project://predictor_specific_difficulty_v1/runs/confirm_K4_i000955/transformer/d128/n256/seed4/DONE.json
done,confirm_K4_i000955,Transformer,128,5,256,14,1.986757431179285,16,22,201224,cpu,2.002721145749092,2.0252129212021828,2.045466661453247,2.012605331838131,project://predictor_specific_difficulty_v1/runs/confirm_K4_i000955/transformer/d128/n256/seed5/DONE.json
done,confirm_K4_i000499,GRU,8,1,256,46,1.7724084816873074,16,48,576,cpu,1.826970644295216,1.7886294648051262,1.8282752111554144,1.7416893765330317,project://predictor_specific_difficulty_v1/runs/confirm_K4_i000499/gru/d8/n256/seed1/DONE.json
done,confirm_K4_i000499,GRU,8,2,256,40,1.78702974319458,16,48,576,cpu,1.7971283793449402,1.76133344322443,1.7905014231801033,1.7951376214623451,project://predictor_specific_difficulty_v1/runs/confirm_K4_i000499/gru/d8/n256/seed2/DONE.json
done,confirm_K4_i000499,GRU,8,3,256,48,1.7827444858849049,16,48,576,cpu,1.822529710829258,1.815217226743698,1.7259961143136024,1.75904431194067,project://predictor_specific_difficulty_v1/runs/confirm_K4_i000499/gru/d8/n256/seed3/DONE.json
done,confirm_K4_i000499,GRU,8,4,256,48,1.7769502066075802,16,48,576,cpu,1.7929526641964912,1.7337602972984314,1.8237706944346428,1.7196054235100746,project://predictor_specific_difficulty_v1/runs/confirm_K4_i000499/gru/d8/n256/seed4/DONE.json
done,confirm_K4_i000499,GRU,8,5,256,48,1.7811141647398472,16,48,576,cpu,1.7805467918515203,1.7697985768318176,1.7799732238054276,1.8158510774374008,project://predictor_specific_difficulty_v1/runs/confirm_K4_i000499/gru/d8/n256/seed5/DONE.json
done,confirm_K4_i000499,GRU,32,1,256,33,1.7888075187802317,16,41,6888,cpu,1.7689170986413956,1.7284679412841797,1.7422834411263466,1.7729248702526093,project://predictor_specific_difficulty_v1/runs/confirm_K4_i000499/gru/d32/n256/seed1/DONE.json
done,confirm_K4_i000499,GRU,32,2,256,11,1.8180351592600343,16,19,6888,cpu,1.852909192442894,1.7331372871994972,1.816594772040844,1.7991024255752563,project://predictor_specific_difficulty_v1/runs/confirm_K4_i000499/gru/d32/n256/seed2/DONE.json
done,confirm_K4_i000499,GRU,32,3,256,30,1.7612642236053944,16,38,6888,cpu,1.7987010031938553,1.8203899264335632,1.8713461682200432,1.716988280415535,project://predictor_specific_difficulty_v1/runs/confirm_K4_i000499/gru/d32/n256/seed3/DONE.json
done,confirm_K4_i000499,GRU,32,4,256,22,1.8077929727733133,16,30,6888,cpu,1.7902282997965813,1.7797448262572289,1.7210408374667168,1.825878344476223,project://predictor_specific_difficulty_v1/runs/confirm_K4_i000499/gru/d32/n256/seed4/DONE.json
done,confirm_K4_i000499,GRU,32,5,256,26,1.771883960813284,16,34,6888,cpu,1.820420168340206,1.768821433186531,1.848844595253468,1.7594676986336708,project://predictor_specific_difficulty_v1/runs/confirm_K4_i000499/gru/d32/n256/seed5/DONE.json
done,confirm_K4_i000499,GRU,128,1,256,11,1.7545692101120949,16,19,101256,cpu,1.796874225139618,1.752529114484787,1.839960552752018,1.753731094300747,project://predictor_specific_difficulty_v1/runs/confirm_K4_i000499/gru/d128/n256/seed1/DONE.json
done,confirm_K4_i000499,GRU,128,2,256,12,1.81566708907485,16,20,101256,cpu,1.795750431716442,1.830834999680519,1.755778893828392,1.8609697669744487,project://predictor_specific_difficulty_v1/runs/confirm_K4_i000499/gru/d128/n256/seed2/DONE.json
done,confirm_K4_i000499,GRU,128,3,256,14,1.8087316006422045,16,22,101256,cpu,1.8160774186253548,1.782021947205067,1.770228810608387,1.8341674208641048,project://predictor_specific_difficulty_v1/runs/confirm_K4_i000499/gru/d128/n256/seed3/DONE.json
done,confirm_K4_i000499,GRU,128,4,256,23,1.8381412997841835,16,31,101256,cpu,1.802135445177555,1.8008650913834572,1.7928050607442856,1.8179458677768707,project://predictor_specific_difficulty_v1/runs/confirm_K4_i000499/gru/d128/n256/seed4/DONE.json
done,confirm_K4_i000499,GRU,128,5,256,9,1.7992390394210815,16,17,101256,cpu,1.778547741472721,1.7160623893141749,1.8337930962443352,1.835386388003826,project://predictor_specific_difficulty_v1/runs/confirm_K4_i000499/gru/d128/n256/seed5/DONE.json
done,confirm_K4_i000499,Transformer,8,1,256,41,1.7338544614613056,16,48,1064,cpu,1.7709959298372269,1.7308266684412956,1.7700968012213707,1.7843787297606468,project://predictor_specific_difficulty_v1/runs/confirm_K4_i000499/transformer/d8/n256/seed1/DONE.json
done,confirm_K4_i000499,Transformer,8,2,256,33,1.7586392797529695,16,41,1064,cpu,1.7986129894852638,1.869706779718399,1.749428741633892,1.6979998350143433,project://predictor_specific_difficulty_v1/runs/confirm_K4_i000499/transformer/d8/n256/seed2/DONE.json
done,confirm_K4_i000499,Transformer,8,3,256,48,1.786402802914381,16,48,1064,cpu,1.755162976682186,1.7498683407902718,1.7658238485455513,1.781031459569931,project://predictor_specific_difficulty_v1/runs/confirm_K4_i000499/transformer/d8/n256/seed3/DONE.json
done,confirm_K4_i000499,Transformer,8,4,256,33,1.772859912365675,16,41,1064,cpu,1.7413202822208405,1.7320379838347435,1.7058496177196505,1.8057321831583977,project://predictor_specific_difficulty_v1/runs/confirm_K4_i000499/transformer/d8/n256/seed4/DONE.json
done,confirm_K4_i000499,Transformer,8,5,256,39,1.790919292718172,16,47,1064,cpu,1.8151010274887085,1.7534565776586533,1.732643373310566,1.7638909369707108,project://predictor_specific_difficulty_v1/runs/confirm_K4_i000499/transformer/d8/n256/seed5/DONE.json
done,confirm_K4_i000499,Transformer,32,1,256,21,1.787087369710207,16,29,13448,cpu,1.7701247856020927,1.8183570504188535,1.7562455460429192,1.762143112719059,project://predictor_specific_difficulty_v1/runs/confirm_K4_i000499/transformer/d32/n256/seed1/DONE.json
done,confirm_K4_i000499,Transformer,32,2,256,14,1.7814401872456074,16,22,13448,cpu,1.7144528105854988,1.733856774866581,1.7967524752020836,1.7915827855467796,project://predictor_specific_difficulty_v1/runs/confirm_K4_i000499/transformer/d32/n256/seed2/DONE.json
done,confirm_K4_i000499,Transformer,32,3,256,15,1.794779308140278,16,23,13448,cpu,1.769911177456379,1.835998795926571,1.809497572481632,1.7939736992120745,project://predictor_specific_difficulty_v1/runs/confirm_K4_i000499/transformer/d32/n256/seed3/DONE.json
done,confirm_K4_i000499,Transformer,32,4,256,28,1.7534173913300035,16,36,13448,cpu,1.792229287326336,1.832608364522457,1.8175137341022487,1.7368910387158394,project://predictor_specific_difficulty_v1/runs/confirm_K4_i000499/transformer/d32/n256/seed4/DONE.json
done,confirm_K4_i000499,Transformer,32,5,256,23,1.769927803426981,16,31,13448,cpu,1.683452092111111,1.7807895168662071,1.7423399537801745,1.740351840853691,project://predictor_specific_difficulty_v1/runs/confirm_K4_i000499/transformer/d32/n256/seed5/DONE.json
done,confirm_K4_i000499,Transformer,128,1,256,25,1.7604173682630062,16,33,201224,cpu,1.846952699124813,1.7594413980841637,1.7961504235863686,1.7758033350110054,project://predictor_specific_difficulty_v1/runs/confirm_K4_i000499/transformer/d128/n256/seed1/DONE.json
done,confirm_K4_i000499,Transformer,128,2,256,21,1.7648829072713852,16,29,201224,cpu,1.7485441416502,1.809849552810192,1.7984261065721512,1.7647139057517052,project://predictor_specific_difficulty_v1/runs/confirm_K4_i000499/transformer/d128/n256/seed2/DONE.json
done,confirm_K4_i000499,Transformer,128,3,256,26,1.7918165773153305,16,34,201224,cpu,1.7200861871242523,1.7831508740782738,1.6532070338726044,1.7470849826931951,project://predictor_specific_difficulty_v1/runs/confirm_K4_i000499/transformer/d128/n256/seed3/DONE.json
done,confirm_K4_i000499,Transformer,128,4,256,17,1.8094825819134712,16,25,201224,cpu,1.7569554895162582,1.851920306682587,1.7977491691708565,1.8007692769169807,project://predictor_specific_difficulty_v1/runs/confirm_K4_i000499/transformer/d128/n256/seed4/DONE.json
done,confirm_K4_i000499,Transformer,128,5,256,13,1.7795665673911572,16,21,201224,cpu,1.7938071191310885,1.8193942829966545,1.800137184560299,1.819735795259476,project://predictor_specific_difficulty_v1/runs/confirm_K4_i000499/transformer/d128/n256/seed5/DONE.json
done,confirm_K4_i000025,GRU,8,1,256,32,2.0100680105388165,16,40,576,cpu,2.002417579293251,2.005479022860527,1.9997051432728767,2.0067655816674232,project://predictor_specific_difficulty_v1/runs/confirm_K4_i000025/gru/d8/n256/seed1/DONE.json
done,confirm_K4_i000025,GRU,8,2,256,30,2.0278676711022854,16,38,576,cpu,2.0048241689801216,2.035564087331295,2.009622246026993,2.013610422611237,project://predictor_specific_difficulty_v1/runs/confirm_K4_i000025/gru/d8/n256/seed2/DONE.json
done,confirm_K4_i000025,GRU,8,3,256,44,2.001274861395359,16,48,576,cpu,2.017152704298496,2.0053183287382126,2.029864400625229,2.0402057468891144,project://predictor_specific_difficulty_v1/runs/confirm_K4_i000025/gru/d8/n256/seed3/DONE.json
done,confirm_K4_i000025,GRU,8,4,256,47,1.9961566217243671,16,48,576,cpu,2.048011973500252,2.011829137802124,2.02488212287426,2.0035326704382896,project://predictor_specific_difficulty_v1/runs/confirm_K4_i000025/gru/d8/n256/seed4/DONE.json
done,confirm_K4_i000025,GRU,8,5,256,47,2.007093772292137,16,48,576,cpu,1.9980397745966911,2.0026700273156166,2.019448824226856,2.0297052934765816,project://predictor_specific_difficulty_v1/runs/confirm_K4_i000025/gru/d8/n256/seed5/DONE.json
done,confirm_K4_i000025,GRU,32,1,256,19,2.024143949151039,16,27,6888,cpu,2.023921377956867,2.0005776286125183,2.01874490827322,2.0253694280982018,project://predictor_specific_difficulty_v1/runs/confirm_K4_i000025/gru/d32/n256/seed1/DONE.json
done,confirm_K4_i000025,GRU,32,2,256,16,2.016227837651968,16,24,6888,cpu,2.0042716786265373,2.018230326473713,2.019389308989048,1.99998227506876,project://predictor_specific_difficulty_v1/runs/confirm_K4_i000025/gru/d32/n256/seed2/DONE.json
done,confirm_K4_i000025,GRU,32,3,256,31,1.988080009818077,16,39,6888,cpu,2.018028326332569,2.00295277684927,2.0266210734844208,2.006896488368511,project://predictor_specific_difficulty_v1/runs/confirm_K4_i000025/gru/d32/n256/seed3/DONE.json
done,confirm_K4_i000025,GRU,32,4,256,29,2.009980943053961,16,37,6888,cpu,2.018673814833164,2.0172936469316483,2.02413722127676,2.01539396494627,project://predictor_specific_difficulty_v1/runs/confirm_K4_i000025/gru/d32/n256/seed4/DONE.json
done,confirm_K4_i000025,GRU,32,5,256,19,2.000598080456257,16,27,6888,cpu,2.032648779451847,2.0303477123379707,2.0030777975916862,2.012488029897213,project://predictor_specific_difficulty_v1/runs/confirm_K4_i000025/gru/d32/n256/seed5/DONE.json
done,confirm_K4_i000025,GRU,128,1,256,7,2.012111157178879,16,15,101256,cpu,2.032971531152725,2.012489691376686,2.0253179743885994,2.0362772345542908,project://predictor_specific_difficulty_v1/runs/confirm_K4_i000025/gru/d128/n256/seed1/DONE.json
done,confirm_K4_i000025,GRU,128,2,256,12,2.0244721695780754,16,20,101256,cpu,2.027605697512626,2.0169759169220924,2.0299727842211723,2.0162549763917923,project://predictor_specific_difficulty_v1/runs/confirm_K4_i000025/gru/d128/n256/seed2/DONE.json
done,confirm_K4_i000025,GRU,128,3,256,6,1.992383923381567,16,14,101256,cpu,2.021769270300865,2.063583023846149,2.0306860134005547,2.0353951156139374,project://predictor_specific_difficulty_v1/runs/confirm_K4_i000025/gru/d128/n256/seed3/DONE.json
done,confirm_K4_i000025,GRU,128,4,256,13,2.004287637770176,16,21,101256,cpu,2.0197494328022003,2.01812831312418,2.034901343286037,2.0297484695911407,project://predictor_specific_difficulty_v1/runs/confirm_K4_i000025/gru/d128/n256/seed4/DONE.json
done,confirm_K4_i000025,GRU,128,5,256,11,2.024674315005541,16,19,101256,cpu,2.002451337873936,2.0598384141922,1.9925972372293472,2.0709822848439217,project://predictor_specific_difficulty_v1/runs/confirm_K4_i000025/gru/d128/n256/seed5/DONE.json
done,confirm_K4_i000025,Transformer,8,1,256,30,2.0218931548297405,16,38,1064,cpu,2.000651389360428,2.033763110637665,2.019369713962078,2.039595179259777,project://predictor_specific_difficulty_v1/runs/confirm_K4_i000025/transformer/d8/n256/seed1/DONE.json
done,confirm_K4_i000025,Transformer,8,2,256,35,2.035142045468092,16,43,1064,cpu,2.0591499879956245,2.0265675336122517,2.0355925783514977,2.0074335411190987,project://predictor_specific_difficulty_v1/runs/confirm_K4_i000025/transformer/d8/n256/seed2/DONE.json
done,confirm_K4_i000025,Transformer,8,3,256,45,2.025215420871973,16,48,1064,cpu,2.0228408128023148,2.001314118504524,2.0024469420313835,1.9822151139378548,project://predictor_specific_difficulty_v1/runs/confirm_K4_i000025/transformer/d8/n256/seed3/DONE.json
done,confirm_K4_i000025,Transformer,8,4,256,28,2.021600268781185,16,36,1064,cpu,2.0325004681944847,2.0175170227885246,2.004856012761593,2.026697434484958,project://predictor_specific_difficulty_v1/runs/confirm_K4_i000025/transformer/d8/n256/seed4/DONE.json
done,confirm_K4_i000025,Transformer,8,5,256,35,2.033940989524126,16,43,1064,cpu,2.024411708116532,1.98127943277359,1.99749019742012,2.0192324444651604,project://predictor_specific_difficulty_v1/runs/confirm_K4_i000025/transformer/d8/n256/seed5/DONE.json
done,confirm_K4_i000025,Transformer,32,1,256,17,2.034258734434843,16,25,13448,cpu,2.0338704586029053,2.0012965202331543,2.01912084966898,2.028660327196121,project://predictor_specific_difficulty_v1/runs/confirm_K4_i000025/transformer/d32/n256/seed1/DONE.json
done,confirm_K4_i000025,Transformer,32,2,256,18,1.9895192421972752,16,26,13448,cpu,1.9912585318088527,2.025743581354618,2.037022203207016,2.0040814131498337,project://predictor_specific_difficulty_v1/runs/confirm_K4_i000025/transformer/d32/n256/seed2/DONE.json
done,confirm_K4_i000025,Transformer,32,3,256,14,2.0082636028528214,16,22,13448,cpu,2.018802650272846,2.027698919177056,2.0096682757139206,1.988643743097782,project://predictor_specific_difficulty_v1/runs/confirm_K4_i000025/transformer/d32/n256/seed3/DONE.json
done,confirm_K4_i000025,Transformer,32,4,256,15,2.0165277644991875,16,23,13448,cpu,2.017677441239357,2.007630795240402,2.000498875975609,2.013784848153591,project://predictor_specific_difficulty_v1/runs/confirm_K4_i000025/transformer/d32/n256/seed4/DONE.json
done,confirm_K4_i000025,Transformer,32,5,256,12,2.0274331010878086,16,20,13448,cpu,2.044726274907589,2.002125419676304,1.999648466706276,2.020943261682987,project://predictor_specific_difficulty_v1/runs/confirm_K4_i000025/transformer/d32/n256/seed5/DONE.json
done,confirm_K4_i000025,Transformer,128,1,256,9,2.019533842802048,16,17,201224,cpu,2.0055062994360924,2.072505421936512,2.053484559059143,2.044916674494744,project://predictor_specific_difficulty_v1/runs/confirm_K4_i000025/transformer/d128/n256/seed1/DONE.json
done,confirm_K4_i000025,Transformer,128,2,256,19,2.0239868611097336,16,27,201224,cpu,2.0216520875692368,2.0229363441467285,2.0378216430544853,2.010330878198147,project://predictor_specific_difficulty_v1/runs/confirm_K4_i000025/transformer/d128/n256/seed2/DONE.json
done,confirm_K4_i000025,Transformer,128,3,256,31,1.9993648789823053,16,39,201224,cpu,2.003858916461468,2.029419720172882,2.0265907868742943,2.063238464295864,project://predictor_specific_difficulty_v1/runs/confirm_K4_i000025/transformer/d128/n256/seed3/DONE.json
done,confirm_K4_i000025,Transformer,128,4,256,15,1.997618943452835,16,23,201224,cpu,2.0341993495821957,2.023104637861252,2.052219107747078,2.048858106136322,project://predictor_specific_difficulty_v1/runs/confirm_K4_i000025/transformer/d128/n256/seed4/DONE.json
done,confirm_K4_i000025,Transformer,128,5,256,42,1.9993995018303397,16,48,201224,cpu,2.0143545642495155,2.0401063412427902,2.042319543659687,2.0577662214636803,project://predictor_specific_difficulty_v1/runs/confirm_K4_i000025/transformer/d128/n256/seed5/DONE.json
done,confirm_K4_i000700,GRU,8,1,256,47,1.7733362950384617,16,48,576,cpu,1.7944267764687538,1.759625464677811,1.7223229855298996,1.7492002174258232,project://predictor_specific_difficulty_v1/runs/confirm_K4_i000700/gru/d8/n256/seed1/DONE.json
done,confirm_K4_i000700,GRU,8,2,256,47,1.8098447248339653,16,48,576,cpu,1.7952231988310814,1.7441053315997124,1.7505603581666946,1.7541566118597984,project://predictor_specific_difficulty_v1/runs/confirm_K4_i000700/gru/d8/n256/seed2/DONE.json
done,confirm_K4_i000700,GRU,8,3,256,48,1.7448664717376232,16,48,576,cpu,1.7422230616211891,1.7884511277079582,1.7657848745584488,1.7446361035108566,project://predictor_specific_difficulty_v1/runs/confirm_K4_i000700/gru/d8/n256/seed3/DONE.json
done,confirm_K4_i000700,GRU,8,4,256,44,1.7546243257820606,16,48,576,cpu,1.8043695911765096,1.7615201324224472,1.7936575636267662,1.7777082175016403,project://predictor_specific_difficulty_v1/runs/confirm_K4_i000700/gru/d8/n256/seed4/DONE.json
done,confirm_K4_i000700,GRU,8,5,256,32,1.7555150277912617,16,40,576,cpu,1.8023517057299612,1.8028096556663515,1.710949033498764,1.780799850821495,project://predictor_specific_difficulty_v1/runs/confirm_K4_i000700/gru/d8/n256/seed5/DONE.json
done,confirm_K4_i000700,GRU,32,1,256,38,1.764985989779234,16,46,6888,cpu,1.7537339478731155,1.833361387252808,1.7394025847315788,1.7465263456106186,project://predictor_specific_difficulty_v1/runs/confirm_K4_i000700/gru/d32/n256/seed1/DONE.json
done,confirm_K4_i000700,GRU,32,2,256,13,1.733142577111721,16,21,6888,cpu,1.7655131444334984,1.7839208245277405,1.8056830018758772,1.7957028299570084,project://predictor_specific_difficulty_v1/runs/confirm_K4_i000700/gru/d32/n256/seed2/DONE.json
done,confirm_K4_i000700,GRU,32,3,256,30,1.7587680853903294,16,38,6888,cpu,1.778859131038189,1.7614700347185137,1.8211466372013088,1.7052089124917984,project://predictor_specific_difficulty_v1/runs/confirm_K4_i000700/gru/d32/n256/seed3/DONE.json
done,confirm_K4_i000700,GRU,32,4,256,34,1.7295621372759342,16,42,6888,cpu,1.7950546368956566,1.7720053642988205,1.7520397529006004,1.7688875868916512,project://predictor_specific_difficulty_v1/runs/confirm_K4_i000700/gru/d32/n256/seed4/DONE.json
done,confirm_K4_i000700,GRU,32,5,256,33,1.7362680360674858,16,41,6888,cpu,1.7527578845620155,1.817130379378796,1.79499714076519,1.7650229930877686,project://predictor_specific_difficulty_v1/runs/confirm_K4_i000700/gru/d32/n256/seed5/DONE.json
done,confirm_K4_i000700,GRU,128,1,256,31,1.7409112341701984,16,39,101256,cpu,1.8200087770819664,1.7845105156302452,1.7698594331741333,1.802631124854088,project://predictor_specific_difficulty_v1/runs/confirm_K4_i000700/gru/d128/n256/seed1/DONE.json
done,confirm_K4_i000700,GRU,128,2,256,19,1.776406791061163,16,27,101256,cpu,1.7594084441661837,1.799636110663414,1.7379010021686554,1.7684465274214745,project://predictor_specific_difficulty_v1/runs/confirm_K4_i000700/gru/d128/n256/seed2/DONE.json
done,confirm_K4_i000700,GRU,128,3,256,33,1.7755896300077438,16,41,101256,cpu,1.7679193019866943,1.793162263929844,1.7772517129778862,1.836928777396679,project://predictor_specific_difficulty_v1/runs/confirm_K4_i000700/gru/d128/n256/seed3/DONE.json
done,confirm_K4_i000700,GRU,128,4,256,23,1.7269086129963398,16,31,101256,cpu,1.796883188188076,1.792080506682396,1.7892226055264473,1.8061114400625229,project://predictor_specific_difficulty_v1/runs/confirm_K4_i000700/gru/d128/n256/seed4/DONE.json
done,confirm_K4_i000700,GRU,128,5,256,13,1.753877833485603,16,21,101256,cpu,1.7982626929879189,1.7718047425150871,1.7326133027672768,1.7123571410775185,project://predictor_specific_difficulty_v1/runs/confirm_K4_i000700/gru/d128/n256/seed5/DONE.json
done,confirm_K4_i000700,Transformer,8,1,256,38,1.7654965072870257,16,46,1064,cpu,1.797519713640213,1.750165954232216,1.7916020825505257,1.7615518495440483,project://predictor_specific_difficulty_v1/runs/confirm_K4_i000700/transformer/d8/n256/seed1/DONE.json
done,confirm_K4_i000700,Transformer,8,2,256,34,1.7404181025922298,16,42,1064,cpu,1.7640209794044497,1.7731755524873734,1.7996942847967148,1.7404205054044724,project://predictor_specific_difficulty_v1/runs/confirm_K4_i000700/transformer/d8/n256/seed2/DONE.json
done,confirm_K4_i000700,Transformer,8,3,256,18,1.7580498084425926,16,26,1064,cpu,1.7193002924323082,1.7410743683576584,1.8012115135788918,1.7663177326321602,project://predictor_specific_difficulty_v1/runs/confirm_K4_i000700/transformer/d8/n256/seed3/DONE.json
done,confirm_K4_i000700,Transformer,8,4,256,18,1.747212041169405,16,26,1064,cpu,1.8019827753305435,1.783375404775143,1.8017242178320885,1.782416932284832,project://predictor_specific_difficulty_v1/runs/confirm_K4_i000700/transformer/d8/n256/seed4/DONE.json
done,confirm_K4_i000700,Transformer,8,5,256,24,1.7563289403915403,16,32,1064,cpu,1.7710228711366651,1.6882348880171776,1.7801017463207245,1.7266264408826828,project://predictor_specific_difficulty_v1/runs/confirm_K4_i000700/transformer/d8/n256/seed5/DONE.json
done,confirm_K4_i000700,Transformer,32,1,256,12,1.750270701944828,16,20,13448,cpu,1.7587089985609057,1.7953585535287857,1.7015144675970078,1.7251140549778938,project://predictor_specific_difficulty_v1/runs/confirm_K4_i000700/transformer/d32/n256/seed1/DONE.json
done,confirm_K4_i000700,Transformer,32,2,256,17,1.7160748057067394,16,25,13448,cpu,1.739349104464054,1.7738005593419075,1.7784687131643295,1.692305788397789,project://predictor_specific_difficulty_v1/runs/confirm_K4_i000700/transformer/d32/n256/seed2/DONE.json
done,confirm_K4_i000700,Transformer,32,3,256,16,1.7004150487482548,16,24,13448,cpu,1.7733210325241089,1.7196888476610184,1.742581129074097,1.800879366695881,project://predictor_specific_difficulty_v1/runs/confirm_K4_i000700/transformer/d32/n256/seed3/DONE.json
done,confirm_K4_i000700,Transformer,32,4,256,7,1.7490405216813087,16,15,13448,cpu,1.7430664971470833,1.7756345123052597,1.7487674430012703,1.7617715895175934,project://predictor_specific_difficulty_v1/runs/confirm_K4_i000700/transformer/d32/n256/seed4/DONE.json
done,confirm_K4_i000700,Transformer,32,5,256,13,1.739675734192133,16,21,13448,cpu,1.81966370344162,1.737596645951271,1.7946298569440842,1.7402591407299042,project://predictor_specific_difficulty_v1/runs/confirm_K4_i000700/transformer/d32/n256/seed5/DONE.json
done,confirm_K4_i000700,Transformer,128,1,256,26,1.7578470297157764,16,34,201224,cpu,1.687586672604084,1.770439252257347,1.750401794910431,1.7341450452804563,project://predictor_specific_difficulty_v1/runs/confirm_K4_i000700/transformer/d128/n256/seed1/DONE.json
done,confirm_K4_i000700,Transformer,128,2,256,13,1.745947204530239,16,21,201224,cpu,1.801132082939148,1.7803310677409172,1.7908809334039688,1.7897506281733513,project://predictor_specific_difficulty_v1/runs/confirm_K4_i000700/transformer/d128/n256/seed2/DONE.json
done,confirm_K4_i000700,Transformer,128,3,256,22,1.7607560083270073,16,30,201224,cpu,1.7697962298989296,1.7910597622394562,1.738337054848671,1.7901585921645164,project://predictor_specific_difficulty_v1/runs/confirm_K4_i000700/transformer/d128/n256/seed3/DONE.json
done,confirm_K4_i000700,Transformer,128,4,256,6,1.7768985703587532,16,14,201224,cpu,1.7750833705067637,1.8031976372003555,1.779622845351696,1.830092251300812,project://predictor_specific_difficulty_v1/runs/confirm_K4_i000700/transformer/d128/n256/seed4/DONE.json
done,confirm_K4_i000700,Transformer,128,5,256,28,1.7522514313459396,16,36,201224,cpu,1.7713276520371437,1.7695688009262085,1.7939327955245972,1.7766163125634191,project://predictor_specific_difficulty_v1/runs/confirm_K4_i000700/transformer/d128/n256/seed5/DONE.json
done,confirm_K4_i000647,GRU,8,1,256,26,2.0082074999809265,16,34,576,cpu,2.009756840765476,1.9994670897722244,2.034460335969925,2.0261534973979,project://predictor_specific_difficulty_v1/runs/confirm_K4_i000647/gru/d8/n256/seed1/DONE.json
done,confirm_K4_i000647,GRU,8,2,256,36,2.008726891130209,16,44,576,cpu,2.016178384423256,1.998801872134209,1.9780924171209333,2.034339487552643,project://predictor_specific_difficulty_v1/runs/confirm_K4_i000647/gru/d8/n256/seed2/DONE.json
done,confirm_K4_i000647,GRU,8,3,256,48,1.993791561573744,16,48,576,cpu,1.9945446401834488,1.983103908598423,1.97733311355114,1.9810901060700417,project://predictor_specific_difficulty_v1/runs/confirm_K4_i000647/gru/d8/n256/seed3/DONE.json
done,confirm_K4_i000647,GRU,8,4,256,26,2.005923517048359,16,34,576,cpu,2.007941916584969,2.004063233733177,1.9975207075476649,1.9945635721087456,project://predictor_specific_difficulty_v1/runs/confirm_K4_i000647/gru/d8/n256/seed4/DONE.json
done,confirm_K4_i000647,GRU,8,5,256,48,2.0033039078116417,16,48,576,cpu,2.0474884808063507,2.016268812119961,1.9860597550868988,2.0177204087376595,project://predictor_specific_difficulty_v1/runs/confirm_K4_i000647/gru/d8/n256/seed5/DONE.json
done,confirm_K4_i000647,GRU,32,1,256,19,1.9961915984749796,16,27,6888,cpu,2.0004831328988075,2.023024126887321,1.9773727133870125,2.037344731390476,project://predictor_specific_difficulty_v1/runs/confirm_K4_i000647/gru/d32/n256/seed1/DONE.json
done,confirm_K4_i000647,GRU,32,2,256,40,2.0108140110969543,16,48,6888,cpu,2.0244475305080414,1.989963874220848,1.9906269013881683,2.00731847435236,project://predictor_specific_difficulty_v1/runs/confirm_K4_i000647/gru/d32/n256/seed2/DONE.json
done,confirm_K4_i000647,GRU,32,3,256,17,2.0318125896155834,16,25,6888,cpu,2.0142185762524605,2.0020812153816223,1.9875510931015012,2.000368118286133,project://predictor_specific_difficulty_v1/runs/confirm_K4_i000647/gru/d32/n256/seed3/DONE.json
done,confirm_K4_i000647,GRU,32,4,256,16,1.9820426441729069,16,24,6888,cpu,2.016089491546154,2.009668782353401,1.9964476600289345,2.0395940765738487,project://predictor_specific_difficulty_v1/runs/confirm_K4_i000647/gru/d32/n256/seed4/DONE.json
done,confirm_K4_i000647,GRU,32,5,256,26,2.0114012099802494,16,34,6888,cpu,1.9912478402256968,2.010349251329899,2.0087047293782234,2.0004939511418343,project://predictor_specific_difficulty_v1/runs/confirm_K4_i000647/gru/d32/n256/seed5/DONE.json
done,confirm_K4_i000647,GRU,128,1,256,5,2.0200465954840183,16,13,101256,cpu,2.042104944586754,2.031067304313183,2.0386365577578545,1.9830742180347445,project://predictor_specific_difficulty_v1/runs/confirm_K4_i000647/gru/d128/n256/seed1/DONE.json
done,confirm_K4_i000647,GRU,128,2,256,36,1.9866901710629463,16,44,101256,cpu,2.023997858166694,2.020774781703949,2.039546772837639,2.0243623554706573,project://predictor_specific_difficulty_v1/runs/confirm_K4_i000647/gru/d128/n256/seed2/DONE.json
done,confirm_K4_i000647,GRU,128,3,256,10,2.020088665187359,16,18,101256,cpu,2.0111587792634964,2.0217425525188446,2.0602824687957764,2.0582851469516754,project://predictor_specific_difficulty_v1/runs/confirm_K4_i000647/gru/d128/n256/seed3/DONE.json
done,confirm_K4_i000647,GRU,128,4,256,10,2.028809994459152,16,18,101256,cpu,2.041374772787094,2.0152425915002823,2.037521354854107,2.002887211740017,project://predictor_specific_difficulty_v1/runs/confirm_K4_i000647/gru/d128/n256/seed4/DONE.json
done,confirm_K4_i000647,GRU,128,5,256,6,2.0241486877202988,16,14,101256,cpu,2.0142845660448074,2.0079414024949074,2.0449163988232613,2.0305137038230896,project://predictor_specific_difficulty_v1/runs/confirm_K4_i000647/gru/d128/n256/seed5/DONE.json
done,confirm_K4_i000647,Transformer,8,1,256,45,2.0061945021152496,16,48,1064,cpu,2.031199350953102,2.022288851439953,2.0074034854769707,2.0029911026358604,project://predictor_specific_difficulty_v1/runs/confirm_K4_i000647/transformer/d8/n256/seed1/DONE.json
done,confirm_K4_i000647,Transformer,8,2,256,32,2.011982880532741,16,40,1064,cpu,2.006632260978222,2.0039545372128487,2.0119450837373734,2.002742700278759,project://predictor_specific_difficulty_v1/runs/confirm_K4_i000647/transformer/d8/n256/seed2/DONE.json
done,confirm_K4_i000647,Transformer,8,3,256,48,2.019474398344755,16,48,1064,cpu,2.01215984672308,2.02993755787611,1.9818468987941744,1.99650277197361,project://predictor_specific_difficulty_v1/runs/confirm_K4_i000647/transformer/d8/n256/seed3/DONE.json
done,confirm_K4_i000647,Transformer,8,4,256,27,2.0172285065054893,16,35,1064,cpu,2.052871719002724,2.015207253396511,2.0063016787171364,2.012664780020714,project://predictor_specific_difficulty_v1/runs/confirm_K4_i000647/transformer/d8/n256/seed4/DONE.json
done,confirm_K4_i000647,Transformer,8,5,256,42,2.017488297075033,16,48,1064,cpu,2.012350015342236,2.0061337798833847,2.005219630897045,2.0211111754179,project://predictor_specific_difficulty_v1/runs/confirm_K4_i000647/transformer/d8/n256/seed5/DONE.json
done,confirm_K4_i000647,Transformer,32,1,256,5,2.008208252489567,16,13,13448,cpu,2.0140377655625343,2.022666431963444,2.008890710771084,2.047785259783268,project://predictor_specific_difficulty_v1/runs/confirm_K4_i000647/transformer/d32/n256/seed1/DONE.json
done,confirm_K4_i000647,Transformer,32,2,256,26,2.003263209015131,16,34,13448,cpu,2.0284204483032227,2.0227256268262863,2.01083854585886,2.0201095268130302,project://predictor_specific_difficulty_v1/runs/confirm_K4_i000647/transformer/d32/n256/seed2/DONE.json
done,confirm_K4_i000647,Transformer,32,3,256,23,1.9912642352283,16,31,13448,cpu,2.024579755961895,2.0131348371505737,2.021401107311249,2.0265116468071938,project://predictor_specific_difficulty_v1/runs/confirm_K4_i000647/transformer/d32/n256/seed3/DONE.json
done,confirm_K4_i000647,Transformer,32,4,256,32,2.0202611833810806,16,40,13448,cpu,2.029853001236916,2.022372156381607,2.0266158804297447,2.001080557703972,project://predictor_specific_difficulty_v1/runs/confirm_K4_i000647/transformer/d32/n256/seed4/DONE.json
done,confirm_K4_i000647,Transformer,32,5,256,17,1.991086520254612,16,25,13448,cpu,2.0128195956349373,1.9875515848398209,2.044384151697159,2.028016991913318,project://predictor_specific_difficulty_v1/runs/confirm_K4_i000647/transformer/d32/n256/seed5/DONE.json
done,confirm_K4_i000647,Transformer,128,1,256,26,2.006691966205836,16,34,201224,cpu,2.007612720131874,2.0273074358701706,1.990889437496662,2.0290713161230087,project://predictor_specific_difficulty_v1/runs/confirm_K4_i000647/transformer/d128/n256/seed1/DONE.json
done,confirm_K4_i000647,Transformer,128,2,256,30,2.00057390332222,16,38,201224,cpu,1.999115526676178,2.012989714741707,2.00601464509964,2.050862893462181,project://predictor_specific_difficulty_v1/runs/confirm_K4_i000647/transformer/d128/n256/seed2/DONE.json
done,confirm_K4_i000647,Transformer,128,3,256,36,1.994791455566883,16,44,201224,cpu,2.028835728764534,2.0238121971488,2.015554688870907,2.0037857070565224,project://predictor_specific_difficulty_v1/runs/confirm_K4_i000647/transformer/d128/n256/seed3/DONE.json
done,confirm_K4_i000647,Transformer,128,4,256,14,2.0180348232388496,16,22,201224,cpu,2.012426182627678,2.0020176097750664,2.0076814219355583,2.0209356918931007,project://predictor_specific_difficulty_v1/runs/confirm_K4_i000647/transformer/d128/n256/seed4/DONE.json
done,confirm_K4_i000647,Transformer,128,5,256,31,2.02733488753438,16,39,201224,cpu,1.9933869764208796,2.0084257274866104,2.0229517146945,1.9983748570084567,project://predictor_specific_difficulty_v1/runs/confirm_K4_i000647/transformer/d128/n256/seed5/DONE.json
done,confirm_K5_i001021,GRU,8,1,256,43,1.7336719073355198,16,48,576,cpu,1.777902901172638,1.8205747529864311,1.7558498680591583,1.76339203864336,project://predictor_specific_difficulty_v1/runs/confirm_K5_i001021/gru/d8/n256/seed1/DONE.json
done,confirm_K5_i001021,GRU,8,2,256,48,1.7874366380274296,16,48,576,cpu,1.7703061997890472,1.760865718126297,1.7717478722333908,1.7613177746534348,project://predictor_specific_difficulty_v1/runs/confirm_K5_i001021/gru/d8/n256/seed2/DONE.json
done,confirm_K5_i001021,GRU,8,3,256,36,1.7116092219948769,16,44,576,cpu,1.778016775846481,1.852505207061768,1.768476501107216,1.7914705723524094,project://predictor_specific_difficulty_v1/runs/confirm_K5_i001021/gru/d8/n256/seed3/DONE.json
done,confirm_K5_i001021,GRU,8,4,256,25,1.738573394715786,16,33,576,cpu,1.7726818323135376,1.7420773729681969,1.762162558734417,1.7495605126023293,project://predictor_specific_difficulty_v1/runs/confirm_K5_i001021/gru/d8/n256/seed4/DONE.json
done,confirm_K5_i001021,GRU,8,5,256,43,1.7548451572656631,16,48,576,cpu,1.852774761617184,1.7281563729047775,1.765804499387741,1.759662352502346,project://predictor_specific_difficulty_v1/runs/confirm_K5_i001021/gru/d8/n256/seed5/DONE.json
done,confirm_K5_i001021,GRU,32,1,256,20,1.7590922825038433,16,28,6888,cpu,1.7745705246925354,1.712571568787098,1.780677780508995,1.7187513411045074,project://predictor_specific_difficulty_v1/runs/confirm_K5_i001021/gru/d32/n256/seed1/DONE.json
done,confirm_K5_i001021,GRU,32,2,256,47,1.7508926652371883,16,48,6888,cpu,1.7551747933030128,1.7499250546097755,1.7223471701145172,1.7216479554772377,project://predictor_specific_difficulty_v1/runs/confirm_K5_i001021/gru/d32/n256/seed2/DONE.json
done,confirm_K5_i001021,GRU,32,3,256,23,1.7655022963881493,16,31,6888,cpu,1.7975642755627632,1.7462291792035105,1.7158824503421783,1.7690042704343796,project://predictor_specific_difficulty_v1/runs/confirm_K5_i001021/gru/d32/n256/seed3/DONE.json
done,confirm_K5_i001021,GRU,32,4,256,12,1.8014744780957697,16,20,6888,cpu,1.8174694404006004,1.7722979485988617,1.773532696068287,1.8020628839731216,project://predictor_specific_difficulty_v1/runs/confirm_K5_i001021/gru/d32/n256/seed4/DONE.json
done,confirm_K5_i001021,GRU,32,5,256,21,1.779534000903368,16,29,6888,cpu,1.757209874689579,1.7663266211748123,1.7747505232691765,1.6849070936441422,project://predictor_specific_difficulty_v1/runs/confirm_K5_i001021/gru/d32/n256/seed5/DONE.json
done,confirm_K5_i001021,GRU,128,1,256,6,1.7862440161406994,16,14,101256,cpu,1.7613994553685188,1.7357413917779922,1.7365475222468376,1.7808184251189232,project://predictor_specific_difficulty_v1/runs/confirm_K5_i001021/gru/d128/n256/seed1/DONE.json
done,confirm_K5_i001021,GRU,128,2,256,38,1.7377150654792786,16,46,101256,cpu,1.7711655348539352,1.782615840435028,1.7751616314053535,1.7470019236207008,project://predictor_specific_difficulty_v1/runs/confirm_K5_i001021/gru/d128/n256/seed2/DONE.json
done,confirm_K5_i001021,GRU,128,3,256,15,1.7938388995826244,16,23,101256,cpu,1.7733922600746157,1.761530987918377,1.778217650949955,1.7690414860844612,project://predictor_specific_difficulty_v1/runs/confirm_K5_i001021/gru/d128/n256/seed3/DONE.json
done,confirm_K5_i001021,GRU,128,4,256,37,1.7526275478303432,16,45,101256,cpu,1.846602350473404,1.7304511219263077,1.8068436160683632,1.8030436858534813,project://predictor_specific_difficulty_v1/runs/confirm_K5_i001021/gru/d128/n256/seed4/DONE.json
done,confirm_K5_i001021,GRU,128,5,256,9,1.7702196910977364,16,17,101256,cpu,1.7516534999012947,1.7573233917355535,1.7623660117387772,1.7297958955168724,project://predictor_specific_difficulty_v1/runs/confirm_K5_i001021/gru/d128/n256/seed5/DONE.json
done,confirm_K5_i001021,Transformer,8,1,256,27,1.7471623606979847,16,35,1064,cpu,1.815790519118309,1.8293398320674896,1.774637520313263,1.6935399025678637,project://predictor_specific_difficulty_v1/runs/confirm_K5_i001021/transformer/d8/n256/seed1/DONE.json
done,confirm_K5_i001021,Transformer,8,2,256,38,1.784471806138754,16,46,1064,cpu,1.7915856167674065,1.7446213066577911,1.7070415541529655,1.7078715413808825,project://predictor_specific_difficulty_v1/runs/confirm_K5_i001021/transformer/d8/n256/seed2/DONE.json
done,confirm_K5_i001021,Transformer,8,3,256,45,1.7889112457633018,16,48,1064,cpu,1.72465131431818,1.7332941889762878,1.739108145236969,1.6919556632637978,project://predictor_specific_difficulty_v1/runs/confirm_K5_i001021/transformer/d8/n256/seed3/DONE.json
done,confirm_K5_i001021,Transformer,8,4,256,40,1.7521080411970615,16,48,1064,cpu,1.815342053771019,1.7504657804965973,1.7549046501517296,1.7061310932040217,project://predictor_specific_difficulty_v1/runs/confirm_K5_i001021/transformer/d8/n256/seed4/DONE.json
done,confirm_K5_i001021,Transformer,8,5,256,43,1.7698201835155487,16,48,1064,cpu,1.8126905634999275,1.788878969848156,1.7925558388233185,1.719481185078621,project://predictor_specific_difficulty_v1/runs/confirm_K5_i001021/transformer/d8/n256/seed5/DONE.json
done,confirm_K5_i001021,Transformer,32,1,256,23,1.7986909747123718,16,31,13448,cpu,1.7645911648869514,1.756520502269268,1.7696385234594345,1.821518838405609,project://predictor_specific_difficulty_v1/runs/confirm_K5_i001021/transformer/d32/n256/seed1/DONE.json
done,confirm_K5_i001021,Transformer,32,2,256,15,1.788095723837614,16,23,13448,cpu,1.8031529784202576,1.7593119367957115,1.682628497481346,1.664815366268158,project://predictor_specific_difficulty_v1/runs/confirm_K5_i001021/transformer/d32/n256/seed2/DONE.json
done,confirm_K5_i001021,Transformer,32,3,256,15,1.763575192540884,16,23,13448,cpu,1.7698771581053734,1.7433094531297684,1.7344861701130867,1.7882324159145355,project://predictor_specific_difficulty_v1/runs/confirm_K5_i001021/transformer/d32/n256/seed3/DONE.json
done,confirm_K5_i001021,Transformer,32,4,256,17,1.7402043640613556,16,25,13448,cpu,1.6984475553035736,1.7581314966082573,1.6987163573503494,1.792828507721424,project://predictor_specific_difficulty_v1/runs/confirm_K5_i001021/transformer/d32/n256/seed4/DONE.json
done,confirm_K5_i001021,Transformer,32,5,256,13,1.773956585675478,16,21,13448,cpu,1.7156516537070274,1.798733577132225,1.7894725054502487,1.7614682167768478,project://predictor_specific_difficulty_v1/runs/confirm_K5_i001021/transformer/d32/n256/seed5/DONE.json
done,confirm_K5_i001021,Transformer,128,1,256,7,1.7875363938510418,16,15,201224,cpu,1.7610379457473757,1.691020354628563,1.8008867725729942,1.777623862028122,project://predictor_specific_difficulty_v1/runs/confirm_K5_i001021/transformer/d128/n256/seed1/DONE.json
done,confirm_K5_i001021,Transformer,128,2,256,10,1.8057801090180876,16,18,201224,cpu,1.7645256891846657,1.769419752061367,1.7681026309728622,1.7817233130335808,project://predictor_specific_difficulty_v1/runs/confirm_K5_i001021/transformer/d128/n256/seed2/DONE.json
done,confirm_K5_i001021,Transformer,128,3,256,17,1.773708526045084,16,25,201224,cpu,1.7121261358261108,1.8445723801851277,1.8301075771451,1.7567288130521774,project://predictor_specific_difficulty_v1/runs/confirm_K5_i001021/transformer/d128/n256/seed3/DONE.json
done,confirm_K5_i001021,Transformer,128,4,256,5,1.7973675429821014,16,13,201224,cpu,1.738463245332241,1.786571130156517,1.8550057634711263,1.736587919294834,project://predictor_specific_difficulty_v1/runs/confirm_K5_i001021/transformer/d128/n256/seed4/DONE.json
done,confirm_K5_i001021,Transformer,128,5,256,21,1.7700463756918907,16,29,201224,cpu,1.7702648416161535,1.78390771150589,1.7315616384148598,1.8202860429883003,project://predictor_specific_difficulty_v1/runs/confirm_K5_i001021/transformer/d128/n256/seed5/DONE.json
done,confirm_K5_i000095,GRU,8,1,256,31,2.015492532402277,16,39,576,cpu,1.9839583709836008,2.0205856263637543,1.987055703997612,1.994509533047676,project://predictor_specific_difficulty_v1/runs/confirm_K5_i000095/gru/d8/n256/seed1/DONE.json
done,confirm_K5_i000095,GRU,8,2,256,26,2.0020462907850742,16,34,576,cpu,2.01759697496891,2.015153683722019,2.0068631768226624,2.028681419789791,project://predictor_specific_difficulty_v1/runs/confirm_K5_i000095/gru/d8/n256/seed2/DONE.json
done,confirm_K5_i000095,GRU,8,3,256,46,2.00222622603178,16,48,576,cpu,2.014837451279164,2.001759946346283,2.015604741871357,2.017557732760906,project://predictor_specific_difficulty_v1/runs/confirm_K5_i000095/gru/d8/n256/seed3/DONE.json
done,confirm_K5_i000095,GRU,8,4,256,48,1.9940943643450737,16,48,576,cpu,2.0187520906329155,2.0137388855218887,2.0059345737099648,2.019631616771221,project://predictor_specific_difficulty_v1/runs/confirm_K5_i000095/gru/d8/n256/seed4/DONE.json
done,confirm_K5_i000095,GRU,8,5,256,30,2.012912292033434,16,38,576,cpu,1.9881937503814695,2.012787386775017,2.006443910300732,2.010594755411148,project://predictor_specific_difficulty_v1/runs/confirm_K5_i000095/gru/d8/n256/seed5/DONE.json
done,confirm_K5_i000095,GRU,32,1,256,10,2.00160676240921,16,18,6888,cpu,2.017635382711888,2.0224262550473213,1.9969307854771612,2.03449472039938,project://predictor_specific_difficulty_v1/runs/confirm_K5_i000095/gru/d32/n256/seed1/DONE.json
done,confirm_K5_i000095,GRU,32,2,256,16,1.9866226762533188,16,24,6888,cpu,2.044123776257038,2.003931105136872,2.0339615494012837,1.9659378752112389,project://predictor_specific_difficulty_v1/runs/confirm_K5_i000095/gru/d32/n256/seed2/DONE.json
done,confirm_K5_i000095,GRU,32,3,256,11,2.0162909626960754,16,19,6888,cpu,2.017690911889076,2.0274310410022736,1.9969882443547249,2.008673779666424,project://predictor_specific_difficulty_v1/runs/confirm_K5_i000095/gru/d32/n256/seed3/DONE.json
done,confirm_K5_i000095,GRU,32,4,256,21,1.988658580929041,16,29,6888,cpu,2.01308998465538,2.006126254796982,1.9926050454378128,2.027640432119369,project://predictor_specific_difficulty_v1/runs/confirm_K5_i000095/gru/d32/n256/seed4/DONE.json
done,confirm_K5_i000095,GRU,32,5,256,15,2.00094473734498,16,23,6888,cpu,2.0276858508586884,2.006777659058571,1.991047628223896,2.0264932066202164,project://predictor_specific_difficulty_v1/runs/confirm_K5_i000095/gru/d32/n256/seed5/DONE.json
done,confirm_K5_i000095,GRU,128,1,256,34,2.0110929906368256,16,42,101256,cpu,2.031426928937435,2.020286373794079,2.004084847867489,1.9994116500020027,project://predictor_specific_difficulty_v1/runs/confirm_K5_i000095/gru/d128/n256/seed1/DONE.json
done,confirm_K5_i000095,GRU,128,2,256,11,2.016266003251076,16,19,101256,cpu,2.017262116074562,2.0086260735988617,2.000008083879948,2.0071346759796143,project://predictor_specific_difficulty_v1/runs/confirm_K5_i000095/gru/d128/n256/seed2/DONE.json
done,confirm_K5_i000095,GRU,128,3,256,5,2.0339908748865128,16,13,101256,cpu,2.018287293612957,2.030590154230594,2.0337150767445564,2.0433948934078217,project://predictor_specific_difficulty_v1/runs/confirm_K5_i000095/gru/d128/n256/seed3/DONE.json
done,confirm_K5_i000095,GRU,128,4,256,12,2.020839609205723,16,20,101256,cpu,2.037276044487953,2.0214754790067677,2.07550585269928,2.030677765607834,project://predictor_specific_difficulty_v1/runs/confirm_K5_i000095/gru/d128/n256/seed4/DONE.json
done,confirm_K5_i000095,GRU,128,5,256,15,2.0288461670279503,16,23,101256,cpu,2.033760346472264,2.0083122700452805,2.035695619881153,2.0395120456814766,project://predictor_specific_difficulty_v1/runs/confirm_K5_i000095/gru/d128/n256/seed5/DONE.json
done,confirm_K5_i000095,Transformer,8,1,256,31,2.0389824882149696,16,39,1064,cpu,2.016314797103405,2.032886080443859,2.007152497768402,2.0128359720110893,project://predictor_specific_difficulty_v1/runs/confirm_K5_i000095/transformer/d8/n256/seed1/DONE.json
done,confirm_K5_i000095,Transformer,8,2,256,48,2.005436021834612,16,48,1064,cpu,2.0052362009882927,2.040950283408165,1.9970797076821327,2.0128331184387207,project://predictor_specific_difficulty_v1/runs/confirm_K5_i000095/transformer/d8/n256/seed2/DONE.json
done,confirm_K5_i000095,Transformer,8,3,256,46,2.0252034440636635,16,48,1064,cpu,2.017185479402542,2.0101150944828987,2.030429907143116,2.0114897713065147,project://predictor_specific_difficulty_v1/runs/confirm_K5_i000095/transformer/d8/n256/seed3/DONE.json
done,confirm_K5_i000095,Transformer,8,4,256,37,2.0000863559544086,16,45,1064,cpu,2.0146763399243355,2.022995427250862,2.017221242189408,2.0145890414714813,project://predictor_specific_difficulty_v1/runs/confirm_K5_i000095/transformer/d8/n256/seed4/DONE.json
done,confirm_K5_i000095,Transformer,8,5,256,35,2.001100353896618,16,43,1064,cpu,2.008489400148392,1.98504788428545,2.015352725982666,2.02385251224041,project://predictor_specific_difficulty_v1/runs/confirm_K5_i000095/transformer/d8/n256/seed5/DONE.json
done,confirm_K5_i000095,Transformer,32,1,256,25,2.0108814537525177,16,33,13448,cpu,2.0007467791438103,1.9932950586080551,2.0018394961953163,2.0121215358376503,project://predictor_specific_difficulty_v1/runs/confirm_K5_i000095/transformer/d32/n256/seed1/DONE.json
done,confirm_K5_i000095,Transformer,32,2,256,20,2.01658683270216,16,28,13448,cpu,1.990175113081932,2.0194412618875504,2.0128230452537537,2.017498195171356,project://predictor_specific_difficulty_v1/runs/confirm_K5_i000095/transformer/d32/n256/seed2/DONE.json
done,confirm_K5_i000095,Transformer,32,3,256,18,2.012493383139372,16,26,13448,cpu,2.0269926339387894,2.0282047167420387,2.022632233798504,2.020412392914295,project://predictor_specific_difficulty_v1/runs/confirm_K5_i000095/transformer/d32/n256/seed3/DONE.json
done,confirm_K5_i000095,Transformer,32,4,256,5,2.0095408484339714,16,13,13448,cpu,2.053287707269192,2.0890164896845818,2.030887901782989,2.0284754931926727,project://predictor_specific_difficulty_v1/runs/confirm_K5_i000095/transformer/d32/n256/seed4/DONE.json
done,confirm_K5_i000095,Transformer,32,5,256,10,2.012792829424143,16,18,13448,cpu,2.0006554648280144,2.0128540843725204,2.0339377000927925,2.027612790465355,project://predictor_specific_difficulty_v1/runs/confirm_K5_i000095/transformer/d32/n256/seed5/DONE.json
done,confirm_K5_i000095,Transformer,128,1,256,17,2.0268441885709763,16,25,201224,cpu,2.0127960965037346,2.000171184539795,2.034258246421814,2.014010533690453,project://predictor_specific_difficulty_v1/runs/confirm_K5_i000095/transformer/d128/n256/seed1/DONE.json
done,confirm_K5_i000095,Transformer,128,2,256,6,2.049698080867529,16,14,201224,cpu,2.09995499253273,2.0741753801703453,2.059478595852852,2.0764957070350647,project://predictor_specific_difficulty_v1/runs/confirm_K5_i000095/transformer/d128/n256/seed2/DONE.json
done,confirm_K5_i000095,Transformer,128,3,256,33,2.0271448716521263,16,41,201224,cpu,1.9894126653671265,2.0214973837137222,2.045100808143616,1.983348622918129,project://predictor_specific_difficulty_v1/runs/confirm_K5_i000095/transformer/d128/n256/seed3/DONE.json
done,confirm_K5_i000095,Transformer,128,4,256,28,2.014445446431637,16,36,201224,cpu,2.038913905620575,2.04425773024559,2.050654001533985,2.046016305685044,project://predictor_specific_difficulty_v1/runs/confirm_K5_i000095/transformer/d128/n256/seed4/DONE.json
done,confirm_K5_i000095,Transformer,128,5,256,15,2.0342824272811413,16,23,201224,cpu,2.0270390659570694,2.019747771322727,2.023638814687729,2.0627407133579254,project://predictor_specific_difficulty_v1/runs/confirm_K5_i000095/transformer/d128/n256/seed5/DONE.json
done,confirm_K5_i001171,GRU,8,1,256,40,1.80487459525466,16,48,576,cpu,1.7700826674699783,1.745292253792286,1.816701717674732,1.8275368586182597,project://predictor_specific_difficulty_v1/runs/confirm_K5_i001171/gru/d8/n256/seed1/DONE.json
done,confirm_K5_i001171,GRU,8,2,256,45,1.7396034337580204,16,48,576,cpu,1.7803891971707344,1.7194878831505775,1.7696360051631927,1.83070507645607,project://predictor_specific_difficulty_v1/runs/confirm_K5_i001171/gru/d8/n256/seed2/DONE.json
done,confirm_K5_i001171,GRU,8,3,256,47,1.7420164979994297,16,48,576,cpu,1.7925875559449196,1.7967544049024582,1.718376651406288,1.81851714104414,project://predictor_specific_difficulty_v1/runs/confirm_K5_i001171/gru/d8/n256/seed3/DONE.json
done,confirm_K5_i001171,GRU,8,4,256,48,1.779115866869688,16,48,576,cpu,1.7740017026662829,1.812515214085579,1.7557692676782608,1.7736643105745316,project://predictor_specific_difficulty_v1/runs/confirm_K5_i001171/gru/d8/n256/seed4/DONE.json
done,confirm_K5_i001171,GRU,8,5,256,48,1.7806627862155435,16,48,576,cpu,1.8220132887363436,1.7509685754776,1.7595356404781342,1.712625965476036,project://predictor_specific_difficulty_v1/runs/confirm_K5_i001171/gru/d8/n256/seed5/DONE.json
done,confirm_K5_i001171,GRU,32,1,256,15,1.7501010373234749,16,23,6888,cpu,1.760866962373257,1.7125894203782082,1.7301082611083984,1.7262588292360306,project://predictor_specific_difficulty_v1/runs/confirm_K5_i001171/gru/d32/n256/seed1/DONE.json
done,confirm_K5_i001171,GRU,32,2,256,41,1.729178622364998,16,48,6888,cpu,1.698963962495327,1.7084080055356026,1.726144015789032,1.7039716392755508,project://predictor_specific_difficulty_v1/runs/confirm_K5_i001171/gru/d32/n256/seed2/DONE.json
done,confirm_K5_i001171,GRU,32,3,256,25,1.7539092525839806,16,33,6888,cpu,1.7927308529615402,1.7088985294103622,1.7684265598654747,1.7770223021507263,project://predictor_specific_difficulty_v1/runs/confirm_K5_i001171/gru/d32/n256/seed3/DONE.json
done,confirm_K5_i001171,GRU,32,4,256,43,1.779818668961525,16,48,6888,cpu,1.7447035685181618,1.798470973968506,1.7691002190113068,1.687877006828785,project://predictor_specific_difficulty_v1/runs/confirm_K5_i001171/gru/d32/n256/seed4/DONE.json
done,confirm_K5_i001171,GRU,32,5,256,24,1.747104678303003,16,32,6888,cpu,1.731645569205284,1.7672243937849998,1.7657948061823845,1.7118820399045944,project://predictor_specific_difficulty_v1/runs/confirm_K5_i001171/gru/d32/n256/seed5/DONE.json
done,confirm_K5_i001171,GRU,128,1,256,12,1.7851181514561176,16,20,101256,cpu,1.712529830634594,1.7844854667782784,1.6982749179005625,1.791227549314499,project://predictor_specific_difficulty_v1/runs/confirm_K5_i001171/gru/d128/n256/seed1/DONE.json
done,confirm_K5_i001171,GRU,128,2,256,27,1.7727231904864311,16,35,101256,cpu,1.7180054262280464,1.6948556452989578,1.7769991979002953,1.7882165983319285,project://predictor_specific_difficulty_v1/runs/confirm_K5_i001171/gru/d128/n256/seed2/DONE.json
done,confirm_K5_i001171,GRU,128,3,256,34,1.7216770127415657,16,42,101256,cpu,1.8088308200240133,1.777312085032463,1.7204483225941658,1.8184422850608823,project://predictor_specific_difficulty_v1/runs/confirm_K5_i001171/gru/d128/n256/seed3/DONE.json
done,confirm_K5_i001171,GRU,128,4,256,7,1.78154169395566,16,15,101256,cpu,1.755655586719513,1.7272587716579435,1.747913047671318,1.7164040133357048,project://predictor_specific_difficulty_v1/runs/confirm_K5_i001171/gru/d128/n256/seed4/DONE.json
done,confirm_K5_i001171,GRU,128,5,256,16,1.7131908237934113,16,24,101256,cpu,1.7686036825180054,1.7754949554800987,1.774399533867836,1.7871762961149216,project://predictor_specific_difficulty_v1/runs/confirm_K5_i001171/gru/d128/n256/seed5/DONE.json
done,confirm_K5_i001171,Transformer,8,1,256,48,1.7833597250282764,16,48,1064,cpu,1.7476778104901314,1.80584903806448,1.714064009487629,1.7408971711993215,project://predictor_specific_difficulty_v1/runs/confirm_K5_i001171/transformer/d8/n256/seed1/DONE.json
done,confirm_K5_i001171,Transformer,8,2,256,18,1.8068132027983663,16,26,1064,cpu,1.7307740896940231,1.8058689534664156,1.7741540893912315,1.7550072073936462,project://predictor_specific_difficulty_v1/runs/confirm_K5_i001171/transformer/d8/n256/seed2/DONE.json
done,confirm_K5_i001171,Transformer,8,3,256,34,1.7433940880000591,16,42,1064,cpu,1.7572539672255516,1.7752891853451729,1.7628038972616196,1.739166997373104,project://predictor_specific_difficulty_v1/runs/confirm_K5_i001171/transformer/d8/n256/seed3/DONE.json
done,confirm_K5_i001171,Transformer,8,4,256,35,1.7698881924152374,16,43,1064,cpu,1.764573059976101,1.7273447290062904,1.79140967130661,1.7943613082170486,project://predictor_specific_difficulty_v1/runs/confirm_K5_i001171/transformer/d8/n256/seed4/DONE.json
done,confirm_K5_i001171,Transformer,8,5,256,43,1.7516036443412304,16,48,1064,cpu,1.760110504925251,1.7287558689713478,1.793339543044567,1.7442682534456253,project://predictor_specific_difficulty_v1/runs/confirm_K5_i001171/transformer/d8/n256/seed5/DONE.json
done,confirm_K5_i001171,Transformer,32,1,256,20,1.754684053361416,16,28,13448,cpu,1.7354966178536415,1.8001681491732595,1.7181433588266373,1.7360405027866364,project://predictor_specific_difficulty_v1/runs/confirm_K5_i001171/transformer/d32/n256/seed1/DONE.json
done,confirm_K5_i001171,Transformer,32,2,256,24,1.7380518205463886,16,32,13448,cpu,1.7712664380669594,1.7297407910227776,1.742326870560646,1.7570428475737572,project://predictor_specific_difficulty_v1/runs/confirm_K5_i001171/transformer/d32/n256/seed2/DONE.json
done,confirm_K5_i001171,Transformer,32,3,256,18,1.7895067930221558,16,26,13448,cpu,1.8143837600946424,1.7308350279927254,1.7850257232785225,1.7299038097262385,project://predictor_specific_difficulty_v1/runs/confirm_K5_i001171/transformer/d32/n256/seed3/DONE.json
done,confirm_K5_i001171,Transformer,32,4,256,15,1.737125288695097,16,23,13448,cpu,1.7811250165104866,1.6993853002786636,1.748597301542759,1.6930802837014198,project://predictor_specific_difficulty_v1/runs/confirm_K5_i001171/transformer/d32/n256/seed4/DONE.json
done,confirm_K5_i001171,Transformer,32,5,256,23,1.7585254348814487,16,31,13448,cpu,1.7586880400776863,1.7506194189190865,1.6922995001077652,1.7298514246940613,project://predictor_specific_difficulty_v1/runs/confirm_K5_i001171/transformer/d32/n256/seed5/DONE.json
done,confirm_K5_i001171,Transformer,128,1,256,25,1.7367254197597504,16,33,201224,cpu,1.7988070398569107,1.7572522386908531,1.7673682123422625,1.735355280339718,project://predictor_specific_difficulty_v1/runs/confirm_K5_i001171/transformer/d128/n256/seed1/DONE.json
done,confirm_K5_i001171,Transformer,128,2,256,11,1.7823315374553204,16,19,201224,cpu,1.7406802475452423,1.8124060109257696,1.7577552497386932,1.702514924108982,project://predictor_specific_difficulty_v1/runs/confirm_K5_i001171/transformer/d128/n256/seed2/DONE.json
done,confirm_K5_i001171,Transformer,128,3,256,12,1.7612882182002068,16,20,201224,cpu,1.7099466249346733,1.788742572069168,1.7207539677619934,1.7175691351294518,project://predictor_specific_difficulty_v1/runs/confirm_K5_i001171/transformer/d128/n256/seed3/DONE.json
done,confirm_K5_i001171,Transformer,128,4,256,24,1.7323807068169117,16,32,201224,cpu,1.748866192996502,1.791506566107273,1.809192642569542,1.7668574079871178,project://predictor_specific_difficulty_v1/runs/confirm_K5_i001171/transformer/d128/n256/seed4/DONE.json
done,confirm_K5_i001171,Transformer,128,5,256,22,1.7563679814338684,16,30,201224,cpu,1.7624193727970123,1.7223051339387894,1.7120980322360992,1.75292007625103,project://predictor_specific_difficulty_v1/runs/confirm_K5_i001171/transformer/d128/n256/seed5/DONE.json
done,confirm_K5_i000670,GRU,8,1,256,48,1.975967675447464,16,48,576,cpu,1.9750870317220688,1.9702530950307848,2.0109870433807373,1.983358085155487,project://predictor_specific_difficulty_v1/runs/confirm_K5_i000670/gru/d8/n256/seed1/DONE.json
done,confirm_K5_i000670,GRU,8,2,256,48,1.9508207850158212,16,48,576,cpu,1.973773017525673,1.974298216402531,1.9850055575370789,2.0334832966327667,project://predictor_specific_difficulty_v1/runs/confirm_K5_i000670/gru/d8/n256/seed2/DONE.json
done,confirm_K5_i000670,GRU,8,3,256,43,1.96708357706666,16,48,576,cpu,1.974893055856228,1.9677153155207636,1.9764963909983635,1.9846816882491112,project://predictor_specific_difficulty_v1/runs/confirm_K5_i000670/gru/d8/n256/seed3/DONE.json
done,confirm_K5_i000670,GRU,8,4,256,48,1.963277406990528,16,48,576,cpu,2.003163844347,2.010733120143413,1.9646129086613653,1.9683471769094467,project://predictor_specific_difficulty_v1/runs/confirm_K5_i000670/gru/d8/n256/seed4/DONE.json
done,confirm_K5_i000670,GRU,8,5,256,48,1.96116840839386,16,48,576,cpu,1.9710262417793276,1.9862101301550863,1.9722158834338188,1.995962239801884,project://predictor_specific_difficulty_v1/runs/confirm_K5_i000670/gru/d8/n256/seed5/DONE.json
done,confirm_K5_i000670,GRU,32,1,256,30,1.9620388932526112,16,38,6888,cpu,1.9747619852423668,1.9737645238637924,1.9550196304917336,1.9745267555117607,project://predictor_specific_difficulty_v1/runs/confirm_K5_i000670/gru/d32/n256/seed1/DONE.json
done,confirm_K5_i000670,GRU,32,2,256,20,1.9674003198742869,16,28,6888,cpu,1.980893798172474,1.9664635509252548,2.0036648213863373,2.010673448443413,project://predictor_specific_difficulty_v1/runs/confirm_K5_i000670/gru/d32/n256/seed2/DONE.json
done,confirm_K5_i000670,GRU,32,3,256,14,1.975338749587536,16,22,6888,cpu,1.9931679144501688,1.9621195942163467,1.9918242245912552,1.9745345711708069,project://predictor_specific_difficulty_v1/runs/confirm_K5_i000670/gru/d32/n256/seed3/DONE.json
done,confirm_K5_i000670,GRU,32,4,256,12,1.959325361996889,16,20,6888,cpu,1.997336722910404,1.9741951674222944,1.981289766728878,1.9510349407792087,project://predictor_specific_difficulty_v1/runs/confirm_K5_i000670/gru/d32/n256/seed4/DONE.json
done,confirm_K5_i000670,GRU,32,5,256,24,1.9765496365725996,16,32,6888,cpu,2.002040170133114,1.9841010123491287,1.9386558830738068,1.9737838506698608,project://predictor_specific_difficulty_v1/runs/confirm_K5_i000670/gru/d32/n256/seed5/DONE.json
done,confirm_K5_i000670,GRU,128,1,256,12,1.9904477782547476,16,20,101256,cpu,1.9652210250496864,1.9809693694114685,2.0075338184833527,2.001469224691391,project://predictor_specific_difficulty_v1/runs/confirm_K5_i000670/gru/d128/n256/seed1/DONE.json
done,confirm_K5_i000670,GRU,128,2,256,5,1.9974688105285168,16,13,101256,cpu,2.01934115588665,1.9993523210287092,1.995283745229244,1.938384346663952,project://predictor_specific_difficulty_v1/runs/confirm_K5_i000670/gru/d128/n256/seed2/DONE.json
done,confirm_K5_i000670,GRU,128,3,256,25,1.9589494615793228,16,33,101256,cpu,1.9844891354441645,2.0280028954148293,1.991101399064064,2.016570284962654,project://predictor_specific_difficulty_v1/runs/confirm_K5_i000670/gru/d128/n256/seed3/DONE.json
done,confirm_K5_i000670,GRU,128,4,256,14,1.9662166200578213,16,22,101256,cpu,1.98643646389246,1.9891678765416143,2.008486233651638,1.996501445770264,project://predictor_specific_difficulty_v1/runs/confirm_K5_i000670/gru/d128/n256/seed4/DONE.json
done,confirm_K5_i000670,GRU,128,5,256,3,1.976048104465008,16,12,101256,cpu,1.992560602724552,1.9801646247506144,2.01538509875536,1.9669814631342888,project://predictor_specific_difficulty_v1/runs/confirm_K5_i000670/gru/d128/n256/seed5/DONE.json
done,confirm_K5_i000670,Transformer,8,1,256,26,1.9898118413984776,16,34,1064,cpu,2.0108992010355,1.9604259580373764,1.988232471048832,1.9796659871935844,project://predictor_specific_difficulty_v1/runs/confirm_K5_i000670/transformer/d8/n256/seed1/DONE.json
done,confirm_K5_i000670,Transformer,8,2,256,19,1.9893195070326328,16,27,1064,cpu,2.021029941737652,1.9717121347785,1.9999239444732664,1.99190142005682,project://predictor_specific_difficulty_v1/runs/confirm_K5_i000670/transformer/d8/n256/seed2/DONE.json
done,confirm_K5_i000670,Transformer,8,3,256,46,1.9781674928963184,16,48,1064,cpu,1.972175620496273,1.967740938067436,1.956644713878632,1.9443419724702835,project://predictor_specific_difficulty_v1/runs/confirm_K5_i000670/transformer/d8/n256/seed3/DONE.json
done,confirm_K5_i000670,Transformer,8,4,256,37,1.9812510684132576,16,45,1064,cpu,1.9807303920388224,1.9700735434889796,1.9886851236224172,1.9585716426372528,project://predictor_specific_difficulty_v1/runs/confirm_K5_i000670/transformer/d8/n256/seed4/DONE.json
done,confirm_K5_i000670,Transformer,8,5,256,48,1.9790251068770883,16,48,1064,cpu,2.0211246535182,1.981270171701908,1.9976282268762589,1.978787750005722,project://predictor_specific_difficulty_v1/runs/confirm_K5_i000670/transformer/d8/n256/seed5/DONE.json
done,confirm_K5_i000670,Transformer,32,1,256,21,1.9674469865858557,16,29,13448,cpu,2.002718590199948,1.9643616378307345,1.9830819442868235,2.017870754003525,project://predictor_specific_difficulty_v1/runs/confirm_K5_i000670/transformer/d32/n256/seed1/DONE.json
done,confirm_K5_i000670,Transformer,32,2,256,22,1.9980835914611816,16,30,13448,cpu,1.9647440612316127,2.010837785899639,2.0028248578310013,1.9855393916368484,project://predictor_specific_difficulty_v1/runs/confirm_K5_i000670/transformer/d32/n256/seed2/DONE.json
done,confirm_K5_i000670,Transformer,32,3,256,23,1.9610022604465485,16,31,13448,cpu,1.9864384159445765,1.960264377295971,1.9654290974140167,1.9600766599178316,project://predictor_specific_difficulty_v1/runs/confirm_K5_i000670/transformer/d32/n256/seed3/DONE.json
done,confirm_K5_i000670,Transformer,32,4,256,17,1.9655273631215096,16,25,13448,cpu,2.0005503222346306,1.970685549080372,1.982881896197796,1.982114389538765,project://predictor_specific_difficulty_v1/runs/confirm_K5_i000670/transformer/d32/n256/seed4/DONE.json
done,confirm_K5_i000670,Transformer,32,5,256,9,1.9862838760018349,16,17,13448,cpu,1.9758537709712984,1.988365277647972,2.03454938530922,2.0497051626443863,project://predictor_specific_difficulty_v1/runs/confirm_K5_i000670/transformer/d32/n256/seed5/DONE.json
done,confirm_K5_i000670,Transformer,128,1,256,13,1.9674095809459688,16,21,201224,cpu,1.9734271541237831,1.9950030744075773,1.952649995684624,1.976932607591152,project://predictor_specific_difficulty_v1/runs/confirm_K5_i000670/transformer/d128/n256/seed1/DONE.json
done,confirm_K5_i000670,Transformer,128,2,256,19,1.9703957363963127,16,27,201224,cpu,1.9675702974200249,2.0095667839050293,1.9786955043673515,2.0381476506590843,project://predictor_specific_difficulty_v1/runs/confirm_K5_i000670/transformer/d128/n256/seed2/DONE.json
done,confirm_K5_i000670,Transformer,128,3,256,20,1.945260290056467,16,28,201224,cpu,1.9956197515130043,1.9726982936263084,1.9999237358570097,2.013217896223068,project://predictor_specific_difficulty_v1/runs/confirm_K5_i000670/transformer/d128/n256/seed3/DONE.json
done,confirm_K5_i000670,Transformer,128,4,256,7,1.9978321120142937,16,15,201224,cpu,2.0277875289320946,1.967310413718224,1.9936576411128044,2.054443784058094,project://predictor_specific_difficulty_v1/runs/confirm_K5_i000670/transformer/d128/n256/seed4/DONE.json
done,confirm_K5_i000670,Transformer,128,5,256,15,1.9705517999827864,16,23,201224,cpu,2.003747195005417,1.991786003112793,2.0507046431303024,1.9905194118618963,project://predictor_specific_difficulty_v1/runs/confirm_K5_i000670/transformer/d128/n256/seed5/DONE.json
done,confirm_K5_i000172,GRU,8,1,256,48,1.7868601121008396,16,48,576,cpu,1.759676530957222,1.7120832726359367,1.7526273056864738,1.7547084838151932,project://predictor_specific_difficulty_v1/runs/confirm_K5_i000172/gru/d8/n256/seed1/DONE.json
done,confirm_K5_i000172,GRU,8,2,256,48,1.782860867679119,16,48,576,cpu,1.7616064324975014,1.7501954659819603,1.814785555005073,1.7926132678985596,project://predictor_specific_difficulty_v1/runs/confirm_K5_i000172/gru/d8/n256/seed2/DONE.json
done,confirm_K5_i000172,GRU,8,3,256,48,1.7518768645823002,16,48,576,cpu,1.7769630998373032,1.788886375725269,1.7944460362195969,1.779181867837906,project://predictor_specific_difficulty_v1/runs/confirm_K5_i000172/gru/d8/n256/seed3/DONE.json
done,confirm_K5_i000172,GRU,8,4,256,47,1.766592264175415,16,48,576,cpu,1.7274731993675232,1.7743269428610802,1.7484380900859833,1.809465862810612,project://predictor_specific_difficulty_v1/runs/confirm_K5_i000172/gru/d8/n256/seed4/DONE.json
done,confirm_K5_i000172,GRU,8,5,256,47,1.7450501546263697,16,48,576,cpu,1.7688618451356888,1.736198574304581,1.715456649661064,1.7268697023391724,project://predictor_specific_difficulty_v1/runs/confirm_K5_i000172/gru/d8/n256/seed5/DONE.json
done,confirm_K5_i000172,GRU,32,1,256,24,1.7344516329467297,16,32,6888,cpu,1.743501491844654,1.718085914850235,1.657487869262695,1.7527911365032196,project://predictor_specific_difficulty_v1/runs/confirm_K5_i000172/gru/d32/n256/seed1/DONE.json
done,confirm_K5_i000172,GRU,32,2,256,38,1.7235688753426075,16,46,6888,cpu,1.7472867369651794,1.6980174109339714,1.7362904101610184,1.70040013641119,project://predictor_specific_difficulty_v1/runs/confirm_K5_i000172/gru/d32/n256/seed2/DONE.json
done,confirm_K5_i000172,GRU,32,3,256,20,1.7404053583741188,16,28,6888,cpu,1.7685352563858032,1.7556660175323486,1.7064613550901413,1.6907035559415815,project://predictor_specific_difficulty_v1/runs/confirm_K5_i000172/gru/d32/n256/seed3/DONE.json
done,confirm_K5_i000172,GRU,32,4,256,25,1.743531085550785,16,33,6888,cpu,1.7701630368828771,1.749603807926178,1.7264419347047806,1.7450289502739906,project://predictor_specific_difficulty_v1/runs/confirm_K5_i000172/gru/d32/n256/seed4/DONE.json
done,confirm_K5_i000172,GRU,32,5,256,26,1.7217664197087288,16,34,6888,cpu,1.7271775007247925,1.7285222485661509,1.692619413137436,1.8044510707259176,project://predictor_specific_difficulty_v1/runs/confirm_K5_i000172/gru/d32/n256/seed5/DONE.json
done,confirm_K5_i000172,GRU,128,1,256,31,1.720860131084919,16,39,101256,cpu,1.760424792766571,1.8309271410107613,1.8006734997034073,1.760065346956253,project://predictor_specific_difficulty_v1/runs/confirm_K5_i000172/gru/d128/n256/seed1/DONE.json
done,confirm_K5_i000172,GRU,128,2,256,25,1.726217646151781,16,33,101256,cpu,1.7598687335848808,1.8200033158063889,1.761618435382843,1.727011851966381,project://predictor_specific_difficulty_v1/runs/confirm_K5_i000172/gru/d128/n256/seed2/DONE.json
done,confirm_K5_i000172,GRU,128,3,256,15,1.779007617384195,16,23,101256,cpu,1.8039176389575005,1.7234422490000725,1.7410256639122963,1.7552316337823868,project://predictor_specific_difficulty_v1/runs/confirm_K5_i000172/gru/d128/n256/seed3/DONE.json
done,confirm_K5_i000172,GRU,128,4,256,7,1.7664779014885426,16,15,101256,cpu,1.73119505494833,1.8161504119634628,1.812097489833832,1.7804093733429909,project://predictor_specific_difficulty_v1/runs/confirm_K5_i000172/gru/d128/n256/seed4/DONE.json
done,confirm_K5_i000172,GRU,128,5,256,33,1.7282344438135624,16,41,101256,cpu,1.727940447628498,1.734780102968216,1.730850137770176,1.7749368399381638,project://predictor_specific_difficulty_v1/runs/confirm_K5_i000172/gru/d128/n256/seed5/DONE.json
done,confirm_K5_i000172,Transformer,8,1,256,42,1.7396991327404976,16,48,1064,cpu,1.7827514335513115,1.759106568992138,1.8645957335829733,1.648238942027092,project://predictor_specific_difficulty_v1/runs/confirm_K5_i000172/transformer/d8/n256/seed1/DONE.json
done,confirm_K5_i000172,Transformer,8,2,256,48,1.7223196364939213,16,48,1064,cpu,1.7007207497954369,1.724197953939438,1.723987177014351,1.7807597890496254,project://predictor_specific_difficulty_v1/runs/confirm_K5_i000172/transformer/d8/n256/seed2/DONE.json
done,confirm_K5_i000172,Transformer,8,3,256,30,1.78566662222147,16,38,1064,cpu,1.7813284546136856,1.7006370648741722,1.7162474691867828,1.7778086364269257,project://predictor_specific_difficulty_v1/runs/confirm_K5_i000172/transformer/d8/n256/seed3/DONE.json
done,confirm_K5_i000172,Transformer,8,4,256,22,1.744385439902544,16,30,1064,cpu,1.7700968235731125,1.7784800380468369,1.8257050961256027,1.6703458800911903,project://predictor_specific_difficulty_v1/runs/confirm_K5_i000172/transformer/d8/n256/seed4/DONE.json
done,confirm_K5_i000172,Transformer,8,5,256,47,1.7582070007920263,16,48,1064,cpu,1.790002204477787,1.781428001821041,1.7244133725762367,1.7568815425038338,project://predictor_specific_difficulty_v1/runs/confirm_K5_i000172/transformer/d8/n256/seed5/DONE.json
done,confirm_K5_i000172,Transformer,32,1,256,17,1.7897600680589676,16,25,13448,cpu,1.7538666129112244,1.7226421013474464,1.7511033937335014,1.7637704759836197,project://predictor_specific_difficulty_v1/runs/confirm_K5_i000172/transformer/d32/n256/seed1/DONE.json
done,confirm_K5_i000172,Transformer,32,2,256,46,1.7377328984439373,16,48,13448,cpu,1.717863641679287,1.7047375962138176,1.7521583288908005,1.722141519188881,project://predictor_specific_difficulty_v1/runs/confirm_K5_i000172/transformer/d32/n256/seed2/DONE.json
done,confirm_K5_i000172,Transformer,32,3,256,15,1.7753388285636902,16,23,13448,cpu,1.6981486231088638,1.6931083127856257,1.7828626856207848,1.8055209591984749,project://predictor_specific_difficulty_v1/runs/confirm_K5_i000172/transformer/d32/n256/seed3/DONE.json
done,confirm_K5_i000172,Transformer,32,4,256,16,1.7367410250008106,16,24,13448,cpu,1.6574766114354134,1.7627385184168816,1.7702937871217728,1.7805700153112411,project://predictor_specific_difficulty_v1/runs/confirm_K5_i000172/transformer/d32/n256/seed4/DONE.json
done,confirm_K5_i000172,Transformer,32,5,256,13,1.7221834436058998,16,21,13448,cpu,1.7687863484025002,1.8681856393814087,1.7230258658528328,1.85159170627594,project://predictor_specific_difficulty_v1/runs/confirm_K5_i000172/transformer/d32/n256/seed5/DONE.json
done,confirm_K5_i000172,Transformer,128,1,256,34,1.7649078629910946,16,42,201224,cpu,1.7810328677296638,1.725547470152378,1.721737079322338,1.757329262793064,project://predictor_specific_difficulty_v1/runs/confirm_K5_i000172/transformer/d128/n256/seed1/DONE.json
done,confirm_K5_i000172,Transformer,128,2,256,16,1.7747796662151814,16,24,201224,cpu,1.7844601422548294,1.7963736951351166,1.7671967297792437,1.6696950048208237,project://predictor_specific_difficulty_v1/runs/confirm_K5_i000172/transformer/d128/n256/seed2/DONE.json
done,confirm_K5_i000172,Transformer,128,3,256,24,1.7905046343803406,16,32,201224,cpu,1.768922120332718,1.7449056282639503,1.6658494025468826,1.7457740530371666,project://predictor_specific_difficulty_v1/runs/confirm_K5_i000172/transformer/d128/n256/seed3/DONE.json
done,confirm_K5_i000172,Transformer,128,4,256,24,1.7197779975831509,16,32,201224,cpu,1.7594388872385025,1.7487803176045418,1.8025517538189888,1.7736781239509585,project://predictor_specific_difficulty_v1/runs/confirm_K5_i000172/transformer/d128/n256/seed4/DONE.json
done,confirm_K5_i000172,Transformer,128,5,256,34,1.7060901410877705,16,42,201224,cpu,1.7376071885228157,1.755746103823185,1.763915367424488,1.748965047299862,project://predictor_specific_difficulty_v1/runs/confirm_K5_i000172/transformer/d128/n256/seed5/DONE.json
done,confirm_K5_i000796,GRU,8,1,256,47,2.0080466717481613,16,48,576,cpu,2.012072153389454,2.013939805328846,2.008471965789795,2.03087405115366,project://predictor_specific_difficulty_v1/runs/confirm_K5_i000796/gru/d8/n256/seed1/DONE.json
done,confirm_K5_i000796,GRU,8,2,256,44,1.9998058453202248,16,48,576,cpu,2.016717337071896,1.9829267412424088,2.0287653505802155,1.9985824078321457,project://predictor_specific_difficulty_v1/runs/confirm_K5_i000796/gru/d8/n256/seed2/DONE.json
done,confirm_K5_i000796,GRU,8,3,256,48,1.983179971575737,16,48,576,cpu,2.0282388404011726,2.00063656270504,2.017773061990738,2.010333329439163,project://predictor_specific_difficulty_v1/runs/confirm_K5_i000796/gru/d8/n256/seed3/DONE.json
done,confirm_K5_i000796,GRU,8,4,256,42,1.9961465150117876,16,48,576,cpu,2.0172702819108963,1.990762509405613,2.033126905560493,2.0222312957048416,project://predictor_specific_difficulty_v1/runs/confirm_K5_i000796/gru/d8/n256/seed4/DONE.json
done,confirm_K5_i000796,GRU,8,5,256,39,2.0012215301394463,16,47,576,cpu,2.013448014855385,2.0225870683789253,2.0239027813076973,1.977895401418209,project://predictor_specific_difficulty_v1/runs/confirm_K5_i000796/gru/d8/n256/seed5/DONE.json
done,confirm_K5_i000796,GRU,32,1,256,47,1.9840133264660835,16,48,6888,cpu,2.0020808577537537,2.002902314066887,1.9838869124650955,2.000494197010994,project://predictor_specific_difficulty_v1/runs/confirm_K5_i000796/gru/d32/n256/seed1/DONE.json
done,confirm_K5_i000796,GRU,32,2,256,41,1.997161265462637,16,48,6888,cpu,2.003866098821163,1.967754691839218,1.975104093551636,2.016213148832321,project://predictor_specific_difficulty_v1/runs/confirm_K5_i000796/gru/d32/n256/seed2/DONE.json
done,confirm_K5_i000796,GRU,32,3,256,21,1.9835028909146784,16,29,6888,cpu,2.002921402454376,1.990823455154896,2.026289649307728,2.0111448615789413,project://predictor_specific_difficulty_v1/runs/confirm_K5_i000796/gru/d32/n256/seed3/DONE.json
done,confirm_K5_i000796,GRU,32,4,256,29,1.9749312661588192,16,37,6888,cpu,2.005063332617283,1.99812526255846,2.023576930165291,1.995689958333969,project://predictor_specific_difficulty_v1/runs/confirm_K5_i000796/gru/d32/n256/seed4/DONE.json
done,confirm_K5_i000796,GRU,32,5,256,24,1.9951034858822825,16,32,6888,cpu,2.003319382667541,1.9894538596272469,1.9782167375087736,2.0142904445528984,project://predictor_specific_difficulty_v1/runs/confirm_K5_i000796/gru/d32/n256/seed5/DONE.json
done,confirm_K5_i000796,GRU,128,1,256,11,1.9993200115859509,16,19,101256,cpu,2.0143626928329468,2.0140114426612854,1.9943073093891144,2.016581602394581,project://predictor_specific_difficulty_v1/runs/confirm_K5_i000796/gru/d128/n256/seed1/DONE.json
done,confirm_K5_i000796,GRU,128,2,256,4,1.9841418825089927,16,12,101256,cpu,2.021923780441284,2.01522009074688,1.998647317290306,2.012662813067436,project://predictor_specific_difficulty_v1/runs/confirm_K5_i000796/gru/d128/n256/seed2/DONE.json
done,confirm_K5_i000796,GRU,128,3,256,4,2.017500437796116,16,12,101256,cpu,1.99159587174654,2.0285841301083565,2.0279014855623245,2.038698635995388,project://predictor_specific_difficulty_v1/runs/confirm_K5_i000796/gru/d128/n256/seed3/DONE.json
done,confirm_K5_i000796,GRU,128,4,256,6,2.0185296311974525,16,14,101256,cpu,1.9935111105442047,1.998433254659176,2.0612144768238068,2.0501695349812508,project://predictor_specific_difficulty_v1/runs/confirm_K5_i000796/gru/d128/n256/seed4/DONE.json
done,confirm_K5_i000796,GRU,128,5,256,17,2.0066562071442604,16,25,101256,cpu,2.0353762432932854,1.978510633111,2.011310435831547,2.0022103041410446,project://predictor_specific_difficulty_v1/runs/confirm_K5_i000796/gru/d128/n256/seed5/DONE.json
done,confirm_K5_i000796,Transformer,8,1,256,36,2.003506924957037,16,44,1064,cpu,1.9980606138706207,2.0053056105971336,2.0072411000728607,1.979512110352516,project://predictor_specific_difficulty_v1/runs/confirm_K5_i000796/transformer/d8/n256/seed1/DONE.json
done,confirm_K5_i000796,Transformer,8,2,256,36,2.0181943215429783,16,44,1064,cpu,2.0146988332271576,2.0202353075146675,2.020697072148323,2.0045417845249176,project://predictor_specific_difficulty_v1/runs/confirm_K5_i000796/transformer/d8/n256/seed2/DONE.json
done,confirm_K5_i000796,Transformer,8,3,256,45,2.01388955488801,16,48,1064,cpu,2.042198307812214,2.0135231614112854,2.0277829319238663,2.001864291727543,project://predictor_specific_difficulty_v1/runs/confirm_K5_i000796/transformer/d8/n256/seed3/DONE.json
done,confirm_K5_i000796,Transformer,8,4,256,45,2.011759363114834,16,48,1064,cpu,2.0030063912272453,2.029311552643776,2.003884829580784,2.001427449285984,project://predictor_specific_difficulty_v1/runs/confirm_K5_i000796/transformer/d8/n256/seed4/DONE.json
done,confirm_K5_i000796,Transformer,8,5,256,48,2.0066149421036243,16,48,1064,cpu,2.00556593388319,2.019649244844913,2.00907015055418,2.022972382605076,project://predictor_specific_difficulty_v1/runs/confirm_K5_i000796/transformer/d8/n256/seed5/DONE.json
done,confirm_K5_i000796,Transformer,32,1,256,22,2.015780609101057,16,30,13448,cpu,1.984587050974369,1.9508238583803177,1.9989356249570849,1.9939313158392904,project://predictor_specific_difficulty_v1/runs/confirm_K5_i000796/transformer/d32/n256/seed1/DONE.json
done,confirm_K5_i000796,Transformer,32,2,256,31,1.9982940405607224,16,39,13448,cpu,2.007234945893288,2.016290806233883,2.0324919000267982,1.9959906786680224,project://predictor_specific_difficulty_v1/runs/confirm_K5_i000796/transformer/d32/n256/seed2/DONE.json
done,confirm_K5_i000796,Transformer,32,3,256,9,2.0062627159059048,16,17,13448,cpu,2.029027722775936,2.0402576848864555,1.9918418303132055,2.030538909137249,project://predictor_specific_difficulty_v1/runs/confirm_K5_i000796/transformer/d32/n256/seed3/DONE.json
done,confirm_K5_i000796,Transformer,32,4,256,30,1.994042340666056,16,38,13448,cpu,2.016824297606945,2.0214977711439133,1.9971618950366972,2.021157771348953,project://predictor_specific_difficulty_v1/runs/confirm_K5_i000796/transformer/d32/n256/seed4/DONE.json
done,confirm_K5_i000796,Transformer,32,5,256,17,1.9900710433721545,16,25,13448,cpu,1.9866217151284216,2.0134504437446594,2.018722042441368,2.0132245048880577,project://predictor_specific_difficulty_v1/runs/confirm_K5_i000796/transformer/d32/n256/seed5/DONE.json
done,confirm_K5_i000796,Transformer,128,1,256,37,2.0024820007383823,16,45,201224,cpu,2.008568972349167,2.0314836651086807,2.0200357139110565,2.002889283001423,project://predictor_specific_difficulty_v1/runs/confirm_K5_i000796/transformer/d128/n256/seed1/DONE.json
done,confirm_K5_i000796,Transformer,128,2,256,40,2.0164953097701077,16,48,201224,cpu,1.9851683676242828,2.004219233989716,1.9704776629805565,1.98970727622509,project://predictor_specific_difficulty_v1/runs/confirm_K5_i000796/transformer/d128/n256/seed2/DONE.json
done,confirm_K5_i000796,Transformer,128,3,256,15,1.992220364511013,16,23,201224,cpu,2.0281089767813683,1.9977384135127068,2.020524263381958,2.046410046517849,project://predictor_specific_difficulty_v1/runs/confirm_K5_i000796/transformer/d128/n256/seed3/DONE.json
done,confirm_K5_i000796,Transformer,128,4,256,19,1.986452877521515,16,27,201224,cpu,2.081967294216156,2.0499149337410927,2.053495801985264,2.086300328373909,project://predictor_specific_difficulty_v1/runs/confirm_K5_i000796/transformer/d128/n256/seed4/DONE.json
done,confirm_K5_i000796,Transformer,128,5,256,36,1.996609304100275,16,44,201224,cpu,1.997302196919918,2.025528244674206,2.011841781437397,2.005765020847321,project://predictor_specific_difficulty_v1/runs/confirm_K5_i000796/transformer/d128/n256/seed5/DONE.json
done,confirm_K6_i000561,GRU,8,1,256,48,1.7184008583426476,16,48,576,cpu,1.7002678215503693,1.657930627465248,1.6566715016961098,1.6954079940915108,project://predictor_specific_difficulty_v1/runs/confirm_K6_i000561/gru/d8/n256/seed1/DONE.json
done,confirm_K6_i000561,GRU,8,2,256,47,1.6586141884326937,16,48,576,cpu,1.686094619333744,1.6539622992277143,1.706812895834446,1.700260691344738,project://predictor_specific_difficulty_v1/runs/confirm_K6_i000561/gru/d8/n256/seed2/DONE.json
done,confirm_K6_i000561,GRU,8,3,256,45,1.6384287439286709,16,48,576,cpu,1.7207781597971916,1.685948722064495,1.716020554304123,1.7001981809735298,project://predictor_specific_difficulty_v1/runs/confirm_K6_i000561/gru/d8/n256/seed3/DONE.json
done,confirm_K6_i000561,GRU,8,4,256,47,1.6457407996058464,16,48,576,cpu,1.6872390657663343,1.690934181213379,1.6574425548315048,1.6387635990977287,project://predictor_specific_difficulty_v1/runs/confirm_K6_i000561/gru/d8/n256/seed4/DONE.json
done,confirm_K6_i000561,GRU,8,5,256,48,1.6726266741752625,16,48,576,cpu,1.714489370584488,1.6751345992088318,1.6900764778256416,1.6796299666166306,project://predictor_specific_difficulty_v1/runs/confirm_K6_i000561/gru/d8/n256/seed5/DONE.json
done,confirm_K6_i000561,GRU,32,1,256,22,1.6911299787461758,16,30,6888,cpu,1.7405970916152,1.6608584821224213,1.6764144599437714,1.6842378452420237,project://predictor_specific_difficulty_v1/runs/confirm_K6_i000561/gru/d32/n256/seed1/DONE.json
done,confirm_K6_i000561,GRU,32,2,256,40,1.6941239163279531,16,48,6888,cpu,1.6626490727066994,1.619571015238762,1.6384684294462204,1.6676378920674324,project://predictor_specific_difficulty_v1/runs/confirm_K6_i000561/gru/d32/n256/seed2/DONE.json
done,confirm_K6_i000561,GRU,32,3,256,23,1.6509023196995258,16,31,6888,cpu,1.6503994017839432,1.746247723698616,1.6137197464704514,1.694974347949028,project://predictor_specific_difficulty_v1/runs/confirm_K6_i000561/gru/d32/n256/seed3/DONE.json
done,confirm_K6_i000561,GRU,32,4,256,37,1.6305714063346386,16,45,6888,cpu,1.6613606587052343,1.730852633714676,1.7246681079268456,1.633412279188633,project://predictor_specific_difficulty_v1/runs/confirm_K6_i000561/gru/d32/n256/seed4/DONE.json
done,confirm_K6_i000561,GRU,32,5,256,27,1.690492518246174,16,35,6888,cpu,1.670920446515083,1.672238789498806,1.70180631428957,1.660396084189415,project://predictor_specific_difficulty_v1/runs/confirm_K6_i000561/gru/d32/n256/seed5/DONE.json
done,confirm_K6_i000561,GRU,128,1,256,12,1.690056398510933,16,20,101256,cpu,1.714375466108322,1.787417970597744,1.6839429438114166,1.6524909287691116,project://predictor_specific_difficulty_v1/runs/confirm_K6_i000561/gru/d128/n256/seed1/DONE.json
done,confirm_K6_i000561,GRU,128,2,256,12,1.6793063394725325,16,20,101256,cpu,1.7180549204349518,1.6791784092783928,1.6145525872707367,1.7187382280826569,project://predictor_specific_difficulty_v1/runs/confirm_K6_i000561/gru/d128/n256/seed2/DONE.json
done,confirm_K6_i000561,GRU,128,3,256,13,1.658500239253044,16,21,101256,cpu,1.7066208347678185,1.6963894069194794,1.7054972127079964,1.6955540403723717,project://predictor_specific_difficulty_v1/runs/confirm_K6_i000561/gru/d128/n256/seed3/DONE.json
done,confirm_K6_i000561,GRU,128,4,256,24,1.6946392469108105,16,32,101256,cpu,1.691013678908348,1.6533650681376455,1.6577808931469915,1.7414124980568886,project://predictor_specific_difficulty_v1/runs/confirm_K6_i000561/gru/d128/n256/seed4/DONE.json
done,confirm_K6_i000561,GRU,128,5,256,12,1.687587533146143,16,20,101256,cpu,1.6759707555174828,1.6966297402977943,1.7338268384337423,1.691129930317402,project://predictor_specific_difficulty_v1/runs/confirm_K6_i000561/gru/d128/n256/seed5/DONE.json
done,confirm_K6_i000561,Transformer,8,1,256,47,1.7007949575781822,16,48,1064,cpu,1.6670555770397186,1.6823156997561457,1.7033870965242386,1.6482817977666857,project://predictor_specific_difficulty_v1/runs/confirm_K6_i000561/transformer/d8/n256/seed1/DONE.json
done,confirm_K6_i000561,Transformer,8,2,256,35,1.7098482586443424,16,43,1064,cpu,1.6910690516233444,1.677697665989399,1.6995514631271362,1.7188530415296557,project://predictor_specific_difficulty_v1/runs/confirm_K6_i000561/transformer/d8/n256/seed2/DONE.json
done,confirm_K6_i000561,Transformer,8,3,256,38,1.6944115087389946,16,46,1064,cpu,1.6340793445706367,1.671686269342899,1.6554834246635437,1.6537943184375763,project://predictor_specific_difficulty_v1/runs/confirm_K6_i000561/transformer/d8/n256/seed3/DONE.json
done,confirm_K6_i000561,Transformer,8,4,256,44,1.6646760515868664,16,48,1064,cpu,1.6212313249707222,1.70614542812109,1.7181441560387611,1.6778854951262474,project://predictor_specific_difficulty_v1/runs/confirm_K6_i000561/transformer/d8/n256/seed4/DONE.json
done,confirm_K6_i000561,Transformer,8,5,256,23,1.6521990150213242,16,31,1064,cpu,1.71147021651268,1.7019305974245071,1.6992421001195908,1.7411907240748403,project://predictor_specific_difficulty_v1/runs/confirm_K6_i000561/transformer/d8/n256/seed5/DONE.json
done,confirm_K6_i000561,Transformer,32,1,256,47,1.6427977979183197,16,48,13448,cpu,1.718238815665245,1.6618075743317604,1.662143312394619,1.6184202283620834,project://predictor_specific_difficulty_v1/runs/confirm_K6_i000561/transformer/d32/n256/seed1/DONE.json
done,confirm_K6_i000561,Transformer,32,2,256,8,1.683257769793272,16,16,13448,cpu,1.7307653427124023,1.7131475657224655,1.70482175052166,1.651877574622631,project://predictor_specific_difficulty_v1/runs/confirm_K6_i000561/transformer/d32/n256/seed2/DONE.json
done,confirm_K6_i000561,Transformer,32,3,256,14,1.69424120336771,16,22,13448,cpu,1.6864284425973892,1.7116005048155785,1.7356911078095436,1.6970673352479937,project://predictor_specific_difficulty_v1/runs/confirm_K6_i000561/transformer/d32/n256/seed3/DONE.json
done,confirm_K6_i000561,Transformer,32,4,256,34,1.7087148912250996,16,42,13448,cpu,1.6669520065188408,1.7029034569859505,1.6592485308647156,1.6416966319084167,project://predictor_specific_difficulty_v1/runs/confirm_K6_i000561/transformer/d32/n256/seed4/DONE.json
done,confirm_K6_i000561,Transformer,32,5,256,8,1.649529829621315,16,16,13448,cpu,1.7146356627345083,1.6287435218691826,1.781094528734684,1.6597665399312973,project://predictor_specific_difficulty_v1/runs/confirm_K6_i000561/transformer/d32/n256/seed5/DONE.json
done,confirm_K6_i000561,Transformer,128,1,256,7,1.6210883408784866,16,15,201224,cpu,1.7231219336390495,1.718942008912563,1.7751494571566582,1.6673465818166733,project://predictor_specific_difficulty_v1/runs/confirm_K6_i000561/transformer/d128/n256/seed1/DONE.json
done,confirm_K6_i000561,Transformer,128,2,256,23,1.6811195649206638,16,31,201224,cpu,1.6915053203701973,1.7157763913273811,1.7022887915372849,1.7192510440945623,project://predictor_specific_difficulty_v1/runs/confirm_K6_i000561/transformer/d128/n256/seed2/DONE.json
done,confirm_K6_i000561,Transformer,128,3,256,5,1.6843577288091185,16,13,201224,cpu,1.727531835436821,1.686772182583809,1.7241286635398865,1.732116349041462,project://predictor_specific_difficulty_v1/runs/confirm_K6_i000561/transformer/d128/n256/seed3/DONE.json
done,confirm_K6_i000561,Transformer,128,4,256,11,1.664229143410921,16,19,201224,cpu,1.6941360533237455,1.6465879380702972,1.649073861539364,1.7504243403673172,project://predictor_specific_difficulty_v1/runs/confirm_K6_i000561/transformer/d128/n256/seed4/DONE.json
done,confirm_K6_i000561,Transformer,128,5,256,15,1.661709289997816,16,23,201224,cpu,1.7719950452446938,1.7443678304553032,1.7277504727244375,1.730582244694233,project://predictor_specific_difficulty_v1/runs/confirm_K6_i000561/transformer/d128/n256/seed5/DONE.json
done,confirm_K6_i000835,GRU,8,1,256,44,1.9080369882285595,16,48,576,cpu,1.959702514111996,1.973211795091629,1.9791126996278765,1.9134168326854704,project://predictor_specific_difficulty_v1/runs/confirm_K6_i000835/gru/d8/n256/seed1/DONE.json
done,confirm_K6_i000835,GRU,8,2,256,40,1.901721641421318,16,48,576,cpu,1.9426018446683884,1.921229399740696,1.9367352426052091,1.928079567849636,project://predictor_specific_difficulty_v1/runs/confirm_K6_i000835/gru/d8/n256/seed2/DONE.json
done,confirm_K6_i000835,GRU,8,3,256,32,1.9274783544242384,16,40,576,cpu,1.9456795901060104,1.8835268020629885,1.935895875096321,1.928689680993557,project://predictor_specific_difficulty_v1/runs/confirm_K6_i000835/gru/d8/n256/seed3/DONE.json
done,confirm_K6_i000835,GRU,8,4,256,48,1.9333566464483736,16,48,576,cpu,1.9545823112130165,1.9636672213673592,1.9303193539381027,1.9603893607854843,project://predictor_specific_difficulty_v1/runs/confirm_K6_i000835/gru/d8/n256/seed4/DONE.json
done,confirm_K6_i000835,GRU,8,5,256,29,1.9361505061388016,16,37,576,cpu,1.9485023841261864,1.9701798185706136,1.960503786802292,1.922833263874054,project://predictor_specific_difficulty_v1/runs/confirm_K6_i000835/gru/d8/n256/seed5/DONE.json
done,confirm_K6_i000835,GRU,32,1,256,19,1.9204332008957865,16,27,6888,cpu,1.9381073787808416,1.9407518282532688,1.9094148352742195,1.918459676206112,project://predictor_specific_difficulty_v1/runs/confirm_K6_i000835/gru/d32/n256/seed1/DONE.json
done,confirm_K6_i000835,GRU,32,2,256,10,1.9297925382852557,16,18,6888,cpu,1.9266129657626152,1.9388013407588005,1.905407316982746,1.9561807736754415,project://predictor_specific_difficulty_v1/runs/confirm_K6_i000835/gru/d32/n256/seed2/DONE.json
done,confirm_K6_i000835,GRU,32,3,256,21,1.9392068609595297,16,29,6888,cpu,1.935193240642548,1.9341865554451945,1.9159645065665245,1.9030745774507525,project://predictor_specific_difficulty_v1/runs/confirm_K6_i000835/gru/d32/n256/seed3/DONE.json
done,confirm_K6_i000835,GRU,32,4,256,12,1.9394393265247345,16,20,6888,cpu,1.9625376537442207,1.9023735597729683,1.914975494146347,1.9271752387285237,project://predictor_specific_difficulty_v1/runs/confirm_K6_i000835/gru/d32/n256/seed4/DONE.json
done,confirm_K6_i000835,GRU,32,5,256,18,1.9265111982822416,16,26,6888,cpu,1.9431653171777723,1.9410646706819532,1.941031575202942,1.9418300613760948,project://predictor_specific_difficulty_v1/runs/confirm_K6_i000835/gru/d32/n256/seed5/DONE.json
done,confirm_K6_i000835,GRU,128,1,256,23,1.9398554973304272,16,31,101256,cpu,1.9593247100710869,1.9449113607406616,1.9353605061769483,1.950737826526165,project://predictor_specific_difficulty_v1/runs/confirm_K6_i000835/gru/d128/n256/seed1/DONE.json
done,confirm_K6_i000835,GRU,128,2,256,23,1.9218300580978396,16,31,101256,cpu,1.91403828561306,1.9650106653571129,1.952105596661568,1.9233890399336813,project://predictor_specific_difficulty_v1/runs/confirm_K6_i000835/gru/d128/n256/seed2/DONE.json
done,confirm_K6_i000835,GRU,128,3,256,13,1.9310203529894352,16,21,101256,cpu,1.9741330742836,1.937572740018368,1.935694381594658,1.9741230756044388,project://predictor_specific_difficulty_v1/runs/confirm_K6_i000835/gru/d128/n256/seed3/DONE.json
done,confirm_K6_i000835,GRU,128,4,256,13,1.9173164628446104,16,21,101256,cpu,1.9978273883461952,1.9594422578811648,1.930522583425045,2.0050653368234634,project://predictor_specific_difficulty_v1/runs/confirm_K6_i000835/gru/d128/n256/seed4/DONE.json
done,confirm_K6_i000835,GRU,128,5,256,7,1.9389859810471533,16,15,101256,cpu,1.985563851892948,1.9545000195503237,1.971399195492268,1.9091325849294665,project://predictor_specific_difficulty_v1/runs/confirm_K6_i000835/gru/d128/n256/seed5/DONE.json
done,confirm_K6_i000835,Transformer,8,1,256,40,1.904749546200037,16,48,1064,cpu,1.9359075129032133,1.918808102607727,1.924339972436428,1.917188860476017,project://predictor_specific_difficulty_v1/runs/confirm_K6_i000835/transformer/d8/n256/seed1/DONE.json
done,confirm_K6_i000835,Transformer,8,2,256,27,1.9143992438912392,16,35,1064,cpu,1.9166248589754105,1.88945971429348,1.942491166293621,1.948074631392956,project://predictor_specific_difficulty_v1/runs/confirm_K6_i000835/transformer/d8/n256/seed2/DONE.json
done,confirm_K6_i000835,Transformer,8,3,256,40,1.9572790563106537,16,48,1064,cpu,1.918386273086071,1.9377308189868927,1.918982833623886,1.9364497736096384,project://predictor_specific_difficulty_v1/runs/confirm_K6_i000835/transformer/d8/n256/seed3/DONE.json
done,confirm_K6_i000835,Transformer,8,4,256,31,1.935196366161108,16,39,1064,cpu,1.932220868766308,1.941695012152195,1.9194745570421217,1.91401431709528,project://predictor_specific_difficulty_v1/runs/confirm_K6_i000835/transformer/d8/n256/seed4/DONE.json
done,confirm_K6_i000835,Transformer,8,5,256,30,1.9036403261125088,16,38,1064,cpu,1.9247179254889488,1.9328478649258611,1.9949731230735777,1.943718194961548,project://predictor_specific_difficulty_v1/runs/confirm_K6_i000835/transformer/d8/n256/seed5/DONE.json
done,confirm_K6_i000835,Transformer,32,1,256,8,1.9363835975527763,16,16,13448,cpu,1.9621630534529688,1.931515023112297,1.914918102324009,1.937227487564087,project://predictor_specific_difficulty_v1/runs/confirm_K6_i000835/transformer/d32/n256/seed1/DONE.json
done,confirm_K6_i000835,Transformer,32,2,256,9,1.9181145392358303,16,17,13448,cpu,1.9560993760824203,1.9478864148259163,1.915273368358612,1.9110045731067655,project://predictor_specific_difficulty_v1/runs/confirm_K6_i000835/transformer/d32/n256/seed2/DONE.json
done,confirm_K6_i000835,Transformer,32,3,256,18,1.912493448704481,16,26,13448,cpu,1.946083702147007,1.9153651669621468,1.9842993021011357,1.976637989282608,project://predictor_specific_difficulty_v1/runs/confirm_K6_i000835/transformer/d32/n256/seed3/DONE.json
done,confirm_K6_i000835,Transformer,32,4,256,10,1.919962514191866,16,18,13448,cpu,1.980167992413044,1.9379494488239288,1.935873880982399,2.000610440969467,project://predictor_specific_difficulty_v1/runs/confirm_K6_i000835/transformer/d32/n256/seed4/DONE.json
done,confirm_K6_i000835,Transformer,32,5,256,11,1.935424167662859,16,19,13448,cpu,1.9706181660294533,1.9450350925326347,1.977373652160168,1.9341478943824768,project://predictor_specific_difficulty_v1/runs/confirm_K6_i000835/transformer/d32/n256/seed5/DONE.json
done,confirm_K6_i000835,Transformer,128,1,256,29,1.9446472078561785,16,37,201224,cpu,1.9361492544412613,1.982254572212696,1.9728042259812355,1.9716691300272944,project://predictor_specific_difficulty_v1/runs/confirm_K6_i000835/transformer/d128/n256/seed1/DONE.json
done,confirm_K6_i000835,Transformer,128,2,256,9,1.8987939320504663,16,17,201224,cpu,1.9411547556519508,1.9417619034647944,1.950207233428955,1.928151056170464,project://predictor_specific_difficulty_v1/runs/confirm_K6_i000835/transformer/d128/n256/seed2/DONE.json
done,confirm_K6_i000835,Transformer,128,3,256,5,1.9898075833916664,16,13,201224,cpu,1.9695058166980743,1.9647438302636149,1.9565113857388496,1.9747238904237747,project://predictor_specific_difficulty_v1/runs/confirm_K6_i000835/transformer/d128/n256/seed3/DONE.json
done,confirm_K6_i000835,Transformer,128,4,256,15,1.9278488755226133,16,23,201224,cpu,1.9314728528261185,1.914441928267479,1.962444290518761,1.935557097196579,project://predictor_specific_difficulty_v1/runs/confirm_K6_i000835/transformer/d128/n256/seed4/DONE.json
done,confirm_K6_i000835,Transformer,128,5,256,23,1.9170241728425024,16,31,201224,cpu,1.9385073482990265,1.9278642758727076,1.958479464054108,1.924878403544426,project://predictor_specific_difficulty_v1/runs/confirm_K6_i000835/transformer/d128/n256/seed5/DONE.json
done,confirm_K6_i000306,GRU,8,1,256,44,1.7049708887934685,16,48,576,cpu,1.6916907206177711,1.7569199204444883,1.6735488921403885,1.6773366034030914,project://predictor_specific_difficulty_v1/runs/confirm_K6_i000306/gru/d8/n256/seed1/DONE.json
done,confirm_K6_i000306,GRU,8,2,256,47,1.689142607152462,16,48,576,cpu,1.7300326898694038,1.7137142419815063,1.7119751572608948,1.6860150396823883,project://predictor_specific_difficulty_v1/runs/confirm_K6_i000306/gru/d8/n256/seed2/DONE.json
done,confirm_K6_i000306,GRU,8,3,256,48,1.6400759555399418,16,48,576,cpu,1.6867056861519814,1.6861358284950256,1.7401480674743652,1.700314775109291,project://predictor_specific_difficulty_v1/runs/confirm_K6_i000306/gru/d8/n256/seed3/DONE.json
done,confirm_K6_i000306,GRU,8,4,256,48,1.7099047377705574,16,48,576,cpu,1.704121008515358,1.6657657399773598,1.671564280986786,1.6428735256195068,project://predictor_specific_difficulty_v1/runs/confirm_K6_i000306/gru/d8/n256/seed4/DONE.json
done,confirm_K6_i000306,GRU,8,5,256,48,1.6630098037421703,16,48,576,cpu,1.692086324095726,1.6811177730560305,1.7154396697878838,1.6764699295163157,project://predictor_specific_difficulty_v1/runs/confirm_K6_i000306/gru/d8/n256/seed5/DONE.json
done,confirm_K6_i000306,GRU,32,1,256,42,1.6637455374002457,16,48,6888,cpu,1.7109219580888748,1.7194945216178894,1.6697695553302765,1.6838598549365995,project://predictor_specific_difficulty_v1/runs/confirm_K6_i000306/gru/d32/n256/seed1/DONE.json
done,confirm_K6_i000306,GRU,32,2,256,35,1.6415657550096512,16,43,6888,cpu,1.7292181625962255,1.670320689678192,1.6716024056077003,1.7260489985346794,project://predictor_specific_difficulty_v1/runs/confirm_K6_i000306/gru/d32/n256/seed2/DONE.json
done,confirm_K6_i000306,GRU,32,3,256,27,1.6947764828801155,16,35,6888,cpu,1.7062764018774033,1.6760147213935852,1.6615209057927132,1.7447180673480034,project://predictor_specific_difficulty_v1/runs/confirm_K6_i000306/gru/d32/n256/seed3/DONE.json
done,confirm_K6_i000306,GRU,32,4,256,32,1.7039855681359768,16,40,6888,cpu,1.6664812564849854,1.7102534919977188,1.7205908298492432,1.701311133801937,project://predictor_specific_difficulty_v1/runs/confirm_K6_i000306/gru/d32/n256/seed4/DONE.json
done,confirm_K6_i000306,GRU,32,5,256,42,1.6407851614058018,16,48,6888,cpu,1.6852112263441086,1.703429751098156,1.610581986606121,1.7143932431936264,project://predictor_specific_difficulty_v1/runs/confirm_K6_i000306/gru/d32/n256/seed5/DONE.json
done,confirm_K6_i000306,GRU,128,1,256,23,1.6376584880053997,16,31,101256,cpu,1.7708039954304695,1.6470187157392502,1.6730083972215652,1.643541045486927,project://predictor_specific_difficulty_v1/runs/confirm_K6_i000306/gru/d128/n256/seed1/DONE.json
done,confirm_K6_i000306,GRU,128,2,256,26,1.6930539086461067,16,34,101256,cpu,1.654376395046711,1.6908332332968712,1.7364920750260353,1.5778547525405884,project://predictor_specific_difficulty_v1/runs/confirm_K6_i000306/gru/d128/n256/seed2/DONE.json
done,confirm_K6_i000306,GRU,128,3,256,20,1.6924058012664318,16,28,101256,cpu,1.7292151302099228,1.6682323589920998,1.6718668043613434,1.743458203971386,project://predictor_specific_difficulty_v1/runs/confirm_K6_i000306/gru/d128/n256/seed3/DONE.json
done,confirm_K6_i000306,GRU,128,4,256,28,1.6725126504898071,16,36,101256,cpu,1.7114590257406237,1.6900853589177132,1.6230466812849045,1.676971323788166,project://predictor_specific_difficulty_v1/runs/confirm_K6_i000306/gru/d128/n256/seed4/DONE.json
done,confirm_K6_i000306,GRU,128,5,256,13,1.671460460871458,16,21,101256,cpu,1.7155047431588173,1.7468838021159172,1.70962243527174,1.7521196901798248,project://predictor_specific_difficulty_v1/runs/confirm_K6_i000306/gru/d128/n256/seed5/DONE.json
done,confirm_K6_i000306,Transformer,8,1,256,48,1.6674697436392307,16,48,1064,cpu,1.650849737226963,1.6882963478565216,1.712529644370079,1.7161100506782532,project://predictor_specific_difficulty_v1/runs/confirm_K6_i000306/transformer/d8/n256/seed1/DONE.json
done,confirm_K6_i000306,Transformer,8,2,256,38,1.6698402874171734,16,46,1064,cpu,1.7711080983281136,1.739002250134945,1.7360605970025065,1.6616937667131424,project://predictor_specific_difficulty_v1/runs/confirm_K6_i000306/transformer/d8/n256/seed2/DONE.json
done,confirm_K6_i000306,Transformer,8,3,256,42,1.677795398980379,16,48,1064,cpu,1.6111352443695068,1.7260810509324074,1.7113083973526957,1.6902608945965767,project://predictor_specific_difficulty_v1/runs/confirm_K6_i000306/transformer/d8/n256/seed3/DONE.json
done,confirm_K6_i000306,Transformer,8,4,256,47,1.6680012345314026,16,48,1064,cpu,1.6875771656632423,1.7593149915337565,1.700186252593994,1.7367958277463913,project://predictor_specific_difficulty_v1/runs/confirm_K6_i000306/transformer/d8/n256/seed4/DONE.json
done,confirm_K6_i000306,Transformer,8,5,256,48,1.6435736157000065,16,48,1064,cpu,1.7445479780435562,1.7020738050341606,1.6828616559505465,1.565463550388813,project://predictor_specific_difficulty_v1/runs/confirm_K6_i000306/transformer/d8/n256/seed5/DONE.json
done,confirm_K6_i000306,Transformer,32,1,256,17,1.700144860893488,16,25,13448,cpu,1.671870894730091,1.7184019908308985,1.6323150768876076,1.682491555809975,project://predictor_specific_difficulty_v1/runs/confirm_K6_i000306/transformer/d32/n256/seed1/DONE.json
done,confirm_K6_i000306,Transformer,32,2,256,17,1.7713917195796969,16,25,13448,cpu,1.7577791810035706,1.6819044277071953,1.7105071023106575,1.7368883341550827,project://predictor_specific_difficulty_v1/runs/confirm_K6_i000306/transformer/d32/n256/seed2/DONE.json
done,confirm_K6_i000306,Transformer,32,3,256,12,1.7020437270402908,16,20,13448,cpu,1.6323955953121183,1.658123329281807,1.702059730887413,1.681119665503502,project://predictor_specific_difficulty_v1/runs/confirm_K6_i000306/transformer/d32/n256/seed3/DONE.json
done,confirm_K6_i000306,Transformer,32,4,256,16,1.654442336410284,16,24,13448,cpu,1.6509327068924904,1.7192707285284996,1.7100960686802864,1.6657653227448463,project://predictor_specific_difficulty_v1/runs/confirm_K6_i000306/transformer/d32/n256/seed4/DONE.json
done,confirm_K6_i000306,Transformer,32,5,256,16,1.6913466155529022,16,24,13448,cpu,1.6674432680010796,1.7175770923495293,1.6757630109786987,1.7418573424220083,project://predictor_specific_difficulty_v1/runs/confirm_K6_i000306/transformer/d32/n256/seed5/DONE.json
done,confirm_K6_i000306,Transformer,128,1,256,19,1.7433098033070564,16,27,201224,cpu,1.6978760585188866,1.7190491259098053,1.7294310629367828,1.6732561439275742,project://predictor_specific_difficulty_v1/runs/confirm_K6_i000306/transformer/d128/n256/seed1/DONE.json
done,confirm_K6_i000306,Transformer,128,2,256,30,1.7206769734621048,16,38,201224,cpu,1.6835584193468094,1.6873979642987251,1.7939737811684608,1.6417315155267715,project://predictor_specific_difficulty_v1/runs/confirm_K6_i000306/transformer/d128/n256/seed2/DONE.json
done,confirm_K6_i000306,Transformer,128,3,256,22,1.7207979448139668,16,30,201224,cpu,1.7405555322766304,1.712151750922203,1.705784097313881,1.6626210063695908,project://predictor_specific_difficulty_v1/runs/confirm_K6_i000306/transformer/d128/n256/seed3/DONE.json
done,confirm_K6_i000306,Transformer,128,4,256,18,1.6673777513206005,16,26,201224,cpu,1.6061004772782326,1.6699595302343369,1.619150161743164,1.6763441786170006,project://predictor_specific_difficulty_v1/runs/confirm_K6_i000306/transformer/d128/n256/seed4/DONE.json
done,confirm_K6_i000306,Transformer,128,5,256,46,1.6931609846651554,16,48,201224,cpu,1.784376695752144,1.6693968698382378,1.739358775317669,1.7045286446809769,project://predictor_specific_difficulty_v1/runs/confirm_K6_i000306/transformer/d128/n256/seed5/DONE.json
done,confirm_K6_i000268,GRU,8,1,256,43,1.941028855741024,16,48,576,cpu,1.9308567568659785,1.911075592041016,1.9589203596115112,1.924651749432087,project://predictor_specific_difficulty_v1/runs/confirm_K6_i000268/gru/d8/n256/seed1/DONE.json
done,confirm_K6_i000268,GRU,8,2,256,46,1.9413013979792595,16,48,576,cpu,1.9576603919267652,1.9021046459674835,1.9646113738417623,1.9192049875855448,project://predictor_specific_difficulty_v1/runs/confirm_K6_i000268/gru/d8/n256/seed2/DONE.json
done,confirm_K6_i000268,GRU,8,3,256,44,1.9141315035521984,16,48,576,cpu,1.9701045751571653,1.94786936044693,1.9669902101159096,1.9335517510771751,project://predictor_specific_difficulty_v1/runs/confirm_K6_i000268/gru/d8/n256/seed3/DONE.json
done,confirm_K6_i000268,GRU,8,4,256,48,1.9326649382710457,16,48,576,cpu,1.934716023504734,1.905667431652546,1.966215156018734,1.9317718744277956,project://predictor_specific_difficulty_v1/runs/confirm_K6_i000268/gru/d8/n256/seed4/DONE.json
done,confirm_K6_i000268,GRU,8,5,256,47,1.9391435161232948,16,48,576,cpu,1.938914366066456,1.9258013367652893,1.9137184098362925,1.9460749477148056,project://predictor_specific_difficulty_v1/runs/confirm_K6_i000268/gru/d8/n256/seed5/DONE.json
done,confirm_K6_i000268,GRU,32,1,256,25,1.9136832989752293,16,33,6888,cpu,1.9350793808698652,1.907014660537243,1.932266041636467,1.9512490183115003,project://predictor_specific_difficulty_v1/runs/confirm_K6_i000268/gru/d32/n256/seed1/DONE.json
done,confirm_K6_i000268,GRU,32,2,256,17,1.913182109594345,16,25,6888,cpu,1.9510085508227348,1.9475327283144,1.9166886657476423,1.9582754001021383,project://predictor_specific_difficulty_v1/runs/confirm_K6_i000268/gru/d32/n256/seed2/DONE.json
done,confirm_K6_i000268,GRU,32,3,256,16,1.9374532215297224,16,24,6888,cpu,1.948125146329403,1.9252432510256767,1.973131813108921,1.918840013444424,project://predictor_specific_difficulty_v1/runs/confirm_K6_i000268/gru/d32/n256/seed3/DONE.json
done,confirm_K6_i000268,GRU,32,4,256,24,1.9251875318586824,16,32,6888,cpu,1.9514417499303816,1.896184578537941,1.9111801534891129,1.9693901166319847,project://predictor_specific_difficulty_v1/runs/confirm_K6_i000268/gru/d32/n256/seed4/DONE.json
done,confirm_K6_i000268,GRU,32,5,256,42,1.913167625665665,16,48,6888,cpu,1.92804254591465,1.9361516386270523,1.891404539346695,1.907731093466282,project://predictor_specific_difficulty_v1/runs/confirm_K6_i000268/gru/d32/n256/seed5/DONE.json
done,confirm_K6_i000268,GRU,128,1,256,17,1.93408315256238,16,25,101256,cpu,1.9492401257157328,1.934380792081356,1.954946331679821,1.9079629555344584,project://predictor_specific_difficulty_v1/runs/confirm_K6_i000268/gru/d128/n256/seed1/DONE.json
done,confirm_K6_i000268,GRU,128,2,256,4,1.9433198980987072,16,12,101256,cpu,1.9751933068037035,1.965030938386917,1.8908968642354007,1.9420992657542229,project://predictor_specific_difficulty_v1/runs/confirm_K6_i000268/gru/d128/n256/seed2/DONE.json
done,confirm_K6_i000268,GRU,128,3,256,2,1.900432851165533,16,12,101256,cpu,1.9522070586681368,1.9631807059049609,1.9147834032773967,1.904146984219551,project://predictor_specific_difficulty_v1/runs/confirm_K6_i000268/gru/d128/n256/seed3/DONE.json
done,confirm_K6_i000268,GRU,128,4,256,19,1.91435082256794,16,27,101256,cpu,1.983022890985012,1.9312903881073,1.919462874531746,1.929383024573326,project://predictor_specific_difficulty_v1/runs/confirm_K6_i000268/gru/d128/n256/seed4/DONE.json
done,confirm_K6_i000268,GRU,128,5,256,13,1.9503684155642984,16,21,101256,cpu,1.9342718720436096,1.917695552110672,1.9325544834136963,1.9425309002399445,project://predictor_specific_difficulty_v1/runs/confirm_K6_i000268/gru/d128/n256/seed5/DONE.json
done,confirm_K6_i000268,Transformer,8,1,256,39,1.9168917946517467,16,47,1064,cpu,1.9931220561265943,1.8951076120138168,1.9133483320474625,1.953321985900402,project://predictor_specific_difficulty_v1/runs/confirm_K6_i000268/transformer/d8/n256/seed1/DONE.json
done,confirm_K6_i000268,Transformer,8,2,256,29,1.9411445371806624,16,37,1064,cpu,1.9467117711901665,1.9599747955799105,1.9565221592783928,1.9147478491067889,project://predictor_specific_difficulty_v1/runs/confirm_K6_i000268/transformer/d8/n256/seed2/DONE.json
done,confirm_K6_i000268,Transformer,8,3,256,40,1.9356975331902504,16,48,1064,cpu,1.987017907202244,1.925335802137852,1.9756629317998888,1.9228654578328133,project://predictor_specific_difficulty_v1/runs/confirm_K6_i000268/transformer/d8/n256/seed3/DONE.json
done,confirm_K6_i000268,Transformer,8,4,256,39,1.929486848413944,16,47,1064,cpu,1.941368579864502,1.9378919154405596,1.9313014522194865,1.924413159489632,project://predictor_specific_difficulty_v1/runs/confirm_K6_i000268/transformer/d8/n256/seed4/DONE.json
done,confirm_K6_i000268,Transformer,8,5,256,47,1.9140073098242285,16,48,1064,cpu,1.9781085476279257,1.938355654478073,1.9413209185004237,1.9374601393938065,project://predictor_specific_difficulty_v1/runs/confirm_K6_i000268/transformer/d8/n256/seed5/DONE.json
done,confirm_K6_i000268,Transformer,32,1,256,21,1.939398393034935,16,29,13448,cpu,1.9551525190472605,1.9385682716965675,1.916686832904816,1.968311943113804,project://predictor_specific_difficulty_v1/runs/confirm_K6_i000268/transformer/d32/n256/seed1/DONE.json
done,confirm_K6_i000268,Transformer,32,2,256,20,1.9315358363091943,16,28,13448,cpu,1.94454625248909,1.939181350171566,1.932698264718056,1.9655531495809555,project://predictor_specific_difficulty_v1/runs/confirm_K6_i000268/transformer/d32/n256/seed2/DONE.json
done,confirm_K6_i000268,Transformer,32,3,256,24,1.929067723453045,16,32,13448,cpu,1.8952004685997963,1.9563121870160105,1.8908167332410808,1.945413298904896,project://predictor_specific_difficulty_v1/runs/confirm_K6_i000268/transformer/d32/n256/seed3/DONE.json
done,confirm_K6_i000268,Transformer,32,4,256,22,1.91752452775836,16,30,13448,cpu,1.8907187804579733,1.9609002098441124,1.940472051501274,1.8964720666408537,project://predictor_specific_difficulty_v1/runs/confirm_K6_i000268/transformer/d32/n256/seed4/DONE.json
done,confirm_K6_i000268,Transformer,32,5,256,11,1.9367115013301373,16,19,13448,cpu,1.9608858451247213,1.9155418127775192,1.931781105697155,1.9359507337212565,project://predictor_specific_difficulty_v1/runs/confirm_K6_i000268/transformer/d32/n256/seed5/DONE.json
done,confirm_K6_i000268,Transformer,128,1,256,17,1.9338046237826347,16,25,201224,cpu,1.94630229473114,1.9191892370581627,1.9446082934737208,1.9678748026490207,project://predictor_specific_difficulty_v1/runs/confirm_K6_i000268/transformer/d128/n256/seed1/DONE.json
done,confirm_K6_i000268,Transformer,128,2,256,20,1.936781581491232,16,28,201224,cpu,1.9734107702970505,1.9418205842375755,1.955733112990856,1.9331199526786804,project://predictor_specific_difficulty_v1/runs/confirm_K6_i000268/transformer/d128/n256/seed2/DONE.json
done,confirm_K6_i000268,Transformer,128,3,256,11,1.9631114192306995,16,19,201224,cpu,1.9360912516713145,1.9604785665869715,1.986148178577423,1.952847458422184,project://predictor_specific_difficulty_v1/runs/confirm_K6_i000268/transformer/d128/n256/seed3/DONE.json
done,confirm_K6_i000268,Transformer,128,4,256,17,1.9262259490787983,16,25,201224,cpu,1.906389907002449,1.9519508630037308,1.9461641162633896,1.9300348311662676,project://predictor_specific_difficulty_v1/runs/confirm_K6_i000268/transformer/d128/n256/seed4/DONE.json
done,confirm_K6_i000268,Transformer,128,5,256,21,1.9470112323760984,16,29,201224,cpu,1.9200767800211904,1.9578660428524015,1.932855449616909,1.966208443045616,project://predictor_specific_difficulty_v1/runs/confirm_K6_i000268/transformer/d128/n256/seed5/DONE.json
done,confirm_K6_i000775,GRU,8,1,256,48,1.7760108560323715,16,48,576,cpu,1.8104848712682724,1.8058936074376104,1.8615607246756556,1.8671512678265567,project://predictor_specific_difficulty_v1/runs/confirm_K6_i000775/gru/d8/n256/seed1/DONE.json
done,confirm_K6_i000775,GRU,8,2,256,43,1.7869877591729164,16,48,576,cpu,1.8191817924380305,1.773630976676941,1.7772337421774864,1.758873574435711,project://predictor_specific_difficulty_v1/runs/confirm_K6_i000775/gru/d8/n256/seed2/DONE.json
done,confirm_K6_i000775,GRU,8,3,256,45,1.8013486489653587,16,48,576,cpu,1.849099174141884,1.805024266242981,1.7632010132074356,1.815171137452125,project://predictor_specific_difficulty_v1/runs/confirm_K6_i000775/gru/d8/n256/seed3/DONE.json
done,confirm_K6_i000775,GRU,8,4,256,38,1.7993927896022797,16,46,576,cpu,1.812251202762127,1.7879378199577332,1.839258387684822,1.863197200000286,project://predictor_specific_difficulty_v1/runs/confirm_K6_i000775/gru/d8/n256/seed4/DONE.json
done,confirm_K6_i000775,GRU,8,5,256,48,1.819808080792427,16,48,576,cpu,1.8173938021063805,1.8266546428203585,1.8549443259835243,1.806889854371548,project://predictor_specific_difficulty_v1/runs/confirm_K6_i000775/gru/d8/n256/seed5/DONE.json
done,confirm_K6_i000775,GRU,32,1,256,28,1.8083459585905075,16,36,6888,cpu,1.8060043007135391,1.8073946684598925,1.7949545159935951,1.8376968875527384,project://predictor_specific_difficulty_v1/runs/confirm_K6_i000775/gru/d32/n256/seed1/DONE.json
done,confirm_K6_i000775,GRU,32,2,256,34,1.784802421927452,16,42,6888,cpu,1.8245570585131643,1.775548130273819,1.8325013890862465,1.7763773500919342,project://predictor_specific_difficulty_v1/runs/confirm_K6_i000775/gru/d32/n256/seed2/DONE.json
done,confirm_K6_i000775,GRU,32,3,256,37,1.798327423632145,16,45,6888,cpu,1.7773305848240852,1.745720088481903,1.826675109565258,1.8225657120347023,project://predictor_specific_difficulty_v1/runs/confirm_K6_i000775/gru/d32/n256/seed3/DONE.json
done,confirm_K6_i000775,GRU,32,4,256,31,1.810254618525505,16,39,6888,cpu,1.868005894124508,1.8094475865364077,1.81916606426239,1.811715580523014,project://predictor_specific_difficulty_v1/runs/confirm_K6_i000775/gru/d32/n256/seed4/DONE.json
done,confirm_K6_i000775,GRU,32,5,256,32,1.7759605646133425,16,40,6888,cpu,1.8289559110999107,1.791119396686554,1.8148342072963717,1.827748030424118,project://predictor_specific_difficulty_v1/runs/confirm_K6_i000775/gru/d32/n256/seed5/DONE.json
done,confirm_K6_i000775,GRU,128,1,256,28,1.840966518968344,16,36,101256,cpu,1.840264275670052,1.7802067175507543,1.849938876926899,1.8624211698770523,project://predictor_specific_difficulty_v1/runs/confirm_K6_i000775/gru/d128/n256/seed1/DONE.json
done,confirm_K6_i000775,GRU,128,2,256,11,1.8232144564390185,16,19,101256,cpu,1.8559786602854729,1.875768765807152,1.830436147749424,1.7585041970014572,project://predictor_specific_difficulty_v1/runs/confirm_K6_i000775/gru/d128/n256/seed2/DONE.json
done,confirm_K6_i000775,GRU,128,3,256,23,1.7862637266516683,16,31,101256,cpu,1.8027357831597328,1.8656834959983823,1.8728356808424,1.8261620253324509,project://predictor_specific_difficulty_v1/runs/confirm_K6_i000775/gru/d128/n256/seed3/DONE.json
done,confirm_K6_i000775,GRU,128,4,256,29,1.8120830953121183,16,37,101256,cpu,1.8170080482959747,1.8132336735725405,1.8925517052412035,1.8104496747255323,project://predictor_specific_difficulty_v1/runs/confirm_K6_i000775/gru/d128/n256/seed4/DONE.json
done,confirm_K6_i000775,GRU,128,5,256,8,1.813245669007301,16,16,101256,cpu,1.844244308769703,1.8295509666204453,1.729804389178753,1.745513953268528,project://predictor_specific_difficulty_v1/runs/confirm_K6_i000775/gru/d128/n256/seed5/DONE.json
done,confirm_K6_i000775,Transformer,8,1,256,24,1.8223564587533476,16,32,1064,cpu,1.838176615536213,1.7685445249080658,1.796589069068432,1.810929909348488,project://predictor_specific_difficulty_v1/runs/confirm_K6_i000775/transformer/d8/n256/seed1/DONE.json
done,confirm_K6_i000775,Transformer,8,2,256,33,1.8353725671768188,16,41,1064,cpu,1.8217138051986692,1.836456835269928,1.7570148184895515,1.7738457322120669,project://predictor_specific_difficulty_v1/runs/confirm_K6_i000775/transformer/d8/n256/seed2/DONE.json
done,confirm_K6_i000775,Transformer,8,3,256,33,1.7822275012731552,16,41,1064,cpu,1.8138702735304832,1.8326292932033537,1.8231427371501925,1.827281288802624,project://predictor_specific_difficulty_v1/runs/confirm_K6_i000775/transformer/d8/n256/seed3/DONE.json
done,confirm_K6_i000775,Transformer,8,4,256,43,1.81716725602746,16,48,1064,cpu,1.8038906306028368,1.791750080883503,1.8413351476192477,1.7928319573402405,project://predictor_specific_difficulty_v1/runs/confirm_K6_i000775/transformer/d8/n256/seed4/DONE.json
done,confirm_K6_i000775,Transformer,8,5,256,38,1.7631767354905603,16,46,1064,cpu,1.7678053006529808,1.8615163788199425,1.7820317894220352,1.8175901174545288,project://predictor_specific_difficulty_v1/runs/confirm_K6_i000775/transformer/d8/n256/seed5/DONE.json
done,confirm_K6_i000775,Transformer,32,1,256,18,1.7902278117835522,16,26,13448,cpu,1.7817374467849731,1.821467712521553,1.803437553346157,1.7885345667600632,project://predictor_specific_difficulty_v1/runs/confirm_K6_i000775/transformer/d32/n256/seed1/DONE.json
done,confirm_K6_i000775,Transformer,32,2,256,7,1.7851729281246662,16,15,13448,cpu,1.8124927207827568,1.8992540538311005,1.87037193775177,1.8335689157247543,project://predictor_specific_difficulty_v1/runs/confirm_K6_i000775/transformer/d32/n256/seed2/DONE.json
done,confirm_K6_i000775,Transformer,32,3,256,21,1.814977828413248,16,29,13448,cpu,1.7751884832978249,1.789810560643673,1.849326886236668,1.8044535666704176,project://predictor_specific_difficulty_v1/runs/confirm_K6_i000775/transformer/d32/n256/seed3/DONE.json
done,confirm_K6_i000775,Transformer,32,4,256,10,1.8168154396116731,16,18,13448,cpu,1.732741795480251,1.85779170691967,1.8888922706246376,1.7925411015748978,project://predictor_specific_difficulty_v1/runs/confirm_K6_i000775/transformer/d32/n256/seed4/DONE.json
done,confirm_K6_i000775,Transformer,32,5,256,22,1.813076388090849,16,30,13448,cpu,1.7998123988509178,1.8520532697439196,1.8296045139431956,1.8093661740422249,project://predictor_specific_difficulty_v1/runs/confirm_K6_i000775/transformer/d32/n256/seed5/DONE.json
done,confirm_K6_i000775,Transformer,128,1,256,5,1.788853980600834,16,13,201224,cpu,1.846958726644516,1.8470288515090945,1.865826576948166,1.8229195475578308,project://predictor_specific_difficulty_v1/runs/confirm_K6_i000775/transformer/d128/n256/seed1/DONE.json
done,confirm_K6_i000775,Transformer,128,2,256,31,1.785259660333395,16,39,201224,cpu,1.7533274069428444,1.799527384340763,1.7856858670711515,1.814834609627724,project://predictor_specific_difficulty_v1/runs/confirm_K6_i000775/transformer/d128/n256/seed2/DONE.json
done,confirm_K6_i000775,Transformer,128,3,256,5,1.8546424098312853,16,13,201224,cpu,1.8724209666252136,1.849939078092575,1.854522965848446,1.7824765592813492,project://predictor_specific_difficulty_v1/runs/confirm_K6_i000775/transformer/d128/n256/seed3/DONE.json
done,confirm_K6_i000775,Transformer,128,4,256,9,1.8757936209440231,16,17,201224,cpu,1.8390354588627813,1.835754081606865,1.851819269359112,1.9085294231772425,project://predictor_specific_difficulty_v1/runs/confirm_K6_i000775/transformer/d128/n256/seed4/DONE.json
done,confirm_K6_i000775,Transformer,128,5,256,6,1.7804675325751305,16,14,201224,cpu,1.790064014494419,1.897225208580494,1.870609030127525,1.7842319458723068,project://predictor_specific_difficulty_v1/runs/confirm_K6_i000775/transformer/d128/n256/seed5/DONE.json
done,confirm_K6_i000161,GRU,8,1,256,34,2.038822267204523,16,42,576,cpu,2.039883077144623,2.043246850371361,2.0091266855597496,2.013523690402508,project://predictor_specific_difficulty_v1/runs/confirm_K6_i000161/gru/d8/n256/seed1/DONE.json
done,confirm_K6_i000161,GRU,8,2,256,45,2.014299415051937,16,48,576,cpu,2.028513103723526,1.9987346827983856,2.026218056678772,2.020646631717682,project://predictor_specific_difficulty_v1/runs/confirm_K6_i000161/gru/d8/n256/seed2/DONE.json
done,confirm_K6_i000161,GRU,8,3,256,33,2.030183009803295,16,41,576,cpu,2.02922946959734,2.021538443863392,2.0181331858038902,2.0255185291171074,project://predictor_specific_difficulty_v1/runs/confirm_K6_i000161/gru/d8/n256/seed3/DONE.json
done,confirm_K6_i000161,GRU,8,4,256,23,2.0251191332936287,16,31,576,cpu,2.0113396644592285,2.0158959552645683,2.0335803255438805,2.0176892057061195,project://predictor_specific_difficulty_v1/runs/confirm_K6_i000161/gru/d8/n256/seed4/DONE.json
done,confirm_K6_i000161,GRU,8,5,256,37,2.031254276633262,16,45,576,cpu,2.0257492810487747,2.0239127427339554,1.9979759454727173,2.032903142273426,project://predictor_specific_difficulty_v1/runs/confirm_K6_i000161/gru/d8/n256/seed5/DONE.json
done,confirm_K6_i000161,GRU,32,1,256,22,2.0190186128020287,16,30,6888,cpu,2.0242970511317253,2.01837794482708,2.017817445099354,2.033829025924206,project://predictor_specific_difficulty_v1/runs/confirm_K6_i000161/gru/d32/n256/seed1/DONE.json
done,confirm_K6_i000161,GRU,32,2,256,14,2.018584504723549,16,22,6888,cpu,2.028213933110237,2.021463423967361,2.0490079671144485,2.037832520902157,project://predictor_specific_difficulty_v1/runs/confirm_K6_i000161/gru/d32/n256/seed2/DONE.json
done,confirm_K6_i000161,GRU,32,3,256,9,2.033942610025406,16,17,6888,cpu,2.0154511481523514,2.0363160520792007,2.0311863720417023,2.0231803804636,project://predictor_specific_difficulty_v1/runs/confirm_K6_i000161/gru/d32/n256/seed3/DONE.json
done,confirm_K6_i000161,GRU,32,4,256,10,2.032788462936878,16,18,6888,cpu,2.035508558154106,2.018424935638905,2.0198620408773422,2.0143388733267784,project://predictor_specific_difficulty_v1/runs/confirm_K6_i000161/gru/d32/n256/seed4/DONE.json
done,confirm_K6_i000161,GRU,32,5,256,17,2.016603857278824,16,25,6888,cpu,2.043237581849098,2.037254959344864,2.017932422459125,2.046639963984489,project://predictor_specific_difficulty_v1/runs/confirm_K6_i000161/gru/d32/n256/seed5/DONE.json
done,confirm_K6_i000161,GRU,128,1,256,7,2.0254622288048267,16,15,101256,cpu,2.0434743091464043,2.064283519983292,2.0260486230254173,2.046112917363644,project://predictor_specific_difficulty_v1/runs/confirm_K6_i000161/gru/d128/n256/seed1/DONE.json
done,confirm_K6_i000161,GRU,128,2,256,5,2.0437325052917004,16,13,101256,cpu,2.0452402234077454,2.055457822978497,2.103616587817669,2.06373193114996,project://predictor_specific_difficulty_v1/runs/confirm_K6_i000161/gru/d128/n256/seed2/DONE.json
done,confirm_K6_i000161,GRU,128,3,256,10,2.0458563156425957,16,18,101256,cpu,2.0198802798986435,2.016583673655987,2.0204402208328247,2.036475718021393,project://predictor_specific_difficulty_v1/runs/confirm_K6_i000161/gru/d128/n256/seed3/DONE.json
done,confirm_K6_i000161,GRU,128,4,256,5,2.0365540869534016,16,13,101256,cpu,2.0794150307774544,2.042655080556869,2.04627038538456,2.0496508851647377,project://predictor_specific_difficulty_v1/runs/confirm_K6_i000161/gru/d128/n256/seed4/DONE.json
done,confirm_K6_i000161,GRU,128,5,256,13,2.052455198019743,16,21,101256,cpu,2.0265276804566383,2.0420162454247475,2.029153637588024,2.0639433413743973,project://predictor_specific_difficulty_v1/runs/confirm_K6_i000161/gru/d128/n256/seed5/DONE.json
done,confirm_K6_i000161,Transformer,8,1,256,37,2.0196323543787003,16,45,1064,cpu,2.043182767927646,2.0366968736052518,2.023045815527439,2.057154059410095,project://predictor_specific_difficulty_v1/runs/confirm_K6_i000161/transformer/d8/n256/seed1/DONE.json
done,confirm_K6_i000161,Transformer,8,2,256,48,2.0202321372926235,16,48,1064,cpu,2.0495578795671463,2.046720542013645,2.0224781781435013,2.00847564637661,project://predictor_specific_difficulty_v1/runs/confirm_K6_i000161/transformer/d8/n256/seed2/DONE.json
done,confirm_K6_i000161,Transformer,8,3,256,40,2.0207073353230958,16,48,1064,cpu,2.009456694126129,2.027699239552021,2.018307402729988,2.036371372640133,project://predictor_specific_difficulty_v1/runs/confirm_K6_i000161/transformer/d8/n256/seed3/DONE.json
done,confirm_K6_i000161,Transformer,8,4,256,40,2.0228502303361893,16,48,1064,cpu,2.046021893620491,2.0053987726569176,2.0280403420329094,2.0284036099910736,project://predictor_specific_difficulty_v1/runs/confirm_K6_i000161/transformer/d8/n256/seed4/DONE.json
done,confirm_K6_i000161,Transformer,8,5,256,48,2.02496886625886,16,48,1064,cpu,2.0286834836006165,2.040742568671704,2.0207202807068825,2.019803375005722,project://predictor_specific_difficulty_v1/runs/confirm_K6_i000161/transformer/d8/n256/seed5/DONE.json
done,confirm_K6_i000161,Transformer,32,1,256,15,2.023695584386587,16,23,13448,cpu,2.0156563818454742,2.016246296465397,2.051190085709095,2.023397900164128,project://predictor_specific_difficulty_v1/runs/confirm_K6_i000161/transformer/d32/n256/seed1/DONE.json
done,confirm_K6_i000161,Transformer,32,2,256,9,2.0233559533953667,16,17,13448,cpu,2.0300599113106728,2.0426071137189865,2.0123803839087486,2.0300398021936417,project://predictor_specific_difficulty_v1/runs/confirm_K6_i000161/transformer/d32/n256/seed2/DONE.json
done,confirm_K6_i000161,Transformer,32,3,256,23,2.022110618650913,16,31,13448,cpu,2.016733430325985,2.014924719929695,2.041946731507778,2.027108795940876,project://predictor_specific_difficulty_v1/runs/confirm_K6_i000161/transformer/d32/n256/seed3/DONE.json
done,confirm_K6_i000161,Transformer,32,4,256,12,2.0776886865496635,16,20,13448,cpu,2.041727803647518,2.020026184618473,2.057434432208538,2.0082089453935623,project://predictor_specific_difficulty_v1/runs/confirm_K6_i000161/transformer/d32/n256/seed4/DONE.json
done,confirm_K6_i000161,Transformer,32,5,256,14,2.029781486839056,16,22,13448,cpu,2.020319662988186,2.043668016791344,2.0230083912611008,1.9860323444008827,project://predictor_specific_difficulty_v1/runs/confirm_K6_i000161/transformer/d32/n256/seed5/DONE.json
done,confirm_K6_i000161,Transformer,128,1,256,12,2.027848668396473,16,20,201224,cpu,2.0500257536768918,2.0448292046785355,2.021494656801224,2.0352555587887764,project://predictor_specific_difficulty_v1/runs/confirm_K6_i000161/transformer/d128/n256/seed1/DONE.json
done,confirm_K6_i000161,Transformer,128,2,256,13,2.0612092316150665,16,21,201224,cpu,2.097521185874939,2.0470075085759163,2.0135782286524773,2.037503808736801,project://predictor_specific_difficulty_v1/runs/confirm_K6_i000161/transformer/d128/n256/seed2/DONE.json
done,confirm_K6_i000161,Transformer,128,3,256,20,2.0283637456595898,16,28,201224,cpu,2.058441162109375,2.0486447289586067,2.0643105059862137,2.019063077867031,project://predictor_specific_difficulty_v1/runs/confirm_K6_i000161/transformer/d128/n256/seed3/DONE.json
done,confirm_K6_i000161,Transformer,128,4,256,32,2.029577635228634,16,40,201224,cpu,2.032752498984337,2.0519811138510704,2.018716149032116,2.02663291990757,project://predictor_specific_difficulty_v1/runs/confirm_K6_i000161/transformer/d128/n256/seed4/DONE.json
done,confirm_K6_i000161,Transformer,128,5,256,26,2.0282218493521214,16,34,201224,cpu,2.0380581319332123,2.039697542786598,2.043308913707733,2.028528951108456,project://predictor_specific_difficulty_v1/runs/confirm_K6_i000161/transformer/d128/n256/seed5/DONE.json
done,confirm_K3_i000696,GRU,8,1,256,48,1.598221067339182,16,48,576,cpu,1.620594747364521,1.542308330535889,1.5203852280974388,1.5249424874782562,project://predictor_specific_difficulty_v1/runs/confirm_K3_i000696/gru/d8/n256/seed1/DONE.json
done,confirm_K3_i000696,GRU,8,2,256,48,1.5630369037389755,16,48,576,cpu,1.585848942399025,1.5167388767004013,1.5379515662789345,1.5250585451722145,project://predictor_specific_difficulty_v1/runs/confirm_K3_i000696/gru/d8/n256/seed2/DONE.json
done,confirm_K3_i000696,GRU,8,3,256,48,1.5151896998286247,16,48,576,cpu,1.5377244278788569,1.554914839565754,1.5534377098083496,1.555603601038456,project://predictor_specific_difficulty_v1/runs/confirm_K3_i000696/gru/d8/n256/seed3/DONE.json
done,confirm_K3_i000696,GRU,8,4,256,48,1.5658210068941116,16,48,576,cpu,1.5777585953474045,1.552292339503765,1.5254489332437515,1.553380407392979,project://predictor_specific_difficulty_v1/runs/confirm_K3_i000696/gru/d8/n256/seed4/DONE.json
done,confirm_K3_i000696,GRU,8,5,256,48,1.5709771178662777,16,48,576,cpu,1.550762377679348,1.5545488595962524,1.5531022474169731,1.5569127798080444,project://predictor_specific_difficulty_v1/runs/confirm_K3_i000696/gru/d8/n256/seed5/DONE.json
done,confirm_K3_i000696,GRU,32,1,256,33,1.496660549193621,16,41,6888,cpu,1.5432436391711235,1.503328762948513,1.5571536645293236,1.5222124382853508,project://predictor_specific_difficulty_v1/runs/confirm_K3_i000696/gru/d32/n256/seed1/DONE.json
done,confirm_K3_i000696,GRU,32,2,256,31,1.5402707383036611,16,39,6888,cpu,1.521313115954399,1.539477877318859,1.4747382402420044,1.540545918047428,project://predictor_specific_difficulty_v1/runs/confirm_K3_i000696/gru/d32/n256/seed2/DONE.json
done,confirm_K3_i000696,GRU,32,3,256,47,1.5214762948453426,16,48,6888,cpu,1.466450333595276,1.5533547326922417,1.4831445291638374,1.5327783450484276,project://predictor_specific_difficulty_v1/runs/confirm_K3_i000696/gru/d32/n256/seed3/DONE.json
done,confirm_K3_i000696,GRU,32,4,256,23,1.506583146750927,16,31,6888,cpu,1.5426334738731384,1.5431352853775024,1.5164974853396416,1.4966270849108696,project://predictor_specific_difficulty_v1/runs/confirm_K3_i000696/gru/d32/n256/seed4/DONE.json
done,confirm_K3_i000696,GRU,32,5,256,34,1.54646485298872,16,42,6888,cpu,1.5282849669456482,1.5334709286689758,1.5226490497589111,1.510552242398262,project://predictor_specific_difficulty_v1/runs/confirm_K3_i000696/gru/d32/n256/seed5/DONE.json
done,confirm_K3_i000696,GRU,128,1,256,11,1.5206642597913742,16,19,101256,cpu,1.5237978622317314,1.5148302912712095,1.5446879789233208,1.613348349928856,project://predictor_specific_difficulty_v1/runs/confirm_K3_i000696/gru/d128/n256/seed1/DONE.json
done,confirm_K3_i000696,GRU,128,2,256,11,1.5404055006802082,16,19,101256,cpu,1.5349620431661606,1.5489146336913109,1.5781318247318268,1.5194731280207634,project://predictor_specific_difficulty_v1/runs/confirm_K3_i000696/gru/d128/n256/seed2/DONE.json
done,confirm_K3_i000696,GRU,128,3,256,4,1.529449786990881,16,12,101256,cpu,1.60114898532629,1.6050522848963735,1.5011680200695992,1.6199643537402153,project://predictor_specific_difficulty_v1/runs/confirm_K3_i000696/gru/d128/n256/seed3/DONE.json
done,confirm_K3_i000696,GRU,128,4,256,15,1.5672265850007534,16,23,101256,cpu,1.5458996519446373,1.4886281117796898,1.545698992908001,1.5213436856865885,project://predictor_specific_difficulty_v1/runs/confirm_K3_i000696/gru/d128/n256/seed4/DONE.json
done,confirm_K3_i000696,GRU,128,5,256,18,1.539398230612278,16,26,101256,cpu,1.5467607229948044,1.498689241707325,1.5459536463022232,1.595136396586895,project://predictor_specific_difficulty_v1/runs/confirm_K3_i000696/gru/d128/n256/seed5/DONE.json
done,confirm_K3_i000696,Transformer,8,1,256,45,1.545163556933403,16,48,1064,cpu,1.5226660072803495,1.5268745943903923,1.5664752647280693,1.5305843949317932,project://predictor_specific_difficulty_v1/runs/confirm_K3_i000696/transformer/d8/n256/seed1/DONE.json
done,confirm_K3_i000696,Transformer,8,2,256,48,1.5476026833057404,16,48,1064,cpu,1.520555280148983,1.5347504168748856,1.580481767654419,1.5974256694316864,project://predictor_specific_difficulty_v1/runs/confirm_K3_i000696/transformer/d8/n256/seed2/DONE.json
done,confirm_K3_i000696,Transformer,8,3,256,46,1.545817594975233,16,48,1064,cpu,1.5651098489761353,1.566304013133049,1.5696214884519577,1.565900132060051,project://predictor_specific_difficulty_v1/runs/confirm_K3_i000696/transformer/d8/n256/seed3/DONE.json
done,confirm_K3_i000696,Transformer,8,4,256,48,1.537334442138672,16,48,1064,cpu,1.5162462517619133,1.517801769077778,1.525820091366768,1.5163499265909195,project://predictor_specific_difficulty_v1/runs/confirm_K3_i000696/transformer/d8/n256/seed4/DONE.json
done,confirm_K3_i000696,Transformer,8,5,256,43,1.5692280046641829,16,48,1064,cpu,1.480645328760147,1.5586857423186302,1.5636662691831589,1.5058778747916222,project://predictor_specific_difficulty_v1/runs/confirm_K3_i000696/transformer/d8/n256/seed5/DONE.json
done,confirm_K3_i000696,Transformer,32,1,256,17,1.5704021789133549,16,25,13448,cpu,1.549447387456894,1.5298705250024796,1.5568395107984545,1.5569541603326795,project://predictor_specific_difficulty_v1/runs/confirm_K3_i000696/transformer/d32/n256/seed1/DONE.json
done,confirm_K3_i000696,Transformer,32,2,256,30,1.5649491548538208,16,38,13448,cpu,1.5575542524456978,1.543977364897728,1.5086917355656624,1.5426598116755486,project://predictor_specific_difficulty_v1/runs/confirm_K3_i000696/transformer/d32/n256/seed2/DONE.json
done,confirm_K3_i000696,Transformer,32,3,256,22,1.5599427744746208,16,30,13448,cpu,1.5558725371956823,1.5521777793765068,1.542965032160282,1.5967833399772644,project://predictor_specific_difficulty_v1/runs/confirm_K3_i000696/transformer/d32/n256/seed3/DONE.json
done,confirm_K3_i000696,Transformer,32,4,256,15,1.5571117587387562,16,23,13448,cpu,1.5936636477708817,1.5888553112745285,1.5371228232979774,1.471706584095955,project://predictor_specific_difficulty_v1/runs/confirm_K3_i000696/transformer/d32/n256/seed4/DONE.json
done,confirm_K3_i000696,Transformer,32,5,256,17,1.5536434091627598,16,25,13448,cpu,1.558584600687027,1.571581870317459,1.6063616499304771,1.5222106203436852,project://predictor_specific_difficulty_v1/runs/confirm_K3_i000696/transformer/d32/n256/seed5/DONE.json
done,confirm_K3_i000696,Transformer,128,1,256,34,1.5540804974734783,16,42,201224,cpu,1.4686998575925827,1.558415204286575,1.5435273572802544,1.524866797029972,project://predictor_specific_difficulty_v1/runs/confirm_K3_i000696/transformer/d128/n256/seed1/DONE.json
done,confirm_K3_i000696,Transformer,128,2,256,20,1.5436998307704926,16,28,201224,cpu,1.5702278017997742,1.5133489817380903,1.5036922544240952,1.550735883414745,project://predictor_specific_difficulty_v1/runs/confirm_K3_i000696/transformer/d128/n256/seed2/DONE.json
done,confirm_K3_i000696,Transformer,128,3,256,4,1.5844489447772503,16,12,201224,cpu,1.6239578053355217,1.5830609500408173,1.597033575177193,1.5190743654966354,project://predictor_specific_difficulty_v1/runs/confirm_K3_i000696/transformer/d128/n256/seed3/DONE.json
done,confirm_K3_i000696,Transformer,128,4,256,6,1.5328715704381466,16,14,201224,cpu,1.5361602902412417,1.5241983830928802,1.5980362743139267,1.5429108068346975,project://predictor_specific_difficulty_v1/runs/confirm_K3_i000696/transformer/d128/n256/seed4/DONE.json
done,confirm_K3_i000696,Transformer,128,5,256,12,1.5458380803465843,16,20,201224,cpu,1.5955994427204132,1.5806348770856855,1.496825374662876,1.5440274626016617,project://predictor_specific_difficulty_v1/runs/confirm_K3_i000696/transformer/d128/n256/seed5/DONE.json
done,confirm_K3_i001038,GRU,8,1,256,45,1.6103647761046886,16,48,576,cpu,1.6081165000796318,1.5488474518060684,1.5082924589514732,1.55608569085598,project://predictor_specific_difficulty_v1/runs/confirm_K3_i001038/gru/d8/n256/seed1/DONE.json
done,confirm_K3_i001038,GRU,8,2,256,47,1.585433915257454,16,48,576,cpu,1.5527937188744545,1.5581727027893066,1.5481453612446785,1.585108868777752,project://predictor_specific_difficulty_v1/runs/confirm_K3_i001038/gru/d8/n256/seed2/DONE.json
done,confirm_K3_i001038,GRU,8,3,256,48,1.6093299724161625,16,48,576,cpu,1.6021995395421982,1.5602457895874975,1.5440823510289192,1.564979925751686,project://predictor_specific_difficulty_v1/runs/confirm_K3_i001038/gru/d8/n256/seed3/DONE.json
done,confirm_K3_i001038,GRU,8,4,256,48,1.591503992676735,16,48,576,cpu,1.610005535185337,1.68336983025074,1.5733680799603462,1.5794014930725098,project://predictor_specific_difficulty_v1/runs/confirm_K3_i001038/gru/d8/n256/seed4/DONE.json
done,confirm_K3_i001038,GRU,8,5,256,46,1.5935946069657805,16,48,576,cpu,1.6222802475094795,1.5928482487797735,1.5749694854021072,1.5910793542861938,project://predictor_specific_difficulty_v1/runs/confirm_K3_i001038/gru/d8/n256/seed5/DONE.json
done,confirm_K3_i001038,GRU,32,1,256,44,1.5745242647826672,16,48,6888,cpu,1.597615197300911,1.512245275080204,1.552626959979534,1.6079719215631485,project://predictor_specific_difficulty_v1/runs/confirm_K3_i001038/gru/d32/n256/seed1/DONE.json
done,confirm_K3_i001038,GRU,32,2,256,42,1.5787725895643234,16,48,6888,cpu,1.5606640428304672,1.5893410444259644,1.5288266241550446,1.613524705171585,project://predictor_specific_difficulty_v1/runs/confirm_K3_i001038/gru/d32/n256/seed2/DONE.json
done,confirm_K3_i001038,GRU,32,3,256,16,1.5770076997578144,16,24,6888,cpu,1.6092286631464958,1.5600848719477654,1.6138960719108582,1.5682230070233345,project://predictor_specific_difficulty_v1/runs/confirm_K3_i001038/gru/d32/n256/seed3/DONE.json
done,confirm_K3_i001038,GRU,32,4,256,29,1.5898850932717323,16,37,6888,cpu,1.588975951075554,1.586059458553791,1.5887351408600807,1.5739026293158531,project://predictor_specific_difficulty_v1/runs/confirm_K3_i001038/gru/d32/n256/seed4/DONE.json
done,confirm_K3_i001038,GRU,32,5,256,42,1.587431326508522,16,48,6888,cpu,1.573879897594452,1.5449557155370712,1.6082582622766497,1.6001062393188477,project://predictor_specific_difficulty_v1/runs/confirm_K3_i001038/gru/d32/n256/seed5/DONE.json
done,confirm_K3_i001038,GRU,128,1,256,9,1.5958195067942142,16,17,101256,cpu,1.5628119185566902,1.6139252930879593,1.5868471413850784,1.5505346730351448,project://predictor_specific_difficulty_v1/runs/confirm_K3_i001038/gru/d128/n256/seed1/DONE.json
done,confirm_K3_i001038,GRU,128,2,256,32,1.583400458097458,16,40,101256,cpu,1.5756901279091835,1.550431415438652,1.539318785071373,1.5882061570882795,project://predictor_specific_difficulty_v1/runs/confirm_K3_i001038/gru/d128/n256/seed2/DONE.json
done,confirm_K3_i001038,GRU,128,3,256,11,1.6187374368309977,16,19,101256,cpu,1.6073356121778488,1.5861032903194427,1.563166655600071,1.5289326310157776,project://predictor_specific_difficulty_v1/runs/confirm_K3_i001038/gru/d128/n256/seed3/DONE.json
done,confirm_K3_i001038,GRU,128,4,256,31,1.558608405292034,16,39,101256,cpu,1.6017906591296196,1.5837797299027443,1.5400034487247467,1.5899741426110268,project://predictor_specific_difficulty_v1/runs/confirm_K3_i001038/gru/d128/n256/seed4/DONE.json
done,confirm_K3_i001038,GRU,128,5,256,8,1.639058843255043,16,16,101256,cpu,1.5791127160191536,1.59974417835474,1.6287330761551857,1.6094188317656517,project://predictor_specific_difficulty_v1/runs/confirm_K3_i001038/gru/d128/n256/seed5/DONE.json
done,confirm_K3_i001038,Transformer,8,1,256,47,1.5615042336285114,16,48,1064,cpu,1.5651397481560707,1.6018308326601982,1.5659512653946877,1.54762614518404,project://predictor_specific_difficulty_v1/runs/confirm_K3_i001038/transformer/d8/n256/seed1/DONE.json
done,confirm_K3_i001038,Transformer,8,2,256,43,1.623530238866806,16,48,1064,cpu,1.5814007222652435,1.5628503635525703,1.5906857028603554,1.578522376716137,project://predictor_specific_difficulty_v1/runs/confirm_K3_i001038/transformer/d8/n256/seed2/DONE.json
done,confirm_K3_i001038,Transformer,8,3,256,46,1.6126792170107365,16,48,1064,cpu,1.543958202004433,1.557259313762188,1.6086717173457146,1.556368812918663,project://predictor_specific_difficulty_v1/runs/confirm_K3_i001038/transformer/d8/n256/seed3/DONE.json
done,confirm_K3_i001038,Transformer,8,4,256,47,1.5856169760227203,16,48,1064,cpu,1.6036692783236504,1.6068109795451164,1.5680790767073631,1.5757738947868347,project://predictor_specific_difficulty_v1/runs/confirm_K3_i001038/transformer/d8/n256/seed4/DONE.json
done,confirm_K3_i001038,Transformer,8,5,256,48,1.5376902371644974,16,48,1064,cpu,1.604307934641838,1.5630074888467789,1.5761050432920456,1.6029315739870071,project://predictor_specific_difficulty_v1/runs/confirm_K3_i001038/transformer/d8/n256/seed5/DONE.json
done,confirm_K3_i001038,Transformer,32,1,256,14,1.5971637442708015,16,22,13448,cpu,1.6214691251516342,1.6136365681886673,1.6167414039373398,1.6199925392866137,project://predictor_specific_difficulty_v1/runs/confirm_K3_i001038/transformer/d32/n256/seed1/DONE.json
done,confirm_K3_i001038,Transformer,32,2,256,12,1.581516299396753,16,20,13448,cpu,1.621265821158886,1.5758239701390266,1.551751285791397,1.5558195561170578,project://predictor_specific_difficulty_v1/runs/confirm_K3_i001038/transformer/d32/n256/seed2/DONE.json
done,confirm_K3_i001038,Transformer,32,3,256,25,1.5591838769614697,16,33,13448,cpu,1.5778565406799316,1.5376547425985336,1.585959069430828,1.580145388841629,project://predictor_specific_difficulty_v1/runs/confirm_K3_i001038/transformer/d32/n256/seed3/DONE.json
done,confirm_K3_i001038,Transformer,32,4,256,27,1.5723696537315843,16,35,13448,cpu,1.56411924213171,1.5344852358102798,1.5761192813515663,1.6043727025389671,project://predictor_specific_difficulty_v1/runs/confirm_K3_i001038/transformer/d32/n256/seed4/DONE.json
done,confirm_K3_i001038,Transformer,32,5,256,32,1.5586250349879265,16,40,13448,cpu,1.5430340766906738,1.5629528984427452,1.532758131623268,1.558203600347042,project://predictor_specific_difficulty_v1/runs/confirm_K3_i001038/transformer/d32/n256/seed5/DONE.json
done,confirm_K3_i001038,Transformer,128,1,256,16,1.62080629914999,16,24,201224,cpu,1.5796444565057757,1.5673312991857529,1.5972934514284134,1.57575111836195,project://predictor_specific_difficulty_v1/runs/confirm_K3_i001038/transformer/d128/n256/seed1/DONE.json
done,confirm_K3_i001038,Transformer,128,2,256,4,1.594247668981552,16,12,201224,cpu,1.6433917209506037,1.5999425277113914,1.6160386204719543,1.5724776834249496,project://predictor_specific_difficulty_v1/runs/confirm_K3_i001038/transformer/d128/n256/seed2/DONE.json
done,confirm_K3_i001038,Transformer,128,3,256,7,1.5906922928988934,16,15,201224,cpu,1.5957557782530785,1.551143117249012,1.5544559434056282,1.56855309009552,project://predictor_specific_difficulty_v1/runs/confirm_K3_i001038/transformer/d128/n256/seed3/DONE.json
done,confirm_K3_i001038,Transformer,128,4,256,17,1.5800744481384754,16,25,201224,cpu,1.5822826251387596,1.595316968858242,1.5670889988541603,1.5019003823399544,project://predictor_specific_difficulty_v1/runs/confirm_K3_i001038/transformer/d128/n256/seed4/DONE.json
done,confirm_K3_i001038,Transformer,128,5,256,11,1.5900140665471554,16,19,201224,cpu,1.565793476998806,1.626833193004131,1.582673117518425,1.590579442679882,project://predictor_specific_difficulty_v1/runs/confirm_K3_i001038/transformer/d128/n256/seed5/DONE.json
done,confirm_K3_i001170,GRU,8,1,256,48,1.5694717355072498,16,48,576,cpu,1.616697035729885,1.576647832989693,1.512693002820015,1.58159239590168,project://predictor_specific_difficulty_v1/runs/confirm_K3_i001170/gru/d8/n256/seed1/DONE.json
done,confirm_K3_i001170,GRU,8,2,256,48,1.5389687567949295,16,48,576,cpu,1.5413199216127396,1.581871747970581,1.5369878858327866,1.5381565690040588,project://predictor_specific_difficulty_v1/runs/confirm_K3_i001170/gru/d8/n256/seed2/DONE.json
done,confirm_K3_i001170,GRU,8,3,256,48,1.5542961731553078,16,48,576,cpu,1.583752058446407,1.5727340131998062,1.4768327102065086,1.5278979018330574,project://predictor_specific_difficulty_v1/runs/confirm_K3_i001170/gru/d8/n256/seed3/DONE.json
done,confirm_K3_i001170,GRU,8,4,256,48,1.600098967552185,16,48,576,cpu,1.5452018827199936,1.522971734404564,1.5158195719122889,1.6095173582434654,project://predictor_specific_difficulty_v1/runs/confirm_K3_i001170/gru/d8/n256/seed4/DONE.json
done,confirm_K3_i001170,GRU,8,5,256,48,1.5734497047960758,16,48,576,cpu,1.6129119768738749,1.6094252616167068,1.5621920749545095,1.5808711871504784,project://predictor_specific_difficulty_v1/runs/confirm_K3_i001170/gru/d8/n256/seed5/DONE.json
done,confirm_K3_i001170,GRU,32,1,256,48,1.5350145883858204,16,48,6888,cpu,1.552594393491745,1.4714548215270042,1.5274274572730064,1.533509075641632,project://predictor_specific_difficulty_v1/runs/confirm_K3_i001170/gru/d32/n256/seed1/DONE.json
done,confirm_K3_i001170,GRU,32,2,256,28,1.5157832019031048,16,36,6888,cpu,1.528422228991985,1.5513223335146904,1.5071948021650314,1.5518362522125244,project://predictor_specific_difficulty_v1/runs/confirm_K3_i001170/gru/d32/n256/seed2/DONE.json
done,confirm_K3_i001170,GRU,32,3,256,38,1.5421773567795751,16,46,6888,cpu,1.54779452085495,1.5432014539837835,1.5079356133937836,1.5833111330866814,project://predictor_specific_difficulty_v1/runs/confirm_K3_i001170/gru/d32/n256/seed3/DONE.json
done,confirm_K3_i001170,GRU,32,4,256,25,1.537474412471056,16,33,6888,cpu,1.544027842581272,1.5167396441102028,1.5343203097581863,1.5297168046236038,project://predictor_specific_difficulty_v1/runs/confirm_K3_i001170/gru/d32/n256/seed4/DONE.json
done,confirm_K3_i001170,GRU,32,5,256,45,1.547586053609848,16,48,6888,cpu,1.548241525888443,1.5516101196408272,1.5044029280543327,1.597676433622837,project://predictor_specific_difficulty_v1/runs/confirm_K3_i001170/gru/d32/n256/seed5/DONE.json
done,confirm_K3_i001170,GRU,128,1,256,23,1.4961553812026978,16,31,101256,cpu,1.5519819259643557,1.5603017807006836,1.5662748515605929,1.5389504879713058,project://predictor_specific_difficulty_v1/runs/confirm_K3_i001170/gru/d128/n256/seed1/DONE.json
done,confirm_K3_i001170,GRU,128,2,256,5,1.5576317869126797,16,13,101256,cpu,1.6245417594909668,1.6055979505181313,1.539979487657547,1.5908431112766266,project://predictor_specific_difficulty_v1/runs/confirm_K3_i001170/gru/d128/n256/seed2/DONE.json
done,confirm_K3_i001170,GRU,128,3,256,24,1.5313852466642857,16,32,101256,cpu,1.5161709785461426,1.5575044378638268,1.5261812806129456,1.5387064144015312,project://predictor_specific_difficulty_v1/runs/confirm_K3_i001170/gru/d128/n256/seed3/DONE.json
done,confirm_K3_i001170,GRU,128,4,256,17,1.534947581589222,16,25,101256,cpu,1.5616242736577988,1.4907843694090843,1.5178184062242508,1.6426497399806976,project://predictor_specific_difficulty_v1/runs/confirm_K3_i001170/gru/d128/n256/seed4/DONE.json
done,confirm_K3_i001170,GRU,128,5,256,27,1.4991440773010254,16,35,101256,cpu,1.5282526835799215,1.604498140513897,1.5732494816184044,1.5417545810341835,project://predictor_specific_difficulty_v1/runs/confirm_K3_i001170/gru/d128/n256/seed5/DONE.json
done,confirm_K3_i001170,Transformer,8,1,256,48,1.559422854334116,16,48,1064,cpu,1.5511522218585014,1.5107785314321518,1.5541865602135658,1.5025529265403748,project://predictor_specific_difficulty_v1/runs/confirm_K3_i001170/transformer/d8/n256/seed1/DONE.json
done,confirm_K3_i001170,Transformer,8,2,256,48,1.56562552601099,16,48,1064,cpu,1.576525703072548,1.5162924826145172,1.6363082602620125,1.5209692865610125,project://predictor_specific_difficulty_v1/runs/confirm_K3_i001170/transformer/d8/n256/seed2/DONE.json
done,confirm_K3_i001170,Transformer,8,3,256,48,1.5677165687084198,16,48,1064,cpu,1.520470343530178,1.5925319716334343,1.55233546346426,1.583468608558178,project://predictor_specific_difficulty_v1/runs/confirm_K3_i001170/transformer/d8/n256/seed3/DONE.json
done,confirm_K3_i001170,Transformer,8,4,256,48,1.5217384472489357,16,48,1064,cpu,1.619782492518425,1.5618707612156868,1.5613591223955154,1.5005061626434326,project://predictor_specific_difficulty_v1/runs/confirm_K3_i001170/transformer/d8/n256/seed4/DONE.json
done,confirm_K3_i001170,Transformer,8,5,256,48,1.530490726232529,16,48,1064,cpu,1.6360109150409698,1.4997319504618645,1.5497234091162682,1.533298373222351,project://predictor_specific_difficulty_v1/runs/confirm_K3_i001170/transformer/d8/n256/seed5/DONE.json
done,confirm_K3_i001170,Transformer,32,1,256,17,1.546711951494217,16,25,13448,cpu,1.5402422696352005,1.557341679930687,1.5215266421437263,1.4934069514274595,project://predictor_specific_difficulty_v1/runs/confirm_K3_i001170/transformer/d32/n256/seed1/DONE.json
done,confirm_K3_i001170,Transformer,32,2,256,16,1.543867200613022,16,24,13448,cpu,1.5744271352887154,1.5350009351968763,1.5708515346050262,1.5621831715106964,project://predictor_specific_difficulty_v1/runs/confirm_K3_i001170/transformer/d32/n256/seed2/DONE.json
done,confirm_K3_i001170,Transformer,32,3,256,12,1.5327989012002945,16,20,13448,cpu,1.6259874105453491,1.5310465395450592,1.5545560717582705,1.5540708154439926,project://predictor_specific_difficulty_v1/runs/confirm_K3_i001170/transformer/d32/n256/seed3/DONE.json
done,confirm_K3_i001170,Transformer,32,4,256,12,1.5097179971635342,16,20,13448,cpu,1.572607323527336,1.5439595878124237,1.5350031554698944,1.527536578476429,project://predictor_specific_difficulty_v1/runs/confirm_K3_i001170/transformer/d32/n256/seed4/DONE.json
done,confirm_K3_i001170,Transformer,32,5,256,34,1.511962108314037,16,42,13448,cpu,1.5068213269114494,1.5299434512853622,1.5216674506664276,1.5596314519643784,project://predictor_specific_difficulty_v1/runs/confirm_K3_i001170/transformer/d32/n256/seed5/DONE.json
done,confirm_K3_i001170,Transformer,128,1,256,12,1.5789125077426434,16,20,201224,cpu,1.6049622744321823,1.538153737783432,1.556632623076439,1.5856784507632256,project://predictor_specific_difficulty_v1/runs/confirm_K3_i001170/transformer/d128/n256/seed1/DONE.json
done,confirm_K3_i001170,Transformer,128,2,256,12,1.575441885739565,16,20,201224,cpu,1.522842325270176,1.5343701615929604,1.5262315049767494,1.5883637592196465,project://predictor_specific_difficulty_v1/runs/confirm_K3_i001170/transformer/d128/n256/seed2/DONE.json
done,confirm_K3_i001170,Transformer,128,3,256,2,1.564642459154129,16,12,201224,cpu,1.557833157479763,1.6756844446063042,1.5598910078406334,1.6147535815835,project://predictor_specific_difficulty_v1/runs/confirm_K3_i001170/transformer/d128/n256/seed3/DONE.json
done,confirm_K3_i001170,Transformer,128,4,256,17,1.5784449316561222,16,25,201224,cpu,1.6132136806845665,1.5498213171958923,1.5592450872063637,1.5105130895972252,project://predictor_specific_difficulty_v1/runs/confirm_K3_i001170/transformer/d128/n256/seed4/DONE.json
done,confirm_K3_i001170,Transformer,128,5,256,26,1.518203292042017,16,34,201224,cpu,1.559090107679367,1.5346829667687416,1.5524544194340706,1.5841248482465744,project://predictor_specific_difficulty_v1/runs/confirm_K3_i001170/transformer/d128/n256/seed5/DONE.json
done,confirm_K3_i000162,GRU,8,1,256,48,1.5757522955536842,16,48,576,cpu,1.6513237431645391,1.6095372587442398,1.616355799138546,1.588695228099823,project://predictor_specific_difficulty_v1/runs/confirm_K3_i000162/gru/d8/n256/seed1/DONE.json
done,confirm_K3_i000162,GRU,8,2,256,48,1.6100022196769714,16,48,576,cpu,1.6518885791301727,1.6061939373612404,1.5897232294082642,1.6550375372171402,project://predictor_specific_difficulty_v1/runs/confirm_K3_i000162/gru/d8/n256/seed2/DONE.json
done,confirm_K3_i000162,GRU,8,3,256,42,1.6199152879416945,16,48,576,cpu,1.641227163374424,1.572064869105816,1.573542021214962,1.605452075600624,project://predictor_specific_difficulty_v1/runs/confirm_K3_i000162/gru/d8/n256/seed3/DONE.json
done,confirm_K3_i000162,GRU,8,4,256,48,1.6014279052615166,16,48,576,cpu,1.6194632723927498,1.626893371343613,1.6540656313300133,1.6143759787082672,project://predictor_specific_difficulty_v1/runs/confirm_K3_i000162/gru/d8/n256/seed4/DONE.json
done,confirm_K3_i000162,GRU,8,5,256,48,1.617410473525524,16,48,576,cpu,1.6128017380833626,1.5664419680833817,1.568427488207817,1.5768086314201355,project://predictor_specific_difficulty_v1/runs/confirm_K3_i000162/gru/d8/n256/seed5/DONE.json
done,confirm_K3_i000162,GRU,32,1,256,37,1.5813515894114971,16,45,6888,cpu,1.6376252472400663,1.548735395073891,1.6308928579092026,1.5759942531585691,project://predictor_specific_difficulty_v1/runs/confirm_K3_i000162/gru/d32/n256/seed1/DONE.json
done,confirm_K3_i000162,GRU,32,2,256,36,1.5881889052689075,16,44,6888,cpu,1.625268153846264,1.587859444320202,1.5708538889884949,1.590864695608616,project://predictor_specific_difficulty_v1/runs/confirm_K3_i000162/gru/d32/n256/seed2/DONE.json
done,confirm_K3_i000162,GRU,32,3,256,48,1.584526665508747,16,48,6888,cpu,1.6588908433914185,1.5941647291183472,1.5646547079086304,1.5517641603946686,project://predictor_specific_difficulty_v1/runs/confirm_K3_i000162/gru/d32/n256/seed3/DONE.json
done,confirm_K3_i000162,GRU,32,4,256,40,1.6072052605450151,16,48,6888,cpu,1.6092453077435491,1.647816263139248,1.5811410173773766,1.630563959479332,project://predictor_specific_difficulty_v1/runs/confirm_K3_i000162/gru/d32/n256/seed4/DONE.json
done,confirm_K3_i000162,GRU,32,5,256,35,1.602462217211723,16,43,6888,cpu,1.596055530011654,1.5734273716807363,1.5894734039902687,1.6012069508433342,project://predictor_specific_difficulty_v1/runs/confirm_K3_i000162/gru/d32/n256/seed5/DONE.json
done,confirm_K3_i000162,GRU,128,1,256,12,1.613812331110239,16,20,101256,cpu,1.626910001039505,1.6482646986842155,1.6327495276927948,1.5883242636919022,project://predictor_specific_difficulty_v1/runs/confirm_K3_i000162/gru/d128/n256/seed1/DONE.json
done,confirm_K3_i000162,GRU,128,2,256,12,1.6100200787186625,16,20,101256,cpu,1.6028401255607605,1.5844559147953987,1.68515145778656,1.5915955752134323,project://predictor_specific_difficulty_v1/runs/confirm_K3_i000162/gru/d128/n256/seed2/DONE.json
done,confirm_K3_i000162,GRU,128,3,256,20,1.6067701987922192,16,28,101256,cpu,1.600614994764328,1.5772293359041214,1.6223361268639565,1.5946736708283424,project://predictor_specific_difficulty_v1/runs/confirm_K3_i000162/gru/d128/n256/seed3/DONE.json
done,confirm_K3_i000162,GRU,128,4,256,19,1.599232517182827,16,27,101256,cpu,1.6064823120832443,1.6117418557405472,1.6057481318712234,1.5789742842316628,project://predictor_specific_difficulty_v1/runs/confirm_K3_i000162/gru/d128/n256/seed4/DONE.json
done,confirm_K3_i000162,GRU,128,5,256,13,1.613475915044546,16,21,101256,cpu,1.6303531527519226,1.6063446700572968,1.6363765746355057,1.5654283538460732,project://predictor_specific_difficulty_v1/runs/confirm_K3_i000162/gru/d128/n256/seed5/DONE.json
done,confirm_K3_i000162,Transformer,8,1,256,47,1.5999363139271736,16,48,1064,cpu,1.662455432116985,1.5857768058776855,1.582699678838253,1.5912263616919518,project://predictor_specific_difficulty_v1/runs/confirm_K3_i000162/transformer/d8/n256/seed1/DONE.json
done,confirm_K3_i000162,Transformer,8,2,256,48,1.622054684907198,16,48,1064,cpu,1.612470544874668,1.621014125645161,1.613915003836155,1.58841422945261,project://predictor_specific_difficulty_v1/runs/confirm_K3_i000162/transformer/d8/n256/seed2/DONE.json
done,confirm_K3_i000162,Transformer,8,3,256,48,1.6104118302464483,16,48,1064,cpu,1.6430105492472649,1.6583144888281822,1.5918121561408043,1.5989996641874311,project://predictor_specific_difficulty_v1/runs/confirm_K3_i000162/transformer/d8/n256/seed3/DONE.json
done,confirm_K3_i000162,Transformer,8,4,256,46,1.59611763805151,16,48,1064,cpu,1.6292298883199692,1.5935042276978493,1.5723213702440262,1.6335126012563703,project://predictor_specific_difficulty_v1/runs/confirm_K3_i000162/transformer/d8/n256/seed4/DONE.json
done,confirm_K3_i000162,Transformer,8,5,256,45,1.6191713735461235,16,48,1064,cpu,1.5644148364663124,1.5773075595498085,1.624765120446682,1.6223153993487358,project://predictor_specific_difficulty_v1/runs/confirm_K3_i000162/transformer/d8/n256/seed5/DONE.json
done,confirm_K3_i000162,Transformer,32,1,256,16,1.6126088239252567,16,24,13448,cpu,1.5602367594838142,1.6055876687169075,1.596381589770317,1.6546245142817495,project://predictor_specific_difficulty_v1/runs/confirm_K3_i000162/transformer/d32/n256/seed1/DONE.json
done,confirm_K3_i000162,Transformer,32,2,256,18,1.5959638021886349,16,26,13448,cpu,1.5699862390756607,1.5836423560976982,1.5921826660633087,1.619965799152851,project://predictor_specific_difficulty_v1/runs/confirm_K3_i000162/transformer/d32/n256/seed2/DONE.json
done,confirm_K3_i000162,Transformer,32,3,256,19,1.5838310793042183,16,27,13448,cpu,1.6194790229201317,1.6247409731149671,1.587718553841114,1.5919346883893013,project://predictor_specific_difficulty_v1/runs/confirm_K3_i000162/transformer/d32/n256/seed3/DONE.json
done,confirm_K3_i000162,Transformer,32,4,256,15,1.6175249926745892,16,23,13448,cpu,1.5769150778651235,1.6300028190016749,1.6256285682320597,1.612612098455429,project://predictor_specific_difficulty_v1/runs/confirm_K3_i000162/transformer/d32/n256/seed4/DONE.json
done,confirm_K3_i000162,Transformer,32,5,256,18,1.59970198944211,16,26,13448,cpu,1.6621691510081291,1.633424125611782,1.5719671174883842,1.637840174138546,project://predictor_specific_difficulty_v1/runs/confirm_K3_i000162/transformer/d32/n256/seed5/DONE.json
done,confirm_K3_i000162,Transformer,128,1,256,10,1.6008459776639938,16,18,201224,cpu,1.6364798098802569,1.6391463577747345,1.5584489926695824,1.696077823638916,project://predictor_specific_difficulty_v1/runs/confirm_K3_i000162/transformer/d128/n256/seed1/DONE.json
done,confirm_K3_i000162,Transformer,128,2,256,5,1.6318973563611507,16,13,201224,cpu,1.587717056274414,1.6503442749381063,1.6465464159846306,1.6315755248069763,project://predictor_specific_difficulty_v1/runs/confirm_K3_i000162/transformer/d128/n256/seed2/DONE.json
done,confirm_K3_i000162,Transformer,128,3,256,18,1.623399779200554,16,26,201224,cpu,1.6448341086506844,1.6087924018502235,1.6162370964884758,1.5848430022597313,project://predictor_specific_difficulty_v1/runs/confirm_K3_i000162/transformer/d128/n256/seed3/DONE.json
done,confirm_K3_i000162,Transformer,128,4,256,25,1.62053020298481,16,33,201224,cpu,1.587613731622696,1.6239042654633522,1.6148288995027542,1.6131863445043564,project://predictor_specific_difficulty_v1/runs/confirm_K3_i000162/transformer/d128/n256/seed4/DONE.json
done,confirm_K3_i000162,Transformer,128,5,256,11,1.6036670058965683,16,19,201224,cpu,1.5723011046648026,1.648710981011391,1.61768389493227,1.6360988318920135,project://predictor_specific_difficulty_v1/runs/confirm_K3_i000162/transformer/d128/n256/seed5/DONE.json
done,confirm_K3_i000012,GRU,8,1,256,48,1.3331530019640925,16,48,576,cpu,1.3216957226395607,1.3482215851545334,1.3575108498334885,1.3655950352549553,project://predictor_specific_difficulty_v1/runs/confirm_K3_i000012/gru/d8/n256/seed1/DONE.json
done,confirm_K3_i000012,GRU,8,2,256,48,1.3366136644035578,16,48,576,cpu,1.3503357917070389,1.3628794625401497,1.3307325690984726,1.3531890735030174,project://predictor_specific_difficulty_v1/runs/confirm_K3_i000012/gru/d8/n256/seed2/DONE.json
done,confirm_K3_i000012,GRU,8,3,256,48,1.3406149223446846,16,48,576,cpu,1.37227700650692,1.318650409579277,1.3251015469431875,1.312965705990791,project://predictor_specific_difficulty_v1/runs/confirm_K3_i000012/gru/d8/n256/seed3/DONE.json
done,confirm_K3_i000012,GRU,8,4,256,48,1.3249104358255863,16,48,576,cpu,1.3581003099679947,1.3328810781240463,1.3810580968856812,1.287168271839619,project://predictor_specific_difficulty_v1/runs/confirm_K3_i000012/gru/d8/n256/seed4/DONE.json
done,confirm_K3_i000012,GRU,8,5,256,48,1.320644360035658,16,48,576,cpu,1.3317440003156662,1.4363033771514893,1.3418640196323397,1.305165983736515,project://predictor_specific_difficulty_v1/runs/confirm_K3_i000012/gru/d8/n256/seed5/DONE.json
done,confirm_K3_i000012,GRU,32,1,256,35,1.2746776193380356,16,43,6888,cpu,1.3723208233714104,1.295501247048378,1.3220793828368187,1.326100930571556,project://predictor_specific_difficulty_v1/runs/confirm_K3_i000012/gru/d32/n256/seed1/DONE.json
done,confirm_K3_i000012,GRU,32,2,256,22,1.279189616441727,16,30,6888,cpu,1.3413280472159386,1.2887176871299744,1.3239697813987732,1.3577517941594124,project://predictor_specific_difficulty_v1/runs/confirm_K3_i000012/gru/d32/n256/seed2/DONE.json
done,confirm_K3_i000012,GRU,32,3,256,38,1.2956300005316734,16,46,6888,cpu,1.283323958516121,1.3213178664445877,1.293261781334877,1.3140911757946014,project://predictor_specific_difficulty_v1/runs/confirm_K3_i000012/gru/d32/n256/seed3/DONE.json
done,confirm_K3_i000012,GRU,32,4,256,35,1.3156491443514824,16,43,6888,cpu,1.2876865565776825,1.2799101248383522,1.3499308675527573,1.2886312678456306,project://predictor_specific_difficulty_v1/runs/confirm_K3_i000012/gru/d32/n256/seed4/DONE.json
done,confirm_K3_i000012,GRU,32,5,256,40,1.275249756872654,16,48,6888,cpu,1.337446190416813,1.3135232627391815,1.3648158982396126,1.2562644854187963,project://predictor_specific_difficulty_v1/runs/confirm_K3_i000012/gru/d32/n256/seed5/DONE.json
done,confirm_K3_i000012,GRU,128,1,256,9,1.2777316886931658,16,17,101256,cpu,1.2813071683049202,1.324883133172989,1.3964731320738792,1.3648453801870346,project://predictor_specific_difficulty_v1/runs/confirm_K3_i000012/gru/d128/n256/seed1/DONE.json
done,confirm_K3_i000012,GRU,128,2,256,8,1.3422093465924263,16,16,101256,cpu,1.3151127323508265,1.2868783697485924,1.2776131704449654,1.3663702011108398,project://predictor_specific_difficulty_v1/runs/confirm_K3_i000012/gru/d128/n256/seed2/DONE.json
done,confirm_K3_i000012,GRU,128,3,256,9,1.320001095533371,16,17,101256,cpu,1.284005142748356,1.3173914104700089,1.3161249309778214,1.3346738740801811,project://predictor_specific_difficulty_v1/runs/confirm_K3_i000012/gru/d128/n256/seed3/DONE.json
done,confirm_K3_i000012,GRU,128,4,256,13,1.320827554911375,16,21,101256,cpu,1.2929741144180298,1.3264322951436045,1.3247303143143654,1.300306722521782,project://predictor_specific_difficulty_v1/runs/confirm_K3_i000012/gru/d128/n256/seed4/DONE.json
done,confirm_K3_i000012,GRU,128,5,256,27,1.3125445656478405,16,35,101256,cpu,1.2855792939662931,1.3217790052294731,1.2900629490613935,1.27895750105381,project://predictor_specific_difficulty_v1/runs/confirm_K3_i000012/gru/d128/n256/seed5/DONE.json
done,confirm_K3_i000012,Transformer,8,1,256,47,1.3406890965998173,16,48,1064,cpu,1.3296111226081848,1.3470806553959846,1.3084856271743774,1.3743712157011032,project://predictor_specific_difficulty_v1/runs/confirm_K3_i000012/transformer/d8/n256/seed1/DONE.json
done,confirm_K3_i000012,Transformer,8,2,256,45,1.292509000748396,16,48,1064,cpu,1.307645104825497,1.309186190366745,1.3658477365970612,1.3403911292552948,project://predictor_specific_difficulty_v1/runs/confirm_K3_i000012/transformer/d8/n256/seed2/DONE.json
done,confirm_K3_i000012,Transformer,8,3,256,48,1.3058354370296,16,48,1064,cpu,1.36550173163414,1.3266019150614738,1.363767996430397,1.3473719656467438,project://predictor_specific_difficulty_v1/runs/confirm_K3_i000012/transformer/d8/n256/seed3/DONE.json
done,confirm_K3_i000012,Transformer,8,4,256,46,1.351255528628826,16,48,1064,cpu,1.3627920001745224,1.358312875032425,1.3525952845811844,1.3027886226773262,project://predictor_specific_difficulty_v1/runs/confirm_K3_i000012/transformer/d8/n256/seed4/DONE.json
done,confirm_K3_i000012,Transformer,8,5,256,48,1.3170788399875164,16,48,1064,cpu,1.2987451627850533,1.3341437354683876,1.3256214633584025,1.3573288843035698,project://predictor_specific_difficulty_v1/runs/confirm_K3_i000012/transformer/d8/n256/seed5/DONE.json
done,confirm_K3_i000012,Transformer,32,1,256,16,1.3087774068117142,16,24,13448,cpu,1.341997630894184,1.276152789592743,1.3592700883746147,1.3612132668495178,project://predictor_specific_difficulty_v1/runs/confirm_K3_i000012/transformer/d32/n256/seed1/DONE.json
done,confirm_K3_i000012,Transformer,32,2,256,19,1.3179891556501389,16,27,13448,cpu,1.330569453537464,1.3007281720638275,1.271306924521923,1.306822009384632,project://predictor_specific_difficulty_v1/runs/confirm_K3_i000012/transformer/d32/n256/seed2/DONE.json
done,confirm_K3_i000012,Transformer,32,3,256,28,1.277319710701704,16,36,13448,cpu,1.356084793806076,1.2806903645396233,1.275441363453865,1.2978839874267578,project://predictor_specific_difficulty_v1/runs/confirm_K3_i000012/transformer/d32/n256/seed3/DONE.json
done,confirm_K3_i000012,Transformer,32,4,256,19,1.325593389570713,16,27,13448,cpu,1.3661234974861145,1.3614602833986282,1.4570282101631165,1.3285529762506485,project://predictor_specific_difficulty_v1/runs/confirm_K3_i000012/transformer/d32/n256/seed4/DONE.json
done,confirm_K3_i000012,Transformer,32,5,256,20,1.286864660680294,16,28,13448,cpu,1.2939884886145592,1.2893411442637444,1.303685076534748,1.3084509782493114,project://predictor_specific_difficulty_v1/runs/confirm_K3_i000012/transformer/d32/n256/seed5/DONE.json
done,confirm_K3_i000012,Transformer,128,1,256,14,1.324497427791357,16,22,201224,cpu,1.3118098378181458,1.3042316809296608,1.2992589697241783,1.3013281896710396,project://predictor_specific_difficulty_v1/runs/confirm_K3_i000012/transformer/d128/n256/seed1/DONE.json
done,confirm_K3_i000012,Transformer,128,2,256,22,1.3193960785865784,16,30,201224,cpu,1.3316008374094963,1.384616531431675,1.3612010776996613,1.3792438134551048,project://predictor_specific_difficulty_v1/runs/confirm_K3_i000012/transformer/d128/n256/seed2/DONE.json
done,confirm_K3_i000012,Transformer,128,3,256,21,1.3316426537930963,16,29,201224,cpu,1.335980862379074,1.3315793126821518,1.2998777329921722,1.34124106913805,project://predictor_specific_difficulty_v1/runs/confirm_K3_i000012/transformer/d128/n256/seed3/DONE.json
done,confirm_K3_i000012,Transformer,128,4,256,17,1.3210673928260803,16,25,201224,cpu,1.2574249878525734,1.3143310993909836,1.3164594620466232,1.3384274765849111,project://predictor_specific_difficulty_v1/runs/confirm_K3_i000012/transformer/d128/n256/seed4/DONE.json
done,confirm_K3_i000012,Transformer,128,5,256,5,1.3367084451019764,16,13,201224,cpu,1.273493342101574,1.3118884935975077,1.3385237827897072,1.3310654796659946,project://predictor_specific_difficulty_v1/runs/confirm_K3_i000012/transformer/d128/n256/seed5/DONE.json
done,confirm_K3_i000306,GRU,8,1,256,48,1.348787747323513,16,48,576,cpu,1.340273879468441,1.317994311451912,1.3107216134667397,1.2994567155838013,project://predictor_specific_difficulty_v1/runs/confirm_K3_i000306/gru/d8/n256/seed1/DONE.json
done,confirm_K3_i000306,GRU,8,2,256,48,1.3516036942601204,16,48,576,cpu,1.36321522295475,1.356775514781475,1.2988491579890251,1.3435645028948784,project://predictor_specific_difficulty_v1/runs/confirm_K3_i000306/gru/d8/n256/seed2/DONE.json
done,confirm_K3_i000306,GRU,8,3,256,48,1.3183971755206585,16,48,576,cpu,1.3622813746333122,1.358789160847664,1.3429585918784142,1.325065679848194,project://predictor_specific_difficulty_v1/runs/confirm_K3_i000306/gru/d8/n256/seed3/DONE.json
done,confirm_K3_i000306,GRU,8,4,256,47,1.3681074306368828,16,48,576,cpu,1.3607364743947985,1.3752611428499222,1.3499882072210312,1.3500881344079971,project://predictor_specific_difficulty_v1/runs/confirm_K3_i000306/gru/d8/n256/seed4/DONE.json
done,confirm_K3_i000306,GRU,8,5,256,48,1.3614205047488213,16,48,576,cpu,1.3789736554026604,1.3217204213142395,1.2913996279239657,1.3044558390974998,project://predictor_specific_difficulty_v1/runs/confirm_K3_i000306/gru/d8/n256/seed5/DONE.json
done,confirm_K3_i000306,GRU,32,1,256,45,1.292740348726511,16,48,6888,cpu,1.3362525701522827,1.312000393867493,1.340417467057705,1.3066387474536896,project://predictor_specific_difficulty_v1/runs/confirm_K3_i000306/gru/d32/n256/seed1/DONE.json
done,confirm_K3_i000306,GRU,32,2,256,48,1.3339313808828592,16,48,6888,cpu,1.3180707544088364,1.3062825128436089,1.3395037278532982,1.3296287581324575,project://predictor_specific_difficulty_v1/runs/confirm_K3_i000306/gru/d32/n256/seed2/DONE.json
done,confirm_K3_i000306,GRU,32,3,256,43,1.307143297046423,16,48,6888,cpu,1.322865590453148,1.2487869933247566,1.333803802728653,1.280506208539009,project://predictor_specific_difficulty_v1/runs/confirm_K3_i000306/gru/d32/n256/seed3/DONE.json
done,confirm_K3_i000306,GRU,32,4,256,36,1.2902635224163532,16,44,6888,cpu,1.329252064228058,1.3391351699829102,1.3107884638011456,1.2799644395709038,project://predictor_specific_difficulty_v1/runs/confirm_K3_i000306/gru/d32/n256/seed4/DONE.json
done,confirm_K3_i000306,GRU,32,5,256,24,1.3534854911267755,16,32,6888,cpu,1.3231321647763252,1.3267548307776451,1.3190398588776588,1.276421569287777,project://predictor_specific_difficulty_v1/runs/confirm_K3_i000306/gru/d32/n256/seed5/DONE.json
done,confirm_K3_i000306,GRU,128,1,256,25,1.303577970713377,16,33,101256,cpu,1.3414729237556458,1.440913751721382,1.3004394173622131,1.3283984437584877,project://predictor_specific_difficulty_v1/runs/confirm_K3_i000306/gru/d128/n256/seed1/DONE.json
done,confirm_K3_i000306,GRU,128,2,256,7,1.339099753648043,16,15,101256,cpu,1.366717129945755,1.3151891827583313,1.387313790619373,1.3350987806916237,project://predictor_specific_difficulty_v1/runs/confirm_K3_i000306/gru/d128/n256/seed2/DONE.json
done,confirm_K3_i000306,GRU,128,3,256,21,1.3021416179835796,16,29,101256,cpu,1.3209751099348068,1.2959033250808716,1.3484635204076767,1.3867396786808968,project://predictor_specific_difficulty_v1/runs/confirm_K3_i000306/gru/d128/n256/seed3/DONE.json
done,confirm_K3_i000306,GRU,128,4,256,10,1.3282938487827778,16,18,101256,cpu,1.3864841908216476,1.3308187574148178,1.3412458151578903,1.2737662121653557,project://predictor_specific_difficulty_v1/runs/confirm_K3_i000306/gru/d128/n256/seed4/DONE.json
done,confirm_K3_i000306,GRU,128,5,256,12,1.28501302190125,16,20,101256,cpu,1.3821227103471756,1.3358023203909395,1.3287780284881592,1.3174263536930084,project://predictor_specific_difficulty_v1/runs/confirm_K3_i000306/gru/d128/n256/seed5/DONE.json
done,confirm_K3_i000306,Transformer,8,1,256,48,1.3521252274513245,16,48,1064,cpu,1.337073303759098,1.3586956039071083,1.291851431131363,1.4034696742892263,project://predictor_specific_difficulty_v1/runs/confirm_K3_i000306/transformer/d8/n256/seed1/DONE.json
done,confirm_K3_i000306,Transformer,8,2,256,48,1.3209561742842195,16,48,1064,cpu,1.3490434288978577,1.41995982080698,1.3051208034157753,1.3380499854683876,project://predictor_specific_difficulty_v1/runs/confirm_K3_i000306/transformer/d8/n256/seed2/DONE.json
done,confirm_K3_i000306,Transformer,8,3,256,48,1.3404317274689674,16,48,1064,cpu,1.3607154190540314,1.3262954205274582,1.3872384503483772,1.3422354608774183,project://predictor_specific_difficulty_v1/runs/confirm_K3_i000306/transformer/d8/n256/seed3/DONE.json
done,confirm_K3_i000306,Transformer,8,4,256,48,1.341115079820156,16,48,1064,cpu,1.346219263970852,1.3188829720020294,1.3162697851657867,1.291696570813656,project://predictor_specific_difficulty_v1/runs/confirm_K3_i000306/transformer/d8/n256/seed4/DONE.json
done,confirm_K3_i000306,Transformer,8,5,256,47,1.3188735507428646,16,48,1064,cpu,1.2483039647340777,1.2798939570784569,1.2905119583010674,1.2797566205263138,project://predictor_specific_difficulty_v1/runs/confirm_K3_i000306/transformer/d8/n256/seed5/DONE.json
done,confirm_K3_i000306,Transformer,32,1,256,18,1.2974338494241238,16,26,13448,cpu,1.3083938285708427,1.3077894300222397,1.3384105935692787,1.3468784838914871,project://predictor_specific_difficulty_v1/runs/confirm_K3_i000306/transformer/d32/n256/seed1/DONE.json
done,confirm_K3_i000306,Transformer,32,2,256,12,1.3229916878044603,16,20,13448,cpu,1.303683266043663,1.317479394376278,1.4170814529061315,1.3665863275527954,project://predictor_specific_difficulty_v1/runs/confirm_K3_i000306/transformer/d32/n256/seed2/DONE.json
done,confirm_K3_i000306,Transformer,32,3,256,33,1.3117591515183449,16,41,13448,cpu,1.3443883657455444,1.3522077426314354,1.3184800297021866,1.3301697000861168,project://predictor_specific_difficulty_v1/runs/confirm_K3_i000306/transformer/d32/n256/seed3/DONE.json
done,confirm_K3_i000306,Transformer,32,4,256,38,1.32539052516222,16,46,13448,cpu,1.316996954381466,1.320983737707138,1.2784686535596848,1.2750937342643738,project://predictor_specific_difficulty_v1/runs/confirm_K3_i000306/transformer/d32/n256/seed4/DONE.json
done,confirm_K3_i000306,Transformer,32,5,256,39,1.3278997465968132,16,47,13448,cpu,1.3218646943569183,1.331087402999401,1.3675862848758698,1.272746428847313,project://predictor_specific_difficulty_v1/runs/confirm_K3_i000306/transformer/d32/n256/seed5/DONE.json
done,confirm_K3_i000306,Transformer,128,1,256,5,1.3239204697310925,16,13,201224,cpu,1.3717119991779327,1.3643290251493454,1.3881637677550316,1.3328451961278915,project://predictor_specific_difficulty_v1/runs/confirm_K3_i000306/transformer/d128/n256/seed1/DONE.json
done,confirm_K3_i000306,Transformer,128,2,256,7,1.3423993922770023,16,15,201224,cpu,1.305825099349022,1.3671811893582344,1.311644896864891,1.3636947199702265,project://predictor_specific_difficulty_v1/runs/confirm_K3_i000306/transformer/d128/n256/seed2/DONE.json
done,confirm_K3_i000306,Transformer,128,3,256,4,1.3305879309773443,16,12,201224,cpu,1.3205441012978554,1.3912373557686806,1.3413014933466911,1.339606687426567,project://predictor_specific_difficulty_v1/runs/confirm_K3_i000306/transformer/d128/n256/seed3/DONE.json
done,confirm_K3_i000306,Transformer,128,4,256,14,1.3256570436060429,16,22,201224,cpu,1.3534519895911217,1.2780746966600418,1.318040370941162,1.3538523465394974,project://predictor_specific_difficulty_v1/runs/confirm_K3_i000306/transformer/d128/n256/seed4/DONE.json
done,confirm_K3_i000306,Transformer,128,5,256,19,1.337800644338131,16,27,201224,cpu,1.3391534239053726,1.2971682026982307,1.2981548830866814,1.3768503367900848,project://predictor_specific_difficulty_v1/runs/confirm_K3_i000306/transformer/d128/n256/seed5/DONE.json
done,confirm_K4_i000291,GRU,8,1,256,48,1.6166483834385872,16,48,576,cpu,1.617087498307228,1.5776166394352913,1.56216611713171,1.5416706129908562,project://predictor_specific_difficulty_v1/runs/confirm_K4_i000291/gru/d8/n256/seed1/DONE.json
done,confirm_K4_i000291,GRU,8,2,256,48,1.5467155575752258,16,48,576,cpu,1.6114232242107391,1.589162640273571,1.5724110156297684,1.5924669951200483,project://predictor_specific_difficulty_v1/runs/confirm_K4_i000291/gru/d8/n256/seed2/DONE.json
done,confirm_K4_i000291,GRU,8,3,256,48,1.6016901917755604,16,48,576,cpu,1.638144128024578,1.5650526210665705,1.561358593404293,1.6403998211026192,project://predictor_specific_difficulty_v1/runs/confirm_K4_i000291/gru/d8/n256/seed3/DONE.json
done,confirm_K4_i000291,GRU,8,4,256,48,1.6028599366545675,16,48,576,cpu,1.589036837220192,1.5892897695302963,1.557280234992504,1.6000731512904167,project://predictor_specific_difficulty_v1/runs/confirm_K4_i000291/gru/d8/n256/seed4/DONE.json
done,confirm_K4_i000291,GRU,8,5,256,48,1.541151113808155,16,48,576,cpu,1.6019784808158877,1.6335157305002213,1.5883763656020164,1.5830766260623932,project://predictor_specific_difficulty_v1/runs/confirm_K4_i000291/gru/d8/n256/seed5/DONE.json
done,confirm_K4_i000291,GRU,32,1,256,46,1.5302274450659752,16,48,6888,cpu,1.5916064009070396,1.545386515557766,1.608332276344299,1.588903084397316,project://predictor_specific_difficulty_v1/runs/confirm_K4_i000291/gru/d32/n256/seed1/DONE.json
done,confirm_K4_i000291,GRU,32,2,256,45,1.5725442059338093,16,48,6888,cpu,1.5881938710808754,1.5408629104495049,1.6106909587979317,1.601974919438362,project://predictor_specific_difficulty_v1/runs/confirm_K4_i000291/gru/d32/n256/seed2/DONE.json
done,confirm_K4_i000291,GRU,32,3,256,22,1.5377912558615208,16,30,6888,cpu,1.576727956533432,1.5668741539120674,1.596587099134922,1.5497698783874512,project://predictor_specific_difficulty_v1/runs/confirm_K4_i000291/gru/d32/n256/seed3/DONE.json
done,confirm_K4_i000291,GRU,32,4,256,44,1.595648542046547,16,48,6888,cpu,1.594506748020649,1.5757026001811028,1.545924499630928,1.5654892027378082,project://predictor_specific_difficulty_v1/runs/confirm_K4_i000291/gru/d32/n256/seed4/DONE.json
done,confirm_K4_i000291,GRU,32,5,256,30,1.5815880484879017,16,38,6888,cpu,1.6237600594758987,1.5889695808291435,1.6023215129971504,1.5867827460169792,project://predictor_specific_difficulty_v1/runs/confirm_K4_i000291/gru/d32/n256/seed5/DONE.json
done,confirm_K4_i000291,GRU,128,1,256,6,1.5704550705850124,16,14,101256,cpu,1.541540689766407,1.591580107808113,1.639224238693714,1.5326474756002426,project://predictor_specific_difficulty_v1/runs/confirm_K4_i000291/gru/d128/n256/seed1/DONE.json
done,confirm_K4_i000291,GRU,128,2,256,8,1.5792841985821724,16,16,101256,cpu,1.5914204716682434,1.5687291026115415,1.6303661167621613,1.5590466111898422,project://predictor_specific_difficulty_v1/runs/confirm_K4_i000291/gru/d128/n256/seed2/DONE.json
done,confirm_K4_i000291,GRU,128,3,256,20,1.6137640476226809,16,28,101256,cpu,1.6222305595874786,1.618531420826912,1.5604546070098877,1.5728930607438087,project://predictor_specific_difficulty_v1/runs/confirm_K4_i000291/gru/d128/n256/seed3/DONE.json
done,confirm_K4_i000291,GRU,128,4,256,19,1.6101450882852075,16,27,101256,cpu,1.5958495438098907,1.5493337959051132,1.706507571041584,1.5728044658899307,project://predictor_specific_difficulty_v1/runs/confirm_K4_i000291/gru/d128/n256/seed4/DONE.json
done,confirm_K4_i000291,GRU,128,5,256,14,1.5597363971173763,16,22,101256,cpu,1.5896917954087255,1.570841744542122,1.531573750078678,1.5946564823389051,project://predictor_specific_difficulty_v1/runs/confirm_K4_i000291/gru/d128/n256/seed5/DONE.json
done,confirm_K4_i000291,Transformer,8,1,256,46,1.5919391214847565,16,48,1064,cpu,1.6334356367588043,1.6420414298772812,1.5264623910188675,1.592771865427494,project://predictor_specific_difficulty_v1/runs/confirm_K4_i000291/transformer/d8/n256/seed1/DONE.json
done,confirm_K4_i000291,Transformer,8,2,256,48,1.602379433810711,16,48,1064,cpu,1.5708508789539335,1.583866499364376,1.576721727848053,1.5652077198028564,project://predictor_specific_difficulty_v1/runs/confirm_K4_i000291/transformer/d8/n256/seed2/DONE.json
done,confirm_K4_i000291,Transformer,8,3,256,47,1.6205076351761818,16,48,1064,cpu,1.6095619648694992,1.511416144669056,1.56965821236372,1.6041134744882584,project://predictor_specific_difficulty_v1/runs/confirm_K4_i000291/transformer/d8/n256/seed3/DONE.json
done,confirm_K4_i000291,Transformer,8,4,256,48,1.5664252899587154,16,48,1064,cpu,1.5731029361486435,1.615133449435234,1.605667769908905,1.5631015747785568,project://predictor_specific_difficulty_v1/runs/confirm_K4_i000291/transformer/d8/n256/seed4/DONE.json
done,confirm_K4_i000291,Transformer,8,5,256,48,1.585536923259497,16,48,1064,cpu,1.554527647793293,1.585584171116352,1.5892817974090576,1.590087205171585,project://predictor_specific_difficulty_v1/runs/confirm_K4_i000291/transformer/d8/n256/seed5/DONE.json
done,confirm_K4_i000291,Transformer,32,1,256,31,1.5653131045401096,16,39,13448,cpu,1.6623965576291084,1.6289794743061066,1.6181875318288803,1.5821179524064064,project://predictor_specific_difficulty_v1/runs/confirm_K4_i000291/transformer/d32/n256/seed1/DONE.json
done,confirm_K4_i000291,Transformer,32,2,256,25,1.5976710803806782,16,33,13448,cpu,1.5510602295398712,1.58198831230402,1.5657744333148005,1.5463987812399864,project://predictor_specific_difficulty_v1/runs/confirm_K4_i000291/transformer/d32/n256/seed2/DONE.json
done,confirm_K4_i000291,Transformer,32,3,256,24,1.5448171012103558,16,32,13448,cpu,1.5574867576360705,1.61404749751091,1.5861714333295822,1.6120656430721283,project://predictor_specific_difficulty_v1/runs/confirm_K4_i000291/transformer/d32/n256/seed3/DONE.json
done,confirm_K4_i000291,Transformer,32,4,256,19,1.5932127870619297,16,27,13448,cpu,1.5866643115878103,1.5739608481526377,1.5471089109778404,1.564248226583004,project://predictor_specific_difficulty_v1/runs/confirm_K4_i000291/transformer/d32/n256/seed4/DONE.json
done,confirm_K4_i000291,Transformer,32,5,256,17,1.5445440523326397,16,25,13448,cpu,1.5912218391895294,1.5803810954093933,1.5812023133039474,1.5532041043043137,project://predictor_specific_difficulty_v1/runs/confirm_K4_i000291/transformer/d32/n256/seed5/DONE.json
done,confirm_K4_i000291,Transformer,128,1,256,9,1.6118396073579788,16,17,201224,cpu,1.5934893116354942,1.5872952565550804,1.633246697485447,1.6638904437422752,project://predictor_specific_difficulty_v1/runs/confirm_K4_i000291/transformer/d128/n256/seed1/DONE.json
done,confirm_K4_i000291,Transformer,128,2,256,20,1.5358866676688194,16,28,201224,cpu,1.649465762078762,1.5701831355690956,1.6077430993318558,1.5583495125174522,project://predictor_specific_difficulty_v1/runs/confirm_K4_i000291/transformer/d128/n256/seed2/DONE.json
done,confirm_K4_i000291,Transformer,128,3,256,15,1.5705730989575386,16,23,201224,cpu,1.5347897931933403,1.5804230570793152,1.5480135679244995,1.5749191790819168,project://predictor_specific_difficulty_v1/runs/confirm_K4_i000291/transformer/d128/n256/seed3/DONE.json
done,confirm_K4_i000291,Transformer,128,4,256,14,1.5793504416942596,16,22,201224,cpu,1.5773581638932228,1.621905766427517,1.5824138820171356,1.5455438643693924,project://predictor_specific_difficulty_v1/runs/confirm_K4_i000291/transformer/d128/n256/seed4/DONE.json
done,confirm_K4_i000291,Transformer,128,5,256,22,1.592289511114359,16,30,201224,cpu,1.5499096736311913,1.5866171792149544,1.586483359336853,1.610312543809414,project://predictor_specific_difficulty_v1/runs/confirm_K4_i000291/transformer/d128/n256/seed5/DONE.json
done,confirm_K4_i000657,GRU,8,1,256,48,1.6628630794584751,16,48,576,cpu,1.6935964077711103,1.637880340218544,1.6542148739099505,1.6094860062003136,project://predictor_specific_difficulty_v1/runs/confirm_K4_i000657/gru/d8/n256/seed1/DONE.json
done,confirm_K4_i000657,GRU,8,2,256,47,1.6399522088468077,16,48,576,cpu,1.6915305331349373,1.684459209442139,1.6482596695423126,1.655086413025856,project://predictor_specific_difficulty_v1/runs/confirm_K4_i000657/gru/d8/n256/seed2/DONE.json
done,confirm_K4_i000657,GRU,8,3,256,48,1.651720106601715,16,48,576,cpu,1.6553876101970673,1.6485996693372726,1.6161544397473335,1.6666486635804176,project://predictor_specific_difficulty_v1/runs/confirm_K4_i000657/gru/d8/n256/seed3/DONE.json
done,confirm_K4_i000657,GRU,8,4,256,48,1.6740241721272469,16,48,576,cpu,1.6671991348266602,1.6498286500573158,1.6477570608258247,1.584641307592392,project://predictor_specific_difficulty_v1/runs/confirm_K4_i000657/gru/d8/n256/seed4/DONE.json
done,confirm_K4_i000657,GRU,8,5,256,48,1.6641830317676067,16,48,576,cpu,1.6792815998196602,1.6722776740789411,1.6553191095590591,1.617408163845539,project://predictor_specific_difficulty_v1/runs/confirm_K4_i000657/gru/d8/n256/seed5/DONE.json
done,confirm_K4_i000657,GRU,32,1,256,36,1.604528285562992,16,44,6888,cpu,1.5721512734889984,1.5957526490092278,1.6248423233628273,1.606255255639553,project://predictor_specific_difficulty_v1/runs/confirm_K4_i000657/gru/d32/n256/seed1/DONE.json
done,confirm_K4_i000657,GRU,32,2,256,27,1.6356899067759514,16,35,6888,cpu,1.5716398432850838,1.6099343672394753,1.6149605810642242,1.6003559529781342,project://predictor_specific_difficulty_v1/runs/confirm_K4_i000657/gru/d32/n256/seed2/DONE.json
done,confirm_K4_i000657,GRU,32,3,256,42,1.609340101480484,16,48,6888,cpu,1.6029589921236038,1.6289473474025726,1.613527089357376,1.6333378180861473,project://predictor_specific_difficulty_v1/runs/confirm_K4_i000657/gru/d32/n256/seed3/DONE.json
done,confirm_K4_i000657,GRU,32,4,256,28,1.646829929202795,16,36,6888,cpu,1.612149491906166,1.569826990365982,1.647017516195774,1.7075639218091965,project://predictor_specific_difficulty_v1/runs/confirm_K4_i000657/gru/d32/n256/seed4/DONE.json
done,confirm_K4_i000657,GRU,32,5,256,38,1.614286344498396,16,46,6888,cpu,1.6594818010926249,1.6187484860420227,1.6345013231039047,1.658256709575653,project://predictor_specific_difficulty_v1/runs/confirm_K4_i000657/gru/d32/n256/seed5/DONE.json
done,confirm_K4_i000657,GRU,128,1,256,15,1.6516106612980366,16,23,101256,cpu,1.681988313794136,1.6899831220507622,1.624958448112011,1.5952576100826263,project://predictor_specific_difficulty_v1/runs/confirm_K4_i000657/gru/d128/n256/seed1/DONE.json
done,confirm_K4_i000657,GRU,128,2,256,17,1.6484898701310158,16,25,101256,cpu,1.6715326309204102,1.6044092923402786,1.6326805800199509,1.660036861896515,project://predictor_specific_difficulty_v1/runs/confirm_K4_i000657/gru/d128/n256/seed2/DONE.json
done,confirm_K4_i000657,GRU,128,3,256,22,1.6540489718317986,16,30,101256,cpu,1.629656419157982,1.6549114882946014,1.634296603500843,1.6244401037693024,project://predictor_specific_difficulty_v1/runs/confirm_K4_i000657/gru/d128/n256/seed3/DONE.json
done,confirm_K4_i000657,GRU,128,4,256,4,1.6269969753921032,16,12,101256,cpu,1.6508258432149887,1.648174524307251,1.702140487730503,1.6432189345359802,project://predictor_specific_difficulty_v1/runs/confirm_K4_i000657/gru/d128/n256/seed4/DONE.json
done,confirm_K4_i000657,GRU,128,5,256,12,1.6453507728874683,16,20,101256,cpu,1.6736712157726288,1.6229787394404411,1.6585153564810753,1.6537973433732986,project://predictor_specific_difficulty_v1/runs/confirm_K4_i000657/gru/d128/n256/seed5/DONE.json
done,confirm_K4_i000657,Transformer,8,1,256,34,1.693812258541584,16,42,1064,cpu,1.6187795773148537,1.6281106024980545,1.6554875895380974,1.6287351474165916,project://predictor_specific_difficulty_v1/runs/confirm_K4_i000657/transformer/d8/n256/seed1/DONE.json
done,confirm_K4_i000657,Transformer,8,2,256,46,1.6997104212641716,16,48,1064,cpu,1.5961600095033646,1.6238363608717918,1.6358623504638672,1.639236755669117,project://predictor_specific_difficulty_v1/runs/confirm_K4_i000657/transformer/d8/n256/seed2/DONE.json
done,confirm_K4_i000657,Transformer,8,3,256,38,1.690855834633112,16,46,1064,cpu,1.564615234732628,1.604271985590458,1.654143624007702,1.6903344839811325,project://predictor_specific_difficulty_v1/runs/confirm_K4_i000657/transformer/d8/n256/seed3/DONE.json
done,confirm_K4_i000657,Transformer,8,4,256,41,1.6916619874536991,16,48,1064,cpu,1.6572527512907982,1.6355787813663485,1.6533639505505562,1.646908812224865,project://predictor_specific_difficulty_v1/runs/confirm_K4_i000657/transformer/d8/n256/seed4/DONE.json
done,confirm_K4_i000657,Transformer,8,5,256,38,1.6520898379385471,16,46,1064,cpu,1.612050898373127,1.6249712854623797,1.5658343806862831,1.592618688941002,project://predictor_specific_difficulty_v1/runs/confirm_K4_i000657/transformer/d8/n256/seed5/DONE.json
done,confirm_K4_i000657,Transformer,32,1,256,25,1.6230634897947311,16,33,13448,cpu,1.6353472992777824,1.57302875071764,1.5813465639948845,1.643260419368744,project://predictor_specific_difficulty_v1/runs/confirm_K4_i000657/transformer/d32/n256/seed1/DONE.json
done,confirm_K4_i000657,Transformer,32,2,256,33,1.6033047251403332,16,41,13448,cpu,1.659391224384308,1.637414887547493,1.5828420966863632,1.6744564846158028,project://predictor_specific_difficulty_v1/runs/confirm_K4_i000657/transformer/d32/n256/seed2/DONE.json
done,confirm_K4_i000657,Transformer,32,3,256,11,1.637459259480238,16,19,13448,cpu,1.680072233080864,1.60301723331213,1.560632847249508,1.6936025321483612,project://predictor_specific_difficulty_v1/runs/confirm_K4_i000657/transformer/d32/n256/seed3/DONE.json
done,confirm_K4_i000657,Transformer,32,4,256,23,1.616228625178337,16,31,13448,cpu,1.5826618447899818,1.599376231431961,1.5876126140356064,1.604639820754528,project://predictor_specific_difficulty_v1/runs/confirm_K4_i000657/transformer/d32/n256/seed4/DONE.json
done,confirm_K4_i000657,Transformer,32,5,256,16,1.630420207977295,16,24,13448,cpu,1.6390713676810265,1.672192558646202,1.6446017548441887,1.6066875159740448,project://predictor_specific_difficulty_v1/runs/confirm_K4_i000657/transformer/d32/n256/seed5/DONE.json
done,confirm_K4_i000657,Transformer,128,1,256,6,1.6268148720264437,16,14,201224,cpu,1.6476504057645798,1.6167188808321953,1.6249266788363457,1.671790398657322,project://predictor_specific_difficulty_v1/runs/confirm_K4_i000657/transformer/d128/n256/seed1/DONE.json
done,confirm_K4_i000657,Transformer,128,2,256,25,1.6351319998502731,16,33,201224,cpu,1.6170085966587069,1.6147357746958733,1.644366443157196,1.7118129506707191,project://predictor_specific_difficulty_v1/runs/confirm_K4_i000657/transformer/d128/n256/seed2/DONE.json
done,confirm_K4_i000657,Transformer,128,3,256,8,1.6424816884100435,16,16,201224,cpu,1.639418713748455,1.6322605162858963,1.6858172565698624,1.629842795431614,project://predictor_specific_difficulty_v1/runs/confirm_K4_i000657/transformer/d128/n256/seed3/DONE.json
done,confirm_K4_i000657,Transformer,128,4,256,25,1.6173395328223703,16,33,201224,cpu,1.6450926959514618,1.598498210310936,1.6499571204185486,1.6945899203419683,project://predictor_specific_difficulty_v1/runs/confirm_K4_i000657/transformer/d128/n256/seed4/DONE.json
done,confirm_K4_i000657,Transformer,128,5,256,25,1.6591886840760708,16,33,201224,cpu,1.6301386430859566,1.6647636145353315,1.5921007841825483,1.6150529757142067,project://predictor_specific_difficulty_v1/runs/confirm_K4_i000657/transformer/d128/n256/seed5/DONE.json
done,confirm_K4_i000183,GRU,8,1,256,48,1.7498796731233597,16,48,576,cpu,1.7944245636463163,1.7683426812291143,1.7245472893118858,1.737028807401657,project://predictor_specific_difficulty_v1/runs/confirm_K4_i000183/gru/d8/n256/seed1/DONE.json
done,confirm_K4_i000183,GRU,8,2,256,48,1.739083208143711,16,48,576,cpu,1.751085713505745,1.7480165585875511,1.777157939970493,1.7990223988890648,project://predictor_specific_difficulty_v1/runs/confirm_K4_i000183/gru/d8/n256/seed2/DONE.json
done,confirm_K4_i000183,GRU,8,3,256,46,1.7211451195180416,16,48,576,cpu,1.7413110733032229,1.7635281011462212,1.7115609645843506,1.763897441327572,project://predictor_specific_difficulty_v1/runs/confirm_K4_i000183/gru/d8/n256/seed3/DONE.json
done,confirm_K4_i000183,GRU,8,4,256,47,1.7537140175700188,16,48,576,cpu,1.8135753870010376,1.7450730502605438,1.7829328328371048,1.717494256794453,project://predictor_specific_difficulty_v1/runs/confirm_K4_i000183/gru/d8/n256/seed4/DONE.json
done,confirm_K4_i000183,GRU,8,5,256,46,1.7818869277834892,16,48,576,cpu,1.7642813250422478,1.7164388000965118,1.736721657216549,1.80538447201252,project://predictor_specific_difficulty_v1/runs/confirm_K4_i000183/gru/d8/n256/seed5/DONE.json
done,confirm_K4_i000183,GRU,32,1,256,44,1.722430732101202,16,48,6888,cpu,1.759818196296692,1.738750383257866,1.684634491801262,1.759320467710495,project://predictor_specific_difficulty_v1/runs/confirm_K4_i000183/gru/d32/n256/seed1/DONE.json
done,confirm_K4_i000183,GRU,32,2,256,23,1.7713933251798153,16,31,6888,cpu,1.758411526679993,1.760980412364006,1.69417767226696,1.7486742287874222,project://predictor_specific_difficulty_v1/runs/confirm_K4_i000183/gru/d32/n256/seed2/DONE.json
done,confirm_K4_i000183,GRU,32,3,256,28,1.722070436924696,16,36,6888,cpu,1.7536474838852882,1.726852864027023,1.7313022017478945,1.712249606847763,project://predictor_specific_difficulty_v1/runs/confirm_K4_i000183/gru/d32/n256/seed3/DONE.json
done,confirm_K4_i000183,GRU,32,4,256,34,1.7298483811318874,16,42,6888,cpu,1.794124856591225,1.7385749965906143,1.7745295837521553,1.741825319826603,project://predictor_specific_difficulty_v1/runs/confirm_K4_i000183/gru/d32/n256/seed4/DONE.json
done,confirm_K4_i000183,GRU,32,5,256,27,1.75660265609622,16,35,6888,cpu,1.777714304625988,1.8154886662960048,1.748289816081524,1.7790444865822792,project://predictor_specific_difficulty_v1/runs/confirm_K4_i000183/gru/d32/n256/seed5/DONE.json
done,confirm_K4_i000183,GRU,128,1,256,8,1.7193562537431717,16,16,101256,cpu,1.816298931837082,1.7714969366788864,1.8335816860198972,1.7795251607894895,project://predictor_specific_difficulty_v1/runs/confirm_K4_i000183/gru/d128/n256/seed1/DONE.json
done,confirm_K4_i000183,GRU,128,2,256,11,1.8134225010871887,16,19,101256,cpu,1.8004248440265656,1.7686287090182304,1.7899096235632896,1.7598848268389702,project://predictor_specific_difficulty_v1/runs/confirm_K4_i000183/gru/d128/n256/seed2/DONE.json
done,confirm_K4_i000183,GRU,128,3,256,20,1.7240197882056236,16,28,101256,cpu,1.7198720425367355,1.7597351148724556,1.749784417450428,1.774569608271122,project://predictor_specific_difficulty_v1/runs/confirm_K4_i000183/gru/d128/n256/seed3/DONE.json
done,confirm_K4_i000183,GRU,128,4,256,12,1.8085855916142464,16,20,101256,cpu,1.7701337188482285,1.785787396132946,1.737712264060974,1.7980740144848824,project://predictor_specific_difficulty_v1/runs/confirm_K4_i000183/gru/d128/n256/seed4/DONE.json
done,confirm_K4_i000183,GRU,128,5,256,17,1.719793640077114,16,25,101256,cpu,1.763464018702507,1.7314342558383942,1.7366846352815628,1.7177066132426262,project://predictor_specific_difficulty_v1/runs/confirm_K4_i000183/gru/d128/n256/seed5/DONE.json
done,confirm_K4_i000183,Transformer,8,1,256,46,1.7399412281811235,16,48,1064,cpu,1.7543731480836868,1.7230804339051249,1.7710689082741735,1.738818258047104,project://predictor_specific_difficulty_v1/runs/confirm_K4_i000183/transformer/d8/n256/seed1/DONE.json
done,confirm_K4_i000183,Transformer,8,2,256,46,1.7405582889914513,16,48,1064,cpu,1.774434171617031,1.734841451048851,1.8150005787611008,1.8159970566630363,project://predictor_specific_difficulty_v1/runs/confirm_K4_i000183/transformer/d8/n256/seed2/DONE.json
done,confirm_K4_i000183,Transformer,8,3,256,47,1.7621443271636963,16,48,1064,cpu,1.7743386626243591,1.765568524599075,1.804904080927372,1.759449489414692,project://predictor_specific_difficulty_v1/runs/confirm_K4_i000183/transformer/d8/n256/seed3/DONE.json
done,confirm_K4_i000183,Transformer,8,4,256,48,1.7502853982150557,16,48,1064,cpu,1.8035412430763245,1.7299572378396988,1.7287833467125893,1.7139007225632668,project://predictor_specific_difficulty_v1/runs/confirm_K4_i000183/transformer/d8/n256/seed4/DONE.json
done,confirm_K4_i000183,Transformer,8,5,256,47,1.7409346252679825,16,48,1064,cpu,1.7240353301167488,1.7282387390732763,1.7449139803647995,1.7629334032535553,project://predictor_specific_difficulty_v1/runs/confirm_K4_i000183/transformer/d8/n256/seed5/DONE.json
done,confirm_K4_i000183,Transformer,32,1,256,36,1.730762630701065,16,44,13448,cpu,1.7054753005504608,1.7487418949604034,1.7420950084924698,1.7341078966856005,project://predictor_specific_difficulty_v1/runs/confirm_K4_i000183/transformer/d32/n256/seed1/DONE.json
done,confirm_K4_i000183,Transformer,32,2,256,24,1.732156429439783,16,32,13448,cpu,1.7800868451595306,1.7031553834676745,1.7524553313851357,1.739298239350319,project://predictor_specific_difficulty_v1/runs/confirm_K4_i000183/transformer/d32/n256/seed2/DONE.json
done,confirm_K4_i000183,Transformer,32,3,256,23,1.7208490297198296,16,31,13448,cpu,1.6950218752026558,1.7345778569579124,1.7228149846196177,1.7681415900588036,project://predictor_specific_difficulty_v1/runs/confirm_K4_i000183/transformer/d32/n256/seed3/DONE.json
done,confirm_K4_i000183,Transformer,32,4,256,9,1.7459548525512218,16,17,13448,cpu,1.7577310800552368,1.7361272796988487,1.7755982801318169,1.7550578638911247,project://predictor_specific_difficulty_v1/runs/confirm_K4_i000183/transformer/d32/n256/seed4/DONE.json
done,confirm_K4_i000183,Transformer,32,5,256,9,1.7378945350646973,16,17,13448,cpu,1.7834367081522942,1.735811062157154,1.8130606561899183,1.7606952711939812,project://predictor_specific_difficulty_v1/runs/confirm_K4_i000183/transformer/d32/n256/seed5/DONE.json
done,confirm_K4_i000183,Transformer,128,1,256,15,1.7281756773591042,16,23,201224,cpu,1.755792886018753,1.80957493185997,1.8239250257611277,1.823951944708824,project://predictor_specific_difficulty_v1/runs/confirm_K4_i000183/transformer/d128/n256/seed1/DONE.json
done,confirm_K4_i000183,Transformer,128,2,256,4,1.7982957884669304,16,12,201224,cpu,1.7553230822086334,1.7325599864125252,1.7607356309890747,1.754416361451149,project://predictor_specific_difficulty_v1/runs/confirm_K4_i000183/transformer/d128/n256/seed2/DONE.json
done,confirm_K4_i000183,Transformer,128,3,256,11,1.7686717435717585,16,19,201224,cpu,1.8099739402532575,1.8343690186738968,1.7799918055534365,1.731467887759209,project://predictor_specific_difficulty_v1/runs/confirm_K4_i000183/transformer/d128/n256/seed3/DONE.json
done,confirm_K4_i000183,Transformer,128,4,256,9,1.7431835867464542,16,17,201224,cpu,1.7191056907176971,1.7480352371931076,1.724283367395401,1.7270952314138412,project://predictor_specific_difficulty_v1/runs/confirm_K4_i000183/transformer/d128/n256/seed4/DONE.json
done,confirm_K4_i000183,Transformer,128,5,256,10,1.7204363830387592,16,18,201224,cpu,1.7187835723161695,1.7811154201626778,1.7227545380592346,1.706597663462162,project://predictor_specific_difficulty_v1/runs/confirm_K4_i000183/transformer/d128/n256/seed5/DONE.json
done,confirm_K4_i000930,GRU,8,1,256,47,1.7529469579458237,16,48,576,cpu,1.7868211045861244,1.7528074458241465,1.7539819702506063,1.7767474725842476,project://predictor_specific_difficulty_v1/runs/confirm_K4_i000930/gru/d8/n256/seed1/DONE.json
done,confirm_K4_i000930,GRU,8,2,256,48,1.7998148947954178,16,48,576,cpu,1.7900138795375824,1.7906925976276398,1.7881250828504562,1.7478215396404266,project://predictor_specific_difficulty_v1/runs/confirm_K4_i000930/gru/d8/n256/seed2/DONE.json
done,confirm_K4_i000930,GRU,8,3,256,48,1.7620791643857956,16,48,576,cpu,1.7718238085508349,1.7586366906762123,1.7866736724972725,1.7490817233920095,project://predictor_specific_difficulty_v1/runs/confirm_K4_i000930/gru/d8/n256/seed3/DONE.json
done,confirm_K4_i000930,GRU,8,4,256,48,1.7587271481752396,16,48,576,cpu,1.7611101120710373,1.764979675412178,1.7437449768185616,1.7555604577064514,project://predictor_specific_difficulty_v1/runs/confirm_K4_i000930/gru/d8/n256/seed4/DONE.json
done,confirm_K4_i000930,GRU,8,5,256,48,1.7719482369720936,16,48,576,cpu,1.7895797491073608,1.7395885065197945,1.7687119990587234,1.7719038054347038,project://predictor_specific_difficulty_v1/runs/confirm_K4_i000930/gru/d8/n256/seed5/DONE.json
done,confirm_K4_i000930,GRU,32,1,256,46,1.746994525194168,16,48,6888,cpu,1.763001769781113,1.7350293472409248,1.7345126271247864,1.716579183936119,project://predictor_specific_difficulty_v1/runs/confirm_K4_i000930/gru/d32/n256/seed1/DONE.json
done,confirm_K4_i000930,GRU,32,2,256,30,1.7364777587354183,16,38,6888,cpu,1.7461863458156586,1.7751730009913445,1.7407728359103205,1.7592435404658318,project://predictor_specific_difficulty_v1/runs/confirm_K4_i000930/gru/d32/n256/seed2/DONE.json
done,confirm_K4_i000930,GRU,32,3,256,47,1.7573225684463978,16,48,6888,cpu,1.758508823812008,1.686211183667183,1.7224252820014954,1.764953188598156,project://predictor_specific_difficulty_v1/runs/confirm_K4_i000930/gru/d32/n256/seed3/DONE.json
done,confirm_K4_i000930,GRU,32,4,256,41,1.76787269115448,16,48,6888,cpu,1.7846824079751968,1.7553263679146769,1.733076028525829,1.7406345456838608,project://predictor_specific_difficulty_v1/runs/confirm_K4_i000930/gru/d32/n256/seed4/DONE.json
done,confirm_K4_i000930,GRU,32,5,256,36,1.7673586905002594,16,44,6888,cpu,1.7280504405498505,1.7333754003047943,1.7313318774104118,1.7451381608843803,project://predictor_specific_difficulty_v1/runs/confirm_K4_i000930/gru/d32/n256/seed5/DONE.json
done,confirm_K4_i000930,GRU,128,1,256,25,1.730183396488428,16,33,101256,cpu,1.7693007290363312,1.740557126700878,1.714259572327137,1.7606662064790726,project://predictor_specific_difficulty_v1/runs/confirm_K4_i000930/gru/d128/n256/seed1/DONE.json
done,confirm_K4_i000930,GRU,128,2,256,16,1.7663607746362686,16,24,101256,cpu,1.7595866844058037,1.797444827854633,1.7436272203922272,1.7990112826228142,project://predictor_specific_difficulty_v1/runs/confirm_K4_i000930/gru/d128/n256/seed2/DONE.json
done,confirm_K4_i000930,GRU,128,3,256,21,1.7352232411503792,16,29,101256,cpu,1.7964372336864471,1.7749785482883451,1.75864028185606,1.73788470774889,project://predictor_specific_difficulty_v1/runs/confirm_K4_i000930/gru/d128/n256/seed3/DONE.json
done,confirm_K4_i000930,GRU,128,4,256,41,1.7452227845788002,16,48,101256,cpu,1.778955452144146,1.7244741171598434,1.7437604144215584,1.7821471765637398,project://predictor_specific_difficulty_v1/runs/confirm_K4_i000930/gru/d128/n256/seed4/DONE.json
done,confirm_K4_i000930,GRU,128,5,256,11,1.7848787643015385,16,19,101256,cpu,1.8033543527126312,1.75246349722147,1.801148533821106,1.7647816464304924,project://predictor_specific_difficulty_v1/runs/confirm_K4_i000930/gru/d128/n256/seed5/DONE.json
done,confirm_K4_i000930,Transformer,8,1,256,48,1.766305573284626,16,48,1064,cpu,1.7495805248618126,1.7514129504561424,1.771410956978798,1.7686016038060188,project://predictor_specific_difficulty_v1/runs/confirm_K4_i000930/transformer/d8/n256/seed1/DONE.json
done,confirm_K4_i000930,Transformer,8,2,256,48,1.755967140197754,16,48,1064,cpu,1.7311243489384651,1.780656360089779,1.7520366683602333,1.7533903047442436,project://predictor_specific_difficulty_v1/runs/confirm_K4_i000930/transformer/d8/n256/seed2/DONE.json
done,confirm_K4_i000930,Transformer,8,3,256,48,1.7643950581550598,16,48,1064,cpu,1.7534474581480026,1.7539469599723816,1.7724603414535522,1.779407136142254,project://predictor_specific_difficulty_v1/runs/confirm_K4_i000930/transformer/d8/n256/seed3/DONE.json
done,confirm_K4_i000930,Transformer,8,4,256,31,1.793731428682804,16,39,1064,cpu,1.805499069392681,1.7453028708696363,1.762124814093113,1.7960938587784767,project://predictor_specific_difficulty_v1/runs/confirm_K4_i000930/transformer/d8/n256/seed4/DONE.json
done,confirm_K4_i000930,Transformer,8,5,256,48,1.7601665630936625,16,48,1064,cpu,1.7667953968048096,1.785072274506092,1.7455267161130903,1.7271879762411118,project://predictor_specific_difficulty_v1/runs/confirm_K4_i000930/transformer/d8/n256/seed5/DONE.json
done,confirm_K4_i000930,Transformer,32,1,256,44,1.7358807399868963,16,48,13448,cpu,1.7696370333433151,1.7341757342219353,1.7420396581292152,1.7350227385759354,project://predictor_specific_difficulty_v1/runs/confirm_K4_i000930/transformer/d32/n256/seed1/DONE.json
done,confirm_K4_i000930,Transformer,32,2,256,25,1.7795485369861126,16,33,13448,cpu,1.7609731927514076,1.7195791900157928,1.776371233165264,1.7702286839485168,project://predictor_specific_difficulty_v1/runs/confirm_K4_i000930/transformer/d32/n256/seed2/DONE.json
done,confirm_K4_i000930,Transformer,32,3,256,28,1.760794684290886,16,36,13448,cpu,1.7545986026525495,1.7793016508221626,1.760039284825325,1.7496691197156906,project://predictor_specific_difficulty_v1/runs/confirm_K4_i000930/transformer/d32/n256/seed3/DONE.json
done,confirm_K4_i000930,Transformer,32,4,256,8,1.7467910535633564,16,16,13448,cpu,1.74991063028574,1.8231996148824687,1.763559028506279,1.7818155586719513,project://predictor_specific_difficulty_v1/runs/confirm_K4_i000930/transformer/d32/n256/seed4/DONE.json
done,confirm_K4_i000930,Transformer,32,5,256,29,1.756843850016594,16,37,13448,cpu,1.7616573423147202,1.7500534802675247,1.7373934537172318,1.7541143968701365,project://predictor_specific_difficulty_v1/runs/confirm_K4_i000930/transformer/d32/n256/seed5/DONE.json
done,confirm_K4_i000930,Transformer,128,1,256,20,1.7468379512429235,16,28,201224,cpu,1.7785396799445152,1.8139073178172112,1.7637282982468605,1.78528942912817,project://predictor_specific_difficulty_v1/runs/confirm_K4_i000930/transformer/d128/n256/seed1/DONE.json
done,confirm_K4_i000930,Transformer,128,2,256,8,1.82371348887682,16,16,201224,cpu,1.7878523916006088,1.75253314524889,1.7856429517269137,1.791470281779766,project://predictor_specific_difficulty_v1/runs/confirm_K4_i000930/transformer/d128/n256/seed2/DONE.json
done,confirm_K4_i000930,Transformer,128,3,256,12,1.7732641212642193,16,20,201224,cpu,1.808963522315025,1.78554780036211,1.715931348502636,1.7727357298135755,project://predictor_specific_difficulty_v1/runs/confirm_K4_i000930/transformer/d128/n256/seed3/DONE.json
done,confirm_K4_i000930,Transformer,128,4,256,15,1.8067316077649596,16,23,201224,cpu,1.809080846607685,1.7464344203472135,1.7595826759934423,1.814887747168541,project://predictor_specific_difficulty_v1/runs/confirm_K4_i000930/transformer/d128/n256/seed4/DONE.json
done,confirm_K4_i000930,Transformer,128,5,256,26,1.7506500594317913,16,34,201224,cpu,1.7711437568068504,1.718060128390789,1.760988786816597,1.8044358640909195,project://predictor_specific_difficulty_v1/runs/confirm_K4_i000930/transformer/d128/n256/seed5/DONE.json
done,confirm_K4_i000480,GRU,8,1,256,48,1.8250047005712984,16,48,576,cpu,1.836077518761158,1.8843767195940015,1.8589890077710152,1.818952538073063,project://predictor_specific_difficulty_v1/runs/confirm_K4_i000480/gru/d8/n256/seed1/DONE.json
done,confirm_K4_i000480,GRU,8,2,256,48,1.8510969653725624,16,48,576,cpu,1.834433101117611,1.7722586244344711,1.8077294901013372,1.806324884295464,project://predictor_specific_difficulty_v1/runs/confirm_K4_i000480/gru/d8/n256/seed2/DONE.json
done,confirm_K4_i000480,GRU,8,3,256,48,1.8151866309344769,16,48,576,cpu,1.8064292669296265,1.8132153153419492,1.834218233823776,1.8091896623373032,project://predictor_specific_difficulty_v1/runs/confirm_K4_i000480/gru/d8/n256/seed3/DONE.json
done,confirm_K4_i000480,GRU,8,4,256,48,1.819059431552887,16,48,576,cpu,1.837226249277592,1.7951448261737823,1.8365965336561203,1.7498779594898224,project://predictor_specific_difficulty_v1/runs/confirm_K4_i000480/gru/d8/n256/seed4/DONE.json
done,confirm_K4_i000480,GRU,8,5,256,48,1.8278691954910755,16,48,576,cpu,1.8082092329859731,1.843022421002388,1.814094327390194,1.8764677122235296,project://predictor_specific_difficulty_v1/runs/confirm_K4_i000480/gru/d8/n256/seed5/DONE.json
done,confirm_K4_i000480,GRU,32,1,256,37,1.829523839056492,16,45,6888,cpu,1.8011867925524712,1.7863018438220024,1.783051736652851,1.7943494990468023,project://predictor_specific_difficulty_v1/runs/confirm_K4_i000480/gru/d32/n256/seed1/DONE.json
done,confirm_K4_i000480,GRU,32,2,256,18,1.8218140229582789,16,26,6888,cpu,1.861318737268448,1.7798742428421974,1.8013033121824265,1.808178514242172,project://predictor_specific_difficulty_v1/runs/confirm_K4_i000480/gru/d32/n256/seed2/DONE.json
done,confirm_K4_i000480,GRU,32,3,256,23,1.818346969783306,16,31,6888,cpu,1.7768972888588903,1.825837068259716,1.8104756996035576,1.799304082989693,project://predictor_specific_difficulty_v1/runs/confirm_K4_i000480/gru/d32/n256/seed3/DONE.json
done,confirm_K4_i000480,GRU,32,4,256,25,1.8301527239382267,16,33,6888,cpu,1.8052896782755847,1.7765350863337517,1.8129329979419708,1.8150230273604395,project://predictor_specific_difficulty_v1/runs/confirm_K4_i000480/gru/d32/n256/seed4/DONE.json
done,confirm_K4_i000480,GRU,32,5,256,35,1.817038428038359,16,43,6888,cpu,1.832222305238247,1.8028822466731071,1.856249801814556,1.8386154621839523,project://predictor_specific_difficulty_v1/runs/confirm_K4_i000480/gru/d32/n256/seed5/DONE.json
done,confirm_K4_i000480,GRU,128,1,256,16,1.8169109895825384,16,24,101256,cpu,1.8148977607488632,1.7828363254666328,1.7974756509065628,1.8026661798357964,project://predictor_specific_difficulty_v1/runs/confirm_K4_i000480/gru/d128/n256/seed1/DONE.json
done,confirm_K4_i000480,GRU,128,2,256,11,1.786344427615404,16,19,101256,cpu,1.8059115633368488,1.8114098608493805,1.8974993899464607,1.8509507402777672,project://predictor_specific_difficulty_v1/runs/confirm_K4_i000480/gru/d128/n256/seed2/DONE.json
done,confirm_K4_i000480,GRU,128,3,256,12,1.7884869165718555,16,20,101256,cpu,1.8364226669073105,1.8573450222611427,1.8452842012047768,1.873763456940651,project://predictor_specific_difficulty_v1/runs/confirm_K4_i000480/gru/d128/n256/seed3/DONE.json
done,confirm_K4_i000480,GRU,128,4,256,26,1.8192999958992004,16,34,101256,cpu,1.8079800456762316,1.8021777346730232,1.896364502608776,1.791563056409359,project://predictor_specific_difficulty_v1/runs/confirm_K4_i000480/gru/d128/n256/seed4/DONE.json
done,confirm_K4_i000480,GRU,128,5,256,13,1.825057931244373,16,21,101256,cpu,1.839438572525978,1.825854308903217,1.809541538357735,1.8249666392803192,project://predictor_specific_difficulty_v1/runs/confirm_K4_i000480/gru/d128/n256/seed5/DONE.json
done,confirm_K4_i000480,Transformer,8,1,256,48,1.798256229609251,16,48,1064,cpu,1.811678797006607,1.8028770834207533,1.776182271540165,1.8124475628137589,project://predictor_specific_difficulty_v1/runs/confirm_K4_i000480/transformer/d8/n256/seed1/DONE.json
done,confirm_K4_i000480,Transformer,8,2,256,47,1.8549910932779312,16,48,1064,cpu,1.802495501935482,1.8673096522688863,1.875873811542988,1.8501078635454176,project://predictor_specific_difficulty_v1/runs/confirm_K4_i000480/transformer/d8/n256/seed2/DONE.json
done,confirm_K4_i000480,Transformer,8,3,256,42,1.8104187585413456,16,48,1064,cpu,1.871675468981266,1.8379997313022611,1.8242203891277315,1.822398267686367,project://predictor_specific_difficulty_v1/runs/confirm_K4_i000480/transformer/d8/n256/seed3/DONE.json
done,confirm_K4_i000480,Transformer,8,4,256,38,1.80100005120039,16,46,1064,cpu,1.8444796651601791,1.8182619288563728,1.8429139778018,1.7984514385461807,project://predictor_specific_difficulty_v1/runs/confirm_K4_i000480/transformer/d8/n256/seed4/DONE.json
done,confirm_K4_i000480,Transformer,8,5,256,45,1.801616933196783,16,48,1064,cpu,1.8035193011164663,1.83590205013752,1.819082207977772,1.8194345533847809,project://predictor_specific_difficulty_v1/runs/confirm_K4_i000480/transformer/d8/n256/seed5/DONE.json
done,confirm_K4_i000480,Transformer,32,1,256,25,1.7813502848148346,16,33,13448,cpu,1.8132469579577448,1.817007727921009,1.8118133693933487,1.8336499854922292,project://predictor_specific_difficulty_v1/runs/confirm_K4_i000480/transformer/d32/n256/seed1/DONE.json
done,confirm_K4_i000480,Transformer,32,2,256,14,1.8136075027287009,16,22,13448,cpu,1.812339298427105,1.78248979896307,1.8363887444138527,1.8259065300226207,project://predictor_specific_difficulty_v1/runs/confirm_K4_i000480/transformer/d32/n256/seed2/DONE.json
done,confirm_K4_i000480,Transformer,32,3,256,18,1.82252885773778,16,26,13448,cpu,1.8136377930641172,1.7637360095977783,1.8303484320640564,1.809543028473854,project://predictor_specific_difficulty_v1/runs/confirm_K4_i000480/transformer/d32/n256/seed3/DONE.json
done,confirm_K4_i000480,Transformer,32,4,256,26,1.8250649720430372,16,34,13448,cpu,1.8254626616835596,1.8500870987772944,1.856342315673828,1.8687413558363917,project://predictor_specific_difficulty_v1/runs/confirm_K4_i000480/transformer/d32/n256/seed4/DONE.json
done,confirm_K4_i000480,Transformer,32,5,256,22,1.7980986088514328,16,30,13448,cpu,1.8027656227350235,1.8400390222668648,1.822565995156765,1.8405233398079872,project://predictor_specific_difficulty_v1/runs/confirm_K4_i000480/transformer/d32/n256/seed5/DONE.json
done,confirm_K4_i000480,Transformer,128,1,256,14,1.8344645015895369,16,22,201224,cpu,1.8681266233325005,1.831377595663071,1.811275072395801,1.8761758878827093,project://predictor_specific_difficulty_v1/runs/confirm_K4_i000480/transformer/d128/n256/seed1/DONE.json
done,confirm_K4_i000480,Transformer,128,2,256,12,1.812223054468632,16,20,201224,cpu,1.8599157109856608,1.7930831015110016,1.7980809211730957,1.8141630589962008,project://predictor_specific_difficulty_v1/runs/confirm_K4_i000480/transformer/d128/n256/seed2/DONE.json
done,confirm_K4_i000480,Transformer,128,3,256,21,1.811989575624466,16,29,201224,cpu,1.84712778031826,1.781648337841034,1.804980382323265,1.840377412736416,project://predictor_specific_difficulty_v1/runs/confirm_K4_i000480/transformer/d128/n256/seed3/DONE.json
done,confirm_K4_i000480,Transformer,128,4,256,30,1.8110570013523104,16,38,201224,cpu,1.819699876010418,1.8336566463112831,1.8517077937722208,1.8174317553639407,project://predictor_specific_difficulty_v1/runs/confirm_K4_i000480/transformer/d128/n256/seed4/DONE.json
done,confirm_K4_i000480,Transformer,128,5,256,10,1.838875498622656,16,18,201224,cpu,1.81787820905447,1.82992934435606,1.8150120824575424,1.864149384200573,project://predictor_specific_difficulty_v1/runs/confirm_K4_i000480/transformer/d128/n256/seed5/DONE.json
done,confirm_K4_i000754,GRU,8,1,256,48,1.826324053108692,16,48,576,cpu,1.854990750551224,1.8484670296311376,1.7991094440221786,1.8041661232709885,project://predictor_specific_difficulty_v1/runs/confirm_K4_i000754/gru/d8/n256/seed1/DONE.json
done,confirm_K4_i000754,GRU,8,2,256,48,1.8194833993911743,16,48,576,cpu,1.8633125126361847,1.8575858250260355,1.786463238298893,1.8978541940450668,project://predictor_specific_difficulty_v1/runs/confirm_K4_i000754/gru/d8/n256/seed2/DONE.json
done,confirm_K4_i000754,GRU,8,3,256,48,1.807941995561123,16,48,576,cpu,1.820636868476868,1.8232968226075168,1.8189373090863228,1.839299626648426,project://predictor_specific_difficulty_v1/runs/confirm_K4_i000754/gru/d8/n256/seed3/DONE.json
done,confirm_K4_i000754,GRU,8,4,256,48,1.8642936237156391,16,48,576,cpu,1.8407746851444244,1.8325465470552444,1.870959348976612,1.855361744761467,project://predictor_specific_difficulty_v1/runs/confirm_K4_i000754/gru/d8/n256/seed4/DONE.json
done,confirm_K4_i000754,GRU,8,5,256,48,1.835540343075991,16,48,576,cpu,1.803399793803692,1.90255743265152,1.8359451815485957,1.8420946523547173,project://predictor_specific_difficulty_v1/runs/confirm_K4_i000754/gru/d8/n256/seed5/DONE.json
done,confirm_K4_i000754,GRU,32,1,256,30,1.8337313570082188,16,38,6888,cpu,1.842330165207386,1.862853467464447,1.806276112794876,1.8297773003578184,project://predictor_specific_difficulty_v1/runs/confirm_K4_i000754/gru/d32/n256/seed1/DONE.json
done,confirm_K4_i000754,GRU,32,2,256,15,1.7945743948221209,16,23,6888,cpu,1.8247127085924149,1.7961511760950089,1.8597436621785164,1.809306375682354,project://predictor_specific_difficulty_v1/runs/confirm_K4_i000754/gru/d32/n256/seed2/DONE.json
done,confirm_K4_i000754,GRU,32,3,256,28,1.8168878704309464,16,36,6888,cpu,1.834139592945576,1.852519191801548,1.869881130754948,1.821519136428833,project://predictor_specific_difficulty_v1/runs/confirm_K4_i000754/gru/d32/n256/seed3/DONE.json
done,confirm_K4_i000754,GRU,32,4,256,15,1.848364021629095,16,23,6888,cpu,1.8505242690443997,1.8150143697857857,1.8494568839669228,1.8441906049847605,project://predictor_specific_difficulty_v1/runs/confirm_K4_i000754/gru/d32/n256/seed4/DONE.json
done,confirm_K4_i000754,GRU,32,5,256,20,1.8262554816901684,16,28,6888,cpu,1.871349886059761,1.843677632510662,1.828181318938732,1.8567023947834969,project://predictor_specific_difficulty_v1/runs/confirm_K4_i000754/gru/d32/n256/seed5/DONE.json
done,confirm_K4_i000754,GRU,128,1,256,17,1.8358847014606,16,25,101256,cpu,1.86075945943594,1.8778087496757507,1.8600322604179385,1.8241104409098623,project://predictor_specific_difficulty_v1/runs/confirm_K4_i000754/gru/d128/n256/seed1/DONE.json
done,confirm_K4_i000754,GRU,128,2,256,23,1.8079899065196516,16,31,101256,cpu,1.888817019760609,1.8502086624503136,1.8133553341031077,1.7690504640340805,project://predictor_specific_difficulty_v1/runs/confirm_K4_i000754/gru/d128/n256/seed2/DONE.json
done,confirm_K4_i000754,GRU,128,3,256,7,1.803607486188412,16,15,101256,cpu,1.8352927565574648,1.8978471755981443,1.8347935527563093,1.938719630241394,project://predictor_specific_difficulty_v1/runs/confirm_K4_i000754/gru/d128/n256/seed3/DONE.json
done,confirm_K4_i000754,GRU,128,4,256,3,1.8437802456319328,16,12,101256,cpu,1.8502394706010816,1.7914311960339546,1.8578071147203443,1.9058162793517115,project://predictor_specific_difficulty_v1/runs/confirm_K4_i000754/gru/d128/n256/seed4/DONE.json
done,confirm_K4_i000754,GRU,128,5,256,13,1.8304055221378803,16,21,101256,cpu,1.8898674845695496,1.8207973763346672,1.8303366377949717,1.8288327679038048,project://predictor_specific_difficulty_v1/runs/confirm_K4_i000754/gru/d128/n256/seed5/DONE.json
done,confirm_K4_i000754,Transformer,8,1,256,44,1.8130409009754656,16,48,1064,cpu,1.8005031049251556,1.8208611011505127,1.8780470192432404,1.8349737897515297,project://predictor_specific_difficulty_v1/runs/confirm_K4_i000754/transformer/d8/n256/seed1/DONE.json
done,confirm_K4_i000754,Transformer,8,2,256,47,1.833389949053526,16,48,1064,cpu,1.8246706947684288,1.843396417796612,1.8499745950102808,1.811247140169144,project://predictor_specific_difficulty_v1/runs/confirm_K4_i000754/transformer/d8/n256/seed2/DONE.json
done,confirm_K4_i000754,Transformer,8,3,256,48,1.8568804040551183,16,48,1064,cpu,1.8359341397881508,1.8987996727228165,1.8279117867350576,1.7900379002094269,project://predictor_specific_difficulty_v1/runs/confirm_K4_i000754/transformer/d8/n256/seed3/DONE.json
done,confirm_K4_i000754,Transformer,8,4,256,45,1.863152988255024,16,48,1064,cpu,1.7977535873651505,1.806158728897572,1.8359506353735924,1.8460279405117035,project://predictor_specific_difficulty_v1/runs/confirm_K4_i000754/transformer/d8/n256/seed4/DONE.json
done,confirm_K4_i000754,Transformer,8,5,256,47,1.8331514187157156,16,48,1064,cpu,1.859793484210968,1.8927586302161217,1.8624639362096784,1.8898105770349505,project://predictor_specific_difficulty_v1/runs/confirm_K4_i000754/transformer/d8/n256/seed5/DONE.json
done,confirm_K4_i000754,Transformer,32,1,256,14,1.8021358847618103,16,22,13448,cpu,1.8368504494428637,1.864560291171074,1.8428290337324145,1.8100596740841863,project://predictor_specific_difficulty_v1/runs/confirm_K4_i000754/transformer/d32/n256/seed1/DONE.json
done,confirm_K4_i000754,Transformer,32,2,256,37,1.8134431764483447,16,45,13448,cpu,1.8540904894471169,1.7859795689582825,1.826830692589283,1.822524189949036,project://predictor_specific_difficulty_v1/runs/confirm_K4_i000754/transformer/d32/n256/seed2/DONE.json
done,confirm_K4_i000754,Transformer,32,3,256,23,1.8154592290520668,16,31,13448,cpu,1.8647342547774317,1.852642305195332,1.838408887386322,1.781418852508068,project://predictor_specific_difficulty_v1/runs/confirm_K4_i000754/transformer/d32/n256/seed3/DONE.json
done,confirm_K4_i000754,Transformer,32,4,256,16,1.8078194335103035,16,24,13448,cpu,1.8275877982378008,1.7759309113025663,1.8311583697795868,1.8228738233447075,project://predictor_specific_difficulty_v1/runs/confirm_K4_i000754/transformer/d32/n256/seed4/DONE.json
done,confirm_K4_i000754,Transformer,32,5,256,18,1.8457905016839504,16,26,13448,cpu,1.875285416841507,1.804347284138203,1.8175332769751549,1.8360222056508064,project://predictor_specific_difficulty_v1/runs/confirm_K4_i000754/transformer/d32/n256/seed5/DONE.json
done,confirm_K4_i000754,Transformer,128,1,256,9,1.874656055122614,16,17,201224,cpu,1.881444551050663,1.8852783516049385,1.859232105314732,1.897783488035202,project://predictor_specific_difficulty_v1/runs/confirm_K4_i000754/transformer/d128/n256/seed1/DONE.json
done,confirm_K4_i000754,Transformer,128,2,256,17,1.8334227688610556,16,25,201224,cpu,1.864959441125393,1.7797657176852226,1.8749019727110865,1.7978765666484833,project://predictor_specific_difficulty_v1/runs/confirm_K4_i000754/transformer/d128/n256/seed2/DONE.json
done,confirm_K4_i000754,Transformer,128,3,256,27,1.804186660796404,16,35,201224,cpu,1.8319794908165927,1.869144216179848,1.834503673017025,1.8896674513816836,project://predictor_specific_difficulty_v1/runs/confirm_K4_i000754/transformer/d128/n256/seed3/DONE.json
done,confirm_K4_i000754,Transformer,128,4,256,34,1.834450386464596,16,42,201224,cpu,1.828243024647236,1.8497726246714592,1.827459305524826,1.893225573003292,project://predictor_specific_difficulty_v1/runs/confirm_K4_i000754/transformer/d128/n256/seed4/DONE.json
done,confirm_K4_i000754,Transformer,128,5,256,11,1.816300828009844,16,19,201224,cpu,1.783584162592888,1.8393573984503744,1.9134234115481377,1.8244873136281967,project://predictor_specific_difficulty_v1/runs/confirm_K4_i000754/transformer/d128/n256/seed5/DONE.json
done,confirm_K5_i000132,GRU,8,1,256,48,1.6476080156862736,16,48,576,cpu,1.68533393740654,1.6725651025772097,1.636343814432621,1.6568717062473295,project://predictor_specific_difficulty_v1/runs/confirm_K5_i000132/gru/d8/n256/seed1/DONE.json
done,confirm_K5_i000132,GRU,8,2,256,48,1.6052028760313988,16,48,576,cpu,1.6113282293081284,1.6165373995900154,1.6296441778540611,1.6661898642778397,project://predictor_specific_difficulty_v1/runs/confirm_K5_i000132/gru/d8/n256/seed2/DONE.json
done,confirm_K5_i000132,GRU,8,3,256,48,1.6631006710231304,16,48,576,cpu,1.6065216362476349,1.6682129800319672,1.6182828173041344,1.6662589609622955,project://predictor_specific_difficulty_v1/runs/confirm_K5_i000132/gru/d8/n256/seed3/DONE.json
done,confirm_K5_i000132,GRU,8,4,256,48,1.6297231018543243,16,48,576,cpu,1.6765270084142685,1.7120497524738312,1.5866083577275276,1.6551612243056295,project://predictor_specific_difficulty_v1/runs/confirm_K5_i000132/gru/d8/n256/seed4/DONE.json
done,confirm_K5_i000132,GRU,8,5,256,48,1.6754241473972795,16,48,576,cpu,1.6888581737875938,1.619750864803791,1.6544885635375977,1.6489757224917412,project://predictor_specific_difficulty_v1/runs/confirm_K5_i000132/gru/d8/n256/seed5/DONE.json
done,confirm_K5_i000132,GRU,32,1,256,39,1.5615569725632668,16,47,6888,cpu,1.5874191522598269,1.5696413293480873,1.6136738806962967,1.5745351240038872,project://predictor_specific_difficulty_v1/runs/confirm_K5_i000132/gru/d32/n256/seed1/DONE.json
done,confirm_K5_i000132,GRU,32,2,256,45,1.6141117326915264,16,48,6888,cpu,1.6280199512839315,1.5780515149235723,1.669851876795292,1.6401681825518608,project://predictor_specific_difficulty_v1/runs/confirm_K5_i000132/gru/d32/n256/seed2/DONE.json
done,confirm_K5_i000132,GRU,32,3,256,22,1.5903168581426144,16,30,6888,cpu,1.660708613693714,1.6295009404420853,1.6598078981041908,1.614885896444321,project://predictor_specific_difficulty_v1/runs/confirm_K5_i000132/gru/d32/n256/seed3/DONE.json
done,confirm_K5_i000132,GRU,32,4,256,48,1.5758686065673828,16,48,6888,cpu,1.6256079599261284,1.567480951547623,1.61941160261631,1.5897856652736664,project://predictor_specific_difficulty_v1/runs/confirm_K5_i000132/gru/d32/n256/seed4/DONE.json
done,confirm_K5_i000132,GRU,32,5,256,24,1.639843761920929,16,32,6888,cpu,1.6346616819500923,1.6048425436019895,1.5910222232341766,1.6440428793430328,project://predictor_specific_difficulty_v1/runs/confirm_K5_i000132/gru/d32/n256/seed5/DONE.json
done,confirm_K5_i000132,GRU,128,1,256,20,1.6322717033326626,16,28,101256,cpu,1.6084345430135727,1.636650025844574,1.627289965748787,1.596082627773285,project://predictor_specific_difficulty_v1/runs/confirm_K5_i000132/gru/d128/n256/seed1/DONE.json
done,confirm_K5_i000132,GRU,128,2,256,20,1.603235598653555,16,28,101256,cpu,1.6318551450967789,1.6347872242331505,1.6446939334273338,1.641214869916439,project://predictor_specific_difficulty_v1/runs/confirm_K5_i000132/gru/d128/n256/seed2/DONE.json
done,confirm_K5_i000132,GRU,128,3,256,13,1.645623866468668,16,21,101256,cpu,1.594719097018242,1.6673095598816872,1.6052496805787086,1.5952316597104073,project://predictor_specific_difficulty_v1/runs/confirm_K5_i000132/gru/d128/n256/seed3/DONE.json
done,confirm_K5_i000132,GRU,128,4,256,16,1.627132087945938,16,24,101256,cpu,1.634898342192173,1.629166558384895,1.602029673755169,1.647161416709423,project://predictor_specific_difficulty_v1/runs/confirm_K5_i000132/gru/d128/n256/seed4/DONE.json
done,confirm_K5_i000132,GRU,128,5,256,15,1.60600121691823,16,23,101256,cpu,1.6034936681389809,1.6374098286032677,1.6672598719596865,1.6430888548493383,project://predictor_specific_difficulty_v1/runs/confirm_K5_i000132/gru/d128/n256/seed5/DONE.json
done,confirm_K5_i000132,Transformer,8,1,256,37,1.644478116184473,16,45,1064,cpu,1.6378196403384209,1.6476663425564766,1.6843752786517143,1.6344926357269287,project://predictor_specific_difficulty_v1/runs/confirm_K5_i000132/transformer/d8/n256/seed1/DONE.json
done,confirm_K5_i000132,Transformer,8,2,256,48,1.6086724922060966,16,48,1064,cpu,1.5835562199354172,1.5998910963535309,1.639138236641884,1.6441043838858604,project://predictor_specific_difficulty_v1/runs/confirm_K5_i000132/transformer/d8/n256/seed2/DONE.json
done,confirm_K5_i000132,Transformer,8,3,256,48,1.620776653289795,16,48,1064,cpu,1.639999322593212,1.6776200383901596,1.641883172094822,1.6198503226041794,project://predictor_specific_difficulty_v1/runs/confirm_K5_i000132/transformer/d8/n256/seed3/DONE.json
done,confirm_K5_i000132,Transformer,8,4,256,47,1.6590269021689892,16,48,1064,cpu,1.6509795114398005,1.6521112695336342,1.6443335488438606,1.659978948533535,project://predictor_specific_difficulty_v1/runs/confirm_K5_i000132/transformer/d8/n256/seed4/DONE.json
done,confirm_K5_i000132,Transformer,8,5,256,48,1.6573325917124748,16,48,1064,cpu,1.628657877445221,1.666372776031494,1.5584431141614914,1.6678016632795334,project://predictor_specific_difficulty_v1/runs/confirm_K5_i000132/transformer/d8/n256/seed5/DONE.json
done,confirm_K5_i000132,Transformer,32,1,256,28,1.6317301578819752,16,36,13448,cpu,1.611489713191986,1.649422109127045,1.5804382860660553,1.5811569467186928,project://predictor_specific_difficulty_v1/runs/confirm_K5_i000132/transformer/d32/n256/seed1/DONE.json
done,confirm_K5_i000132,Transformer,32,2,256,9,1.586243998259306,16,17,13448,cpu,1.5914129614830017,1.573296807706356,1.6208498552441597,1.575483299791813,project://predictor_specific_difficulty_v1/runs/confirm_K5_i000132/transformer/d32/n256/seed2/DONE.json
done,confirm_K5_i000132,Transformer,32,3,256,20,1.6270443201065063,16,28,13448,cpu,1.5981686040759089,1.6159263625741005,1.6496108025312424,1.589600257575512,project://predictor_specific_difficulty_v1/runs/confirm_K5_i000132/transformer/d32/n256/seed3/DONE.json
done,confirm_K5_i000132,Transformer,32,4,256,17,1.6085046753287315,16,25,13448,cpu,1.5748750939965248,1.6260627955198288,1.6550977304577827,1.5949587672948835,project://predictor_specific_difficulty_v1/runs/confirm_K5_i000132/transformer/d32/n256/seed4/DONE.json
done,confirm_K5_i000132,Transformer,32,5,256,19,1.5806133300065994,16,27,13448,cpu,1.593996949493885,1.6176188439130783,1.6473822966217997,1.577004872262478,project://predictor_specific_difficulty_v1/runs/confirm_K5_i000132/transformer/d32/n256/seed5/DONE.json
done,confirm_K5_i000132,Transformer,128,1,256,5,1.6280680783092976,16,13,201224,cpu,1.654829025268555,1.553410477936268,1.6645539104938507,1.6516311317682266,project://predictor_specific_difficulty_v1/runs/confirm_K5_i000132/transformer/d128/n256/seed1/DONE.json
done,confirm_K5_i000132,Transformer,128,2,256,14,1.6071540042757988,16,22,201224,cpu,1.5545387789607048,1.6384791061282158,1.6240835562348366,1.6316725611686709,project://predictor_specific_difficulty_v1/runs/confirm_K5_i000132/transformer/d128/n256/seed2/DONE.json
done,confirm_K5_i000132,Transformer,128,3,256,28,1.599826030433178,16,36,201224,cpu,1.6982990875840187,1.656019240617752,1.6267026662826538,1.6719897389411926,project://predictor_specific_difficulty_v1/runs/confirm_K5_i000132/transformer/d128/n256/seed3/DONE.json
done,confirm_K5_i000132,Transformer,128,4,256,8,1.5913285054266453,16,16,201224,cpu,1.672386847436428,1.6061207354068756,1.6471772268414495,1.6300741732120514,project://predictor_specific_difficulty_v1/runs/confirm_K5_i000132/transformer/d128/n256/seed4/DONE.json
done,confirm_K5_i000132,Transformer,128,5,256,9,1.587220422923565,16,17,201224,cpu,1.600659877061844,1.6232463270425797,1.6493633687496183,1.6143467873334885,project://predictor_specific_difficulty_v1/runs/confirm_K5_i000132/transformer/d128/n256/seed5/DONE.json
done,confirm_K5_i000954,GRU,8,1,256,48,1.7239417620003223,16,48,576,cpu,1.7256071269512177,1.7013145685195925,1.639239877462387,1.690951645374298,project://predictor_specific_difficulty_v1/runs/confirm_K5_i000954/gru/d8/n256/seed1/DONE.json
done,confirm_K5_i000954,GRU,8,2,256,48,1.715671118348837,16,48,576,cpu,1.7546922639012337,1.7508315965533257,1.6867675855755806,1.755423724651337,project://predictor_specific_difficulty_v1/runs/confirm_K5_i000954/gru/d8/n256/seed2/DONE.json
done,confirm_K5_i000954,GRU,8,3,256,48,1.7130595669150352,16,48,576,cpu,1.7172234281897545,1.6925555393099785,1.706610985100269,1.6899253278970718,project://predictor_specific_difficulty_v1/runs/confirm_K5_i000954/gru/d8/n256/seed3/DONE.json
done,confirm_K5_i000954,GRU,8,4,256,45,1.743255089968443,16,48,576,cpu,1.705875739455223,1.701255589723587,1.6893496587872503,1.7048683539032936,project://predictor_specific_difficulty_v1/runs/confirm_K5_i000954/gru/d8/n256/seed4/DONE.json
done,confirm_K5_i000954,GRU,8,5,256,48,1.7105220183730123,16,48,576,cpu,1.735147014260292,1.6846051886677742,1.6735704988241196,1.6609728336334229,project://predictor_specific_difficulty_v1/runs/confirm_K5_i000954/gru/d8/n256/seed5/DONE.json
done,confirm_K5_i000954,GRU,32,1,256,30,1.676305141299963,16,38,6888,cpu,1.647703267633915,1.6213184669613838,1.6571930348873138,1.6638319343328476,project://predictor_specific_difficulty_v1/runs/confirm_K5_i000954/gru/d32/n256/seed1/DONE.json
done,confirm_K5_i000954,GRU,32,2,256,43,1.6594805307686329,16,48,6888,cpu,1.6409540474414823,1.6762261167168615,1.617970488965511,1.6570932641625404,project://predictor_specific_difficulty_v1/runs/confirm_K5_i000954/gru/d32/n256/seed2/DONE.json
done,confirm_K5_i000954,GRU,32,3,256,30,1.6883642971515656,16,38,6888,cpu,1.6764626875519753,1.6559277325868609,1.6001089066267014,1.6852963045239449,project://predictor_specific_difficulty_v1/runs/confirm_K5_i000954/gru/d32/n256/seed3/DONE.json
done,confirm_K5_i000954,GRU,32,4,256,39,1.64129588752985,16,47,6888,cpu,1.6520084366202354,1.6586903184652328,1.6934558674693108,1.6740905940532684,project://predictor_specific_difficulty_v1/runs/confirm_K5_i000954/gru/d32/n256/seed4/DONE.json
done,confirm_K5_i000954,GRU,32,5,256,22,1.6773091107606888,16,30,6888,cpu,1.7034926638007164,1.59857165068388,1.666839778423309,1.666884571313858,project://predictor_specific_difficulty_v1/runs/confirm_K5_i000954/gru/d32/n256/seed5/DONE.json
done,confirm_K5_i000954,GRU,128,1,256,20,1.6447939164936545,16,28,101256,cpu,1.7378054335713389,1.6541450023651123,1.658414050936699,1.6354345008730888,project://predictor_specific_difficulty_v1/runs/confirm_K5_i000954/gru/d128/n256/seed1/DONE.json
done,confirm_K5_i000954,GRU,128,2,256,17,1.6751461029052734,16,25,101256,cpu,1.6611489206552503,1.6013031378388405,1.6806297078728676,1.7336597964167595,project://predictor_specific_difficulty_v1/runs/confirm_K5_i000954/gru/d128/n256/seed2/DONE.json
done,confirm_K5_i000954,GRU,128,3,256,38,1.659758299589157,16,46,101256,cpu,1.663642056286335,1.6356800869107246,1.7067108750343325,1.7068292424082756,project://predictor_specific_difficulty_v1/runs/confirm_K5_i000954/gru/d128/n256/seed3/DONE.json
done,confirm_K5_i000954,GRU,128,4,256,40,1.678036917001009,16,48,101256,cpu,1.6639833599328997,1.687655583024025,1.658700965344906,1.6872991546988487,project://predictor_specific_difficulty_v1/runs/confirm_K5_i000954/gru/d128/n256/seed4/DONE.json
done,confirm_K5_i000954,GRU,128,5,256,8,1.6586952358484268,16,16,101256,cpu,1.714792437851429,1.6742964386940002,1.7429503127932549,1.7056859135627749,project://predictor_specific_difficulty_v1/runs/confirm_K5_i000954/gru/d128/n256/seed5/DONE.json
done,confirm_K5_i000954,Transformer,8,1,256,44,1.719818938523531,16,48,1064,cpu,1.7127817943692207,1.6628963202238085,1.6898032948374748,1.732248716056347,project://predictor_specific_difficulty_v1/runs/confirm_K5_i000954/transformer/d8/n256/seed1/DONE.json
done,confirm_K5_i000954,Transformer,8,2,256,45,1.710457231849432,16,48,1064,cpu,1.6885033026337624,1.7476058900356293,1.6792387813329697,1.737239994108677,project://predictor_specific_difficulty_v1/runs/confirm_K5_i000954/transformer/d8/n256/seed2/DONE.json
done,confirm_K5_i000954,Transformer,8,3,256,47,1.7078787572681904,16,48,1064,cpu,1.740487277507782,1.715629480779171,1.721368931233883,1.7177138775587082,project://predictor_specific_difficulty_v1/runs/confirm_K5_i000954/transformer/d8/n256/seed3/DONE.json
done,confirm_K5_i000954,Transformer,8,4,256,48,1.7011209279298782,16,48,1064,cpu,1.702925682067871,1.7152207791805267,1.7144455686211586,1.7428631484508514,project://predictor_specific_difficulty_v1/runs/confirm_K5_i000954/transformer/d8/n256/seed4/DONE.json
done,confirm_K5_i000954,Transformer,8,5,256,48,1.7193759232759476,16,48,1064,cpu,1.7270606756210327,1.6941983252763748,1.743541844189167,1.7211166843771937,project://predictor_specific_difficulty_v1/runs/confirm_K5_i000954/transformer/d8/n256/seed5/DONE.json
done,confirm_K5_i000954,Transformer,32,1,256,23,1.671869482845068,16,31,13448,cpu,1.7221740633249285,1.6800061464309692,1.6856694594025612,1.6737657636404035,project://predictor_specific_difficulty_v1/runs/confirm_K5_i000954/transformer/d32/n256/seed1/DONE.json
done,confirm_K5_i000954,Transformer,32,2,256,26,1.6238685995340347,16,34,13448,cpu,1.721062459051609,1.71972094476223,1.7100201845169067,1.6945699825882912,project://predictor_specific_difficulty_v1/runs/confirm_K5_i000954/transformer/d32/n256/seed2/DONE.json
done,confirm_K5_i000954,Transformer,32,3,256,48,1.685575071722269,16,48,13448,cpu,1.6595328897237778,1.6605147123336792,1.7127502039074898,1.7155136317014694,project://predictor_specific_difficulty_v1/runs/confirm_K5_i000954/transformer/d32/n256/seed3/DONE.json
done,confirm_K5_i000954,Transformer,32,4,256,31,1.6983875632286072,16,39,13448,cpu,1.6479439735412598,1.6572504118084908,1.696186400949955,1.6398994252085686,project://predictor_specific_difficulty_v1/runs/confirm_K5_i000954/transformer/d32/n256/seed4/DONE.json
done,confirm_K5_i000954,Transformer,32,5,256,29,1.6636368818581104,16,37,13448,cpu,1.642088659107685,1.686415933072567,1.6113818883895874,1.6442929282784462,project://predictor_specific_difficulty_v1/runs/confirm_K5_i000954/transformer/d32/n256/seed5/DONE.json
done,confirm_K5_i000954,Transformer,128,1,256,5,1.7449220679700377,16,13,201224,cpu,1.7474374622106552,1.7582231387495997,1.7212814539670944,1.728613257408142,project://predictor_specific_difficulty_v1/runs/confirm_K5_i000954/transformer/d128/n256/seed1/DONE.json
done,confirm_K5_i000954,Transformer,128,2,256,21,1.6653437912464142,16,29,201224,cpu,1.6367106437683103,1.6954882219433784,1.693213939666748,1.7228630632162094,project://predictor_specific_difficulty_v1/runs/confirm_K5_i000954/transformer/d128/n256/seed2/DONE.json
done,confirm_K5_i000954,Transformer,128,3,256,19,1.6599986925721169,16,27,201224,cpu,1.6599364653229711,1.6516733020544052,1.6979102864861488,1.705286242067814,project://predictor_specific_difficulty_v1/runs/confirm_K5_i000954/transformer/d128/n256/seed3/DONE.json
done,confirm_K5_i000954,Transformer,128,4,256,5,1.6982388719916344,16,13,201224,cpu,1.6733828485012054,1.7002593576908112,1.6898198500275612,1.7121480852365494,project://predictor_specific_difficulty_v1/runs/confirm_K5_i000954/transformer/d128/n256/seed4/DONE.json
done,confirm_K5_i000954,Transformer,128,5,256,21,1.7062320336699486,16,29,201224,cpu,1.6738578975200653,1.6550985425710678,1.6535513699054718,1.6780241504311562,project://predictor_specific_difficulty_v1/runs/confirm_K5_i000954/transformer/d128/n256/seed5/DONE.json
done,confirm_K5_i000105,GRU,8,1,256,47,1.5832563899457457,16,48,576,cpu,1.582256302237511,1.5673343166708946,1.5800399705767632,1.5578323006629944,project://predictor_specific_difficulty_v1/runs/confirm_K5_i000105/gru/d8/n256/seed1/DONE.json
done,confirm_K5_i000105,GRU,8,2,256,47,1.5952168256044388,16,48,576,cpu,1.599294476211071,1.6131141632795334,1.5446725189685822,1.5809065252542496,project://predictor_specific_difficulty_v1/runs/confirm_K5_i000105/gru/d8/n256/seed2/DONE.json
done,confirm_K5_i000105,GRU,8,3,256,48,1.567439317703247,16,48,576,cpu,1.5948121696710589,1.608076125383377,1.5654282569885254,1.6062025800347328,project://predictor_specific_difficulty_v1/runs/confirm_K5_i000105/gru/d8/n256/seed3/DONE.json
done,confirm_K5_i000105,GRU,8,4,256,48,1.6005370914936066,16,48,576,cpu,1.6076461523771286,1.568447694182396,1.5461381450295448,1.5746332257986069,project://predictor_specific_difficulty_v1/runs/confirm_K5_i000105/gru/d8/n256/seed4/DONE.json
done,confirm_K5_i000105,GRU,8,5,256,48,1.5729346759617329,16,48,576,cpu,1.6115187630057335,1.5649790689349174,1.6096469089388847,1.6096295341849327,project://predictor_specific_difficulty_v1/runs/confirm_K5_i000105/gru/d8/n256/seed5/DONE.json
done,confirm_K5_i000105,GRU,32,1,256,21,1.540585808455944,16,29,6888,cpu,1.551866240799427,1.5382944643497467,1.495540238916874,1.5444324016571045,project://predictor_specific_difficulty_v1/runs/confirm_K5_i000105/gru/d32/n256/seed1/DONE.json
done,confirm_K5_i000105,GRU,32,2,256,46,1.5622503869235516,16,48,6888,cpu,1.52908843010664,1.5529237687587738,1.519285038113594,1.609480358660221,project://predictor_specific_difficulty_v1/runs/confirm_K5_i000105/gru/d32/n256/seed2/DONE.json
done,confirm_K5_i000105,GRU,32,3,256,43,1.5312501080334189,16,48,6888,cpu,1.5721659064292908,1.584182225167751,1.5388014763593674,1.513424888253212,project://predictor_specific_difficulty_v1/runs/confirm_K5_i000105/gru/d32/n256/seed3/DONE.json
done,confirm_K5_i000105,GRU,32,4,256,26,1.541638545691967,16,34,6888,cpu,1.5853877365589142,1.5336104184389114,1.5103298798203468,1.5639628544449806,project://predictor_specific_difficulty_v1/runs/confirm_K5_i000105/gru/d32/n256/seed4/DONE.json
done,confirm_K5_i000105,GRU,32,5,256,35,1.5392789952456951,16,43,6888,cpu,1.545755349099636,1.5440968871116638,1.5743891298770905,1.5363744571805,project://predictor_specific_difficulty_v1/runs/confirm_K5_i000105/gru/d32/n256/seed5/DONE.json
done,confirm_K5_i000105,GRU,128,1,256,8,1.5787523090839386,16,16,101256,cpu,1.570374459028244,1.5025216564536097,1.5454058349132538,1.5590132027864456,project://predictor_specific_difficulty_v1/runs/confirm_K5_i000105/gru/d128/n256/seed1/DONE.json
done,confirm_K5_i000105,GRU,128,2,256,19,1.5831296294927597,16,27,101256,cpu,1.532990351319313,1.5600188672542572,1.5331593602895737,1.594953492283821,project://predictor_specific_difficulty_v1/runs/confirm_K5_i000105/gru/d128/n256/seed2/DONE.json
done,confirm_K5_i000105,GRU,128,3,256,21,1.55155473574996,16,29,101256,cpu,1.5795042142271996,1.6290104910731316,1.5703492015600204,1.530623309314251,project://predictor_specific_difficulty_v1/runs/confirm_K5_i000105/gru/d128/n256/seed3/DONE.json
done,confirm_K5_i000105,GRU,128,4,256,13,1.5746103040874004,16,21,101256,cpu,1.5688280910253525,1.5470242574810982,1.5019118413329124,1.5978870913386345,project://predictor_specific_difficulty_v1/runs/confirm_K5_i000105/gru/d128/n256/seed4/DONE.json
done,confirm_K5_i000105,GRU,128,5,256,19,1.563062209635973,16,27,101256,cpu,1.592013105750084,1.6389679461717606,1.5742741748690603,1.5702543780207634,project://predictor_specific_difficulty_v1/runs/confirm_K5_i000105/gru/d128/n256/seed5/DONE.json
done,confirm_K5_i000105,Transformer,8,1,256,48,1.5516844764351845,16,48,1064,cpu,1.5821582153439522,1.553836725652218,1.5831538066267967,1.5776270255446434,project://predictor_specific_difficulty_v1/runs/confirm_K5_i000105/transformer/d8/n256/seed1/DONE.json
done,confirm_K5_i000105,Transformer,8,2,256,44,1.5575343072414398,16,48,1064,cpu,1.573096700012684,1.574201263487339,1.5917460322380066,1.61591574549675,project://predictor_specific_difficulty_v1/runs/confirm_K5_i000105/transformer/d8/n256/seed2/DONE.json
done,confirm_K5_i000105,Transformer,8,3,256,41,1.5874044448137283,16,48,1064,cpu,1.5991455391049385,1.5898857191205025,1.611674152314663,1.5863079205155373,project://predictor_specific_difficulty_v1/runs/confirm_K5_i000105/transformer/d8/n256/seed3/DONE.json
done,confirm_K5_i000105,Transformer,8,4,256,46,1.579604245722294,16,48,1064,cpu,1.5154119580984116,1.5998557731509209,1.5348472893238068,1.601159393787384,project://predictor_specific_difficulty_v1/runs/confirm_K5_i000105/transformer/d8/n256/seed4/DONE.json
done,confirm_K5_i000105,Transformer,8,5,256,48,1.5887923501431942,16,48,1064,cpu,1.5512252524495125,1.5974811688065529,1.6078919768333435,1.6031799763441086,project://predictor_specific_difficulty_v1/runs/confirm_K5_i000105/transformer/d8/n256/seed5/DONE.json
done,confirm_K5_i000105,Transformer,32,1,256,27,1.538748499006033,16,35,13448,cpu,1.6099972501397133,1.5650965422391891,1.5573031157255173,1.5566818565130234,project://predictor_specific_difficulty_v1/runs/confirm_K5_i000105/transformer/d32/n256/seed1/DONE.json
done,confirm_K5_i000105,Transformer,32,2,256,23,1.5446401238441467,16,31,13448,cpu,1.4998395219445229,1.5880083665251732,1.5827541872859,1.542592592537403,project://predictor_specific_difficulty_v1/runs/confirm_K5_i000105/transformer/d32/n256/seed2/DONE.json
done,confirm_K5_i000105,Transformer,32,3,256,41,1.531900841742754,16,48,13448,cpu,1.5689933449029922,1.5269578471779823,1.54568862169981,1.5308914929628372,project://predictor_specific_difficulty_v1/runs/confirm_K5_i000105/transformer/d32/n256/seed3/DONE.json
done,confirm_K5_i000105,Transformer,32,4,256,22,1.5257225185632706,16,30,13448,cpu,1.5542795434594154,1.5766829922795296,1.5035115033388138,1.5106592923402786,project://predictor_specific_difficulty_v1/runs/confirm_K5_i000105/transformer/d32/n256/seed4/DONE.json
done,confirm_K5_i000105,Transformer,32,5,256,37,1.5179699137806892,16,45,13448,cpu,1.5488808378577232,1.5779612585902214,1.5223349556326866,1.563173659145832,project://predictor_specific_difficulty_v1/runs/confirm_K5_i000105/transformer/d32/n256/seed5/DONE.json
done,confirm_K5_i000105,Transformer,128,1,256,8,1.551694218069315,16,16,201224,cpu,1.53708366304636,1.5210966616868973,1.5614583268761637,1.5542220026254654,project://predictor_specific_difficulty_v1/runs/confirm_K5_i000105/transformer/d128/n256/seed1/DONE.json
done,confirm_K5_i000105,Transformer,128,2,256,9,1.5180917009711266,16,17,201224,cpu,1.525673508644104,1.5130120813846588,1.5268861129879951,1.5633442476391792,project://predictor_specific_difficulty_v1/runs/confirm_K5_i000105/transformer/d128/n256/seed2/DONE.json
done,confirm_K5_i000105,Transformer,128,3,256,33,1.549751654267311,16,41,201224,cpu,1.571214035153389,1.5606180056929588,1.5841597393155098,1.5442593544721603,project://predictor_specific_difficulty_v1/runs/confirm_K5_i000105/transformer/d128/n256/seed3/DONE.json
done,confirm_K5_i000105,Transformer,128,4,256,11,1.5593572482466698,16,19,201224,cpu,1.5467424988746643,1.5576937571167946,1.6122057288885117,1.5688560977578163,project://predictor_specific_difficulty_v1/runs/confirm_K5_i000105/transformer/d128/n256/seed4/DONE.json
done,confirm_K5_i000105,Transformer,128,5,256,11,1.5555843859910965,16,19,201224,cpu,1.542586125433445,1.5525262281298635,1.572238028049469,1.5791521593928337,project://predictor_specific_difficulty_v1/runs/confirm_K5_i000105/transformer/d128/n256/seed5/DONE.json
done,confirm_K5_i000999,GRU,8,1,256,48,1.568586766719818,16,48,576,cpu,1.5751839503645897,1.6292706057429314,1.6432578787207603,1.67243792116642,project://predictor_specific_difficulty_v1/runs/confirm_K5_i000999/gru/d8/n256/seed1/DONE.json
done,confirm_K5_i000999,GRU,8,2,256,48,1.5802149213850498,16,48,576,cpu,1.6513786911964417,1.6305104941129684,1.5940101146697998,1.5689647421240809,project://predictor_specific_difficulty_v1/runs/confirm_K5_i000999/gru/d8/n256/seed2/DONE.json
done,confirm_K5_i000999,GRU,8,3,256,48,1.6162569224834442,16,48,576,cpu,1.6184874549508097,1.5598379746079445,1.5892231240868568,1.522911213338375,project://predictor_specific_difficulty_v1/runs/confirm_K5_i000999/gru/d8/n256/seed3/DONE.json
done,confirm_K5_i000999,GRU,8,4,256,48,1.593773253262043,16,48,576,cpu,1.6199747174978256,1.6055720150470734,1.5737205892801285,1.612706497311592,project://predictor_specific_difficulty_v1/runs/confirm_K5_i000999/gru/d8/n256/seed4/DONE.json
done,confirm_K5_i000999,GRU,8,5,256,48,1.580533146858215,16,48,576,cpu,1.6199223324656489,1.6396482661366465,1.5747896954417229,1.609109565615654,project://predictor_specific_difficulty_v1/runs/confirm_K5_i000999/gru/d8/n256/seed5/DONE.json
done,confirm_K5_i000999,GRU,32,1,256,43,1.5437502302229404,16,48,6888,cpu,1.5694673657417295,1.580220989882946,1.5603662058711052,1.575237162411213,project://predictor_specific_difficulty_v1/runs/confirm_K5_i000999/gru/d32/n256/seed1/DONE.json
done,confirm_K5_i000999,GRU,32,2,256,45,1.5395921804010868,16,48,6888,cpu,1.57014449685812,1.5145903676748276,1.5729015097022057,1.5832618027925491,project://predictor_specific_difficulty_v1/runs/confirm_K5_i000999/gru/d32/n256/seed2/DONE.json
done,confirm_K5_i000999,GRU,32,3,256,35,1.5495619662106035,16,43,6888,cpu,1.503155879676342,1.580265112221241,1.5598057955503464,1.5751217156648636,project://predictor_specific_difficulty_v1/runs/confirm_K5_i000999/gru/d32/n256/seed3/DONE.json
done,confirm_K5_i000999,GRU,32,4,256,39,1.5431644544005394,16,47,6888,cpu,1.566713571548462,1.5577389374375343,1.6357588469982147,1.5098180323839188,project://predictor_specific_difficulty_v1/runs/confirm_K5_i000999/gru/d32/n256/seed4/DONE.json
done,confirm_K5_i000999,GRU,32,5,256,20,1.6385370008647442,16,28,6888,cpu,1.55490542948246,1.5627326741814611,1.528412044048309,1.5976222977042198,project://predictor_specific_difficulty_v1/runs/confirm_K5_i000999/gru/d32/n256/seed5/DONE.json
done,confirm_K5_i000999,GRU,128,1,256,14,1.5687992684543133,16,22,101256,cpu,1.5961488485336304,1.6015342772006989,1.5377882793545723,1.5710897967219353,project://predictor_specific_difficulty_v1/runs/confirm_K5_i000999/gru/d128/n256/seed1/DONE.json
done,confirm_K5_i000999,GRU,128,2,256,17,1.562896966934204,16,25,101256,cpu,1.6257411614060402,1.5300457626581192,1.6200376823544502,1.653348743915558,project://predictor_specific_difficulty_v1/runs/confirm_K5_i000999/gru/d128/n256/seed2/DONE.json
done,confirm_K5_i000999,GRU,128,3,256,27,1.6095371320843697,16,35,101256,cpu,1.5383887365460396,1.5427557602524755,1.5193479731678965,1.492912232875824,project://predictor_specific_difficulty_v1/runs/confirm_K5_i000999/gru/d128/n256/seed3/DONE.json
done,confirm_K5_i000999,GRU,128,4,256,29,1.5703889355063438,16,37,101256,cpu,1.5679608061909676,1.5477874130010605,1.4919278547167778,1.522864267230034,project://predictor_specific_difficulty_v1/runs/confirm_K5_i000999/gru/d128/n256/seed4/DONE.json
done,confirm_K5_i000999,GRU,128,5,256,11,1.6005336754024029,16,19,101256,cpu,1.6125671938061714,1.5700620263814926,1.5614768639206886,1.5209318101406095,project://predictor_specific_difficulty_v1/runs/confirm_K5_i000999/gru/d128/n256/seed5/DONE.json
done,confirm_K5_i000999,Transformer,8,1,256,47,1.5558084845542908,16,48,1064,cpu,1.638004645705223,1.6335051506757736,1.5484333336353302,1.551286093890667,project://predictor_specific_difficulty_v1/runs/confirm_K5_i000999/transformer/d8/n256/seed1/DONE.json
done,confirm_K5_i000999,Transformer,8,2,256,48,1.6585077829658983,16,48,1064,cpu,1.648043379187584,1.6376732140779495,1.6088448241353035,1.6176304072141647,project://predictor_specific_difficulty_v1/runs/confirm_K5_i000999/transformer/d8/n256/seed2/DONE.json
done,confirm_K5_i000999,Transformer,8,3,256,46,1.5867049396038055,16,48,1064,cpu,1.5988287180662155,1.5937609001994133,1.560814581811428,1.5565815642476082,project://predictor_specific_difficulty_v1/runs/confirm_K5_i000999/transformer/d8/n256/seed3/DONE.json
done,confirm_K5_i000999,Transformer,8,4,256,47,1.5815454833209517,16,48,1064,cpu,1.627593293786049,1.5495965406298635,1.563472867012024,1.6046516001224518,project://predictor_specific_difficulty_v1/runs/confirm_K5_i000999/transformer/d8/n256/seed4/DONE.json
done,confirm_K5_i000999,Transformer,8,5,256,48,1.57357457280159,16,48,1064,cpu,1.6576034873723984,1.5574565902352333,1.7045712769031525,1.6281008049845695,project://predictor_specific_difficulty_v1/runs/confirm_K5_i000999/transformer/d8/n256/seed5/DONE.json
done,confirm_K5_i000999,Transformer,32,1,256,30,1.5692175179719925,16,38,13448,cpu,1.5584915280342102,1.5884840786457062,1.5971268117427826,1.5903626754879951,project://predictor_specific_difficulty_v1/runs/confirm_K5_i000999/transformer/d32/n256/seed1/DONE.json
done,confirm_K5_i000999,Transformer,32,2,256,42,1.561320673674345,16,48,13448,cpu,1.5946749225258827,1.612627953290939,1.5785240978002548,1.5822041034698486,project://predictor_specific_difficulty_v1/runs/confirm_K5_i000999/transformer/d32/n256/seed2/DONE.json
done,confirm_K5_i000999,Transformer,32,3,256,32,1.5501995980739594,16,40,13448,cpu,1.482032097876072,1.6122322529554367,1.5736708715558052,1.5752101466059685,project://predictor_specific_difficulty_v1/runs/confirm_K5_i000999/transformer/d32/n256/seed3/DONE.json
done,confirm_K5_i000999,Transformer,32,4,256,20,1.5753744058310986,16,28,13448,cpu,1.584282010793686,1.519758738577366,1.5718479827046394,1.5220727995038033,project://predictor_specific_difficulty_v1/runs/confirm_K5_i000999/transformer/d32/n256/seed4/DONE.json
done,confirm_K5_i000999,Transformer,32,5,256,15,1.521259367465973,16,23,13448,cpu,1.5839495211839676,1.558685980737209,1.6101131066679957,1.5556626990437508,project://predictor_specific_difficulty_v1/runs/confirm_K5_i000999/transformer/d32/n256/seed5/DONE.json
done,confirm_K5_i000999,Transformer,128,1,256,14,1.6087893545627594,16,22,201224,cpu,1.5773036405444143,1.5450119525194168,1.5759877189993858,1.5521189868450165,project://predictor_specific_difficulty_v1/runs/confirm_K5_i000999/transformer/d128/n256/seed1/DONE.json
done,confirm_K5_i000999,Transformer,128,2,256,26,1.5820961184799671,16,34,201224,cpu,1.579300619661808,1.518819324672222,1.5695996806025505,1.5725759714841845,project://predictor_specific_difficulty_v1/runs/confirm_K5_i000999/transformer/d128/n256/seed2/DONE.json
done,confirm_K5_i000999,Transformer,128,3,256,18,1.5775556564331057,16,26,201224,cpu,1.543074995279312,1.6069477796554563,1.5852908492088318,1.647179126739502,project://predictor_specific_difficulty_v1/runs/confirm_K5_i000999/transformer/d128/n256/seed3/DONE.json
done,confirm_K5_i000999,Transformer,128,4,256,38,1.5824292488396168,16,46,201224,cpu,1.6147265285253525,1.5413639843463898,1.582645557820797,1.5664448589086533,project://predictor_specific_difficulty_v1/runs/confirm_K5_i000999/transformer/d128/n256/seed4/DONE.json
done,confirm_K5_i000999,Transformer,128,5,256,10,1.578143909573555,16,18,201224,cpu,1.6320454254746437,1.5853145569562912,1.602717012166977,1.560525931417942,project://predictor_specific_difficulty_v1/runs/confirm_K5_i000999/transformer/d128/n256/seed5/DONE.json
done,confirm_K5_i000777,GRU,8,1,256,48,1.6596194580197334,16,48,576,cpu,1.7089388892054558,1.697117492556572,1.6863680109381676,1.6953925713896751,project://predictor_specific_difficulty_v1/runs/confirm_K5_i000777/gru/d8/n256/seed1/DONE.json
done,confirm_K5_i000777,GRU,8,2,256,44,1.6822423748672009,16,48,576,cpu,1.696117825806141,1.672755241394043,1.7073471620678902,1.652287282049656,project://predictor_specific_difficulty_v1/runs/confirm_K5_i000777/gru/d8/n256/seed2/DONE.json
done,confirm_K5_i000777,GRU,8,3,256,48,1.675824649631977,16,48,576,cpu,1.662617489695549,1.684269405901432,1.732974722981453,1.698652356863022,project://predictor_specific_difficulty_v1/runs/confirm_K5_i000777/gru/d8/n256/seed3/DONE.json
done,confirm_K5_i000777,GRU,8,4,256,48,1.6753177270293236,16,48,576,cpu,1.6712471321225166,1.6708269491791723,1.66611248254776,1.7102015241980553,project://predictor_specific_difficulty_v1/runs/confirm_K5_i000777/gru/d8/n256/seed4/DONE.json
done,confirm_K5_i000777,GRU,8,5,256,48,1.6988022401928902,16,48,576,cpu,1.7138612791895866,1.6869798004627228,1.6835798546671867,1.6976042166352272,project://predictor_specific_difficulty_v1/runs/confirm_K5_i000777/gru/d8/n256/seed5/DONE.json
done,confirm_K5_i000777,GRU,32,1,256,25,1.6546442694962025,16,33,6888,cpu,1.661662794649601,1.658813714981079,1.622859127819538,1.682233899831772,project://predictor_specific_difficulty_v1/runs/confirm_K5_i000777/gru/d32/n256/seed1/DONE.json
done,confirm_K5_i000777,GRU,32,2,256,34,1.67905830219388,16,42,6888,cpu,1.7050853669643402,1.6596920639276505,1.6483541652560234,1.6793749034404757,project://predictor_specific_difficulty_v1/runs/confirm_K5_i000777/gru/d32/n256/seed2/DONE.json
done,confirm_K5_i000777,GRU,32,3,256,23,1.665811326354742,16,31,6888,cpu,1.702566772699356,1.7054727301001549,1.7190697938203812,1.7250901833176613,project://predictor_specific_difficulty_v1/runs/confirm_K5_i000777/gru/d32/n256/seed3/DONE.json
done,confirm_K5_i000777,GRU,32,4,256,43,1.6897832676768303,16,48,6888,cpu,1.6694107204675674,1.672987386584282,1.7092293873429298,1.680411271750927,project://predictor_specific_difficulty_v1/runs/confirm_K5_i000777/gru/d32/n256/seed4/DONE.json
done,confirm_K5_i000777,GRU,32,5,256,20,1.7026884630322456,16,28,6888,cpu,1.697907954454422,1.7042328119277954,1.70174890011549,1.6945248022675514,project://predictor_specific_difficulty_v1/runs/confirm_K5_i000777/gru/d32/n256/seed5/DONE.json
done,confirm_K5_i000777,GRU,128,1,256,8,1.7165032662451267,16,16,101256,cpu,1.7391642853617668,1.7196138054132462,1.6239379420876503,1.645725600421429,project://predictor_specific_difficulty_v1/runs/confirm_K5_i000777/gru/d128/n256/seed1/DONE.json
done,confirm_K5_i000777,GRU,128,2,256,9,1.682632990181446,16,17,101256,cpu,1.674034222960472,1.6642655581235886,1.7052932381629944,1.6873952522873878,project://predictor_specific_difficulty_v1/runs/confirm_K5_i000777/gru/d128/n256/seed2/DONE.json
done,confirm_K5_i000777,GRU,128,3,256,12,1.6805397793650627,16,20,101256,cpu,1.7033504471182823,1.6987131536006927,1.720997303724289,1.6933128386735916,project://predictor_specific_difficulty_v1/runs/confirm_K5_i000777/gru/d128/n256/seed3/DONE.json
done,confirm_K5_i000777,GRU,128,4,256,10,1.6809298060834408,16,18,101256,cpu,1.7010822594165802,1.6788902953267095,1.7194159030914309,1.7564378529787064,project://predictor_specific_difficulty_v1/runs/confirm_K5_i000777/gru/d128/n256/seed4/DONE.json
done,confirm_K5_i000777,GRU,128,5,256,9,1.6965092048048973,16,17,101256,cpu,1.682826317846775,1.6622575968503952,1.6967477425932884,1.6775916814804075,project://predictor_specific_difficulty_v1/runs/confirm_K5_i000777/gru/d128/n256/seed5/DONE.json
done,confirm_K5_i000777,Transformer,8,1,256,39,1.6915297023952007,16,47,1064,cpu,1.689935281872749,1.7006940245628357,1.6937669813632965,1.6368682980537417,project://predictor_specific_difficulty_v1/runs/confirm_K5_i000777/transformer/d8/n256/seed1/DONE.json
done,confirm_K5_i000777,Transformer,8,2,256,41,1.6836651675403118,16,48,1064,cpu,1.6640285328030586,1.6705955192446709,1.6664671152830124,1.6845052912831306,project://predictor_specific_difficulty_v1/runs/confirm_K5_i000777/transformer/d8/n256/seed2/DONE.json
done,confirm_K5_i000777,Transformer,8,3,256,39,1.6682411842048168,16,47,1064,cpu,1.7050109878182411,1.6838353648781776,1.6633485108613968,1.6431224048137665,project://predictor_specific_difficulty_v1/runs/confirm_K5_i000777/transformer/d8/n256/seed3/DONE.json
done,confirm_K5_i000777,Transformer,8,4,256,31,1.709548756480217,16,39,1064,cpu,1.7208283245563507,1.6906529068946838,1.6929922550916672,1.6691035106778145,project://predictor_specific_difficulty_v1/runs/confirm_K5_i000777/transformer/d8/n256/seed4/DONE.json
done,confirm_K5_i000777,Transformer,8,5,256,40,1.6864179596304891,16,48,1064,cpu,1.671339750289917,1.6738312020897863,1.6794804707169533,1.664297237992287,project://predictor_specific_difficulty_v1/runs/confirm_K5_i000777/transformer/d8/n256/seed5/DONE.json
done,confirm_K5_i000777,Transformer,32,1,256,9,1.6727055087685585,16,17,13448,cpu,1.6701085194945335,1.712319828569889,1.6231371089816091,1.6780535653233528,project://predictor_specific_difficulty_v1/runs/confirm_K5_i000777/transformer/d32/n256/seed1/DONE.json
done,confirm_K5_i000777,Transformer,32,2,256,23,1.6568686179816725,16,31,13448,cpu,1.710499428212643,1.6477615013718605,1.721880041062832,1.6503241583704948,project://predictor_specific_difficulty_v1/runs/confirm_K5_i000777/transformer/d32/n256/seed2/DONE.json
done,confirm_K5_i000777,Transformer,32,3,256,13,1.693495273590088,16,21,13448,cpu,1.7065056562423706,1.6599483788013458,1.6971056833863258,1.684630572795868,project://predictor_specific_difficulty_v1/runs/confirm_K5_i000777/transformer/d32/n256/seed3/DONE.json
done,confirm_K5_i000777,Transformer,32,4,256,31,1.6778503023087978,16,39,13448,cpu,1.7319482937455175,1.6807639002799988,1.6890012100338936,1.6241390481591225,project://predictor_specific_difficulty_v1/runs/confirm_K5_i000777/transformer/d32/n256/seed4/DONE.json
done,confirm_K5_i000777,Transformer,32,5,256,10,1.6721198707818985,16,18,13448,cpu,1.7032101079821589,1.6309620812535286,1.6677080765366554,1.6873751506209371,project://predictor_specific_difficulty_v1/runs/confirm_K5_i000777/transformer/d32/n256/seed5/DONE.json
done,confirm_K5_i000777,Transformer,128,1,256,15,1.7179269827902317,16,23,201224,cpu,1.6823881044983864,1.7088319957256315,1.7007403075695038,1.6479239612817764,project://predictor_specific_difficulty_v1/runs/confirm_K5_i000777/transformer/d128/n256/seed1/DONE.json
done,confirm_K5_i000777,Transformer,128,2,256,7,1.674817729741335,16,15,201224,cpu,1.6831039190292358,1.7264002710580826,1.6911899894475937,1.7080812007188797,project://predictor_specific_difficulty_v1/runs/confirm_K5_i000777/transformer/d128/n256/seed2/DONE.json
done,confirm_K5_i000777,Transformer,128,3,256,9,1.7001092843711376,16,17,201224,cpu,1.6963277012109756,1.7132478505373,1.640421450138092,1.699475295841694,project://predictor_specific_difficulty_v1/runs/confirm_K5_i000777/transformer/d128/n256/seed3/DONE.json
done,confirm_K5_i000777,Transformer,128,4,256,19,1.6732808351516724,16,27,201224,cpu,1.6456606164574623,1.6644503474235537,1.7096713706851006,1.6678909286856651,project://predictor_specific_difficulty_v1/runs/confirm_K5_i000777/transformer/d128/n256/seed4/DONE.json
done,confirm_K5_i000777,Transformer,128,5,256,30,1.6613420955836773,16,38,201224,cpu,1.68142968416214,1.7001886293292046,1.661519281566143,1.6257676631212234,project://predictor_specific_difficulty_v1/runs/confirm_K5_i000777/transformer/d128/n256/seed5/DONE.json
done,confirm_K5_i001023,GRU,8,1,256,48,1.66142275929451,16,48,576,cpu,1.6530877277255058,1.6438518464565277,1.6747941002249718,1.683009847998619,project://predictor_specific_difficulty_v1/runs/confirm_K5_i001023/gru/d8/n256/seed1/DONE.json
done,confirm_K5_i001023,GRU,8,2,256,48,1.6713448390364647,16,48,576,cpu,1.6612179428339005,1.6686660200357435,1.6411662846803663,1.6212407425045967,project://predictor_specific_difficulty_v1/runs/confirm_K5_i001023/gru/d8/n256/seed2/DONE.json
done,confirm_K5_i001023,GRU,8,3,256,48,1.646099578589201,16,48,576,cpu,1.702958308160305,1.6581403091549871,1.6550948098301888,1.666778713464737,project://predictor_specific_difficulty_v1/runs/confirm_K5_i001023/gru/d8/n256/seed3/DONE.json
done,confirm_K5_i001023,GRU,8,4,256,48,1.6224918998777866,16,48,576,cpu,1.6623213812708857,1.6457785218954086,1.647202529013157,1.6602036952972412,project://predictor_specific_difficulty_v1/runs/confirm_K5_i001023/gru/d8/n256/seed4/DONE.json
done,confirm_K5_i001023,GRU,8,5,256,48,1.657300628721714,16,48,576,cpu,1.6862237602472303,1.6954005733132362,1.6639620587229729,1.6606070473790169,project://predictor_specific_difficulty_v1/runs/confirm_K5_i001023/gru/d8/n256/seed5/DONE.json
done,confirm_K5_i001023,GRU,32,1,256,26,1.6806774474680424,16,34,6888,cpu,1.6478495970368383,1.6767459958791733,1.647128090262413,1.644097477197647,project://predictor_specific_difficulty_v1/runs/confirm_K5_i001023/gru/d32/n256/seed1/DONE.json
done,confirm_K5_i001023,GRU,32,2,256,45,1.6289041377604008,16,48,6888,cpu,1.6296114847064018,1.6398469060659409,1.6695074960589409,1.6583577319979668,project://predictor_specific_difficulty_v1/runs/confirm_K5_i001023/gru/d32/n256/seed2/DONE.json
done,confirm_K5_i001023,GRU,32,3,256,43,1.6455142237246037,16,48,6888,cpu,1.64047309756279,1.6806250736117363,1.7004058212041857,1.653984159231186,project://predictor_specific_difficulty_v1/runs/confirm_K5_i001023/gru/d32/n256/seed3/DONE.json
done,confirm_K5_i001023,GRU,32,4,256,24,1.6654510833323002,16,32,6888,cpu,1.641925610601902,1.634132243692875,1.639243796467781,1.6354559287428856,project://predictor_specific_difficulty_v1/runs/confirm_K5_i001023/gru/d32/n256/seed4/DONE.json
done,confirm_K5_i001023,GRU,32,5,256,30,1.6466327011585236,16,38,6888,cpu,1.6735889688134191,1.640926480293274,1.6372822299599648,1.6550780311226845,project://predictor_specific_difficulty_v1/runs/confirm_K5_i001023/gru/d32/n256/seed5/DONE.json
done,confirm_K5_i001023,GRU,128,1,256,13,1.6416676938533783,16,21,101256,cpu,1.6706161722540855,1.6857067197561264,1.6946879923343658,1.7232924178242683,project://predictor_specific_difficulty_v1/runs/confirm_K5_i001023/gru/d128/n256/seed1/DONE.json
done,confirm_K5_i001023,GRU,128,2,256,10,1.6880161054432392,16,18,101256,cpu,1.6303627640008926,1.703924536705017,1.6871040984988213,1.6514549627900124,project://predictor_specific_difficulty_v1/runs/confirm_K5_i001023/gru/d128/n256/seed2/DONE.json
done,confirm_K5_i001023,GRU,128,3,256,10,1.65409729257226,16,18,101256,cpu,1.646744318306446,1.636007837951183,1.6509274393320084,1.7335812076926231,project://predictor_specific_difficulty_v1/runs/confirm_K5_i001023/gru/d128/n256/seed3/DONE.json
done,confirm_K5_i001023,GRU,128,4,256,24,1.6437246426939964,16,32,101256,cpu,1.64968853443861,1.666533388197422,1.6299849301576614,1.6442099884152412,project://predictor_specific_difficulty_v1/runs/confirm_K5_i001023/gru/d128/n256/seed4/DONE.json
done,confirm_K5_i001023,GRU,128,5,256,14,1.658330723643303,16,22,101256,cpu,1.6738814935088158,1.6695005148649216,1.625851958990097,1.6458095982670784,project://predictor_specific_difficulty_v1/runs/confirm_K5_i001023/gru/d128/n256/seed5/DONE.json
done,confirm_K5_i001023,Transformer,8,1,256,45,1.6546650938689709,16,48,1064,cpu,1.6942511051893234,1.641608439385891,1.607223890721798,1.6179946213960648,project://predictor_specific_difficulty_v1/runs/confirm_K5_i001023/transformer/d8/n256/seed1/DONE.json
done,confirm_K5_i001023,Transformer,8,2,256,46,1.6191071309149263,16,48,1064,cpu,1.6394583359360697,1.6186677366495132,1.6886985525488851,1.6113056689500809,project://predictor_specific_difficulty_v1/runs/confirm_K5_i001023/transformer/d8/n256/seed2/DONE.json
done,confirm_K5_i001023,Transformer,8,3,256,34,1.6560877040028572,16,42,1064,cpu,1.6527143195271492,1.6580387949943542,1.6137113198637962,1.617354929447174,project://predictor_specific_difficulty_v1/runs/confirm_K5_i001023/transformer/d8/n256/seed3/DONE.json
done,confirm_K5_i001023,Transformer,8,4,256,43,1.6228488683700562,16,48,1064,cpu,1.6844900622963903,1.6772515177726746,1.6361603811383247,1.663746953010559,project://predictor_specific_difficulty_v1/runs/confirm_K5_i001023/transformer/d8/n256/seed4/DONE.json
done,confirm_K5_i001023,Transformer,8,5,256,48,1.6449092961847782,16,48,1064,cpu,1.6698434501886368,1.63784908503294,1.6514090821146965,1.6661940664052963,project://predictor_specific_difficulty_v1/runs/confirm_K5_i001023/transformer/d8/n256/seed5/DONE.json
done,confirm_K5_i001023,Transformer,32,1,256,13,1.6213302314281464,16,21,13448,cpu,1.649583600461483,1.6831455156207085,1.6429222077131271,1.6107964664697647,project://predictor_specific_difficulty_v1/runs/confirm_K5_i001023/transformer/d32/n256/seed1/DONE.json
done,confirm_K5_i001023,Transformer,32,2,256,16,1.6513167545199394,16,24,13448,cpu,1.6682661101222038,1.675939679145813,1.605690285563469,1.6912757828831673,project://predictor_specific_difficulty_v1/runs/confirm_K5_i001023/transformer/d32/n256/seed2/DONE.json
done,confirm_K5_i001023,Transformer,32,3,256,27,1.6142639331519604,16,35,13448,cpu,1.6671798825263977,1.6325953230261805,1.6181959584355354,1.6649514064192772,project://predictor_specific_difficulty_v1/runs/confirm_K5_i001023/transformer/d32/n256/seed3/DONE.json
done,confirm_K5_i001023,Transformer,32,4,256,17,1.639331616461277,16,25,13448,cpu,1.6560152173042295,1.6813127472996712,1.6563026085495949,1.6874512434005735,project://predictor_specific_difficulty_v1/runs/confirm_K5_i001023/transformer/d32/n256/seed4/DONE.json
done,confirm_K5_i001023,Transformer,32,5,256,13,1.6720696315169334,16,21,13448,cpu,1.6194245144724846,1.6671075448393822,1.6279855370521543,1.6508097797632215,project://predictor_specific_difficulty_v1/runs/confirm_K5_i001023/transformer/d32/n256/seed5/DONE.json
done,confirm_K5_i001023,Transformer,128,1,256,13,1.6463032215833664,16,21,201224,cpu,1.6574553325772283,1.6855672225356102,1.6195249035954475,1.6770190596580503,project://predictor_specific_difficulty_v1/runs/confirm_K5_i001023/transformer/d128/n256/seed1/DONE.json
done,confirm_K5_i001023,Transformer,128,2,256,47,1.631645705550909,16,48,201224,cpu,1.632194735109806,1.6135952100157738,1.6333849877119064,1.6507611721754074,project://predictor_specific_difficulty_v1/runs/confirm_K5_i001023/transformer/d128/n256/seed2/DONE.json
done,confirm_K5_i001023,Transformer,128,3,256,14,1.6477039977908134,16,22,201224,cpu,1.6619204431772232,1.6858436912298205,1.6668076068162918,1.635153777897358,project://predictor_specific_difficulty_v1/runs/confirm_K5_i001023/transformer/d128/n256/seed3/DONE.json
done,confirm_K5_i001023,Transformer,128,4,256,5,1.6519907899200916,16,13,201224,cpu,1.7121807411313057,1.6479701548814774,1.7076267823576927,1.683543682098389,project://predictor_specific_difficulty_v1/runs/confirm_K5_i001023/transformer/d128/n256/seed4/DONE.json
done,confirm_K5_i001023,Transformer,128,5,256,18,1.6103822626173496,16,26,201224,cpu,1.6317352578043938,1.712019883096218,1.6278829276561737,1.6570579558610916,project://predictor_specific_difficulty_v1/runs/confirm_K5_i001023/transformer/d128/n256/seed5/DONE.json
done,confirm_K6_i000915,GRU,8,1,256,48,1.7167833149433136,16,48,576,cpu,1.712663151323795,1.756359077990055,1.714112468063831,1.7541754618287086,project://predictor_specific_difficulty_v1/runs/confirm_K6_i000915/gru/d8/n256/seed1/DONE.json
done,confirm_K6_i000915,GRU,8,2,256,45,1.746107343584299,16,48,576,cpu,1.7293615937232971,1.732695996761322,1.7368169352412224,1.788259968161583,project://predictor_specific_difficulty_v1/runs/confirm_K6_i000915/gru/d8/n256/seed2/DONE.json
done,confirm_K6_i000915,GRU,8,3,256,48,1.696639209985733,16,48,576,cpu,1.7258236408233645,1.7310688123106956,1.7182603254914284,1.721257157623768,project://predictor_specific_difficulty_v1/runs/confirm_K6_i000915/gru/d8/n256/seed3/DONE.json
done,confirm_K6_i000915,GRU,8,4,256,46,1.710691124200821,16,48,576,cpu,1.7618759647011757,1.7802620604634285,1.6959408521652222,1.700555868446827,project://predictor_specific_difficulty_v1/runs/confirm_K6_i000915/gru/d8/n256/seed4/DONE.json
done,confirm_K6_i000915,GRU,8,5,256,48,1.714293759316206,16,48,576,cpu,1.7366700991988182,1.7584570869803429,1.727819748222828,1.6989943459630013,project://predictor_specific_difficulty_v1/runs/confirm_K6_i000915/gru/d8/n256/seed5/DONE.json
done,confirm_K6_i000915,GRU,32,1,256,15,1.683668781071901,16,23,6888,cpu,1.7432941496372223,1.6839104741811752,1.6976073011755943,1.765947364270687,project://predictor_specific_difficulty_v1/runs/confirm_K6_i000915/gru/d32/n256/seed1/DONE.json
done,confirm_K6_i000915,GRU,32,2,256,43,1.68382952734828,16,48,6888,cpu,1.7394633442163467,1.6824660152196884,1.760510541498661,1.7233470380306244,project://predictor_specific_difficulty_v1/runs/confirm_K6_i000915/gru/d32/n256/seed2/DONE.json
done,confirm_K6_i000915,GRU,32,3,256,22,1.6586034148931503,16,30,6888,cpu,1.7208417356014252,1.6736440882086754,1.665288120508194,1.687812440097332,project://predictor_specific_difficulty_v1/runs/confirm_K6_i000915/gru/d32/n256/seed3/DONE.json
done,confirm_K6_i000915,GRU,32,4,256,24,1.6769556030631063,16,32,6888,cpu,1.7296022400259972,1.66183839738369,1.7069809436798096,1.702927090227604,project://predictor_specific_difficulty_v1/runs/confirm_K6_i000915/gru/d32/n256/seed4/DONE.json
done,confirm_K6_i000915,GRU,32,5,256,41,1.69097688049078,16,48,6888,cpu,1.702355645596981,1.6729130372405052,1.6619959846138954,1.720384068787098,project://predictor_specific_difficulty_v1/runs/confirm_K6_i000915/gru/d32/n256/seed5/DONE.json
done,confirm_K6_i000915,GRU,128,1,256,14,1.7011367194354534,16,22,101256,cpu,1.7186701372265816,1.7157701924443245,1.7009946927428246,1.7059161216020584,project://predictor_specific_difficulty_v1/runs/confirm_K6_i000915/gru/d128/n256/seed1/DONE.json
done,confirm_K6_i000915,GRU,128,2,256,14,1.6941582597792149,16,22,101256,cpu,1.720294013619423,1.7196083143353462,1.7078533247113228,1.7315351590514183,project://predictor_specific_difficulty_v1/runs/confirm_K6_i000915/gru/d128/n256/seed2/DONE.json
done,confirm_K6_i000915,GRU,128,3,256,22,1.7196526639163494,16,30,101256,cpu,1.748181328177452,1.6849907040596008,1.6983554139733317,1.7449408620595932,project://predictor_specific_difficulty_v1/runs/confirm_K6_i000915/gru/d128/n256/seed3/DONE.json
done,confirm_K6_i000915,GRU,128,4,256,16,1.7147395983338356,16,24,101256,cpu,1.73116085678339,1.696449264883995,1.772819608449936,1.756840281188488,project://predictor_specific_difficulty_v1/runs/confirm_K6_i000915/gru/d128/n256/seed4/DONE.json
done,confirm_K6_i000915,GRU,128,5,256,24,1.7341145500540731,16,32,101256,cpu,1.7125089466571808,1.6999957039952278,1.7189050540328026,1.7410795912146568,project://predictor_specific_difficulty_v1/runs/confirm_K6_i000915/gru/d128/n256/seed5/DONE.json
done,confirm_K6_i000915,Transformer,8,1,256,28,1.709471695125103,16,36,1064,cpu,1.7129885777831078,1.6907868534326551,1.7245908379554749,1.7014717981219292,project://predictor_specific_difficulty_v1/runs/confirm_K6_i000915/transformer/d8/n256/seed1/DONE.json
done,confirm_K6_i000915,Transformer,8,2,256,48,1.7235022485256195,16,48,1064,cpu,1.6973005011677742,1.7154425457119942,1.7199882715940475,1.720499008893967,project://predictor_specific_difficulty_v1/runs/confirm_K6_i000915/transformer/d8/n256/seed2/DONE.json
done,confirm_K6_i000915,Transformer,8,3,256,42,1.7076941393315792,16,48,1064,cpu,1.731521174311638,1.707885816693306,1.7324011474847794,1.7214977741241455,project://predictor_specific_difficulty_v1/runs/confirm_K6_i000915/transformer/d8/n256/seed3/DONE.json
done,confirm_K6_i000915,Transformer,8,4,256,45,1.759603779762983,16,48,1064,cpu,1.7194498628377914,1.7623220533132553,1.736959546804428,1.7565511018037796,project://predictor_specific_difficulty_v1/runs/confirm_K6_i000915/transformer/d8/n256/seed4/DONE.json
done,confirm_K6_i000915,Transformer,8,5,256,48,1.7333262786269188,16,48,1064,cpu,1.6922006458044052,1.7551047801971436,1.7007487416267395,1.7532945796847343,project://predictor_specific_difficulty_v1/runs/confirm_K6_i000915/transformer/d8/n256/seed5/DONE.json
done,confirm_K6_i000915,Transformer,32,1,256,33,1.6696271784603596,16,41,13448,cpu,1.6445892974734306,1.7521881833672523,1.6815155893564224,1.6177056804299357,project://predictor_specific_difficulty_v1/runs/confirm_K6_i000915/transformer/d32/n256/seed1/DONE.json
done,confirm_K6_i000915,Transformer,32,2,256,27,1.7119512744247911,16,35,13448,cpu,1.7041494250297546,1.7476287633180618,1.7837890535593033,1.716416671872139,project://predictor_specific_difficulty_v1/runs/confirm_K6_i000915/transformer/d32/n256/seed2/DONE.json
done,confirm_K6_i000915,Transformer,32,3,256,11,1.6727184429764748,16,19,13448,cpu,1.6810245886445043,1.7017784640192986,1.6697508245706558,1.707163818180561,project://predictor_specific_difficulty_v1/runs/confirm_K6_i000915/transformer/d32/n256/seed3/DONE.json
done,confirm_K6_i000915,Transformer,32,4,256,25,1.6979932859539986,16,33,13448,cpu,1.7109461277723312,1.7352986708283424,1.665985181927681,1.6884791627526283,project://predictor_specific_difficulty_v1/runs/confirm_K6_i000915/transformer/d32/n256/seed4/DONE.json
done,confirm_K6_i000915,Transformer,32,5,256,24,1.7221155315637589,16,32,13448,cpu,1.7344905510544777,1.7085403203964231,1.697428934276104,1.696076199412346,project://predictor_specific_difficulty_v1/runs/confirm_K6_i000915/transformer/d32/n256/seed5/DONE.json
done,confirm_K6_i000915,Transformer,128,1,256,15,1.6910384632647038,16,23,201224,cpu,1.7200946360826492,1.6933075487613678,1.7206733599305153,1.7490546479821203,project://predictor_specific_difficulty_v1/runs/confirm_K6_i000915/transformer/d128/n256/seed1/DONE.json
done,confirm_K6_i000915,Transformer,128,2,256,10,1.7040670551359651,16,18,201224,cpu,1.7855975031852722,1.7272837609052658,1.6985919252038002,1.8007924258708954,project://predictor_specific_difficulty_v1/runs/confirm_K6_i000915/transformer/d128/n256/seed2/DONE.json
done,confirm_K6_i000915,Transformer,128,3,256,11,1.6775305792689323,16,19,201224,cpu,1.7304811999201777,1.7588715553283691,1.7071129605174065,1.7263475582003591,project://predictor_specific_difficulty_v1/runs/confirm_K6_i000915/transformer/d128/n256/seed3/DONE.json
done,confirm_K6_i000915,Transformer,128,4,256,21,1.673509456217289,16,29,201224,cpu,1.7198718190193176,1.6908456534147265,1.7298709601163864,1.667840637266636,project://predictor_specific_difficulty_v1/runs/confirm_K6_i000915/transformer/d128/n256/seed4/DONE.json
done,confirm_K6_i000915,Transformer,128,5,256,3,1.7434009462594986,16,12,201224,cpu,1.7552060931921003,1.684800207614899,1.7821159660816193,1.7283102571964264,project://predictor_specific_difficulty_v1/runs/confirm_K6_i000915/transformer/d128/n256/seed5/DONE.json
done,confirm_K6_i001089,GRU,8,1,256,46,1.6921761110424995,16,48,576,cpu,1.7534037083387377,1.735551878809929,1.6849666610360146,1.745340146124363,project://predictor_specific_difficulty_v1/runs/confirm_K6_i001089/gru/d8/n256/seed1/DONE.json
done,confirm_K6_i001089,GRU,8,2,256,48,1.7032797448337078,16,48,576,cpu,1.7349219396710396,1.7399384528398514,1.747290387749672,1.744425803422928,project://predictor_specific_difficulty_v1/runs/confirm_K6_i001089/gru/d8/n256/seed2/DONE.json
done,confirm_K6_i001089,GRU,8,3,256,45,1.7366321943700314,16,48,576,cpu,1.7239048928022385,1.7423524260520935,1.6942530646920204,1.712709255516529,project://predictor_specific_difficulty_v1/runs/confirm_K6_i001089/gru/d8/n256/seed3/DONE.json
done,confirm_K6_i001089,GRU,8,4,256,48,1.7533040195703506,16,48,576,cpu,1.7440450116991997,1.697631053626537,1.709901936352253,1.7295317500829697,project://predictor_specific_difficulty_v1/runs/confirm_K6_i001089/gru/d8/n256/seed4/DONE.json
done,confirm_K6_i001089,GRU,8,5,256,47,1.7140626050531864,16,48,576,cpu,1.7216700166463852,1.6985134556889534,1.7379494979977608,1.7399861961603165,project://predictor_specific_difficulty_v1/runs/confirm_K6_i001089/gru/d8/n256/seed5/DONE.json
done,confirm_K6_i001089,GRU,32,1,256,36,1.706766705960035,16,44,6888,cpu,1.7344380095601082,1.73570965975523,1.6476979851722715,1.7509467527270317,project://predictor_specific_difficulty_v1/runs/confirm_K6_i001089/gru/d32/n256/seed1/DONE.json
done,confirm_K6_i001089,GRU,32,2,256,24,1.703152623027563,16,32,6888,cpu,1.7525344416499138,1.7089523747563362,1.6735523492097857,1.7162928134202955,project://predictor_specific_difficulty_v1/runs/confirm_K6_i001089/gru/d32/n256/seed2/DONE.json
done,confirm_K6_i001089,GRU,32,3,256,45,1.7096301391720772,16,48,6888,cpu,1.742356762290001,1.6668788567185402,1.753236159682274,1.6965780183672905,project://predictor_specific_difficulty_v1/runs/confirm_K6_i001089/gru/d32/n256/seed3/DONE.json
done,confirm_K6_i001089,GRU,32,4,256,39,1.6839916221797466,16,47,6888,cpu,1.710438810288906,1.6447776183485985,1.6784702762961388,1.700853355228901,project://predictor_specific_difficulty_v1/runs/confirm_K6_i001089/gru/d32/n256/seed4/DONE.json
done,confirm_K6_i001089,GRU,32,5,256,38,1.7176237106323242,16,46,6888,cpu,1.7274275869131088,1.6812142357230186,1.6832377463579178,1.7115891948342323,project://predictor_specific_difficulty_v1/runs/confirm_K6_i001089/gru/d32/n256/seed5/DONE.json
done,confirm_K6_i001089,GRU,128,1,256,14,1.739949569106102,16,22,101256,cpu,1.7097144722938538,1.7386877462267876,1.7913251891732216,1.7237912565469742,project://predictor_specific_difficulty_v1/runs/confirm_K6_i001089/gru/d128/n256/seed1/DONE.json
done,confirm_K6_i001089,GRU,128,2,256,22,1.7570155560970306,16,30,101256,cpu,1.762554667890072,1.7572339996695518,1.7459934055805206,1.7273339331150055,project://predictor_specific_difficulty_v1/runs/confirm_K6_i001089/gru/d128/n256/seed2/DONE.json
done,confirm_K6_i001089,GRU,128,3,256,32,1.7079019285738468,16,40,101256,cpu,1.7316401153802872,1.7005523964762688,1.737703412771225,1.7136918306350708,project://predictor_specific_difficulty_v1/runs/confirm_K6_i001089/gru/d128/n256/seed3/DONE.json
done,confirm_K6_i001089,GRU,128,4,256,23,1.707459069788456,16,31,101256,cpu,1.7220254838466644,1.7189552336931229,1.719778411090374,1.7301610335707664,project://predictor_specific_difficulty_v1/runs/confirm_K6_i001089/gru/d128/n256/seed4/DONE.json
done,confirm_K6_i001089,GRU,128,5,256,21,1.709685944020748,16,29,101256,cpu,1.7250576838850975,1.7135636061429975,1.6990582272410393,1.7289896085858345,project://predictor_specific_difficulty_v1/runs/confirm_K6_i001089/gru/d128/n256/seed5/DONE.json
done,confirm_K6_i001089,Transformer,8,1,256,48,1.7455132007598877,16,48,1064,cpu,1.7246391028165815,1.7859257012605667,1.7540189698338509,1.70759729295969,project://predictor_specific_difficulty_v1/runs/confirm_K6_i001089/transformer/d8/n256/seed1/DONE.json
done,confirm_K6_i001089,Transformer,8,2,256,34,1.7578275240957737,16,42,1064,cpu,1.7446597069501877,1.744051642715931,1.7246829196810722,1.764629565179348,project://predictor_specific_difficulty_v1/runs/confirm_K6_i001089/transformer/d8/n256/seed2/DONE.json
done,confirm_K6_i001089,Transformer,8,3,256,45,1.75357785820961,16,48,1064,cpu,1.73947574198246,1.7317384630441666,1.7333596795797348,1.7375334575772283,project://predictor_specific_difficulty_v1/runs/confirm_K6_i001089/transformer/d8/n256/seed3/DONE.json
done,confirm_K6_i001089,Transformer,8,4,256,31,1.7476511001586914,16,39,1064,cpu,1.7706017345190048,1.7368534803390503,1.7685659900307655,1.7040768265724182,project://predictor_specific_difficulty_v1/runs/confirm_K6_i001089/transformer/d8/n256/seed4/DONE.json
done,confirm_K6_i001089,Transformer,8,5,256,43,1.740425981581211,16,48,1064,cpu,1.727625422179699,1.7181983143091202,1.775000974535942,1.7253205627202988,project://predictor_specific_difficulty_v1/runs/confirm_K6_i001089/transformer/d8/n256/seed5/DONE.json
done,confirm_K6_i001089,Transformer,32,1,256,33,1.706562552601099,16,41,13448,cpu,1.6905576661229134,1.6939036175608635,1.7173215076327324,1.7413561940193176,project://predictor_specific_difficulty_v1/runs/confirm_K6_i001089/transformer/d32/n256/seed1/DONE.json
done,confirm_K6_i001089,Transformer,32,2,256,19,1.6946475468575954,16,27,13448,cpu,1.7084169536828997,1.7149991169571877,1.7613638415932655,1.7139577120542526,project://predictor_specific_difficulty_v1/runs/confirm_K6_i001089/transformer/d32/n256/seed2/DONE.json
done,confirm_K6_i001089,Transformer,32,3,256,29,1.722409687936306,16,37,13448,cpu,1.7042313069105148,1.7218114882707596,1.7107581421732905,1.713445708155632,project://predictor_specific_difficulty_v1/runs/confirm_K6_i001089/transformer/d32/n256/seed3/DONE.json
done,confirm_K6_i001089,Transformer,32,4,256,14,1.7167025581002235,16,22,13448,cpu,1.7350868955254557,1.720398649573326,1.6851484701037407,1.7577793896198273,project://predictor_specific_difficulty_v1/runs/confirm_K6_i001089/transformer/d32/n256/seed4/DONE.json
done,confirm_K6_i001089,Transformer,32,5,256,10,1.7412942238152027,16,18,13448,cpu,1.7446305602788923,1.7101463675498962,1.7302865907549858,1.744969107210636,project://predictor_specific_difficulty_v1/runs/confirm_K6_i001089/transformer/d32/n256/seed5/DONE.json
done,confirm_K6_i001089,Transformer,128,1,256,7,1.718125443905592,16,15,201224,cpu,1.7329785078763962,1.7387069389224052,1.760866604745388,1.7275986298918724,project://predictor_specific_difficulty_v1/runs/confirm_K6_i001089/transformer/d128/n256/seed1/DONE.json
done,confirm_K6_i001089,Transformer,128,2,256,27,1.7177099138498306,16,35,201224,cpu,1.7222675830125809,1.7433454021811483,1.741013176739216,1.715589419007301,project://predictor_specific_difficulty_v1/runs/confirm_K6_i001089/transformer/d128/n256/seed2/DONE.json
done,confirm_K6_i001089,Transformer,128,3,256,14,1.6897833421826365,16,22,201224,cpu,1.7775964736938477,1.7800849676132202,1.7333016991615295,1.7602907717227936,project://predictor_specific_difficulty_v1/runs/confirm_K6_i001089/transformer/d128/n256/seed3/DONE.json
done,confirm_K6_i001089,Transformer,128,4,256,14,1.7495259568095207,16,22,201224,cpu,1.7600886300206184,1.7416609227657318,1.749307669699192,1.7046490609645844,project://predictor_specific_difficulty_v1/runs/confirm_K6_i001089/transformer/d128/n256/seed4/DONE.json
done,confirm_K6_i001089,Transformer,128,5,256,21,1.7462162412703035,16,29,201224,cpu,1.7012776508927343,1.723515585064888,1.7044168785214424,1.7254840731620789,project://predictor_specific_difficulty_v1/runs/confirm_K6_i001089/transformer/d128/n256/seed5/DONE.json
done,confirm_K6_i000210,GRU,8,1,256,48,1.8796123266220093,16,48,576,cpu,1.9180462956428528,1.9096920639276505,1.9035148918628693,1.8725051283836365,project://predictor_specific_difficulty_v1/runs/confirm_K6_i000210/gru/d8/n256/seed1/DONE.json
done,confirm_K6_i000210,GRU,8,2,256,48,1.8544513210654257,16,48,576,cpu,1.8760849237442017,1.8805890455842016,1.8651092201471329,1.8486739844083784,project://predictor_specific_difficulty_v1/runs/confirm_K6_i000210/gru/d8/n256/seed2/DONE.json
done,confirm_K6_i000210,GRU,8,3,256,46,1.8625425696372984,16,48,576,cpu,1.8602404966950417,1.87313661724329,1.8584342002868648,1.928832694888115,project://predictor_specific_difficulty_v1/runs/confirm_K6_i000210/gru/d8/n256/seed3/DONE.json
done,confirm_K6_i000210,GRU,8,4,256,40,1.891398783773184,16,48,576,cpu,1.902858145534992,1.894320234656334,1.9164893552660944,1.88589795678854,project://predictor_specific_difficulty_v1/runs/confirm_K6_i000210/gru/d8/n256/seed4/DONE.json
done,confirm_K6_i000210,GRU,8,5,256,44,1.8691808357834816,16,48,576,cpu,1.8887981250882149,1.894836112856865,1.918822020292282,1.852824829518795,project://predictor_specific_difficulty_v1/runs/confirm_K6_i000210/gru/d8/n256/seed5/DONE.json
done,confirm_K6_i000210,GRU,32,1,256,32,1.848463758826256,16,40,6888,cpu,1.8731133118271828,1.917786918580532,1.868345029652119,1.852911189198494,project://predictor_specific_difficulty_v1/runs/confirm_K6_i000210/gru/d32/n256/seed1/DONE.json
done,confirm_K6_i000210,GRU,32,2,256,25,1.8588793464004996,16,33,6888,cpu,1.874272622168064,1.8727511391043663,1.8804991841316223,1.822363130748272,project://predictor_specific_difficulty_v1/runs/confirm_K6_i000210/gru/d32/n256/seed2/DONE.json
done,confirm_K6_i000210,GRU,32,3,256,24,1.869497369974852,16,32,6888,cpu,1.898871086537838,1.8696522489190104,1.8753351271152496,1.9365199208259585,project://predictor_specific_difficulty_v1/runs/confirm_K6_i000210/gru/d32/n256/seed3/DONE.json
done,confirm_K6_i000210,GRU,32,4,256,42,1.8516129665076733,16,48,6888,cpu,1.9033763855695724,1.8819799423217771,1.8382400497794151,1.9017771109938624,project://predictor_specific_difficulty_v1/runs/confirm_K6_i000210/gru/d32/n256/seed4/DONE.json
done,confirm_K6_i000210,GRU,32,5,256,19,1.8923864886164663,16,27,6888,cpu,1.8985268101096155,1.8349489569664,1.896816082298756,1.9076740443706512,project://predictor_specific_difficulty_v1/runs/confirm_K6_i000210/gru/d32/n256/seed5/DONE.json
done,confirm_K6_i000210,GRU,128,1,256,28,1.864468771964312,16,36,101256,cpu,1.884998328983784,1.927900068461895,1.8738263994455335,1.874322295188904,project://predictor_specific_difficulty_v1/runs/confirm_K6_i000210/gru/d128/n256/seed1/DONE.json
done,confirm_K6_i000210,GRU,128,2,256,1,1.9263153485953808,16,12,101256,cpu,1.9548351988196373,1.895622804760933,1.9268237799406047,1.9081621691584587,project://predictor_specific_difficulty_v1/runs/confirm_K6_i000210/gru/d128/n256/seed2/DONE.json
done,confirm_K6_i000210,GRU,128,3,256,12,1.898069765418768,16,20,101256,cpu,1.8955817073583603,1.8958195447921755,1.8585542887449265,1.9085326939821243,project://predictor_specific_difficulty_v1/runs/confirm_K6_i000210/gru/d128/n256/seed3/DONE.json
done,confirm_K6_i000210,GRU,128,4,256,22,1.8844872377812865,16,30,101256,cpu,1.8603335320949557,1.853917181491852,1.8942677453160288,1.8734899535775185,project://predictor_specific_difficulty_v1/runs/confirm_K6_i000210/gru/d128/n256/seed4/DONE.json
done,confirm_K6_i000210,GRU,128,5,256,8,1.8864957466721533,16,16,101256,cpu,1.8917296901345253,1.8645570874214168,1.8586998209357264,1.9017836824059489,project://predictor_specific_difficulty_v1/runs/confirm_K6_i000210/gru/d128/n256/seed5/DONE.json
done,confirm_K6_i000210,Transformer,8,1,256,39,1.8552858904004097,16,47,1064,cpu,1.8714290857315063,1.8914941251277924,1.8820224180817604,1.8918484300374985,project://predictor_specific_difficulty_v1/runs/confirm_K6_i000210/transformer/d8/n256/seed1/DONE.json
done,confirm_K6_i000210,Transformer,8,2,256,33,1.855467926710844,16,41,1064,cpu,1.8726612702012064,1.9193514361977575,1.898099549114704,1.910081148147583,project://predictor_specific_difficulty_v1/runs/confirm_K6_i000210/transformer/d8/n256/seed2/DONE.json
done,confirm_K6_i000210,Transformer,8,3,256,22,1.878051184117794,16,30,1064,cpu,1.8697944432497025,1.8794920146465304,1.9051231518387797,1.8767716512084007,project://predictor_specific_difficulty_v1/runs/confirm_K6_i000210/transformer/d8/n256/seed3/DONE.json
done,confirm_K6_i000210,Transformer,8,4,256,28,1.8675352483987808,16,36,1064,cpu,1.8560323789715767,1.9597446396946907,1.9054370000958445,1.8406664207577703,project://predictor_specific_difficulty_v1/runs/confirm_K6_i000210/transformer/d8/n256/seed4/DONE.json
done,confirm_K6_i000210,Transformer,8,5,256,44,1.894889947026968,16,48,1064,cpu,1.8728745877742767,1.881767734885216,1.845604993402958,1.876332364976406,project://predictor_specific_difficulty_v1/runs/confirm_K6_i000210/transformer/d8/n256/seed5/DONE.json
done,confirm_K6_i000210,Transformer,32,1,256,25,1.863124832510948,16,33,13448,cpu,1.9734407290816307,1.8897918984293935,1.8502074852585797,1.860080569982529,project://predictor_specific_difficulty_v1/runs/confirm_K6_i000210/transformer/d32/n256/seed1/DONE.json
done,confirm_K6_i000210,Transformer,32,2,256,13,1.8517240472137928,16,21,13448,cpu,1.8646569326519968,1.9272725358605385,1.8631919249892237,1.89388070255518,project://predictor_specific_difficulty_v1/runs/confirm_K6_i000210/transformer/d32/n256/seed2/DONE.json
done,confirm_K6_i000210,Transformer,32,3,256,16,1.8928790166974068,16,24,13448,cpu,1.8854397535324097,1.9102829843759537,1.9329266995191572,1.90000893175602,project://predictor_specific_difficulty_v1/runs/confirm_K6_i000210/transformer/d32/n256/seed3/DONE.json
done,confirm_K6_i000210,Transformer,32,4,256,9,1.8934758976101875,16,17,13448,cpu,1.943338118493557,1.8982803374528885,1.9094537943601608,1.84350997954607,project://predictor_specific_difficulty_v1/runs/confirm_K6_i000210/transformer/d32/n256/seed4/DONE.json
done,confirm_K6_i000210,Transformer,32,5,256,19,1.8714427575469017,16,27,13448,cpu,1.8808157444000244,1.914463683962822,1.8524127528071404,1.8364481404423716,project://predictor_specific_difficulty_v1/runs/confirm_K6_i000210/transformer/d32/n256/seed5/DONE.json
done,confirm_K6_i000210,Transformer,128,1,256,31,1.8720624074339869,16,39,201224,cpu,1.8937632963061333,1.8575177639722824,1.8787489384412768,1.9189293012022968,project://predictor_specific_difficulty_v1/runs/confirm_K6_i000210/transformer/d128/n256/seed1/DONE.json
done,confirm_K6_i000210,Transformer,128,2,256,7,1.866465013474226,16,15,201224,cpu,1.8842200636863708,1.8917441442608836,1.885187812149525,1.969014786183834,project://predictor_specific_difficulty_v1/runs/confirm_K6_i000210/transformer/d128/n256/seed2/DONE.json
done,confirm_K6_i000210,Transformer,128,3,256,7,1.9614117294549944,16,15,201224,cpu,1.8929490968585012,1.966440565884113,1.958346351981163,1.9281198307871816,project://predictor_specific_difficulty_v1/runs/confirm_K6_i000210/transformer/d128/n256/seed3/DONE.json
done,confirm_K6_i000210,Transformer,128,4,256,2,1.895638894289732,16,12,201224,cpu,1.939461164176464,1.9751775786280632,1.987836703658104,1.922637328505516,project://predictor_specific_difficulty_v1/runs/confirm_K6_i000210/transformer/d128/n256/seed4/DONE.json
done,confirm_K6_i000210,Transformer,128,5,256,37,1.870742216706276,16,45,201224,cpu,1.8966988027095797,1.9013864770531652,1.9008478373289108,1.86299891769886,project://predictor_specific_difficulty_v1/runs/confirm_K6_i000210/transformer/d128/n256/seed5/DONE.json
done,confirm_K6_i000442,GRU,8,1,256,37,1.8927744925022123,16,45,576,cpu,1.9001485481858251,1.9148127660155296,1.874509610235691,1.9297324940562248,project://predictor_specific_difficulty_v1/runs/confirm_K6_i000442/gru/d8/n256/seed1/DONE.json
done,confirm_K6_i000442,GRU,8,2,256,45,1.8969256542623043,16,48,576,cpu,1.9110189899802208,1.9119326993823047,1.8747744038701055,1.9041217416524887,project://predictor_specific_difficulty_v1/runs/confirm_K6_i000442/gru/d8/n256/seed2/DONE.json
done,confirm_K6_i000442,GRU,8,3,256,42,1.885583147406578,16,48,576,cpu,1.9166622534394264,1.8865106403827667,1.8686457350850103,1.9021333456039429,project://predictor_specific_difficulty_v1/runs/confirm_K6_i000442/gru/d8/n256/seed3/DONE.json
done,confirm_K6_i000442,GRU,8,4,256,47,1.92094124481082,16,48,576,cpu,1.896112598478794,1.9035746604204176,1.8964145481586456,1.896959871053696,project://predictor_specific_difficulty_v1/runs/confirm_K6_i000442/gru/d8/n256/seed4/DONE.json
done,confirm_K6_i000442,GRU,8,5,256,46,1.89194106310606,16,48,576,cpu,1.9094143211841583,1.92558865994215,1.923580914735794,1.8807407766580584,project://predictor_specific_difficulty_v1/runs/confirm_K6_i000442/gru/d8/n256/seed5/DONE.json
done,confirm_K6_i000442,GRU,32,1,256,14,1.8850097954273224,16,22,6888,cpu,1.8850169256329536,1.875430665910244,1.877463348209858,1.9278777688741684,project://predictor_specific_difficulty_v1/runs/confirm_K6_i000442/gru/d32/n256/seed1/DONE.json
done,confirm_K6_i000442,GRU,32,2,256,19,1.917211841791868,16,27,6888,cpu,1.8967765122652052,1.8872831612825396,1.8413399010896685,1.8585818484425545,project://predictor_specific_difficulty_v1/runs/confirm_K6_i000442/gru/d32/n256/seed2/DONE.json
done,confirm_K6_i000442,GRU,32,3,256,12,1.879346389323473,16,20,6888,cpu,1.902741752564907,1.8622224405407903,1.889645665884018,1.8812388107180595,project://predictor_specific_difficulty_v1/runs/confirm_K6_i000442/gru/d32/n256/seed3/DONE.json
done,confirm_K6_i000442,GRU,32,4,256,21,1.8609940484166143,16,29,6888,cpu,1.8866446316242216,1.88164584338665,1.8931724429130556,1.895248003304005,project://predictor_specific_difficulty_v1/runs/confirm_K6_i000442/gru/d32/n256/seed4/DONE.json
done,confirm_K6_i000442,GRU,32,5,256,12,1.898472510278225,16,20,6888,cpu,1.904806800186634,1.9005191922187803,1.8727377355098724,1.8362728133797648,project://predictor_specific_difficulty_v1/runs/confirm_K6_i000442/gru/d32/n256/seed5/DONE.json
done,confirm_K6_i000442,GRU,128,1,256,13,1.9038435220718384,16,21,101256,cpu,1.88571797311306,1.887565664947033,1.9662045314908028,1.898987390100956,project://predictor_specific_difficulty_v1/runs/confirm_K6_i000442/gru/d128/n256/seed1/DONE.json
done,confirm_K6_i000442,GRU,128,2,256,10,1.89362183958292,16,18,101256,cpu,1.93631524592638,1.854538343846798,1.8938731625676155,1.9755920395255089,project://predictor_specific_difficulty_v1/runs/confirm_K6_i000442/gru/d128/n256/seed2/DONE.json
done,confirm_K6_i000442,GRU,128,3,256,16,1.9046364910900595,16,24,101256,cpu,1.8849304020404816,1.8556318655610085,1.894270196557045,1.86930737644434,project://predictor_specific_difficulty_v1/runs/confirm_K6_i000442/gru/d128/n256/seed3/DONE.json
done,confirm_K6_i000442,GRU,128,4,256,24,1.887709874659777,16,32,101256,cpu,1.8871084600687027,1.8760528564453125,1.8288295045495035,1.8698870688676836,project://predictor_specific_difficulty_v1/runs/confirm_K6_i000442/gru/d128/n256/seed4/DONE.json
done,confirm_K6_i000442,GRU,128,5,256,8,1.8910585045814516,16,16,101256,cpu,1.9155395179986956,1.910793460905552,1.8971281871199608,1.887989826500416,project://predictor_specific_difficulty_v1/runs/confirm_K6_i000442/gru/d128/n256/seed5/DONE.json
done,confirm_K6_i000442,Transformer,8,1,256,24,1.885284494608641,16,32,1064,cpu,1.8902089223265648,1.8566266521811483,1.878044195473194,1.910837784409523,project://predictor_specific_difficulty_v1/runs/confirm_K6_i000442/transformer/d8/n256/seed1/DONE.json
done,confirm_K6_i000442,Transformer,8,2,256,46,1.9151333533227444,16,48,1064,cpu,1.8964522257447245,1.8823433816432955,1.8921595737338064,1.883183002471924,project://predictor_specific_difficulty_v1/runs/confirm_K6_i000442/transformer/d8/n256/seed2/DONE.json
done,confirm_K6_i000442,Transformer,8,3,256,36,1.9033313021063805,16,44,1064,cpu,1.8753421902656555,1.9073013067245483,1.8713219687342644,1.9377197474241257,project://predictor_specific_difficulty_v1/runs/confirm_K6_i000442/transformer/d8/n256/seed3/DONE.json
done,confirm_K6_i000442,Transformer,8,4,256,41,1.902049396187067,16,48,1064,cpu,1.8820550069212916,1.8845615312457085,1.901423551142216,1.8908829763531685,project://predictor_specific_difficulty_v1/runs/confirm_K6_i000442/transformer/d8/n256/seed4/DONE.json
done,confirm_K6_i000442,Transformer,8,5,256,40,1.9078689590096476,16,48,1064,cpu,1.915252685546875,1.888793595135212,1.9110104218125343,1.915156178176403,project://predictor_specific_difficulty_v1/runs/confirm_K6_i000442/transformer/d8/n256/seed5/DONE.json
done,confirm_K6_i000442,Transformer,32,1,256,19,1.885569952428341,16,27,13448,cpu,1.8779748380184171,1.9224023446440697,1.877805665135384,1.8708350211381912,project://predictor_specific_difficulty_v1/runs/confirm_K6_i000442/transformer/d32/n256/seed1/DONE.json
done,confirm_K6_i000442,Transformer,32,2,256,11,1.8910797648131847,16,19,13448,cpu,1.859764777123928,1.903524950146675,1.849293477833271,1.869108833372593,project://predictor_specific_difficulty_v1/runs/confirm_K6_i000442/transformer/d32/n256/seed2/DONE.json
done,confirm_K6_i000442,Transformer,32,3,256,14,1.8748173862695692,16,22,13448,cpu,1.884521558880806,1.877746284008026,1.8929345682263372,1.9065776243805883,project://predictor_specific_difficulty_v1/runs/confirm_K6_i000442/transformer/d32/n256/seed3/DONE.json
done,confirm_K6_i000442,Transformer,32,4,256,17,1.8792496547102928,16,25,13448,cpu,1.9061113074421885,1.8939450532197952,1.8562038093805315,1.9024491384625437,project://predictor_specific_difficulty_v1/runs/confirm_K6_i000442/transformer/d32/n256/seed4/DONE.json
done,confirm_K6_i000442,Transformer,32,5,256,25,1.8914467245340347,16,33,13448,cpu,1.8858227729797363,1.9227244555950165,1.872648924589157,1.894818402826786,project://predictor_specific_difficulty_v1/runs/confirm_K6_i000442/transformer/d32/n256/seed5/DONE.json
done,confirm_K6_i000442,Transformer,128,1,256,10,1.911690890789032,16,18,201224,cpu,1.9113603979349136,1.8883974105119703,1.899037666618824,1.9012128561735155,project://predictor_specific_difficulty_v1/runs/confirm_K6_i000442/transformer/d128/n256/seed1/DONE.json
done,confirm_K6_i000442,Transformer,128,2,256,9,1.9133258946239948,16,17,201224,cpu,1.9068126529455185,1.8797297179698944,1.896349661052227,1.916359566152096,project://predictor_specific_difficulty_v1/runs/confirm_K6_i000442/transformer/d128/n256/seed2/DONE.json
done,confirm_K6_i000442,Transformer,128,3,256,34,1.895760715007782,16,42,201224,cpu,1.870246022939682,1.8891613855957985,1.869952917098999,1.848224177956581,project://predictor_specific_difficulty_v1/runs/confirm_K6_i000442/transformer/d128/n256/seed3/DONE.json
done,confirm_K6_i000442,Transformer,128,4,256,25,1.8800803758203983,16,33,201224,cpu,1.8979249745607376,1.865418665111065,1.886356681585312,1.8930893316864967,project://predictor_specific_difficulty_v1/runs/confirm_K6_i000442/transformer/d128/n256/seed4/DONE.json
done,confirm_K6_i000442,Transformer,128,5,256,14,1.8650829456746576,16,22,201224,cpu,1.9184020832180977,1.9304567947983744,1.90230443328619,1.9074505269527435,project://predictor_specific_difficulty_v1/runs/confirm_K6_i000442/transformer/d128/n256/seed5/DONE.json
done,confirm_K6_i000208,GRU,8,1,256,42,1.979835506528616,16,48,576,cpu,2.0027724280953407,2.022329531610012,2.050710611045361,1.9949236437678337,project://predictor_specific_difficulty_v1/runs/confirm_K6_i000208/gru/d8/n256/seed1/DONE.json
done,confirm_K6_i000208,GRU,8,2,256,41,2.0031614787876606,16,48,576,cpu,2.0259827077388763,2.005243428051472,2.024222806096077,2.008765831589699,project://predictor_specific_difficulty_v1/runs/confirm_K6_i000208/gru/d8/n256/seed2/DONE.json
done,confirm_K6_i000208,GRU,8,3,256,33,1.999917883425951,16,41,576,cpu,2.0143023505806923,2.0150977969169617,2.0151212960481644,2.009104616940021,project://predictor_specific_difficulty_v1/runs/confirm_K6_i000208/gru/d8/n256/seed3/DONE.json
done,confirm_K6_i000208,GRU,8,4,256,48,1.9851907975971697,16,48,576,cpu,2.0006619915366173,2.022192396223545,2.0140467286109924,1.9832676947116847,project://predictor_specific_difficulty_v1/runs/confirm_K6_i000208/gru/d8/n256/seed4/DONE.json
done,confirm_K6_i000208,GRU,8,5,256,31,1.9737199991941448,16,39,576,cpu,1.99689881503582,2.0352842956781387,2.0064126029610634,1.9987311363220213,project://predictor_specific_difficulty_v1/runs/confirm_K6_i000208/gru/d8/n256/seed5/DONE.json
done,confirm_K6_i000208,GRU,32,1,256,37,1.978438664227724,16,45,6888,cpu,2.008174180984497,1.9758087918162344,2.0008891224861145,1.982937477529049,project://predictor_specific_difficulty_v1/runs/confirm_K6_i000208/gru/d32/n256/seed1/DONE.json
done,confirm_K6_i000208,GRU,32,2,256,16,2.0110841132700443,16,24,6888,cpu,2.0203488245606422,2.0003101155161858,2.034112200140953,1.9848761782050133,project://predictor_specific_difficulty_v1/runs/confirm_K6_i000208/gru/d32/n256/seed2/DONE.json
done,confirm_K6_i000208,GRU,32,3,256,11,1.992120161652565,16,19,6888,cpu,2.0126002728939056,1.9888813346624372,2.038385830819607,2.0088742300868034,project://predictor_specific_difficulty_v1/runs/confirm_K6_i000208/gru/d32/n256/seed3/DONE.json
done,confirm_K6_i000208,GRU,32,4,256,11,2.004100605845452,16,19,6888,cpu,2.0296481251716614,2.0245668292045598,2.0209135711193085,2.0137272849678998,project://predictor_specific_difficulty_v1/runs/confirm_K6_i000208/gru/d32/n256/seed4/DONE.json
done,confirm_K6_i000208,GRU,32,5,256,20,1.983326889574528,16,28,6888,cpu,1.99431212246418,2.025543637573719,2.006341248750686,2.0308209136128426,project://predictor_specific_difficulty_v1/runs/confirm_K6_i000208/gru/d32/n256/seed5/DONE.json
done,confirm_K6_i000208,GRU,128,1,256,14,2.016373585909605,16,22,101256,cpu,1.9910214990377424,2.0409410670399666,2.004093535244465,2.0205498039722443,project://predictor_specific_difficulty_v1/runs/confirm_K6_i000208/gru/d128/n256/seed1/DONE.json
done,confirm_K6_i000208,GRU,128,2,256,7,1.9989100396633148,16,15,101256,cpu,2.012582428753376,2.01567193120718,2.021104611456394,2.0376702919602394,project://predictor_specific_difficulty_v1/runs/confirm_K6_i000208/gru/d128/n256/seed2/DONE.json
done,confirm_K6_i000208,GRU,128,3,256,7,2.0041080601513386,16,15,101256,cpu,2.006227448582649,2.0095861330628395,2.034277632832527,2.011285051703453,project://predictor_specific_difficulty_v1/runs/confirm_K6_i000208/gru/d128/n256/seed3/DONE.json
done,confirm_K6_i000208,GRU,128,4,256,29,1.9793168231844904,16,37,101256,cpu,2.006580911576748,2.038659408688545,2.01194566488266,2.018021196126938,project://predictor_specific_difficulty_v1/runs/confirm_K6_i000208/gru/d128/n256/seed4/DONE.json
done,confirm_K6_i000208,GRU,128,5,256,3,2.014774691313505,16,12,101256,cpu,2.034204341471195,2.012390226125717,2.046874910593033,2.0149437114596367,project://predictor_specific_difficulty_v1/runs/confirm_K6_i000208/gru/d128/n256/seed5/DONE.json
done,confirm_K6_i000208,Transformer,8,1,256,44,1.996270317584276,16,48,1064,cpu,1.9967968687415123,2.0115198716521263,2.018759921193123,2.0203043445944786,project://predictor_specific_difficulty_v1/runs/confirm_K6_i000208/transformer/d8/n256/seed1/DONE.json
done,confirm_K6_i000208,Transformer,8,2,256,43,2.002603489905596,16,48,1064,cpu,2.0059617906808853,2.017395317554474,2.001998357474804,1.9790346920490265,project://predictor_specific_difficulty_v1/runs/confirm_K6_i000208/transformer/d8/n256/seed2/DONE.json
done,confirm_K6_i000208,Transformer,8,3,256,26,1.989436395466328,16,34,1064,cpu,2.03066910803318,2.0025477781891823,2.0105630084872246,2.0203748792409897,project://predictor_specific_difficulty_v1/runs/confirm_K6_i000208/transformer/d8/n256/seed3/DONE.json
done,confirm_K6_i000208,Transformer,8,4,256,39,2.009199097752571,16,47,1064,cpu,2.0284329131245613,2.0009329840540886,1.992278903722763,1.9869258850812912,project://predictor_specific_difficulty_v1/runs/confirm_K6_i000208/transformer/d8/n256/seed4/DONE.json
done,confirm_K6_i000208,Transformer,8,5,256,46,1.984810560941696,16,48,1064,cpu,2.023855969309807,2.0111305937170982,1.9942258149385448,2.0124174803495407,project://predictor_specific_difficulty_v1/runs/confirm_K6_i000208/transformer/d8/n256/seed5/DONE.json
done,confirm_K6_i000208,Transformer,32,1,256,19,1.984503112733364,16,27,13448,cpu,2.0323207154870038,2.019958965480328,2.023318871855736,2.01717808842659,project://predictor_specific_difficulty_v1/runs/confirm_K6_i000208/transformer/d32/n256/seed1/DONE.json
done,confirm_K6_i000208,Transformer,32,2,256,25,1.999160047620535,16,33,13448,cpu,1.997742660343647,2.0212299078702927,1.9974953904747963,2.045732393860817,project://predictor_specific_difficulty_v1/runs/confirm_K6_i000208/transformer/d32/n256/seed2/DONE.json
done,confirm_K6_i000208,Transformer,32,3,256,24,2.005811173468828,16,32,13448,cpu,2.021127834916115,2.0399392768740654,1.9951558411121368,2.0175414085388184,project://predictor_specific_difficulty_v1/runs/confirm_K6_i000208/transformer/d32/n256/seed3/DONE.json
done,confirm_K6_i000208,Transformer,32,4,256,31,2.008798662573099,16,39,13448,cpu,1.9719920977950096,2.013457708060741,1.9765695929527285,2.015020407736301,project://predictor_specific_difficulty_v1/runs/confirm_K6_i000208/transformer/d32/n256/seed4/DONE.json
done,confirm_K6_i000208,Transformer,32,5,256,25,2.0012103468179703,16,33,13448,cpu,2.006015159189701,2.0030523911118507,2.0410171151161194,2.0273337736725807,project://predictor_specific_difficulty_v1/runs/confirm_K6_i000208/transformer/d32/n256/seed5/DONE.json
done,confirm_K6_i000208,Transformer,128,1,256,15,1.982141975313425,16,23,201224,cpu,2.0032558664679527,2.0533380955457687,2.074377954006195,2.032985381782055,project://predictor_specific_difficulty_v1/runs/confirm_K6_i000208/transformer/d128/n256/seed1/DONE.json
done,confirm_K6_i000208,Transformer,128,2,256,5,2.0088254250586037,16,13,201224,cpu,1.9965000674128528,2.041340507566929,2.089557856321335,2.046856254339218,project://predictor_specific_difficulty_v1/runs/confirm_K6_i000208/transformer/d128/n256/seed2/DONE.json
done,confirm_K6_i000208,Transformer,128,3,256,12,1.9944201745092869,16,20,201224,cpu,2.030025228857994,2.04888416826725,2.039361357688904,2.0139307975769043,project://predictor_specific_difficulty_v1/runs/confirm_K6_i000208/transformer/d128/n256/seed3/DONE.json
done,confirm_K6_i000208,Transformer,128,4,256,36,1.9946581684052944,16,44,201224,cpu,2.0054794773459435,2.009041659533977,1.98759650439024,2.0035073906183243,project://predictor_specific_difficulty_v1/runs/confirm_K6_i000208/transformer/d128/n256/seed4/DONE.json
done,confirm_K6_i000208,Transformer,128,5,256,7,2.061652582138777,16,15,201224,cpu,2.0284898206591606,2.0590865463018417,2.0578275993466377,2.0271664410829544,project://predictor_specific_difficulty_v1/runs/confirm_K6_i000208/transformer/d128/n256/seed5/DONE.json
done,confirm_K6_i001063,GRU,8,1,256,46,1.9750081486999989,16,48,576,cpu,1.9905891120433807,1.9939715638756752,1.9929054081439967,1.9905956760048864,project://predictor_specific_difficulty_v1/runs/confirm_K6_i001063/gru/d8/n256/seed1/DONE.json
done,confirm_K6_i001063,GRU,8,2,256,47,2.003274798393249,16,48,576,cpu,1.996886022388935,1.9836191907525065,1.9905402660369875,1.9975013136863708,project://predictor_specific_difficulty_v1/runs/confirm_K6_i001063/gru/d8/n256/seed2/DONE.json
done,confirm_K6_i001063,GRU,8,3,256,26,1.9511685445904727,16,34,576,cpu,1.97869224101305,2.02049282938242,2.010865308344364,2.000788778066635,project://predictor_specific_difficulty_v1/runs/confirm_K6_i001063/gru/d8/n256/seed3/DONE.json
done,confirm_K6_i001063,GRU,8,4,256,45,1.9564299993216991,16,48,576,cpu,1.989140808582306,2.011135444045067,1.969092115759849,1.9903753772377968,project://predictor_specific_difficulty_v1/runs/confirm_K6_i001063/gru/d8/n256/seed4/DONE.json
done,confirm_K6_i001063,GRU,8,5,256,37,1.9801973327994349,16,45,576,cpu,2.007325790822506,2.001721203327179,1.9882122799754145,2.011561594903469,project://predictor_specific_difficulty_v1/runs/confirm_K6_i001063/gru/d8/n256/seed5/DONE.json
done,confirm_K6_i001063,GRU,32,1,256,16,1.9965351670980451,16,24,6888,cpu,1.997903786599636,1.9684446826577189,1.9669884517788887,1.9802190959453585,project://predictor_specific_difficulty_v1/runs/confirm_K6_i001063/gru/d32/n256/seed1/DONE.json
done,confirm_K6_i001063,GRU,32,2,256,6,1.9977940022945404,16,14,6888,cpu,2.0092796310782437,1.9977179989218712,2.00272274017334,1.9728511720895767,project://predictor_specific_difficulty_v1/runs/confirm_K6_i001063/gru/d32/n256/seed2/DONE.json
done,confirm_K6_i001063,GRU,32,3,256,38,1.9744651205837729,16,46,6888,cpu,1.9997767135500908,2.00068112462759,1.9881951436400411,1.992680586874485,project://predictor_specific_difficulty_v1/runs/confirm_K6_i001063/gru/d32/n256/seed3/DONE.json
done,confirm_K6_i001063,GRU,32,4,256,13,1.9826139584183693,16,21,6888,cpu,2.014028169214725,1.9664726182818413,1.989797070622444,2.013644225895405,project://predictor_specific_difficulty_v1/runs/confirm_K6_i001063/gru/d32/n256/seed4/DONE.json
done,confirm_K6_i001063,GRU,32,5,256,25,2.013763476163149,16,33,6888,cpu,1.993874065577984,1.9767117649316788,1.9896279722452164,2.000017322599888,project://predictor_specific_difficulty_v1/runs/confirm_K6_i001063/gru/d32/n256/seed5/DONE.json
done,confirm_K6_i001063,GRU,128,1,256,23,1.9878645427525043,16,31,101256,cpu,2.011200860142708,2.01143429428339,2.0045971050858498,1.976451240479946,project://predictor_specific_difficulty_v1/runs/confirm_K6_i001063/gru/d128/n256/seed1/DONE.json
done,confirm_K6_i001063,GRU,128,2,256,12,1.9866619743406773,16,20,101256,cpu,1.999673567712307,2.00572919100523,2.010044500231743,1.9861273914575577,project://predictor_specific_difficulty_v1/runs/confirm_K6_i001063/gru/d128/n256/seed2/DONE.json
done,confirm_K6_i001063,GRU,128,3,256,6,1.9836177788674831,16,14,101256,cpu,2.008956268429756,1.9845928847789764,2.023809552192688,1.998021885752678,project://predictor_specific_difficulty_v1/runs/confirm_K6_i001063/gru/d128/n256/seed3/DONE.json
done,confirm_K6_i001063,GRU,128,4,256,19,1.9898460283875463,16,27,101256,cpu,1.9842701852321625,1.980562373995781,1.990965075790882,2.0408612564206123,project://predictor_specific_difficulty_v1/runs/confirm_K6_i001063/gru/d128/n256/seed4/DONE.json
done,confirm_K6_i001063,GRU,128,5,256,16,1.993525132536888,16,24,101256,cpu,2.00949327647686,2.00597632676363,1.970608226954937,1.9539929628372192,project://predictor_specific_difficulty_v1/runs/confirm_K6_i001063/gru/d128/n256/seed5/DONE.json
done,confirm_K6_i001063,Transformer,8,1,256,29,1.9905835315585136,16,37,1064,cpu,1.9958300292491915,1.99089365452528,1.9891330897808075,1.9798535108566284,project://predictor_specific_difficulty_v1/runs/confirm_K6_i001063/transformer/d8/n256/seed1/DONE.json
done,confirm_K6_i001063,Transformer,8,2,256,37,1.991016186773777,16,45,1064,cpu,1.974217250943184,1.9790537431836128,1.9731724634766576,1.977632813155651,project://predictor_specific_difficulty_v1/runs/confirm_K6_i001063/transformer/d8/n256/seed2/DONE.json
done,confirm_K6_i001063,Transformer,8,3,256,22,1.999259311705828,16,30,1064,cpu,1.9957531243562696,2.0081144273281097,2.027272224426269,1.982486881315708,project://predictor_specific_difficulty_v1/runs/confirm_K6_i001063/transformer/d8/n256/seed3/DONE.json
done,confirm_K6_i001063,Transformer,8,4,256,48,1.995874959975481,16,48,1064,cpu,1.9923711344599724,1.9803586527705197,1.966550633311272,1.966864638030529,project://predictor_specific_difficulty_v1/runs/confirm_K6_i001063/transformer/d8/n256/seed4/DONE.json
done,confirm_K6_i001063,Transformer,8,5,256,33,1.9852190725505352,16,41,1064,cpu,1.998027190566063,1.95725629478693,1.9862997755408287,2.017623871564865,project://predictor_specific_difficulty_v1/runs/confirm_K6_i001063/transformer/d8/n256/seed5/DONE.json
done,confirm_K6_i001063,Transformer,32,1,256,6,2.012057323008776,16,14,13448,cpu,2.0189198926091194,1.995217747986317,2.0577443093061447,2.007404789328575,project://predictor_specific_difficulty_v1/runs/confirm_K6_i001063/transformer/d32/n256/seed1/DONE.json
done,confirm_K6_i001063,Transformer,32,2,256,8,2.009934201836586,16,16,13448,cpu,1.9900230020284653,2.0065069124102592,1.9813651219010355,1.982281930744648,project://predictor_specific_difficulty_v1/runs/confirm_K6_i001063/transformer/d32/n256/seed2/DONE.json
done,confirm_K6_i001063,Transformer,32,3,256,27,1.9884049966931343,16,35,13448,cpu,1.9842730909585955,1.983886033296585,1.9321277737617493,2.0336918383836746,project://predictor_specific_difficulty_v1/runs/confirm_K6_i001063/transformer/d32/n256/seed3/DONE.json
done,confirm_K6_i001063,Transformer,32,4,256,5,2.036122176796198,16,13,13448,cpu,2.037004366517067,2.027021013200283,2.012178584933281,2.0249352902174,project://predictor_specific_difficulty_v1/runs/confirm_K6_i001063/transformer/d32/n256/seed4/DONE.json
done,confirm_K6_i001063,Transformer,32,5,256,12,2.008980702608824,16,20,13448,cpu,1.971981942653656,2.017592377960682,2.001756928861141,2.031067371368408,project://predictor_specific_difficulty_v1/runs/confirm_K6_i001063/transformer/d32/n256/seed5/DONE.json
done,confirm_K6_i001063,Transformer,128,1,256,36,1.9973601773381235,16,44,201224,cpu,1.9872874915599823,1.9997396171092987,1.9790567606687544,1.979884058237076,project://predictor_specific_difficulty_v1/runs/confirm_K6_i001063/transformer/d128/n256/seed1/DONE.json
done,confirm_K6_i001063,Transformer,128,2,256,8,2.028736684471369,16,16,201224,cpu,2.0120753347873688,2.029913082718849,1.997284099459648,1.9850361570715904,project://predictor_specific_difficulty_v1/runs/confirm_K6_i001063/transformer/d128/n256/seed2/DONE.json
done,confirm_K6_i001063,Transformer,128,3,256,10,1.9879573956131933,16,18,201224,cpu,2.010526657104492,2.084035776555538,2.0067956671118736,2.037155963480473,project://predictor_specific_difficulty_v1/runs/confirm_K6_i001063/transformer/d128/n256/seed3/DONE.json
done,confirm_K6_i001063,Transformer,128,4,256,14,2.015737071633339,16,22,201224,cpu,2.012167878448963,2.0194539353251457,2.03634874522686,1.9872224479913712,project://predictor_specific_difficulty_v1/runs/confirm_K6_i001063/transformer/d128/n256/seed4/DONE.json
done,confirm_K6_i001063,Transformer,128,5,256,24,1.9967640601098535,16,32,201224,cpu,1.99043682217598,2.0042315050959587,1.976357251405716,1.9912301525473597,project://predictor_specific_difficulty_v1/runs/confirm_K6_i001063/transformer/d128/n256/seed5/DONE.json
