status,hmm_id,architecture,dimension,seed,n_train,best_epoch,best_val_ce,final_batch_size,epochs_completed,parameter_count,device,test_ce_h1,test_ce_h2,test_ce_h3,test_ce_h4,result_file
done,bank_K3_i000956,GRU,8,1,256,24,2.064781505614519,16,32,576,cpu,2.076452150940895,2.071443200111389,2.084934040904045,2.0776782780885696,project://predictive_profile_strict_replication_v1/runs/bank_K3_i000956/gru/d8/n256/seed1/DONE.json
done,bank_K3_i000956,GRU,8,2,256,48,2.073910549283028,16,48,576,cpu,2.0740603655576706,2.0651740729808807,2.063749685883522,2.0670685470104218,project://predictive_profile_strict_replication_v1/runs/bank_K3_i000956/gru/d8/n256/seed2/DONE.json
done,bank_K3_i000956,GRU,8,3,256,45,2.066622994840145,16,48,576,cpu,2.063941389322281,2.061108335852623,2.069584310054779,2.074957847595215,project://predictive_profile_strict_replication_v1/runs/bank_K3_i000956/gru/d8/n256/seed3/DONE.json
done,bank_K3_i000956,GRU,8,4,256,44,2.067337717860937,16,48,576,cpu,2.076934203505516,2.063459351658821,2.0631874054670334,2.074095115065574,project://predictive_profile_strict_replication_v1/runs/bank_K3_i000956/gru/d8/n256/seed4/DONE.json
done,bank_K3_i000956,GRU,8,5,256,29,2.0703843981027603,16,37,576,cpu,2.069310143589973,2.0762108266353607,2.0721987038850784,2.0755833238363266,project://predictive_profile_strict_replication_v1/runs/bank_K3_i000956/gru/d8/n256/seed5/DONE.json
done,bank_K3_i000956,GRU,32,1,256,23,2.068787466734648,16,31,6888,cpu,2.076789900660515,2.0624441653490067,2.068454630672932,2.0765979140996933,project://predictive_profile_strict_replication_v1/runs/bank_K3_i000956/gru/d32/n256/seed1/DONE.json
done,bank_K3_i000956,GRU,32,2,256,29,2.066943421959877,16,37,6888,cpu,2.0647646710276604,2.074202373623848,2.0717228800058365,2.069239005446434,project://predictive_profile_strict_replication_v1/runs/bank_K3_i000956/gru/d32/n256/seed2/DONE.json
done,bank_K3_i000956,GRU,32,3,256,5,2.077172070741653,16,13,6888,cpu,2.0819925367832184,2.0789928883314133,2.061740294098854,2.079195097088814,project://predictive_profile_strict_replication_v1/runs/bank_K3_i000956/gru/d32/n256/seed3/DONE.json
done,bank_K3_i000956,GRU,32,4,256,36,2.07350417599082,16,44,6888,cpu,2.072741463780403,2.0698287338018417,2.081432171165943,2.0758211463689804,project://predictive_profile_strict_replication_v1/runs/bank_K3_i000956/gru/d32/n256/seed4/DONE.json
done,bank_K3_i000956,GRU,32,5,256,9,2.06575196236372,16,17,6888,cpu,2.0681835412979126,2.068594247102737,2.0669578313827515,2.0645007342100143,project://predictive_profile_strict_replication_v1/runs/bank_K3_i000956/gru/d32/n256/seed5/DONE.json
done,bank_K3_i000956,GRU,128,1,256,8,2.080166097730398,16,16,101256,cpu,2.070067837834358,2.0818770080804825,2.1004969477653503,2.0985456705093384,project://predictive_profile_strict_replication_v1/runs/bank_K3_i000956/gru/d128/n256/seed1/DONE.json
done,bank_K3_i000956,GRU,128,2,256,18,2.0714667811989784,16,26,101256,cpu,2.069607049226761,2.0796707570552826,2.0836000442504883,2.0950039476156235,project://predictive_profile_strict_replication_v1/runs/bank_K3_i000956/gru/d128/n256/seed2/DONE.json
done,bank_K3_i000956,GRU,128,3,256,17,2.0682588182389736,16,25,101256,cpu,2.073227748274803,2.0837937593460083,2.056601494550705,2.085273966193199,project://predictive_profile_strict_replication_v1/runs/bank_K3_i000956/gru/d128/n256/seed3/DONE.json
done,bank_K3_i000956,GRU,128,4,256,4,2.0976550355553627,16,12,101256,cpu,2.1049879789352417,2.112543985247612,2.129591464996338,2.114156663417816,project://predictive_profile_strict_replication_v1/runs/bank_K3_i000956/gru/d128/n256/seed4/DONE.json
done,bank_K3_i000956,GRU,128,5,256,7,2.086816348135472,16,15,101256,cpu,2.087467685341835,2.08588045835495,2.0886137932538986,2.079068697988987,project://predictive_profile_strict_replication_v1/runs/bank_K3_i000956/gru/d128/n256/seed5/DONE.json
done,bank_K3_i000956,Transformer,8,1,256,43,2.063174743205309,16,48,1064,cpu,2.074049100279808,2.0654576867818832,2.068237572908401,2.067158639431,project://predictive_profile_strict_replication_v1/runs/bank_K3_i000956/transformer/d8/n256/seed1/DONE.json
done,bank_K3_i000956,Transformer,8,2,256,43,2.070448115468025,16,48,1064,cpu,2.066666319966316,2.070052474737168,2.0641576647758484,2.079764634370804,project://predictive_profile_strict_replication_v1/runs/bank_K3_i000956/transformer/d8/n256/seed2/DONE.json
done,bank_K3_i000956,Transformer,8,3,256,45,2.079552717506885,16,48,1064,cpu,2.070949509739876,2.0760752707719803,2.067116692662239,2.064741626381874,project://predictive_profile_strict_replication_v1/runs/bank_K3_i000956/transformer/d8/n256/seed3/DONE.json
done,bank_K3_i000956,Transformer,8,4,256,48,2.0753218308091164,16,48,1064,cpu,2.0694260597229004,2.0739040076732635,2.060083381831646,2.0770574808120728,project://predictive_profile_strict_replication_v1/runs/bank_K3_i000956/transformer/d8/n256/seed4/DONE.json
done,bank_K3_i000956,Transformer,8,5,256,36,2.078547529876232,16,44,1064,cpu,2.0837903022766118,2.0722824335098267,2.0690569281578064,2.081916645169258,project://predictive_profile_strict_replication_v1/runs/bank_K3_i000956/transformer/d8/n256/seed5/DONE.json
done,bank_K3_i000956,Transformer,32,1,256,11,2.081371404230594,16,19,13448,cpu,2.081270307302475,2.0923642963171005,2.090822845697403,2.075790286064148,project://predictive_profile_strict_replication_v1/runs/bank_K3_i000956/transformer/d32/n256/seed1/DONE.json
done,bank_K3_i000956,Transformer,32,2,256,8,2.07969306409359,16,16,13448,cpu,2.063657470047474,2.1048323661088943,2.1192110627889638,2.0971125662326813,project://predictive_profile_strict_replication_v1/runs/bank_K3_i000956/transformer/d32/n256/seed2/DONE.json
done,bank_K3_i000956,Transformer,32,3,256,13,2.0795505307614803,16,21,13448,cpu,2.083663783967495,2.068649098277092,2.0820836424827576,2.108957588672638,project://predictive_profile_strict_replication_v1/runs/bank_K3_i000956/transformer/d32/n256/seed3/DONE.json
done,bank_K3_i000956,Transformer,32,4,256,22,2.078301414847374,16,30,13448,cpu,2.071198746562004,2.074190691113472,2.078520819544792,2.0679109394550323,project://predictive_profile_strict_replication_v1/runs/bank_K3_i000956/transformer/d32/n256/seed4/DONE.json
done,bank_K3_i000956,Transformer,32,5,256,21,2.091572694480419,16,29,13448,cpu,2.06656751036644,2.076145850121975,2.0855033695697784,2.0702221989631653,project://predictive_profile_strict_replication_v1/runs/bank_K3_i000956/transformer/d32/n256/seed5/DONE.json
done,bank_K3_i000956,Transformer,128,1,256,24,2.0891425237059598,16,32,201224,cpu,2.0660652443766594,2.066470667719841,2.0980416759848595,2.1079198122024536,project://predictive_profile_strict_replication_v1/runs/bank_K3_i000956/transformer/d128/n256/seed1/DONE.json
done,bank_K3_i000956,Transformer,128,2,256,21,2.083428736776113,16,29,201224,cpu,2.0944780707359314,2.0831586942076683,2.0959451347589493,2.080278798937797,project://predictive_profile_strict_replication_v1/runs/bank_K3_i000956/transformer/d128/n256/seed2/DONE.json
done,bank_K3_i000956,Transformer,128,3,256,27,2.0657157823443413,16,35,201224,cpu,2.088349126279354,2.1070588678121567,2.080387406051159,2.086321473121643,project://predictive_profile_strict_replication_v1/runs/bank_K3_i000956/transformer/d128/n256/seed3/DONE.json
done,bank_K3_i000956,Transformer,128,4,256,4,2.1266353130340576,16,12,201224,cpu,2.1257340908050537,2.105853319168091,2.0810549035668373,2.096760541200638,project://predictive_profile_strict_replication_v1/runs/bank_K3_i000956/transformer/d128/n256/seed4/DONE.json
done,bank_K3_i000956,Transformer,128,5,256,22,2.0847892835736275,16,30,201224,cpu,2.1139083057641983,2.0908956676721573,2.080339014530182,2.0999508425593376,project://predictive_profile_strict_replication_v1/runs/bank_K3_i000956/transformer/d128/n256/seed5/DONE.json
done,bank_K3_i000215,GRU,8,1,256,46,2.0422904416918755,16,48,576,cpu,2.0424340963363647,2.0470328480005264,2.05320180952549,2.049767754971981,project://predictive_profile_strict_replication_v1/runs/bank_K3_i000215/gru/d8/n256/seed1/DONE.json
done,bank_K3_i000215,GRU,8,2,256,33,2.0441059842705727,16,41,576,cpu,2.039617381989956,2.04140355437994,2.049298755824566,2.070109836757183,project://predictive_profile_strict_replication_v1/runs/bank_K3_i000215/gru/d8/n256/seed2/DONE.json
done,bank_K3_i000215,GRU,8,3,256,40,2.038160264492035,16,48,576,cpu,2.044173762202263,2.0567018762230878,2.041209064424038,2.0489235520362854,project://predictive_profile_strict_replication_v1/runs/bank_K3_i000215/gru/d8/n256/seed3/DONE.json
done,bank_K3_i000215,GRU,8,4,256,26,2.0499679259955883,16,34,576,cpu,2.0513304471969604,2.043168239295482,2.0626834332942963,2.0447590947151184,project://predictive_profile_strict_replication_v1/runs/bank_K3_i000215/gru/d8/n256/seed4/DONE.json
done,bank_K3_i000215,GRU,8,5,256,48,2.048170465976,16,48,576,cpu,2.0448372662067413,2.025981180369854,2.0593861639499664,2.06141497194767,project://predictive_profile_strict_replication_v1/runs/bank_K3_i000215/gru/d8/n256/seed5/DONE.json
done,bank_K3_i000215,GRU,32,1,256,16,2.0519927851855755,16,24,6888,cpu,2.036496065557003,2.044469863176346,2.024805851280689,2.0502588599920277,project://predictive_profile_strict_replication_v1/runs/bank_K3_i000215/gru/d32/n256/seed1/DONE.json
done,bank_K3_i000215,GRU,32,2,256,5,2.051030382514,16,13,6888,cpu,2.0517766252160072,2.029354989528656,2.063295029103756,2.0373656153678894,project://predictive_profile_strict_replication_v1/runs/bank_K3_i000215/gru/d32/n256/seed2/DONE.json
done,bank_K3_i000215,GRU,32,3,256,6,2.0448063388466835,16,14,6888,cpu,2.042863100767136,2.0518903881311417,2.074285164475441,2.0609935894608498,project://predictive_profile_strict_replication_v1/runs/bank_K3_i000215/gru/d32/n256/seed3/DONE.json
done,bank_K3_i000215,GRU,32,4,256,34,2.0373258031904697,16,42,6888,cpu,2.03405299782753,2.046924389898777,2.065618202090264,2.045852541923523,project://predictive_profile_strict_replication_v1/runs/bank_K3_i000215/gru/d32/n256/seed4/DONE.json
done,bank_K3_i000215,GRU,32,5,256,24,2.0351597629487514,16,32,6888,cpu,2.0561878234148026,2.040160559117794,2.048407562077045,2.080049678683281,project://predictive_profile_strict_replication_v1/runs/bank_K3_i000215/gru/d32/n256/seed5/DONE.json
done,bank_K3_i000215,GRU,128,1,256,13,2.0541236586868763,16,21,101256,cpu,2.0591048300266266,2.0762510001659398,2.0851630717515945,2.057587079703808,project://predictive_profile_strict_replication_v1/runs/bank_K3_i000215/gru/d128/n256/seed1/DONE.json
done,bank_K3_i000215,GRU,128,2,256,11,2.0514336712658405,16,19,101256,cpu,2.0463101863861084,2.040132723748684,2.063074372708797,2.0901278257369995,project://predictive_profile_strict_replication_v1/runs/bank_K3_i000215/gru/d128/n256/seed2/DONE.json
done,bank_K3_i000215,GRU,128,3,256,6,2.072555784136057,16,14,101256,cpu,2.0550667122006416,2.059546500444412,2.0715971514582634,2.051255278289318,project://predictive_profile_strict_replication_v1/runs/bank_K3_i000215/gru/d128/n256/seed3/DONE.json
done,bank_K3_i000215,GRU,128,4,256,21,2.0591942220926285,16,29,101256,cpu,2.068466916680336,2.0652695670723915,2.0624198764562607,2.062931515276432,project://predictive_profile_strict_replication_v1/runs/bank_K3_i000215/gru/d128/n256/seed4/DONE.json
done,bank_K3_i000215,GRU,128,5,256,9,2.049925811588764,16,17,101256,cpu,2.0634612068533897,2.0754060819745064,2.0559063106775284,2.067238919436932,project://predictive_profile_strict_replication_v1/runs/bank_K3_i000215/gru/d128/n256/seed5/DONE.json
done,bank_K3_i000215,Transformer,8,1,256,48,2.0483784526586533,16,48,1064,cpu,2.051759883761406,2.0394819229841232,2.035081759095192,2.0609242022037506,project://predictive_profile_strict_replication_v1/runs/bank_K3_i000215/transformer/d8/n256/seed1/DONE.json
done,bank_K3_i000215,Transformer,8,2,256,47,2.050631485879421,16,48,1064,cpu,2.0480713546276093,2.0271084308624268,2.0526076927781105,2.031958483159542,project://predictive_profile_strict_replication_v1/runs/bank_K3_i000215/transformer/d8/n256/seed2/DONE.json
done,bank_K3_i000215,Transformer,8,3,256,48,2.062131643295288,16,48,1064,cpu,2.029449298977852,2.0535330399870872,2.0414503514766693,2.0493039414286613,project://predictive_profile_strict_replication_v1/runs/bank_K3_i000215/transformer/d8/n256/seed3/DONE.json
done,bank_K3_i000215,Transformer,8,4,256,41,2.059770666062832,16,48,1064,cpu,2.060956694185734,2.0580031126737595,2.0539234951138496,2.0645636320114136,project://predictive_profile_strict_replication_v1/runs/bank_K3_i000215/transformer/d8/n256/seed4/DONE.json
done,bank_K3_i000215,Transformer,8,5,256,18,2.0551066026091576,16,26,1064,cpu,2.067619688808918,2.0782120153307915,2.042871318757534,2.0792151466012,project://predictive_profile_strict_replication_v1/runs/bank_K3_i000215/transformer/d8/n256/seed5/DONE.json
done,bank_K3_i000215,Transformer,32,1,256,6,2.0613225176930428,16,14,13448,cpu,2.057272464036941,2.060258835554123,2.042372114956379,2.093424215912819,project://predictive_profile_strict_replication_v1/runs/bank_K3_i000215/transformer/d32/n256/seed1/DONE.json
done,bank_K3_i000215,Transformer,32,2,256,5,2.069974046200514,16,13,13448,cpu,2.0465059652924538,2.079676754772663,2.078716926276684,2.0553451627492905,project://predictive_profile_strict_replication_v1/runs/bank_K3_i000215/transformer/d32/n256/seed2/DONE.json
done,bank_K3_i000215,Transformer,32,3,256,10,2.0406181439757347,16,18,13448,cpu,2.0460123792290688,2.056797593832016,2.078417047858238,2.044683612883091,project://predictive_profile_strict_replication_v1/runs/bank_K3_i000215/transformer/d32/n256/seed3/DONE.json
done,bank_K3_i000215,Transformer,32,4,256,20,2.069841153919697,16,28,13448,cpu,2.070002757012844,2.039449281990528,2.084639057517052,2.04872889816761,project://predictive_profile_strict_replication_v1/runs/bank_K3_i000215/transformer/d32/n256/seed4/DONE.json
done,bank_K3_i000215,Transformer,32,5,256,22,2.064299277961254,16,30,13448,cpu,2.0616628378629684,2.0491392835974693,2.0567332953214645,2.032724305987358,project://predictive_profile_strict_replication_v1/runs/bank_K3_i000215/transformer/d32/n256/seed5/DONE.json
done,bank_K3_i000215,Transformer,128,1,256,15,2.071146585047245,16,23,201224,cpu,2.044796608388424,2.0608470737934117,2.09606920927763,2.0623111501336098,project://predictive_profile_strict_replication_v1/runs/bank_K3_i000215/transformer/d128/n256/seed1/DONE.json
done,bank_K3_i000215,Transformer,128,2,256,6,2.0940031819045544,16,14,201224,cpu,2.0650402158498764,2.093920700252056,2.12791395932436,2.0754158943891525,project://predictive_profile_strict_replication_v1/runs/bank_K3_i000215/transformer/d128/n256/seed2/DONE.json
done,bank_K3_i000215,Transformer,128,3,256,30,2.053563542664051,16,38,201224,cpu,2.054694585502148,2.058697991073132,2.0813471227884293,2.0680809542536736,project://predictive_profile_strict_replication_v1/runs/bank_K3_i000215/transformer/d128/n256/seed3/DONE.json
done,bank_K3_i000215,Transformer,128,4,256,43,2.0639857463538647,16,48,201224,cpu,2.051940456032753,2.054273508489132,2.025688275694847,2.053842090070248,project://predictive_profile_strict_replication_v1/runs/bank_K3_i000215/transformer/d128/n256/seed4/DONE.json
done,bank_K3_i000215,Transformer,128,5,256,25,2.04708668589592,16,33,201224,cpu,2.0381565615534782,2.06013897806406,2.07711361348629,2.0598210096359253,project://predictive_profile_strict_replication_v1/runs/bank_K3_i000215/transformer/d128/n256/seed5/DONE.json
done,bank_K3_i000970,GRU,8,1,256,48,1.9022561274468897,16,48,576,cpu,1.9036568254232409,1.904295563697815,1.942723363637924,1.9316914677619932,project://predictive_profile_strict_replication_v1/runs/bank_K3_i000970/gru/d8/n256/seed1/DONE.json
done,bank_K3_i000970,GRU,8,2,256,48,1.9046438746154308,16,48,576,cpu,1.90654406696558,1.883683793246746,1.8717136308550837,1.911087766289711,project://predictive_profile_strict_replication_v1/runs/bank_K3_i000970/gru/d8/n256/seed2/DONE.json
done,bank_K3_i000970,GRU,8,3,256,48,1.8990464694797995,16,48,576,cpu,1.8970605805516243,1.8892785906791687,1.852350436151028,1.873756468296051,project://predictive_profile_strict_replication_v1/runs/bank_K3_i000970/gru/d8/n256/seed3/DONE.json
done,bank_K3_i000970,GRU,8,4,256,46,1.9017389118671415,16,48,576,cpu,1.9030309244990349,1.8695986047387123,1.9360625892877577,1.9060265198349955,project://predictive_profile_strict_replication_v1/runs/bank_K3_i000970/gru/d8/n256/seed4/DONE.json
done,bank_K3_i000970,GRU,8,5,256,48,1.8885639645159245,16,48,576,cpu,1.919258937239647,1.9096740260720253,1.895157292485237,1.902827434241772,project://predictive_profile_strict_replication_v1/runs/bank_K3_i000970/gru/d8/n256/seed5/DONE.json
done,bank_K3_i000970,GRU,32,1,256,20,1.913482390344143,16,28,6888,cpu,1.913984961807728,1.8658661022782328,1.902847357094288,1.90891545265913,project://predictive_profile_strict_replication_v1/runs/bank_K3_i000970/gru/d32/n256/seed1/DONE.json
done,bank_K3_i000970,GRU,32,2,256,25,1.9093294031918049,16,33,6888,cpu,1.9284162074327469,1.923167109489441,1.9311417415738104,1.903562307357788,project://predictive_profile_strict_replication_v1/runs/bank_K3_i000970/gru/d32/n256/seed2/DONE.json
done,bank_K3_i000970,GRU,32,3,256,39,1.895685728639364,16,47,6888,cpu,1.9084816202521324,1.9326703697443008,1.9102288857102396,1.9073704704642296,project://predictive_profile_strict_replication_v1/runs/bank_K3_i000970/gru/d32/n256/seed3/DONE.json
done,bank_K3_i000970,GRU,32,4,256,34,1.8885608613491056,16,42,6888,cpu,1.9172865077853205,1.8430387377738957,1.9258644506335256,1.9056545570492744,project://predictive_profile_strict_replication_v1/runs/bank_K3_i000970/gru/d32/n256/seed4/DONE.json
done,bank_K3_i000970,GRU,32,5,256,43,1.8910199776291847,16,48,6888,cpu,1.892569102346897,1.8451620414853096,1.8784779459238048,1.9146338626742363,project://predictive_profile_strict_replication_v1/runs/bank_K3_i000970/gru/d32/n256/seed5/DONE.json
done,bank_K3_i000970,GRU,128,1,256,8,1.9232674352824688,16,16,101256,cpu,1.9338542520999908,1.930273398756981,1.946450024843216,1.8831656649708748,project://predictive_profile_strict_replication_v1/runs/bank_K3_i000970/gru/d128/n256/seed1/DONE.json
done,bank_K3_i000970,GRU,128,2,256,13,1.927046611905098,16,21,101256,cpu,1.923212476074696,1.9319475442171097,1.9042477682232857,1.921560451388359,project://predictive_profile_strict_replication_v1/runs/bank_K3_i000970/gru/d128/n256/seed2/DONE.json
done,bank_K3_i000970,GRU,128,3,256,8,1.9022747091948984,16,16,101256,cpu,1.92002097517252,1.9527874812483788,1.913310505449772,1.8914392217993736,project://predictive_profile_strict_replication_v1/runs/bank_K3_i000970/gru/d128/n256/seed3/DONE.json
done,bank_K3_i000970,GRU,128,4,256,4,1.9043501876294613,16,12,101256,cpu,1.9353126734495163,1.9117419347167013,1.957765944302082,1.8569449335336683,project://predictive_profile_strict_replication_v1/runs/bank_K3_i000970/gru/d128/n256/seed4/DONE.json
done,bank_K3_i000970,GRU,128,5,256,32,1.9244349971413608,16,40,101256,cpu,1.905443333089352,1.922209054231644,1.9273499995470047,1.888090878725052,project://predictive_profile_strict_replication_v1/runs/bank_K3_i000970/gru/d128/n256/seed5/DONE.json
done,bank_K3_i000970,Transformer,8,1,256,33,1.933653257787228,16,41,1064,cpu,1.9085182026028635,1.9323860108852384,1.8873491659760475,1.908898487687111,project://predictive_profile_strict_replication_v1/runs/bank_K3_i000970/transformer/d8/n256/seed1/DONE.json
done,bank_K3_i000970,Transformer,8,2,256,46,1.915870390832424,16,48,1064,cpu,1.899420566856861,1.9134243950247765,1.9036513343453407,1.931357637047768,project://predictive_profile_strict_replication_v1/runs/bank_K3_i000970/transformer/d8/n256/seed2/DONE.json
done,bank_K3_i000970,Transformer,8,3,256,46,1.9182460978627205,16,48,1064,cpu,1.910204879939556,1.934341475367546,1.9312592595815656,1.912004537880421,project://predictive_profile_strict_replication_v1/runs/bank_K3_i000970/transformer/d8/n256/seed3/DONE.json
done,bank_K3_i000970,Transformer,8,4,256,47,1.884482905268669,16,48,1064,cpu,1.9166006967425344,1.90601260215044,1.864827699959278,1.9069422036409376,project://predictive_profile_strict_replication_v1/runs/bank_K3_i000970/transformer/d8/n256/seed4/DONE.json
done,bank_K3_i000970,Transformer,8,5,256,45,1.933385752141476,16,48,1064,cpu,1.9235383421182632,1.9169142097234728,1.8945646435022356,1.895600229501724,project://predictive_profile_strict_replication_v1/runs/bank_K3_i000970/transformer/d8/n256/seed5/DONE.json
done,bank_K3_i000970,Transformer,32,1,256,14,1.91228386759758,16,22,13448,cpu,1.89467603713274,1.906536176800728,1.888078093528748,1.917288988828659,project://predictive_profile_strict_replication_v1/runs/bank_K3_i000970/transformer/d32/n256/seed1/DONE.json
done,bank_K3_i000970,Transformer,32,2,256,24,1.897867787629366,16,32,13448,cpu,1.9333333894610405,1.922205463051796,1.898882746696472,1.8860360905528069,project://predictive_profile_strict_replication_v1/runs/bank_K3_i000970/transformer/d32/n256/seed2/DONE.json
done,bank_K3_i000970,Transformer,32,3,256,24,1.907766256481409,16,32,13448,cpu,1.8960692062973976,1.866370677947998,1.8739400282502172,1.9021653458476069,project://predictive_profile_strict_replication_v1/runs/bank_K3_i000970/transformer/d32/n256/seed3/DONE.json
done,bank_K3_i000970,Transformer,32,4,256,35,1.9036234468221664,16,43,13448,cpu,1.9214696288108823,1.847924008965492,1.8927458077669144,1.9088911041617396,project://predictive_profile_strict_replication_v1/runs/bank_K3_i000970/transformer/d32/n256/seed4/DONE.json
done,bank_K3_i000970,Transformer,32,5,256,12,1.928288295865059,16,20,13448,cpu,1.9088071063160896,1.9146136566996572,1.9014001488685608,1.9071146324276924,project://predictive_profile_strict_replication_v1/runs/bank_K3_i000970/transformer/d32/n256/seed5/DONE.json
done,bank_K3_i000970,Transformer,128,1,256,5,1.9213499017059803,16,13,201224,cpu,1.9476802721619608,1.9231681749224665,1.9828048795461652,1.8662722781300545,project://predictive_profile_strict_replication_v1/runs/bank_K3_i000970/transformer/d128/n256/seed1/DONE.json
done,bank_K3_i000970,Transformer,128,2,256,17,1.9362512156367304,16,25,201224,cpu,1.9297906756401064,1.866711750626564,1.8717699721455572,1.9049555659294128,project://predictive_profile_strict_replication_v1/runs/bank_K3_i000970/transformer/d128/n256/seed2/DONE.json
done,bank_K3_i000970,Transformer,128,3,256,40,1.918490320444107,16,48,201224,cpu,1.9490088373422625,1.9081485196948047,1.889872923493385,1.900163546204567,project://predictive_profile_strict_replication_v1/runs/bank_K3_i000970/transformer/d128/n256/seed3/DONE.json
done,bank_K3_i000970,Transformer,128,4,256,26,1.9020505473017693,16,34,201224,cpu,1.9043511003255844,1.8652227148413656,1.931613467633724,1.9421445950865743,project://predictive_profile_strict_replication_v1/runs/bank_K3_i000970/transformer/d128/n256/seed4/DONE.json
done,bank_K3_i000970,Transformer,128,5,256,9,1.922323137521744,16,17,201224,cpu,1.8914991915225985,1.94438985735178,1.9195285439491272,1.9326546266674995,project://predictive_profile_strict_replication_v1/runs/bank_K3_i000970/transformer/d128/n256/seed5/DONE.json
done,bank_K3_i001094,GRU,8,1,256,44,2.060158282518387,16,48,576,cpu,2.0502556040883064,2.048490986227989,2.0420135483145714,2.048517033457756,project://predictive_profile_strict_replication_v1/runs/bank_K3_i001094/gru/d8/n256/seed1/DONE.json
done,bank_K3_i001094,GRU,8,2,256,48,2.041644349694252,16,48,576,cpu,2.057303845882416,2.0234361812472343,2.052535936236381,2.0354590639472008,project://predictive_profile_strict_replication_v1/runs/bank_K3_i001094/gru/d8/n256/seed2/DONE.json
done,bank_K3_i001094,GRU,8,3,256,33,2.0524853579699998,16,41,576,cpu,2.057375341653824,2.0456414222717285,2.0245635733008385,2.039731800556183,project://predictive_profile_strict_replication_v1/runs/bank_K3_i001094/gru/d8/n256/seed3/DONE.json
done,bank_K3_i001094,GRU,8,4,256,39,2.03542061150074,16,47,576,cpu,2.0428003817796707,2.0300625190138817,2.030206114053726,2.052133284509182,project://predictive_profile_strict_replication_v1/runs/bank_K3_i001094/gru/d8/n256/seed4/DONE.json
done,bank_K3_i001094,GRU,8,5,256,19,2.0524622425436974,16,27,576,cpu,2.0558087527751923,2.0661488324403763,2.032668419182301,2.03486043214798,project://predictive_profile_strict_replication_v1/runs/bank_K3_i001094/gru/d8/n256/seed5/DONE.json
done,bank_K3_i001094,GRU,32,1,256,6,2.057128839194774,16,14,6888,cpu,2.0628950893878937,2.060303695499897,2.0674858391284943,2.052560530602932,project://predictive_profile_strict_replication_v1/runs/bank_K3_i001094/gru/d32/n256/seed1/DONE.json
done,bank_K3_i001094,GRU,32,2,256,23,2.0386628434062004,16,31,6888,cpu,2.0466064363718037,2.0499880984425545,2.021304801106453,2.041876226663589,project://predictive_profile_strict_replication_v1/runs/bank_K3_i001094/gru/d32/n256/seed2/DONE.json
done,bank_K3_i001094,GRU,32,3,256,10,2.0539837926626205,16,18,6888,cpu,2.056816413998604,2.040821149945259,2.0511399805545807,2.05261554569006,project://predictive_profile_strict_replication_v1/runs/bank_K3_i001094/gru/d32/n256/seed3/DONE.json
done,bank_K3_i001094,GRU,32,4,256,26,2.0372186228632927,16,34,6888,cpu,2.034340918064117,2.031351737678051,2.0258034989237785,2.0760478749871254,project://predictive_profile_strict_replication_v1/runs/bank_K3_i001094/gru/d32/n256/seed4/DONE.json
done,bank_K3_i001094,GRU,32,5,256,8,2.0436223596334457,16,16,6888,cpu,2.0713931620121,2.080123484134674,2.015458360314369,2.054373495280742,project://predictive_profile_strict_replication_v1/runs/bank_K3_i001094/gru/d32/n256/seed5/DONE.json
done,bank_K3_i001094,GRU,128,1,256,7,2.07575623691082,16,15,101256,cpu,2.075593970716,2.057702213525772,2.081979386508465,2.087755464017391,project://predictive_profile_strict_replication_v1/runs/bank_K3_i001094/gru/d128/n256/seed1/DONE.json
done,bank_K3_i001094,GRU,128,2,256,23,2.0484479516744614,16,31,101256,cpu,2.0407210141420364,2.072520151734352,2.03539764136076,2.0920480489730835,project://predictive_profile_strict_replication_v1/runs/bank_K3_i001094/gru/d128/n256/seed2/DONE.json
done,bank_K3_i001094,GRU,128,3,256,8,2.050895832479,16,16,101256,cpu,2.052026890218258,2.0445145294070244,2.078380011022091,2.036882162094116,project://predictive_profile_strict_replication_v1/runs/bank_K3_i001094/gru/d128/n256/seed3/DONE.json
done,bank_K3_i001094,GRU,128,4,256,5,2.07032984122634,16,13,101256,cpu,2.0453059524297714,2.071991823613644,2.0256505087018013,2.095727756619453,project://predictive_profile_strict_replication_v1/runs/bank_K3_i001094/gru/d128/n256/seed4/DONE.json
done,bank_K3_i001094,GRU,128,5,256,11,2.0564723052084446,16,19,101256,cpu,2.045303627848625,2.0581562519073486,2.0439463108778,2.0539899691939354,project://predictive_profile_strict_replication_v1/runs/bank_K3_i001094/gru/d128/n256/seed5/DONE.json
done,bank_K3_i001094,Transformer,8,1,256,45,2.0680694468319416,16,48,1064,cpu,2.044453859329224,2.0374468117952347,2.040618121623993,2.055473938584328,project://predictive_profile_strict_replication_v1/runs/bank_K3_i001094/transformer/d8/n256/seed1/DONE.json
done,bank_K3_i001094,Transformer,8,2,256,43,2.0485207810997963,16,48,1064,cpu,2.038648709654808,2.044262796640396,2.062229171395302,2.030556872487068,project://predictive_profile_strict_replication_v1/runs/bank_K3_i001094/transformer/d8/n256/seed2/DONE.json
done,bank_K3_i001094,Transformer,8,3,256,46,2.0480960570275784,16,48,1064,cpu,2.0545678585767746,2.0127573013305664,2.071008063852787,2.028827555477619,project://predictive_profile_strict_replication_v1/runs/bank_K3_i001094/transformer/d8/n256/seed3/DONE.json
done,bank_K3_i001094,Transformer,8,4,256,32,2.07202922180295,16,40,1064,cpu,2.0341902524232864,2.029005788266659,2.042067378759384,2.062926508486271,project://predictive_profile_strict_replication_v1/runs/bank_K3_i001094/transformer/d8/n256/seed4/DONE.json
done,bank_K3_i001094,Transformer,8,5,256,40,2.048151344060898,16,48,1064,cpu,2.059345468878746,2.026083074510097,2.03925022482872,2.0261987522244453,project://predictive_profile_strict_replication_v1/runs/bank_K3_i001094/transformer/d8/n256/seed5/DONE.json
done,bank_K3_i001094,Transformer,32,1,256,7,2.0613236390054226,16,15,13448,cpu,2.032182030379772,2.062407232820988,2.043972373008728,2.1029554903507237,project://predictive_profile_strict_replication_v1/runs/bank_K3_i001094/transformer/d32/n256/seed1/DONE.json
done,bank_K3_i001094,Transformer,32,2,256,9,2.080883916467428,16,17,13448,cpu,2.0548590049147606,2.059143364429474,2.0708922669291496,2.046991497278213,project://predictive_profile_strict_replication_v1/runs/bank_K3_i001094/transformer/d32/n256/seed2/DONE.json
done,bank_K3_i001094,Transformer,32,3,256,24,2.0590115785598755,16,32,13448,cpu,2.046924903988838,2.040484167635441,2.041899509727955,2.050973169505596,project://predictive_profile_strict_replication_v1/runs/bank_K3_i001094/transformer/d32/n256/seed3/DONE.json
done,bank_K3_i001094,Transformer,32,4,256,19,2.0442471764981747,16,27,13448,cpu,2.080896988511085,2.0763867795467377,2.050683304667473,2.0322110056877136,project://predictive_profile_strict_replication_v1/runs/bank_K3_i001094/transformer/d32/n256/seed4/DONE.json
done,bank_K3_i001094,Transformer,32,5,256,24,2.03119682893157,16,32,13448,cpu,2.0326060354709625,2.0673840939998627,2.024968795478344,2.054941736161709,project://predictive_profile_strict_replication_v1/runs/bank_K3_i001094/transformer/d32/n256/seed5/DONE.json
done,bank_K3_i001094,Transformer,128,1,256,23,2.0644280426204205,16,31,201224,cpu,2.0377195701003075,2.065209947526455,2.11323656886816,2.044169194996357,project://predictive_profile_strict_replication_v1/runs/bank_K3_i001094/transformer/d128/n256/seed1/DONE.json
done,bank_K3_i001094,Transformer,128,2,256,29,2.054113693535328,16,37,201224,cpu,2.0611285269260406,2.0616849064826965,2.053977809846401,2.0272358655929565,project://predictive_profile_strict_replication_v1/runs/bank_K3_i001094/transformer/d128/n256/seed2/DONE.json
done,bank_K3_i001094,Transformer,128,3,256,12,2.0746938101947308,16,20,201224,cpu,2.0600511357188225,2.0810158103704453,2.076559841632843,2.0863060131669044,project://predictive_profile_strict_replication_v1/runs/bank_K3_i001094/transformer/d128/n256/seed3/DONE.json
done,bank_K3_i001094,Transformer,128,4,256,11,2.077263940125704,16,19,201224,cpu,2.0912093743681908,2.072362832725048,2.0684166103601456,2.113354742527008,project://predictive_profile_strict_replication_v1/runs/bank_K3_i001094/transformer/d128/n256/seed4/DONE.json
done,bank_K3_i001094,Transformer,128,5,256,22,2.047673113644123,16,30,201224,cpu,2.063079595565796,2.076808877289295,2.05970361083746,2.064082756638527,project://predictive_profile_strict_replication_v1/runs/bank_K3_i001094/transformer/d128/n256/seed5/DONE.json
done,bank_K4_i000559,GRU,8,1,256,42,1.9488381780683997,16,48,576,cpu,1.979950524866581,1.963150016963482,1.951546847820282,1.9395955875515936,project://predictive_profile_strict_replication_v1/runs/bank_K4_i000559/gru/d8/n256/seed1/DONE.json
done,bank_K4_i000559,GRU,8,2,256,45,1.9660117030143736,16,48,576,cpu,1.9745302572846413,1.981581524014473,1.992299385368824,1.955624796450138,project://predictive_profile_strict_replication_v1/runs/bank_K4_i000559/gru/d8/n256/seed2/DONE.json
done,bank_K4_i000559,GRU,8,3,256,34,1.971691932529211,16,42,576,cpu,1.964912936091423,1.944126918911934,1.952429085969925,1.955143377184868,project://predictive_profile_strict_replication_v1/runs/bank_K4_i000559/gru/d8/n256/seed3/DONE.json
done,bank_K4_i000559,GRU,8,4,256,48,1.9531705230474472,16,48,576,cpu,1.9662659391760824,1.954542361199856,1.960165053606033,1.9494121596217155,project://predictive_profile_strict_replication_v1/runs/bank_K4_i000559/gru/d8/n256/seed4/DONE.json
done,bank_K4_i000559,GRU,8,5,256,48,1.959712356328964,16,48,576,cpu,1.98074471950531,1.9783771634101868,1.9590993449091911,1.9728051647543907,project://predictive_profile_strict_replication_v1/runs/bank_K4_i000559/gru/d8/n256/seed5/DONE.json
done,bank_K4_i000559,GRU,32,1,256,30,1.9705526567995548,16,38,6888,cpu,1.984892956912517,2.001479558646679,1.9825389459729197,1.9420631676912308,project://predictive_profile_strict_replication_v1/runs/bank_K4_i000559/gru/d32/n256/seed1/DONE.json
done,bank_K4_i000559,GRU,32,2,256,16,1.9727130085229876,16,24,6888,cpu,2.008806899189949,1.9816302135586736,1.9634253680706024,1.980068422853947,project://predictive_profile_strict_replication_v1/runs/bank_K4_i000559/gru/d32/n256/seed2/DONE.json
done,bank_K4_i000559,GRU,32,3,256,14,1.970835991203785,16,22,6888,cpu,1.983427740633488,1.9861117973923683,1.9719153344631195,1.9991729333996773,project://predictive_profile_strict_replication_v1/runs/bank_K4_i000559/gru/d32/n256/seed3/DONE.json
done,bank_K4_i000559,GRU,32,4,256,16,1.9453221932053568,16,24,6888,cpu,1.9892774522304533,1.9399283528327944,1.9963240921497345,1.9558656364679337,project://predictive_profile_strict_replication_v1/runs/bank_K4_i000559/gru/d32/n256/seed4/DONE.json
done,bank_K4_i000559,GRU,32,5,256,12,1.968037519603968,16,20,6888,cpu,1.9785840660333636,1.9834269061684608,1.9491385594010355,1.9303507134318352,project://predictive_profile_strict_replication_v1/runs/bank_K4_i000559/gru/d32/n256/seed5/DONE.json
done,bank_K4_i000559,GRU,128,1,256,21,1.979673359543085,16,29,101256,cpu,1.9521946236491203,1.9686436727643013,1.9782669767737389,1.9895161762833595,project://predictive_profile_strict_replication_v1/runs/bank_K4_i000559/gru/d128/n256/seed1/DONE.json
done,bank_K4_i000559,GRU,128,2,256,16,2.0090454034507275,16,24,101256,cpu,1.9502868503332136,1.9606920555233955,1.9778714627027512,2.0125228464603424,project://predictive_profile_strict_replication_v1/runs/bank_K4_i000559/gru/d128/n256/seed2/DONE.json
done,bank_K4_i000559,GRU,128,3,256,11,1.975093249231577,16,19,101256,cpu,1.981838680803776,1.969843916594982,1.974657453596592,1.9686620607972145,project://predictive_profile_strict_replication_v1/runs/bank_K4_i000559/gru/d128/n256/seed3/DONE.json
done,bank_K4_i000559,GRU,128,4,256,8,1.950531791895628,16,16,101256,cpu,1.9897519275546076,1.9769368320703504,1.9699188023805616,2.0305218920111656,project://predictive_profile_strict_replication_v1/runs/bank_K4_i000559/gru/d128/n256/seed4/DONE.json
done,bank_K4_i000559,GRU,128,5,256,4,1.9810427278280256,16,12,101256,cpu,2.0120856761932373,1.9788027703762052,1.971702262759209,1.9793909639120104,project://predictive_profile_strict_replication_v1/runs/bank_K4_i000559/gru/d128/n256/seed5/DONE.json
done,bank_K4_i000559,Transformer,8,1,256,48,1.955116767436266,16,48,1064,cpu,1.943915642797947,1.990126110613346,2.0034950897097588,1.9653899297118187,project://predictive_profile_strict_replication_v1/runs/bank_K4_i000559/transformer/d8/n256/seed1/DONE.json
done,bank_K4_i000559,Transformer,8,2,256,36,1.946802545338869,16,44,1064,cpu,1.9364441856741903,1.941416598856449,1.966460444033146,1.933136209845543,project://predictive_profile_strict_replication_v1/runs/bank_K4_i000559/transformer/d8/n256/seed2/DONE.json
done,bank_K4_i000559,Transformer,8,3,256,46,1.9507433511316776,16,48,1064,cpu,1.9732948318123815,1.9827912226319315,1.959399811923504,1.9555693194270132,project://predictive_profile_strict_replication_v1/runs/bank_K4_i000559/transformer/d8/n256/seed3/DONE.json
done,bank_K4_i000559,Transformer,8,4,256,26,1.970922913402319,16,34,1064,cpu,1.9732141345739365,1.9439100325107572,1.9916024431586263,1.9585093557834623,project://predictive_profile_strict_replication_v1/runs/bank_K4_i000559/transformer/d8/n256/seed4/DONE.json
done,bank_K4_i000559,Transformer,8,5,256,37,1.9789068847894669,16,45,1064,cpu,1.9452240690588951,1.9829749837517736,1.9892320707440376,1.9476031139492989,project://predictive_profile_strict_replication_v1/runs/bank_K4_i000559/transformer/d8/n256/seed5/DONE.json
done,bank_K4_i000559,Transformer,32,1,256,11,1.959858376532793,16,19,13448,cpu,1.9577281922101972,1.997853867709637,2.0034262239933014,1.981570489704609,project://predictive_profile_strict_replication_v1/runs/bank_K4_i000559/transformer/d32/n256/seed1/DONE.json
done,bank_K4_i000559,Transformer,32,2,256,6,1.9757410436868668,16,14,13448,cpu,1.9790832251310349,1.982383318245411,2.005136378109455,1.958310469985008,project://predictive_profile_strict_replication_v1/runs/bank_K4_i000559/transformer/d32/n256/seed2/DONE.json
done,bank_K4_i000559,Transformer,32,3,256,25,1.9587613828480244,16,33,13448,cpu,1.9796418473124504,1.943692848086357,1.9523565620183945,1.990338921546936,project://predictive_profile_strict_replication_v1/runs/bank_K4_i000559/transformer/d32/n256/seed3/DONE.json
done,bank_K4_i000559,Transformer,32,4,256,11,1.977079760283232,16,19,13448,cpu,1.9987094327807424,1.9714060947299004,1.957732617855072,1.960302248597145,project://predictive_profile_strict_replication_v1/runs/bank_K4_i000559/transformer/d32/n256/seed4/DONE.json
done,bank_K4_i000559,Transformer,32,5,256,13,1.9667180553078647,16,21,13448,cpu,1.9919563829898836,1.978298768401146,1.984159678220749,1.962604522705078,project://predictive_profile_strict_replication_v1/runs/bank_K4_i000559/transformer/d32/n256/seed5/DONE.json
done,bank_K4_i000559,Transformer,128,1,256,9,1.9828093871474264,16,17,201224,cpu,1.9914337918162344,1.983148850500584,1.9809129163622856,2.011647403240204,project://predictive_profile_strict_replication_v1/runs/bank_K4_i000559/transformer/d128/n256/seed1/DONE.json
done,bank_K4_i000559,Transformer,128,2,256,13,1.9703676849603653,16,21,201224,cpu,1.978792853653431,1.98638553917408,1.969725660979748,2.0054818391799927,project://predictive_profile_strict_replication_v1/runs/bank_K4_i000559/transformer/d128/n256/seed2/DONE.json
done,bank_K4_i000559,Transformer,128,3,256,12,1.983554303646088,16,20,201224,cpu,2.0248999819159508,2.010014370083809,2.004110187292099,1.972575955092907,project://predictive_profile_strict_replication_v1/runs/bank_K4_i000559/transformer/d128/n256/seed3/DONE.json
done,bank_K4_i000559,Transformer,128,4,256,12,1.9701859802007675,16,20,201224,cpu,1.948710948228836,2.000808022916317,2.007804147899151,1.9939720034599304,project://predictive_profile_strict_replication_v1/runs/bank_K4_i000559/transformer/d128/n256/seed4/DONE.json
done,bank_K4_i000559,Transformer,128,5,256,20,1.9621408097445965,16,28,201224,cpu,1.965382501482964,1.966837018728256,1.9782022759318352,1.9794625416398048,project://predictive_profile_strict_replication_v1/runs/bank_K4_i000559/transformer/d128/n256/seed5/DONE.json
done,bank_K4_i000184,GRU,8,1,256,45,1.9709269814193249,16,48,576,cpu,1.9870675653219223,1.9952313527464869,1.959235467016697,1.9589283913373947,project://predictive_profile_strict_replication_v1/runs/bank_K4_i000184/gru/d8/n256/seed1/DONE.json
done,bank_K4_i000184,GRU,8,2,256,47,1.979210693389177,16,48,576,cpu,1.9835828468203545,1.967849276959896,1.9426494091749191,1.986249215900898,project://predictive_profile_strict_replication_v1/runs/bank_K4_i000184/gru/d8/n256/seed2/DONE.json
done,bank_K4_i000184,GRU,8,3,256,43,1.9934723265469076,16,48,576,cpu,1.9611139222979543,1.9624431654810903,1.963330827653408,1.9878858402371409,project://predictive_profile_strict_replication_v1/runs/bank_K4_i000184/gru/d8/n256/seed3/DONE.json
done,bank_K4_i000184,GRU,8,4,256,46,1.9392870776355269,16,48,576,cpu,1.997109599411488,1.953568741679192,1.970541886985302,1.9709870666265488,project://predictive_profile_strict_replication_v1/runs/bank_K4_i000184/gru/d8/n256/seed4/DONE.json
done,bank_K4_i000184,GRU,8,5,256,45,1.951914507895708,16,48,576,cpu,1.9735422059893608,1.973260313272476,1.969298020005226,1.9964890256524088,project://predictive_profile_strict_replication_v1/runs/bank_K4_i000184/gru/d8/n256/seed5/DONE.json
done,bank_K4_i000184,GRU,32,1,256,22,1.9800450094044209,16,30,6888,cpu,1.9732283651828768,2.003811277449131,1.949487790465355,1.9685886278748512,project://predictive_profile_strict_replication_v1/runs/bank_K4_i000184/gru/d32/n256/seed1/DONE.json
done,bank_K4_i000184,GRU,32,2,256,23,1.978889387100935,16,31,6888,cpu,1.9868776574730875,1.9588093757629397,1.9799053594470024,1.9864718243479729,project://predictive_profile_strict_replication_v1/runs/bank_K4_i000184/gru/d32/n256/seed2/DONE.json
done,bank_K4_i000184,GRU,32,3,256,9,1.9869882501661775,16,17,6888,cpu,1.9926861450076103,1.9824965447187424,1.986553505063057,1.9935394749045368,project://predictive_profile_strict_replication_v1/runs/bank_K4_i000184/gru/d32/n256/seed3/DONE.json
done,bank_K4_i000184,GRU,32,4,256,23,1.9780094102025032,16,31,6888,cpu,1.9955247044563291,1.9724435210227969,1.946892127394676,1.9851149544119835,project://predictive_profile_strict_replication_v1/runs/bank_K4_i000184/gru/d32/n256/seed4/DONE.json
done,bank_K4_i000184,GRU,32,5,256,27,1.958157163113356,16,35,6888,cpu,1.991553321480751,1.9462328553199768,1.9449969828128812,1.9925386011600492,project://predictive_profile_strict_replication_v1/runs/bank_K4_i000184/gru/d32/n256/seed5/DONE.json
done,bank_K4_i000184,GRU,128,1,256,6,1.9832123406231403,16,14,101256,cpu,1.998750403523445,1.9819040074944496,1.9712670370936396,2.0172828882932663,project://predictive_profile_strict_replication_v1/runs/bank_K4_i000184/gru/d128/n256/seed1/DONE.json
done,bank_K4_i000184,GRU,128,2,256,7,1.975130420178175,16,15,101256,cpu,1.9792078658938408,1.9981189966201784,1.995971105992794,1.9722963869571688,project://predictive_profile_strict_replication_v1/runs/bank_K4_i000184/gru/d128/n256/seed2/DONE.json
done,bank_K4_i000184,GRU,128,3,256,20,1.981970701366663,16,28,101256,cpu,1.978661954402924,1.9643907994031904,1.96536086499691,1.9957257956266403,project://predictive_profile_strict_replication_v1/runs/bank_K4_i000184/gru/d128/n256/seed3/DONE.json
done,bank_K4_i000184,GRU,128,4,256,8,1.9958686865866184,16,16,101256,cpu,1.9854314774274824,1.988880015909672,2.003978908061981,1.997964970767498,project://predictive_profile_strict_replication_v1/runs/bank_K4_i000184/gru/d128/n256/seed4/DONE.json
done,bank_K4_i000184,GRU,128,5,256,19,1.9638672061264515,16,27,101256,cpu,1.9731191247701645,1.955259382724762,1.9718263074755669,1.9759811162948608,project://predictive_profile_strict_replication_v1/runs/bank_K4_i000184/gru/d128/n256/seed5/DONE.json
done,bank_K4_i000184,Transformer,8,1,256,39,1.9424258321523664,16,47,1064,cpu,1.96150391548872,1.9742220491170883,1.971825249493122,1.981592640280724,project://predictive_profile_strict_replication_v1/runs/bank_K4_i000184/transformer/d8/n256/seed1/DONE.json
done,bank_K4_i000184,Transformer,8,2,256,48,1.966707956045866,16,48,1064,cpu,1.9547785893082616,1.954211875796318,1.979567512869835,1.9328148141503332,project://predictive_profile_strict_replication_v1/runs/bank_K4_i000184/transformer/d8/n256/seed2/DONE.json
done,bank_K4_i000184,Transformer,8,3,256,46,1.97265350073576,16,48,1064,cpu,1.9724595099687576,1.9648867920041084,1.9722197502851488,1.9714780524373052,project://predictive_profile_strict_replication_v1/runs/bank_K4_i000184/transformer/d8/n256/seed3/DONE.json
done,bank_K4_i000184,Transformer,8,4,256,33,1.965773284435272,16,41,1064,cpu,1.955395959317684,1.986431270837784,2.0030641481280327,1.964008912444115,project://predictive_profile_strict_replication_v1/runs/bank_K4_i000184/transformer/d8/n256/seed4/DONE.json
done,bank_K4_i000184,Transformer,8,5,256,48,1.976037420332432,16,48,1064,cpu,1.9602169170975683,1.9798030853271484,1.9833608493208883,2.014644704759121,project://predictive_profile_strict_replication_v1/runs/bank_K4_i000184/transformer/d8/n256/seed5/DONE.json
done,bank_K4_i000184,Transformer,32,1,256,36,1.9590687677264211,16,44,13448,cpu,1.9697202369570728,1.973966933786869,2.019734352827072,1.990117460489273,project://predictive_profile_strict_replication_v1/runs/bank_K4_i000184/transformer/d32/n256/seed1/DONE.json
done,bank_K4_i000184,Transformer,32,2,256,20,1.9867404028773308,16,28,13448,cpu,1.9672240614891048,1.9338761046528816,1.989240549504757,1.9685372561216357,project://predictive_profile_strict_replication_v1/runs/bank_K4_i000184/transformer/d32/n256/seed2/DONE.json
done,bank_K4_i000184,Transformer,32,3,256,20,1.9996564239263532,16,28,13448,cpu,1.9451912641525269,1.9980344995856285,1.9688932970166209,2.0058356299996376,project://predictive_profile_strict_replication_v1/runs/bank_K4_i000184/transformer/d32/n256/seed3/DONE.json
done,bank_K4_i000184,Transformer,32,4,256,12,1.983946952968836,16,20,13448,cpu,1.9664485454559328,1.9712156057357788,1.974191091954708,1.982646428048611,project://predictive_profile_strict_replication_v1/runs/bank_K4_i000184/transformer/d32/n256/seed4/DONE.json
done,bank_K4_i000184,Transformer,32,5,256,18,1.977512039244175,16,26,13448,cpu,1.966052047908306,1.9505884647369385,2.016623668372631,1.991714030504227,project://predictive_profile_strict_replication_v1/runs/bank_K4_i000184/transformer/d32/n256/seed5/DONE.json
done,bank_K4_i000184,Transformer,128,1,256,34,1.987849209457636,16,42,201224,cpu,1.9969759061932564,1.9589895382523537,1.9978270828723907,1.9834078773856163,project://predictive_profile_strict_replication_v1/runs/bank_K4_i000184/transformer/d128/n256/seed1/DONE.json
done,bank_K4_i000184,Transformer,128,2,256,14,1.9672124683856964,16,22,201224,cpu,1.9932548478245733,2.006278119981289,2.021492287516594,1.9936182796955109,project://predictive_profile_strict_replication_v1/runs/bank_K4_i000184/transformer/d128/n256/seed2/DONE.json
done,bank_K4_i000184,Transformer,128,3,256,17,2.006150189787149,16,25,201224,cpu,1.957816831767559,1.960614837706089,1.9706382527947424,2.001518778502941,project://predictive_profile_strict_replication_v1/runs/bank_K4_i000184/transformer/d128/n256/seed3/DONE.json
done,bank_K4_i000184,Transformer,128,4,256,6,2.0064854957163334,16,14,201224,cpu,2.012277230620384,2.002010703086853,2.015030272305012,2.0318018570542336,project://predictive_profile_strict_replication_v1/runs/bank_K4_i000184/transformer/d128/n256/seed4/DONE.json
done,bank_K4_i000184,Transformer,128,5,256,43,1.964696228504181,16,48,201224,cpu,1.9482877776026728,1.977255918085575,1.9544677287340164,1.9640502259135248,project://predictive_profile_strict_replication_v1/runs/bank_K4_i000184/transformer/d128/n256/seed5/DONE.json
done,bank_K4_i001237,GRU,8,1,256,37,1.971553798764944,16,45,576,cpu,1.9678638279438017,1.9351556897163391,1.9613464623689647,1.9726625755429268,project://predictive_profile_strict_replication_v1/runs/bank_K4_i001237/gru/d8/n256/seed1/DONE.json
done,bank_K4_i001237,GRU,8,2,256,41,2.005660552531481,16,48,576,cpu,1.993351437151432,1.9544324353337288,2.006787449121475,1.983539626002312,project://predictive_profile_strict_replication_v1/runs/bank_K4_i001237/gru/d8/n256/seed2/DONE.json
done,bank_K4_i001237,GRU,8,3,256,34,1.991317551583052,16,42,576,cpu,2.0005160197615623,1.9940891563892365,1.963497906923294,1.948267288506031,project://predictive_profile_strict_replication_v1/runs/bank_K4_i001237/gru/d8/n256/seed3/DONE.json
done,bank_K4_i001237,GRU,8,4,256,39,1.9869646467268467,16,47,576,cpu,2.0195624455809598,1.981266312301159,1.9845546707510948,1.9855074882507324,project://predictive_profile_strict_replication_v1/runs/bank_K4_i001237/gru/d8/n256/seed4/DONE.json
done,bank_K4_i001237,GRU,8,5,256,27,1.987301453948021,16,35,576,cpu,1.9765686467289925,1.9692367911338808,1.9836674705147743,1.9448643028736117,project://predictive_profile_strict_replication_v1/runs/bank_K4_i001237/gru/d8/n256/seed5/DONE.json
done,bank_K4_i001237,GRU,32,1,256,18,1.9776641502976415,16,26,6888,cpu,1.9981186538934708,1.9774889722466469,1.9675839394330976,2.01928685605526,project://predictive_profile_strict_replication_v1/runs/bank_K4_i001237/gru/d32/n256/seed1/DONE.json
done,bank_K4_i001237,GRU,32,2,256,30,1.984939694404602,16,38,6888,cpu,1.987586759030819,1.94233588129282,1.968182660639286,1.9927197396755216,project://predictive_profile_strict_replication_v1/runs/bank_K4_i001237/gru/d32/n256/seed2/DONE.json
done,bank_K4_i001237,GRU,32,3,256,22,1.963109102100134,16,30,6888,cpu,1.9848169162869451,1.9791910648345947,1.992317445576191,2.0135355964303017,project://predictive_profile_strict_replication_v1/runs/bank_K4_i001237/gru/d32/n256/seed3/DONE.json
done,bank_K4_i001237,GRU,32,4,256,25,1.9642184376716612,16,33,6888,cpu,1.9713449031114576,2.0082783177495003,1.9603692442178728,1.9802696779370308,project://predictive_profile_strict_replication_v1/runs/bank_K4_i001237/gru/d32/n256/seed4/DONE.json
done,bank_K4_i001237,GRU,32,5,256,20,1.969060692936182,16,28,6888,cpu,1.9945886507630348,1.957736574113369,1.989081770181656,2.0353771969676018,project://predictive_profile_strict_replication_v1/runs/bank_K4_i001237/gru/d32/n256/seed5/DONE.json
done,bank_K4_i001237,GRU,128,1,256,26,1.9796656779944897,16,34,101256,cpu,1.9876420348882675,1.9778260737657547,1.9764390885829928,1.9954334497451784,project://predictive_profile_strict_replication_v1/runs/bank_K4_i001237/gru/d128/n256/seed1/DONE.json
done,bank_K4_i001237,GRU,128,2,256,9,1.9754518643021584,16,17,101256,cpu,1.9854290336370468,1.972020074725151,1.9721164256334305,2.0527551248669624,project://predictive_profile_strict_replication_v1/runs/bank_K4_i001237/gru/d128/n256/seed2/DONE.json
done,bank_K4_i001237,GRU,128,3,256,19,1.9970355927944183,16,27,101256,cpu,1.991931825876236,1.98139463365078,1.978744335472584,2.012035459280014,project://predictive_profile_strict_replication_v1/runs/bank_K4_i001237/gru/d128/n256/seed3/DONE.json
done,bank_K4_i001237,GRU,128,4,256,5,1.98385414108634,16,13,101256,cpu,1.986039936542511,2.011372096836567,1.9754100069403648,2.011867433786392,project://predictive_profile_strict_replication_v1/runs/bank_K4_i001237/gru/d128/n256/seed4/DONE.json
done,bank_K4_i001237,GRU,128,5,256,40,1.972130294889212,16,48,101256,cpu,1.975435361266136,1.966147668659687,1.9927546754479408,1.9817808866500852,project://predictive_profile_strict_replication_v1/runs/bank_K4_i001237/gru/d128/n256/seed5/DONE.json
done,bank_K4_i001237,Transformer,8,1,256,29,2.0099957399070263,16,37,1064,cpu,1.953120008111,1.9930798187851904,1.9573228135704996,2.0036555752158165,project://predictive_profile_strict_replication_v1/runs/bank_K4_i001237/transformer/d8/n256/seed1/DONE.json
done,bank_K4_i001237,Transformer,8,2,256,47,1.9866385720670223,16,48,1064,cpu,1.995381295681,1.9440972059965131,1.969519525766373,2.0069558024406438,project://predictive_profile_strict_replication_v1/runs/bank_K4_i001237/transformer/d8/n256/seed2/DONE.json
done,bank_K4_i001237,Transformer,8,3,256,44,1.995048850774765,16,48,1064,cpu,1.9757987186312675,1.949205115437508,1.9715411514043808,1.9734634533524515,project://predictive_profile_strict_replication_v1/runs/bank_K4_i001237/transformer/d8/n256/seed3/DONE.json
done,bank_K4_i001237,Transformer,8,4,256,48,1.9935408011078837,16,48,1064,cpu,1.9921987056732176,1.9634754285216327,1.984516441822052,1.998332962393761,project://predictive_profile_strict_replication_v1/runs/bank_K4_i001237/transformer/d8/n256/seed4/DONE.json
done,bank_K4_i001237,Transformer,8,5,256,48,1.980286255478859,16,48,1064,cpu,2.001895554363728,1.9614577516913412,1.9828514605760572,2.003178589046001,project://predictive_profile_strict_replication_v1/runs/bank_K4_i001237/transformer/d8/n256/seed5/DONE.json
done,bank_K4_i001237,Transformer,32,1,256,11,1.9886517971754076,16,19,13448,cpu,1.996242932975292,1.998101457953453,1.9934451282024384,1.966090053319931,project://predictive_profile_strict_replication_v1/runs/bank_K4_i001237/transformer/d32/n256/seed1/DONE.json
done,bank_K4_i001237,Transformer,32,2,256,41,1.9577459804713728,16,48,13448,cpu,1.980628840625286,1.978976793587208,1.96927373111248,1.971758984029293,project://predictive_profile_strict_replication_v1/runs/bank_K4_i001237/transformer/d32/n256/seed2/DONE.json
done,bank_K4_i001237,Transformer,32,3,256,6,1.98817216232419,16,14,13448,cpu,2.0086050555109978,1.9944603145122528,1.985653355717659,2.008747518062592,project://predictive_profile_strict_replication_v1/runs/bank_K4_i001237/transformer/d32/n256/seed3/DONE.json
done,bank_K4_i001237,Transformer,32,4,256,25,2.0048980936408043,16,33,13448,cpu,1.9840161204338076,2.001737006008625,2.0064827278256416,1.982408583164215,project://predictive_profile_strict_replication_v1/runs/bank_K4_i001237/transformer/d32/n256/seed4/DONE.json
done,bank_K4_i001237,Transformer,32,5,256,10,1.9781702235341072,16,18,13448,cpu,2.0164748579263687,2.0033348500728607,2.0053953751921654,1.9987100660800932,project://predictive_profile_strict_replication_v1/runs/bank_K4_i001237/transformer/d32/n256/seed5/DONE.json
done,bank_K4_i001237,Transformer,128,1,256,6,2.0408212058246136,16,14,201224,cpu,1.9954646155238152,2.007753290235996,1.987809218466282,2.011518254876137,project://predictive_profile_strict_replication_v1/runs/bank_K4_i001237/transformer/d128/n256/seed1/DONE.json
done,bank_K4_i001237,Transformer,128,2,256,22,1.9720715396106243,16,30,201224,cpu,1.9992780610919,1.994174428284168,1.98443890362978,1.988026820123196,project://predictive_profile_strict_replication_v1/runs/bank_K4_i001237/transformer/d128/n256/seed2/DONE.json
done,bank_K4_i001237,Transformer,128,3,256,5,2.0124825946986675,16,13,201224,cpu,2.030004061758518,2.033276200294494,2.0107822716236115,2.0127425491809845,project://predictive_profile_strict_replication_v1/runs/bank_K4_i001237/transformer/d128/n256/seed3/DONE.json
done,bank_K4_i001237,Transformer,128,4,256,10,1.9882265143096447,16,18,201224,cpu,2.0142068043351173,1.985507883131504,1.9996387511491776,1.9997767135500908,project://predictive_profile_strict_replication_v1/runs/bank_K4_i001237/transformer/d128/n256/seed4/DONE.json
done,bank_K4_i001237,Transformer,128,5,256,13,1.9996627755463123,16,21,201224,cpu,1.9703456312417984,1.9514636397361755,1.9872943460941317,1.9855939373373983,project://predictive_profile_strict_replication_v1/runs/bank_K4_i001237/transformer/d128/n256/seed5/DONE.json
done,bank_K4_i000146,GRU,8,1,256,21,2.0655778385698795,16,29,576,cpu,2.0681628435850143,2.0589882284402847,2.069286957383156,2.0620615631341934,project://predictive_profile_strict_replication_v1/runs/bank_K4_i000146/gru/d8/n256/seed1/DONE.json
done,bank_K4_i000146,GRU,8,2,256,32,2.065567336976528,16,40,576,cpu,2.059031553566456,2.066238209605217,2.061472281813621,2.0646650940179825,project://predictive_profile_strict_replication_v1/runs/bank_K4_i000146/gru/d8/n256/seed2/DONE.json
done,bank_K4_i000146,GRU,8,3,256,35,2.0583857856690884,16,43,576,cpu,2.067189633846283,2.0737235993146896,2.070032522082329,2.0769043564796448,project://predictive_profile_strict_replication_v1/runs/bank_K4_i000146/gru/d8/n256/seed3/DONE.json
done,bank_K4_i000146,GRU,8,4,256,45,2.0661095790565014,16,48,576,cpu,2.06265789270401,2.0741339027881622,2.080015167593956,2.0587895289063454,project://predictive_profile_strict_replication_v1/runs/bank_K4_i000146/gru/d8/n256/seed4/DONE.json
done,bank_K4_i000146,GRU,8,5,256,18,2.064073644578457,16,26,576,cpu,2.07666364312172,2.0804896503686905,2.06935615837574,2.078366562724113,project://predictive_profile_strict_replication_v1/runs/bank_K4_i000146/gru/d8/n256/seed5/DONE.json
done,bank_K4_i000146,GRU,32,1,256,21,2.065032660961151,16,29,6888,cpu,2.060037925839424,2.0732402950525284,2.0810023695230484,2.092639729380608,project://predictive_profile_strict_replication_v1/runs/bank_K4_i000146/gru/d32/n256/seed1/DONE.json
done,bank_K4_i000146,GRU,32,2,256,11,2.069099113345146,16,19,6888,cpu,2.069612890481949,2.0710404068231583,2.0636746287345886,2.070625454187393,project://predictive_profile_strict_replication_v1/runs/bank_K4_i000146/gru/d32/n256/seed2/DONE.json
done,bank_K4_i000146,GRU,32,3,256,41,2.062598831951618,16,48,6888,cpu,2.0754078328609467,2.062491081655025,2.0451961755752563,2.0761609226465225,project://predictive_profile_strict_replication_v1/runs/bank_K4_i000146/gru/d32/n256/seed3/DONE.json
done,bank_K4_i000146,GRU,32,4,256,15,2.0585545748472214,16,23,6888,cpu,2.070553883910179,2.082703173160553,2.071047529578209,2.080994471907616,project://predictive_profile_strict_replication_v1/runs/bank_K4_i000146/gru/d32/n256/seed4/DONE.json
done,bank_K4_i000146,GRU,32,5,256,10,2.069541245698929,16,18,6888,cpu,2.082041695713997,2.08387003839016,2.080175146460533,2.067752167582512,project://predictive_profile_strict_replication_v1/runs/bank_K4_i000146/gru/d32/n256/seed5/DONE.json
done,bank_K4_i000146,GRU,128,1,256,35,2.0694695338606834,16,43,101256,cpu,2.077700108289718,2.0573207288980484,2.0892996340990067,2.0793154388666157,project://predictive_profile_strict_replication_v1/runs/bank_K4_i000146/gru/d128/n256/seed1/DONE.json
done,bank_K4_i000146,GRU,128,2,256,25,2.063408352434635,16,33,101256,cpu,2.0668126195669174,2.096012681722641,2.0757265612483025,2.0760829001665115,project://predictive_profile_strict_replication_v1/runs/bank_K4_i000146/gru/d128/n256/seed2/DONE.json
done,bank_K4_i000146,GRU,128,3,256,12,2.0689372792840004,16,20,101256,cpu,2.071764931082725,2.0770588517189026,2.0743261575698853,2.088512472808361,project://predictive_profile_strict_replication_v1/runs/bank_K4_i000146/gru/d128/n256/seed3/DONE.json
done,bank_K4_i000146,GRU,128,4,256,6,2.0862865447998047,16,14,101256,cpu,2.084898352622986,2.0854352414608,2.1069051027297974,2.086785987019539,project://predictive_profile_strict_replication_v1/runs/bank_K4_i000146/gru/d128/n256/seed4/DONE.json
done,bank_K4_i000146,GRU,128,5,256,27,2.068113375455141,16,35,101256,cpu,2.088677182793617,2.081553772091865,2.0797696858644485,2.086716994643212,project://predictive_profile_strict_replication_v1/runs/bank_K4_i000146/gru/d128/n256/seed5/DONE.json
done,bank_K4_i000146,Transformer,8,1,256,44,2.059010088443756,16,48,1064,cpu,2.069359838962555,2.066461220383644,2.0585810989141464,2.051832072436809,project://predictive_profile_strict_replication_v1/runs/bank_K4_i000146/transformer/d8/n256/seed1/DONE.json
done,bank_K4_i000146,Transformer,8,2,256,36,2.0661002546548843,16,44,1064,cpu,2.058651007711888,2.083974316716194,2.077050842344761,2.0796710401773453,project://predictive_profile_strict_replication_v1/runs/bank_K4_i000146/transformer/d8/n256/seed2/DONE.json
done,bank_K4_i000146,Transformer,8,3,256,41,2.064894378185272,16,48,1064,cpu,2.065650023519993,2.056332424283028,2.058201879262924,2.0632122308015823,project://predictive_profile_strict_replication_v1/runs/bank_K4_i000146/transformer/d8/n256/seed3/DONE.json
done,bank_K4_i000146,Transformer,8,4,256,46,2.0687881112098694,16,48,1064,cpu,2.0670165568590164,2.075542464852333,2.0712912678718567,2.0639985352754597,project://predictive_profile_strict_replication_v1/runs/bank_K4_i000146/transformer/d8/n256/seed4/DONE.json
done,bank_K4_i000146,Transformer,8,5,256,48,2.070841923356056,16,48,1064,cpu,2.0652472972869877,2.080052509903908,2.074020653963089,2.0836624205112457,project://predictive_profile_strict_replication_v1/runs/bank_K4_i000146/transformer/d8/n256/seed5/DONE.json
done,bank_K4_i000146,Transformer,32,1,256,22,2.0615392923355103,16,30,13448,cpu,2.077589184045792,2.0787326991558075,2.0786738097667694,2.075007528066635,project://predictive_profile_strict_replication_v1/runs/bank_K4_i000146/transformer/d32/n256/seed1/DONE.json
done,bank_K4_i000146,Transformer,32,2,256,12,2.057882882654667,16,20,13448,cpu,2.0999773740768437,2.0569090992212296,2.069592379033565,2.076832056045532,project://predictive_profile_strict_replication_v1/runs/bank_K4_i000146/transformer/d32/n256/seed2/DONE.json
done,bank_K4_i000146,Transformer,32,3,256,26,2.0790856704115868,16,34,13448,cpu,2.0724257454276085,2.0685631334781647,2.062199220061302,2.0734011381864548,project://predictive_profile_strict_replication_v1/runs/bank_K4_i000146/transformer/d32/n256/seed3/DONE.json
done,bank_K4_i000146,Transformer,32,4,256,10,2.075436685234308,16,18,13448,cpu,2.088959634304046,2.077378436923027,2.085379533469677,2.0915886610746384,project://predictive_profile_strict_replication_v1/runs/bank_K4_i000146/transformer/d32/n256/seed4/DONE.json
done,bank_K4_i000146,Transformer,32,5,256,42,2.079393729567528,16,48,13448,cpu,2.0665722340345383,2.0787385404109955,2.066588178277016,2.0620487704873085,project://predictive_profile_strict_replication_v1/runs/bank_K4_i000146/transformer/d32/n256/seed5/DONE.json
done,bank_K4_i000146,Transformer,128,1,256,27,2.079679436981678,16,35,201224,cpu,2.0602713525295258,2.082311511039734,2.079168260097504,2.090753823518753,project://predictive_profile_strict_replication_v1/runs/bank_K4_i000146/transformer/d128/n256/seed1/DONE.json
done,bank_K4_i000146,Transformer,128,2,256,13,2.092401560395956,16,21,201224,cpu,2.1293813437223434,2.10423132032156,2.075062081217766,2.111263856291771,project://predictive_profile_strict_replication_v1/runs/bank_K4_i000146/transformer/d128/n256/seed2/DONE.json
done,bank_K4_i000146,Transformer,128,3,256,25,2.06935853138566,16,33,201224,cpu,2.077943801879883,2.07415035367012,2.0655836313962936,2.081891849637032,project://predictive_profile_strict_replication_v1/runs/bank_K4_i000146/transformer/d128/n256/seed3/DONE.json
done,bank_K4_i000146,Transformer,128,4,256,18,2.070293053984642,16,26,201224,cpu,2.065332949161529,2.116156592965126,2.108625739812851,2.1281548887491226,project://predictive_profile_strict_replication_v1/runs/bank_K4_i000146/transformer/d128/n256/seed4/DONE.json
done,bank_K4_i000146,Transformer,128,5,256,38,2.0741547346115112,16,46,201224,cpu,2.082920625805855,2.0642895996570587,2.067193314433098,2.0769433230161667,project://predictive_profile_strict_replication_v1/runs/bank_K4_i000146/transformer/d128/n256/seed5/DONE.json
done,bank_K5_i000689,GRU,8,1,256,24,2.069641452282667,16,32,576,cpu,2.0588219165802,2.052153013646602,2.0829456448554997,2.082291677594185,project://predictive_profile_strict_replication_v1/runs/bank_K5_i000689/gru/d8/n256/seed1/DONE.json
done,bank_K5_i000689,GRU,8,2,256,16,2.0648178793489933,16,24,576,cpu,2.056014515459537,2.052334167063236,2.059662252664566,2.057513952255249,project://predictive_profile_strict_replication_v1/runs/bank_K5_i000689/gru/d8/n256/seed2/DONE.json
done,bank_K5_i000689,GRU,8,3,256,48,2.0677482038736343,16,48,576,cpu,2.0517153665423398,2.047546036541462,2.055010847747326,2.0653820112347603,project://predictive_profile_strict_replication_v1/runs/bank_K5_i000689/gru/d8/n256/seed3/DONE.json
done,bank_K5_i000689,GRU,8,4,256,43,2.0396744646131992,16,48,576,cpu,2.0631532818078995,2.058798775076866,2.0636046305298805,2.046991869807244,project://predictive_profile_strict_replication_v1/runs/bank_K5_i000689/gru/d8/n256/seed4/DONE.json
done,bank_K5_i000689,GRU,8,5,256,22,2.0588910281658173,16,30,576,cpu,2.061684764921665,2.064653940498829,2.0474763661623,2.043079435825348,project://predictive_profile_strict_replication_v1/runs/bank_K5_i000689/gru/d8/n256/seed5/DONE.json
done,bank_K5_i000689,GRU,32,1,256,17,2.053303625434637,16,25,6888,cpu,2.0400678738951683,2.091212496161461,2.075097471475601,2.067482143640518,project://predictive_profile_strict_replication_v1/runs/bank_K5_i000689/gru/d32/n256/seed1/DONE.json
done,bank_K5_i000689,GRU,32,2,256,40,2.0437703989446163,16,48,6888,cpu,2.052173346281052,2.037252865731716,2.079094134271145,2.0619191750884056,project://predictive_profile_strict_replication_v1/runs/bank_K5_i000689/gru/d32/n256/seed2/DONE.json
done,bank_K5_i000689,GRU,32,3,256,25,2.0481175519526005,16,33,6888,cpu,2.039752811193466,2.054370880126953,2.036986224353313,2.044133000075817,project://predictive_profile_strict_replication_v1/runs/bank_K5_i000689/gru/d32/n256/seed3/DONE.json
done,bank_K5_i000689,GRU,32,4,256,17,2.038230028003454,16,25,6888,cpu,2.064952984452248,2.0616211146116257,2.063531920313835,2.0344520211219788,project://predictive_profile_strict_replication_v1/runs/bank_K5_i000689/gru/d32/n256/seed4/DONE.json
done,bank_K5_i000689,GRU,32,5,256,30,2.055366352200508,16,38,6888,cpu,2.0432636961340904,2.039976716041565,2.05276720970869,2.059951014816761,project://predictive_profile_strict_replication_v1/runs/bank_K5_i000689/gru/d32/n256/seed5/DONE.json
done,bank_K5_i000689,GRU,128,1,256,5,2.0724903009831905,16,13,101256,cpu,2.0539475828409195,2.071193613111973,2.0584701597690582,2.108229622244835,project://predictive_profile_strict_replication_v1/runs/bank_K5_i000689/gru/d128/n256/seed1/DONE.json
done,bank_K5_i000689,GRU,128,2,256,4,2.065387148410082,16,12,101256,cpu,2.066331699490547,2.0787131041288376,2.0610411465168,2.0781415849924088,project://predictive_profile_strict_replication_v1/runs/bank_K5_i000689/gru/d128/n256/seed2/DONE.json
done,bank_K5_i000689,GRU,128,3,256,8,2.070640798658133,16,16,101256,cpu,2.0657138004899025,2.0449857115745544,2.062209479510784,2.066737651824951,project://predictive_profile_strict_replication_v1/runs/bank_K5_i000689/gru/d128/n256/seed3/DONE.json
done,bank_K5_i000689,GRU,128,4,256,21,2.0386103726923466,16,29,101256,cpu,2.046588182449341,2.0806370824575424,2.0508593544363976,2.089690521359444,project://predictive_profile_strict_replication_v1/runs/bank_K5_i000689/gru/d128/n256/seed4/DONE.json
done,bank_K5_i000689,GRU,128,5,256,10,2.062993101775646,16,18,101256,cpu,2.062585547566414,2.0560105592012405,2.067377865314484,2.068254336714745,project://predictive_profile_strict_replication_v1/runs/bank_K5_i000689/gru/d128/n256/seed5/DONE.json
done,bank_K5_i000689,Transformer,8,1,256,48,2.052549608051777,16,48,1064,cpu,2.0552755892276764,2.066631563007832,2.04866061359644,2.0561218708753586,project://predictive_profile_strict_replication_v1/runs/bank_K5_i000689/transformer/d8/n256/seed1/DONE.json
done,bank_K5_i000689,Transformer,8,2,256,42,2.0650932900607586,16,48,1064,cpu,2.065335214138031,2.090771719813347,2.059446230530739,2.0654819011688232,project://predictive_profile_strict_replication_v1/runs/bank_K5_i000689/transformer/d8/n256/seed2/DONE.json
done,bank_K5_i000689,Transformer,8,3,256,48,2.0344926193356514,16,48,1064,cpu,2.0453949123620987,2.042756326496601,2.0636899694800377,2.062448352575302,project://predictive_profile_strict_replication_v1/runs/bank_K5_i000689/transformer/d8/n256/seed3/DONE.json
done,bank_K5_i000689,Transformer,8,4,256,36,2.041554491966963,16,44,1064,cpu,2.037818193435669,2.034028105437756,2.0652749240398407,2.050064019858837,project://predictive_profile_strict_replication_v1/runs/bank_K5_i000689/transformer/d8/n256/seed4/DONE.json
done,bank_K5_i000689,Transformer,8,5,256,31,2.064109098166228,16,39,1064,cpu,2.06530936062336,2.0605289936065674,2.0564039275050163,2.0667478814721107,project://predictive_profile_strict_replication_v1/runs/bank_K5_i000689/transformer/d8/n256/seed5/DONE.json
done,bank_K5_i000689,Transformer,32,1,256,33,2.0578415878117085,16,41,13448,cpu,2.056083813309669,2.074102506041527,2.058902740478516,2.056323677301407,project://predictive_profile_strict_replication_v1/runs/bank_K5_i000689/transformer/d32/n256/seed1/DONE.json
done,bank_K5_i000689,Transformer,32,2,256,14,2.05579711869359,16,22,13448,cpu,2.0415452867746358,2.0798432379961014,2.082329571247101,2.0835273265838623,project://predictive_profile_strict_replication_v1/runs/bank_K5_i000689/transformer/d32/n256/seed2/DONE.json
done,bank_K5_i000689,Transformer,32,3,256,17,2.053355511277914,16,25,13448,cpu,2.077163830399513,2.05790626257658,2.0626211017370224,2.0699369236826897,project://predictive_profile_strict_replication_v1/runs/bank_K5_i000689/transformer/d32/n256/seed3/DONE.json
done,bank_K5_i000689,Transformer,32,4,256,14,2.061607401818037,16,22,13448,cpu,2.0727684423327446,2.081480734050274,2.076565608382225,2.0667447820305824,project://predictive_profile_strict_replication_v1/runs/bank_K5_i000689/transformer/d32/n256/seed4/DONE.json
done,bank_K5_i000689,Transformer,32,5,256,15,2.053109161555767,16,23,13448,cpu,2.0793289318680763,2.066419050097465,2.064790278673172,2.0481237694621086,project://predictive_profile_strict_replication_v1/runs/bank_K5_i000689/transformer/d32/n256/seed5/DONE.json
done,bank_K5_i000689,Transformer,128,1,256,27,2.02982222661376,16,35,201224,cpu,2.061837211251259,2.0399545580148697,2.054003067314625,2.0443333759903908,project://predictive_profile_strict_replication_v1/runs/bank_K5_i000689/transformer/d128/n256/seed1/DONE.json
done,bank_K5_i000689,Transformer,128,2,256,13,2.086488787084818,16,21,201224,cpu,2.0751706808805466,2.075785726308822,2.0837692469358444,2.049764588475228,project://predictive_profile_strict_replication_v1/runs/bank_K5_i000689/transformer/d128/n256/seed2/DONE.json
done,bank_K5_i000689,Transformer,128,3,256,21,2.0605226568877697,16,29,201224,cpu,2.043667070567608,2.070648044347763,2.088892295956612,2.101987071335316,project://predictive_profile_strict_replication_v1/runs/bank_K5_i000689/transformer/d128/n256/seed3/DONE.json
done,bank_K5_i000689,Transformer,128,4,256,13,2.0668554566800594,16,21,201224,cpu,2.069810964167118,2.061330758035183,2.06041307002306,2.0639250949025154,project://predictive_profile_strict_replication_v1/runs/bank_K5_i000689/transformer/d128/n256/seed4/DONE.json
done,bank_K5_i000689,Transformer,128,5,256,19,2.0522351153194904,16,27,201224,cpu,2.064370445907116,2.0703611373901367,2.086551681160927,2.072403520345688,project://predictive_profile_strict_replication_v1/runs/bank_K5_i000689/transformer/d128/n256/seed5/DONE.json
done,bank_K5_i000044,GRU,8,1,256,48,2.0253408141434197,16,48,576,cpu,2.010084830224514,2.051316857337952,2.032166473567486,2.0359348207712173,project://predictive_profile_strict_replication_v1/runs/bank_K5_i000044/gru/d8/n256/seed1/DONE.json
done,bank_K5_i000044,GRU,8,2,256,39,2.03811377286911,16,47,576,cpu,2.0455003455281258,2.039810672402382,2.0459351614117622,2.0305361449718475,project://predictive_profile_strict_replication_v1/runs/bank_K5_i000044/gru/d8/n256/seed2/DONE.json
done,bank_K5_i000044,GRU,8,3,256,43,2.040177598595619,16,48,576,cpu,2.055362045764923,2.0212475061416626,2.002383455634117,2.0011233165860176,project://predictive_profile_strict_replication_v1/runs/bank_K5_i000044/gru/d8/n256/seed3/DONE.json
done,bank_K5_i000044,GRU,8,4,256,46,2.022676795721054,16,48,576,cpu,2.0481583327054977,2.034229882061481,2.0072372406721115,1.995425567030907,project://predictive_profile_strict_replication_v1/runs/bank_K5_i000044/gru/d8/n256/seed4/DONE.json
done,bank_K5_i000044,GRU,8,5,256,48,2.050160553306341,16,48,576,cpu,2.051759198307991,2.0197271332144737,2.044035829603672,2.030179388821125,project://predictive_profile_strict_replication_v1/runs/bank_K5_i000044/gru/d8/n256/seed5/DONE.json
done,bank_K5_i000044,GRU,32,1,256,36,2.015286087989807,16,44,6888,cpu,2.0459662079811096,2.0232537761330605,2.0031460970640182,2.0666513442993164,project://predictive_profile_strict_replication_v1/runs/bank_K5_i000044/gru/d32/n256/seed1/DONE.json
done,bank_K5_i000044,GRU,32,2,256,39,2.024741303175688,16,47,6888,cpu,2.027715854346752,2.0523312091827397,2.035157486796379,2.0141617953777318,project://predictive_profile_strict_replication_v1/runs/bank_K5_i000044/gru/d32/n256/seed2/DONE.json
done,bank_K5_i000044,GRU,32,3,256,13,2.0298844389617443,16,21,6888,cpu,2.0417306944727898,2.0323497727513318,2.0231072083115578,2.0394389033317566,project://predictive_profile_strict_replication_v1/runs/bank_K5_i000044/gru/d32/n256/seed3/DONE.json
done,bank_K5_i000044,GRU,32,4,256,23,2.0031375363469124,16,31,6888,cpu,2.0347473695874214,2.041230484843254,2.038158483803272,2.057583525776863,project://predictive_profile_strict_replication_v1/runs/bank_K5_i000044/gru/d32/n256/seed4/DONE.json
done,bank_K5_i000044,GRU,32,5,256,23,2.010938487946987,16,31,6888,cpu,2.041469193994999,2.009479433298111,2.046607539057732,2.0217403396964078,project://predictive_profile_strict_replication_v1/runs/bank_K5_i000044/gru/d32/n256/seed5/DONE.json
done,bank_K5_i000044,GRU,128,1,256,4,2.043850492686033,16,12,101256,cpu,2.0584653094410896,2.0641856268048286,2.0719514936208725,2.048087179660797,project://predictive_profile_strict_replication_v1/runs/bank_K5_i000044/gru/d128/n256/seed1/DONE.json
done,bank_K5_i000044,GRU,128,2,256,16,2.0320258885622025,16,24,101256,cpu,2.048453621566296,2.0696516260504723,2.0617825761437416,2.0617715418338776,project://predictive_profile_strict_replication_v1/runs/bank_K5_i000044/gru/d128/n256/seed2/DONE.json
done,bank_K5_i000044,GRU,128,3,256,4,2.035060044378042,16,12,101256,cpu,2.044804662466049,2.046492658555508,2.038498155772686,2.059950642287731,project://predictive_profile_strict_replication_v1/runs/bank_K5_i000044/gru/d128/n256/seed3/DONE.json
done,bank_K5_i000044,GRU,128,4,256,21,2.0186190977692604,16,29,101256,cpu,2.043737478554249,2.042900301516056,2.06820597499609,2.063430033624172,project://predictive_profile_strict_replication_v1/runs/bank_K5_i000044/gru/d128/n256/seed4/DONE.json
done,bank_K5_i000044,GRU,128,5,256,6,2.052484944462776,16,14,101256,cpu,2.064428709447384,2.0508589297533035,2.061820976436138,2.056552968919277,project://predictive_profile_strict_replication_v1/runs/bank_K5_i000044/gru/d128/n256/seed5/DONE.json
done,bank_K5_i000044,Transformer,8,1,256,48,2.022862143814564,16,48,1064,cpu,2.029234729707241,2.0284004285931587,2.004923366010189,2.0402820110321045,project://predictive_profile_strict_replication_v1/runs/bank_K5_i000044/transformer/d8/n256/seed1/DONE.json
done,bank_K5_i000044,Transformer,8,2,256,48,2.0302238650619984,16,48,1064,cpu,2.0474208667874336,2.0400596037507057,2.020298533141613,2.0118473172187805,project://predictive_profile_strict_replication_v1/runs/bank_K5_i000044/transformer/d8/n256/seed2/DONE.json
done,bank_K5_i000044,Transformer,8,3,256,36,2.0501165091991425,16,44,1064,cpu,2.0456784665584564,2.046779900789261,2.0515471026301384,2.021989420056343,project://predictive_profile_strict_replication_v1/runs/bank_K5_i000044/transformer/d8/n256/seed3/DONE.json
done,bank_K5_i000044,Transformer,8,4,256,36,2.032659463584423,16,44,1064,cpu,2.0055135637521744,2.036200575530529,2.053914800286293,2.04654361307621,project://predictive_profile_strict_replication_v1/runs/bank_K5_i000044/transformer/d8/n256/seed4/DONE.json
done,bank_K5_i000044,Transformer,8,5,256,29,2.042216505855322,16,37,1064,cpu,2.0481801331043243,2.037256181240082,2.0465041771531105,2.01722003519535,project://predictive_profile_strict_replication_v1/runs/bank_K5_i000044/transformer/d8/n256/seed5/DONE.json
done,bank_K5_i000044,Transformer,32,1,256,6,2.021242827177048,16,14,13448,cpu,2.021726854145527,2.0542795807123184,2.0445880368351936,2.0684021711349487,project://predictive_profile_strict_replication_v1/runs/bank_K5_i000044/transformer/d32/n256/seed1/DONE.json
done,bank_K5_i000044,Transformer,32,2,256,26,2.0358650907874107,16,34,13448,cpu,2.047053888440132,2.034423872828484,2.031600460410118,2.054216891527176,project://predictive_profile_strict_replication_v1/runs/bank_K5_i000044/transformer/d32/n256/seed2/DONE.json
done,bank_K5_i000044,Transformer,32,3,256,6,2.0250209532678127,16,14,13448,cpu,2.059616357088089,2.062269948422909,2.0298081189394,2.0353389009833336,project://predictive_profile_strict_replication_v1/runs/bank_K5_i000044/transformer/d32/n256/seed3/DONE.json
done,bank_K5_i000044,Transformer,32,4,256,24,2.0205461643636227,16,32,13448,cpu,2.0620522424578667,2.066674366593361,2.049923814833164,2.0176300182938576,project://predictive_profile_strict_replication_v1/runs/bank_K5_i000044/transformer/d32/n256/seed4/DONE.json
done,bank_K5_i000044,Transformer,32,5,256,21,2.0348846837878227,16,29,13448,cpu,2.052094131708145,2.045677937567234,2.0616301894187927,2.0442395880818367,project://predictive_profile_strict_replication_v1/runs/bank_K5_i000044/transformer/d32/n256/seed5/DONE.json
done,bank_K5_i000044,Transformer,128,1,256,10,2.043525662273169,16,18,201224,cpu,2.0622661262750626,2.039674758911133,2.028077684342861,2.0345501229166985,project://predictive_profile_strict_replication_v1/runs/bank_K5_i000044/transformer/d128/n256/seed1/DONE.json
done,bank_K5_i000044,Transformer,128,2,256,31,2.0219590924680237,16,39,201224,cpu,2.023338370025158,2.030420258641243,2.018027164041996,2.0287841334939003,project://predictive_profile_strict_replication_v1/runs/bank_K5_i000044/transformer/d128/n256/seed2/DONE.json
done,bank_K5_i000044,Transformer,128,3,256,16,2.0346910692751408,16,24,201224,cpu,2.0865059718489647,2.0055515617132187,2.083233579993248,2.1275385916233063,project://predictive_profile_strict_replication_v1/runs/bank_K5_i000044/transformer/d128/n256/seed3/DONE.json
done,bank_K5_i000044,Transformer,128,4,256,20,2.035212855786085,16,28,201224,cpu,2.0680583268404007,2.032923676073551,2.059725984930992,2.026401564478874,project://predictive_profile_strict_replication_v1/runs/bank_K5_i000044/transformer/d128/n256/seed4/DONE.json
done,bank_K5_i000044,Transformer,128,5,256,14,2.0330137945711613,16,22,201224,cpu,2.065142504870892,2.0475740879774094,2.065460510551929,2.087029628455639,project://predictive_profile_strict_replication_v1/runs/bank_K5_i000044/transformer/d128/n256/seed5/DONE.json
done,bank_K5_i000130,GRU,8,1,256,44,2.0460239090025425,16,48,576,cpu,2.042191654443741,2.040274642407894,2.0511339530348778,2.061946786940098,project://predictive_profile_strict_replication_v1/runs/bank_K5_i000130/gru/d8/n256/seed1/DONE.json
done,bank_K5_i000130,GRU,8,2,256,30,2.0431901402771477,16,38,576,cpu,2.048610314726829,2.057926677167416,2.0525574162602425,2.06222989410162,project://predictive_profile_strict_replication_v1/runs/bank_K5_i000130/gru/d8/n256/seed2/DONE.json
done,bank_K5_i000130,GRU,8,3,256,41,2.0399301312863827,16,48,576,cpu,2.058445632457733,2.059276945888996,2.060143917798996,2.0387269854545598,project://predictive_profile_strict_replication_v1/runs/bank_K5_i000130/gru/d8/n256/seed3/DONE.json
done,bank_K5_i000130,GRU,8,4,256,38,2.029249105602503,16,46,576,cpu,2.0510533452034,2.039997398853302,2.0450150817632675,2.0285008177161217,project://predictive_profile_strict_replication_v1/runs/bank_K5_i000130/gru/d8/n256/seed4/DONE.json
done,bank_K5_i000130,GRU,8,5,256,26,2.0525614880025387,16,34,576,cpu,2.0599196702241898,2.041264183819294,2.03857795894146,2.034763567149639,project://predictive_profile_strict_replication_v1/runs/bank_K5_i000130/gru/d8/n256/seed5/DONE.json
done,bank_K5_i000130,GRU,32,1,256,20,2.0537139512598515,16,28,6888,cpu,2.0475761890411377,2.0576048344373703,2.054899901151657,2.059676006436348,project://predictive_profile_strict_replication_v1/runs/bank_K5_i000130/gru/d32/n256/seed1/DONE.json
done,bank_K5_i000130,GRU,32,2,256,20,2.0445055328309536,16,28,6888,cpu,2.0379192233085632,2.0389165058732037,2.0488111674785614,2.053233586251736,project://predictive_profile_strict_replication_v1/runs/bank_K5_i000130/gru/d32/n256/seed2/DONE.json
done,bank_K5_i000130,GRU,32,3,256,14,2.05157907307148,16,22,6888,cpu,2.042397975921631,2.063506864011288,2.015844836831093,2.064037412405014,project://predictive_profile_strict_replication_v1/runs/bank_K5_i000130/gru/d32/n256/seed3/DONE.json
done,bank_K5_i000130,GRU,32,4,256,40,2.034501653164625,16,48,6888,cpu,2.040961019694805,2.0321049466729164,2.046936057507992,2.067785784602165,project://predictive_profile_strict_replication_v1/runs/bank_K5_i000130/gru/d32/n256/seed4/DONE.json
done,bank_K5_i000130,GRU,32,5,256,22,2.0400802828371525,16,30,6888,cpu,2.044326692819596,2.0365539714694023,2.0522730872035027,2.045823037624359,project://predictive_profile_strict_replication_v1/runs/bank_K5_i000130/gru/d32/n256/seed5/DONE.json
done,bank_K5_i000130,GRU,128,1,256,37,2.0477587170898914,16,45,101256,cpu,2.0548315793275838,2.0429557859897614,2.051500990986824,2.0707013830542564,project://predictive_profile_strict_replication_v1/runs/bank_K5_i000130/gru/d128/n256/seed1/DONE.json
done,bank_K5_i000130,GRU,128,2,256,11,2.061503142118454,16,19,101256,cpu,2.0547337383031845,2.063218832015991,2.0470407381653786,2.0682127997279167,project://predictive_profile_strict_replication_v1/runs/bank_K5_i000130/gru/d128/n256/seed2/DONE.json
done,bank_K5_i000130,GRU,128,3,256,30,2.047619499266148,16,38,101256,cpu,2.061198689043522,2.0509334355592728,2.055321455001831,2.05501051992178,project://predictive_profile_strict_replication_v1/runs/bank_K5_i000130/gru/d128/n256/seed3/DONE.json
done,bank_K5_i000130,GRU,128,4,256,30,2.0610333122313023,16,38,101256,cpu,2.0431994646787643,2.0644045174121857,2.054229773581028,2.0712830126285557,project://predictive_profile_strict_replication_v1/runs/bank_K5_i000130/gru/d128/n256/seed4/DONE.json
done,bank_K5_i000130,GRU,128,5,256,18,2.050356537103653,16,26,101256,cpu,2.05479796230793,2.0622000321745872,2.0721737667918205,2.051530420780182,project://predictive_profile_strict_replication_v1/runs/bank_K5_i000130/gru/d128/n256/seed5/DONE.json
done,bank_K5_i000130,Transformer,8,1,256,48,2.0483141019940376,16,48,1064,cpu,2.042334273457527,2.021672308444977,2.054321601986885,2.0344886630773544,project://predictive_profile_strict_replication_v1/runs/bank_K5_i000130/transformer/d8/n256/seed1/DONE.json
done,bank_K5_i000130,Transformer,8,2,256,47,2.0625796653330326,16,48,1064,cpu,2.031075306236744,2.080548517405987,2.0314905792474747,2.057698778808117,project://predictive_profile_strict_replication_v1/runs/bank_K5_i000130/transformer/d8/n256/seed2/DONE.json
done,bank_K5_i000130,Transformer,8,3,256,48,2.052558936178684,16,48,1064,cpu,2.057144030928612,2.0290596038103104,2.072327859699726,2.0556019097566605,project://predictive_profile_strict_replication_v1/runs/bank_K5_i000130/transformer/d8/n256/seed3/DONE.json
done,bank_K5_i000130,Transformer,8,4,256,48,2.0625584982335567,16,48,1064,cpu,2.06128453463316,2.0746689662337303,2.067464783787728,2.0550771206617355,project://predictive_profile_strict_replication_v1/runs/bank_K5_i000130/transformer/d8/n256/seed4/DONE.json
done,bank_K5_i000130,Transformer,8,5,256,48,2.0456311963498592,16,48,1064,cpu,2.03959845751524,2.042931601405144,2.048141732811928,2.026931509375572,project://predictive_profile_strict_replication_v1/runs/bank_K5_i000130/transformer/d8/n256/seed5/DONE.json
done,bank_K5_i000130,Transformer,32,1,256,19,2.043850366026163,16,27,13448,cpu,2.0408750399947166,2.0651858672499657,2.045425072312355,2.039973996579647,project://predictive_profile_strict_replication_v1/runs/bank_K5_i000130/transformer/d32/n256/seed1/DONE.json
done,bank_K5_i000130,Transformer,32,2,256,22,2.0515098199248314,16,30,13448,cpu,2.0372611805796623,2.0564542785286903,2.0545368045568466,2.03547477722168,project://predictive_profile_strict_replication_v1/runs/bank_K5_i000130/transformer/d32/n256/seed2/DONE.json
done,bank_K5_i000130,Transformer,32,3,256,21,2.0414302460849285,16,29,13448,cpu,2.053313218057156,2.0821936279535294,2.071854844689369,2.078361846506596,project://predictive_profile_strict_replication_v1/runs/bank_K5_i000130/transformer/d32/n256/seed3/DONE.json
done,bank_K5_i000130,Transformer,32,4,256,16,2.0340619273483758,16,24,13448,cpu,2.056552372872829,2.0611996948719025,2.0818369537591934,2.071230411529541,project://predictive_profile_strict_replication_v1/runs/bank_K5_i000130/transformer/d32/n256/seed4/DONE.json
done,bank_K5_i000130,Transformer,32,5,256,18,2.0558039881289005,16,26,13448,cpu,2.0427792221307755,2.0328980907797813,2.069367758929729,2.0483922883868217,project://predictive_profile_strict_replication_v1/runs/bank_K5_i000130/transformer/d32/n256/seed5/DONE.json
done,bank_K5_i000130,Transformer,128,1,256,13,2.0538765005767345,16,21,201224,cpu,2.0767111033201218,2.07867169380188,2.0702733397483826,2.09531132876873,project://predictive_profile_strict_replication_v1/runs/bank_K5_i000130/transformer/d128/n256/seed1/DONE.json
done,bank_K5_i000130,Transformer,128,2,256,16,2.0525993146002293,16,24,201224,cpu,2.046168453991413,2.0434818267822266,2.056348353624344,2.085668630897999,project://predictive_profile_strict_replication_v1/runs/bank_K5_i000130/transformer/d128/n256/seed2/DONE.json
done,bank_K5_i000130,Transformer,128,3,256,22,2.0629642233252525,16,30,201224,cpu,2.0526639595627785,2.0714455768466,2.049898125231266,2.0921661257743835,project://predictive_profile_strict_replication_v1/runs/bank_K5_i000130/transformer/d128/n256/seed3/DONE.json
done,bank_K5_i000130,Transformer,128,4,256,13,2.074529089033604,16,21,201224,cpu,2.074726834893226,2.053514711558819,2.061610028147697,2.054682783782482,project://predictive_profile_strict_replication_v1/runs/bank_K5_i000130/transformer/d128/n256/seed4/DONE.json
done,bank_K5_i000130,Transformer,128,5,256,8,2.104722909629345,16,16,201224,cpu,2.098406843841076,2.0535509809851646,2.082903660833836,2.109220117330551,project://predictive_profile_strict_replication_v1/runs/bank_K5_i000130/transformer/d128/n256/seed5/DONE.json
done,bank_K5_i000458,GRU,8,1,256,36,2.0043645799160004,16,44,576,cpu,2.0163418352603912,2.0089916735887527,1.9838266000151636,1.9916228353977203,project://predictive_profile_strict_replication_v1/runs/bank_K5_i000458/gru/d8/n256/seed1/DONE.json
done,bank_K5_i000458,GRU,8,2,256,42,2.002431634813547,16,48,576,cpu,2.0106008052825928,2.006997212767601,2.000074453651905,1.9942082986235616,project://predictive_profile_strict_replication_v1/runs/bank_K5_i000458/gru/d8/n256/seed2/DONE.json
done,bank_K5_i000458,GRU,8,3,256,40,2.0101530589163303,16,48,576,cpu,2.016039103269577,2.031447224318981,2.015446856617928,1.99380112439394,project://predictive_profile_strict_replication_v1/runs/bank_K5_i000458/gru/d8/n256/seed3/DONE.json
done,bank_K5_i000458,GRU,8,4,256,31,2.019440721720457,16,39,576,cpu,2.0205137208104134,2.027645900845528,2.040172889828682,1.9985349625349045,project://predictive_profile_strict_replication_v1/runs/bank_K5_i000458/gru/d8/n256/seed4/DONE.json
done,bank_K5_i000458,GRU,8,5,256,47,2.019749738276005,16,48,576,cpu,2.0034376606345177,1.987021550536156,1.994172602891922,1.989518880844116,project://predictive_profile_strict_replication_v1/runs/bank_K5_i000458/gru/d8/n256/seed5/DONE.json
done,bank_K5_i000458,GRU,32,1,256,9,1.9932518526911736,16,17,6888,cpu,2.0252829268574715,2.0144352689385414,2.0369803085923195,2.0250589698553085,project://predictive_profile_strict_replication_v1/runs/bank_K5_i000458/gru/d32/n256/seed1/DONE.json
done,bank_K5_i000458,GRU,32,2,256,10,2.0149514749646187,16,18,6888,cpu,2.027735091745853,2.016879640519619,2.0262685492634773,2.0163253098726277,project://predictive_profile_strict_replication_v1/runs/bank_K5_i000458/gru/d32/n256/seed2/DONE.json
done,bank_K5_i000458,GRU,32,3,256,16,2.007262133061886,16,24,6888,cpu,2.01605324447155,2.0137269273400307,1.9948982894420624,2.013262078166008,project://predictive_profile_strict_replication_v1/runs/bank_K5_i000458/gru/d32/n256/seed3/DONE.json
done,bank_K5_i000458,GRU,32,4,256,8,2.0093351528048515,16,16,6888,cpu,2.011726751923561,2.011321872472763,2.008496515452862,1.975245974957943,project://predictive_profile_strict_replication_v1/runs/bank_K5_i000458/gru/d32/n256/seed4/DONE.json
done,bank_K5_i000458,GRU,32,5,256,34,2.0076348297297955,16,42,6888,cpu,2.004844032227993,2.026439294219017,2.000157408416271,2.0329422801733017,project://predictive_profile_strict_replication_v1/runs/bank_K5_i000458/gru/d32/n256/seed5/DONE.json
done,bank_K5_i000458,GRU,128,1,256,24,2.0178111121058464,16,32,101256,cpu,2.032088927924633,2.0315794870257378,2.0378334373235703,2.036908432841301,project://predictive_profile_strict_replication_v1/runs/bank_K5_i000458/gru/d128/n256/seed1/DONE.json
done,bank_K5_i000458,GRU,128,2,256,16,2.0263917669653893,16,24,101256,cpu,2.025628589093685,2.017249956727028,2.0143755823373795,2.024620555341244,project://predictive_profile_strict_replication_v1/runs/bank_K5_i000458/gru/d128/n256/seed2/DONE.json
done,bank_K5_i000458,GRU,128,3,256,3,2.016414064913988,16,12,101256,cpu,2.034351125359535,2.0307730436325078,2.032916583120823,1.9912772178649905,project://predictive_profile_strict_replication_v1/runs/bank_K5_i000458/gru/d128/n256/seed3/DONE.json
done,bank_K5_i000458,GRU,128,4,256,15,2.015665214508772,16,23,101256,cpu,2.0328569561243057,2.040720209479332,2.048590786755085,2.04934648424387,project://predictive_profile_strict_replication_v1/runs/bank_K5_i000458/gru/d128/n256/seed4/DONE.json
done,bank_K5_i000458,GRU,128,5,256,7,2.020627614110708,16,15,101256,cpu,2.031186781823635,2.054250545799732,2.034047864377498,2.0072291046381,project://predictive_profile_strict_replication_v1/runs/bank_K5_i000458/gru/d128/n256/seed5/DONE.json
done,bank_K5_i000458,Transformer,8,1,256,37,2.009929269552231,16,45,1064,cpu,2.0324789956212044,2.017583630979061,2.0341592878103256,2.0210251584649086,project://predictive_profile_strict_replication_v1/runs/bank_K5_i000458/transformer/d8/n256/seed1/DONE.json
done,bank_K5_i000458,Transformer,8,2,256,38,2.017633017152548,16,46,1064,cpu,2.020523816347122,1.9890116453170776,2.012981690466404,2.0067301094532013,project://predictive_profile_strict_replication_v1/runs/bank_K5_i000458/transformer/d8/n256/seed2/DONE.json
done,bank_K5_i000458,Transformer,8,3,256,44,2.0165007896721363,16,48,1064,cpu,2.011441759765148,1.97296429425478,1.99408495426178,2.011800080537796,project://predictive_profile_strict_replication_v1/runs/bank_K5_i000458/transformer/d8/n256/seed3/DONE.json
done,bank_K5_i000458,Transformer,8,4,256,42,1.9906439892947676,16,48,1064,cpu,1.9958345517516136,2.00852195173502,2.010923281311989,1.991234727203846,project://predictive_profile_strict_replication_v1/runs/bank_K5_i000458/transformer/d8/n256/seed4/DONE.json
done,bank_K5_i000458,Transformer,8,5,256,48,2.0010672993958,16,48,1064,cpu,2.045176737010479,2.039572194218636,2.0001673325896263,2.000120684504509,project://predictive_profile_strict_replication_v1/runs/bank_K5_i000458/transformer/d8/n256/seed5/DONE.json
done,bank_K5_i000458,Transformer,32,1,256,20,1.9963486231863496,16,28,13448,cpu,1.984679289162159,2.0093469247221947,2.011204645037651,1.9835548400878904,project://predictive_profile_strict_replication_v1/runs/bank_K5_i000458/transformer/d32/n256/seed1/DONE.json
done,bank_K5_i000458,Transformer,32,2,256,24,2.0124272778630257,16,32,13448,cpu,1.9986422583460808,2.0354813039302826,1.9969324097037315,2.044907964766025,project://predictive_profile_strict_replication_v1/runs/bank_K5_i000458/transformer/d32/n256/seed2/DONE.json
done,bank_K5_i000458,Transformer,32,3,256,24,2.022960614413023,16,32,13448,cpu,2.014357216656208,2.0384958386421204,2.0172340869903564,2.0333927273750305,project://predictive_profile_strict_replication_v1/runs/bank_K5_i000458/transformer/d32/n256/seed3/DONE.json
done,bank_K5_i000458,Transformer,32,4,256,19,1.984007567167282,16,27,13448,cpu,2.062740541994572,2.007555343210697,2.0102239549160004,2.0249801725149155,project://predictive_profile_strict_replication_v1/runs/bank_K5_i000458/transformer/d32/n256/seed4/DONE.json
done,bank_K5_i000458,Transformer,32,5,256,22,1.9920762665569784,16,30,13448,cpu,2.014671005308628,1.9960060492157936,2.0015899315476418,2.026225820183754,project://predictive_profile_strict_replication_v1/runs/bank_K5_i000458/transformer/d32/n256/seed5/DONE.json
done,bank_K5_i000458,Transformer,128,1,256,6,2.0456569865345955,16,14,201224,cpu,2.078307628631592,2.0799336656928062,2.0592653900384903,2.048866920173168,project://predictive_profile_strict_replication_v1/runs/bank_K5_i000458/transformer/d128/n256/seed1/DONE.json
done,bank_K5_i000458,Transformer,128,2,256,10,2.001073569059372,16,18,201224,cpu,2.0338733792304997,2.0518153831362724,2.025612063705921,2.0230240151286125,project://predictive_profile_strict_replication_v1/runs/bank_K5_i000458/transformer/d128/n256/seed2/DONE.json
done,bank_K5_i000458,Transformer,128,3,256,14,2.0430781170725822,16,22,201224,cpu,2.049411542713642,2.058964602649212,2.077759228646755,2.0268642902374268,project://predictive_profile_strict_replication_v1/runs/bank_K5_i000458/transformer/d128/n256/seed3/DONE.json
done,bank_K5_i000458,Transformer,128,4,256,10,1.9927151799201963,16,18,201224,cpu,2.0458184257149696,2.0094754323363304,2.062262564897537,2.0342799201607704,project://predictive_profile_strict_replication_v1/runs/bank_K5_i000458/transformer/d128/n256/seed4/DONE.json
done,bank_K5_i000458,Transformer,128,5,256,11,2.04123530164361,16,19,201224,cpu,2.0420133396983147,2.070017270743847,2.0383517891168594,2.0528225153684616,project://predictive_profile_strict_replication_v1/runs/bank_K5_i000458/transformer/d128/n256/seed5/DONE.json
done,bank_K6_i000841,GRU,8,1,256,48,1.772081073373556,16,48,576,cpu,1.8904661759734156,1.824746549129486,1.8048831671476364,1.7440749406814575,project://predictive_profile_strict_replication_v1/runs/bank_K6_i000841/gru/d8/n256/seed1/DONE.json
done,bank_K6_i000841,GRU,8,2,256,47,1.8202078230679035,16,48,576,cpu,1.82471576333046,1.7852722853422165,1.752473659813404,1.7811849117279053,project://predictive_profile_strict_replication_v1/runs/bank_K6_i000841/gru/d8/n256/seed2/DONE.json
done,bank_K6_i000841,GRU,8,3,256,45,1.8004058226943016,16,48,576,cpu,1.821105107665062,1.82232028990984,1.844641953706741,1.767044298350811,project://predictive_profile_strict_replication_v1/runs/bank_K6_i000841/gru/d8/n256/seed3/DONE.json
done,bank_K6_i000841,GRU,8,4,256,48,1.748024798929691,16,48,576,cpu,1.8447287678718567,1.74266367405653,1.8056578412652016,1.8052759543061256,project://predictive_profile_strict_replication_v1/runs/bank_K6_i000841/gru/d8/n256/seed4/DONE.json
done,bank_K6_i000841,GRU,8,5,256,48,1.8157925456762316,16,48,576,cpu,1.887585237622261,1.8014321997761726,1.760802999138832,1.7851071059703827,project://predictive_profile_strict_replication_v1/runs/bank_K6_i000841/gru/d8/n256/seed5/DONE.json
done,bank_K6_i000841,GRU,32,1,256,42,1.787814136594534,16,48,6888,cpu,1.7891519963741302,1.768103264272213,1.7546204701066015,1.740654580295086,project://predictive_profile_strict_replication_v1/runs/bank_K6_i000841/gru/d32/n256/seed1/DONE.json
done,bank_K6_i000841,GRU,32,2,256,19,1.823977183550596,16,27,6888,cpu,1.7837897539138794,1.8251154348254204,1.785156063735485,1.7538060545921326,project://predictive_profile_strict_replication_v1/runs/bank_K6_i000841/gru/d32/n256/seed2/DONE.json
done,bank_K6_i000841,GRU,32,3,256,29,1.769522499293089,16,37,6888,cpu,1.80108130723238,1.7564985528588295,1.723214626312256,1.786676064133644,project://predictive_profile_strict_replication_v1/runs/bank_K6_i000841/gru/d32/n256/seed3/DONE.json
done,bank_K6_i000841,GRU,32,4,256,14,1.8048607558012009,16,22,6888,cpu,1.8550372496247287,1.7791893482208252,1.7240640223026276,1.6694339141249657,project://predictive_profile_strict_replication_v1/runs/bank_K6_i000841/gru/d32/n256/seed4/DONE.json
done,bank_K6_i000841,GRU,32,5,256,21,1.8116921298205853,16,29,6888,cpu,1.8411814495921133,1.799912966787815,1.7537608742713928,1.8029122352600095,project://predictive_profile_strict_replication_v1/runs/bank_K6_i000841/gru/d32/n256/seed5/DONE.json
done,bank_K6_i000841,GRU,128,1,256,6,1.7972950711846352,16,14,101256,cpu,1.8365538269281387,1.800432674586773,1.7343566045165062,1.7342708632349968,project://predictive_profile_strict_replication_v1/runs/bank_K6_i000841/gru/d128/n256/seed1/DONE.json
done,bank_K6_i000841,GRU,128,2,256,14,1.8268809467554088,16,22,101256,cpu,1.7924589663743973,1.753512255847454,1.7874816730618477,1.7028258740901947,project://predictive_profile_strict_replication_v1/runs/bank_K6_i000841/gru/d128/n256/seed2/DONE.json
done,bank_K6_i000841,GRU,128,3,256,19,1.7857210151851175,16,27,101256,cpu,1.8525161892175677,1.7933389768004415,1.7132627069950104,1.798558384180069,project://predictive_profile_strict_replication_v1/runs/bank_K6_i000841/gru/d128/n256/seed3/DONE.json
done,bank_K6_i000841,GRU,128,4,256,8,1.7889269143342972,16,16,101256,cpu,1.8402687832713127,1.7620124965906143,1.7132357507944107,1.703977309167385,project://predictive_profile_strict_replication_v1/runs/bank_K6_i000841/gru/d128/n256/seed4/DONE.json
done,bank_K6_i000841,GRU,128,5,256,7,1.8015979267656803,16,15,101256,cpu,1.8361582159996035,1.7563028931617737,1.7321852296590805,1.7505959272384644,project://predictive_profile_strict_replication_v1/runs/bank_K6_i000841/gru/d128/n256/seed5/DONE.json
done,bank_K6_i000841,Transformer,8,1,256,48,1.834691647440195,16,48,1064,cpu,1.8320255354046824,1.7807680368423462,1.7670060321688652,1.8296619430184364,project://predictive_profile_strict_replication_v1/runs/bank_K6_i000841/transformer/d8/n256/seed1/DONE.json
done,bank_K6_i000841,Transformer,8,2,256,48,1.8036176785826683,16,48,1064,cpu,1.8049534931778908,1.747488223016262,1.7898439541459084,1.7585052698850632,project://predictive_profile_strict_replication_v1/runs/bank_K6_i000841/transformer/d8/n256/seed2/DONE.json
done,bank_K6_i000841,Transformer,8,3,256,47,1.830201257020235,16,48,1064,cpu,1.8170335367321968,1.840981587767601,1.7784849032759666,1.7657975852489471,project://predictive_profile_strict_replication_v1/runs/bank_K6_i000841/transformer/d8/n256/seed3/DONE.json
done,bank_K6_i000841,Transformer,8,4,256,44,1.8395308293402195,16,48,1064,cpu,1.8361055329442024,1.7771956026554108,1.8319486305117607,1.7568554058670998,project://predictive_profile_strict_replication_v1/runs/bank_K6_i000841/transformer/d8/n256/seed4/DONE.json
done,bank_K6_i000841,Transformer,8,5,256,47,1.8011767528951168,16,48,1064,cpu,1.8764247074723244,1.79901734739542,1.758133001625538,1.8455849140882488,project://predictive_profile_strict_replication_v1/runs/bank_K6_i000841/transformer/d8/n256/seed5/DONE.json
done,bank_K6_i000841,Transformer,32,1,256,27,1.7827781774103642,16,35,13448,cpu,1.800887167453766,1.7693215385079384,1.752637803554535,1.7428236678242683,project://predictive_profile_strict_replication_v1/runs/bank_K6_i000841/transformer/d32/n256/seed1/DONE.json
done,bank_K6_i000841,Transformer,32,2,256,18,1.778401669114828,16,26,13448,cpu,1.849674880504608,1.7831361144781113,1.7296229675412178,1.743725799024105,project://predictive_profile_strict_replication_v1/runs/bank_K6_i000841/transformer/d32/n256/seed2/DONE.json
done,bank_K6_i000841,Transformer,32,3,256,32,1.755439016968012,16,40,13448,cpu,1.861271284520626,1.7744760066270828,1.80789964646101,1.7881709411740303,project://predictive_profile_strict_replication_v1/runs/bank_K6_i000841/transformer/d32/n256/seed3/DONE.json
done,bank_K6_i000841,Transformer,32,4,256,32,1.7899262756109238,16,40,13448,cpu,1.8137655407190325,1.8157935664057727,1.6818444058299065,1.7481381371617315,project://predictive_profile_strict_replication_v1/runs/bank_K6_i000841/transformer/d32/n256/seed4/DONE.json
done,bank_K6_i000841,Transformer,32,5,256,26,1.7296681255102158,16,34,13448,cpu,1.8728252872824669,1.841965690255165,1.7391135022044182,1.6883434429764748,project://predictive_profile_strict_replication_v1/runs/bank_K6_i000841/transformer/d32/n256/seed5/DONE.json
done,bank_K6_i000841,Transformer,128,1,256,11,1.8077838644385336,16,19,201224,cpu,1.8106016516685488,1.824865698814392,1.7235977426171305,1.808496095240116,project://predictive_profile_strict_replication_v1/runs/bank_K6_i000841/transformer/d128/n256/seed1/DONE.json
done,bank_K6_i000841,Transformer,128,2,256,21,1.7958341091871262,16,29,201224,cpu,1.8790988326072693,1.7968297451734545,1.8406166806817053,1.8518509194254875,project://predictive_profile_strict_replication_v1/runs/bank_K6_i000841/transformer/d128/n256/seed2/DONE.json
done,bank_K6_i000841,Transformer,128,3,256,21,1.8007455430924892,16,29,201224,cpu,1.8159828782081604,1.73883917927742,1.7452598735690117,1.8113387450575829,project://predictive_profile_strict_replication_v1/runs/bank_K6_i000841/transformer/d128/n256/seed3/DONE.json
done,bank_K6_i000841,Transformer,128,4,256,6,1.8566399104893208,16,14,201224,cpu,1.8933287039399147,1.79024288803339,1.798826277256012,1.7973185926675797,project://predictive_profile_strict_replication_v1/runs/bank_K6_i000841/transformer/d128/n256/seed4/DONE.json
done,bank_K6_i000841,Transformer,128,5,256,23,1.811232428997755,16,31,201224,cpu,1.81597900390625,1.739409901201725,1.8187096193432808,1.7491714805364609,project://predictive_profile_strict_replication_v1/runs/bank_K6_i000841/transformer/d128/n256/seed5/DONE.json
done,bank_K6_i000250,GRU,8,1,256,48,1.8213800974190235,16,48,576,cpu,1.871213510632515,1.862585574388504,1.8264992237091064,1.8232438787817955,project://predictive_profile_strict_replication_v1/runs/bank_K6_i000250/gru/d8/n256/seed1/DONE.json
done,bank_K6_i000250,GRU,8,2,256,45,1.8604430556297304,16,48,576,cpu,1.8545623123645785,1.828913815319538,1.8388053327798843,1.8778798505663872,project://predictive_profile_strict_replication_v1/runs/bank_K6_i000250/gru/d8/n256/seed2/DONE.json
done,bank_K6_i000250,GRU,8,3,256,47,1.8444775491952896,16,48,576,cpu,1.8978573977947235,1.913810819387436,1.874900408089161,1.7946204990148544,project://predictive_profile_strict_replication_v1/runs/bank_K6_i000250/gru/d8/n256/seed3/DONE.json
done,bank_K6_i000250,GRU,8,4,256,48,1.8408996798098087,16,48,576,cpu,1.8830250427126884,1.856126390397549,1.8369273468852043,1.81579115241766,project://predictive_profile_strict_replication_v1/runs/bank_K6_i000250/gru/d8/n256/seed4/DONE.json
done,bank_K6_i000250,GRU,8,5,256,48,1.824501357972622,16,48,576,cpu,1.8805207014083865,1.873217985033989,1.881229646503925,1.8448587283492088,project://predictive_profile_strict_replication_v1/runs/bank_K6_i000250/gru/d8/n256/seed5/DONE.json
done,bank_K6_i000250,GRU,32,1,256,43,1.7663777880370617,16,48,6888,cpu,1.8486653491854668,1.8306158408522608,1.849865809082985,1.775458812713623,project://predictive_profile_strict_replication_v1/runs/bank_K6_i000250/gru/d32/n256/seed1/DONE.json
done,bank_K6_i000250,GRU,32,2,256,13,1.8101675882935524,16,21,6888,cpu,1.8295537829399109,1.8136738613247871,1.8367161750793457,1.808506578207016,project://predictive_profile_strict_replication_v1/runs/bank_K6_i000250/gru/d32/n256/seed2/DONE.json
done,bank_K6_i000250,GRU,32,3,256,24,1.825537797063589,16,32,6888,cpu,1.8604151383042336,1.762756660580635,1.8367334082722664,1.8127150535583496,project://predictive_profile_strict_replication_v1/runs/bank_K6_i000250/gru/d32/n256/seed3/DONE.json
done,bank_K6_i000250,GRU,32,4,256,40,1.8140026815235613,16,48,6888,cpu,1.817138932645321,1.7951037511229515,1.7981009781360626,1.7891084849834442,project://predictive_profile_strict_replication_v1/runs/bank_K6_i000250/gru/d32/n256/seed4/DONE.json
done,bank_K6_i000250,GRU,32,5,256,18,1.8582150265574453,16,26,6888,cpu,1.8799687176942823,1.818371057510376,1.8659861087799072,1.7808771058917046,project://predictive_profile_strict_replication_v1/runs/bank_K6_i000250/gru/d32/n256/seed5/DONE.json
done,bank_K6_i000250,GRU,128,1,256,25,1.8108189925551412,16,33,101256,cpu,1.834796078503132,1.8495410606265068,1.8524794355034828,1.868114411830902,project://predictive_profile_strict_replication_v1/runs/bank_K6_i000250/gru/d128/n256/seed1/DONE.json
done,bank_K6_i000250,GRU,128,2,256,12,1.8132433854043484,16,20,101256,cpu,1.871369570493698,1.787126399576664,1.8613703176379204,1.8006776347756386,project://predictive_profile_strict_replication_v1/runs/bank_K6_i000250/gru/d128/n256/seed2/DONE.json
done,bank_K6_i000250,GRU,128,3,256,22,1.8071282655000689,16,30,101256,cpu,1.916262112557888,1.8469665199518204,1.736747793853283,1.7758167386054993,project://predictive_profile_strict_replication_v1/runs/bank_K6_i000250/gru/d128/n256/seed3/DONE.json
done,bank_K6_i000250,GRU,128,4,256,9,1.8161349892616272,16,17,101256,cpu,1.883555494248867,1.7983636111021042,1.840829901397228,1.7847317904233932,project://predictive_profile_strict_replication_v1/runs/bank_K6_i000250/gru/d128/n256/seed4/DONE.json
done,bank_K6_i000250,GRU,128,5,256,30,1.8181351982057092,16,38,101256,cpu,1.8619641289114952,1.7827093601226809,1.724892981350422,1.8163368329405785,project://predictive_profile_strict_replication_v1/runs/bank_K6_i000250/gru/d128/n256/seed5/DONE.json
done,bank_K6_i000250,Transformer,8,1,256,48,1.8364027813076973,16,48,1064,cpu,1.88492900878191,1.8385954573750496,1.8703458607196808,1.8950626403093336,project://predictive_profile_strict_replication_v1/runs/bank_K6_i000250/transformer/d8/n256/seed1/DONE.json
done,bank_K6_i000250,Transformer,8,2,256,48,1.8505492061376567,16,48,1064,cpu,1.8849938213825224,1.850566789507866,1.8757043704390528,1.84408076107502,project://predictive_profile_strict_replication_v1/runs/bank_K6_i000250/transformer/d8/n256/seed2/DONE.json
done,bank_K6_i000250,Transformer,8,3,256,48,1.8307416588068008,16,48,1064,cpu,1.892683818936348,1.847950890660286,1.84652715921402,1.8203917741775515,project://predictive_profile_strict_replication_v1/runs/bank_K6_i000250/transformer/d8/n256/seed3/DONE.json
done,bank_K6_i000250,Transformer,8,4,256,48,1.8436969332396984,16,48,1064,cpu,1.9428429529070852,1.834428623318672,1.8543662279844284,1.883684054017067,project://predictive_profile_strict_replication_v1/runs/bank_K6_i000250/transformer/d8/n256/seed4/DONE.json
done,bank_K6_i000250,Transformer,8,5,256,48,1.851188227534294,16,48,1064,cpu,1.883894607424736,1.8733584210276604,1.85654466599226,1.8671731799840927,project://predictive_profile_strict_replication_v1/runs/bank_K6_i000250/transformer/d8/n256/seed5/DONE.json
done,bank_K6_i000250,Transformer,32,1,256,13,1.8442188203334808,16,21,13448,cpu,1.8849350661039352,1.8434866815805435,1.8411374390125277,1.7842537760734558,project://predictive_profile_strict_replication_v1/runs/bank_K6_i000250/transformer/d32/n256/seed1/DONE.json
done,bank_K6_i000250,Transformer,32,2,256,12,1.824349608272314,16,20,13448,cpu,1.8547403514385223,1.9166458621621127,1.8471499532461169,1.8709965348243716,project://predictive_profile_strict_replication_v1/runs/bank_K6_i000250/transformer/d32/n256/seed2/DONE.json
done,bank_K6_i000250,Transformer,32,3,256,25,1.8370617292821407,16,33,13448,cpu,1.811116710305214,1.8270440101623533,1.784922145307064,1.8214365988969805,project://predictive_profile_strict_replication_v1/runs/bank_K6_i000250/transformer/d32/n256/seed3/DONE.json
done,bank_K6_i000250,Transformer,32,4,256,15,1.8268590345978737,16,23,13448,cpu,1.8355005234479904,1.838725008070469,1.8710989132523537,1.8208984956145289,project://predictive_profile_strict_replication_v1/runs/bank_K6_i000250/transformer/d32/n256/seed4/DONE.json
done,bank_K6_i000250,Transformer,32,5,256,16,1.8562001660466196,16,24,13448,cpu,1.857013121247292,1.8455211967229843,1.8566711843013763,1.84450713545084,project://predictive_profile_strict_replication_v1/runs/bank_K6_i000250/transformer/d32/n256/seed5/DONE.json
done,bank_K6_i000250,Transformer,128,1,256,30,1.792335081845522,16,38,201224,cpu,1.882042430341244,1.8671857863664627,1.8416577726602557,1.8367724567651749,project://predictive_profile_strict_replication_v1/runs/bank_K6_i000250/transformer/d128/n256/seed1/DONE.json
done,bank_K6_i000250,Transformer,128,2,256,18,1.8799660541117191,16,26,201224,cpu,1.910371370613575,1.8300531506538391,1.9098990187048912,1.814380683004856,project://predictive_profile_strict_replication_v1/runs/bank_K6_i000250/transformer/d128/n256/seed2/DONE.json
done,bank_K6_i000250,Transformer,128,3,256,19,1.8318650089204311,16,27,201224,cpu,1.8439887687563896,1.8589129522442815,1.7618337199091911,1.8214436993002887,project://predictive_profile_strict_replication_v1/runs/bank_K6_i000250/transformer/d128/n256/seed3/DONE.json
done,bank_K6_i000250,Transformer,128,4,256,8,1.8785771317780016,16,16,201224,cpu,1.9023265466094017,1.9134693071246147,1.846638344228268,1.810159653425217,project://predictive_profile_strict_replication_v1/runs/bank_K6_i000250/transformer/d128/n256/seed4/DONE.json
done,bank_K6_i000250,Transformer,128,5,256,10,1.815680120140314,16,18,201224,cpu,1.89744733273983,1.8801068663597107,1.784392610192299,1.8188761249184608,project://predictive_profile_strict_replication_v1/runs/bank_K6_i000250/transformer/d128/n256/seed5/DONE.json
done,bank_K6_i001071,GRU,8,1,256,33,1.9298251084983349,16,41,576,cpu,1.8923362344503405,1.90965548157692,1.8775247260928156,1.8687326461076736,project://predictive_profile_strict_replication_v1/runs/bank_K6_i001071/gru/d8/n256/seed1/DONE.json
done,bank_K6_i001071,GRU,8,2,256,45,1.9074307680130005,16,48,576,cpu,1.9202557653188703,1.9181310385465624,1.9162160903215408,1.9036644995212555,project://predictive_profile_strict_replication_v1/runs/bank_K6_i001071/gru/d8/n256/seed2/DONE.json
done,bank_K6_i001071,GRU,8,3,256,48,1.8931783474981785,16,48,576,cpu,1.938667207956314,1.8401764184236529,1.939445123076439,1.913108602166176,project://predictive_profile_strict_replication_v1/runs/bank_K6_i001071/gru/d8/n256/seed3/DONE.json
done,bank_K6_i001071,GRU,8,4,256,48,1.898995202034712,16,48,576,cpu,1.912975549697876,1.8713160529732704,1.882571302354336,1.9025797620415688,project://predictive_profile_strict_replication_v1/runs/bank_K6_i001071/gru/d8/n256/seed4/DONE.json
done,bank_K6_i001071,GRU,8,5,256,47,1.9165489487349987,16,48,576,cpu,1.939587041735649,1.923434600234032,1.906105786561966,1.92796391248703,project://predictive_profile_strict_replication_v1/runs/bank_K6_i001071/gru/d8/n256/seed5/DONE.json
done,bank_K6_i001071,GRU,32,1,256,21,1.9099319577217104,16,29,6888,cpu,1.8852311819791796,1.9297663196921349,1.9023067355155945,1.8885923773050308,project://predictive_profile_strict_replication_v1/runs/bank_K6_i001071/gru/d32/n256/seed1/DONE.json
done,bank_K6_i001071,GRU,32,2,256,36,1.8916015438735485,16,44,6888,cpu,1.9136406630277636,1.921944245696068,1.8841007426381111,1.8979522734880447,project://predictive_profile_strict_replication_v1/runs/bank_K6_i001071/gru/d32/n256/seed2/DONE.json
done,bank_K6_i001071,GRU,32,3,256,33,1.89718009531498,16,41,6888,cpu,1.9308613613247871,1.872655309736729,1.8794778883457184,1.888022877275944,project://predictive_profile_strict_replication_v1/runs/bank_K6_i001071/gru/d32/n256/seed3/DONE.json
done,bank_K6_i001071,GRU,32,4,256,24,1.924777165055275,16,32,6888,cpu,1.9512505903840065,1.9100601449608805,1.907599166035652,1.8822423592209816,project://predictive_profile_strict_replication_v1/runs/bank_K6_i001071/gru/d32/n256/seed4/DONE.json
done,bank_K6_i001071,GRU,32,5,256,8,1.9131041280925276,16,16,6888,cpu,1.9309434592723849,1.9030322954058647,1.877769559621811,1.870256207883358,project://predictive_profile_strict_replication_v1/runs/bank_K6_i001071/gru/d32/n256/seed5/DONE.json
done,bank_K6_i001071,GRU,128,1,256,17,1.8935217559337616,16,25,101256,cpu,1.887776002287865,1.88315948843956,1.9311315566301344,1.9286230728030205,project://predictive_profile_strict_replication_v1/runs/bank_K6_i001071/gru/d128/n256/seed1/DONE.json
done,bank_K6_i001071,GRU,128,2,256,11,1.9052628353238104,16,19,101256,cpu,1.936330072581768,1.9346808567643168,1.8933572992682457,1.9359342381358149,project://predictive_profile_strict_replication_v1/runs/bank_K6_i001071/gru/d128/n256/seed2/DONE.json
done,bank_K6_i001071,GRU,128,3,256,19,1.9182043373584747,16,27,101256,cpu,1.887295201420784,1.9217977672815325,1.9037281051278117,1.9530762434005735,project://predictive_profile_strict_replication_v1/runs/bank_K6_i001071/gru/d128/n256/seed3/DONE.json
done,bank_K6_i001071,GRU,128,4,256,38,1.9136625416576865,16,46,101256,cpu,1.8551100715994835,1.926587760448456,1.8951788172125816,1.8662123531103132,project://predictive_profile_strict_replication_v1/runs/bank_K6_i001071/gru/d128/n256/seed4/DONE.json
done,bank_K6_i001071,GRU,128,5,256,16,1.907084167003632,16,24,101256,cpu,1.9154163897037504,1.932946391403675,1.9249562099576,1.8846099972724917,project://predictive_profile_strict_replication_v1/runs/bank_K6_i001071/gru/d128/n256/seed5/DONE.json
done,bank_K6_i001071,Transformer,8,1,256,43,1.8914687000215051,16,48,1064,cpu,1.932522572577,1.916534461081028,1.9241374358534813,1.943693369626999,project://predictive_profile_strict_replication_v1/runs/bank_K6_i001071/transformer/d8/n256/seed1/DONE.json
done,bank_K6_i001071,Transformer,8,2,256,44,1.8802412003278728,16,48,1064,cpu,1.9323195442557333,1.9220649376511572,1.919157475233078,1.9569153487682345,project://predictive_profile_strict_replication_v1/runs/bank_K6_i001071/transformer/d8/n256/seed2/DONE.json
done,bank_K6_i001071,Transformer,8,3,256,42,1.8974459581077097,16,48,1064,cpu,1.895562179386616,1.911797560751438,1.8891756907105448,1.8954828679561613,project://predictive_profile_strict_replication_v1/runs/bank_K6_i001071/transformer/d8/n256/seed3/DONE.json
done,bank_K6_i001071,Transformer,8,4,256,47,1.922327931970358,16,48,1064,cpu,1.9032087847590449,1.910491980612278,1.9692444428801537,1.9530960768461227,project://predictive_profile_strict_replication_v1/runs/bank_K6_i001071/transformer/d8/n256/seed4/DONE.json
done,bank_K6_i001071,Transformer,8,5,256,45,1.928257450461388,16,48,1064,cpu,1.8889983594417568,1.8573365807533264,1.8765973150730133,1.913807824254036,project://predictive_profile_strict_replication_v1/runs/bank_K6_i001071/transformer/d8/n256/seed5/DONE.json
done,bank_K6_i001071,Transformer,32,1,256,19,1.8781908005476,16,27,13448,cpu,1.935365736484528,1.8833252489566803,1.932371698319912,1.9002973958849907,project://predictive_profile_strict_replication_v1/runs/bank_K6_i001071/transformer/d32/n256/seed1/DONE.json
done,bank_K6_i001071,Transformer,32,2,256,22,1.8699087388813496,16,30,13448,cpu,1.9342946782708168,1.9372167959809303,1.9391605630517008,1.8761927783489227,project://predictive_profile_strict_replication_v1/runs/bank_K6_i001071/transformer/d32/n256/seed2/DONE.json
done,bank_K6_i001071,Transformer,32,3,256,20,1.8896109834313397,16,28,13448,cpu,1.8856359720230105,1.9008296504616735,1.923216201364994,1.8854406401515007,project://predictive_profile_strict_replication_v1/runs/bank_K6_i001071/transformer/d32/n256/seed3/DONE.json
done,bank_K6_i001071,Transformer,32,4,256,21,1.900366846472025,16,29,13448,cpu,1.903122328221798,1.9230740889906883,1.9409976080060003,1.8838198482990265,project://predictive_profile_strict_replication_v1/runs/bank_K6_i001071/transformer/d32/n256/seed4/DONE.json
done,bank_K6_i001071,Transformer,32,5,256,24,1.8712929226458077,16,32,13448,cpu,1.9280573353171349,1.936856985092163,1.882288783788681,1.925830729305744,project://predictive_profile_strict_replication_v1/runs/bank_K6_i001071/transformer/d32/n256/seed5/DONE.json
done,bank_K6_i001071,Transformer,128,1,256,5,1.9469587057828903,16,13,201224,cpu,1.9112335368990896,1.9698772951960564,2.023346319794655,1.9373610317707064,project://predictive_profile_strict_replication_v1/runs/bank_K6_i001071/transformer/d128/n256/seed1/DONE.json
done,bank_K6_i001071,Transformer,128,2,256,23,1.8864635415375235,16,31,201224,cpu,1.880395524203777,1.907929502427578,1.9162818044424057,1.870841808617115,project://predictive_profile_strict_replication_v1/runs/bank_K6_i001071/transformer/d128/n256/seed2/DONE.json
done,bank_K6_i001071,Transformer,128,3,256,11,1.934284534305334,16,19,201224,cpu,1.923787958920002,1.8864092454314232,1.9445897862315176,1.912667453289032,project://predictive_profile_strict_replication_v1/runs/bank_K6_i001071/transformer/d128/n256/seed3/DONE.json
done,bank_K6_i001071,Transformer,128,4,256,1,1.942331437021494,16,12,201224,cpu,1.9831264913082125,1.891588434576988,1.926589012145996,1.9461650103330608,project://predictive_profile_strict_replication_v1/runs/bank_K6_i001071/transformer/d128/n256/seed4/DONE.json
done,bank_K6_i001071,Transformer,128,5,256,17,1.882158100605011,16,25,201224,cpu,1.951259970664978,1.933652013540268,1.897125817835331,1.9023557528853416,project://predictive_profile_strict_replication_v1/runs/bank_K6_i001071/transformer/d128/n256/seed5/DONE.json
done,bank_K6_i000724,GRU,8,1,256,45,1.9912742264568808,16,48,576,cpu,2.018690660595894,2.03214842826128,2.0113707780838013,1.9952302798628807,project://predictive_profile_strict_replication_v1/runs/bank_K6_i000724/gru/d8/n256/seed1/DONE.json
done,bank_K6_i000724,GRU,8,2,256,47,2.0175674371421337,16,48,576,cpu,2.0158945992589,1.995846338570118,2.0016629099845886,2.00777717679739,project://predictive_profile_strict_replication_v1/runs/bank_K6_i000724/gru/d8/n256/seed2/DONE.json
done,bank_K6_i000724,GRU,8,3,256,25,1.9902771450579169,16,33,576,cpu,2.0208941474556923,2.0024217069149017,2.01000939309597,1.9766508787870407,project://predictive_profile_strict_replication_v1/runs/bank_K6_i000724/gru/d8/n256/seed3/DONE.json
done,bank_K6_i000724,GRU,8,4,256,29,2.0070050060749054,16,37,576,cpu,2.007438287138939,1.9956124126911163,2.000766299664974,1.9896666184067728,project://predictive_profile_strict_replication_v1/runs/bank_K6_i000724/gru/d8/n256/seed4/DONE.json
done,bank_K6_i000724,GRU,8,5,256,48,2.0035952776670456,16,48,576,cpu,2.012359172105789,1.985093928873539,2.011403925716877,1.9857292175292969,project://predictive_profile_strict_replication_v1/runs/bank_K6_i000724/gru/d8/n256/seed5/DONE.json
done,bank_K6_i000724,GRU,32,1,256,15,2.018458005040884,16,23,6888,cpu,2.024476267397404,2.0216311886906624,2.022701501846313,2.0188873782753944,project://predictive_profile_strict_replication_v1/runs/bank_K6_i000724/gru/d32/n256/seed1/DONE.json
done,bank_K6_i000724,GRU,32,2,256,17,1.9832466393709185,16,25,6888,cpu,2.0139114260673523,1.9939331337809565,1.9886078014969824,1.9668653160333636,project://predictive_profile_strict_replication_v1/runs/bank_K6_i000724/gru/d32/n256/seed2/DONE.json
done,bank_K6_i000724,GRU,32,3,256,23,1.9862111620604992,16,31,6888,cpu,2.021555952727794,1.9639922231435776,2.006492905318737,1.9969083219766617,project://predictive_profile_strict_replication_v1/runs/bank_K6_i000724/gru/d32/n256/seed3/DONE.json
done,bank_K6_i000724,GRU,32,4,256,14,2.0061641186475754,16,22,6888,cpu,2.0110653042793274,2.003910467028618,2.0132871940732,2.02167160063982,project://predictive_profile_strict_replication_v1/runs/bank_K6_i000724/gru/d32/n256/seed4/DONE.json
done,bank_K6_i000724,GRU,32,5,256,44,1.9720276929438116,16,48,6888,cpu,1.9863225147128103,1.9803675636649127,1.9850883930921557,2.011132009327412,project://predictive_profile_strict_replication_v1/runs/bank_K6_i000724/gru/d32/n256/seed5/DONE.json
done,bank_K6_i000724,GRU,128,1,256,7,2.0146862491965294,16,15,101256,cpu,1.9805181473493576,2.024100199341774,2.041903108358383,2.05260943621397,project://predictive_profile_strict_replication_v1/runs/bank_K6_i000724/gru/d128/n256/seed1/DONE.json
done,bank_K6_i000724,GRU,128,2,256,26,1.9870177172124384,16,34,101256,cpu,2.005396582186222,2.040001794695854,2.0013605132699013,2.004933327436447,project://predictive_profile_strict_replication_v1/runs/bank_K6_i000724/gru/d128/n256/seed2/DONE.json
done,bank_K6_i000724,GRU,128,3,256,5,1.9969361200928688,16,13,101256,cpu,2.0159596279263496,1.9977280050516129,2.025623567402363,2.0252294316887856,project://predictive_profile_strict_replication_v1/runs/bank_K6_i000724/gru/d128/n256/seed3/DONE.json
done,bank_K6_i000724,GRU,128,4,256,13,1.999025333672762,16,21,101256,cpu,2.024004228413105,2.0313850492239,2.0311217233538628,2.016941912472248,project://predictive_profile_strict_replication_v1/runs/bank_K6_i000724/gru/d128/n256/seed4/DONE.json
done,bank_K6_i000724,GRU,128,5,256,9,2.015063989907503,16,17,101256,cpu,2.041008397936821,2.0216692239046097,2.0362085103988647,2.0029492154717445,project://predictive_profile_strict_replication_v1/runs/bank_K6_i000724/gru/d128/n256/seed5/DONE.json
done,bank_K6_i000724,Transformer,8,1,256,35,2.005107544362545,16,43,1064,cpu,1.993578590452671,1.9960942268371584,2.028420962393284,1.9941078051924703,project://predictive_profile_strict_replication_v1/runs/bank_K6_i000724/transformer/d8/n256/seed1/DONE.json
done,bank_K6_i000724,Transformer,8,2,256,48,1.998661208897829,16,48,1064,cpu,2.0039575919508934,1.9836046025156973,1.9819185510277748,2.016561172902584,project://predictive_profile_strict_replication_v1/runs/bank_K6_i000724/transformer/d8/n256/seed2/DONE.json
done,bank_K6_i000724,Transformer,8,3,256,36,1.9953633025288584,16,44,1064,cpu,2.006299592554569,1.9715458154678345,2.019728049635887,2.009604774415493,project://predictive_profile_strict_replication_v1/runs/bank_K6_i000724/transformer/d8/n256/seed3/DONE.json
done,bank_K6_i000724,Transformer,8,4,256,25,2.0043355226516724,16,33,1064,cpu,1.997946634888649,1.996617667376995,1.998139671981335,2.0181024745106697,project://predictive_profile_strict_replication_v1/runs/bank_K6_i000724/transformer/d8/n256/seed4/DONE.json
done,bank_K6_i000724,Transformer,8,5,256,47,2.003673207014799,16,48,1064,cpu,2.000313885509968,2.0156417414546013,1.987192951142788,1.9977016001939771,project://predictive_profile_strict_replication_v1/runs/bank_K6_i000724/transformer/d8/n256/seed5/DONE.json
done,bank_K6_i000724,Transformer,32,1,256,11,2.008010026067496,16,19,13448,cpu,2.031951867043972,2.0148813650012016,2.003874465823173,2.032520979642868,project://predictive_profile_strict_replication_v1/runs/bank_K6_i000724/transformer/d32/n256/seed1/DONE.json
done,bank_K6_i000724,Transformer,32,2,256,26,1.994939893484116,16,34,13448,cpu,2.0017506554722786,1.9846393689513209,2.000134952366352,2.0080382600426674,project://predictive_profile_strict_replication_v1/runs/bank_K6_i000724/transformer/d32/n256/seed2/DONE.json
done,bank_K6_i000724,Transformer,32,3,256,25,2.042868200689554,16,33,13448,cpu,1.991959698498249,2.011874616146088,2.011742763221264,2.0150823891162872,project://predictive_profile_strict_replication_v1/runs/bank_K6_i000724/transformer/d32/n256/seed3/DONE.json
done,bank_K6_i000724,Transformer,32,4,256,8,2.0116029754281044,16,16,13448,cpu,2.012138269841671,2.0360312834382057,1.99779012799263,2.0098297894001007,project://predictive_profile_strict_replication_v1/runs/bank_K6_i000724/transformer/d32/n256/seed4/DONE.json
done,bank_K6_i000724,Transformer,32,5,256,18,1.9854060746729372,16,26,13448,cpu,1.9847414195537567,2.0013962984085083,2.00885621458292,2.0060416385531425,project://predictive_profile_strict_replication_v1/runs/bank_K6_i000724/transformer/d32/n256/seed5/DONE.json
done,bank_K6_i000724,Transformer,128,1,256,14,2.0320102982223034,16,22,201224,cpu,2.0274811908602715,2.061407469213009,2.0357148498296738,2.015068396925926,project://predictive_profile_strict_replication_v1/runs/bank_K6_i000724/transformer/d128/n256/seed1/DONE.json
done,bank_K6_i000724,Transformer,128,2,256,8,2.0047443620860577,16,16,201224,cpu,2.03486442565918,2.0020583420991898,2.012146256864071,1.9883138164877887,project://predictive_profile_strict_replication_v1/runs/bank_K6_i000724/transformer/d128/n256/seed2/DONE.json
done,bank_K6_i000724,Transformer,128,3,256,8,2.0558018051087856,16,16,201224,cpu,2.0162037536501884,2.0270047038793564,2.062590576708317,2.0544092431664467,project://predictive_profile_strict_replication_v1/runs/bank_K6_i000724/transformer/d128/n256/seed3/DONE.json
done,bank_K6_i000724,Transformer,128,4,256,22,1.990042366087437,16,30,201224,cpu,2.023564800620079,2.068875312805176,2.0125919952988625,1.985733702778816,project://predictive_profile_strict_replication_v1/runs/bank_K6_i000724/transformer/d128/n256/seed4/DONE.json
done,bank_K6_i000724,Transformer,128,5,256,27,2.004851520061493,16,35,201224,cpu,1.9932421520352364,1.9804706573486328,1.989710122346878,2.015503473579884,project://predictive_profile_strict_replication_v1/runs/bank_K6_i000724/transformer/d128/n256/seed5/DONE.json
