file,column,dtype,description
data/aggregate/confirmatory__confirmatory_feature_outcome_table.csv,hmm_id,object,Stable HMM identifier.
data/aggregate/confirmatory__confirmatory_feature_outcome_table.csv,architecture,object,Learner architecture.
data/aggregate/confirmatory__confirmatory_feature_outcome_table.csv,A_width_shape,float64,See the corresponding protocol/notebook; detailed definition to be finalized.
data/aggregate/confirmatory__confirmatory_feature_outcome_table.csv,best_shape_rmse,float64,See the corresponding protocol/notebook; detailed definition to be finalized.
data/aggregate/confirmatory__confirmatory_feature_outcome_table.csv,best_dimension,int64,See the corresponding protocol/notebook; detailed definition to be finalized.
data/aggregate/confirmatory__confirmatory_feature_outcome_table.csv,width_gain,float64,See the corresponding protocol/notebook; detailed definition to be finalized.
data/aggregate/confirmatory__confirmatory_feature_outcome_table.csv,d90,float64,See the corresponding protocol/notebook; detailed definition to be finalized.
data/aggregate/confirmatory__confirmatory_feature_outcome_table.csv,d95,float64,See the corresponding protocol/notebook; detailed definition to be finalized.
data/aggregate/confirmatory__confirmatory_feature_outcome_table.csv,mean_excess_ce_H,float64,See the corresponding protocol/notebook; detailed definition to be finalized.
data/aggregate/confirmatory__confirmatory_feature_outcome_table.csv,mean_recovery_ratio,float64,See the corresponding protocol/notebook; detailed definition to be finalized.
data/aggregate/confirmatory__confirmatory_feature_outcome_table.csv,K,int64,Number of hidden states.
data/aggregate/confirmatory__confirmatory_feature_outcome_table.csv,source,object,See the corresponding protocol/notebook; detailed definition to be finalized.
data/aggregate/confirmatory__confirmatory_feature_outcome_table.csv,cohort,object,See the corresponding protocol/notebook; detailed definition to be finalized.
data/aggregate/confirmatory__confirmatory_feature_outcome_table.csv,K_metric,int64,See the corresponding protocol/notebook; detailed definition to be finalized.
data/aggregate/confirmatory__confirmatory_feature_outcome_table.csv,bank_index,int64,See the corresponding protocol/notebook; detailed definition to be finalized.
data/aggregate/confirmatory__confirmatory_feature_outcome_table.csv,alpha_t,float64,See the corresponding protocol/notebook; detailed definition to be finalized.
data/aggregate/confirmatory__confirmatory_feature_outcome_table.csv,self_bias,float64,See the corresponding protocol/notebook; detailed definition to be finalized.
data/aggregate/confirmatory__confirmatory_feature_outcome_table.csv,alpha_e,float64,See the corresponding protocol/notebook; detailed definition to be finalized.
data/aggregate/confirmatory__confirmatory_feature_outcome_table.csv,gen_seed,int64,See the corresponding protocol/notebook; detailed definition to be finalized.
data/aggregate/confirmatory__confirmatory_feature_outcome_table.csv,vocab_size,int64,See the corresponding protocol/notebook; detailed definition to be finalized.
data/aggregate/confirmatory__confirmatory_feature_outcome_table.csv,min_stationary_prob,float64,See the corresponding protocol/notebook; detailed definition to be finalized.
data/aggregate/confirmatory__confirmatory_feature_outcome_table.csv,min_symbol_prob,float64,See the corresponding protocol/notebook; detailed definition to be finalized.
data/aggregate/confirmatory__confirmatory_feature_outcome_table.csv,bayes_ce_h1,float64,Exact Bayes cross-entropy for context length 1.
data/aggregate/confirmatory__confirmatory_feature_outcome_table.csv,bayes_ce_h2,float64,See the corresponding protocol/notebook; detailed definition to be finalized.
data/aggregate/confirmatory__confirmatory_feature_outcome_table.csv,bayes_ce_h3,float64,See the corresponding protocol/notebook; detailed definition to be finalized.
data/aggregate/confirmatory__confirmatory_feature_outcome_table.csv,bayes_ce_h4,float64,Exact Bayes cross-entropy for context length 4.
data/aggregate/confirmatory__confirmatory_feature_outcome_table.csv,bayes_gap_1_to_H,float64,See the corresponding protocol/notebook; detailed definition to be finalized.
data/aggregate/confirmatory__confirmatory_feature_outcome_table.csv,context_gain_area,float64,Area between the Bayes context-response curve and its value at H.
data/aggregate/confirmatory__confirmatory_feature_outcome_table.csv,pred_h4_m1_sv1,float64,See the corresponding protocol/notebook; detailed definition to be finalized.
data/aggregate/confirmatory__confirmatory_feature_outcome_table.csv,pred_h4_m1_sv2,float64,See the corresponding protocol/notebook; detailed definition to be finalized.
data/aggregate/confirmatory__confirmatory_feature_outcome_table.csv,pred_h4_m1_signal,float64,See the corresponding protocol/notebook; detailed definition to be finalized.
data/aggregate/confirmatory__confirmatory_feature_outcome_table.csv,pred_h4_m1_effective_rank,float64,See the corresponding protocol/notebook; detailed definition to be finalized.
data/aggregate/confirmatory__confirmatory_feature_outcome_table.csv,pred_h4_m1_numerical_rank,int64,See the corresponding protocol/notebook; detailed definition to be finalized.
data/aggregate/confirmatory__confirmatory_feature_outcome_table.csv,pred_h4_m1_r90,int64,See the corresponding protocol/notebook; detailed definition to be finalized.
data/aggregate/confirmatory__confirmatory_feature_outcome_table.csv,pred_h4_m1_sigma90,float64,See the corresponding protocol/notebook; detailed definition to be finalized.
data/aggregate/confirmatory__confirmatory_feature_outcome_table.csv,pred_h4_m1_kappa90,float64,See the corresponding protocol/notebook; detailed definition to be finalized.
data/aggregate/confirmatory__confirmatory_feature_outcome_table.csv,pred_h4_m1_r95,int64,See the corresponding protocol/notebook; detailed definition to be finalized.
data/aggregate/confirmatory__confirmatory_feature_outcome_table.csv,pred_h4_m1_sigma95,float64,See the corresponding protocol/notebook; detailed definition to be finalized.
data/aggregate/confirmatory__confirmatory_feature_outcome_table.csv,pred_h4_m1_kappa95,float64,See the corresponding protocol/notebook; detailed definition to be finalized.
data/aggregate/confirmatory__confirmatory_feature_outcome_table.csv,pred_h4_m1_r99,int64,See the corresponding protocol/notebook; detailed definition to be finalized.
data/aggregate/confirmatory__confirmatory_feature_outcome_table.csv,pred_h4_m1_sigma99,float64,See the corresponding protocol/notebook; detailed definition to be finalized.
data/aggregate/confirmatory__confirmatory_feature_outcome_table.csv,pred_h4_m1_kappa99,float64,See the corresponding protocol/notebook; detailed definition to be finalized.
data/aggregate/confirmatory__confirmatory_feature_outcome_table.csv,pred_h4_m2_sv1,float64,See the corresponding protocol/notebook; detailed definition to be finalized.
data/aggregate/confirmatory__confirmatory_feature_outcome_table.csv,pred_h4_m2_sv2,float64,See the corresponding protocol/notebook; detailed definition to be finalized.
data/aggregate/confirmatory__confirmatory_feature_outcome_table.csv,pred_h4_m2_signal,float64,See the corresponding protocol/notebook; detailed definition to be finalized.
data/aggregate/confirmatory__confirmatory_feature_outcome_table.csv,pred_h4_m2_effective_rank,float64,See the corresponding protocol/notebook; detailed definition to be finalized.
data/aggregate/confirmatory__confirmatory_feature_outcome_table.csv,pred_h4_m2_numerical_rank,int64,See the corresponding protocol/notebook; detailed definition to be finalized.
data/aggregate/confirmatory__confirmatory_feature_outcome_table.csv,pred_h4_m2_r90,int64,See the corresponding protocol/notebook; detailed definition to be finalized.
data/aggregate/confirmatory__confirmatory_feature_outcome_table.csv,pred_h4_m2_sigma90,float64,See the corresponding protocol/notebook; detailed definition to be finalized.
data/aggregate/confirmatory__confirmatory_feature_outcome_table.csv,pred_h4_m2_kappa90,float64,See the corresponding protocol/notebook; detailed definition to be finalized.
data/aggregate/confirmatory__confirmatory_feature_outcome_table.csv,pred_h4_m2_r95,int64,See the corresponding protocol/notebook; detailed definition to be finalized.
data/aggregate/confirmatory__confirmatory_feature_outcome_table.csv,pred_h4_m2_sigma95,float64,See the corresponding protocol/notebook; detailed definition to be finalized.
data/aggregate/confirmatory__confirmatory_feature_outcome_table.csv,pred_h4_m2_kappa95,float64,See the corresponding protocol/notebook; detailed definition to be finalized.
data/aggregate/confirmatory__confirmatory_feature_outcome_table.csv,pred_h4_m2_r99,int64,See the corresponding protocol/notebook; detailed definition to be finalized.
data/aggregate/confirmatory__confirmatory_feature_outcome_table.csv,pred_h4_m2_sigma99,float64,See the corresponding protocol/notebook; detailed definition to be finalized.
data/aggregate/confirmatory__confirmatory_feature_outcome_table.csv,pred_h4_m2_kappa99,float64,See the corresponding protocol/notebook; detailed definition to be finalized.
data/aggregate/confirmatory__confirmatory_feature_outcome_table.csv,lambda2_abs,float64,See the corresponding protocol/notebook; detailed definition to be finalized.
data/aggregate/confirmatory__confirmatory_feature_outcome_table.csv,tau_hidden,float64,See the corresponding protocol/notebook; detailed definition to be finalized.
data/aggregate/confirmatory__confirmatory_feature_outcome_table.csv,tau_observed_proxy,float64,See the corresponding protocol/notebook; detailed definition to be finalized.
data/aggregate/confirmatory__confirmatory_feature_outcome_table.csv,pred_h4_m1_sv3,float64,See the corresponding protocol/notebook; detailed definition to be finalized.
data/aggregate/confirmatory__confirmatory_feature_outcome_table.csv,pred_h4_m2_sv3,float64,See the corresponding protocol/notebook; detailed definition to be finalized.
data/aggregate/confirmatory__confirmatory_feature_outcome_table.csv,pred_h4_m1_sv4,float64,See the corresponding protocol/notebook; detailed definition to be finalized.
data/aggregate/confirmatory__confirmatory_feature_outcome_table.csv,pred_h4_m2_sv4,float64,See the corresponding protocol/notebook; detailed definition to be finalized.
data/aggregate/confirmatory__confirmatory_feature_outcome_table.csv,pred_h4_m1_sv5,float64,See the corresponding protocol/notebook; detailed definition to be finalized.
data/aggregate/confirmatory__confirmatory_feature_outcome_table.csv,pred_h4_m2_sv5,float64,See the corresponding protocol/notebook; detailed definition to be finalized.
data/aggregate/confirmatory__confirmatory_feature_outcome_table.csv,symbol_entropy,float64,See the corresponding protocol/notebook; detailed definition to be finalized.
data/aggregate/confirmatory__confirmatory_feature_outcome_table.csv,symbol_entropy_normalized,float64,See the corresponding protocol/notebook; detailed definition to be finalized.
data/aggregate/confirmatory__confirmatory_feature_outcome_table.csv,max_symbol_prob,float64,See the corresponding protocol/notebook; detailed definition to be finalized.
data/aggregate/confirmatory__confirmatory_feature_outcome_table.csv,min_symbol_prob_recomputed,float64,See the corresponding protocol/notebook; detailed definition to be finalized.
data/aggregate/confirmatory__confirmatory_feature_outcome_table.csv,marginal_l2_from_uniform,float64,See the corresponding protocol/notebook; detailed definition to be finalized.
data/aggregate/confirmatory__confirmatory_feature_outcome_table.csv,symbol_prob_0,float64,See the corresponding protocol/notebook; detailed definition to be finalized.
data/aggregate/confirmatory__confirmatory_feature_outcome_table.csv,symbol_prob_1,float64,See the corresponding protocol/notebook; detailed definition to be finalized.
data/aggregate/confirmatory__confirmatory_feature_outcome_table.csv,symbol_prob_2,float64,See the corresponding protocol/notebook; detailed definition to be finalized.
data/aggregate/confirmatory__confirmatory_feature_outcome_table.csv,symbol_prob_3,float64,See the corresponding protocol/notebook; detailed definition to be finalized.
data/aggregate/confirmatory__confirmatory_feature_outcome_table.csv,symbol_prob_4,float64,See the corresponding protocol/notebook; detailed definition to be finalized.
data/aggregate/confirmatory__confirmatory_feature_outcome_table.csv,symbol_prob_5,float64,See the corresponding protocol/notebook; detailed definition to be finalized.
data/aggregate/confirmatory__confirmatory_feature_outcome_table.csv,symbol_prob_6,float64,See the corresponding protocol/notebook; detailed definition to be finalized.
data/aggregate/confirmatory__confirmatory_feature_outcome_table.csv,symbol_prob_7,float64,See the corresponding protocol/notebook; detailed definition to be finalized.
data/aggregate/confirmatory__confirmatory_feature_outcome_table.csv,log_K,float64,See the corresponding protocol/notebook; detailed definition to be finalized.
data/aggregate/confirmatory__confirmatory_feature_outcome_table.csv,log_gain,float64,See the corresponding protocol/notebook; detailed definition to be finalized.
data/aggregate/confirmatory__confirmatory_feature_outcome_table.csv,rank_value,float64,See the corresponding protocol/notebook; detailed definition to be finalized.
data/aggregate/confirmatory__confirmatory_feature_outcome_table.csv,log_rank,float64,See the corresponding protocol/notebook; detailed definition to be finalized.
data/aggregate/confirmatory__confirmatory_feature_outcome_table.csv,neg_log_sigma,float64,See the corresponding protocol/notebook; detailed definition to be finalized.
data/aggregate/confirmatory__confirmatory_feature_outcome_table.csv,log_tau,float64,See the corresponding protocol/notebook; detailed definition to be finalized.
data/aggregate/confirmatory__confirmatory_feature_outcome_table.csv,log_min_symbol_prob,float64,See the corresponding protocol/notebook; detailed definition to be finalized.
data/aggregate/confirmatory__confirmatory_feature_outcome_table.csv,log_signal,float64,See the corresponding protocol/notebook; detailed definition to be finalized.
data/aggregate/confirmatory__confirmatory_feature_outcome_table.csv,selection_cluster,int64,See the corresponding protocol/notebook; detailed definition to be finalized.
data/aggregate/confirmatory__confirmatory_feature_outcome_table.csv,distance_to_cluster_center,float64,See the corresponding protocol/notebook; detailed definition to be finalized.
data/aggregate/confirmatory__confirmatory_feature_outcome_table.csv,cluster_size,int64,See the corresponding protocol/notebook; detailed definition to be finalized.
data/aggregate/confirmatory__confirmatory_feature_outcome_table.csv,selection_protocol,object,See the corresponding protocol/notebook; detailed definition to be finalized.
data/aggregate/confirmatory__confirmatory_feature_outcome_table.csv,pred_h4_m3_sv1,float64,See the corresponding protocol/notebook; detailed definition to be finalized.
data/aggregate/confirmatory__confirmatory_feature_outcome_table.csv,pred_h4_m3_sv2,float64,See the corresponding protocol/notebook; detailed definition to be finalized.
data/aggregate/confirmatory__confirmatory_feature_outcome_table.csv,pred_h4_m3_signal,float64,See the corresponding protocol/notebook; detailed definition to be finalized.
data/aggregate/confirmatory__confirmatory_feature_outcome_table.csv,pred_h4_m3_effective_rank,float64,See the corresponding protocol/notebook; detailed definition to be finalized.
data/aggregate/confirmatory__confirmatory_feature_outcome_table.csv,pred_h4_m3_numerical_rank,int64,See the corresponding protocol/notebook; detailed definition to be finalized.
data/aggregate/confirmatory__confirmatory_feature_outcome_table.csv,pred_h4_m3_r90,int64,See the corresponding protocol/notebook; detailed definition to be finalized.
data/aggregate/confirmatory__confirmatory_feature_outcome_table.csv,pred_h4_m3_sigma90,float64,See the corresponding protocol/notebook; detailed definition to be finalized.
data/aggregate/confirmatory__confirmatory_feature_outcome_table.csv,pred_h4_m3_kappa90,float64,See the corresponding protocol/notebook; detailed definition to be finalized.
data/aggregate/confirmatory__confirmatory_feature_outcome_table.csv,pred_h4_m3_r95,int64,See the corresponding protocol/notebook; detailed definition to be finalized.
data/aggregate/confirmatory__confirmatory_feature_outcome_table.csv,pred_h4_m3_sigma95,float64,See the corresponding protocol/notebook; detailed definition to be finalized.
data/aggregate/confirmatory__confirmatory_feature_outcome_table.csv,pred_h4_m3_kappa95,float64,See the corresponding protocol/notebook; detailed definition to be finalized.
data/aggregate/confirmatory__confirmatory_feature_outcome_table.csv,pred_h4_m3_r99,int64,See the corresponding protocol/notebook; detailed definition to be finalized.
data/aggregate/confirmatory__confirmatory_feature_outcome_table.csv,pred_h4_m3_sigma99,float64,See the corresponding protocol/notebook; detailed definition to be finalized.
data/aggregate/confirmatory__confirmatory_feature_outcome_table.csv,pred_h4_m3_kappa99,float64,See the corresponding protocol/notebook; detailed definition to be finalized.
data/aggregate/confirmatory__confirmatory_feature_outcome_table.csv,hmm_file,object,See the corresponding protocol/notebook; detailed definition to be finalized.
data/aggregate/confirmatory__confirmatory_feature_outcome_table.csv,pred_h4_m3_sv3,float64,See the corresponding protocol/notebook; detailed definition to be finalized.
data/aggregate/confirmatory__confirmatory_feature_outcome_table.csv,pred_h4_m3_sv4,float64,See the corresponding protocol/notebook; detailed definition to be finalized.
data/aggregate/confirmatory__confirmatory_feature_outcome_table.csv,pred_h4_m3_sv5,float64,See the corresponding protocol/notebook; detailed definition to be finalized.
data/aggregate/confirmatory__confirmatory_holdout_paired_comparisons.csv,architecture,object,Learner architecture.
data/aggregate/confirmatory__confirmatory_holdout_paired_comparisons.csv,outcome,object,See the corresponding protocol/notebook; detailed definition to be finalized.
data/aggregate/confirmatory__confirmatory_holdout_paired_comparisons.csv,comparison,object,See the corresponding protocol/notebook; detailed definition to be finalized.
data/aggregate/confirmatory__confirmatory_holdout_paired_comparisons.csv,n_hmms,int64,See the corresponding protocol/notebook; detailed definition to be finalized.
data/aggregate/confirmatory__confirmatory_holdout_paired_comparisons.csv,mean_squared_error_improvement,float64,See the corresponding protocol/notebook; detailed definition to be finalized.
data/aggregate/confirmatory__confirmatory_holdout_paired_comparisons.csv,median_squared_error_improvement,float64,See the corresponding protocol/notebook; detailed definition to be finalized.
data/aggregate/confirmatory__confirmatory_holdout_paired_comparisons.csv,bootstrap_ci_low,float64,See the corresponding protocol/notebook; detailed definition to be finalized.
data/aggregate/confirmatory__confirmatory_holdout_paired_comparisons.csv,bootstrap_ci_high,float64,See the corresponding protocol/notebook; detailed definition to be finalized.
data/aggregate/confirmatory__confirmatory_holdout_paired_comparisons.csv,sign_flip_p_two_sided,float64,See the corresponding protocol/notebook; detailed definition to be finalized.
data/aggregate/confirmatory__confirmatory_holdout_paired_comparisons.csv,fraction_hmms_improved,float64,See the corresponding protocol/notebook; detailed definition to be finalized.
data/aggregate/confirmatory__confirmatory_holdout_performance.csv,architecture,object,Learner architecture.
data/aggregate/confirmatory__confirmatory_holdout_performance.csv,outcome,object,See the corresponding protocol/notebook; detailed definition to be finalized.
data/aggregate/confirmatory__confirmatory_holdout_performance.csv,model,object,See the corresponding protocol/notebook; detailed definition to be finalized.
data/aggregate/confirmatory__confirmatory_holdout_performance.csv,n_development,int64,See the corresponding protocol/notebook; detailed definition to be finalized.
data/aggregate/confirmatory__confirmatory_holdout_performance.csv,n_confirmatory,int64,See the corresponding protocol/notebook; detailed definition to be finalized.
data/aggregate/confirmatory__confirmatory_holdout_performance.csv,mae,float64,See the corresponding protocol/notebook; detailed definition to be finalized.
data/aggregate/confirmatory__confirmatory_holdout_performance.csv,rmse,float64,See the corresponding protocol/notebook; detailed definition to be finalized.
data/aggregate/confirmatory__confirmatory_holdout_performance.csv,r2,float64,See the corresponding protocol/notebook; detailed definition to be finalized.
data/aggregate/confirmatory__confirmatory_holdout_predictions.csv,hmm_id,object,Stable HMM identifier.
data/aggregate/confirmatory__confirmatory_holdout_predictions.csv,K,int64,Number of hidden states.
data/aggregate/confirmatory__confirmatory_holdout_predictions.csv,architecture,object,Learner architecture.
data/aggregate/confirmatory__confirmatory_holdout_predictions.csv,outcome,object,See the corresponding protocol/notebook; detailed definition to be finalized.
data/aggregate/confirmatory__confirmatory_holdout_predictions.csv,model,object,See the corresponding protocol/notebook; detailed definition to be finalized.
data/aggregate/confirmatory__confirmatory_holdout_predictions.csv,observed,float64,See the corresponding protocol/notebook; detailed definition to be finalized.
data/aggregate/confirmatory__confirmatory_holdout_predictions.csv,predicted,float64,See the corresponding protocol/notebook; detailed definition to be finalized.
data/aggregate/confirmatory__confirmatory_holdout_predictions.csv,error,float64,See the corresponding protocol/notebook; detailed definition to be finalized.
data/aggregate/confirmatory__confirmatory_holdout_predictions.csv,absolute_error,float64,See the corresponding protocol/notebook; detailed definition to be finalized.
data/aggregate/confirmatory__confirmatory_holdout_predictions.csv,squared_error,float64,See the corresponding protocol/notebook; detailed definition to be finalized.
data/aggregate/confirmatory__confirmatory_width_summary.csv,hmm_id,object,Stable HMM identifier.
data/aggregate/confirmatory__confirmatory_width_summary.csv,architecture,object,Learner architecture.
data/aggregate/confirmatory__confirmatory_width_summary.csv,A_width_shape,float64,See the corresponding protocol/notebook; detailed definition to be finalized.
data/aggregate/confirmatory__confirmatory_width_summary.csv,best_shape_rmse,float64,See the corresponding protocol/notebook; detailed definition to be finalized.
data/aggregate/confirmatory__confirmatory_width_summary.csv,best_dimension,int64,See the corresponding protocol/notebook; detailed definition to be finalized.
data/aggregate/confirmatory__confirmatory_width_summary.csv,width_gain,float64,See the corresponding protocol/notebook; detailed definition to be finalized.
data/aggregate/confirmatory__confirmatory_width_summary.csv,d90,float64,See the corresponding protocol/notebook; detailed definition to be finalized.
data/aggregate/confirmatory__confirmatory_width_summary.csv,d95,float64,See the corresponding protocol/notebook; detailed definition to be finalized.
data/aggregate/confirmatory__confirmatory_width_summary.csv,mean_excess_ce_H,float64,See the corresponding protocol/notebook; detailed definition to be finalized.
data/aggregate/confirmatory__confirmatory_width_summary.csv,mean_recovery_ratio,float64,See the corresponding protocol/notebook; detailed definition to be finalized.
data/aggregate/confirmatory__confirmatory_width_summary.csv,K,int64,Number of hidden states.
data/aggregate/confirmatory__crossK_confirmatory_details.csv,architecture,object,Learner architecture.
data/aggregate/confirmatory__crossK_confirmatory_details.csv,outcome,object,See the corresponding protocol/notebook; detailed definition to be finalized.
data/aggregate/confirmatory__crossK_confirmatory_details.csv,K_a,int64,See the corresponding protocol/notebook; detailed definition to be finalized.
data/aggregate/confirmatory__crossK_confirmatory_details.csv,K_b,int64,See the corresponding protocol/notebook; detailed definition to be finalized.
data/aggregate/confirmatory__crossK_confirmatory_details.csv,hmm_a,object,See the corresponding protocol/notebook; detailed definition to be finalized.
data/aggregate/confirmatory__crossK_confirmatory_details.csv,hmm_b,object,See the corresponding protocol/notebook; detailed definition to be finalized.
data/aggregate/confirmatory__crossK_confirmatory_details.csv,profile_rms_distance,float64,See the corresponding protocol/notebook; detailed definition to be finalized.
data/aggregate/confirmatory__crossK_confirmatory_details.csv,outcome_absolute_difference,float64,See the corresponding protocol/notebook; detailed definition to be finalized.
data/aggregate/confirmatory__crossK_confirmatory_pairs.csv,K_a,int64,See the corresponding protocol/notebook; detailed definition to be finalized.
data/aggregate/confirmatory__crossK_confirmatory_pairs.csv,K_b,int64,See the corresponding protocol/notebook; detailed definition to be finalized.
data/aggregate/confirmatory__crossK_confirmatory_pairs.csv,pair_index,int64,See the corresponding protocol/notebook; detailed definition to be finalized.
data/aggregate/confirmatory__crossK_confirmatory_pairs.csv,hmm_a,object,See the corresponding protocol/notebook; detailed definition to be finalized.
data/aggregate/confirmatory__crossK_confirmatory_pairs.csv,hmm_b,object,See the corresponding protocol/notebook; detailed definition to be finalized.
data/aggregate/confirmatory__crossK_confirmatory_pairs.csv,profile_rms_distance,float64,See the corresponding protocol/notebook; detailed definition to be finalized.
data/aggregate/confirmatory__crossK_confirmatory_pairs.csv,matching_features,object,See the corresponding protocol/notebook; detailed definition to be finalized.
data/aggregate/confirmatory__crossK_confirmatory_pairs.csv,caliper,float64,See the corresponding protocol/notebook; detailed definition to be finalized.
data/aggregate/confirmatory__crossK_confirmatory_pairs.csv,target_pairs,int64,See the corresponding protocol/notebook; detailed definition to be finalized.
data/aggregate/confirmatory__crossK_confirmatory_summary.csv,architecture,object,Learner architecture.
data/aggregate/confirmatory__crossK_confirmatory_summary.csv,outcome,object,See the corresponding protocol/notebook; detailed definition to be finalized.
data/aggregate/confirmatory__crossK_confirmatory_summary.csv,K_a,int64,See the corresponding protocol/notebook; detailed definition to be finalized.
data/aggregate/confirmatory__crossK_confirmatory_summary.csv,K_b,int64,See the corresponding protocol/notebook; detailed definition to be finalized.
data/aggregate/confirmatory__crossK_confirmatory_summary.csv,n_pairs,int64,See the corresponding protocol/notebook; detailed definition to be finalized.
data/aggregate/confirmatory__crossK_confirmatory_summary.csv,matched_mean_difference,float64,See the corresponding protocol/notebook; detailed definition to be finalized.
data/aggregate/confirmatory__crossK_confirmatory_summary.csv,random_mean_difference,float64,See the corresponding protocol/notebook; detailed definition to be finalized.
data/aggregate/confirmatory__crossK_confirmatory_summary.csv,matched_to_random_ratio,float64,See the corresponding protocol/notebook; detailed definition to be finalized.
data/aggregate/confirmatory__crossK_confirmatory_summary.csv,random_ci_low,float64,See the corresponding protocol/notebook; detailed definition to be finalized.
data/aggregate/confirmatory__crossK_confirmatory_summary.csv,random_ci_high,float64,See the corresponding protocol/notebook; detailed definition to be finalized.
data/aggregate/confirmatory__crossK_confirmatory_summary.csv,permutation_p_lower_is_better,float64,See the corresponding protocol/notebook; detailed definition to be finalized.
data/aggregate/confirmatory__development_feature_outcome_table.csv,hmm_id,object,Stable HMM identifier.
data/aggregate/confirmatory__development_feature_outcome_table.csv,architecture,object,Learner architecture.
data/aggregate/confirmatory__development_feature_outcome_table.csv,A_width_shape,float64,See the corresponding protocol/notebook; detailed definition to be finalized.
data/aggregate/confirmatory__development_feature_outcome_table.csv,best_shape_rmse,float64,See the corresponding protocol/notebook; detailed definition to be finalized.
data/aggregate/confirmatory__development_feature_outcome_table.csv,best_dimension,int64,See the corresponding protocol/notebook; detailed definition to be finalized.
data/aggregate/confirmatory__development_feature_outcome_table.csv,width_gain,float64,See the corresponding protocol/notebook; detailed definition to be finalized.
data/aggregate/confirmatory__development_feature_outcome_table.csv,d90,float64,See the corresponding protocol/notebook; detailed definition to be finalized.
data/aggregate/confirmatory__development_feature_outcome_table.csv,d95,float64,See the corresponding protocol/notebook; detailed definition to be finalized.
data/aggregate/confirmatory__development_feature_outcome_table.csv,mean_excess_ce_H,float64,See the corresponding protocol/notebook; detailed definition to be finalized.
data/aggregate/confirmatory__development_feature_outcome_table.csv,mean_recovery_ratio,float64,See the corresponding protocol/notebook; detailed definition to be finalized.
data/aggregate/confirmatory__development_feature_outcome_table.csv,source,object,See the corresponding protocol/notebook; detailed definition to be finalized.
data/aggregate/confirmatory__development_feature_outcome_table.csv,source_file,float64,See the corresponding protocol/notebook; detailed definition to be finalized.
data/aggregate/confirmatory__development_feature_outcome_table.csv,K,int64,Number of hidden states.
data/aggregate/confirmatory__development_feature_outcome_table.csv,vocab_size,int64,See the corresponding protocol/notebook; detailed definition to be finalized.
data/aggregate/confirmatory__development_feature_outcome_table.csv,min_stationary_prob,float64,See the corresponding protocol/notebook; detailed definition to be finalized.
data/aggregate/confirmatory__development_feature_outcome_table.csv,min_symbol_prob,float64,See the corresponding protocol/notebook; detailed definition to be finalized.
data/aggregate/confirmatory__development_feature_outcome_table.csv,bayes_ce_h1,float64,Exact Bayes cross-entropy for context length 1.
data/aggregate/confirmatory__development_feature_outcome_table.csv,bayes_ce_h2,float64,See the corresponding protocol/notebook; detailed definition to be finalized.
data/aggregate/confirmatory__development_feature_outcome_table.csv,bayes_ce_h3,float64,See the corresponding protocol/notebook; detailed definition to be finalized.
data/aggregate/confirmatory__development_feature_outcome_table.csv,bayes_ce_h4,float64,Exact Bayes cross-entropy for context length 4.
data/aggregate/confirmatory__development_feature_outcome_table.csv,bayes_gap_1_to_H,float64,See the corresponding protocol/notebook; detailed definition to be finalized.
data/aggregate/confirmatory__development_feature_outcome_table.csv,context_gain_area,float64,Area between the Bayes context-response curve and its value at H.
data/aggregate/confirmatory__development_feature_outcome_table.csv,pred_h4_m1_sv1,float64,See the corresponding protocol/notebook; detailed definition to be finalized.
data/aggregate/confirmatory__development_feature_outcome_table.csv,pred_h4_m1_sv2,float64,See the corresponding protocol/notebook; detailed definition to be finalized.
data/aggregate/confirmatory__development_feature_outcome_table.csv,pred_h4_m1_signal,float64,See the corresponding protocol/notebook; detailed definition to be finalized.
data/aggregate/confirmatory__development_feature_outcome_table.csv,pred_h4_m1_effective_rank,float64,See the corresponding protocol/notebook; detailed definition to be finalized.
data/aggregate/confirmatory__development_feature_outcome_table.csv,pred_h4_m1_numerical_rank,int64,See the corresponding protocol/notebook; detailed definition to be finalized.
data/aggregate/confirmatory__development_feature_outcome_table.csv,pred_h4_m1_r90,int64,See the corresponding protocol/notebook; detailed definition to be finalized.
data/aggregate/confirmatory__development_feature_outcome_table.csv,pred_h4_m1_sigma90,float64,See the corresponding protocol/notebook; detailed definition to be finalized.
data/aggregate/confirmatory__development_feature_outcome_table.csv,pred_h4_m1_kappa90,float64,See the corresponding protocol/notebook; detailed definition to be finalized.
data/aggregate/confirmatory__development_feature_outcome_table.csv,pred_h4_m1_r95,int64,See the corresponding protocol/notebook; detailed definition to be finalized.
data/aggregate/confirmatory__development_feature_outcome_table.csv,pred_h4_m1_sigma95,float64,See the corresponding protocol/notebook; detailed definition to be finalized.
data/aggregate/confirmatory__development_feature_outcome_table.csv,pred_h4_m1_kappa95,float64,See the corresponding protocol/notebook; detailed definition to be finalized.
data/aggregate/confirmatory__development_feature_outcome_table.csv,pred_h4_m1_r99,int64,See the corresponding protocol/notebook; detailed definition to be finalized.
data/aggregate/confirmatory__development_feature_outcome_table.csv,pred_h4_m1_sigma99,float64,See the corresponding protocol/notebook; detailed definition to be finalized.
data/aggregate/confirmatory__development_feature_outcome_table.csv,pred_h4_m1_kappa99,float64,See the corresponding protocol/notebook; detailed definition to be finalized.
data/aggregate/confirmatory__development_feature_outcome_table.csv,pred_h4_m2_sv1,float64,See the corresponding protocol/notebook; detailed definition to be finalized.
data/aggregate/confirmatory__development_feature_outcome_table.csv,pred_h4_m2_sv2,float64,See the corresponding protocol/notebook; detailed definition to be finalized.
data/aggregate/confirmatory__development_feature_outcome_table.csv,pred_h4_m2_sv3,float64,See the corresponding protocol/notebook; detailed definition to be finalized.
data/aggregate/confirmatory__development_feature_outcome_table.csv,pred_h4_m2_signal,float64,See the corresponding protocol/notebook; detailed definition to be finalized.
data/aggregate/confirmatory__development_feature_outcome_table.csv,pred_h4_m2_effective_rank,float64,See the corresponding protocol/notebook; detailed definition to be finalized.
data/aggregate/confirmatory__development_feature_outcome_table.csv,pred_h4_m2_numerical_rank,int64,See the corresponding protocol/notebook; detailed definition to be finalized.
data/aggregate/confirmatory__development_feature_outcome_table.csv,pred_h4_m2_r90,int64,See the corresponding protocol/notebook; detailed definition to be finalized.
data/aggregate/confirmatory__development_feature_outcome_table.csv,pred_h4_m2_sigma90,float64,See the corresponding protocol/notebook; detailed definition to be finalized.
data/aggregate/confirmatory__development_feature_outcome_table.csv,pred_h4_m2_kappa90,float64,See the corresponding protocol/notebook; detailed definition to be finalized.
data/aggregate/confirmatory__development_feature_outcome_table.csv,pred_h4_m2_r95,int64,See the corresponding protocol/notebook; detailed definition to be finalized.
data/aggregate/confirmatory__development_feature_outcome_table.csv,pred_h4_m2_sigma95,float64,See the corresponding protocol/notebook; detailed definition to be finalized.
data/aggregate/confirmatory__development_feature_outcome_table.csv,pred_h4_m2_kappa95,float64,See the corresponding protocol/notebook; detailed definition to be finalized.
data/aggregate/confirmatory__development_feature_outcome_table.csv,pred_h4_m2_r99,int64,See the corresponding protocol/notebook; detailed definition to be finalized.
data/aggregate/confirmatory__development_feature_outcome_table.csv,pred_h4_m2_sigma99,float64,See the corresponding protocol/notebook; detailed definition to be finalized.
data/aggregate/confirmatory__development_feature_outcome_table.csv,pred_h4_m2_kappa99,float64,See the corresponding protocol/notebook; detailed definition to be finalized.
data/aggregate/confirmatory__development_feature_outcome_table.csv,lambda2_abs,float64,See the corresponding protocol/notebook; detailed definition to be finalized.
data/aggregate/confirmatory__development_feature_outcome_table.csv,tau_hidden,float64,See the corresponding protocol/notebook; detailed definition to be finalized.
data/aggregate/confirmatory__development_feature_outcome_table.csv,tau_observed_proxy,float64,See the corresponding protocol/notebook; detailed definition to be finalized.
data/aggregate/confirmatory__development_feature_outcome_table.csv,bank_index,float64,See the corresponding protocol/notebook; detailed definition to be finalized.
data/aggregate/confirmatory__development_feature_outcome_table.csv,alpha_t,float64,See the corresponding protocol/notebook; detailed definition to be finalized.
data/aggregate/confirmatory__development_feature_outcome_table.csv,self_bias,float64,See the corresponding protocol/notebook; detailed definition to be finalized.
data/aggregate/confirmatory__development_feature_outcome_table.csv,alpha_e,float64,See the corresponding protocol/notebook; detailed definition to be finalized.
data/aggregate/confirmatory__development_feature_outcome_table.csv,gen_seed,float64,See the corresponding protocol/notebook; detailed definition to be finalized.
data/aggregate/confirmatory__development_feature_outcome_table.csv,pred_h4_m1_sv3,float64,See the corresponding protocol/notebook; detailed definition to be finalized.
data/aggregate/confirmatory__development_feature_outcome_table.csv,pred_h4_m1_sv4,float64,See the corresponding protocol/notebook; detailed definition to be finalized.
data/aggregate/confirmatory__development_feature_outcome_table.csv,pred_h4_m2_sv4,float64,See the corresponding protocol/notebook; detailed definition to be finalized.
data/aggregate/confirmatory__development_feature_outcome_table.csv,pred_h4_m1_sv5,float64,See the corresponding protocol/notebook; detailed definition to be finalized.
data/aggregate/confirmatory__development_feature_outcome_table.csv,pred_h4_m2_sv5,float64,See the corresponding protocol/notebook; detailed definition to be finalized.
data/aggregate/confirmatory__development_feature_outcome_table.csv,selection_order,int64,See the corresponding protocol/notebook; detailed definition to be finalized.
data/aggregate/confirmatory__development_feature_outcome_table.csv,match_protocol,object,See the corresponding protocol/notebook; detailed definition to be finalized.
data/aggregate/confirmatory__development_feature_outcome_table.csv,pred_h4_m3_sv1,float64,See the corresponding protocol/notebook; detailed definition to be finalized.
data/aggregate/confirmatory__development_feature_outcome_table.csv,pred_h4_m3_sv2,float64,See the corresponding protocol/notebook; detailed definition to be finalized.
data/aggregate/confirmatory__development_feature_outcome_table.csv,pred_h4_m3_signal,float64,See the corresponding protocol/notebook; detailed definition to be finalized.
data/aggregate/confirmatory__development_feature_outcome_table.csv,pred_h4_m3_effective_rank,float64,See the corresponding protocol/notebook; detailed definition to be finalized.
data/aggregate/confirmatory__development_feature_outcome_table.csv,pred_h4_m3_numerical_rank,int64,See the corresponding protocol/notebook; detailed definition to be finalized.
data/aggregate/confirmatory__development_feature_outcome_table.csv,pred_h4_m3_r90,int64,See the corresponding protocol/notebook; detailed definition to be finalized.
data/aggregate/confirmatory__development_feature_outcome_table.csv,pred_h4_m3_sigma90,float64,See the corresponding protocol/notebook; detailed definition to be finalized.
data/aggregate/confirmatory__development_feature_outcome_table.csv,pred_h4_m3_kappa90,float64,See the corresponding protocol/notebook; detailed definition to be finalized.
data/aggregate/confirmatory__development_feature_outcome_table.csv,pred_h4_m3_r95,int64,See the corresponding protocol/notebook; detailed definition to be finalized.
data/aggregate/confirmatory__development_feature_outcome_table.csv,pred_h4_m3_sigma95,float64,See the corresponding protocol/notebook; detailed definition to be finalized.
data/aggregate/confirmatory__development_feature_outcome_table.csv,pred_h4_m3_kappa95,float64,See the corresponding protocol/notebook; detailed definition to be finalized.
data/aggregate/confirmatory__development_feature_outcome_table.csv,pred_h4_m3_r99,int64,See the corresponding protocol/notebook; detailed definition to be finalized.
data/aggregate/confirmatory__development_feature_outcome_table.csv,pred_h4_m3_sigma99,float64,See the corresponding protocol/notebook; detailed definition to be finalized.
data/aggregate/confirmatory__development_feature_outcome_table.csv,pred_h4_m3_kappa99,float64,See the corresponding protocol/notebook; detailed definition to be finalized.
data/aggregate/confirmatory__development_feature_outcome_table.csv,hmm_file,object,See the corresponding protocol/notebook; detailed definition to be finalized.
data/aggregate/confirmatory__development_feature_outcome_table.csv,pred_h4_m3_sv3,float64,See the corresponding protocol/notebook; detailed definition to be finalized.
data/aggregate/confirmatory__development_feature_outcome_table.csv,pred_h4_m3_sv4,float64,See the corresponding protocol/notebook; detailed definition to be finalized.
data/aggregate/confirmatory__development_feature_outcome_table.csv,pred_h4_m3_sv5,float64,See the corresponding protocol/notebook; detailed definition to be finalized.
data/aggregate/confirmatory__development_feature_outcome_table.csv,symbol_entropy,float64,See the corresponding protocol/notebook; detailed definition to be finalized.
data/aggregate/confirmatory__development_feature_outcome_table.csv,symbol_entropy_normalized,float64,See the corresponding protocol/notebook; detailed definition to be finalized.
data/aggregate/confirmatory__development_feature_outcome_table.csv,max_symbol_prob,float64,See the corresponding protocol/notebook; detailed definition to be finalized.
data/aggregate/confirmatory__development_feature_outcome_table.csv,min_symbol_prob_recomputed,float64,See the corresponding protocol/notebook; detailed definition to be finalized.
data/aggregate/confirmatory__development_feature_outcome_table.csv,marginal_l2_from_uniform,float64,See the corresponding protocol/notebook; detailed definition to be finalized.
data/aggregate/confirmatory__development_feature_outcome_table.csv,symbol_prob_0,float64,See the corresponding protocol/notebook; detailed definition to be finalized.
data/aggregate/confirmatory__development_feature_outcome_table.csv,symbol_prob_1,float64,See the corresponding protocol/notebook; detailed definition to be finalized.
data/aggregate/confirmatory__development_feature_outcome_table.csv,symbol_prob_2,float64,See the corresponding protocol/notebook; detailed definition to be finalized.
data/aggregate/confirmatory__development_feature_outcome_table.csv,symbol_prob_3,float64,See the corresponding protocol/notebook; detailed definition to be finalized.
data/aggregate/confirmatory__development_feature_outcome_table.csv,symbol_prob_4,float64,See the corresponding protocol/notebook; detailed definition to be finalized.
data/aggregate/confirmatory__development_feature_outcome_table.csv,symbol_prob_5,float64,See the corresponding protocol/notebook; detailed definition to be finalized.
data/aggregate/confirmatory__development_feature_outcome_table.csv,symbol_prob_6,float64,See the corresponding protocol/notebook; detailed definition to be finalized.
data/aggregate/confirmatory__development_feature_outcome_table.csv,symbol_prob_7,float64,See the corresponding protocol/notebook; detailed definition to be finalized.
data/aggregate/confirmatory__development_feature_outcome_table.csv,log_K,float64,See the corresponding protocol/notebook; detailed definition to be finalized.
data/aggregate/confirmatory__development_feature_outcome_table.csv,log_gain,float64,See the corresponding protocol/notebook; detailed definition to be finalized.
data/aggregate/confirmatory__development_feature_outcome_table.csv,rank_value,float64,See the corresponding protocol/notebook; detailed definition to be finalized.
data/aggregate/confirmatory__development_feature_outcome_table.csv,log_rank,float64,See the corresponding protocol/notebook; detailed definition to be finalized.
data/aggregate/confirmatory__development_feature_outcome_table.csv,neg_log_sigma,float64,See the corresponding protocol/notebook; detailed definition to be finalized.
data/aggregate/confirmatory__development_feature_outcome_table.csv,log_tau,float64,See the corresponding protocol/notebook; detailed definition to be finalized.
data/aggregate/confirmatory__development_feature_outcome_table.csv,log_min_symbol_prob,float64,See the corresponding protocol/notebook; detailed definition to be finalized.
data/aggregate/confirmatory__development_feature_outcome_table.csv,log_signal,float64,See the corresponding protocol/notebook; detailed definition to be finalized.
data/aggregate/confirmatory__frozen_development_model_coefficients.csv,architecture,object,Learner architecture.
data/aggregate/confirmatory__frozen_development_model_coefficients.csv,outcome,object,See the corresponding protocol/notebook; detailed definition to be finalized.
data/aggregate/confirmatory__frozen_development_model_coefficients.csv,model,object,See the corresponding protocol/notebook; detailed definition to be finalized.
data/aggregate/confirmatory__frozen_development_model_coefficients.csv,feature,object,See the corresponding protocol/notebook; detailed definition to be finalized.
data/aggregate/confirmatory__frozen_development_model_coefficients.csv,development_mean,float64,See the corresponding protocol/notebook; detailed definition to be finalized.
data/aggregate/confirmatory__frozen_development_model_coefficients.csv,development_scale,float64,See the corresponding protocol/notebook; detailed definition to be finalized.
data/aggregate/confirmatory__frozen_development_model_coefficients.csv,standardized_coefficient,float64,See the corresponding protocol/notebook; detailed definition to be finalized.
data/aggregate/confirmatory__frozen_development_model_coefficients.csv,ridge_alpha,float64,See the corresponding protocol/notebook; detailed definition to be finalized.
data/aggregate/confirmatory__frozen_development_model_coefficients.csv,intercept,float64,See the corresponding protocol/notebook; detailed definition to be finalized.
data/aggregate/confirmatory__ngram_baseline.csv,hmm_id,object,Stable HMM identifier.
data/aggregate/confirmatory__ngram_baseline.csv,K,int64,Number of hidden states.
data/aggregate/confirmatory__ngram_baseline.csv,alpha,float64,See the corresponding protocol/notebook; detailed definition to be finalized.
data/aggregate/confirmatory__ngram_baseline.csv,shape_rmse,float64,Anchored Shape RMSE relative to the Bayes context-response curve.
data/aggregate/confirmatory__ngram_baseline.csv,excess_ce_H,float64,Test cross-entropy at H minus exact Bayes cross-entropy at H.
data/aggregate/confirmatory__ngram_baseline.csv,recovery_ratio,float64,Empirical context gap divided by Bayes context gap.
data/aggregate/confirmatory__ngram_baseline.csv,test_ce_h1,float64,See the corresponding protocol/notebook; detailed definition to be finalized.
data/aggregate/confirmatory__ngram_baseline.csv,test_ce_h2,float64,See the corresponding protocol/notebook; detailed definition to be finalized.
data/aggregate/confirmatory__ngram_baseline.csv,test_ce_h3,float64,See the corresponding protocol/notebook; detailed definition to be finalized.
data/aggregate/confirmatory__ngram_baseline.csv,test_ce_h4,float64,See the corresponding protocol/notebook; detailed definition to be finalized.
data/aggregate/confirmatory__ngram_neural_association.csv,architecture,object,Learner architecture.
data/aggregate/confirmatory__ngram_neural_association.csv,neural_outcome,object,See the corresponding protocol/notebook; detailed definition to be finalized.
data/aggregate/confirmatory__ngram_neural_association.csv,ngram_outcome,object,See the corresponding protocol/notebook; detailed definition to be finalized.
data/aggregate/confirmatory__ngram_neural_association.csv,n,int64,See the corresponding protocol/notebook; detailed definition to be finalized.
data/aggregate/confirmatory__ngram_neural_association.csv,spearman_rho,float64,See the corresponding protocol/notebook; detailed definition to be finalized.
data/aggregate/confirmatory__ngram_neural_association.csv,p_value,float64,See the corresponding protocol/notebook; detailed definition to be finalized.
data/aggregate/confirmatory__profile_coverage_summary.csv,K,int64,Number of hidden states.
data/aggregate/confirmatory__profile_coverage_summary.csv,feature,object,See the corresponding protocol/notebook; detailed definition to be finalized.
data/aggregate/confirmatory__profile_coverage_summary.csv,set,object,See the corresponding protocol/notebook; detailed definition to be finalized.
data/aggregate/confirmatory__profile_coverage_summary.csv,n,int64,See the corresponding protocol/notebook; detailed definition to be finalized.
data/aggregate/confirmatory__profile_coverage_summary.csv,min,float64,See the corresponding protocol/notebook; detailed definition to be finalized.
data/aggregate/confirmatory__profile_coverage_summary.csv,q10,float64,See the corresponding protocol/notebook; detailed definition to be finalized.
data/aggregate/confirmatory__profile_coverage_summary.csv,median,float64,See the corresponding protocol/notebook; detailed definition to be finalized.
data/aggregate/confirmatory__profile_coverage_summary.csv,q90,float64,See the corresponding protocol/notebook; detailed definition to be finalized.
data/aggregate/confirmatory__profile_coverage_summary.csv,max,float64,See the corresponding protocol/notebook; detailed definition to be finalized.
data/aggregate/development__matched_pair_effect_summary.csv,pair_type,object,See the corresponding protocol/notebook; detailed definition to be finalized.
data/aggregate/development__matched_pair_effect_summary.csv,architecture,object,Learner architecture.
data/aggregate/development__matched_pair_effect_summary.csv,n_pairs,int64,See the corresponding protocol/notebook; detailed definition to be finalized.
data/aggregate/development__matched_pair_effect_summary.csv,mean_effect,float64,See the corresponding protocol/notebook; detailed definition to be finalized.
data/aggregate/development__matched_pair_effect_summary.csv,ci_low,float64,See the corresponding protocol/notebook; detailed definition to be finalized.
data/aggregate/development__matched_pair_effect_summary.csv,ci_high,float64,See the corresponding protocol/notebook; detailed definition to be finalized.
data/aggregate/development__matched_pair_effects.csv,pair_index,int64,See the corresponding protocol/notebook; detailed definition to be finalized.
data/aggregate/development__matched_pair_effects.csv,pair_type,object,See the corresponding protocol/notebook; detailed definition to be finalized.
data/aggregate/development__matched_pair_effects.csv,architecture,object,Learner architecture.
data/aggregate/development__matched_pair_effects.csv,hmm_a,object,See the corresponding protocol/notebook; detailed definition to be finalized.
data/aggregate/development__matched_pair_effects.csv,hmm_b,object,See the corresponding protocol/notebook; detailed definition to be finalized.
data/aggregate/development__matched_pair_effects.csv,A_width_a,float64,See the corresponding protocol/notebook; detailed definition to be finalized.
data/aggregate/development__matched_pair_effects.csv,A_width_b,float64,See the corresponding protocol/notebook; detailed definition to be finalized.
data/aggregate/development__matched_pair_effects.csv,signed_expected_effect,float64,See the corresponding protocol/notebook; detailed definition to be finalized.
data/aggregate/development__model_comparison_cv.csv,architecture,object,Learner architecture.
data/aggregate/development__model_comparison_cv.csv,outcome,object,See the corresponding protocol/notebook; detailed definition to be finalized.
data/aggregate/development__model_comparison_cv.csv,model,object,See the corresponding protocol/notebook; detailed definition to be finalized.
data/aggregate/development__model_comparison_cv.csv,cv,object,See the corresponding protocol/notebook; detailed definition to be finalized.
data/aggregate/development__model_comparison_cv.csv,n,int64,See the corresponding protocol/notebook; detailed definition to be finalized.
data/aggregate/development__model_comparison_cv.csv,mae,float64,See the corresponding protocol/notebook; detailed definition to be finalized.
data/aggregate/development__model_comparison_cv.csv,rmse,float64,See the corresponding protocol/notebook; detailed definition to be finalized.
data/aggregate/development__model_comparison_cv.csv,r2,float64,See the corresponding protocol/notebook; detailed definition to be finalized.
data/aggregate/development__sample_size_with_metrics.csv,status,object,See the corresponding protocol/notebook; detailed definition to be finalized.
data/aggregate/development__sample_size_with_metrics.csv,hmm_id,object,Stable HMM identifier.
data/aggregate/development__sample_size_with_metrics.csv,architecture,object,Learner architecture.
data/aggregate/development__sample_size_with_metrics.csv,dimension,int64,Representation width.
data/aggregate/development__sample_size_with_metrics.csv,seed,int64,Training seed.
data/aggregate/development__sample_size_with_metrics.csv,n_train,int64,Number of training sequences.
data/aggregate/development__sample_size_with_metrics.csv,best_epoch,int64,See the corresponding protocol/notebook; detailed definition to be finalized.
data/aggregate/development__sample_size_with_metrics.csv,best_val_ce,float64,See the corresponding protocol/notebook; detailed definition to be finalized.
data/aggregate/development__sample_size_with_metrics.csv,final_batch_size,int64,See the corresponding protocol/notebook; detailed definition to be finalized.
data/aggregate/development__sample_size_with_metrics.csv,epochs_completed,int64,See the corresponding protocol/notebook; detailed definition to be finalized.
data/aggregate/development__sample_size_with_metrics.csv,parameter_count,int64,See the corresponding protocol/notebook; detailed definition to be finalized.
data/aggregate/development__sample_size_with_metrics.csv,device,object,See the corresponding protocol/notebook; detailed definition to be finalized.
data/aggregate/development__sample_size_with_metrics.csv,test_ce_h1,float64,See the corresponding protocol/notebook; detailed definition to be finalized.
data/aggregate/development__sample_size_with_metrics.csv,test_ce_h2,float64,See the corresponding protocol/notebook; detailed definition to be finalized.
data/aggregate/development__sample_size_with_metrics.csv,test_ce_h3,float64,See the corresponding protocol/notebook; detailed definition to be finalized.
data/aggregate/development__sample_size_with_metrics.csv,test_ce_h4,float64,See the corresponding protocol/notebook; detailed definition to be finalized.
data/aggregate/development__sample_size_with_metrics.csv,result_file,object,See the corresponding protocol/notebook; detailed definition to be finalized.
data/aggregate/development__sample_size_with_metrics.csv,bayes_ce_h1,float64,Exact Bayes cross-entropy for context length 1.
data/aggregate/development__sample_size_with_metrics.csv,bayes_ce_h2,float64,See the corresponding protocol/notebook; detailed definition to be finalized.
data/aggregate/development__sample_size_with_metrics.csv,bayes_ce_h3,float64,See the corresponding protocol/notebook; detailed definition to be finalized.
data/aggregate/development__sample_size_with_metrics.csv,bayes_ce_h4,float64,Exact Bayes cross-entropy for context length 4.
data/aggregate/development__sample_size_with_metrics.csv,shape_rmse,float64,Anchored Shape RMSE relative to the Bayes context-response curve.
data/aggregate/development__sample_size_with_metrics.csv,excess_ce_H,float64,Test cross-entropy at H minus exact Bayes cross-entropy at H.
data/aggregate/development__sample_size_with_metrics.csv,recovery_ratio,float64,Empirical context gap divided by Bayes context gap.
data/aggregate/development__width_summary.csv,hmm_id,object,Stable HMM identifier.
data/aggregate/development__width_summary.csv,architecture,object,Learner architecture.
data/aggregate/development__width_summary.csv,A_width_shape,float64,See the corresponding protocol/notebook; detailed definition to be finalized.
data/aggregate/development__width_summary.csv,best_shape_rmse,float64,See the corresponding protocol/notebook; detailed definition to be finalized.
data/aggregate/development__width_summary.csv,best_dimension,int64,See the corresponding protocol/notebook; detailed definition to be finalized.
data/aggregate/development__width_summary.csv,width_gain,float64,See the corresponding protocol/notebook; detailed definition to be finalized.
data/aggregate/development__width_summary.csv,d90,float64,See the corresponding protocol/notebook; detailed definition to be finalized.
data/aggregate/development__width_summary.csv,d95,float64,See the corresponding protocol/notebook; detailed definition to be finalized.
data/aggregate/development__width_summary.csv,mean_excess_ce_H,float64,See the corresponding protocol/notebook; detailed definition to be finalized.
data/aggregate/development__width_summary.csv,mean_recovery_ratio,float64,See the corresponding protocol/notebook; detailed definition to be finalized.
data/aggregate/external__external_best_width_counts.csv,generator_family,object,See the corresponding protocol/notebook; detailed definition to be finalized.
data/aggregate/external__external_best_width_counts.csv,K,int64,Number of hidden states.
data/aggregate/external__external_best_width_counts.csv,architecture,object,Learner architecture.
data/aggregate/external__external_best_width_counts.csv,best_dimension,int64,See the corresponding protocol/notebook; detailed definition to be finalized.
data/aggregate/external__external_best_width_counts.csv,hmm_count,int64,See the corresponding protocol/notebook; detailed definition to be finalized.
data/aggregate/external__external_crossK_pair_details.csv,generator_family,object,See the corresponding protocol/notebook; detailed definition to be finalized.
data/aggregate/external__external_crossK_pair_details.csv,K_a,int64,See the corresponding protocol/notebook; detailed definition to be finalized.
data/aggregate/external__external_crossK_pair_details.csv,K_b,int64,See the corresponding protocol/notebook; detailed definition to be finalized.
data/aggregate/external__external_crossK_pair_details.csv,architecture,object,Learner architecture.
data/aggregate/external__external_crossK_pair_details.csv,outcome,object,See the corresponding protocol/notebook; detailed definition to be finalized.
data/aggregate/external__external_crossK_pair_details.csv,hmm_a,object,See the corresponding protocol/notebook; detailed definition to be finalized.
data/aggregate/external__external_crossK_pair_details.csv,hmm_b,object,See the corresponding protocol/notebook; detailed definition to be finalized.
data/aggregate/external__external_crossK_pair_details.csv,matched_absolute_difference,float64,See the corresponding protocol/notebook; detailed definition to be finalized.
data/aggregate/external__external_crossK_pair_details.csv,profile_rms_distance,float64,See the corresponding protocol/notebook; detailed definition to be finalized.
data/aggregate/external__external_crossK_profile_pairs.csv,generator_family,object,See the corresponding protocol/notebook; detailed definition to be finalized.
data/aggregate/external__external_crossK_profile_pairs.csv,K_a,int64,See the corresponding protocol/notebook; detailed definition to be finalized.
data/aggregate/external__external_crossK_profile_pairs.csv,K_b,int64,See the corresponding protocol/notebook; detailed definition to be finalized.
data/aggregate/external__external_crossK_profile_pairs.csv,pair_number,int64,See the corresponding protocol/notebook; detailed definition to be finalized.
data/aggregate/external__external_crossK_profile_pairs.csv,hmm_a,object,See the corresponding protocol/notebook; detailed definition to be finalized.
data/aggregate/external__external_crossK_profile_pairs.csv,hmm_b,object,See the corresponding protocol/notebook; detailed definition to be finalized.
data/aggregate/external__external_crossK_profile_pairs.csv,profile_rms_distance,float64,See the corresponding protocol/notebook; detailed definition to be finalized.
data/aggregate/external__external_crossK_profile_pairs.csv,matching_features,object,See the corresponding protocol/notebook; detailed definition to be finalized.
data/aggregate/external__external_crossK_summary.csv,generator_family,object,See the corresponding protocol/notebook; detailed definition to be finalized.
data/aggregate/external__external_crossK_summary.csv,K_a,int64,See the corresponding protocol/notebook; detailed definition to be finalized.
data/aggregate/external__external_crossK_summary.csv,K_b,int64,See the corresponding protocol/notebook; detailed definition to be finalized.
data/aggregate/external__external_crossK_summary.csv,architecture,object,Learner architecture.
data/aggregate/external__external_crossK_summary.csv,outcome,object,See the corresponding protocol/notebook; detailed definition to be finalized.
data/aggregate/external__external_crossK_summary.csv,n_pairs,int64,See the corresponding protocol/notebook; detailed definition to be finalized.
data/aggregate/external__external_crossK_summary.csv,matched_mean_absolute_difference,float64,See the corresponding protocol/notebook; detailed definition to be finalized.
data/aggregate/external__external_crossK_summary.csv,random_pairing_mean,float64,See the corresponding protocol/notebook; detailed definition to be finalized.
data/aggregate/external__external_crossK_summary.csv,matched_to_random_ratio,float64,See the corresponding protocol/notebook; detailed definition to be finalized.
data/aggregate/external__external_crossK_summary.csv,exact_randomization_p_smaller,float64,See the corresponding protocol/notebook; detailed definition to be finalized.
data/aggregate/external__external_frozen_holdout_paired_comparisons.csv,generator_scope,object,See the corresponding protocol/notebook; detailed definition to be finalized.
data/aggregate/external__external_frozen_holdout_paired_comparisons.csv,architecture,object,Learner architecture.
data/aggregate/external__external_frozen_holdout_paired_comparisons.csv,outcome,object,See the corresponding protocol/notebook; detailed definition to be finalized.
data/aggregate/external__external_frozen_holdout_paired_comparisons.csv,comparison,object,See the corresponding protocol/notebook; detailed definition to be finalized.
data/aggregate/external__external_frozen_holdout_paired_comparisons.csv,n_hmms,int64,See the corresponding protocol/notebook; detailed definition to be finalized.
data/aggregate/external__external_frozen_holdout_paired_comparisons.csv,mean_squared_error_improvement,float64,See the corresponding protocol/notebook; detailed definition to be finalized.
data/aggregate/external__external_frozen_holdout_paired_comparisons.csv,median_squared_error_improvement,float64,See the corresponding protocol/notebook; detailed definition to be finalized.
data/aggregate/external__external_frozen_holdout_paired_comparisons.csv,bootstrap_ci_low,float64,See the corresponding protocol/notebook; detailed definition to be finalized.
data/aggregate/external__external_frozen_holdout_paired_comparisons.csv,bootstrap_ci_high,float64,See the corresponding protocol/notebook; detailed definition to be finalized.
data/aggregate/external__external_frozen_holdout_paired_comparisons.csv,sign_flip_p_two_sided,float64,See the corresponding protocol/notebook; detailed definition to be finalized.
data/aggregate/external__external_frozen_holdout_paired_comparisons.csv,fraction_hmms_improved,float64,See the corresponding protocol/notebook; detailed definition to be finalized.
data/aggregate/external__external_frozen_holdout_performance.csv,generator_scope,object,See the corresponding protocol/notebook; detailed definition to be finalized.
data/aggregate/external__external_frozen_holdout_performance.csv,architecture,object,Learner architecture.
data/aggregate/external__external_frozen_holdout_performance.csv,outcome,object,See the corresponding protocol/notebook; detailed definition to be finalized.
data/aggregate/external__external_frozen_holdout_performance.csv,model,object,See the corresponding protocol/notebook; detailed definition to be finalized.
data/aggregate/external__external_frozen_holdout_performance.csv,n_external,int64,See the corresponding protocol/notebook; detailed definition to be finalized.
data/aggregate/external__external_frozen_holdout_performance.csv,mae,float64,See the corresponding protocol/notebook; detailed definition to be finalized.
data/aggregate/external__external_frozen_holdout_performance.csv,rmse,float64,See the corresponding protocol/notebook; detailed definition to be finalized.
data/aggregate/external__external_frozen_holdout_performance.csv,r2,float64,See the corresponding protocol/notebook; detailed definition to be finalized.
data/aggregate/external__external_frozen_holdout_predictions.csv,hmm_id,object,Stable HMM identifier.
data/aggregate/external__external_frozen_holdout_predictions.csv,K,int64,Number of hidden states.
data/aggregate/external__external_frozen_holdout_predictions.csv,generator_family,object,See the corresponding protocol/notebook; detailed definition to be finalized.
data/aggregate/external__external_frozen_holdout_predictions.csv,architecture,object,Learner architecture.
data/aggregate/external__external_frozen_holdout_predictions.csv,outcome,object,See the corresponding protocol/notebook; detailed definition to be finalized.
data/aggregate/external__external_frozen_holdout_predictions.csv,model,object,See the corresponding protocol/notebook; detailed definition to be finalized.
data/aggregate/external__external_frozen_holdout_predictions.csv,observed,float64,See the corresponding protocol/notebook; detailed definition to be finalized.
data/aggregate/external__external_frozen_holdout_predictions.csv,predicted,float64,See the corresponding protocol/notebook; detailed definition to be finalized.
data/aggregate/external__external_frozen_holdout_predictions.csv,error,float64,See the corresponding protocol/notebook; detailed definition to be finalized.
data/aggregate/external__external_frozen_holdout_predictions.csv,absolute_error,float64,See the corresponding protocol/notebook; detailed definition to be finalized.
data/aggregate/external__external_frozen_holdout_predictions.csv,squared_error,float64,See the corresponding protocol/notebook; detailed definition to be finalized.
data/aggregate/external__external_generator_diagnostics_summary.csv,generator_family,object,See the corresponding protocol/notebook; detailed definition to be finalized.
data/aggregate/external__external_generator_diagnostics_summary.csv,K,int64,Number of hidden states.
data/aggregate/external__external_generator_diagnostics_summary.csv,mean_transition_self_probability_mean,float64,See the corresponding protocol/notebook; detailed definition to be finalized.
data/aggregate/external__external_generator_diagnostics_summary.csv,mean_transition_self_probability_std,float64,See the corresponding protocol/notebook; detailed definition to be finalized.
data/aggregate/external__external_generator_diagnostics_summary.csv,mean_transition_self_probability_min,float64,See the corresponding protocol/notebook; detailed definition to be finalized.
data/aggregate/external__external_generator_diagnostics_summary.csv,mean_transition_self_probability_max,float64,See the corresponding protocol/notebook; detailed definition to be finalized.
data/aggregate/external__external_generator_diagnostics_summary.csv,stationary_transition_entropy_mean,float64,See the corresponding protocol/notebook; detailed definition to be finalized.
data/aggregate/external__external_generator_diagnostics_summary.csv,stationary_transition_entropy_std,float64,See the corresponding protocol/notebook; detailed definition to be finalized.
data/aggregate/external__external_generator_diagnostics_summary.csv,stationary_transition_entropy_min,float64,See the corresponding protocol/notebook; detailed definition to be finalized.
data/aggregate/external__external_generator_diagnostics_summary.csv,stationary_transition_entropy_max,float64,See the corresponding protocol/notebook; detailed definition to be finalized.
data/aggregate/external__external_generator_diagnostics_summary.csv,transition_density_gt_0p01_mean,float64,See the corresponding protocol/notebook; detailed definition to be finalized.
data/aggregate/external__external_generator_diagnostics_summary.csv,transition_density_gt_0p01_std,float64,See the corresponding protocol/notebook; detailed definition to be finalized.
data/aggregate/external__external_generator_diagnostics_summary.csv,transition_density_gt_0p01_min,float64,See the corresponding protocol/notebook; detailed definition to be finalized.
data/aggregate/external__external_generator_diagnostics_summary.csv,transition_density_gt_0p01_max,float64,See the corresponding protocol/notebook; detailed definition to be finalized.
data/aggregate/external__external_generator_diagnostics_summary.csv,stationary_emission_entropy_mean,float64,See the corresponding protocol/notebook; detailed definition to be finalized.
data/aggregate/external__external_generator_diagnostics_summary.csv,stationary_emission_entropy_std,float64,See the corresponding protocol/notebook; detailed definition to be finalized.
data/aggregate/external__external_generator_diagnostics_summary.csv,stationary_emission_entropy_min,float64,See the corresponding protocol/notebook; detailed definition to be finalized.
data/aggregate/external__external_generator_diagnostics_summary.csv,stationary_emission_entropy_max,float64,See the corresponding protocol/notebook; detailed definition to be finalized.
data/aggregate/external__external_generator_diagnostics_summary.csv,mean_state_max_emission_probability_mean,float64,See the corresponding protocol/notebook; detailed definition to be finalized.
data/aggregate/external__external_generator_diagnostics_summary.csv,mean_state_max_emission_probability_std,float64,See the corresponding protocol/notebook; detailed definition to be finalized.
data/aggregate/external__external_generator_diagnostics_summary.csv,mean_state_max_emission_probability_min,float64,See the corresponding protocol/notebook; detailed definition to be finalized.
data/aggregate/external__external_generator_diagnostics_summary.csv,mean_state_max_emission_probability_max,float64,See the corresponding protocol/notebook; detailed definition to be finalized.
data/aggregate/external__external_generator_diagnostics_summary.csv,emission_density_gt_0p01_mean,float64,See the corresponding protocol/notebook; detailed definition to be finalized.
data/aggregate/external__external_generator_diagnostics_summary.csv,emission_density_gt_0p01_std,float64,See the corresponding protocol/notebook; detailed definition to be finalized.
data/aggregate/external__external_generator_diagnostics_summary.csv,emission_density_gt_0p01_min,float64,See the corresponding protocol/notebook; detailed definition to be finalized.
data/aggregate/external__external_generator_diagnostics_summary.csv,emission_density_gt_0p01_max,float64,See the corresponding protocol/notebook; detailed definition to be finalized.
data/aggregate/external__external_generator_diagnostics_summary.csv,context_gain_area_mean,float64,See the corresponding protocol/notebook; detailed definition to be finalized.
data/aggregate/external__external_generator_diagnostics_summary.csv,context_gain_area_std,float64,See the corresponding protocol/notebook; detailed definition to be finalized.
data/aggregate/external__external_generator_diagnostics_summary.csv,context_gain_area_min,float64,See the corresponding protocol/notebook; detailed definition to be finalized.
data/aggregate/external__external_generator_diagnostics_summary.csv,context_gain_area_max,float64,See the corresponding protocol/notebook; detailed definition to be finalized.
data/aggregate/external__external_generator_diagnostics_summary.csv,tau_observed_proxy_mean,float64,See the corresponding protocol/notebook; detailed definition to be finalized.
data/aggregate/external__external_generator_diagnostics_summary.csv,tau_observed_proxy_std,float64,See the corresponding protocol/notebook; detailed definition to be finalized.
data/aggregate/external__external_generator_diagnostics_summary.csv,tau_observed_proxy_min,float64,See the corresponding protocol/notebook; detailed definition to be finalized.
data/aggregate/external__external_generator_diagnostics_summary.csv,tau_observed_proxy_max,float64,See the corresponding protocol/notebook; detailed definition to be finalized.
data/aggregate/external__external_generator_diagnostics_summary.csv,symbol_entropy_mean,float64,See the corresponding protocol/notebook; detailed definition to be finalized.
data/aggregate/external__external_generator_diagnostics_summary.csv,symbol_entropy_std,float64,See the corresponding protocol/notebook; detailed definition to be finalized.
data/aggregate/external__external_generator_diagnostics_summary.csv,symbol_entropy_min,float64,See the corresponding protocol/notebook; detailed definition to be finalized.
data/aggregate/external__external_generator_diagnostics_summary.csv,symbol_entropy_max,float64,See the corresponding protocol/notebook; detailed definition to be finalized.
data/aggregate/external__external_width_summary.csv,hmm_id,object,Stable HMM identifier.
data/aggregate/external__external_width_summary.csv,architecture,object,Learner architecture.
data/aggregate/external__external_width_summary.csv,A_width_shape,float64,See the corresponding protocol/notebook; detailed definition to be finalized.
data/aggregate/external__external_width_summary.csv,best_shape_rmse,float64,See the corresponding protocol/notebook; detailed definition to be finalized.
data/aggregate/external__external_width_summary.csv,best_dimension,int64,See the corresponding protocol/notebook; detailed definition to be finalized.
data/aggregate/external__external_width_summary.csv,width_gain,float64,See the corresponding protocol/notebook; detailed definition to be finalized.
data/aggregate/external__external_width_summary.csv,d90,float64,See the corresponding protocol/notebook; detailed definition to be finalized.
data/aggregate/external__external_width_summary.csv,d95,float64,See the corresponding protocol/notebook; detailed definition to be finalized.
data/aggregate/external__external_width_summary.csv,mean_excess_ce_H,float64,See the corresponding protocol/notebook; detailed definition to be finalized.
data/aggregate/external__external_width_summary.csv,mean_recovery_ratio,float64,See the corresponding protocol/notebook; detailed definition to be finalized.
data/aggregate/external__external_width_summary.csv,K,int64,Number of hidden states.
data/aggregate/external__external_width_summary.csv,generator_family,object,See the corresponding protocol/notebook; detailed definition to be finalized.
data/aggregate/external__external_width_summary.csv,selection_cluster,int64,See the corresponding protocol/notebook; detailed definition to be finalized.
data/aggregate/predictor_specific__count_pair_effect_summary.csv,contrast,object,Matched contrast type.
data/aggregate/predictor_specific__count_pair_effect_summary.csv,source,object,See the corresponding protocol/notebook; detailed definition to be finalized.
data/aggregate/predictor_specific__count_pair_effect_summary.csv,n_train,int64,Number of training sequences.
data/aggregate/predictor_specific__count_pair_effect_summary.csv,method,object,See the corresponding protocol/notebook; detailed definition to be finalized.
data/aggregate/predictor_specific__count_pair_effect_summary.csv,alpha,float64,See the corresponding protocol/notebook; detailed definition to be finalized.
data/aggregate/predictor_specific__count_pair_effect_summary.csv,beta,float64,See the corresponding protocol/notebook; detailed definition to be finalized.
data/aggregate/predictor_specific__count_pair_effect_summary.csv,outcome,object,See the corresponding protocol/notebook; detailed definition to be finalized.
data/aggregate/predictor_specific__count_pair_effect_summary.csv,n_pairs,int64,See the corresponding protocol/notebook; detailed definition to be finalized.
data/aggregate/predictor_specific__count_pair_effect_summary.csv,mean_effect_high_minus_low,float64,See the corresponding protocol/notebook; detailed definition to be finalized.
data/aggregate/predictor_specific__count_pair_effect_summary.csv,median_effect_high_minus_low,float64,See the corresponding protocol/notebook; detailed definition to be finalized.
data/aggregate/predictor_specific__count_pair_effect_summary.csv,bootstrap_ci_low,float64,See the corresponding protocol/notebook; detailed definition to be finalized.
data/aggregate/predictor_specific__count_pair_effect_summary.csv,bootstrap_ci_high,float64,See the corresponding protocol/notebook; detailed definition to be finalized.
data/aggregate/predictor_specific__count_pair_effect_summary.csv,sign_flip_p_two_sided,float64,See the corresponding protocol/notebook; detailed definition to be finalized.
data/aggregate/predictor_specific__count_pair_effect_summary.csv,fraction_positive,float64,See the corresponding protocol/notebook; detailed definition to be finalized.
data/aggregate/predictor_specific__count_pair_effects.csv,source,object,See the corresponding protocol/notebook; detailed definition to be finalized.
data/aggregate/predictor_specific__count_pair_effects.csv,pair_id,object,Matched-pair identifier.
data/aggregate/predictor_specific__count_pair_effects.csv,contrast,object,Matched contrast type.
data/aggregate/predictor_specific__count_pair_effects.csv,K,int64,Number of hidden states.
data/aggregate/predictor_specific__count_pair_effects.csv,hmm_low,object,See the corresponding protocol/notebook; detailed definition to be finalized.
data/aggregate/predictor_specific__count_pair_effects.csv,hmm_high,object,See the corresponding protocol/notebook; detailed definition to be finalized.
data/aggregate/predictor_specific__count_pair_effects.csv,n_train,int64,Number of training sequences.
data/aggregate/predictor_specific__count_pair_effects.csv,method,object,See the corresponding protocol/notebook; detailed definition to be finalized.
data/aggregate/predictor_specific__count_pair_effects.csv,alpha,float64,See the corresponding protocol/notebook; detailed definition to be finalized.
data/aggregate/predictor_specific__count_pair_effects.csv,beta,float64,See the corresponding protocol/notebook; detailed definition to be finalized.
data/aggregate/predictor_specific__count_pair_effects.csv,outcome,object,See the corresponding protocol/notebook; detailed definition to be finalized.
data/aggregate/predictor_specific__count_pair_effects.csv,value_low,float64,See the corresponding protocol/notebook; detailed definition to be finalized.
data/aggregate/predictor_specific__count_pair_effects.csv,value_high,float64,See the corresponding protocol/notebook; detailed definition to be finalized.
data/aggregate/predictor_specific__count_pair_effects.csv,effect_high_minus_low,float64,See the corresponding protocol/notebook; detailed definition to be finalized.
data/aggregate/predictor_specific__count_predictor_context_diagnostics.csv,hmm_id,object,Stable HMM identifier.
data/aggregate/predictor_specific__count_predictor_context_diagnostics.csv,K,int64,Number of hidden states.
data/aggregate/predictor_specific__count_predictor_context_diagnostics.csv,pair_id,object,Matched-pair identifier.
data/aggregate/predictor_specific__count_predictor_context_diagnostics.csv,contrast,object,Matched contrast type.
data/aggregate/predictor_specific__count_predictor_context_diagnostics.csv,pair_role,object,See the corresponding protocol/notebook; detailed definition to be finalized.
data/aggregate/predictor_specific__count_predictor_context_diagnostics.csv,n_train,int64,Number of training sequences.
data/aggregate/predictor_specific__count_predictor_context_diagnostics.csv,h,int64,See the corresponding protocol/notebook; detailed definition to be finalized.
data/aggregate/predictor_specific__count_predictor_context_diagnostics.csv,method,object,See the corresponding protocol/notebook; detailed definition to be finalized.
data/aggregate/predictor_specific__count_predictor_context_diagnostics.csv,alpha,float64,See the corresponding protocol/notebook; detailed definition to be finalized.
data/aggregate/predictor_specific__count_predictor_context_diagnostics.csv,beta,float64,See the corresponding protocol/notebook; detailed definition to be finalized.
data/aggregate/predictor_specific__count_predictor_context_diagnostics.csv,test_windows,int64,See the corresponding protocol/notebook; detailed definition to be finalized.
data/aggregate/predictor_specific__count_predictor_context_diagnostics.csv,observed_train_contexts,int64,See the corresponding protocol/notebook; detailed definition to be finalized.
data/aggregate/predictor_specific__count_predictor_context_diagnostics.csv,possible_contexts,int64,See the corresponding protocol/notebook; detailed definition to be finalized.
data/aggregate/predictor_specific__count_predictor_context_diagnostics.csv,unseen_test_context_rate,float64,See the corresponding protocol/notebook; detailed definition to be finalized.
data/aggregate/predictor_specific__count_predictor_context_diagnostics.csv,mean_train_count_for_test_context,float64,See the corresponding protocol/notebook; detailed definition to be finalized.
data/aggregate/predictor_specific__count_predictor_context_diagnostics.csv,median_train_count_for_test_context,float64,See the corresponding protocol/notebook; detailed definition to be finalized.
data/aggregate/predictor_specific__count_predictor_context_diagnostics.csv,mean_positive_train_count_for_test_context,float64,See the corresponding protocol/notebook; detailed definition to be finalized.
data/aggregate/predictor_specific__count_predictor_context_diagnostics.csv,empirical_effective_context_count,float64,See the corresponding protocol/notebook; detailed definition to be finalized.
data/aggregate/predictor_specific__count_predictor_context_diagnostics.csv,mean_backoff_weight,float64,See the corresponding protocol/notebook; detailed definition to be finalized.
data/aggregate/predictor_specific__count_sparsity_correlations.csv,n_train,int64,Number of training sequences.
data/aggregate/predictor_specific__count_sparsity_correlations.csv,method,object,See the corresponding protocol/notebook; detailed definition to be finalized.
data/aggregate/predictor_specific__count_sparsity_correlations.csv,alpha,float64,See the corresponding protocol/notebook; detailed definition to be finalized.
data/aggregate/predictor_specific__count_sparsity_correlations.csv,beta,float64,See the corresponding protocol/notebook; detailed definition to be finalized.
data/aggregate/predictor_specific__count_sparsity_correlations.csv,outcome,object,See the corresponding protocol/notebook; detailed definition to be finalized.
data/aggregate/predictor_specific__count_sparsity_correlations.csv,diagnostic,object,See the corresponding protocol/notebook; detailed definition to be finalized.
data/aggregate/predictor_specific__count_sparsity_correlations.csv,spearman_rho,float64,See the corresponding protocol/notebook; detailed definition to be finalized.
data/aggregate/predictor_specific__count_sparsity_correlations.csv,n_hmms,int64,See the corresponding protocol/notebook; detailed definition to be finalized.
data/aggregate/predictor_specific__difficulty_neural_width_summary.csv,hmm_id,object,Stable HMM identifier.
data/aggregate/predictor_specific__difficulty_neural_width_summary.csv,architecture,object,Learner architecture.
data/aggregate/predictor_specific__difficulty_neural_width_summary.csv,A_width_shape,float64,See the corresponding protocol/notebook; detailed definition to be finalized.
data/aggregate/predictor_specific__difficulty_neural_width_summary.csv,best_shape_rmse,float64,See the corresponding protocol/notebook; detailed definition to be finalized.
data/aggregate/predictor_specific__difficulty_neural_width_summary.csv,best_dimension,int64,See the corresponding protocol/notebook; detailed definition to be finalized.
data/aggregate/predictor_specific__difficulty_neural_width_summary.csv,width_gain,float64,See the corresponding protocol/notebook; detailed definition to be finalized.
data/aggregate/predictor_specific__difficulty_neural_width_summary.csv,d90,float64,See the corresponding protocol/notebook; detailed definition to be finalized.
data/aggregate/predictor_specific__difficulty_neural_width_summary.csv,d95,float64,See the corresponding protocol/notebook; detailed definition to be finalized.
data/aggregate/predictor_specific__difficulty_neural_width_summary.csv,mean_excess_ce_H,float64,See the corresponding protocol/notebook; detailed definition to be finalized.
data/aggregate/predictor_specific__difficulty_neural_width_summary.csv,mean_recovery_ratio,float64,See the corresponding protocol/notebook; detailed definition to be finalized.
data/aggregate/predictor_specific__difficulty_neural_width_summary.csv,K,int64,Number of hidden states.
data/aggregate/predictor_specific__difficulty_neural_width_summary.csv,pair_id,object,Matched-pair identifier.
data/aggregate/predictor_specific__difficulty_neural_width_summary.csv,contrast,object,Matched contrast type.
data/aggregate/predictor_specific__difficulty_neural_width_summary.csv,pair_role,object,See the corresponding protocol/notebook; detailed definition to be finalized.
data/aggregate/predictor_specific__neural_pair_effect_by_K.csv,contrast,object,Matched contrast type.
data/aggregate/predictor_specific__neural_pair_effect_by_K.csv,architecture,object,Learner architecture.
data/aggregate/predictor_specific__neural_pair_effect_by_K.csv,outcome,object,See the corresponding protocol/notebook; detailed definition to be finalized.
data/aggregate/predictor_specific__neural_pair_effect_by_K.csv,K,int64,Number of hidden states.
data/aggregate/predictor_specific__neural_pair_effect_by_K.csv,n_pairs,int64,See the corresponding protocol/notebook; detailed definition to be finalized.
data/aggregate/predictor_specific__neural_pair_effect_by_K.csv,mean_effect_high_minus_low,float64,See the corresponding protocol/notebook; detailed definition to be finalized.
data/aggregate/predictor_specific__neural_pair_effect_by_K.csv,median_effect_high_minus_low,float64,See the corresponding protocol/notebook; detailed definition to be finalized.
data/aggregate/predictor_specific__neural_pair_effect_by_K.csv,bootstrap_ci_low,float64,See the corresponding protocol/notebook; detailed definition to be finalized.
data/aggregate/predictor_specific__neural_pair_effect_by_K.csv,bootstrap_ci_high,float64,See the corresponding protocol/notebook; detailed definition to be finalized.
data/aggregate/predictor_specific__neural_pair_effect_by_K.csv,sign_flip_p_two_sided,float64,See the corresponding protocol/notebook; detailed definition to be finalized.
data/aggregate/predictor_specific__neural_pair_effect_by_K.csv,fraction_positive,float64,See the corresponding protocol/notebook; detailed definition to be finalized.
data/aggregate/predictor_specific__neural_pair_effect_summary.csv,contrast,object,Matched contrast type.
data/aggregate/predictor_specific__neural_pair_effect_summary.csv,source,object,See the corresponding protocol/notebook; detailed definition to be finalized.
data/aggregate/predictor_specific__neural_pair_effect_summary.csv,architecture,object,Learner architecture.
data/aggregate/predictor_specific__neural_pair_effect_summary.csv,outcome,object,See the corresponding protocol/notebook; detailed definition to be finalized.
data/aggregate/predictor_specific__neural_pair_effect_summary.csv,n_pairs,int64,See the corresponding protocol/notebook; detailed definition to be finalized.
data/aggregate/predictor_specific__neural_pair_effect_summary.csv,mean_effect_high_minus_low,float64,See the corresponding protocol/notebook; detailed definition to be finalized.
data/aggregate/predictor_specific__neural_pair_effect_summary.csv,median_effect_high_minus_low,float64,See the corresponding protocol/notebook; detailed definition to be finalized.
data/aggregate/predictor_specific__neural_pair_effect_summary.csv,bootstrap_ci_low,float64,See the corresponding protocol/notebook; detailed definition to be finalized.
data/aggregate/predictor_specific__neural_pair_effect_summary.csv,bootstrap_ci_high,float64,See the corresponding protocol/notebook; detailed definition to be finalized.
data/aggregate/predictor_specific__neural_pair_effect_summary.csv,sign_flip_p_two_sided,float64,See the corresponding protocol/notebook; detailed definition to be finalized.
data/aggregate/predictor_specific__neural_pair_effect_summary.csv,fraction_positive,float64,See the corresponding protocol/notebook; detailed definition to be finalized.
data/aggregate/predictor_specific__neural_pair_effects.csv,source,object,See the corresponding protocol/notebook; detailed definition to be finalized.
data/aggregate/predictor_specific__neural_pair_effects.csv,pair_id,object,Matched-pair identifier.
data/aggregate/predictor_specific__neural_pair_effects.csv,contrast,object,Matched contrast type.
data/aggregate/predictor_specific__neural_pair_effects.csv,K,int64,Number of hidden states.
data/aggregate/predictor_specific__neural_pair_effects.csv,hmm_low,object,See the corresponding protocol/notebook; detailed definition to be finalized.
data/aggregate/predictor_specific__neural_pair_effects.csv,hmm_high,object,See the corresponding protocol/notebook; detailed definition to be finalized.
data/aggregate/predictor_specific__neural_pair_effects.csv,architecture,object,Learner architecture.
data/aggregate/predictor_specific__neural_pair_effects.csv,outcome,object,See the corresponding protocol/notebook; detailed definition to be finalized.
data/aggregate/predictor_specific__neural_pair_effects.csv,value_low,float64,See the corresponding protocol/notebook; detailed definition to be finalized.
data/aggregate/predictor_specific__neural_pair_effects.csv,value_high,float64,See the corresponding protocol/notebook; detailed definition to be finalized.
data/aggregate/predictor_specific__neural_pair_effects.csv,effect_high_minus_low,float64,See the corresponding protocol/notebook; detailed definition to be finalized.
data/aggregate/strict__strict_matched_pair_effect_summary.csv,pair_type,object,See the corresponding protocol/notebook; detailed definition to be finalized.
data/aggregate/strict__strict_matched_pair_effect_summary.csv,architecture,object,Learner architecture.
data/aggregate/strict__strict_matched_pair_effect_summary.csv,n_pairs,int64,See the corresponding protocol/notebook; detailed definition to be finalized.
data/aggregate/strict__strict_matched_pair_effect_summary.csv,mean_effect,float64,See the corresponding protocol/notebook; detailed definition to be finalized.
data/aggregate/strict__strict_matched_pair_effect_summary.csv,ci_low,float64,See the corresponding protocol/notebook; detailed definition to be finalized.
data/aggregate/strict__strict_matched_pair_effect_summary.csv,ci_high,float64,See the corresponding protocol/notebook; detailed definition to be finalized.
data/aggregate/strict__strict_matched_pair_effects.csv,pair_index,int64,See the corresponding protocol/notebook; detailed definition to be finalized.
data/aggregate/strict__strict_matched_pair_effects.csv,pair_type,object,See the corresponding protocol/notebook; detailed definition to be finalized.
data/aggregate/strict__strict_matched_pair_effects.csv,architecture,object,Learner architecture.
data/aggregate/strict__strict_matched_pair_effects.csv,hmm_a,object,See the corresponding protocol/notebook; detailed definition to be finalized.
data/aggregate/strict__strict_matched_pair_effects.csv,hmm_b,object,See the corresponding protocol/notebook; detailed definition to be finalized.
data/aggregate/strict__strict_matched_pair_effects.csv,A_width_a,float64,See the corresponding protocol/notebook; detailed definition to be finalized.
data/aggregate/strict__strict_matched_pair_effects.csv,A_width_b,float64,See the corresponding protocol/notebook; detailed definition to be finalized.
data/aggregate/strict__strict_matched_pair_effects.csv,signed_expected_effect,float64,See the corresponding protocol/notebook; detailed definition to be finalized.
data/aggregate/strict__strict_width_summary.csv,hmm_id,object,Stable HMM identifier.
data/aggregate/strict__strict_width_summary.csv,architecture,object,Learner architecture.
data/aggregate/strict__strict_width_summary.csv,A_width_shape,float64,See the corresponding protocol/notebook; detailed definition to be finalized.
data/aggregate/strict__strict_width_summary.csv,best_shape_rmse,float64,See the corresponding protocol/notebook; detailed definition to be finalized.
data/aggregate/strict__strict_width_summary.csv,best_dimension,int64,See the corresponding protocol/notebook; detailed definition to be finalized.
data/aggregate/strict__strict_width_summary.csv,width_gain,float64,See the corresponding protocol/notebook; detailed definition to be finalized.
data/aggregate/strict__strict_width_summary.csv,d90,float64,See the corresponding protocol/notebook; detailed definition to be finalized.
data/aggregate/strict__strict_width_summary.csv,d95,float64,See the corresponding protocol/notebook; detailed definition to be finalized.
data/aggregate/strict__strict_width_summary.csv,mean_excess_ce_H,float64,See the corresponding protocol/notebook; detailed definition to be finalized.
data/aggregate/strict__strict_width_summary.csv,mean_recovery_ratio,float64,See the corresponding protocol/notebook; detailed definition to be finalized.
data/candidate_metrics/confirmatory__candidate_bank_metrics.csv,hmm_id,object,Stable HMM identifier.
data/candidate_metrics/confirmatory__candidate_bank_metrics.csv,source,object,See the corresponding protocol/notebook; detailed definition to be finalized.
data/candidate_metrics/confirmatory__candidate_bank_metrics.csv,cohort,object,See the corresponding protocol/notebook; detailed definition to be finalized.
data/candidate_metrics/confirmatory__candidate_bank_metrics.csv,K,int64,Number of hidden states.
data/candidate_metrics/confirmatory__candidate_bank_metrics.csv,bank_index,int64,See the corresponding protocol/notebook; detailed definition to be finalized.
data/candidate_metrics/confirmatory__candidate_bank_metrics.csv,alpha_t,float64,See the corresponding protocol/notebook; detailed definition to be finalized.
data/candidate_metrics/confirmatory__candidate_bank_metrics.csv,self_bias,float64,See the corresponding protocol/notebook; detailed definition to be finalized.
data/candidate_metrics/confirmatory__candidate_bank_metrics.csv,alpha_e,float64,See the corresponding protocol/notebook; detailed definition to be finalized.
data/candidate_metrics/confirmatory__candidate_bank_metrics.csv,gen_seed,int64,See the corresponding protocol/notebook; detailed definition to be finalized.
data/candidate_metrics/confirmatory__candidate_bank_metrics.csv,vocab_size,int64,See the corresponding protocol/notebook; detailed definition to be finalized.
data/candidate_metrics/confirmatory__candidate_bank_metrics.csv,min_stationary_prob,float64,See the corresponding protocol/notebook; detailed definition to be finalized.
data/candidate_metrics/confirmatory__candidate_bank_metrics.csv,min_symbol_prob,float64,See the corresponding protocol/notebook; detailed definition to be finalized.
data/candidate_metrics/confirmatory__candidate_bank_metrics.csv,bayes_ce_h1,float64,Exact Bayes cross-entropy for context length 1.
data/candidate_metrics/confirmatory__candidate_bank_metrics.csv,bayes_ce_h2,float64,See the corresponding protocol/notebook; detailed definition to be finalized.
data/candidate_metrics/confirmatory__candidate_bank_metrics.csv,bayes_ce_h3,float64,See the corresponding protocol/notebook; detailed definition to be finalized.
data/candidate_metrics/confirmatory__candidate_bank_metrics.csv,bayes_ce_h4,float64,Exact Bayes cross-entropy for context length 4.
data/candidate_metrics/confirmatory__candidate_bank_metrics.csv,bayes_gap_1_to_H,float64,See the corresponding protocol/notebook; detailed definition to be finalized.
data/candidate_metrics/confirmatory__candidate_bank_metrics.csv,context_gain_area,float64,Area between the Bayes context-response curve and its value at H.
data/candidate_metrics/confirmatory__candidate_bank_metrics.csv,pred_h4_m1_sv1,float64,See the corresponding protocol/notebook; detailed definition to be finalized.
data/candidate_metrics/confirmatory__candidate_bank_metrics.csv,pred_h4_m1_sv2,float64,See the corresponding protocol/notebook; detailed definition to be finalized.
data/candidate_metrics/confirmatory__candidate_bank_metrics.csv,pred_h4_m1_signal,float64,See the corresponding protocol/notebook; detailed definition to be finalized.
data/candidate_metrics/confirmatory__candidate_bank_metrics.csv,pred_h4_m1_effective_rank,float64,See the corresponding protocol/notebook; detailed definition to be finalized.
data/candidate_metrics/confirmatory__candidate_bank_metrics.csv,pred_h4_m1_numerical_rank,int64,See the corresponding protocol/notebook; detailed definition to be finalized.
data/candidate_metrics/confirmatory__candidate_bank_metrics.csv,pred_h4_m1_r90,int64,See the corresponding protocol/notebook; detailed definition to be finalized.
data/candidate_metrics/confirmatory__candidate_bank_metrics.csv,pred_h4_m1_sigma90,float64,See the corresponding protocol/notebook; detailed definition to be finalized.
data/candidate_metrics/confirmatory__candidate_bank_metrics.csv,pred_h4_m1_kappa90,float64,See the corresponding protocol/notebook; detailed definition to be finalized.
data/candidate_metrics/confirmatory__candidate_bank_metrics.csv,pred_h4_m1_r95,int64,See the corresponding protocol/notebook; detailed definition to be finalized.
data/candidate_metrics/confirmatory__candidate_bank_metrics.csv,pred_h4_m1_sigma95,float64,See the corresponding protocol/notebook; detailed definition to be finalized.
data/candidate_metrics/confirmatory__candidate_bank_metrics.csv,pred_h4_m1_kappa95,float64,See the corresponding protocol/notebook; detailed definition to be finalized.
data/candidate_metrics/confirmatory__candidate_bank_metrics.csv,pred_h4_m1_r99,int64,See the corresponding protocol/notebook; detailed definition to be finalized.
data/candidate_metrics/confirmatory__candidate_bank_metrics.csv,pred_h4_m1_sigma99,float64,See the corresponding protocol/notebook; detailed definition to be finalized.
data/candidate_metrics/confirmatory__candidate_bank_metrics.csv,pred_h4_m1_kappa99,float64,See the corresponding protocol/notebook; detailed definition to be finalized.
data/candidate_metrics/confirmatory__candidate_bank_metrics.csv,pred_h4_m2_sv1,float64,See the corresponding protocol/notebook; detailed definition to be finalized.
data/candidate_metrics/confirmatory__candidate_bank_metrics.csv,pred_h4_m2_sv2,float64,See the corresponding protocol/notebook; detailed definition to be finalized.
data/candidate_metrics/confirmatory__candidate_bank_metrics.csv,pred_h4_m2_signal,float64,See the corresponding protocol/notebook; detailed definition to be finalized.
data/candidate_metrics/confirmatory__candidate_bank_metrics.csv,pred_h4_m2_effective_rank,float64,See the corresponding protocol/notebook; detailed definition to be finalized.
data/candidate_metrics/confirmatory__candidate_bank_metrics.csv,pred_h4_m2_numerical_rank,int64,See the corresponding protocol/notebook; detailed definition to be finalized.
data/candidate_metrics/confirmatory__candidate_bank_metrics.csv,pred_h4_m2_r90,int64,See the corresponding protocol/notebook; detailed definition to be finalized.
data/candidate_metrics/confirmatory__candidate_bank_metrics.csv,pred_h4_m2_sigma90,float64,See the corresponding protocol/notebook; detailed definition to be finalized.
data/candidate_metrics/confirmatory__candidate_bank_metrics.csv,pred_h4_m2_kappa90,float64,See the corresponding protocol/notebook; detailed definition to be finalized.
data/candidate_metrics/confirmatory__candidate_bank_metrics.csv,pred_h4_m2_r95,int64,See the corresponding protocol/notebook; detailed definition to be finalized.
data/candidate_metrics/confirmatory__candidate_bank_metrics.csv,pred_h4_m2_sigma95,float64,See the corresponding protocol/notebook; detailed definition to be finalized.
data/candidate_metrics/confirmatory__candidate_bank_metrics.csv,pred_h4_m2_kappa95,float64,See the corresponding protocol/notebook; detailed definition to be finalized.
data/candidate_metrics/confirmatory__candidate_bank_metrics.csv,pred_h4_m2_r99,int64,See the corresponding protocol/notebook; detailed definition to be finalized.
data/candidate_metrics/confirmatory__candidate_bank_metrics.csv,pred_h4_m2_sigma99,float64,See the corresponding protocol/notebook; detailed definition to be finalized.
data/candidate_metrics/confirmatory__candidate_bank_metrics.csv,pred_h4_m2_kappa99,float64,See the corresponding protocol/notebook; detailed definition to be finalized.
data/candidate_metrics/confirmatory__candidate_bank_metrics.csv,lambda2_abs,float64,See the corresponding protocol/notebook; detailed definition to be finalized.
data/candidate_metrics/confirmatory__candidate_bank_metrics.csv,tau_hidden,float64,See the corresponding protocol/notebook; detailed definition to be finalized.
data/candidate_metrics/confirmatory__candidate_bank_metrics.csv,tau_observed_proxy,float64,See the corresponding protocol/notebook; detailed definition to be finalized.
data/candidate_metrics/confirmatory__candidate_bank_metrics.csv,pred_h4_m1_sv3,float64,See the corresponding protocol/notebook; detailed definition to be finalized.
data/candidate_metrics/confirmatory__candidate_bank_metrics.csv,pred_h4_m2_sv3,float64,See the corresponding protocol/notebook; detailed definition to be finalized.
data/candidate_metrics/confirmatory__candidate_bank_metrics.csv,pred_h4_m1_sv4,float64,See the corresponding protocol/notebook; detailed definition to be finalized.
data/candidate_metrics/confirmatory__candidate_bank_metrics.csv,pred_h4_m2_sv4,float64,See the corresponding protocol/notebook; detailed definition to be finalized.
data/candidate_metrics/confirmatory__candidate_bank_metrics.csv,pred_h4_m1_sv5,float64,See the corresponding protocol/notebook; detailed definition to be finalized.
data/candidate_metrics/confirmatory__candidate_bank_metrics.csv,pred_h4_m2_sv5,float64,See the corresponding protocol/notebook; detailed definition to be finalized.
data/candidate_metrics/confirmatory__candidate_metrics_with_marginals.csv,hmm_id,object,Stable HMM identifier.
data/candidate_metrics/confirmatory__candidate_metrics_with_marginals.csv,source,object,See the corresponding protocol/notebook; detailed definition to be finalized.
data/candidate_metrics/confirmatory__candidate_metrics_with_marginals.csv,cohort,object,See the corresponding protocol/notebook; detailed definition to be finalized.
data/candidate_metrics/confirmatory__candidate_metrics_with_marginals.csv,K,int64,Number of hidden states.
data/candidate_metrics/confirmatory__candidate_metrics_with_marginals.csv,bank_index,int64,See the corresponding protocol/notebook; detailed definition to be finalized.
data/candidate_metrics/confirmatory__candidate_metrics_with_marginals.csv,alpha_t,float64,See the corresponding protocol/notebook; detailed definition to be finalized.
data/candidate_metrics/confirmatory__candidate_metrics_with_marginals.csv,self_bias,float64,See the corresponding protocol/notebook; detailed definition to be finalized.
data/candidate_metrics/confirmatory__candidate_metrics_with_marginals.csv,alpha_e,float64,See the corresponding protocol/notebook; detailed definition to be finalized.
data/candidate_metrics/confirmatory__candidate_metrics_with_marginals.csv,gen_seed,int64,See the corresponding protocol/notebook; detailed definition to be finalized.
data/candidate_metrics/confirmatory__candidate_metrics_with_marginals.csv,vocab_size,int64,See the corresponding protocol/notebook; detailed definition to be finalized.
data/candidate_metrics/confirmatory__candidate_metrics_with_marginals.csv,min_stationary_prob,float64,See the corresponding protocol/notebook; detailed definition to be finalized.
data/candidate_metrics/confirmatory__candidate_metrics_with_marginals.csv,min_symbol_prob,float64,See the corresponding protocol/notebook; detailed definition to be finalized.
data/candidate_metrics/confirmatory__candidate_metrics_with_marginals.csv,bayes_ce_h1,float64,Exact Bayes cross-entropy for context length 1.
data/candidate_metrics/confirmatory__candidate_metrics_with_marginals.csv,bayes_ce_h2,float64,See the corresponding protocol/notebook; detailed definition to be finalized.
data/candidate_metrics/confirmatory__candidate_metrics_with_marginals.csv,bayes_ce_h3,float64,See the corresponding protocol/notebook; detailed definition to be finalized.
data/candidate_metrics/confirmatory__candidate_metrics_with_marginals.csv,bayes_ce_h4,float64,Exact Bayes cross-entropy for context length 4.
data/candidate_metrics/confirmatory__candidate_metrics_with_marginals.csv,bayes_gap_1_to_H,float64,See the corresponding protocol/notebook; detailed definition to be finalized.
data/candidate_metrics/confirmatory__candidate_metrics_with_marginals.csv,context_gain_area,float64,Area between the Bayes context-response curve and its value at H.
data/candidate_metrics/confirmatory__candidate_metrics_with_marginals.csv,pred_h4_m1_sv1,float64,See the corresponding protocol/notebook; detailed definition to be finalized.
data/candidate_metrics/confirmatory__candidate_metrics_with_marginals.csv,pred_h4_m1_sv2,float64,See the corresponding protocol/notebook; detailed definition to be finalized.
data/candidate_metrics/confirmatory__candidate_metrics_with_marginals.csv,pred_h4_m1_signal,float64,See the corresponding protocol/notebook; detailed definition to be finalized.
data/candidate_metrics/confirmatory__candidate_metrics_with_marginals.csv,pred_h4_m1_effective_rank,float64,See the corresponding protocol/notebook; detailed definition to be finalized.
data/candidate_metrics/confirmatory__candidate_metrics_with_marginals.csv,pred_h4_m1_numerical_rank,int64,See the corresponding protocol/notebook; detailed definition to be finalized.
data/candidate_metrics/confirmatory__candidate_metrics_with_marginals.csv,pred_h4_m1_r90,int64,See the corresponding protocol/notebook; detailed definition to be finalized.
data/candidate_metrics/confirmatory__candidate_metrics_with_marginals.csv,pred_h4_m1_sigma90,float64,See the corresponding protocol/notebook; detailed definition to be finalized.
data/candidate_metrics/confirmatory__candidate_metrics_with_marginals.csv,pred_h4_m1_kappa90,float64,See the corresponding protocol/notebook; detailed definition to be finalized.
data/candidate_metrics/confirmatory__candidate_metrics_with_marginals.csv,pred_h4_m1_r95,int64,See the corresponding protocol/notebook; detailed definition to be finalized.
data/candidate_metrics/confirmatory__candidate_metrics_with_marginals.csv,pred_h4_m1_sigma95,float64,See the corresponding protocol/notebook; detailed definition to be finalized.
data/candidate_metrics/confirmatory__candidate_metrics_with_marginals.csv,pred_h4_m1_kappa95,float64,See the corresponding protocol/notebook; detailed definition to be finalized.
data/candidate_metrics/confirmatory__candidate_metrics_with_marginals.csv,pred_h4_m1_r99,int64,See the corresponding protocol/notebook; detailed definition to be finalized.
data/candidate_metrics/confirmatory__candidate_metrics_with_marginals.csv,pred_h4_m1_sigma99,float64,See the corresponding protocol/notebook; detailed definition to be finalized.
data/candidate_metrics/confirmatory__candidate_metrics_with_marginals.csv,pred_h4_m1_kappa99,float64,See the corresponding protocol/notebook; detailed definition to be finalized.
data/candidate_metrics/confirmatory__candidate_metrics_with_marginals.csv,pred_h4_m2_sv1,float64,See the corresponding protocol/notebook; detailed definition to be finalized.
data/candidate_metrics/confirmatory__candidate_metrics_with_marginals.csv,pred_h4_m2_sv2,float64,See the corresponding protocol/notebook; detailed definition to be finalized.
data/candidate_metrics/confirmatory__candidate_metrics_with_marginals.csv,pred_h4_m2_signal,float64,See the corresponding protocol/notebook; detailed definition to be finalized.
data/candidate_metrics/confirmatory__candidate_metrics_with_marginals.csv,pred_h4_m2_effective_rank,float64,See the corresponding protocol/notebook; detailed definition to be finalized.
data/candidate_metrics/confirmatory__candidate_metrics_with_marginals.csv,pred_h4_m2_numerical_rank,int64,See the corresponding protocol/notebook; detailed definition to be finalized.
data/candidate_metrics/confirmatory__candidate_metrics_with_marginals.csv,pred_h4_m2_r90,int64,See the corresponding protocol/notebook; detailed definition to be finalized.
data/candidate_metrics/confirmatory__candidate_metrics_with_marginals.csv,pred_h4_m2_sigma90,float64,See the corresponding protocol/notebook; detailed definition to be finalized.
data/candidate_metrics/confirmatory__candidate_metrics_with_marginals.csv,pred_h4_m2_kappa90,float64,See the corresponding protocol/notebook; detailed definition to be finalized.
data/candidate_metrics/confirmatory__candidate_metrics_with_marginals.csv,pred_h4_m2_r95,int64,See the corresponding protocol/notebook; detailed definition to be finalized.
data/candidate_metrics/confirmatory__candidate_metrics_with_marginals.csv,pred_h4_m2_sigma95,float64,See the corresponding protocol/notebook; detailed definition to be finalized.
data/candidate_metrics/confirmatory__candidate_metrics_with_marginals.csv,pred_h4_m2_kappa95,float64,See the corresponding protocol/notebook; detailed definition to be finalized.
data/candidate_metrics/confirmatory__candidate_metrics_with_marginals.csv,pred_h4_m2_r99,int64,See the corresponding protocol/notebook; detailed definition to be finalized.
data/candidate_metrics/confirmatory__candidate_metrics_with_marginals.csv,pred_h4_m2_sigma99,float64,See the corresponding protocol/notebook; detailed definition to be finalized.
data/candidate_metrics/confirmatory__candidate_metrics_with_marginals.csv,pred_h4_m2_kappa99,float64,See the corresponding protocol/notebook; detailed definition to be finalized.
data/candidate_metrics/confirmatory__candidate_metrics_with_marginals.csv,lambda2_abs,float64,See the corresponding protocol/notebook; detailed definition to be finalized.
data/candidate_metrics/confirmatory__candidate_metrics_with_marginals.csv,tau_hidden,float64,See the corresponding protocol/notebook; detailed definition to be finalized.
data/candidate_metrics/confirmatory__candidate_metrics_with_marginals.csv,tau_observed_proxy,float64,See the corresponding protocol/notebook; detailed definition to be finalized.
data/candidate_metrics/confirmatory__candidate_metrics_with_marginals.csv,pred_h4_m1_sv3,float64,See the corresponding protocol/notebook; detailed definition to be finalized.
data/candidate_metrics/confirmatory__candidate_metrics_with_marginals.csv,pred_h4_m2_sv3,float64,See the corresponding protocol/notebook; detailed definition to be finalized.
data/candidate_metrics/confirmatory__candidate_metrics_with_marginals.csv,pred_h4_m1_sv4,float64,See the corresponding protocol/notebook; detailed definition to be finalized.
data/candidate_metrics/confirmatory__candidate_metrics_with_marginals.csv,pred_h4_m2_sv4,float64,See the corresponding protocol/notebook; detailed definition to be finalized.
data/candidate_metrics/confirmatory__candidate_metrics_with_marginals.csv,pred_h4_m1_sv5,float64,See the corresponding protocol/notebook; detailed definition to be finalized.
data/candidate_metrics/confirmatory__candidate_metrics_with_marginals.csv,pred_h4_m2_sv5,float64,See the corresponding protocol/notebook; detailed definition to be finalized.
data/candidate_metrics/confirmatory__candidate_metrics_with_marginals.csv,symbol_entropy,float64,See the corresponding protocol/notebook; detailed definition to be finalized.
data/candidate_metrics/confirmatory__candidate_metrics_with_marginals.csv,symbol_entropy_normalized,float64,See the corresponding protocol/notebook; detailed definition to be finalized.
data/candidate_metrics/confirmatory__candidate_metrics_with_marginals.csv,max_symbol_prob,float64,See the corresponding protocol/notebook; detailed definition to be finalized.
data/candidate_metrics/confirmatory__candidate_metrics_with_marginals.csv,min_symbol_prob_recomputed,float64,See the corresponding protocol/notebook; detailed definition to be finalized.
data/candidate_metrics/confirmatory__candidate_metrics_with_marginals.csv,marginal_l2_from_uniform,float64,See the corresponding protocol/notebook; detailed definition to be finalized.
data/candidate_metrics/confirmatory__candidate_metrics_with_marginals.csv,symbol_prob_0,float64,See the corresponding protocol/notebook; detailed definition to be finalized.
data/candidate_metrics/confirmatory__candidate_metrics_with_marginals.csv,symbol_prob_1,float64,See the corresponding protocol/notebook; detailed definition to be finalized.
data/candidate_metrics/confirmatory__candidate_metrics_with_marginals.csv,symbol_prob_2,float64,See the corresponding protocol/notebook; detailed definition to be finalized.
data/candidate_metrics/confirmatory__candidate_metrics_with_marginals.csv,symbol_prob_3,float64,See the corresponding protocol/notebook; detailed definition to be finalized.
data/candidate_metrics/confirmatory__candidate_metrics_with_marginals.csv,symbol_prob_4,float64,See the corresponding protocol/notebook; detailed definition to be finalized.
data/candidate_metrics/confirmatory__candidate_metrics_with_marginals.csv,symbol_prob_5,float64,See the corresponding protocol/notebook; detailed definition to be finalized.
data/candidate_metrics/confirmatory__candidate_metrics_with_marginals.csv,symbol_prob_6,float64,See the corresponding protocol/notebook; detailed definition to be finalized.
data/candidate_metrics/confirmatory__candidate_metrics_with_marginals.csv,symbol_prob_7,float64,See the corresponding protocol/notebook; detailed definition to be finalized.
data/candidate_metrics/development_all_hmm_metrics.csv,hmm_id,object,Stable HMM identifier.
data/candidate_metrics/development_all_hmm_metrics.csv,source,object,See the corresponding protocol/notebook; detailed definition to be finalized.
data/candidate_metrics/development_all_hmm_metrics.csv,source_file,object,See the corresponding protocol/notebook; detailed definition to be finalized.
data/candidate_metrics/development_all_hmm_metrics.csv,K,int64,Number of hidden states.
data/candidate_metrics/development_all_hmm_metrics.csv,vocab_size,int64,See the corresponding protocol/notebook; detailed definition to be finalized.
data/candidate_metrics/development_all_hmm_metrics.csv,min_stationary_prob,float64,See the corresponding protocol/notebook; detailed definition to be finalized.
data/candidate_metrics/development_all_hmm_metrics.csv,min_symbol_prob,float64,See the corresponding protocol/notebook; detailed definition to be finalized.
data/candidate_metrics/development_all_hmm_metrics.csv,bayes_ce_h1,float64,Exact Bayes cross-entropy for context length 1.
data/candidate_metrics/development_all_hmm_metrics.csv,bayes_ce_h2,float64,See the corresponding protocol/notebook; detailed definition to be finalized.
data/candidate_metrics/development_all_hmm_metrics.csv,bayes_ce_h3,float64,See the corresponding protocol/notebook; detailed definition to be finalized.
data/candidate_metrics/development_all_hmm_metrics.csv,bayes_ce_h4,float64,Exact Bayes cross-entropy for context length 4.
data/candidate_metrics/development_all_hmm_metrics.csv,bayes_gap_1_to_H,float64,See the corresponding protocol/notebook; detailed definition to be finalized.
data/candidate_metrics/development_all_hmm_metrics.csv,context_gain_area,float64,Area between the Bayes context-response curve and its value at H.
data/candidate_metrics/development_all_hmm_metrics.csv,pred_h4_m1_sv1,float64,See the corresponding protocol/notebook; detailed definition to be finalized.
data/candidate_metrics/development_all_hmm_metrics.csv,pred_h4_m1_sv2,float64,See the corresponding protocol/notebook; detailed definition to be finalized.
data/candidate_metrics/development_all_hmm_metrics.csv,pred_h4_m1_signal,float64,See the corresponding protocol/notebook; detailed definition to be finalized.
data/candidate_metrics/development_all_hmm_metrics.csv,pred_h4_m1_effective_rank,float64,See the corresponding protocol/notebook; detailed definition to be finalized.
data/candidate_metrics/development_all_hmm_metrics.csv,pred_h4_m1_numerical_rank,int64,See the corresponding protocol/notebook; detailed definition to be finalized.
data/candidate_metrics/development_all_hmm_metrics.csv,pred_h4_m1_r90,int64,See the corresponding protocol/notebook; detailed definition to be finalized.
data/candidate_metrics/development_all_hmm_metrics.csv,pred_h4_m1_sigma90,float64,See the corresponding protocol/notebook; detailed definition to be finalized.
data/candidate_metrics/development_all_hmm_metrics.csv,pred_h4_m1_kappa90,float64,See the corresponding protocol/notebook; detailed definition to be finalized.
data/candidate_metrics/development_all_hmm_metrics.csv,pred_h4_m1_r95,int64,See the corresponding protocol/notebook; detailed definition to be finalized.
data/candidate_metrics/development_all_hmm_metrics.csv,pred_h4_m1_sigma95,float64,See the corresponding protocol/notebook; detailed definition to be finalized.
data/candidate_metrics/development_all_hmm_metrics.csv,pred_h4_m1_kappa95,float64,See the corresponding protocol/notebook; detailed definition to be finalized.
data/candidate_metrics/development_all_hmm_metrics.csv,pred_h4_m1_r99,int64,See the corresponding protocol/notebook; detailed definition to be finalized.
data/candidate_metrics/development_all_hmm_metrics.csv,pred_h4_m1_sigma99,float64,See the corresponding protocol/notebook; detailed definition to be finalized.
data/candidate_metrics/development_all_hmm_metrics.csv,pred_h4_m1_kappa99,float64,See the corresponding protocol/notebook; detailed definition to be finalized.
data/candidate_metrics/development_all_hmm_metrics.csv,pred_h4_m2_sv1,float64,See the corresponding protocol/notebook; detailed definition to be finalized.
data/candidate_metrics/development_all_hmm_metrics.csv,pred_h4_m2_sv2,float64,See the corresponding protocol/notebook; detailed definition to be finalized.
data/candidate_metrics/development_all_hmm_metrics.csv,pred_h4_m2_sv3,float64,See the corresponding protocol/notebook; detailed definition to be finalized.
data/candidate_metrics/development_all_hmm_metrics.csv,pred_h4_m2_signal,float64,See the corresponding protocol/notebook; detailed definition to be finalized.
data/candidate_metrics/development_all_hmm_metrics.csv,pred_h4_m2_effective_rank,float64,See the corresponding protocol/notebook; detailed definition to be finalized.
data/candidate_metrics/development_all_hmm_metrics.csv,pred_h4_m2_numerical_rank,int64,See the corresponding protocol/notebook; detailed definition to be finalized.
data/candidate_metrics/development_all_hmm_metrics.csv,pred_h4_m2_r90,int64,See the corresponding protocol/notebook; detailed definition to be finalized.
data/candidate_metrics/development_all_hmm_metrics.csv,pred_h4_m2_sigma90,float64,See the corresponding protocol/notebook; detailed definition to be finalized.
data/candidate_metrics/development_all_hmm_metrics.csv,pred_h4_m2_kappa90,float64,See the corresponding protocol/notebook; detailed definition to be finalized.
data/candidate_metrics/development_all_hmm_metrics.csv,pred_h4_m2_r95,int64,See the corresponding protocol/notebook; detailed definition to be finalized.
data/candidate_metrics/development_all_hmm_metrics.csv,pred_h4_m2_sigma95,float64,See the corresponding protocol/notebook; detailed definition to be finalized.
data/candidate_metrics/development_all_hmm_metrics.csv,pred_h4_m2_kappa95,float64,See the corresponding protocol/notebook; detailed definition to be finalized.
data/candidate_metrics/development_all_hmm_metrics.csv,pred_h4_m2_r99,int64,See the corresponding protocol/notebook; detailed definition to be finalized.
data/candidate_metrics/development_all_hmm_metrics.csv,pred_h4_m2_sigma99,float64,See the corresponding protocol/notebook; detailed definition to be finalized.
data/candidate_metrics/development_all_hmm_metrics.csv,pred_h4_m2_kappa99,float64,See the corresponding protocol/notebook; detailed definition to be finalized.
data/candidate_metrics/development_all_hmm_metrics.csv,lambda2_abs,float64,See the corresponding protocol/notebook; detailed definition to be finalized.
data/candidate_metrics/development_all_hmm_metrics.csv,tau_hidden,float64,See the corresponding protocol/notebook; detailed definition to be finalized.
data/candidate_metrics/development_all_hmm_metrics.csv,tau_observed_proxy,float64,See the corresponding protocol/notebook; detailed definition to be finalized.
data/candidate_metrics/development_all_hmm_metrics.csv,bank_index,float64,See the corresponding protocol/notebook; detailed definition to be finalized.
data/candidate_metrics/development_all_hmm_metrics.csv,alpha_t,float64,See the corresponding protocol/notebook; detailed definition to be finalized.
data/candidate_metrics/development_all_hmm_metrics.csv,self_bias,float64,See the corresponding protocol/notebook; detailed definition to be finalized.
data/candidate_metrics/development_all_hmm_metrics.csv,alpha_e,float64,See the corresponding protocol/notebook; detailed definition to be finalized.
data/candidate_metrics/development_all_hmm_metrics.csv,gen_seed,float64,See the corresponding protocol/notebook; detailed definition to be finalized.
data/candidate_metrics/development_all_hmm_metrics.csv,pred_h4_m1_sv3,float64,See the corresponding protocol/notebook; detailed definition to be finalized.
data/candidate_metrics/development_all_hmm_metrics.csv,pred_h4_m1_sv4,float64,See the corresponding protocol/notebook; detailed definition to be finalized.
data/candidate_metrics/development_all_hmm_metrics.csv,pred_h4_m2_sv4,float64,See the corresponding protocol/notebook; detailed definition to be finalized.
data/candidate_metrics/development_all_hmm_metrics.csv,pred_h4_m1_sv5,float64,See the corresponding protocol/notebook; detailed definition to be finalized.
data/candidate_metrics/development_all_hmm_metrics.csv,pred_h4_m2_sv5,float64,See the corresponding protocol/notebook; detailed definition to be finalized.
data/candidate_metrics/development_candidate_bank_metrics.csv,hmm_id,object,Stable HMM identifier.
data/candidate_metrics/development_candidate_bank_metrics.csv,source,object,See the corresponding protocol/notebook; detailed definition to be finalized.
data/candidate_metrics/development_candidate_bank_metrics.csv,K,int64,Number of hidden states.
data/candidate_metrics/development_candidate_bank_metrics.csv,bank_index,int64,See the corresponding protocol/notebook; detailed definition to be finalized.
data/candidate_metrics/development_candidate_bank_metrics.csv,alpha_t,float64,See the corresponding protocol/notebook; detailed definition to be finalized.
data/candidate_metrics/development_candidate_bank_metrics.csv,self_bias,float64,See the corresponding protocol/notebook; detailed definition to be finalized.
data/candidate_metrics/development_candidate_bank_metrics.csv,alpha_e,float64,See the corresponding protocol/notebook; detailed definition to be finalized.
data/candidate_metrics/development_candidate_bank_metrics.csv,gen_seed,int64,See the corresponding protocol/notebook; detailed definition to be finalized.
data/candidate_metrics/development_candidate_bank_metrics.csv,vocab_size,int64,See the corresponding protocol/notebook; detailed definition to be finalized.
data/candidate_metrics/development_candidate_bank_metrics.csv,min_stationary_prob,float64,See the corresponding protocol/notebook; detailed definition to be finalized.
data/candidate_metrics/development_candidate_bank_metrics.csv,min_symbol_prob,float64,See the corresponding protocol/notebook; detailed definition to be finalized.
data/candidate_metrics/development_candidate_bank_metrics.csv,bayes_ce_h1,float64,Exact Bayes cross-entropy for context length 1.
data/candidate_metrics/development_candidate_bank_metrics.csv,bayes_ce_h2,float64,See the corresponding protocol/notebook; detailed definition to be finalized.
data/candidate_metrics/development_candidate_bank_metrics.csv,bayes_ce_h3,float64,See the corresponding protocol/notebook; detailed definition to be finalized.
data/candidate_metrics/development_candidate_bank_metrics.csv,bayes_ce_h4,float64,Exact Bayes cross-entropy for context length 4.
data/candidate_metrics/development_candidate_bank_metrics.csv,bayes_gap_1_to_H,float64,See the corresponding protocol/notebook; detailed definition to be finalized.
data/candidate_metrics/development_candidate_bank_metrics.csv,context_gain_area,float64,Area between the Bayes context-response curve and its value at H.
data/candidate_metrics/development_candidate_bank_metrics.csv,pred_h4_m1_sv1,float64,See the corresponding protocol/notebook; detailed definition to be finalized.
data/candidate_metrics/development_candidate_bank_metrics.csv,pred_h4_m1_sv2,float64,See the corresponding protocol/notebook; detailed definition to be finalized.
data/candidate_metrics/development_candidate_bank_metrics.csv,pred_h4_m1_signal,float64,See the corresponding protocol/notebook; detailed definition to be finalized.
data/candidate_metrics/development_candidate_bank_metrics.csv,pred_h4_m1_effective_rank,float64,See the corresponding protocol/notebook; detailed definition to be finalized.
data/candidate_metrics/development_candidate_bank_metrics.csv,pred_h4_m1_numerical_rank,int64,See the corresponding protocol/notebook; detailed definition to be finalized.
data/candidate_metrics/development_candidate_bank_metrics.csv,pred_h4_m1_r90,int64,See the corresponding protocol/notebook; detailed definition to be finalized.
data/candidate_metrics/development_candidate_bank_metrics.csv,pred_h4_m1_sigma90,float64,See the corresponding protocol/notebook; detailed definition to be finalized.
data/candidate_metrics/development_candidate_bank_metrics.csv,pred_h4_m1_kappa90,float64,See the corresponding protocol/notebook; detailed definition to be finalized.
data/candidate_metrics/development_candidate_bank_metrics.csv,pred_h4_m1_r95,int64,See the corresponding protocol/notebook; detailed definition to be finalized.
data/candidate_metrics/development_candidate_bank_metrics.csv,pred_h4_m1_sigma95,float64,See the corresponding protocol/notebook; detailed definition to be finalized.
data/candidate_metrics/development_candidate_bank_metrics.csv,pred_h4_m1_kappa95,float64,See the corresponding protocol/notebook; detailed definition to be finalized.
data/candidate_metrics/development_candidate_bank_metrics.csv,pred_h4_m1_r99,int64,See the corresponding protocol/notebook; detailed definition to be finalized.
data/candidate_metrics/development_candidate_bank_metrics.csv,pred_h4_m1_sigma99,float64,See the corresponding protocol/notebook; detailed definition to be finalized.
data/candidate_metrics/development_candidate_bank_metrics.csv,pred_h4_m1_kappa99,float64,See the corresponding protocol/notebook; detailed definition to be finalized.
data/candidate_metrics/development_candidate_bank_metrics.csv,pred_h4_m2_sv1,float64,See the corresponding protocol/notebook; detailed definition to be finalized.
data/candidate_metrics/development_candidate_bank_metrics.csv,pred_h4_m2_sv2,float64,See the corresponding protocol/notebook; detailed definition to be finalized.
data/candidate_metrics/development_candidate_bank_metrics.csv,pred_h4_m2_signal,float64,See the corresponding protocol/notebook; detailed definition to be finalized.
data/candidate_metrics/development_candidate_bank_metrics.csv,pred_h4_m2_effective_rank,float64,See the corresponding protocol/notebook; detailed definition to be finalized.
data/candidate_metrics/development_candidate_bank_metrics.csv,pred_h4_m2_numerical_rank,int64,See the corresponding protocol/notebook; detailed definition to be finalized.
data/candidate_metrics/development_candidate_bank_metrics.csv,pred_h4_m2_r90,int64,See the corresponding protocol/notebook; detailed definition to be finalized.
data/candidate_metrics/development_candidate_bank_metrics.csv,pred_h4_m2_sigma90,float64,See the corresponding protocol/notebook; detailed definition to be finalized.
data/candidate_metrics/development_candidate_bank_metrics.csv,pred_h4_m2_kappa90,float64,See the corresponding protocol/notebook; detailed definition to be finalized.
data/candidate_metrics/development_candidate_bank_metrics.csv,pred_h4_m2_r95,int64,See the corresponding protocol/notebook; detailed definition to be finalized.
data/candidate_metrics/development_candidate_bank_metrics.csv,pred_h4_m2_sigma95,float64,See the corresponding protocol/notebook; detailed definition to be finalized.
data/candidate_metrics/development_candidate_bank_metrics.csv,pred_h4_m2_kappa95,float64,See the corresponding protocol/notebook; detailed definition to be finalized.
data/candidate_metrics/development_candidate_bank_metrics.csv,pred_h4_m2_r99,int64,See the corresponding protocol/notebook; detailed definition to be finalized.
data/candidate_metrics/development_candidate_bank_metrics.csv,pred_h4_m2_sigma99,float64,See the corresponding protocol/notebook; detailed definition to be finalized.
data/candidate_metrics/development_candidate_bank_metrics.csv,pred_h4_m2_kappa99,float64,See the corresponding protocol/notebook; detailed definition to be finalized.
data/candidate_metrics/development_candidate_bank_metrics.csv,lambda2_abs,float64,See the corresponding protocol/notebook; detailed definition to be finalized.
data/candidate_metrics/development_candidate_bank_metrics.csv,tau_hidden,float64,See the corresponding protocol/notebook; detailed definition to be finalized.
data/candidate_metrics/development_candidate_bank_metrics.csv,tau_observed_proxy,float64,See the corresponding protocol/notebook; detailed definition to be finalized.
data/candidate_metrics/development_candidate_bank_metrics.csv,pred_h4_m1_sv3,float64,See the corresponding protocol/notebook; detailed definition to be finalized.
data/candidate_metrics/development_candidate_bank_metrics.csv,pred_h4_m2_sv3,float64,See the corresponding protocol/notebook; detailed definition to be finalized.
data/candidate_metrics/development_candidate_bank_metrics.csv,pred_h4_m1_sv4,float64,See the corresponding protocol/notebook; detailed definition to be finalized.
data/candidate_metrics/development_candidate_bank_metrics.csv,pred_h4_m2_sv4,float64,See the corresponding protocol/notebook; detailed definition to be finalized.
data/candidate_metrics/development_candidate_bank_metrics.csv,pred_h4_m1_sv5,float64,See the corresponding protocol/notebook; detailed definition to be finalized.
data/candidate_metrics/development_candidate_bank_metrics.csv,pred_h4_m2_sv5,float64,See the corresponding protocol/notebook; detailed definition to be finalized.
data/candidate_metrics/external__external_candidate_bank_metrics.csv,hmm_id,object,Stable HMM identifier.
data/candidate_metrics/external__external_candidate_bank_metrics.csv,source,object,See the corresponding protocol/notebook; detailed definition to be finalized.
data/candidate_metrics/external__external_candidate_bank_metrics.csv,generator_family,object,See the corresponding protocol/notebook; detailed definition to be finalized.
data/candidate_metrics/external__external_candidate_bank_metrics.csv,K,int64,Number of hidden states.
data/candidate_metrics/external__external_candidate_bank_metrics.csv,accepted_index,int64,See the corresponding protocol/notebook; detailed definition to be finalized.
data/candidate_metrics/external__external_candidate_bank_metrics.csv,attempt_index,int64,See the corresponding protocol/notebook; detailed definition to be finalized.
data/candidate_metrics/external__external_candidate_bank_metrics.csv,gen_seed,int64,See the corresponding protocol/notebook; detailed definition to be finalized.
data/candidate_metrics/external__external_candidate_bank_metrics.csv,candidate_hmm_file,object,See the corresponding protocol/notebook; detailed definition to be finalized.
data/candidate_metrics/external__external_candidate_bank_metrics.csv,base_self_probability,float64,See the corresponding protocol/notebook; detailed definition to be finalized.
data/candidate_metrics/external__external_candidate_bank_metrics.csv,transition_logit_scale,float64,See the corresponding protocol/notebook; detailed definition to be finalized.
data/candidate_metrics/external__external_candidate_bank_metrics.csv,emission_logit_scale,float64,See the corresponding protocol/notebook; detailed definition to be finalized.
data/candidate_metrics/external__external_candidate_bank_metrics.csv,state_location_scale,float64,See the corresponding protocol/notebook; detailed definition to be finalized.
data/candidate_metrics/external__external_candidate_bank_metrics.csv,vocab_size,int64,See the corresponding protocol/notebook; detailed definition to be finalized.
data/candidate_metrics/external__external_candidate_bank_metrics.csv,min_stationary_prob,float64,See the corresponding protocol/notebook; detailed definition to be finalized.
data/candidate_metrics/external__external_candidate_bank_metrics.csv,min_symbol_prob,float64,See the corresponding protocol/notebook; detailed definition to be finalized.
data/candidate_metrics/external__external_candidate_bank_metrics.csv,bayes_ce_h1,float64,Exact Bayes cross-entropy for context length 1.
data/candidate_metrics/external__external_candidate_bank_metrics.csv,bayes_ce_h2,float64,See the corresponding protocol/notebook; detailed definition to be finalized.
data/candidate_metrics/external__external_candidate_bank_metrics.csv,bayes_ce_h3,float64,See the corresponding protocol/notebook; detailed definition to be finalized.
data/candidate_metrics/external__external_candidate_bank_metrics.csv,bayes_ce_h4,float64,Exact Bayes cross-entropy for context length 4.
data/candidate_metrics/external__external_candidate_bank_metrics.csv,bayes_gap_1_to_H,float64,See the corresponding protocol/notebook; detailed definition to be finalized.
data/candidate_metrics/external__external_candidate_bank_metrics.csv,context_gain_area,float64,Area between the Bayes context-response curve and its value at H.
data/candidate_metrics/external__external_candidate_bank_metrics.csv,pred_h4_m1_sv1,float64,See the corresponding protocol/notebook; detailed definition to be finalized.
data/candidate_metrics/external__external_candidate_bank_metrics.csv,pred_h4_m1_sv2,float64,See the corresponding protocol/notebook; detailed definition to be finalized.
data/candidate_metrics/external__external_candidate_bank_metrics.csv,pred_h4_m1_signal,float64,See the corresponding protocol/notebook; detailed definition to be finalized.
data/candidate_metrics/external__external_candidate_bank_metrics.csv,pred_h4_m1_effective_rank,float64,See the corresponding protocol/notebook; detailed definition to be finalized.
data/candidate_metrics/external__external_candidate_bank_metrics.csv,pred_h4_m1_numerical_rank,int64,See the corresponding protocol/notebook; detailed definition to be finalized.
data/candidate_metrics/external__external_candidate_bank_metrics.csv,pred_h4_m1_r90,int64,See the corresponding protocol/notebook; detailed definition to be finalized.
data/candidate_metrics/external__external_candidate_bank_metrics.csv,pred_h4_m1_sigma90,float64,See the corresponding protocol/notebook; detailed definition to be finalized.
data/candidate_metrics/external__external_candidate_bank_metrics.csv,pred_h4_m1_kappa90,float64,See the corresponding protocol/notebook; detailed definition to be finalized.
data/candidate_metrics/external__external_candidate_bank_metrics.csv,pred_h4_m1_r95,int64,See the corresponding protocol/notebook; detailed definition to be finalized.
data/candidate_metrics/external__external_candidate_bank_metrics.csv,pred_h4_m1_sigma95,float64,See the corresponding protocol/notebook; detailed definition to be finalized.
data/candidate_metrics/external__external_candidate_bank_metrics.csv,pred_h4_m1_kappa95,float64,See the corresponding protocol/notebook; detailed definition to be finalized.
data/candidate_metrics/external__external_candidate_bank_metrics.csv,pred_h4_m1_r99,int64,See the corresponding protocol/notebook; detailed definition to be finalized.
data/candidate_metrics/external__external_candidate_bank_metrics.csv,pred_h4_m1_sigma99,float64,See the corresponding protocol/notebook; detailed definition to be finalized.
data/candidate_metrics/external__external_candidate_bank_metrics.csv,pred_h4_m1_kappa99,float64,See the corresponding protocol/notebook; detailed definition to be finalized.
data/candidate_metrics/external__external_candidate_bank_metrics.csv,pred_h4_m2_sv1,float64,See the corresponding protocol/notebook; detailed definition to be finalized.
data/candidate_metrics/external__external_candidate_bank_metrics.csv,pred_h4_m2_sv2,float64,See the corresponding protocol/notebook; detailed definition to be finalized.
data/candidate_metrics/external__external_candidate_bank_metrics.csv,pred_h4_m2_signal,float64,See the corresponding protocol/notebook; detailed definition to be finalized.
data/candidate_metrics/external__external_candidate_bank_metrics.csv,pred_h4_m2_effective_rank,float64,See the corresponding protocol/notebook; detailed definition to be finalized.
data/candidate_metrics/external__external_candidate_bank_metrics.csv,pred_h4_m2_numerical_rank,int64,See the corresponding protocol/notebook; detailed definition to be finalized.
data/candidate_metrics/external__external_candidate_bank_metrics.csv,pred_h4_m2_r90,int64,See the corresponding protocol/notebook; detailed definition to be finalized.
data/candidate_metrics/external__external_candidate_bank_metrics.csv,pred_h4_m2_sigma90,float64,See the corresponding protocol/notebook; detailed definition to be finalized.
data/candidate_metrics/external__external_candidate_bank_metrics.csv,pred_h4_m2_kappa90,float64,See the corresponding protocol/notebook; detailed definition to be finalized.
data/candidate_metrics/external__external_candidate_bank_metrics.csv,pred_h4_m2_r95,int64,See the corresponding protocol/notebook; detailed definition to be finalized.
data/candidate_metrics/external__external_candidate_bank_metrics.csv,pred_h4_m2_sigma95,float64,See the corresponding protocol/notebook; detailed definition to be finalized.
data/candidate_metrics/external__external_candidate_bank_metrics.csv,pred_h4_m2_kappa95,float64,See the corresponding protocol/notebook; detailed definition to be finalized.
data/candidate_metrics/external__external_candidate_bank_metrics.csv,pred_h4_m2_r99,int64,See the corresponding protocol/notebook; detailed definition to be finalized.
data/candidate_metrics/external__external_candidate_bank_metrics.csv,pred_h4_m2_sigma99,float64,See the corresponding protocol/notebook; detailed definition to be finalized.
data/candidate_metrics/external__external_candidate_bank_metrics.csv,pred_h4_m2_kappa99,float64,See the corresponding protocol/notebook; detailed definition to be finalized.
data/candidate_metrics/external__external_candidate_bank_metrics.csv,pred_h4_m3_sv1,float64,See the corresponding protocol/notebook; detailed definition to be finalized.
data/candidate_metrics/external__external_candidate_bank_metrics.csv,pred_h4_m3_sv2,float64,See the corresponding protocol/notebook; detailed definition to be finalized.
data/candidate_metrics/external__external_candidate_bank_metrics.csv,pred_h4_m3_signal,float64,See the corresponding protocol/notebook; detailed definition to be finalized.
data/candidate_metrics/external__external_candidate_bank_metrics.csv,pred_h4_m3_effective_rank,float64,See the corresponding protocol/notebook; detailed definition to be finalized.
data/candidate_metrics/external__external_candidate_bank_metrics.csv,pred_h4_m3_numerical_rank,int64,See the corresponding protocol/notebook; detailed definition to be finalized.
data/candidate_metrics/external__external_candidate_bank_metrics.csv,pred_h4_m3_r90,int64,See the corresponding protocol/notebook; detailed definition to be finalized.
data/candidate_metrics/external__external_candidate_bank_metrics.csv,pred_h4_m3_sigma90,float64,See the corresponding protocol/notebook; detailed definition to be finalized.
data/candidate_metrics/external__external_candidate_bank_metrics.csv,pred_h4_m3_kappa90,float64,See the corresponding protocol/notebook; detailed definition to be finalized.
data/candidate_metrics/external__external_candidate_bank_metrics.csv,pred_h4_m3_r95,int64,See the corresponding protocol/notebook; detailed definition to be finalized.
data/candidate_metrics/external__external_candidate_bank_metrics.csv,pred_h4_m3_sigma95,float64,See the corresponding protocol/notebook; detailed definition to be finalized.
data/candidate_metrics/external__external_candidate_bank_metrics.csv,pred_h4_m3_kappa95,float64,See the corresponding protocol/notebook; detailed definition to be finalized.
data/candidate_metrics/external__external_candidate_bank_metrics.csv,pred_h4_m3_r99,int64,See the corresponding protocol/notebook; detailed definition to be finalized.
data/candidate_metrics/external__external_candidate_bank_metrics.csv,pred_h4_m3_sigma99,float64,See the corresponding protocol/notebook; detailed definition to be finalized.
data/candidate_metrics/external__external_candidate_bank_metrics.csv,pred_h4_m3_kappa99,float64,See the corresponding protocol/notebook; detailed definition to be finalized.
data/candidate_metrics/external__external_candidate_bank_metrics.csv,lambda2_abs,float64,See the corresponding protocol/notebook; detailed definition to be finalized.
data/candidate_metrics/external__external_candidate_bank_metrics.csv,tau_hidden,float64,See the corresponding protocol/notebook; detailed definition to be finalized.
data/candidate_metrics/external__external_candidate_bank_metrics.csv,tau_observed_proxy,float64,See the corresponding protocol/notebook; detailed definition to be finalized.
data/candidate_metrics/external__external_candidate_bank_metrics.csv,symbol_entropy,float64,See the corresponding protocol/notebook; detailed definition to be finalized.
data/candidate_metrics/external__external_candidate_bank_metrics.csv,symbol_entropy_normalized,float64,See the corresponding protocol/notebook; detailed definition to be finalized.
data/candidate_metrics/external__external_candidate_bank_metrics.csv,max_symbol_prob,float64,See the corresponding protocol/notebook; detailed definition to be finalized.
data/candidate_metrics/external__external_candidate_bank_metrics.csv,min_symbol_prob_recomputed,float64,See the corresponding protocol/notebook; detailed definition to be finalized.
data/candidate_metrics/external__external_candidate_bank_metrics.csv,marginal_l2_from_uniform,float64,See the corresponding protocol/notebook; detailed definition to be finalized.
data/candidate_metrics/external__external_candidate_bank_metrics.csv,symbol_prob_0,float64,See the corresponding protocol/notebook; detailed definition to be finalized.
data/candidate_metrics/external__external_candidate_bank_metrics.csv,symbol_prob_1,float64,See the corresponding protocol/notebook; detailed definition to be finalized.
data/candidate_metrics/external__external_candidate_bank_metrics.csv,symbol_prob_2,float64,See the corresponding protocol/notebook; detailed definition to be finalized.
data/candidate_metrics/external__external_candidate_bank_metrics.csv,symbol_prob_3,float64,See the corresponding protocol/notebook; detailed definition to be finalized.
data/candidate_metrics/external__external_candidate_bank_metrics.csv,symbol_prob_4,float64,See the corresponding protocol/notebook; detailed definition to be finalized.
data/candidate_metrics/external__external_candidate_bank_metrics.csv,symbol_prob_5,float64,See the corresponding protocol/notebook; detailed definition to be finalized.
data/candidate_metrics/external__external_candidate_bank_metrics.csv,symbol_prob_6,float64,See the corresponding protocol/notebook; detailed definition to be finalized.
data/candidate_metrics/external__external_candidate_bank_metrics.csv,symbol_prob_7,float64,See the corresponding protocol/notebook; detailed definition to be finalized.
data/candidate_metrics/external__external_candidate_bank_metrics.csv,mean_transition_self_probability,float64,See the corresponding protocol/notebook; detailed definition to be finalized.
data/candidate_metrics/external__external_candidate_bank_metrics.csv,stationary_transition_entropy,float64,See the corresponding protocol/notebook; detailed definition to be finalized.
data/candidate_metrics/external__external_candidate_bank_metrics.csv,transition_density_gt_0p01,float64,See the corresponding protocol/notebook; detailed definition to be finalized.
data/candidate_metrics/external__external_candidate_bank_metrics.csv,stationary_emission_entropy,float64,See the corresponding protocol/notebook; detailed definition to be finalized.
data/candidate_metrics/external__external_candidate_bank_metrics.csv,mean_state_max_emission_probability,float64,See the corresponding protocol/notebook; detailed definition to be finalized.
data/candidate_metrics/external__external_candidate_bank_metrics.csv,emission_density_gt_0p01,float64,See the corresponding protocol/notebook; detailed definition to be finalized.
data/candidate_metrics/external__external_candidate_bank_metrics.csv,pred_h4_m1_sv3,float64,See the corresponding protocol/notebook; detailed definition to be finalized.
data/candidate_metrics/external__external_candidate_bank_metrics.csv,pred_h4_m2_sv3,float64,See the corresponding protocol/notebook; detailed definition to be finalized.
data/candidate_metrics/external__external_candidate_bank_metrics.csv,pred_h4_m3_sv3,float64,See the corresponding protocol/notebook; detailed definition to be finalized.
data/candidate_metrics/external__external_candidate_bank_metrics.csv,pred_h4_m1_sv4,float64,See the corresponding protocol/notebook; detailed definition to be finalized.
data/candidate_metrics/external__external_candidate_bank_metrics.csv,pred_h4_m2_sv4,float64,See the corresponding protocol/notebook; detailed definition to be finalized.
data/candidate_metrics/external__external_candidate_bank_metrics.csv,pred_h4_m3_sv4,float64,See the corresponding protocol/notebook; detailed definition to be finalized.
data/candidate_metrics/external__external_candidate_bank_metrics.csv,pred_h4_m1_sv5,float64,See the corresponding protocol/notebook; detailed definition to be finalized.
data/candidate_metrics/external__external_candidate_bank_metrics.csv,pred_h4_m2_sv5,float64,See the corresponding protocol/notebook; detailed definition to be finalized.
data/candidate_metrics/external__external_candidate_bank_metrics.csv,pred_h4_m3_sv5,float64,See the corresponding protocol/notebook; detailed definition to be finalized.
data/candidate_metrics/external__external_candidate_bank_metrics.csv,base_ring_probability,float64,See the corresponding protocol/notebook; detailed definition to be finalized.
data/candidate_metrics/external__external_candidate_bank_metrics.csv,support_size,float64,See the corresponding protocol/notebook; detailed definition to be finalized.
data/candidate_metrics/external__external_candidate_bank_metrics.csv,preferred_emission_mass,float64,See the corresponding protocol/notebook; detailed definition to be finalized.
data/candidate_metrics/external__external_candidate_bank_metrics.csv,residual_floor_mix,float64,See the corresponding protocol/notebook; detailed definition to be finalized.
data/candidate_metrics/predictor_specific__candidate_metrics_with_context.csv,hmm_id,object,Stable HMM identifier.
data/candidate_metrics/predictor_specific__candidate_metrics_with_context.csv,source,object,See the corresponding protocol/notebook; detailed definition to be finalized.
data/candidate_metrics/predictor_specific__candidate_metrics_with_context.csv,cohort,object,See the corresponding protocol/notebook; detailed definition to be finalized.
data/candidate_metrics/predictor_specific__candidate_metrics_with_context.csv,K,int64,Number of hidden states.
data/candidate_metrics/predictor_specific__candidate_metrics_with_context.csv,bank_index,int64,See the corresponding protocol/notebook; detailed definition to be finalized.
data/candidate_metrics/predictor_specific__candidate_metrics_with_context.csv,alpha_t,float64,See the corresponding protocol/notebook; detailed definition to be finalized.
data/candidate_metrics/predictor_specific__candidate_metrics_with_context.csv,self_bias,float64,See the corresponding protocol/notebook; detailed definition to be finalized.
data/candidate_metrics/predictor_specific__candidate_metrics_with_context.csv,alpha_e,float64,See the corresponding protocol/notebook; detailed definition to be finalized.
data/candidate_metrics/predictor_specific__candidate_metrics_with_context.csv,gen_seed,int64,See the corresponding protocol/notebook; detailed definition to be finalized.
data/candidate_metrics/predictor_specific__candidate_metrics_with_context.csv,vocab_size,int64,See the corresponding protocol/notebook; detailed definition to be finalized.
data/candidate_metrics/predictor_specific__candidate_metrics_with_context.csv,min_stationary_prob,float64,See the corresponding protocol/notebook; detailed definition to be finalized.
data/candidate_metrics/predictor_specific__candidate_metrics_with_context.csv,min_symbol_prob,float64,See the corresponding protocol/notebook; detailed definition to be finalized.
data/candidate_metrics/predictor_specific__candidate_metrics_with_context.csv,bayes_ce_h1,float64,Exact Bayes cross-entropy for context length 1.
data/candidate_metrics/predictor_specific__candidate_metrics_with_context.csv,bayes_ce_h2,float64,See the corresponding protocol/notebook; detailed definition to be finalized.
data/candidate_metrics/predictor_specific__candidate_metrics_with_context.csv,bayes_ce_h3,float64,See the corresponding protocol/notebook; detailed definition to be finalized.
data/candidate_metrics/predictor_specific__candidate_metrics_with_context.csv,bayes_ce_h4,float64,Exact Bayes cross-entropy for context length 4.
data/candidate_metrics/predictor_specific__candidate_metrics_with_context.csv,bayes_gap_1_to_H,float64,See the corresponding protocol/notebook; detailed definition to be finalized.
data/candidate_metrics/predictor_specific__candidate_metrics_with_context.csv,context_gain_area,float64,Area between the Bayes context-response curve and its value at H.
data/candidate_metrics/predictor_specific__candidate_metrics_with_context.csv,pred_h4_m1_sv1,float64,See the corresponding protocol/notebook; detailed definition to be finalized.
data/candidate_metrics/predictor_specific__candidate_metrics_with_context.csv,pred_h4_m1_sv2,float64,See the corresponding protocol/notebook; detailed definition to be finalized.
data/candidate_metrics/predictor_specific__candidate_metrics_with_context.csv,pred_h4_m1_signal,float64,See the corresponding protocol/notebook; detailed definition to be finalized.
data/candidate_metrics/predictor_specific__candidate_metrics_with_context.csv,pred_h4_m1_effective_rank,float64,See the corresponding protocol/notebook; detailed definition to be finalized.
data/candidate_metrics/predictor_specific__candidate_metrics_with_context.csv,pred_h4_m1_numerical_rank,int64,See the corresponding protocol/notebook; detailed definition to be finalized.
data/candidate_metrics/predictor_specific__candidate_metrics_with_context.csv,pred_h4_m1_r90,int64,See the corresponding protocol/notebook; detailed definition to be finalized.
data/candidate_metrics/predictor_specific__candidate_metrics_with_context.csv,pred_h4_m1_sigma90,float64,See the corresponding protocol/notebook; detailed definition to be finalized.
data/candidate_metrics/predictor_specific__candidate_metrics_with_context.csv,pred_h4_m1_kappa90,float64,See the corresponding protocol/notebook; detailed definition to be finalized.
data/candidate_metrics/predictor_specific__candidate_metrics_with_context.csv,pred_h4_m1_r95,int64,See the corresponding protocol/notebook; detailed definition to be finalized.
data/candidate_metrics/predictor_specific__candidate_metrics_with_context.csv,pred_h4_m1_sigma95,float64,See the corresponding protocol/notebook; detailed definition to be finalized.
data/candidate_metrics/predictor_specific__candidate_metrics_with_context.csv,pred_h4_m1_kappa95,float64,See the corresponding protocol/notebook; detailed definition to be finalized.
data/candidate_metrics/predictor_specific__candidate_metrics_with_context.csv,pred_h4_m1_r99,int64,See the corresponding protocol/notebook; detailed definition to be finalized.
data/candidate_metrics/predictor_specific__candidate_metrics_with_context.csv,pred_h4_m1_sigma99,float64,See the corresponding protocol/notebook; detailed definition to be finalized.
data/candidate_metrics/predictor_specific__candidate_metrics_with_context.csv,pred_h4_m1_kappa99,float64,See the corresponding protocol/notebook; detailed definition to be finalized.
data/candidate_metrics/predictor_specific__candidate_metrics_with_context.csv,pred_h4_m2_sv1,float64,See the corresponding protocol/notebook; detailed definition to be finalized.
data/candidate_metrics/predictor_specific__candidate_metrics_with_context.csv,pred_h4_m2_sv2,float64,See the corresponding protocol/notebook; detailed definition to be finalized.
data/candidate_metrics/predictor_specific__candidate_metrics_with_context.csv,pred_h4_m2_signal,float64,See the corresponding protocol/notebook; detailed definition to be finalized.
data/candidate_metrics/predictor_specific__candidate_metrics_with_context.csv,pred_h4_m2_effective_rank,float64,See the corresponding protocol/notebook; detailed definition to be finalized.
data/candidate_metrics/predictor_specific__candidate_metrics_with_context.csv,pred_h4_m2_numerical_rank,int64,See the corresponding protocol/notebook; detailed definition to be finalized.
data/candidate_metrics/predictor_specific__candidate_metrics_with_context.csv,pred_h4_m2_r90,int64,See the corresponding protocol/notebook; detailed definition to be finalized.
data/candidate_metrics/predictor_specific__candidate_metrics_with_context.csv,pred_h4_m2_sigma90,float64,See the corresponding protocol/notebook; detailed definition to be finalized.
data/candidate_metrics/predictor_specific__candidate_metrics_with_context.csv,pred_h4_m2_kappa90,float64,See the corresponding protocol/notebook; detailed definition to be finalized.
data/candidate_metrics/predictor_specific__candidate_metrics_with_context.csv,pred_h4_m2_r95,int64,See the corresponding protocol/notebook; detailed definition to be finalized.
data/candidate_metrics/predictor_specific__candidate_metrics_with_context.csv,pred_h4_m2_sigma95,float64,See the corresponding protocol/notebook; detailed definition to be finalized.
data/candidate_metrics/predictor_specific__candidate_metrics_with_context.csv,pred_h4_m2_kappa95,float64,See the corresponding protocol/notebook; detailed definition to be finalized.
data/candidate_metrics/predictor_specific__candidate_metrics_with_context.csv,pred_h4_m2_r99,int64,See the corresponding protocol/notebook; detailed definition to be finalized.
data/candidate_metrics/predictor_specific__candidate_metrics_with_context.csv,pred_h4_m2_sigma99,float64,See the corresponding protocol/notebook; detailed definition to be finalized.
data/candidate_metrics/predictor_specific__candidate_metrics_with_context.csv,pred_h4_m2_kappa99,float64,See the corresponding protocol/notebook; detailed definition to be finalized.
data/candidate_metrics/predictor_specific__candidate_metrics_with_context.csv,lambda2_abs,float64,See the corresponding protocol/notebook; detailed definition to be finalized.
data/candidate_metrics/predictor_specific__candidate_metrics_with_context.csv,tau_hidden,float64,See the corresponding protocol/notebook; detailed definition to be finalized.
data/candidate_metrics/predictor_specific__candidate_metrics_with_context.csv,tau_observed_proxy,float64,See the corresponding protocol/notebook; detailed definition to be finalized.
data/candidate_metrics/predictor_specific__candidate_metrics_with_context.csv,pred_h4_m1_sv3,float64,See the corresponding protocol/notebook; detailed definition to be finalized.
data/candidate_metrics/predictor_specific__candidate_metrics_with_context.csv,pred_h4_m2_sv3,float64,See the corresponding protocol/notebook; detailed definition to be finalized.
data/candidate_metrics/predictor_specific__candidate_metrics_with_context.csv,pred_h4_m1_sv4,float64,See the corresponding protocol/notebook; detailed definition to be finalized.
data/candidate_metrics/predictor_specific__candidate_metrics_with_context.csv,pred_h4_m2_sv4,float64,See the corresponding protocol/notebook; detailed definition to be finalized.
data/candidate_metrics/predictor_specific__candidate_metrics_with_context.csv,pred_h4_m1_sv5,float64,See the corresponding protocol/notebook; detailed definition to be finalized.
data/candidate_metrics/predictor_specific__candidate_metrics_with_context.csv,pred_h4_m2_sv5,float64,See the corresponding protocol/notebook; detailed definition to be finalized.
data/candidate_metrics/predictor_specific__candidate_metrics_with_context.csv,symbol_entropy,float64,See the corresponding protocol/notebook; detailed definition to be finalized.
data/candidate_metrics/predictor_specific__candidate_metrics_with_context.csv,symbol_entropy_normalized,float64,See the corresponding protocol/notebook; detailed definition to be finalized.
data/candidate_metrics/predictor_specific__candidate_metrics_with_context.csv,max_symbol_prob,float64,See the corresponding protocol/notebook; detailed definition to be finalized.
data/candidate_metrics/predictor_specific__candidate_metrics_with_context.csv,min_symbol_prob_recomputed,float64,See the corresponding protocol/notebook; detailed definition to be finalized.
data/candidate_metrics/predictor_specific__candidate_metrics_with_context.csv,marginal_l2_from_uniform,float64,See the corresponding protocol/notebook; detailed definition to be finalized.
data/candidate_metrics/predictor_specific__candidate_metrics_with_context.csv,symbol_prob_0,float64,See the corresponding protocol/notebook; detailed definition to be finalized.
data/candidate_metrics/predictor_specific__candidate_metrics_with_context.csv,symbol_prob_1,float64,See the corresponding protocol/notebook; detailed definition to be finalized.
data/candidate_metrics/predictor_specific__candidate_metrics_with_context.csv,symbol_prob_2,float64,See the corresponding protocol/notebook; detailed definition to be finalized.
data/candidate_metrics/predictor_specific__candidate_metrics_with_context.csv,symbol_prob_3,float64,See the corresponding protocol/notebook; detailed definition to be finalized.
data/candidate_metrics/predictor_specific__candidate_metrics_with_context.csv,symbol_prob_4,float64,See the corresponding protocol/notebook; detailed definition to be finalized.
data/candidate_metrics/predictor_specific__candidate_metrics_with_context.csv,symbol_prob_5,float64,See the corresponding protocol/notebook; detailed definition to be finalized.
data/candidate_metrics/predictor_specific__candidate_metrics_with_context.csv,symbol_prob_6,float64,See the corresponding protocol/notebook; detailed definition to be finalized.
data/candidate_metrics/predictor_specific__candidate_metrics_with_context.csv,symbol_prob_7,float64,See the corresponding protocol/notebook; detailed definition to be finalized.
data/candidate_metrics/predictor_specific__candidate_metrics_with_context.csv,context_entropy_h1,float64,See the corresponding protocol/notebook; detailed definition to be finalized.
data/candidate_metrics/predictor_specific__candidate_metrics_with_context.csv,context_effective_count_h1,float64,See the corresponding protocol/notebook; detailed definition to be finalized.
data/candidate_metrics/predictor_specific__candidate_metrics_with_context.csv,context_support_h1,int64,See the corresponding protocol/notebook; detailed definition to be finalized.
data/candidate_metrics/predictor_specific__candidate_metrics_with_context.csv,context_max_prob_h1,float64,See the corresponding protocol/notebook; detailed definition to be finalized.
data/candidate_metrics/predictor_specific__candidate_metrics_with_context.csv,context_entropy_h2,float64,See the corresponding protocol/notebook; detailed definition to be finalized.
data/candidate_metrics/predictor_specific__candidate_metrics_with_context.csv,context_effective_count_h2,float64,See the corresponding protocol/notebook; detailed definition to be finalized.
data/candidate_metrics/predictor_specific__candidate_metrics_with_context.csv,context_support_h2,int64,See the corresponding protocol/notebook; detailed definition to be finalized.
data/candidate_metrics/predictor_specific__candidate_metrics_with_context.csv,context_max_prob_h2,float64,See the corresponding protocol/notebook; detailed definition to be finalized.
data/candidate_metrics/predictor_specific__candidate_metrics_with_context.csv,context_entropy_h3,float64,See the corresponding protocol/notebook; detailed definition to be finalized.
data/candidate_metrics/predictor_specific__candidate_metrics_with_context.csv,context_effective_count_h3,float64,See the corresponding protocol/notebook; detailed definition to be finalized.
data/candidate_metrics/predictor_specific__candidate_metrics_with_context.csv,context_support_h3,int64,See the corresponding protocol/notebook; detailed definition to be finalized.
data/candidate_metrics/predictor_specific__candidate_metrics_with_context.csv,context_max_prob_h3,float64,See the corresponding protocol/notebook; detailed definition to be finalized.
data/candidate_metrics/predictor_specific__candidate_metrics_with_context.csv,context_entropy_h4,float64,See the corresponding protocol/notebook; detailed definition to be finalized.
data/candidate_metrics/predictor_specific__candidate_metrics_with_context.csv,context_effective_count_h4,float64,See the corresponding protocol/notebook; detailed definition to be finalized.
data/candidate_metrics/predictor_specific__candidate_metrics_with_context.csv,context_support_h4,int64,See the corresponding protocol/notebook; detailed definition to be finalized.
data/candidate_metrics/predictor_specific__candidate_metrics_with_context.csv,context_max_prob_h4,float64,See the corresponding protocol/notebook; detailed definition to be finalized.
data/hmms/confirmatory/confirmatory_selected_hmm_metrics_full.csv,hmm_id,object,Stable HMM identifier.
data/hmms/confirmatory/confirmatory_selected_hmm_metrics_full.csv,source,object,See the corresponding protocol/notebook; detailed definition to be finalized.
data/hmms/confirmatory/confirmatory_selected_hmm_metrics_full.csv,cohort,object,See the corresponding protocol/notebook; detailed definition to be finalized.
data/hmms/confirmatory/confirmatory_selected_hmm_metrics_full.csv,K,int64,Number of hidden states.
data/hmms/confirmatory/confirmatory_selected_hmm_metrics_full.csv,bank_index,int64,See the corresponding protocol/notebook; detailed definition to be finalized.
data/hmms/confirmatory/confirmatory_selected_hmm_metrics_full.csv,alpha_t,float64,See the corresponding protocol/notebook; detailed definition to be finalized.
data/hmms/confirmatory/confirmatory_selected_hmm_metrics_full.csv,self_bias,float64,See the corresponding protocol/notebook; detailed definition to be finalized.
data/hmms/confirmatory/confirmatory_selected_hmm_metrics_full.csv,alpha_e,float64,See the corresponding protocol/notebook; detailed definition to be finalized.
data/hmms/confirmatory/confirmatory_selected_hmm_metrics_full.csv,gen_seed,int64,See the corresponding protocol/notebook; detailed definition to be finalized.
data/hmms/confirmatory/confirmatory_selected_hmm_metrics_full.csv,vocab_size,int64,See the corresponding protocol/notebook; detailed definition to be finalized.
data/hmms/confirmatory/confirmatory_selected_hmm_metrics_full.csv,min_stationary_prob,float64,See the corresponding protocol/notebook; detailed definition to be finalized.
data/hmms/confirmatory/confirmatory_selected_hmm_metrics_full.csv,min_symbol_prob,float64,See the corresponding protocol/notebook; detailed definition to be finalized.
data/hmms/confirmatory/confirmatory_selected_hmm_metrics_full.csv,bayes_ce_h1,float64,Exact Bayes cross-entropy for context length 1.
data/hmms/confirmatory/confirmatory_selected_hmm_metrics_full.csv,bayes_ce_h2,float64,See the corresponding protocol/notebook; detailed definition to be finalized.
data/hmms/confirmatory/confirmatory_selected_hmm_metrics_full.csv,bayes_ce_h3,float64,See the corresponding protocol/notebook; detailed definition to be finalized.
data/hmms/confirmatory/confirmatory_selected_hmm_metrics_full.csv,bayes_ce_h4,float64,Exact Bayes cross-entropy for context length 4.
data/hmms/confirmatory/confirmatory_selected_hmm_metrics_full.csv,bayes_gap_1_to_H,float64,See the corresponding protocol/notebook; detailed definition to be finalized.
data/hmms/confirmatory/confirmatory_selected_hmm_metrics_full.csv,context_gain_area,float64,Area between the Bayes context-response curve and its value at H.
data/hmms/confirmatory/confirmatory_selected_hmm_metrics_full.csv,pred_h4_m1_sv1,float64,See the corresponding protocol/notebook; detailed definition to be finalized.
data/hmms/confirmatory/confirmatory_selected_hmm_metrics_full.csv,pred_h4_m1_sv2,float64,See the corresponding protocol/notebook; detailed definition to be finalized.
data/hmms/confirmatory/confirmatory_selected_hmm_metrics_full.csv,pred_h4_m1_signal,float64,See the corresponding protocol/notebook; detailed definition to be finalized.
data/hmms/confirmatory/confirmatory_selected_hmm_metrics_full.csv,pred_h4_m1_effective_rank,float64,See the corresponding protocol/notebook; detailed definition to be finalized.
data/hmms/confirmatory/confirmatory_selected_hmm_metrics_full.csv,pred_h4_m1_numerical_rank,int64,See the corresponding protocol/notebook; detailed definition to be finalized.
data/hmms/confirmatory/confirmatory_selected_hmm_metrics_full.csv,pred_h4_m1_r90,int64,See the corresponding protocol/notebook; detailed definition to be finalized.
data/hmms/confirmatory/confirmatory_selected_hmm_metrics_full.csv,pred_h4_m1_sigma90,float64,See the corresponding protocol/notebook; detailed definition to be finalized.
data/hmms/confirmatory/confirmatory_selected_hmm_metrics_full.csv,pred_h4_m1_kappa90,float64,See the corresponding protocol/notebook; detailed definition to be finalized.
data/hmms/confirmatory/confirmatory_selected_hmm_metrics_full.csv,pred_h4_m1_r95,int64,See the corresponding protocol/notebook; detailed definition to be finalized.
data/hmms/confirmatory/confirmatory_selected_hmm_metrics_full.csv,pred_h4_m1_sigma95,float64,See the corresponding protocol/notebook; detailed definition to be finalized.
data/hmms/confirmatory/confirmatory_selected_hmm_metrics_full.csv,pred_h4_m1_kappa95,float64,See the corresponding protocol/notebook; detailed definition to be finalized.
data/hmms/confirmatory/confirmatory_selected_hmm_metrics_full.csv,pred_h4_m1_r99,int64,See the corresponding protocol/notebook; detailed definition to be finalized.
data/hmms/confirmatory/confirmatory_selected_hmm_metrics_full.csv,pred_h4_m1_sigma99,float64,See the corresponding protocol/notebook; detailed definition to be finalized.
data/hmms/confirmatory/confirmatory_selected_hmm_metrics_full.csv,pred_h4_m1_kappa99,float64,See the corresponding protocol/notebook; detailed definition to be finalized.
data/hmms/confirmatory/confirmatory_selected_hmm_metrics_full.csv,pred_h4_m2_sv1,float64,See the corresponding protocol/notebook; detailed definition to be finalized.
data/hmms/confirmatory/confirmatory_selected_hmm_metrics_full.csv,pred_h4_m2_sv2,float64,See the corresponding protocol/notebook; detailed definition to be finalized.
data/hmms/confirmatory/confirmatory_selected_hmm_metrics_full.csv,pred_h4_m2_signal,float64,See the corresponding protocol/notebook; detailed definition to be finalized.
data/hmms/confirmatory/confirmatory_selected_hmm_metrics_full.csv,pred_h4_m2_effective_rank,float64,See the corresponding protocol/notebook; detailed definition to be finalized.
data/hmms/confirmatory/confirmatory_selected_hmm_metrics_full.csv,pred_h4_m2_numerical_rank,int64,See the corresponding protocol/notebook; detailed definition to be finalized.
data/hmms/confirmatory/confirmatory_selected_hmm_metrics_full.csv,pred_h4_m2_r90,int64,See the corresponding protocol/notebook; detailed definition to be finalized.
data/hmms/confirmatory/confirmatory_selected_hmm_metrics_full.csv,pred_h4_m2_sigma90,float64,See the corresponding protocol/notebook; detailed definition to be finalized.
data/hmms/confirmatory/confirmatory_selected_hmm_metrics_full.csv,pred_h4_m2_kappa90,float64,See the corresponding protocol/notebook; detailed definition to be finalized.
data/hmms/confirmatory/confirmatory_selected_hmm_metrics_full.csv,pred_h4_m2_r95,int64,See the corresponding protocol/notebook; detailed definition to be finalized.
data/hmms/confirmatory/confirmatory_selected_hmm_metrics_full.csv,pred_h4_m2_sigma95,float64,See the corresponding protocol/notebook; detailed definition to be finalized.
data/hmms/confirmatory/confirmatory_selected_hmm_metrics_full.csv,pred_h4_m2_kappa95,float64,See the corresponding protocol/notebook; detailed definition to be finalized.
data/hmms/confirmatory/confirmatory_selected_hmm_metrics_full.csv,pred_h4_m2_r99,int64,See the corresponding protocol/notebook; detailed definition to be finalized.
data/hmms/confirmatory/confirmatory_selected_hmm_metrics_full.csv,pred_h4_m2_sigma99,float64,See the corresponding protocol/notebook; detailed definition to be finalized.
data/hmms/confirmatory/confirmatory_selected_hmm_metrics_full.csv,pred_h4_m2_kappa99,float64,See the corresponding protocol/notebook; detailed definition to be finalized.
data/hmms/confirmatory/confirmatory_selected_hmm_metrics_full.csv,lambda2_abs,float64,See the corresponding protocol/notebook; detailed definition to be finalized.
data/hmms/confirmatory/confirmatory_selected_hmm_metrics_full.csv,tau_hidden,float64,See the corresponding protocol/notebook; detailed definition to be finalized.
data/hmms/confirmatory/confirmatory_selected_hmm_metrics_full.csv,tau_observed_proxy,float64,See the corresponding protocol/notebook; detailed definition to be finalized.
data/hmms/confirmatory/confirmatory_selected_hmm_metrics_full.csv,pred_h4_m1_sv3,float64,See the corresponding protocol/notebook; detailed definition to be finalized.
data/hmms/confirmatory/confirmatory_selected_hmm_metrics_full.csv,pred_h4_m2_sv3,float64,See the corresponding protocol/notebook; detailed definition to be finalized.
data/hmms/confirmatory/confirmatory_selected_hmm_metrics_full.csv,pred_h4_m1_sv4,float64,See the corresponding protocol/notebook; detailed definition to be finalized.
data/hmms/confirmatory/confirmatory_selected_hmm_metrics_full.csv,pred_h4_m2_sv4,float64,See the corresponding protocol/notebook; detailed definition to be finalized.
data/hmms/confirmatory/confirmatory_selected_hmm_metrics_full.csv,pred_h4_m1_sv5,float64,See the corresponding protocol/notebook; detailed definition to be finalized.
data/hmms/confirmatory/confirmatory_selected_hmm_metrics_full.csv,pred_h4_m2_sv5,float64,See the corresponding protocol/notebook; detailed definition to be finalized.
data/hmms/confirmatory/confirmatory_selected_hmm_metrics_full.csv,symbol_entropy,float64,See the corresponding protocol/notebook; detailed definition to be finalized.
data/hmms/confirmatory/confirmatory_selected_hmm_metrics_full.csv,symbol_entropy_normalized,float64,See the corresponding protocol/notebook; detailed definition to be finalized.
data/hmms/confirmatory/confirmatory_selected_hmm_metrics_full.csv,max_symbol_prob,float64,See the corresponding protocol/notebook; detailed definition to be finalized.
data/hmms/confirmatory/confirmatory_selected_hmm_metrics_full.csv,min_symbol_prob_recomputed,float64,See the corresponding protocol/notebook; detailed definition to be finalized.
data/hmms/confirmatory/confirmatory_selected_hmm_metrics_full.csv,marginal_l2_from_uniform,float64,See the corresponding protocol/notebook; detailed definition to be finalized.
data/hmms/confirmatory/confirmatory_selected_hmm_metrics_full.csv,symbol_prob_0,float64,See the corresponding protocol/notebook; detailed definition to be finalized.
data/hmms/confirmatory/confirmatory_selected_hmm_metrics_full.csv,symbol_prob_1,float64,See the corresponding protocol/notebook; detailed definition to be finalized.
data/hmms/confirmatory/confirmatory_selected_hmm_metrics_full.csv,symbol_prob_2,float64,See the corresponding protocol/notebook; detailed definition to be finalized.
data/hmms/confirmatory/confirmatory_selected_hmm_metrics_full.csv,symbol_prob_3,float64,See the corresponding protocol/notebook; detailed definition to be finalized.
data/hmms/confirmatory/confirmatory_selected_hmm_metrics_full.csv,symbol_prob_4,float64,See the corresponding protocol/notebook; detailed definition to be finalized.
data/hmms/confirmatory/confirmatory_selected_hmm_metrics_full.csv,symbol_prob_5,float64,See the corresponding protocol/notebook; detailed definition to be finalized.
data/hmms/confirmatory/confirmatory_selected_hmm_metrics_full.csv,symbol_prob_6,float64,See the corresponding protocol/notebook; detailed definition to be finalized.
data/hmms/confirmatory/confirmatory_selected_hmm_metrics_full.csv,symbol_prob_7,float64,See the corresponding protocol/notebook; detailed definition to be finalized.
data/hmms/confirmatory/confirmatory_selected_hmm_metrics_full.csv,log_K,float64,See the corresponding protocol/notebook; detailed definition to be finalized.
data/hmms/confirmatory/confirmatory_selected_hmm_metrics_full.csv,log_gain,float64,See the corresponding protocol/notebook; detailed definition to be finalized.
data/hmms/confirmatory/confirmatory_selected_hmm_metrics_full.csv,rank_value,float64,See the corresponding protocol/notebook; detailed definition to be finalized.
data/hmms/confirmatory/confirmatory_selected_hmm_metrics_full.csv,log_rank,float64,See the corresponding protocol/notebook; detailed definition to be finalized.
data/hmms/confirmatory/confirmatory_selected_hmm_metrics_full.csv,neg_log_sigma,float64,See the corresponding protocol/notebook; detailed definition to be finalized.
data/hmms/confirmatory/confirmatory_selected_hmm_metrics_full.csv,log_tau,float64,See the corresponding protocol/notebook; detailed definition to be finalized.
data/hmms/confirmatory/confirmatory_selected_hmm_metrics_full.csv,log_min_symbol_prob,float64,See the corresponding protocol/notebook; detailed definition to be finalized.
data/hmms/confirmatory/confirmatory_selected_hmm_metrics_full.csv,log_signal,float64,See the corresponding protocol/notebook; detailed definition to be finalized.
data/hmms/confirmatory/confirmatory_selected_hmm_metrics_full.csv,selection_cluster,int64,See the corresponding protocol/notebook; detailed definition to be finalized.
data/hmms/confirmatory/confirmatory_selected_hmm_metrics_full.csv,distance_to_cluster_center,float64,See the corresponding protocol/notebook; detailed definition to be finalized.
data/hmms/confirmatory/confirmatory_selected_hmm_metrics_full.csv,cluster_size,int64,See the corresponding protocol/notebook; detailed definition to be finalized.
data/hmms/confirmatory/confirmatory_selected_hmm_metrics_full.csv,selection_protocol,object,See the corresponding protocol/notebook; detailed definition to be finalized.
data/hmms/confirmatory/confirmatory_selected_hmm_metrics_full.csv,pred_h4_m3_sv1,float64,See the corresponding protocol/notebook; detailed definition to be finalized.
data/hmms/confirmatory/confirmatory_selected_hmm_metrics_full.csv,pred_h4_m3_sv2,float64,See the corresponding protocol/notebook; detailed definition to be finalized.
data/hmms/confirmatory/confirmatory_selected_hmm_metrics_full.csv,pred_h4_m3_signal,float64,See the corresponding protocol/notebook; detailed definition to be finalized.
data/hmms/confirmatory/confirmatory_selected_hmm_metrics_full.csv,pred_h4_m3_effective_rank,float64,See the corresponding protocol/notebook; detailed definition to be finalized.
data/hmms/confirmatory/confirmatory_selected_hmm_metrics_full.csv,pred_h4_m3_numerical_rank,int64,See the corresponding protocol/notebook; detailed definition to be finalized.
data/hmms/confirmatory/confirmatory_selected_hmm_metrics_full.csv,pred_h4_m3_r90,int64,See the corresponding protocol/notebook; detailed definition to be finalized.
data/hmms/confirmatory/confirmatory_selected_hmm_metrics_full.csv,pred_h4_m3_sigma90,float64,See the corresponding protocol/notebook; detailed definition to be finalized.
data/hmms/confirmatory/confirmatory_selected_hmm_metrics_full.csv,pred_h4_m3_kappa90,float64,See the corresponding protocol/notebook; detailed definition to be finalized.
data/hmms/confirmatory/confirmatory_selected_hmm_metrics_full.csv,pred_h4_m3_r95,int64,See the corresponding protocol/notebook; detailed definition to be finalized.
data/hmms/confirmatory/confirmatory_selected_hmm_metrics_full.csv,pred_h4_m3_sigma95,float64,See the corresponding protocol/notebook; detailed definition to be finalized.
data/hmms/confirmatory/confirmatory_selected_hmm_metrics_full.csv,pred_h4_m3_kappa95,float64,See the corresponding protocol/notebook; detailed definition to be finalized.
data/hmms/confirmatory/confirmatory_selected_hmm_metrics_full.csv,pred_h4_m3_r99,int64,See the corresponding protocol/notebook; detailed definition to be finalized.
data/hmms/confirmatory/confirmatory_selected_hmm_metrics_full.csv,pred_h4_m3_sigma99,float64,See the corresponding protocol/notebook; detailed definition to be finalized.
data/hmms/confirmatory/confirmatory_selected_hmm_metrics_full.csv,pred_h4_m3_kappa99,float64,See the corresponding protocol/notebook; detailed definition to be finalized.
data/hmms/confirmatory/confirmatory_selected_hmm_metrics_full.csv,hmm_file,object,See the corresponding protocol/notebook; detailed definition to be finalized.
data/hmms/confirmatory/confirmatory_selected_hmm_metrics_full.csv,pred_h4_m3_sv3,float64,See the corresponding protocol/notebook; detailed definition to be finalized.
data/hmms/confirmatory/confirmatory_selected_hmm_metrics_full.csv,pred_h4_m3_sv4,float64,See the corresponding protocol/notebook; detailed definition to be finalized.
data/hmms/confirmatory/confirmatory_selected_hmm_metrics_full.csv,pred_h4_m3_sv5,float64,See the corresponding protocol/notebook; detailed definition to be finalized.
data/hmms/confirmatory/confirmatory_selected_hmms.csv,hmm_id,object,Stable HMM identifier.
data/hmms/confirmatory/confirmatory_selected_hmms.csv,source,object,See the corresponding protocol/notebook; detailed definition to be finalized.
data/hmms/confirmatory/confirmatory_selected_hmms.csv,cohort,object,See the corresponding protocol/notebook; detailed definition to be finalized.
data/hmms/confirmatory/confirmatory_selected_hmms.csv,K,int64,Number of hidden states.
data/hmms/confirmatory/confirmatory_selected_hmms.csv,bank_index,int64,See the corresponding protocol/notebook; detailed definition to be finalized.
data/hmms/confirmatory/confirmatory_selected_hmms.csv,alpha_t,float64,See the corresponding protocol/notebook; detailed definition to be finalized.
data/hmms/confirmatory/confirmatory_selected_hmms.csv,self_bias,float64,See the corresponding protocol/notebook; detailed definition to be finalized.
data/hmms/confirmatory/confirmatory_selected_hmms.csv,alpha_e,float64,See the corresponding protocol/notebook; detailed definition to be finalized.
data/hmms/confirmatory/confirmatory_selected_hmms.csv,gen_seed,int64,See the corresponding protocol/notebook; detailed definition to be finalized.
data/hmms/confirmatory/confirmatory_selected_hmms.csv,vocab_size,int64,See the corresponding protocol/notebook; detailed definition to be finalized.
data/hmms/confirmatory/confirmatory_selected_hmms.csv,min_stationary_prob,float64,See the corresponding protocol/notebook; detailed definition to be finalized.
data/hmms/confirmatory/confirmatory_selected_hmms.csv,min_symbol_prob,float64,See the corresponding protocol/notebook; detailed definition to be finalized.
data/hmms/confirmatory/confirmatory_selected_hmms.csv,bayes_ce_h1,float64,Exact Bayes cross-entropy for context length 1.
data/hmms/confirmatory/confirmatory_selected_hmms.csv,bayes_ce_h2,float64,See the corresponding protocol/notebook; detailed definition to be finalized.
data/hmms/confirmatory/confirmatory_selected_hmms.csv,bayes_ce_h3,float64,See the corresponding protocol/notebook; detailed definition to be finalized.
data/hmms/confirmatory/confirmatory_selected_hmms.csv,bayes_ce_h4,float64,Exact Bayes cross-entropy for context length 4.
data/hmms/confirmatory/confirmatory_selected_hmms.csv,bayes_gap_1_to_H,float64,See the corresponding protocol/notebook; detailed definition to be finalized.
data/hmms/confirmatory/confirmatory_selected_hmms.csv,context_gain_area,float64,Area between the Bayes context-response curve and its value at H.
data/hmms/confirmatory/confirmatory_selected_hmms.csv,pred_h4_m1_sv1,float64,See the corresponding protocol/notebook; detailed definition to be finalized.
data/hmms/confirmatory/confirmatory_selected_hmms.csv,pred_h4_m1_sv2,float64,See the corresponding protocol/notebook; detailed definition to be finalized.
data/hmms/confirmatory/confirmatory_selected_hmms.csv,pred_h4_m1_signal,float64,See the corresponding protocol/notebook; detailed definition to be finalized.
data/hmms/confirmatory/confirmatory_selected_hmms.csv,pred_h4_m1_effective_rank,float64,See the corresponding protocol/notebook; detailed definition to be finalized.
data/hmms/confirmatory/confirmatory_selected_hmms.csv,pred_h4_m1_numerical_rank,int64,See the corresponding protocol/notebook; detailed definition to be finalized.
data/hmms/confirmatory/confirmatory_selected_hmms.csv,pred_h4_m1_r90,int64,See the corresponding protocol/notebook; detailed definition to be finalized.
data/hmms/confirmatory/confirmatory_selected_hmms.csv,pred_h4_m1_sigma90,float64,See the corresponding protocol/notebook; detailed definition to be finalized.
data/hmms/confirmatory/confirmatory_selected_hmms.csv,pred_h4_m1_kappa90,float64,See the corresponding protocol/notebook; detailed definition to be finalized.
data/hmms/confirmatory/confirmatory_selected_hmms.csv,pred_h4_m1_r95,int64,See the corresponding protocol/notebook; detailed definition to be finalized.
data/hmms/confirmatory/confirmatory_selected_hmms.csv,pred_h4_m1_sigma95,float64,See the corresponding protocol/notebook; detailed definition to be finalized.
data/hmms/confirmatory/confirmatory_selected_hmms.csv,pred_h4_m1_kappa95,float64,See the corresponding protocol/notebook; detailed definition to be finalized.
data/hmms/confirmatory/confirmatory_selected_hmms.csv,pred_h4_m1_r99,int64,See the corresponding protocol/notebook; detailed definition to be finalized.
data/hmms/confirmatory/confirmatory_selected_hmms.csv,pred_h4_m1_sigma99,float64,See the corresponding protocol/notebook; detailed definition to be finalized.
data/hmms/confirmatory/confirmatory_selected_hmms.csv,pred_h4_m1_kappa99,float64,See the corresponding protocol/notebook; detailed definition to be finalized.
data/hmms/confirmatory/confirmatory_selected_hmms.csv,pred_h4_m2_sv1,float64,See the corresponding protocol/notebook; detailed definition to be finalized.
data/hmms/confirmatory/confirmatory_selected_hmms.csv,pred_h4_m2_sv2,float64,See the corresponding protocol/notebook; detailed definition to be finalized.
data/hmms/confirmatory/confirmatory_selected_hmms.csv,pred_h4_m2_signal,float64,See the corresponding protocol/notebook; detailed definition to be finalized.
data/hmms/confirmatory/confirmatory_selected_hmms.csv,pred_h4_m2_effective_rank,float64,See the corresponding protocol/notebook; detailed definition to be finalized.
data/hmms/confirmatory/confirmatory_selected_hmms.csv,pred_h4_m2_numerical_rank,int64,See the corresponding protocol/notebook; detailed definition to be finalized.
data/hmms/confirmatory/confirmatory_selected_hmms.csv,pred_h4_m2_r90,int64,See the corresponding protocol/notebook; detailed definition to be finalized.
data/hmms/confirmatory/confirmatory_selected_hmms.csv,pred_h4_m2_sigma90,float64,See the corresponding protocol/notebook; detailed definition to be finalized.
data/hmms/confirmatory/confirmatory_selected_hmms.csv,pred_h4_m2_kappa90,float64,See the corresponding protocol/notebook; detailed definition to be finalized.
data/hmms/confirmatory/confirmatory_selected_hmms.csv,pred_h4_m2_r95,int64,See the corresponding protocol/notebook; detailed definition to be finalized.
data/hmms/confirmatory/confirmatory_selected_hmms.csv,pred_h4_m2_sigma95,float64,See the corresponding protocol/notebook; detailed definition to be finalized.
data/hmms/confirmatory/confirmatory_selected_hmms.csv,pred_h4_m2_kappa95,float64,See the corresponding protocol/notebook; detailed definition to be finalized.
data/hmms/confirmatory/confirmatory_selected_hmms.csv,pred_h4_m2_r99,int64,See the corresponding protocol/notebook; detailed definition to be finalized.
data/hmms/confirmatory/confirmatory_selected_hmms.csv,pred_h4_m2_sigma99,float64,See the corresponding protocol/notebook; detailed definition to be finalized.
data/hmms/confirmatory/confirmatory_selected_hmms.csv,pred_h4_m2_kappa99,float64,See the corresponding protocol/notebook; detailed definition to be finalized.
data/hmms/confirmatory/confirmatory_selected_hmms.csv,lambda2_abs,float64,See the corresponding protocol/notebook; detailed definition to be finalized.
data/hmms/confirmatory/confirmatory_selected_hmms.csv,tau_hidden,float64,See the corresponding protocol/notebook; detailed definition to be finalized.
data/hmms/confirmatory/confirmatory_selected_hmms.csv,tau_observed_proxy,float64,See the corresponding protocol/notebook; detailed definition to be finalized.
data/hmms/confirmatory/confirmatory_selected_hmms.csv,pred_h4_m1_sv3,float64,See the corresponding protocol/notebook; detailed definition to be finalized.
data/hmms/confirmatory/confirmatory_selected_hmms.csv,pred_h4_m2_sv3,float64,See the corresponding protocol/notebook; detailed definition to be finalized.
data/hmms/confirmatory/confirmatory_selected_hmms.csv,pred_h4_m1_sv4,float64,See the corresponding protocol/notebook; detailed definition to be finalized.
data/hmms/confirmatory/confirmatory_selected_hmms.csv,pred_h4_m2_sv4,float64,See the corresponding protocol/notebook; detailed definition to be finalized.
data/hmms/confirmatory/confirmatory_selected_hmms.csv,pred_h4_m1_sv5,float64,See the corresponding protocol/notebook; detailed definition to be finalized.
data/hmms/confirmatory/confirmatory_selected_hmms.csv,pred_h4_m2_sv5,float64,See the corresponding protocol/notebook; detailed definition to be finalized.
data/hmms/confirmatory/confirmatory_selected_hmms.csv,symbol_entropy,float64,See the corresponding protocol/notebook; detailed definition to be finalized.
data/hmms/confirmatory/confirmatory_selected_hmms.csv,symbol_entropy_normalized,float64,See the corresponding protocol/notebook; detailed definition to be finalized.
data/hmms/confirmatory/confirmatory_selected_hmms.csv,max_symbol_prob,float64,See the corresponding protocol/notebook; detailed definition to be finalized.
data/hmms/confirmatory/confirmatory_selected_hmms.csv,min_symbol_prob_recomputed,float64,See the corresponding protocol/notebook; detailed definition to be finalized.
data/hmms/confirmatory/confirmatory_selected_hmms.csv,marginal_l2_from_uniform,float64,See the corresponding protocol/notebook; detailed definition to be finalized.
data/hmms/confirmatory/confirmatory_selected_hmms.csv,symbol_prob_0,float64,See the corresponding protocol/notebook; detailed definition to be finalized.
data/hmms/confirmatory/confirmatory_selected_hmms.csv,symbol_prob_1,float64,See the corresponding protocol/notebook; detailed definition to be finalized.
data/hmms/confirmatory/confirmatory_selected_hmms.csv,symbol_prob_2,float64,See the corresponding protocol/notebook; detailed definition to be finalized.
data/hmms/confirmatory/confirmatory_selected_hmms.csv,symbol_prob_3,float64,See the corresponding protocol/notebook; detailed definition to be finalized.
data/hmms/confirmatory/confirmatory_selected_hmms.csv,symbol_prob_4,float64,See the corresponding protocol/notebook; detailed definition to be finalized.
data/hmms/confirmatory/confirmatory_selected_hmms.csv,symbol_prob_5,float64,See the corresponding protocol/notebook; detailed definition to be finalized.
data/hmms/confirmatory/confirmatory_selected_hmms.csv,symbol_prob_6,float64,See the corresponding protocol/notebook; detailed definition to be finalized.
data/hmms/confirmatory/confirmatory_selected_hmms.csv,symbol_prob_7,float64,See the corresponding protocol/notebook; detailed definition to be finalized.
data/hmms/confirmatory/confirmatory_selected_hmms.csv,log_K,float64,See the corresponding protocol/notebook; detailed definition to be finalized.
data/hmms/confirmatory/confirmatory_selected_hmms.csv,log_gain,float64,See the corresponding protocol/notebook; detailed definition to be finalized.
data/hmms/confirmatory/confirmatory_selected_hmms.csv,rank_value,float64,See the corresponding protocol/notebook; detailed definition to be finalized.
data/hmms/confirmatory/confirmatory_selected_hmms.csv,log_rank,float64,See the corresponding protocol/notebook; detailed definition to be finalized.
data/hmms/confirmatory/confirmatory_selected_hmms.csv,neg_log_sigma,float64,See the corresponding protocol/notebook; detailed definition to be finalized.
data/hmms/confirmatory/confirmatory_selected_hmms.csv,log_tau,float64,See the corresponding protocol/notebook; detailed definition to be finalized.
data/hmms/confirmatory/confirmatory_selected_hmms.csv,log_min_symbol_prob,float64,See the corresponding protocol/notebook; detailed definition to be finalized.
data/hmms/confirmatory/confirmatory_selected_hmms.csv,log_signal,float64,See the corresponding protocol/notebook; detailed definition to be finalized.
data/hmms/confirmatory/confirmatory_selected_hmms.csv,selection_cluster,int64,See the corresponding protocol/notebook; detailed definition to be finalized.
data/hmms/confirmatory/confirmatory_selected_hmms.csv,distance_to_cluster_center,float64,See the corresponding protocol/notebook; detailed definition to be finalized.
data/hmms/confirmatory/confirmatory_selected_hmms.csv,cluster_size,int64,See the corresponding protocol/notebook; detailed definition to be finalized.
data/hmms/confirmatory/confirmatory_selected_hmms.csv,selection_protocol,object,See the corresponding protocol/notebook; detailed definition to be finalized.
data/hmms/confirmatory/selected_hmm_metrics_full.csv,hmm_id,object,Stable HMM identifier.
data/hmms/confirmatory/selected_hmm_metrics_full.csv,source,object,See the corresponding protocol/notebook; detailed definition to be finalized.
data/hmms/confirmatory/selected_hmm_metrics_full.csv,cohort,object,See the corresponding protocol/notebook; detailed definition to be finalized.
data/hmms/confirmatory/selected_hmm_metrics_full.csv,K,int64,Number of hidden states.
data/hmms/confirmatory/selected_hmm_metrics_full.csv,bank_index,int64,See the corresponding protocol/notebook; detailed definition to be finalized.
data/hmms/confirmatory/selected_hmm_metrics_full.csv,alpha_t,float64,See the corresponding protocol/notebook; detailed definition to be finalized.
data/hmms/confirmatory/selected_hmm_metrics_full.csv,self_bias,float64,See the corresponding protocol/notebook; detailed definition to be finalized.
data/hmms/confirmatory/selected_hmm_metrics_full.csv,alpha_e,float64,See the corresponding protocol/notebook; detailed definition to be finalized.
data/hmms/confirmatory/selected_hmm_metrics_full.csv,gen_seed,int64,See the corresponding protocol/notebook; detailed definition to be finalized.
data/hmms/confirmatory/selected_hmm_metrics_full.csv,vocab_size,int64,See the corresponding protocol/notebook; detailed definition to be finalized.
data/hmms/confirmatory/selected_hmm_metrics_full.csv,min_stationary_prob,float64,See the corresponding protocol/notebook; detailed definition to be finalized.
data/hmms/confirmatory/selected_hmm_metrics_full.csv,min_symbol_prob,float64,See the corresponding protocol/notebook; detailed definition to be finalized.
data/hmms/confirmatory/selected_hmm_metrics_full.csv,bayes_ce_h1,float64,Exact Bayes cross-entropy for context length 1.
data/hmms/confirmatory/selected_hmm_metrics_full.csv,bayes_ce_h2,float64,See the corresponding protocol/notebook; detailed definition to be finalized.
data/hmms/confirmatory/selected_hmm_metrics_full.csv,bayes_ce_h3,float64,See the corresponding protocol/notebook; detailed definition to be finalized.
data/hmms/confirmatory/selected_hmm_metrics_full.csv,bayes_ce_h4,float64,Exact Bayes cross-entropy for context length 4.
data/hmms/confirmatory/selected_hmm_metrics_full.csv,bayes_gap_1_to_H,float64,See the corresponding protocol/notebook; detailed definition to be finalized.
data/hmms/confirmatory/selected_hmm_metrics_full.csv,context_gain_area,float64,Area between the Bayes context-response curve and its value at H.
data/hmms/confirmatory/selected_hmm_metrics_full.csv,pred_h4_m1_sv1,float64,See the corresponding protocol/notebook; detailed definition to be finalized.
data/hmms/confirmatory/selected_hmm_metrics_full.csv,pred_h4_m1_sv2,float64,See the corresponding protocol/notebook; detailed definition to be finalized.
data/hmms/confirmatory/selected_hmm_metrics_full.csv,pred_h4_m1_signal,float64,See the corresponding protocol/notebook; detailed definition to be finalized.
data/hmms/confirmatory/selected_hmm_metrics_full.csv,pred_h4_m1_effective_rank,float64,See the corresponding protocol/notebook; detailed definition to be finalized.
data/hmms/confirmatory/selected_hmm_metrics_full.csv,pred_h4_m1_numerical_rank,int64,See the corresponding protocol/notebook; detailed definition to be finalized.
data/hmms/confirmatory/selected_hmm_metrics_full.csv,pred_h4_m1_r90,int64,See the corresponding protocol/notebook; detailed definition to be finalized.
data/hmms/confirmatory/selected_hmm_metrics_full.csv,pred_h4_m1_sigma90,float64,See the corresponding protocol/notebook; detailed definition to be finalized.
data/hmms/confirmatory/selected_hmm_metrics_full.csv,pred_h4_m1_kappa90,float64,See the corresponding protocol/notebook; detailed definition to be finalized.
data/hmms/confirmatory/selected_hmm_metrics_full.csv,pred_h4_m1_r95,int64,See the corresponding protocol/notebook; detailed definition to be finalized.
data/hmms/confirmatory/selected_hmm_metrics_full.csv,pred_h4_m1_sigma95,float64,See the corresponding protocol/notebook; detailed definition to be finalized.
data/hmms/confirmatory/selected_hmm_metrics_full.csv,pred_h4_m1_kappa95,float64,See the corresponding protocol/notebook; detailed definition to be finalized.
data/hmms/confirmatory/selected_hmm_metrics_full.csv,pred_h4_m1_r99,int64,See the corresponding protocol/notebook; detailed definition to be finalized.
data/hmms/confirmatory/selected_hmm_metrics_full.csv,pred_h4_m1_sigma99,float64,See the corresponding protocol/notebook; detailed definition to be finalized.
data/hmms/confirmatory/selected_hmm_metrics_full.csv,pred_h4_m1_kappa99,float64,See the corresponding protocol/notebook; detailed definition to be finalized.
data/hmms/confirmatory/selected_hmm_metrics_full.csv,pred_h4_m2_sv1,float64,See the corresponding protocol/notebook; detailed definition to be finalized.
data/hmms/confirmatory/selected_hmm_metrics_full.csv,pred_h4_m2_sv2,float64,See the corresponding protocol/notebook; detailed definition to be finalized.
data/hmms/confirmatory/selected_hmm_metrics_full.csv,pred_h4_m2_signal,float64,See the corresponding protocol/notebook; detailed definition to be finalized.
data/hmms/confirmatory/selected_hmm_metrics_full.csv,pred_h4_m2_effective_rank,float64,See the corresponding protocol/notebook; detailed definition to be finalized.
data/hmms/confirmatory/selected_hmm_metrics_full.csv,pred_h4_m2_numerical_rank,int64,See the corresponding protocol/notebook; detailed definition to be finalized.
data/hmms/confirmatory/selected_hmm_metrics_full.csv,pred_h4_m2_r90,int64,See the corresponding protocol/notebook; detailed definition to be finalized.
data/hmms/confirmatory/selected_hmm_metrics_full.csv,pred_h4_m2_sigma90,float64,See the corresponding protocol/notebook; detailed definition to be finalized.
data/hmms/confirmatory/selected_hmm_metrics_full.csv,pred_h4_m2_kappa90,float64,See the corresponding protocol/notebook; detailed definition to be finalized.
data/hmms/confirmatory/selected_hmm_metrics_full.csv,pred_h4_m2_r95,int64,See the corresponding protocol/notebook; detailed definition to be finalized.
data/hmms/confirmatory/selected_hmm_metrics_full.csv,pred_h4_m2_sigma95,float64,See the corresponding protocol/notebook; detailed definition to be finalized.
data/hmms/confirmatory/selected_hmm_metrics_full.csv,pred_h4_m2_kappa95,float64,See the corresponding protocol/notebook; detailed definition to be finalized.
data/hmms/confirmatory/selected_hmm_metrics_full.csv,pred_h4_m2_r99,int64,See the corresponding protocol/notebook; detailed definition to be finalized.
data/hmms/confirmatory/selected_hmm_metrics_full.csv,pred_h4_m2_sigma99,float64,See the corresponding protocol/notebook; detailed definition to be finalized.
data/hmms/confirmatory/selected_hmm_metrics_full.csv,pred_h4_m2_kappa99,float64,See the corresponding protocol/notebook; detailed definition to be finalized.
data/hmms/confirmatory/selected_hmm_metrics_full.csv,lambda2_abs,float64,See the corresponding protocol/notebook; detailed definition to be finalized.
data/hmms/confirmatory/selected_hmm_metrics_full.csv,tau_hidden,float64,See the corresponding protocol/notebook; detailed definition to be finalized.
data/hmms/confirmatory/selected_hmm_metrics_full.csv,tau_observed_proxy,float64,See the corresponding protocol/notebook; detailed definition to be finalized.
data/hmms/confirmatory/selected_hmm_metrics_full.csv,pred_h4_m1_sv3,float64,See the corresponding protocol/notebook; detailed definition to be finalized.
data/hmms/confirmatory/selected_hmm_metrics_full.csv,pred_h4_m2_sv3,float64,See the corresponding protocol/notebook; detailed definition to be finalized.
data/hmms/confirmatory/selected_hmm_metrics_full.csv,pred_h4_m1_sv4,float64,See the corresponding protocol/notebook; detailed definition to be finalized.
data/hmms/confirmatory/selected_hmm_metrics_full.csv,pred_h4_m2_sv4,float64,See the corresponding protocol/notebook; detailed definition to be finalized.
data/hmms/confirmatory/selected_hmm_metrics_full.csv,pred_h4_m1_sv5,float64,See the corresponding protocol/notebook; detailed definition to be finalized.
data/hmms/confirmatory/selected_hmm_metrics_full.csv,pred_h4_m2_sv5,float64,See the corresponding protocol/notebook; detailed definition to be finalized.
data/hmms/confirmatory/selected_hmm_metrics_full.csv,symbol_entropy,float64,See the corresponding protocol/notebook; detailed definition to be finalized.
data/hmms/confirmatory/selected_hmm_metrics_full.csv,symbol_entropy_normalized,float64,See the corresponding protocol/notebook; detailed definition to be finalized.
data/hmms/confirmatory/selected_hmm_metrics_full.csv,max_symbol_prob,float64,See the corresponding protocol/notebook; detailed definition to be finalized.
data/hmms/confirmatory/selected_hmm_metrics_full.csv,min_symbol_prob_recomputed,float64,See the corresponding protocol/notebook; detailed definition to be finalized.
data/hmms/confirmatory/selected_hmm_metrics_full.csv,marginal_l2_from_uniform,float64,See the corresponding protocol/notebook; detailed definition to be finalized.
data/hmms/confirmatory/selected_hmm_metrics_full.csv,symbol_prob_0,float64,See the corresponding protocol/notebook; detailed definition to be finalized.
data/hmms/confirmatory/selected_hmm_metrics_full.csv,symbol_prob_1,float64,See the corresponding protocol/notebook; detailed definition to be finalized.
data/hmms/confirmatory/selected_hmm_metrics_full.csv,symbol_prob_2,float64,See the corresponding protocol/notebook; detailed definition to be finalized.
data/hmms/confirmatory/selected_hmm_metrics_full.csv,symbol_prob_3,float64,See the corresponding protocol/notebook; detailed definition to be finalized.
data/hmms/confirmatory/selected_hmm_metrics_full.csv,symbol_prob_4,float64,See the corresponding protocol/notebook; detailed definition to be finalized.
data/hmms/confirmatory/selected_hmm_metrics_full.csv,symbol_prob_5,float64,See the corresponding protocol/notebook; detailed definition to be finalized.
data/hmms/confirmatory/selected_hmm_metrics_full.csv,symbol_prob_6,float64,See the corresponding protocol/notebook; detailed definition to be finalized.
data/hmms/confirmatory/selected_hmm_metrics_full.csv,symbol_prob_7,float64,See the corresponding protocol/notebook; detailed definition to be finalized.
data/hmms/confirmatory/selected_hmm_metrics_full.csv,log_K,float64,See the corresponding protocol/notebook; detailed definition to be finalized.
data/hmms/confirmatory/selected_hmm_metrics_full.csv,log_gain,float64,See the corresponding protocol/notebook; detailed definition to be finalized.
data/hmms/confirmatory/selected_hmm_metrics_full.csv,rank_value,float64,See the corresponding protocol/notebook; detailed definition to be finalized.
data/hmms/confirmatory/selected_hmm_metrics_full.csv,log_rank,float64,See the corresponding protocol/notebook; detailed definition to be finalized.
data/hmms/confirmatory/selected_hmm_metrics_full.csv,neg_log_sigma,float64,See the corresponding protocol/notebook; detailed definition to be finalized.
data/hmms/confirmatory/selected_hmm_metrics_full.csv,log_tau,float64,See the corresponding protocol/notebook; detailed definition to be finalized.
data/hmms/confirmatory/selected_hmm_metrics_full.csv,log_min_symbol_prob,float64,See the corresponding protocol/notebook; detailed definition to be finalized.
data/hmms/confirmatory/selected_hmm_metrics_full.csv,log_signal,float64,See the corresponding protocol/notebook; detailed definition to be finalized.
data/hmms/confirmatory/selected_hmm_metrics_full.csv,selection_cluster,int64,See the corresponding protocol/notebook; detailed definition to be finalized.
data/hmms/confirmatory/selected_hmm_metrics_full.csv,distance_to_cluster_center,float64,See the corresponding protocol/notebook; detailed definition to be finalized.
data/hmms/confirmatory/selected_hmm_metrics_full.csv,cluster_size,int64,See the corresponding protocol/notebook; detailed definition to be finalized.
data/hmms/confirmatory/selected_hmm_metrics_full.csv,selection_protocol,object,See the corresponding protocol/notebook; detailed definition to be finalized.
data/hmms/confirmatory/selected_hmm_metrics_full.csv,pred_h4_m3_sv1,float64,See the corresponding protocol/notebook; detailed definition to be finalized.
data/hmms/confirmatory/selected_hmm_metrics_full.csv,pred_h4_m3_sv2,float64,See the corresponding protocol/notebook; detailed definition to be finalized.
data/hmms/confirmatory/selected_hmm_metrics_full.csv,pred_h4_m3_signal,float64,See the corresponding protocol/notebook; detailed definition to be finalized.
data/hmms/confirmatory/selected_hmm_metrics_full.csv,pred_h4_m3_effective_rank,float64,See the corresponding protocol/notebook; detailed definition to be finalized.
data/hmms/confirmatory/selected_hmm_metrics_full.csv,pred_h4_m3_numerical_rank,int64,See the corresponding protocol/notebook; detailed definition to be finalized.
data/hmms/confirmatory/selected_hmm_metrics_full.csv,pred_h4_m3_r90,int64,See the corresponding protocol/notebook; detailed definition to be finalized.
data/hmms/confirmatory/selected_hmm_metrics_full.csv,pred_h4_m3_sigma90,float64,See the corresponding protocol/notebook; detailed definition to be finalized.
data/hmms/confirmatory/selected_hmm_metrics_full.csv,pred_h4_m3_kappa90,float64,See the corresponding protocol/notebook; detailed definition to be finalized.
data/hmms/confirmatory/selected_hmm_metrics_full.csv,pred_h4_m3_r95,int64,See the corresponding protocol/notebook; detailed definition to be finalized.
data/hmms/confirmatory/selected_hmm_metrics_full.csv,pred_h4_m3_sigma95,float64,See the corresponding protocol/notebook; detailed definition to be finalized.
data/hmms/confirmatory/selected_hmm_metrics_full.csv,pred_h4_m3_kappa95,float64,See the corresponding protocol/notebook; detailed definition to be finalized.
data/hmms/confirmatory/selected_hmm_metrics_full.csv,pred_h4_m3_r99,int64,See the corresponding protocol/notebook; detailed definition to be finalized.
data/hmms/confirmatory/selected_hmm_metrics_full.csv,pred_h4_m3_sigma99,float64,See the corresponding protocol/notebook; detailed definition to be finalized.
data/hmms/confirmatory/selected_hmm_metrics_full.csv,pred_h4_m3_kappa99,float64,See the corresponding protocol/notebook; detailed definition to be finalized.
data/hmms/confirmatory/selected_hmm_metrics_full.csv,hmm_file,object,See the corresponding protocol/notebook; detailed definition to be finalized.
data/hmms/confirmatory/selected_hmm_metrics_full.csv,pred_h4_m3_sv3,float64,See the corresponding protocol/notebook; detailed definition to be finalized.
data/hmms/confirmatory/selected_hmm_metrics_full.csv,pred_h4_m3_sv4,float64,See the corresponding protocol/notebook; detailed definition to be finalized.
data/hmms/confirmatory/selected_hmm_metrics_full.csv,pred_h4_m3_sv5,float64,See the corresponding protocol/notebook; detailed definition to be finalized.
data/hmms/external/external_selected_hmm_metrics_full.csv,hmm_id,object,Stable HMM identifier.
data/hmms/external/external_selected_hmm_metrics_full.csv,source,object,See the corresponding protocol/notebook; detailed definition to be finalized.
data/hmms/external/external_selected_hmm_metrics_full.csv,generator_family,object,See the corresponding protocol/notebook; detailed definition to be finalized.
data/hmms/external/external_selected_hmm_metrics_full.csv,K,int64,Number of hidden states.
data/hmms/external/external_selected_hmm_metrics_full.csv,accepted_index,int64,See the corresponding protocol/notebook; detailed definition to be finalized.
data/hmms/external/external_selected_hmm_metrics_full.csv,attempt_index,int64,See the corresponding protocol/notebook; detailed definition to be finalized.
data/hmms/external/external_selected_hmm_metrics_full.csv,gen_seed,int64,See the corresponding protocol/notebook; detailed definition to be finalized.
data/hmms/external/external_selected_hmm_metrics_full.csv,candidate_hmm_file,object,See the corresponding protocol/notebook; detailed definition to be finalized.
data/hmms/external/external_selected_hmm_metrics_full.csv,base_self_probability,float64,See the corresponding protocol/notebook; detailed definition to be finalized.
data/hmms/external/external_selected_hmm_metrics_full.csv,transition_logit_scale,float64,See the corresponding protocol/notebook; detailed definition to be finalized.
data/hmms/external/external_selected_hmm_metrics_full.csv,emission_logit_scale,float64,See the corresponding protocol/notebook; detailed definition to be finalized.
data/hmms/external/external_selected_hmm_metrics_full.csv,state_location_scale,float64,See the corresponding protocol/notebook; detailed definition to be finalized.
data/hmms/external/external_selected_hmm_metrics_full.csv,vocab_size,int64,See the corresponding protocol/notebook; detailed definition to be finalized.
data/hmms/external/external_selected_hmm_metrics_full.csv,min_stationary_prob,float64,See the corresponding protocol/notebook; detailed definition to be finalized.
data/hmms/external/external_selected_hmm_metrics_full.csv,min_symbol_prob,float64,See the corresponding protocol/notebook; detailed definition to be finalized.
data/hmms/external/external_selected_hmm_metrics_full.csv,bayes_ce_h1,float64,Exact Bayes cross-entropy for context length 1.
data/hmms/external/external_selected_hmm_metrics_full.csv,bayes_ce_h2,float64,See the corresponding protocol/notebook; detailed definition to be finalized.
data/hmms/external/external_selected_hmm_metrics_full.csv,bayes_ce_h3,float64,See the corresponding protocol/notebook; detailed definition to be finalized.
data/hmms/external/external_selected_hmm_metrics_full.csv,bayes_ce_h4,float64,Exact Bayes cross-entropy for context length 4.
data/hmms/external/external_selected_hmm_metrics_full.csv,bayes_gap_1_to_H,float64,See the corresponding protocol/notebook; detailed definition to be finalized.
data/hmms/external/external_selected_hmm_metrics_full.csv,context_gain_area,float64,Area between the Bayes context-response curve and its value at H.
data/hmms/external/external_selected_hmm_metrics_full.csv,pred_h4_m1_sv1,float64,See the corresponding protocol/notebook; detailed definition to be finalized.
data/hmms/external/external_selected_hmm_metrics_full.csv,pred_h4_m1_sv2,float64,See the corresponding protocol/notebook; detailed definition to be finalized.
data/hmms/external/external_selected_hmm_metrics_full.csv,pred_h4_m1_signal,float64,See the corresponding protocol/notebook; detailed definition to be finalized.
data/hmms/external/external_selected_hmm_metrics_full.csv,pred_h4_m1_effective_rank,float64,See the corresponding protocol/notebook; detailed definition to be finalized.
data/hmms/external/external_selected_hmm_metrics_full.csv,pred_h4_m1_numerical_rank,int64,See the corresponding protocol/notebook; detailed definition to be finalized.
data/hmms/external/external_selected_hmm_metrics_full.csv,pred_h4_m1_r90,int64,See the corresponding protocol/notebook; detailed definition to be finalized.
data/hmms/external/external_selected_hmm_metrics_full.csv,pred_h4_m1_sigma90,float64,See the corresponding protocol/notebook; detailed definition to be finalized.
data/hmms/external/external_selected_hmm_metrics_full.csv,pred_h4_m1_kappa90,float64,See the corresponding protocol/notebook; detailed definition to be finalized.
data/hmms/external/external_selected_hmm_metrics_full.csv,pred_h4_m1_r95,int64,See the corresponding protocol/notebook; detailed definition to be finalized.
data/hmms/external/external_selected_hmm_metrics_full.csv,pred_h4_m1_sigma95,float64,See the corresponding protocol/notebook; detailed definition to be finalized.
data/hmms/external/external_selected_hmm_metrics_full.csv,pred_h4_m1_kappa95,float64,See the corresponding protocol/notebook; detailed definition to be finalized.
data/hmms/external/external_selected_hmm_metrics_full.csv,pred_h4_m1_r99,int64,See the corresponding protocol/notebook; detailed definition to be finalized.
data/hmms/external/external_selected_hmm_metrics_full.csv,pred_h4_m1_sigma99,float64,See the corresponding protocol/notebook; detailed definition to be finalized.
data/hmms/external/external_selected_hmm_metrics_full.csv,pred_h4_m1_kappa99,float64,See the corresponding protocol/notebook; detailed definition to be finalized.
data/hmms/external/external_selected_hmm_metrics_full.csv,pred_h4_m2_sv1,float64,See the corresponding protocol/notebook; detailed definition to be finalized.
data/hmms/external/external_selected_hmm_metrics_full.csv,pred_h4_m2_sv2,float64,See the corresponding protocol/notebook; detailed definition to be finalized.
data/hmms/external/external_selected_hmm_metrics_full.csv,pred_h4_m2_signal,float64,See the corresponding protocol/notebook; detailed definition to be finalized.
data/hmms/external/external_selected_hmm_metrics_full.csv,pred_h4_m2_effective_rank,float64,See the corresponding protocol/notebook; detailed definition to be finalized.
data/hmms/external/external_selected_hmm_metrics_full.csv,pred_h4_m2_numerical_rank,int64,See the corresponding protocol/notebook; detailed definition to be finalized.
data/hmms/external/external_selected_hmm_metrics_full.csv,pred_h4_m2_r90,int64,See the corresponding protocol/notebook; detailed definition to be finalized.
data/hmms/external/external_selected_hmm_metrics_full.csv,pred_h4_m2_sigma90,float64,See the corresponding protocol/notebook; detailed definition to be finalized.
data/hmms/external/external_selected_hmm_metrics_full.csv,pred_h4_m2_kappa90,float64,See the corresponding protocol/notebook; detailed definition to be finalized.
data/hmms/external/external_selected_hmm_metrics_full.csv,pred_h4_m2_r95,int64,See the corresponding protocol/notebook; detailed definition to be finalized.
data/hmms/external/external_selected_hmm_metrics_full.csv,pred_h4_m2_sigma95,float64,See the corresponding protocol/notebook; detailed definition to be finalized.
data/hmms/external/external_selected_hmm_metrics_full.csv,pred_h4_m2_kappa95,float64,See the corresponding protocol/notebook; detailed definition to be finalized.
data/hmms/external/external_selected_hmm_metrics_full.csv,pred_h4_m2_r99,int64,See the corresponding protocol/notebook; detailed definition to be finalized.
data/hmms/external/external_selected_hmm_metrics_full.csv,pred_h4_m2_sigma99,float64,See the corresponding protocol/notebook; detailed definition to be finalized.
data/hmms/external/external_selected_hmm_metrics_full.csv,pred_h4_m2_kappa99,float64,See the corresponding protocol/notebook; detailed definition to be finalized.
data/hmms/external/external_selected_hmm_metrics_full.csv,pred_h4_m3_sv1,float64,See the corresponding protocol/notebook; detailed definition to be finalized.
data/hmms/external/external_selected_hmm_metrics_full.csv,pred_h4_m3_sv2,float64,See the corresponding protocol/notebook; detailed definition to be finalized.
data/hmms/external/external_selected_hmm_metrics_full.csv,pred_h4_m3_signal,float64,See the corresponding protocol/notebook; detailed definition to be finalized.
data/hmms/external/external_selected_hmm_metrics_full.csv,pred_h4_m3_effective_rank,float64,See the corresponding protocol/notebook; detailed definition to be finalized.
data/hmms/external/external_selected_hmm_metrics_full.csv,pred_h4_m3_numerical_rank,int64,See the corresponding protocol/notebook; detailed definition to be finalized.
data/hmms/external/external_selected_hmm_metrics_full.csv,pred_h4_m3_r90,int64,See the corresponding protocol/notebook; detailed definition to be finalized.
data/hmms/external/external_selected_hmm_metrics_full.csv,pred_h4_m3_sigma90,float64,See the corresponding protocol/notebook; detailed definition to be finalized.
data/hmms/external/external_selected_hmm_metrics_full.csv,pred_h4_m3_kappa90,float64,See the corresponding protocol/notebook; detailed definition to be finalized.
data/hmms/external/external_selected_hmm_metrics_full.csv,pred_h4_m3_r95,int64,See the corresponding protocol/notebook; detailed definition to be finalized.
data/hmms/external/external_selected_hmm_metrics_full.csv,pred_h4_m3_sigma95,float64,See the corresponding protocol/notebook; detailed definition to be finalized.
data/hmms/external/external_selected_hmm_metrics_full.csv,pred_h4_m3_kappa95,float64,See the corresponding protocol/notebook; detailed definition to be finalized.
data/hmms/external/external_selected_hmm_metrics_full.csv,pred_h4_m3_r99,int64,See the corresponding protocol/notebook; detailed definition to be finalized.
data/hmms/external/external_selected_hmm_metrics_full.csv,pred_h4_m3_sigma99,float64,See the corresponding protocol/notebook; detailed definition to be finalized.
data/hmms/external/external_selected_hmm_metrics_full.csv,pred_h4_m3_kappa99,float64,See the corresponding protocol/notebook; detailed definition to be finalized.
data/hmms/external/external_selected_hmm_metrics_full.csv,lambda2_abs,float64,See the corresponding protocol/notebook; detailed definition to be finalized.
data/hmms/external/external_selected_hmm_metrics_full.csv,tau_hidden,float64,See the corresponding protocol/notebook; detailed definition to be finalized.
data/hmms/external/external_selected_hmm_metrics_full.csv,tau_observed_proxy,float64,See the corresponding protocol/notebook; detailed definition to be finalized.
data/hmms/external/external_selected_hmm_metrics_full.csv,symbol_entropy,float64,See the corresponding protocol/notebook; detailed definition to be finalized.
data/hmms/external/external_selected_hmm_metrics_full.csv,symbol_entropy_normalized,float64,See the corresponding protocol/notebook; detailed definition to be finalized.
data/hmms/external/external_selected_hmm_metrics_full.csv,max_symbol_prob,float64,See the corresponding protocol/notebook; detailed definition to be finalized.
data/hmms/external/external_selected_hmm_metrics_full.csv,min_symbol_prob_recomputed,float64,See the corresponding protocol/notebook; detailed definition to be finalized.
data/hmms/external/external_selected_hmm_metrics_full.csv,marginal_l2_from_uniform,float64,See the corresponding protocol/notebook; detailed definition to be finalized.
data/hmms/external/external_selected_hmm_metrics_full.csv,symbol_prob_0,float64,See the corresponding protocol/notebook; detailed definition to be finalized.
data/hmms/external/external_selected_hmm_metrics_full.csv,symbol_prob_1,float64,See the corresponding protocol/notebook; detailed definition to be finalized.
data/hmms/external/external_selected_hmm_metrics_full.csv,symbol_prob_2,float64,See the corresponding protocol/notebook; detailed definition to be finalized.
data/hmms/external/external_selected_hmm_metrics_full.csv,symbol_prob_3,float64,See the corresponding protocol/notebook; detailed definition to be finalized.
data/hmms/external/external_selected_hmm_metrics_full.csv,symbol_prob_4,float64,See the corresponding protocol/notebook; detailed definition to be finalized.
data/hmms/external/external_selected_hmm_metrics_full.csv,symbol_prob_5,float64,See the corresponding protocol/notebook; detailed definition to be finalized.
data/hmms/external/external_selected_hmm_metrics_full.csv,symbol_prob_6,float64,See the corresponding protocol/notebook; detailed definition to be finalized.
data/hmms/external/external_selected_hmm_metrics_full.csv,symbol_prob_7,float64,See the corresponding protocol/notebook; detailed definition to be finalized.
data/hmms/external/external_selected_hmm_metrics_full.csv,mean_transition_self_probability,float64,See the corresponding protocol/notebook; detailed definition to be finalized.
data/hmms/external/external_selected_hmm_metrics_full.csv,stationary_transition_entropy,float64,See the corresponding protocol/notebook; detailed definition to be finalized.
data/hmms/external/external_selected_hmm_metrics_full.csv,transition_density_gt_0p01,float64,See the corresponding protocol/notebook; detailed definition to be finalized.
data/hmms/external/external_selected_hmm_metrics_full.csv,stationary_emission_entropy,float64,See the corresponding protocol/notebook; detailed definition to be finalized.
data/hmms/external/external_selected_hmm_metrics_full.csv,mean_state_max_emission_probability,float64,See the corresponding protocol/notebook; detailed definition to be finalized.
data/hmms/external/external_selected_hmm_metrics_full.csv,emission_density_gt_0p01,float64,See the corresponding protocol/notebook; detailed definition to be finalized.
data/hmms/external/external_selected_hmm_metrics_full.csv,pred_h4_m1_sv3,float64,See the corresponding protocol/notebook; detailed definition to be finalized.
data/hmms/external/external_selected_hmm_metrics_full.csv,pred_h4_m2_sv3,float64,See the corresponding protocol/notebook; detailed definition to be finalized.
data/hmms/external/external_selected_hmm_metrics_full.csv,pred_h4_m3_sv3,float64,See the corresponding protocol/notebook; detailed definition to be finalized.
data/hmms/external/external_selected_hmm_metrics_full.csv,pred_h4_m1_sv4,float64,See the corresponding protocol/notebook; detailed definition to be finalized.
data/hmms/external/external_selected_hmm_metrics_full.csv,pred_h4_m2_sv4,float64,See the corresponding protocol/notebook; detailed definition to be finalized.
data/hmms/external/external_selected_hmm_metrics_full.csv,pred_h4_m3_sv4,float64,See the corresponding protocol/notebook; detailed definition to be finalized.
data/hmms/external/external_selected_hmm_metrics_full.csv,pred_h4_m1_sv5,float64,See the corresponding protocol/notebook; detailed definition to be finalized.
data/hmms/external/external_selected_hmm_metrics_full.csv,pred_h4_m2_sv5,float64,See the corresponding protocol/notebook; detailed definition to be finalized.
data/hmms/external/external_selected_hmm_metrics_full.csv,pred_h4_m3_sv5,float64,See the corresponding protocol/notebook; detailed definition to be finalized.
data/hmms/external/external_selected_hmm_metrics_full.csv,base_ring_probability,float64,See the corresponding protocol/notebook; detailed definition to be finalized.
data/hmms/external/external_selected_hmm_metrics_full.csv,support_size,float64,See the corresponding protocol/notebook; detailed definition to be finalized.
data/hmms/external/external_selected_hmm_metrics_full.csv,preferred_emission_mass,float64,See the corresponding protocol/notebook; detailed definition to be finalized.
data/hmms/external/external_selected_hmm_metrics_full.csv,residual_floor_mix,float64,See the corresponding protocol/notebook; detailed definition to be finalized.
data/hmms/external/external_selected_hmm_metrics_full.csv,log_K,float64,See the corresponding protocol/notebook; detailed definition to be finalized.
data/hmms/external/external_selected_hmm_metrics_full.csv,log_gain,float64,See the corresponding protocol/notebook; detailed definition to be finalized.
data/hmms/external/external_selected_hmm_metrics_full.csv,rank_value,float64,See the corresponding protocol/notebook; detailed definition to be finalized.
data/hmms/external/external_selected_hmm_metrics_full.csv,log_rank,float64,See the corresponding protocol/notebook; detailed definition to be finalized.
data/hmms/external/external_selected_hmm_metrics_full.csv,neg_log_sigma,float64,See the corresponding protocol/notebook; detailed definition to be finalized.
data/hmms/external/external_selected_hmm_metrics_full.csv,log_tau,float64,See the corresponding protocol/notebook; detailed definition to be finalized.
data/hmms/external/external_selected_hmm_metrics_full.csv,log_min_symbol_prob,float64,See the corresponding protocol/notebook; detailed definition to be finalized.
data/hmms/external/external_selected_hmm_metrics_full.csv,log_signal,float64,See the corresponding protocol/notebook; detailed definition to be finalized.
data/hmms/external/external_selected_hmm_metrics_full.csv,selection_cluster,int64,See the corresponding protocol/notebook; detailed definition to be finalized.
data/hmms/external/external_selected_hmm_metrics_full.csv,selection_protocol,object,See the corresponding protocol/notebook; detailed definition to be finalized.
data/hmms/external/external_selected_hmm_metrics_full.csv,selection_order,int64,See the corresponding protocol/notebook; detailed definition to be finalized.
data/hmms/external/external_selected_hmm_metrics_full.csv,hmm_file,object,See the corresponding protocol/notebook; detailed definition to be finalized.
data/hmms/external/external_selected_hmms.csv,hmm_id,object,Stable HMM identifier.
data/hmms/external/external_selected_hmms.csv,source,object,See the corresponding protocol/notebook; detailed definition to be finalized.
data/hmms/external/external_selected_hmms.csv,generator_family,object,See the corresponding protocol/notebook; detailed definition to be finalized.
data/hmms/external/external_selected_hmms.csv,K,int64,Number of hidden states.
data/hmms/external/external_selected_hmms.csv,accepted_index,int64,See the corresponding protocol/notebook; detailed definition to be finalized.
data/hmms/external/external_selected_hmms.csv,attempt_index,int64,See the corresponding protocol/notebook; detailed definition to be finalized.
data/hmms/external/external_selected_hmms.csv,gen_seed,int64,See the corresponding protocol/notebook; detailed definition to be finalized.
data/hmms/external/external_selected_hmms.csv,candidate_hmm_file,object,See the corresponding protocol/notebook; detailed definition to be finalized.
data/hmms/external/external_selected_hmms.csv,base_self_probability,float64,See the corresponding protocol/notebook; detailed definition to be finalized.
data/hmms/external/external_selected_hmms.csv,transition_logit_scale,float64,See the corresponding protocol/notebook; detailed definition to be finalized.
data/hmms/external/external_selected_hmms.csv,emission_logit_scale,float64,See the corresponding protocol/notebook; detailed definition to be finalized.
data/hmms/external/external_selected_hmms.csv,state_location_scale,float64,See the corresponding protocol/notebook; detailed definition to be finalized.
data/hmms/external/external_selected_hmms.csv,vocab_size,int64,See the corresponding protocol/notebook; detailed definition to be finalized.
data/hmms/external/external_selected_hmms.csv,min_stationary_prob,float64,See the corresponding protocol/notebook; detailed definition to be finalized.
data/hmms/external/external_selected_hmms.csv,min_symbol_prob,float64,See the corresponding protocol/notebook; detailed definition to be finalized.
data/hmms/external/external_selected_hmms.csv,bayes_ce_h1,float64,Exact Bayes cross-entropy for context length 1.
data/hmms/external/external_selected_hmms.csv,bayes_ce_h2,float64,See the corresponding protocol/notebook; detailed definition to be finalized.
data/hmms/external/external_selected_hmms.csv,bayes_ce_h3,float64,See the corresponding protocol/notebook; detailed definition to be finalized.
data/hmms/external/external_selected_hmms.csv,bayes_ce_h4,float64,Exact Bayes cross-entropy for context length 4.
data/hmms/external/external_selected_hmms.csv,bayes_gap_1_to_H,float64,See the corresponding protocol/notebook; detailed definition to be finalized.
data/hmms/external/external_selected_hmms.csv,context_gain_area,float64,Area between the Bayes context-response curve and its value at H.
data/hmms/external/external_selected_hmms.csv,pred_h4_m1_sv1,float64,See the corresponding protocol/notebook; detailed definition to be finalized.
data/hmms/external/external_selected_hmms.csv,pred_h4_m1_sv2,float64,See the corresponding protocol/notebook; detailed definition to be finalized.
data/hmms/external/external_selected_hmms.csv,pred_h4_m1_signal,float64,See the corresponding protocol/notebook; detailed definition to be finalized.
data/hmms/external/external_selected_hmms.csv,pred_h4_m1_effective_rank,float64,See the corresponding protocol/notebook; detailed definition to be finalized.
data/hmms/external/external_selected_hmms.csv,pred_h4_m1_numerical_rank,int64,See the corresponding protocol/notebook; detailed definition to be finalized.
data/hmms/external/external_selected_hmms.csv,pred_h4_m1_r90,int64,See the corresponding protocol/notebook; detailed definition to be finalized.
data/hmms/external/external_selected_hmms.csv,pred_h4_m1_sigma90,float64,See the corresponding protocol/notebook; detailed definition to be finalized.
data/hmms/external/external_selected_hmms.csv,pred_h4_m1_kappa90,float64,See the corresponding protocol/notebook; detailed definition to be finalized.
data/hmms/external/external_selected_hmms.csv,pred_h4_m1_r95,int64,See the corresponding protocol/notebook; detailed definition to be finalized.
data/hmms/external/external_selected_hmms.csv,pred_h4_m1_sigma95,float64,See the corresponding protocol/notebook; detailed definition to be finalized.
data/hmms/external/external_selected_hmms.csv,pred_h4_m1_kappa95,float64,See the corresponding protocol/notebook; detailed definition to be finalized.
data/hmms/external/external_selected_hmms.csv,pred_h4_m1_r99,int64,See the corresponding protocol/notebook; detailed definition to be finalized.
data/hmms/external/external_selected_hmms.csv,pred_h4_m1_sigma99,float64,See the corresponding protocol/notebook; detailed definition to be finalized.
data/hmms/external/external_selected_hmms.csv,pred_h4_m1_kappa99,float64,See the corresponding protocol/notebook; detailed definition to be finalized.
data/hmms/external/external_selected_hmms.csv,pred_h4_m2_sv1,float64,See the corresponding protocol/notebook; detailed definition to be finalized.
data/hmms/external/external_selected_hmms.csv,pred_h4_m2_sv2,float64,See the corresponding protocol/notebook; detailed definition to be finalized.
data/hmms/external/external_selected_hmms.csv,pred_h4_m2_signal,float64,See the corresponding protocol/notebook; detailed definition to be finalized.
data/hmms/external/external_selected_hmms.csv,pred_h4_m2_effective_rank,float64,See the corresponding protocol/notebook; detailed definition to be finalized.
data/hmms/external/external_selected_hmms.csv,pred_h4_m2_numerical_rank,int64,See the corresponding protocol/notebook; detailed definition to be finalized.
data/hmms/external/external_selected_hmms.csv,pred_h4_m2_r90,int64,See the corresponding protocol/notebook; detailed definition to be finalized.
data/hmms/external/external_selected_hmms.csv,pred_h4_m2_sigma90,float64,See the corresponding protocol/notebook; detailed definition to be finalized.
data/hmms/external/external_selected_hmms.csv,pred_h4_m2_kappa90,float64,See the corresponding protocol/notebook; detailed definition to be finalized.
data/hmms/external/external_selected_hmms.csv,pred_h4_m2_r95,int64,See the corresponding protocol/notebook; detailed definition to be finalized.
data/hmms/external/external_selected_hmms.csv,pred_h4_m2_sigma95,float64,See the corresponding protocol/notebook; detailed definition to be finalized.
data/hmms/external/external_selected_hmms.csv,pred_h4_m2_kappa95,float64,See the corresponding protocol/notebook; detailed definition to be finalized.
data/hmms/external/external_selected_hmms.csv,pred_h4_m2_r99,int64,See the corresponding protocol/notebook; detailed definition to be finalized.
data/hmms/external/external_selected_hmms.csv,pred_h4_m2_sigma99,float64,See the corresponding protocol/notebook; detailed definition to be finalized.
data/hmms/external/external_selected_hmms.csv,pred_h4_m2_kappa99,float64,See the corresponding protocol/notebook; detailed definition to be finalized.
data/hmms/external/external_selected_hmms.csv,pred_h4_m3_sv1,float64,See the corresponding protocol/notebook; detailed definition to be finalized.
data/hmms/external/external_selected_hmms.csv,pred_h4_m3_sv2,float64,See the corresponding protocol/notebook; detailed definition to be finalized.
data/hmms/external/external_selected_hmms.csv,pred_h4_m3_signal,float64,See the corresponding protocol/notebook; detailed definition to be finalized.
data/hmms/external/external_selected_hmms.csv,pred_h4_m3_effective_rank,float64,See the corresponding protocol/notebook; detailed definition to be finalized.
data/hmms/external/external_selected_hmms.csv,pred_h4_m3_numerical_rank,int64,See the corresponding protocol/notebook; detailed definition to be finalized.
data/hmms/external/external_selected_hmms.csv,pred_h4_m3_r90,int64,See the corresponding protocol/notebook; detailed definition to be finalized.
data/hmms/external/external_selected_hmms.csv,pred_h4_m3_sigma90,float64,See the corresponding protocol/notebook; detailed definition to be finalized.
data/hmms/external/external_selected_hmms.csv,pred_h4_m3_kappa90,float64,See the corresponding protocol/notebook; detailed definition to be finalized.
data/hmms/external/external_selected_hmms.csv,pred_h4_m3_r95,int64,See the corresponding protocol/notebook; detailed definition to be finalized.
data/hmms/external/external_selected_hmms.csv,pred_h4_m3_sigma95,float64,See the corresponding protocol/notebook; detailed definition to be finalized.
data/hmms/external/external_selected_hmms.csv,pred_h4_m3_kappa95,float64,See the corresponding protocol/notebook; detailed definition to be finalized.
data/hmms/external/external_selected_hmms.csv,pred_h4_m3_r99,int64,See the corresponding protocol/notebook; detailed definition to be finalized.
data/hmms/external/external_selected_hmms.csv,pred_h4_m3_sigma99,float64,See the corresponding protocol/notebook; detailed definition to be finalized.
data/hmms/external/external_selected_hmms.csv,pred_h4_m3_kappa99,float64,See the corresponding protocol/notebook; detailed definition to be finalized.
data/hmms/external/external_selected_hmms.csv,lambda2_abs,float64,See the corresponding protocol/notebook; detailed definition to be finalized.
data/hmms/external/external_selected_hmms.csv,tau_hidden,float64,See the corresponding protocol/notebook; detailed definition to be finalized.
data/hmms/external/external_selected_hmms.csv,tau_observed_proxy,float64,See the corresponding protocol/notebook; detailed definition to be finalized.
data/hmms/external/external_selected_hmms.csv,symbol_entropy,float64,See the corresponding protocol/notebook; detailed definition to be finalized.
data/hmms/external/external_selected_hmms.csv,symbol_entropy_normalized,float64,See the corresponding protocol/notebook; detailed definition to be finalized.
data/hmms/external/external_selected_hmms.csv,max_symbol_prob,float64,See the corresponding protocol/notebook; detailed definition to be finalized.
data/hmms/external/external_selected_hmms.csv,min_symbol_prob_recomputed,float64,See the corresponding protocol/notebook; detailed definition to be finalized.
data/hmms/external/external_selected_hmms.csv,marginal_l2_from_uniform,float64,See the corresponding protocol/notebook; detailed definition to be finalized.
data/hmms/external/external_selected_hmms.csv,symbol_prob_0,float64,See the corresponding protocol/notebook; detailed definition to be finalized.
data/hmms/external/external_selected_hmms.csv,symbol_prob_1,float64,See the corresponding protocol/notebook; detailed definition to be finalized.
data/hmms/external/external_selected_hmms.csv,symbol_prob_2,float64,See the corresponding protocol/notebook; detailed definition to be finalized.
data/hmms/external/external_selected_hmms.csv,symbol_prob_3,float64,See the corresponding protocol/notebook; detailed definition to be finalized.
data/hmms/external/external_selected_hmms.csv,symbol_prob_4,float64,See the corresponding protocol/notebook; detailed definition to be finalized.
data/hmms/external/external_selected_hmms.csv,symbol_prob_5,float64,See the corresponding protocol/notebook; detailed definition to be finalized.
data/hmms/external/external_selected_hmms.csv,symbol_prob_6,float64,See the corresponding protocol/notebook; detailed definition to be finalized.
data/hmms/external/external_selected_hmms.csv,symbol_prob_7,float64,See the corresponding protocol/notebook; detailed definition to be finalized.
data/hmms/external/external_selected_hmms.csv,mean_transition_self_probability,float64,See the corresponding protocol/notebook; detailed definition to be finalized.
data/hmms/external/external_selected_hmms.csv,stationary_transition_entropy,float64,See the corresponding protocol/notebook; detailed definition to be finalized.
data/hmms/external/external_selected_hmms.csv,transition_density_gt_0p01,float64,See the corresponding protocol/notebook; detailed definition to be finalized.
data/hmms/external/external_selected_hmms.csv,stationary_emission_entropy,float64,See the corresponding protocol/notebook; detailed definition to be finalized.
data/hmms/external/external_selected_hmms.csv,mean_state_max_emission_probability,float64,See the corresponding protocol/notebook; detailed definition to be finalized.
data/hmms/external/external_selected_hmms.csv,emission_density_gt_0p01,float64,See the corresponding protocol/notebook; detailed definition to be finalized.
data/hmms/external/external_selected_hmms.csv,pred_h4_m1_sv3,float64,See the corresponding protocol/notebook; detailed definition to be finalized.
data/hmms/external/external_selected_hmms.csv,pred_h4_m2_sv3,float64,See the corresponding protocol/notebook; detailed definition to be finalized.
data/hmms/external/external_selected_hmms.csv,pred_h4_m3_sv3,float64,See the corresponding protocol/notebook; detailed definition to be finalized.
data/hmms/external/external_selected_hmms.csv,pred_h4_m1_sv4,float64,See the corresponding protocol/notebook; detailed definition to be finalized.
data/hmms/external/external_selected_hmms.csv,pred_h4_m2_sv4,float64,See the corresponding protocol/notebook; detailed definition to be finalized.
data/hmms/external/external_selected_hmms.csv,pred_h4_m3_sv4,float64,See the corresponding protocol/notebook; detailed definition to be finalized.
data/hmms/external/external_selected_hmms.csv,pred_h4_m1_sv5,float64,See the corresponding protocol/notebook; detailed definition to be finalized.
data/hmms/external/external_selected_hmms.csv,pred_h4_m2_sv5,float64,See the corresponding protocol/notebook; detailed definition to be finalized.
data/hmms/external/external_selected_hmms.csv,pred_h4_m3_sv5,float64,See the corresponding protocol/notebook; detailed definition to be finalized.
data/hmms/external/external_selected_hmms.csv,base_ring_probability,float64,See the corresponding protocol/notebook; detailed definition to be finalized.
data/hmms/external/external_selected_hmms.csv,support_size,float64,See the corresponding protocol/notebook; detailed definition to be finalized.
data/hmms/external/external_selected_hmms.csv,preferred_emission_mass,float64,See the corresponding protocol/notebook; detailed definition to be finalized.
data/hmms/external/external_selected_hmms.csv,residual_floor_mix,float64,See the corresponding protocol/notebook; detailed definition to be finalized.
data/hmms/external/external_selected_hmms.csv,log_K,float64,See the corresponding protocol/notebook; detailed definition to be finalized.
data/hmms/external/external_selected_hmms.csv,log_gain,float64,See the corresponding protocol/notebook; detailed definition to be finalized.
data/hmms/external/external_selected_hmms.csv,rank_value,float64,See the corresponding protocol/notebook; detailed definition to be finalized.
data/hmms/external/external_selected_hmms.csv,log_rank,float64,See the corresponding protocol/notebook; detailed definition to be finalized.
data/hmms/external/external_selected_hmms.csv,neg_log_sigma,float64,See the corresponding protocol/notebook; detailed definition to be finalized.
data/hmms/external/external_selected_hmms.csv,log_tau,float64,See the corresponding protocol/notebook; detailed definition to be finalized.
data/hmms/external/external_selected_hmms.csv,log_min_symbol_prob,float64,See the corresponding protocol/notebook; detailed definition to be finalized.
data/hmms/external/external_selected_hmms.csv,log_signal,float64,See the corresponding protocol/notebook; detailed definition to be finalized.
data/hmms/external/external_selected_hmms.csv,selection_cluster,int64,See the corresponding protocol/notebook; detailed definition to be finalized.
data/hmms/external/external_selected_hmms.csv,selection_protocol,object,See the corresponding protocol/notebook; detailed definition to be finalized.
data/hmms/external/external_selected_hmms.csv,selection_order,int64,See the corresponding protocol/notebook; detailed definition to be finalized.
data/hmms/predictor_specific/difficulty_matched_pairs.csv,contrast,object,Matched contrast type.
data/hmms/predictor_specific/difficulty_matched_pairs.csv,hmm_low,object,See the corresponding protocol/notebook; detailed definition to be finalized.
data/hmms/predictor_specific/difficulty_matched_pairs.csv,hmm_high,object,See the corresponding protocol/notebook; detailed definition to be finalized.
data/hmms/predictor_specific/difficulty_matched_pairs.csv,K,int64,Number of hidden states.
data/hmms/predictor_specific/difficulty_matched_pairs.csv,selection_score,float64,See the corresponding protocol/notebook; detailed definition to be finalized.
data/hmms/predictor_specific/difficulty_matched_pairs.csv,tier_index,int64,See the corresponding protocol/notebook; detailed definition to be finalized.
data/hmms/predictor_specific/difficulty_matched_pairs.csv,contrast_ratio,float64,See the corresponding protocol/notebook; detailed definition to be finalized.
data/hmms/predictor_specific/difficulty_matched_pairs.csv,control_distance,float64,See the corresponding protocol/notebook; detailed definition to be finalized.
data/hmms/predictor_specific/difficulty_matched_pairs.csv,rank_low,int64,See the corresponding protocol/notebook; detailed definition to be finalized.
data/hmms/predictor_specific/difficulty_matched_pairs.csv,rank_high,int64,See the corresponding protocol/notebook; detailed definition to be finalized.
data/hmms/predictor_specific/difficulty_matched_pairs.csv,gain_low,float64,See the corresponding protocol/notebook; detailed definition to be finalized.
data/hmms/predictor_specific/difficulty_matched_pairs.csv,gain_high,float64,See the corresponding protocol/notebook; detailed definition to be finalized.
data/hmms/predictor_specific/difficulty_matched_pairs.csv,gain_ratio,float64,See the corresponding protocol/notebook; detailed definition to be finalized.
data/hmms/predictor_specific/difficulty_matched_pairs.csv,occupancy_low,float64,See the corresponding protocol/notebook; detailed definition to be finalized.
data/hmms/predictor_specific/difficulty_matched_pairs.csv,occupancy_high,float64,See the corresponding protocol/notebook; detailed definition to be finalized.
data/hmms/predictor_specific/difficulty_matched_pairs.csv,occupancy_ratio,float64,See the corresponding protocol/notebook; detailed definition to be finalized.
data/hmms/predictor_specific/difficulty_matched_pairs.csv,entropy_low,float64,See the corresponding protocol/notebook; detailed definition to be finalized.
data/hmms/predictor_specific/difficulty_matched_pairs.csv,entropy_high,float64,See the corresponding protocol/notebook; detailed definition to be finalized.
data/hmms/predictor_specific/difficulty_matched_pairs.csv,entropy_difference,float64,See the corresponding protocol/notebook; detailed definition to be finalized.
data/hmms/predictor_specific/difficulty_matched_pairs.csv,minprob_low,float64,See the corresponding protocol/notebook; detailed definition to be finalized.
data/hmms/predictor_specific/difficulty_matched_pairs.csv,minprob_high,float64,See the corresponding protocol/notebook; detailed definition to be finalized.
data/hmms/predictor_specific/difficulty_matched_pairs.csv,minprob_ratio,float64,See the corresponding protocol/notebook; detailed definition to be finalized.
data/hmms/predictor_specific/difficulty_matched_pairs.csv,sigma_low,float64,See the corresponding protocol/notebook; detailed definition to be finalized.
data/hmms/predictor_specific/difficulty_matched_pairs.csv,sigma_high,float64,See the corresponding protocol/notebook; detailed definition to be finalized.
data/hmms/predictor_specific/difficulty_matched_pairs.csv,sigma_ratio,float64,See the corresponding protocol/notebook; detailed definition to be finalized.
data/hmms/predictor_specific/difficulty_matched_pairs.csv,tau_low,float64,See the corresponding protocol/notebook; detailed definition to be finalized.
data/hmms/predictor_specific/difficulty_matched_pairs.csv,tau_high,float64,See the corresponding protocol/notebook; detailed definition to be finalized.
data/hmms/predictor_specific/difficulty_matched_pairs.csv,tau_ratio,float64,See the corresponding protocol/notebook; detailed definition to be finalized.
data/hmms/predictor_specific/difficulty_matched_pairs.csv,bayes_ce_low,float64,See the corresponding protocol/notebook; detailed definition to be finalized.
data/hmms/predictor_specific/difficulty_matched_pairs.csv,bayes_ce_high,float64,See the corresponding protocol/notebook; detailed definition to be finalized.
data/hmms/predictor_specific/difficulty_matched_pairs.csv,bayes_ce_ratio,float64,See the corresponding protocol/notebook; detailed definition to be finalized.
data/hmms/predictor_specific/difficulty_matched_pairs.csv,signal_low,float64,See the corresponding protocol/notebook; detailed definition to be finalized.
data/hmms/predictor_specific/difficulty_matched_pairs.csv,signal_high,float64,See the corresponding protocol/notebook; detailed definition to be finalized.
data/hmms/predictor_specific/difficulty_matched_pairs.csv,signal_ratio,float64,See the corresponding protocol/notebook; detailed definition to be finalized.
data/hmms/predictor_specific/difficulty_matched_pairs.csv,matching_protocol,object,See the corresponding protocol/notebook; detailed definition to be finalized.
data/hmms/predictor_specific/difficulty_matched_pairs.csv,tier_parameters,object,See the corresponding protocol/notebook; detailed definition to be finalized.
data/hmms/predictor_specific/difficulty_matched_pairs.csv,pair_id,object,Matched-pair identifier.
data/hmms/predictor_specific/difficulty_selected_hmm_metrics_full.csv,hmm_id,object,Stable HMM identifier.
data/hmms/predictor_specific/difficulty_selected_hmm_metrics_full.csv,source,object,See the corresponding protocol/notebook; detailed definition to be finalized.
data/hmms/predictor_specific/difficulty_selected_hmm_metrics_full.csv,cohort,object,See the corresponding protocol/notebook; detailed definition to be finalized.
data/hmms/predictor_specific/difficulty_selected_hmm_metrics_full.csv,K,int64,Number of hidden states.
data/hmms/predictor_specific/difficulty_selected_hmm_metrics_full.csv,bank_index,int64,See the corresponding protocol/notebook; detailed definition to be finalized.
data/hmms/predictor_specific/difficulty_selected_hmm_metrics_full.csv,alpha_t,float64,See the corresponding protocol/notebook; detailed definition to be finalized.
data/hmms/predictor_specific/difficulty_selected_hmm_metrics_full.csv,self_bias,float64,See the corresponding protocol/notebook; detailed definition to be finalized.
data/hmms/predictor_specific/difficulty_selected_hmm_metrics_full.csv,alpha_e,float64,See the corresponding protocol/notebook; detailed definition to be finalized.
data/hmms/predictor_specific/difficulty_selected_hmm_metrics_full.csv,gen_seed,int64,See the corresponding protocol/notebook; detailed definition to be finalized.
data/hmms/predictor_specific/difficulty_selected_hmm_metrics_full.csv,vocab_size,int64,See the corresponding protocol/notebook; detailed definition to be finalized.
data/hmms/predictor_specific/difficulty_selected_hmm_metrics_full.csv,min_stationary_prob,float64,See the corresponding protocol/notebook; detailed definition to be finalized.
data/hmms/predictor_specific/difficulty_selected_hmm_metrics_full.csv,min_symbol_prob,float64,See the corresponding protocol/notebook; detailed definition to be finalized.
data/hmms/predictor_specific/difficulty_selected_hmm_metrics_full.csv,bayes_ce_h1,float64,Exact Bayes cross-entropy for context length 1.
data/hmms/predictor_specific/difficulty_selected_hmm_metrics_full.csv,bayes_ce_h2,float64,See the corresponding protocol/notebook; detailed definition to be finalized.
data/hmms/predictor_specific/difficulty_selected_hmm_metrics_full.csv,bayes_ce_h3,float64,See the corresponding protocol/notebook; detailed definition to be finalized.
data/hmms/predictor_specific/difficulty_selected_hmm_metrics_full.csv,bayes_ce_h4,float64,Exact Bayes cross-entropy for context length 4.
data/hmms/predictor_specific/difficulty_selected_hmm_metrics_full.csv,bayes_gap_1_to_H,float64,See the corresponding protocol/notebook; detailed definition to be finalized.
data/hmms/predictor_specific/difficulty_selected_hmm_metrics_full.csv,context_gain_area,float64,Area between the Bayes context-response curve and its value at H.
data/hmms/predictor_specific/difficulty_selected_hmm_metrics_full.csv,pred_h4_m1_sv1,float64,See the corresponding protocol/notebook; detailed definition to be finalized.
data/hmms/predictor_specific/difficulty_selected_hmm_metrics_full.csv,pred_h4_m1_sv2,float64,See the corresponding protocol/notebook; detailed definition to be finalized.
data/hmms/predictor_specific/difficulty_selected_hmm_metrics_full.csv,pred_h4_m1_signal,float64,See the corresponding protocol/notebook; detailed definition to be finalized.
data/hmms/predictor_specific/difficulty_selected_hmm_metrics_full.csv,pred_h4_m1_effective_rank,float64,See the corresponding protocol/notebook; detailed definition to be finalized.
data/hmms/predictor_specific/difficulty_selected_hmm_metrics_full.csv,pred_h4_m1_numerical_rank,int64,See the corresponding protocol/notebook; detailed definition to be finalized.
data/hmms/predictor_specific/difficulty_selected_hmm_metrics_full.csv,pred_h4_m1_r90,int64,See the corresponding protocol/notebook; detailed definition to be finalized.
data/hmms/predictor_specific/difficulty_selected_hmm_metrics_full.csv,pred_h4_m1_sigma90,float64,See the corresponding protocol/notebook; detailed definition to be finalized.
data/hmms/predictor_specific/difficulty_selected_hmm_metrics_full.csv,pred_h4_m1_kappa90,float64,See the corresponding protocol/notebook; detailed definition to be finalized.
data/hmms/predictor_specific/difficulty_selected_hmm_metrics_full.csv,pred_h4_m1_r95,int64,See the corresponding protocol/notebook; detailed definition to be finalized.
data/hmms/predictor_specific/difficulty_selected_hmm_metrics_full.csv,pred_h4_m1_sigma95,float64,See the corresponding protocol/notebook; detailed definition to be finalized.
data/hmms/predictor_specific/difficulty_selected_hmm_metrics_full.csv,pred_h4_m1_kappa95,float64,See the corresponding protocol/notebook; detailed definition to be finalized.
data/hmms/predictor_specific/difficulty_selected_hmm_metrics_full.csv,pred_h4_m1_r99,int64,See the corresponding protocol/notebook; detailed definition to be finalized.
data/hmms/predictor_specific/difficulty_selected_hmm_metrics_full.csv,pred_h4_m1_sigma99,float64,See the corresponding protocol/notebook; detailed definition to be finalized.
data/hmms/predictor_specific/difficulty_selected_hmm_metrics_full.csv,pred_h4_m1_kappa99,float64,See the corresponding protocol/notebook; detailed definition to be finalized.
data/hmms/predictor_specific/difficulty_selected_hmm_metrics_full.csv,pred_h4_m2_sv1,float64,See the corresponding protocol/notebook; detailed definition to be finalized.
data/hmms/predictor_specific/difficulty_selected_hmm_metrics_full.csv,pred_h4_m2_sv2,float64,See the corresponding protocol/notebook; detailed definition to be finalized.
data/hmms/predictor_specific/difficulty_selected_hmm_metrics_full.csv,pred_h4_m2_signal,float64,See the corresponding protocol/notebook; detailed definition to be finalized.
data/hmms/predictor_specific/difficulty_selected_hmm_metrics_full.csv,pred_h4_m2_effective_rank,float64,See the corresponding protocol/notebook; detailed definition to be finalized.
data/hmms/predictor_specific/difficulty_selected_hmm_metrics_full.csv,pred_h4_m2_numerical_rank,int64,See the corresponding protocol/notebook; detailed definition to be finalized.
data/hmms/predictor_specific/difficulty_selected_hmm_metrics_full.csv,pred_h4_m2_r90,int64,See the corresponding protocol/notebook; detailed definition to be finalized.
data/hmms/predictor_specific/difficulty_selected_hmm_metrics_full.csv,pred_h4_m2_sigma90,float64,See the corresponding protocol/notebook; detailed definition to be finalized.
data/hmms/predictor_specific/difficulty_selected_hmm_metrics_full.csv,pred_h4_m2_kappa90,float64,See the corresponding protocol/notebook; detailed definition to be finalized.
data/hmms/predictor_specific/difficulty_selected_hmm_metrics_full.csv,pred_h4_m2_r95,int64,See the corresponding protocol/notebook; detailed definition to be finalized.
data/hmms/predictor_specific/difficulty_selected_hmm_metrics_full.csv,pred_h4_m2_sigma95,float64,See the corresponding protocol/notebook; detailed definition to be finalized.
data/hmms/predictor_specific/difficulty_selected_hmm_metrics_full.csv,pred_h4_m2_kappa95,float64,See the corresponding protocol/notebook; detailed definition to be finalized.
data/hmms/predictor_specific/difficulty_selected_hmm_metrics_full.csv,pred_h4_m2_r99,int64,See the corresponding protocol/notebook; detailed definition to be finalized.
data/hmms/predictor_specific/difficulty_selected_hmm_metrics_full.csv,pred_h4_m2_sigma99,float64,See the corresponding protocol/notebook; detailed definition to be finalized.
data/hmms/predictor_specific/difficulty_selected_hmm_metrics_full.csv,pred_h4_m2_kappa99,float64,See the corresponding protocol/notebook; detailed definition to be finalized.
data/hmms/predictor_specific/difficulty_selected_hmm_metrics_full.csv,lambda2_abs,float64,See the corresponding protocol/notebook; detailed definition to be finalized.
data/hmms/predictor_specific/difficulty_selected_hmm_metrics_full.csv,tau_hidden,float64,See the corresponding protocol/notebook; detailed definition to be finalized.
data/hmms/predictor_specific/difficulty_selected_hmm_metrics_full.csv,tau_observed_proxy,float64,See the corresponding protocol/notebook; detailed definition to be finalized.
data/hmms/predictor_specific/difficulty_selected_hmm_metrics_full.csv,pred_h4_m1_sv3,float64,See the corresponding protocol/notebook; detailed definition to be finalized.
data/hmms/predictor_specific/difficulty_selected_hmm_metrics_full.csv,pred_h4_m2_sv3,float64,See the corresponding protocol/notebook; detailed definition to be finalized.
data/hmms/predictor_specific/difficulty_selected_hmm_metrics_full.csv,pred_h4_m1_sv4,float64,See the corresponding protocol/notebook; detailed definition to be finalized.
data/hmms/predictor_specific/difficulty_selected_hmm_metrics_full.csv,pred_h4_m2_sv4,float64,See the corresponding protocol/notebook; detailed definition to be finalized.
data/hmms/predictor_specific/difficulty_selected_hmm_metrics_full.csv,pred_h4_m1_sv5,float64,See the corresponding protocol/notebook; detailed definition to be finalized.
data/hmms/predictor_specific/difficulty_selected_hmm_metrics_full.csv,pred_h4_m2_sv5,float64,See the corresponding protocol/notebook; detailed definition to be finalized.
data/hmms/predictor_specific/difficulty_selected_hmm_metrics_full.csv,symbol_entropy,float64,See the corresponding protocol/notebook; detailed definition to be finalized.
data/hmms/predictor_specific/difficulty_selected_hmm_metrics_full.csv,symbol_entropy_normalized,float64,See the corresponding protocol/notebook; detailed definition to be finalized.
data/hmms/predictor_specific/difficulty_selected_hmm_metrics_full.csv,max_symbol_prob,float64,See the corresponding protocol/notebook; detailed definition to be finalized.
data/hmms/predictor_specific/difficulty_selected_hmm_metrics_full.csv,min_symbol_prob_recomputed,float64,See the corresponding protocol/notebook; detailed definition to be finalized.
data/hmms/predictor_specific/difficulty_selected_hmm_metrics_full.csv,marginal_l2_from_uniform,float64,See the corresponding protocol/notebook; detailed definition to be finalized.
data/hmms/predictor_specific/difficulty_selected_hmm_metrics_full.csv,symbol_prob_0,float64,See the corresponding protocol/notebook; detailed definition to be finalized.
data/hmms/predictor_specific/difficulty_selected_hmm_metrics_full.csv,symbol_prob_1,float64,See the corresponding protocol/notebook; detailed definition to be finalized.
data/hmms/predictor_specific/difficulty_selected_hmm_metrics_full.csv,symbol_prob_2,float64,See the corresponding protocol/notebook; detailed definition to be finalized.
data/hmms/predictor_specific/difficulty_selected_hmm_metrics_full.csv,symbol_prob_3,float64,See the corresponding protocol/notebook; detailed definition to be finalized.
data/hmms/predictor_specific/difficulty_selected_hmm_metrics_full.csv,symbol_prob_4,float64,See the corresponding protocol/notebook; detailed definition to be finalized.
data/hmms/predictor_specific/difficulty_selected_hmm_metrics_full.csv,symbol_prob_5,float64,See the corresponding protocol/notebook; detailed definition to be finalized.
data/hmms/predictor_specific/difficulty_selected_hmm_metrics_full.csv,symbol_prob_6,float64,See the corresponding protocol/notebook; detailed definition to be finalized.
data/hmms/predictor_specific/difficulty_selected_hmm_metrics_full.csv,symbol_prob_7,float64,See the corresponding protocol/notebook; detailed definition to be finalized.
data/hmms/predictor_specific/difficulty_selected_hmm_metrics_full.csv,context_entropy_h1,float64,See the corresponding protocol/notebook; detailed definition to be finalized.
data/hmms/predictor_specific/difficulty_selected_hmm_metrics_full.csv,context_effective_count_h1,float64,See the corresponding protocol/notebook; detailed definition to be finalized.
data/hmms/predictor_specific/difficulty_selected_hmm_metrics_full.csv,context_support_h1,int64,See the corresponding protocol/notebook; detailed definition to be finalized.
data/hmms/predictor_specific/difficulty_selected_hmm_metrics_full.csv,context_max_prob_h1,float64,See the corresponding protocol/notebook; detailed definition to be finalized.
data/hmms/predictor_specific/difficulty_selected_hmm_metrics_full.csv,context_entropy_h2,float64,See the corresponding protocol/notebook; detailed definition to be finalized.
data/hmms/predictor_specific/difficulty_selected_hmm_metrics_full.csv,context_effective_count_h2,float64,See the corresponding protocol/notebook; detailed definition to be finalized.
data/hmms/predictor_specific/difficulty_selected_hmm_metrics_full.csv,context_support_h2,int64,See the corresponding protocol/notebook; detailed definition to be finalized.
data/hmms/predictor_specific/difficulty_selected_hmm_metrics_full.csv,context_max_prob_h2,float64,See the corresponding protocol/notebook; detailed definition to be finalized.
data/hmms/predictor_specific/difficulty_selected_hmm_metrics_full.csv,context_entropy_h3,float64,See the corresponding protocol/notebook; detailed definition to be finalized.
data/hmms/predictor_specific/difficulty_selected_hmm_metrics_full.csv,context_effective_count_h3,float64,See the corresponding protocol/notebook; detailed definition to be finalized.
data/hmms/predictor_specific/difficulty_selected_hmm_metrics_full.csv,context_support_h3,int64,See the corresponding protocol/notebook; detailed definition to be finalized.
data/hmms/predictor_specific/difficulty_selected_hmm_metrics_full.csv,context_max_prob_h3,float64,See the corresponding protocol/notebook; detailed definition to be finalized.
data/hmms/predictor_specific/difficulty_selected_hmm_metrics_full.csv,context_entropy_h4,float64,See the corresponding protocol/notebook; detailed definition to be finalized.
data/hmms/predictor_specific/difficulty_selected_hmm_metrics_full.csv,context_effective_count_h4,float64,See the corresponding protocol/notebook; detailed definition to be finalized.
data/hmms/predictor_specific/difficulty_selected_hmm_metrics_full.csv,context_support_h4,int64,See the corresponding protocol/notebook; detailed definition to be finalized.
data/hmms/predictor_specific/difficulty_selected_hmm_metrics_full.csv,context_max_prob_h4,float64,See the corresponding protocol/notebook; detailed definition to be finalized.
data/hmms/predictor_specific/difficulty_selected_hmm_metrics_full.csv,pred_h4_m3_sv1,float64,See the corresponding protocol/notebook; detailed definition to be finalized.
data/hmms/predictor_specific/difficulty_selected_hmm_metrics_full.csv,pred_h4_m3_sv2,float64,See the corresponding protocol/notebook; detailed definition to be finalized.
data/hmms/predictor_specific/difficulty_selected_hmm_metrics_full.csv,pred_h4_m3_signal,float64,See the corresponding protocol/notebook; detailed definition to be finalized.
data/hmms/predictor_specific/difficulty_selected_hmm_metrics_full.csv,pred_h4_m3_effective_rank,float64,See the corresponding protocol/notebook; detailed definition to be finalized.
data/hmms/predictor_specific/difficulty_selected_hmm_metrics_full.csv,pred_h4_m3_numerical_rank,int64,See the corresponding protocol/notebook; detailed definition to be finalized.
data/hmms/predictor_specific/difficulty_selected_hmm_metrics_full.csv,pred_h4_m3_r90,int64,See the corresponding protocol/notebook; detailed definition to be finalized.
data/hmms/predictor_specific/difficulty_selected_hmm_metrics_full.csv,pred_h4_m3_sigma90,float64,See the corresponding protocol/notebook; detailed definition to be finalized.
data/hmms/predictor_specific/difficulty_selected_hmm_metrics_full.csv,pred_h4_m3_kappa90,float64,See the corresponding protocol/notebook; detailed definition to be finalized.
data/hmms/predictor_specific/difficulty_selected_hmm_metrics_full.csv,pred_h4_m3_r95,int64,See the corresponding protocol/notebook; detailed definition to be finalized.
data/hmms/predictor_specific/difficulty_selected_hmm_metrics_full.csv,pred_h4_m3_sigma95,float64,See the corresponding protocol/notebook; detailed definition to be finalized.
data/hmms/predictor_specific/difficulty_selected_hmm_metrics_full.csv,pred_h4_m3_kappa95,float64,See the corresponding protocol/notebook; detailed definition to be finalized.
data/hmms/predictor_specific/difficulty_selected_hmm_metrics_full.csv,pred_h4_m3_r99,int64,See the corresponding protocol/notebook; detailed definition to be finalized.
data/hmms/predictor_specific/difficulty_selected_hmm_metrics_full.csv,pred_h4_m3_sigma99,float64,See the corresponding protocol/notebook; detailed definition to be finalized.
data/hmms/predictor_specific/difficulty_selected_hmm_metrics_full.csv,pred_h4_m3_kappa99,float64,See the corresponding protocol/notebook; detailed definition to be finalized.
data/hmms/predictor_specific/difficulty_selected_hmm_metrics_full.csv,hmm_file,object,See the corresponding protocol/notebook; detailed definition to be finalized.
data/hmms/predictor_specific/difficulty_selected_hmm_metrics_full.csv,pred_h4_m3_sv3,float64,See the corresponding protocol/notebook; detailed definition to be finalized.
data/hmms/predictor_specific/difficulty_selected_hmm_metrics_full.csv,pred_h4_m3_sv4,float64,See the corresponding protocol/notebook; detailed definition to be finalized.
data/hmms/predictor_specific/difficulty_selected_hmm_metrics_full.csv,pred_h4_m3_sv5,float64,See the corresponding protocol/notebook; detailed definition to be finalized.
data/hmms/predictor_specific/difficulty_selected_hmm_metrics_full.csv,pair_id,object,Matched-pair identifier.
data/hmms/predictor_specific/difficulty_selected_hmm_metrics_full.csv,contrast,object,Matched contrast type.
data/hmms/predictor_specific/difficulty_selected_hmm_metrics_full.csv,pair_role,object,See the corresponding protocol/notebook; detailed definition to be finalized.
data/hmms/predictor_specific/difficulty_selected_hmm_metrics_full.csv,selection_order,int64,See the corresponding protocol/notebook; detailed definition to be finalized.
data/hmms/predictor_specific/difficulty_selected_hmms.csv,hmm_id,object,Stable HMM identifier.
data/hmms/predictor_specific/difficulty_selected_hmms.csv,source,object,See the corresponding protocol/notebook; detailed definition to be finalized.
data/hmms/predictor_specific/difficulty_selected_hmms.csv,cohort,object,See the corresponding protocol/notebook; detailed definition to be finalized.
data/hmms/predictor_specific/difficulty_selected_hmms.csv,K,int64,Number of hidden states.
data/hmms/predictor_specific/difficulty_selected_hmms.csv,bank_index,int64,See the corresponding protocol/notebook; detailed definition to be finalized.
data/hmms/predictor_specific/difficulty_selected_hmms.csv,alpha_t,float64,See the corresponding protocol/notebook; detailed definition to be finalized.
data/hmms/predictor_specific/difficulty_selected_hmms.csv,self_bias,float64,See the corresponding protocol/notebook; detailed definition to be finalized.
data/hmms/predictor_specific/difficulty_selected_hmms.csv,alpha_e,float64,See the corresponding protocol/notebook; detailed definition to be finalized.
data/hmms/predictor_specific/difficulty_selected_hmms.csv,gen_seed,int64,See the corresponding protocol/notebook; detailed definition to be finalized.
data/hmms/predictor_specific/difficulty_selected_hmms.csv,vocab_size,int64,See the corresponding protocol/notebook; detailed definition to be finalized.
data/hmms/predictor_specific/difficulty_selected_hmms.csv,min_stationary_prob,float64,See the corresponding protocol/notebook; detailed definition to be finalized.
data/hmms/predictor_specific/difficulty_selected_hmms.csv,min_symbol_prob,float64,See the corresponding protocol/notebook; detailed definition to be finalized.
data/hmms/predictor_specific/difficulty_selected_hmms.csv,bayes_ce_h1,float64,Exact Bayes cross-entropy for context length 1.
data/hmms/predictor_specific/difficulty_selected_hmms.csv,bayes_ce_h2,float64,See the corresponding protocol/notebook; detailed definition to be finalized.
data/hmms/predictor_specific/difficulty_selected_hmms.csv,bayes_ce_h3,float64,See the corresponding protocol/notebook; detailed definition to be finalized.
data/hmms/predictor_specific/difficulty_selected_hmms.csv,bayes_ce_h4,float64,Exact Bayes cross-entropy for context length 4.
data/hmms/predictor_specific/difficulty_selected_hmms.csv,bayes_gap_1_to_H,float64,See the corresponding protocol/notebook; detailed definition to be finalized.
data/hmms/predictor_specific/difficulty_selected_hmms.csv,context_gain_area,float64,Area between the Bayes context-response curve and its value at H.
data/hmms/predictor_specific/difficulty_selected_hmms.csv,pred_h4_m1_sv1,float64,See the corresponding protocol/notebook; detailed definition to be finalized.
data/hmms/predictor_specific/difficulty_selected_hmms.csv,pred_h4_m1_sv2,float64,See the corresponding protocol/notebook; detailed definition to be finalized.
data/hmms/predictor_specific/difficulty_selected_hmms.csv,pred_h4_m1_signal,float64,See the corresponding protocol/notebook; detailed definition to be finalized.
data/hmms/predictor_specific/difficulty_selected_hmms.csv,pred_h4_m1_effective_rank,float64,See the corresponding protocol/notebook; detailed definition to be finalized.
data/hmms/predictor_specific/difficulty_selected_hmms.csv,pred_h4_m1_numerical_rank,int64,See the corresponding protocol/notebook; detailed definition to be finalized.
data/hmms/predictor_specific/difficulty_selected_hmms.csv,pred_h4_m1_r90,int64,See the corresponding protocol/notebook; detailed definition to be finalized.
data/hmms/predictor_specific/difficulty_selected_hmms.csv,pred_h4_m1_sigma90,float64,See the corresponding protocol/notebook; detailed definition to be finalized.
data/hmms/predictor_specific/difficulty_selected_hmms.csv,pred_h4_m1_kappa90,float64,See the corresponding protocol/notebook; detailed definition to be finalized.
data/hmms/predictor_specific/difficulty_selected_hmms.csv,pred_h4_m1_r95,int64,See the corresponding protocol/notebook; detailed definition to be finalized.
data/hmms/predictor_specific/difficulty_selected_hmms.csv,pred_h4_m1_sigma95,float64,See the corresponding protocol/notebook; detailed definition to be finalized.
data/hmms/predictor_specific/difficulty_selected_hmms.csv,pred_h4_m1_kappa95,float64,See the corresponding protocol/notebook; detailed definition to be finalized.
data/hmms/predictor_specific/difficulty_selected_hmms.csv,pred_h4_m1_r99,int64,See the corresponding protocol/notebook; detailed definition to be finalized.
data/hmms/predictor_specific/difficulty_selected_hmms.csv,pred_h4_m1_sigma99,float64,See the corresponding protocol/notebook; detailed definition to be finalized.
data/hmms/predictor_specific/difficulty_selected_hmms.csv,pred_h4_m1_kappa99,float64,See the corresponding protocol/notebook; detailed definition to be finalized.
data/hmms/predictor_specific/difficulty_selected_hmms.csv,pred_h4_m2_sv1,float64,See the corresponding protocol/notebook; detailed definition to be finalized.
data/hmms/predictor_specific/difficulty_selected_hmms.csv,pred_h4_m2_sv2,float64,See the corresponding protocol/notebook; detailed definition to be finalized.
data/hmms/predictor_specific/difficulty_selected_hmms.csv,pred_h4_m2_signal,float64,See the corresponding protocol/notebook; detailed definition to be finalized.
data/hmms/predictor_specific/difficulty_selected_hmms.csv,pred_h4_m2_effective_rank,float64,See the corresponding protocol/notebook; detailed definition to be finalized.
data/hmms/predictor_specific/difficulty_selected_hmms.csv,pred_h4_m2_numerical_rank,int64,See the corresponding protocol/notebook; detailed definition to be finalized.
data/hmms/predictor_specific/difficulty_selected_hmms.csv,pred_h4_m2_r90,int64,See the corresponding protocol/notebook; detailed definition to be finalized.
data/hmms/predictor_specific/difficulty_selected_hmms.csv,pred_h4_m2_sigma90,float64,See the corresponding protocol/notebook; detailed definition to be finalized.
data/hmms/predictor_specific/difficulty_selected_hmms.csv,pred_h4_m2_kappa90,float64,See the corresponding protocol/notebook; detailed definition to be finalized.
data/hmms/predictor_specific/difficulty_selected_hmms.csv,pred_h4_m2_r95,int64,See the corresponding protocol/notebook; detailed definition to be finalized.
data/hmms/predictor_specific/difficulty_selected_hmms.csv,pred_h4_m2_sigma95,float64,See the corresponding protocol/notebook; detailed definition to be finalized.
data/hmms/predictor_specific/difficulty_selected_hmms.csv,pred_h4_m2_kappa95,float64,See the corresponding protocol/notebook; detailed definition to be finalized.
data/hmms/predictor_specific/difficulty_selected_hmms.csv,pred_h4_m2_r99,int64,See the corresponding protocol/notebook; detailed definition to be finalized.
data/hmms/predictor_specific/difficulty_selected_hmms.csv,pred_h4_m2_sigma99,float64,See the corresponding protocol/notebook; detailed definition to be finalized.
data/hmms/predictor_specific/difficulty_selected_hmms.csv,pred_h4_m2_kappa99,float64,See the corresponding protocol/notebook; detailed definition to be finalized.
data/hmms/predictor_specific/difficulty_selected_hmms.csv,lambda2_abs,float64,See the corresponding protocol/notebook; detailed definition to be finalized.
data/hmms/predictor_specific/difficulty_selected_hmms.csv,tau_hidden,float64,See the corresponding protocol/notebook; detailed definition to be finalized.
data/hmms/predictor_specific/difficulty_selected_hmms.csv,tau_observed_proxy,float64,See the corresponding protocol/notebook; detailed definition to be finalized.
data/hmms/predictor_specific/difficulty_selected_hmms.csv,pred_h4_m1_sv3,float64,See the corresponding protocol/notebook; detailed definition to be finalized.
data/hmms/predictor_specific/difficulty_selected_hmms.csv,pred_h4_m2_sv3,float64,See the corresponding protocol/notebook; detailed definition to be finalized.
data/hmms/predictor_specific/difficulty_selected_hmms.csv,pred_h4_m1_sv4,float64,See the corresponding protocol/notebook; detailed definition to be finalized.
data/hmms/predictor_specific/difficulty_selected_hmms.csv,pred_h4_m2_sv4,float64,See the corresponding protocol/notebook; detailed definition to be finalized.
data/hmms/predictor_specific/difficulty_selected_hmms.csv,pred_h4_m1_sv5,float64,See the corresponding protocol/notebook; detailed definition to be finalized.
data/hmms/predictor_specific/difficulty_selected_hmms.csv,pred_h4_m2_sv5,float64,See the corresponding protocol/notebook; detailed definition to be finalized.
data/hmms/predictor_specific/difficulty_selected_hmms.csv,symbol_entropy,float64,See the corresponding protocol/notebook; detailed definition to be finalized.
data/hmms/predictor_specific/difficulty_selected_hmms.csv,symbol_entropy_normalized,float64,See the corresponding protocol/notebook; detailed definition to be finalized.
data/hmms/predictor_specific/difficulty_selected_hmms.csv,max_symbol_prob,float64,See the corresponding protocol/notebook; detailed definition to be finalized.
data/hmms/predictor_specific/difficulty_selected_hmms.csv,min_symbol_prob_recomputed,float64,See the corresponding protocol/notebook; detailed definition to be finalized.
data/hmms/predictor_specific/difficulty_selected_hmms.csv,marginal_l2_from_uniform,float64,See the corresponding protocol/notebook; detailed definition to be finalized.
data/hmms/predictor_specific/difficulty_selected_hmms.csv,symbol_prob_0,float64,See the corresponding protocol/notebook; detailed definition to be finalized.
data/hmms/predictor_specific/difficulty_selected_hmms.csv,symbol_prob_1,float64,See the corresponding protocol/notebook; detailed definition to be finalized.
data/hmms/predictor_specific/difficulty_selected_hmms.csv,symbol_prob_2,float64,See the corresponding protocol/notebook; detailed definition to be finalized.
data/hmms/predictor_specific/difficulty_selected_hmms.csv,symbol_prob_3,float64,See the corresponding protocol/notebook; detailed definition to be finalized.
data/hmms/predictor_specific/difficulty_selected_hmms.csv,symbol_prob_4,float64,See the corresponding protocol/notebook; detailed definition to be finalized.
data/hmms/predictor_specific/difficulty_selected_hmms.csv,symbol_prob_5,float64,See the corresponding protocol/notebook; detailed definition to be finalized.
data/hmms/predictor_specific/difficulty_selected_hmms.csv,symbol_prob_6,float64,See the corresponding protocol/notebook; detailed definition to be finalized.
data/hmms/predictor_specific/difficulty_selected_hmms.csv,symbol_prob_7,float64,See the corresponding protocol/notebook; detailed definition to be finalized.
data/hmms/predictor_specific/difficulty_selected_hmms.csv,context_entropy_h1,float64,See the corresponding protocol/notebook; detailed definition to be finalized.
data/hmms/predictor_specific/difficulty_selected_hmms.csv,context_effective_count_h1,float64,See the corresponding protocol/notebook; detailed definition to be finalized.
data/hmms/predictor_specific/difficulty_selected_hmms.csv,context_support_h1,int64,See the corresponding protocol/notebook; detailed definition to be finalized.
data/hmms/predictor_specific/difficulty_selected_hmms.csv,context_max_prob_h1,float64,See the corresponding protocol/notebook; detailed definition to be finalized.
data/hmms/predictor_specific/difficulty_selected_hmms.csv,context_entropy_h2,float64,See the corresponding protocol/notebook; detailed definition to be finalized.
data/hmms/predictor_specific/difficulty_selected_hmms.csv,context_effective_count_h2,float64,See the corresponding protocol/notebook; detailed definition to be finalized.
data/hmms/predictor_specific/difficulty_selected_hmms.csv,context_support_h2,int64,See the corresponding protocol/notebook; detailed definition to be finalized.
data/hmms/predictor_specific/difficulty_selected_hmms.csv,context_max_prob_h2,float64,See the corresponding protocol/notebook; detailed definition to be finalized.
data/hmms/predictor_specific/difficulty_selected_hmms.csv,context_entropy_h3,float64,See the corresponding protocol/notebook; detailed definition to be finalized.
data/hmms/predictor_specific/difficulty_selected_hmms.csv,context_effective_count_h3,float64,See the corresponding protocol/notebook; detailed definition to be finalized.
data/hmms/predictor_specific/difficulty_selected_hmms.csv,context_support_h3,int64,See the corresponding protocol/notebook; detailed definition to be finalized.
data/hmms/predictor_specific/difficulty_selected_hmms.csv,context_max_prob_h3,float64,See the corresponding protocol/notebook; detailed definition to be finalized.
data/hmms/predictor_specific/difficulty_selected_hmms.csv,context_entropy_h4,float64,See the corresponding protocol/notebook; detailed definition to be finalized.
data/hmms/predictor_specific/difficulty_selected_hmms.csv,context_effective_count_h4,float64,See the corresponding protocol/notebook; detailed definition to be finalized.
data/hmms/predictor_specific/difficulty_selected_hmms.csv,context_support_h4,int64,See the corresponding protocol/notebook; detailed definition to be finalized.
data/hmms/predictor_specific/difficulty_selected_hmms.csv,context_max_prob_h4,float64,See the corresponding protocol/notebook; detailed definition to be finalized.
data/hmms/predictor_specific/difficulty_selected_hmms.csv,selection_order,int64,See the corresponding protocol/notebook; detailed definition to be finalized.
data/hmms/predictor_specific/difficulty_selected_hmms.csv,pair_id,object,Matched-pair identifier.
data/hmms/predictor_specific/difficulty_selected_hmms.csv,contrast,object,Matched contrast type.
data/hmms/predictor_specific/difficulty_selected_hmms.csv,pair_role,object,See the corresponding protocol/notebook; detailed definition to be finalized.
data/hmms/predictor_specific/selected_hmm_metrics_full.csv,hmm_id,object,Stable HMM identifier.
data/hmms/predictor_specific/selected_hmm_metrics_full.csv,source,object,See the corresponding protocol/notebook; detailed definition to be finalized.
data/hmms/predictor_specific/selected_hmm_metrics_full.csv,cohort,object,See the corresponding protocol/notebook; detailed definition to be finalized.
data/hmms/predictor_specific/selected_hmm_metrics_full.csv,K,int64,Number of hidden states.
data/hmms/predictor_specific/selected_hmm_metrics_full.csv,bank_index,int64,See the corresponding protocol/notebook; detailed definition to be finalized.
data/hmms/predictor_specific/selected_hmm_metrics_full.csv,alpha_t,float64,See the corresponding protocol/notebook; detailed definition to be finalized.
data/hmms/predictor_specific/selected_hmm_metrics_full.csv,self_bias,float64,See the corresponding protocol/notebook; detailed definition to be finalized.
data/hmms/predictor_specific/selected_hmm_metrics_full.csv,alpha_e,float64,See the corresponding protocol/notebook; detailed definition to be finalized.
data/hmms/predictor_specific/selected_hmm_metrics_full.csv,gen_seed,int64,See the corresponding protocol/notebook; detailed definition to be finalized.
data/hmms/predictor_specific/selected_hmm_metrics_full.csv,vocab_size,int64,See the corresponding protocol/notebook; detailed definition to be finalized.
data/hmms/predictor_specific/selected_hmm_metrics_full.csv,min_stationary_prob,float64,See the corresponding protocol/notebook; detailed definition to be finalized.
data/hmms/predictor_specific/selected_hmm_metrics_full.csv,min_symbol_prob,float64,See the corresponding protocol/notebook; detailed definition to be finalized.
data/hmms/predictor_specific/selected_hmm_metrics_full.csv,bayes_ce_h1,float64,Exact Bayes cross-entropy for context length 1.
data/hmms/predictor_specific/selected_hmm_metrics_full.csv,bayes_ce_h2,float64,See the corresponding protocol/notebook; detailed definition to be finalized.
data/hmms/predictor_specific/selected_hmm_metrics_full.csv,bayes_ce_h3,float64,See the corresponding protocol/notebook; detailed definition to be finalized.
data/hmms/predictor_specific/selected_hmm_metrics_full.csv,bayes_ce_h4,float64,Exact Bayes cross-entropy for context length 4.
data/hmms/predictor_specific/selected_hmm_metrics_full.csv,bayes_gap_1_to_H,float64,See the corresponding protocol/notebook; detailed definition to be finalized.
data/hmms/predictor_specific/selected_hmm_metrics_full.csv,context_gain_area,float64,Area between the Bayes context-response curve and its value at H.
data/hmms/predictor_specific/selected_hmm_metrics_full.csv,pred_h4_m1_sv1,float64,See the corresponding protocol/notebook; detailed definition to be finalized.
data/hmms/predictor_specific/selected_hmm_metrics_full.csv,pred_h4_m1_sv2,float64,See the corresponding protocol/notebook; detailed definition to be finalized.
data/hmms/predictor_specific/selected_hmm_metrics_full.csv,pred_h4_m1_signal,float64,See the corresponding protocol/notebook; detailed definition to be finalized.
data/hmms/predictor_specific/selected_hmm_metrics_full.csv,pred_h4_m1_effective_rank,float64,See the corresponding protocol/notebook; detailed definition to be finalized.
data/hmms/predictor_specific/selected_hmm_metrics_full.csv,pred_h4_m1_numerical_rank,int64,See the corresponding protocol/notebook; detailed definition to be finalized.
data/hmms/predictor_specific/selected_hmm_metrics_full.csv,pred_h4_m1_r90,int64,See the corresponding protocol/notebook; detailed definition to be finalized.
data/hmms/predictor_specific/selected_hmm_metrics_full.csv,pred_h4_m1_sigma90,float64,See the corresponding protocol/notebook; detailed definition to be finalized.
data/hmms/predictor_specific/selected_hmm_metrics_full.csv,pred_h4_m1_kappa90,float64,See the corresponding protocol/notebook; detailed definition to be finalized.
data/hmms/predictor_specific/selected_hmm_metrics_full.csv,pred_h4_m1_r95,int64,See the corresponding protocol/notebook; detailed definition to be finalized.
data/hmms/predictor_specific/selected_hmm_metrics_full.csv,pred_h4_m1_sigma95,float64,See the corresponding protocol/notebook; detailed definition to be finalized.
data/hmms/predictor_specific/selected_hmm_metrics_full.csv,pred_h4_m1_kappa95,float64,See the corresponding protocol/notebook; detailed definition to be finalized.
data/hmms/predictor_specific/selected_hmm_metrics_full.csv,pred_h4_m1_r99,int64,See the corresponding protocol/notebook; detailed definition to be finalized.
data/hmms/predictor_specific/selected_hmm_metrics_full.csv,pred_h4_m1_sigma99,float64,See the corresponding protocol/notebook; detailed definition to be finalized.
data/hmms/predictor_specific/selected_hmm_metrics_full.csv,pred_h4_m1_kappa99,float64,See the corresponding protocol/notebook; detailed definition to be finalized.
data/hmms/predictor_specific/selected_hmm_metrics_full.csv,pred_h4_m2_sv1,float64,See the corresponding protocol/notebook; detailed definition to be finalized.
data/hmms/predictor_specific/selected_hmm_metrics_full.csv,pred_h4_m2_sv2,float64,See the corresponding protocol/notebook; detailed definition to be finalized.
data/hmms/predictor_specific/selected_hmm_metrics_full.csv,pred_h4_m2_signal,float64,See the corresponding protocol/notebook; detailed definition to be finalized.
data/hmms/predictor_specific/selected_hmm_metrics_full.csv,pred_h4_m2_effective_rank,float64,See the corresponding protocol/notebook; detailed definition to be finalized.
data/hmms/predictor_specific/selected_hmm_metrics_full.csv,pred_h4_m2_numerical_rank,int64,See the corresponding protocol/notebook; detailed definition to be finalized.
data/hmms/predictor_specific/selected_hmm_metrics_full.csv,pred_h4_m2_r90,int64,See the corresponding protocol/notebook; detailed definition to be finalized.
data/hmms/predictor_specific/selected_hmm_metrics_full.csv,pred_h4_m2_sigma90,float64,See the corresponding protocol/notebook; detailed definition to be finalized.
data/hmms/predictor_specific/selected_hmm_metrics_full.csv,pred_h4_m2_kappa90,float64,See the corresponding protocol/notebook; detailed definition to be finalized.
data/hmms/predictor_specific/selected_hmm_metrics_full.csv,pred_h4_m2_r95,int64,See the corresponding protocol/notebook; detailed definition to be finalized.
data/hmms/predictor_specific/selected_hmm_metrics_full.csv,pred_h4_m2_sigma95,float64,See the corresponding protocol/notebook; detailed definition to be finalized.
data/hmms/predictor_specific/selected_hmm_metrics_full.csv,pred_h4_m2_kappa95,float64,See the corresponding protocol/notebook; detailed definition to be finalized.
data/hmms/predictor_specific/selected_hmm_metrics_full.csv,pred_h4_m2_r99,int64,See the corresponding protocol/notebook; detailed definition to be finalized.
data/hmms/predictor_specific/selected_hmm_metrics_full.csv,pred_h4_m2_sigma99,float64,See the corresponding protocol/notebook; detailed definition to be finalized.
data/hmms/predictor_specific/selected_hmm_metrics_full.csv,pred_h4_m2_kappa99,float64,See the corresponding protocol/notebook; detailed definition to be finalized.
data/hmms/predictor_specific/selected_hmm_metrics_full.csv,lambda2_abs,float64,See the corresponding protocol/notebook; detailed definition to be finalized.
data/hmms/predictor_specific/selected_hmm_metrics_full.csv,tau_hidden,float64,See the corresponding protocol/notebook; detailed definition to be finalized.
data/hmms/predictor_specific/selected_hmm_metrics_full.csv,tau_observed_proxy,float64,See the corresponding protocol/notebook; detailed definition to be finalized.
data/hmms/predictor_specific/selected_hmm_metrics_full.csv,pred_h4_m1_sv3,float64,See the corresponding protocol/notebook; detailed definition to be finalized.
data/hmms/predictor_specific/selected_hmm_metrics_full.csv,pred_h4_m2_sv3,float64,See the corresponding protocol/notebook; detailed definition to be finalized.
data/hmms/predictor_specific/selected_hmm_metrics_full.csv,pred_h4_m1_sv4,float64,See the corresponding protocol/notebook; detailed definition to be finalized.
data/hmms/predictor_specific/selected_hmm_metrics_full.csv,pred_h4_m2_sv4,float64,See the corresponding protocol/notebook; detailed definition to be finalized.
data/hmms/predictor_specific/selected_hmm_metrics_full.csv,pred_h4_m1_sv5,float64,See the corresponding protocol/notebook; detailed definition to be finalized.
data/hmms/predictor_specific/selected_hmm_metrics_full.csv,pred_h4_m2_sv5,float64,See the corresponding protocol/notebook; detailed definition to be finalized.
data/hmms/predictor_specific/selected_hmm_metrics_full.csv,symbol_entropy,float64,See the corresponding protocol/notebook; detailed definition to be finalized.
data/hmms/predictor_specific/selected_hmm_metrics_full.csv,symbol_entropy_normalized,float64,See the corresponding protocol/notebook; detailed definition to be finalized.
data/hmms/predictor_specific/selected_hmm_metrics_full.csv,max_symbol_prob,float64,See the corresponding protocol/notebook; detailed definition to be finalized.
data/hmms/predictor_specific/selected_hmm_metrics_full.csv,min_symbol_prob_recomputed,float64,See the corresponding protocol/notebook; detailed definition to be finalized.
data/hmms/predictor_specific/selected_hmm_metrics_full.csv,marginal_l2_from_uniform,float64,See the corresponding protocol/notebook; detailed definition to be finalized.
data/hmms/predictor_specific/selected_hmm_metrics_full.csv,symbol_prob_0,float64,See the corresponding protocol/notebook; detailed definition to be finalized.
data/hmms/predictor_specific/selected_hmm_metrics_full.csv,symbol_prob_1,float64,See the corresponding protocol/notebook; detailed definition to be finalized.
data/hmms/predictor_specific/selected_hmm_metrics_full.csv,symbol_prob_2,float64,See the corresponding protocol/notebook; detailed definition to be finalized.
data/hmms/predictor_specific/selected_hmm_metrics_full.csv,symbol_prob_3,float64,See the corresponding protocol/notebook; detailed definition to be finalized.
data/hmms/predictor_specific/selected_hmm_metrics_full.csv,symbol_prob_4,float64,See the corresponding protocol/notebook; detailed definition to be finalized.
data/hmms/predictor_specific/selected_hmm_metrics_full.csv,symbol_prob_5,float64,See the corresponding protocol/notebook; detailed definition to be finalized.
data/hmms/predictor_specific/selected_hmm_metrics_full.csv,symbol_prob_6,float64,See the corresponding protocol/notebook; detailed definition to be finalized.
data/hmms/predictor_specific/selected_hmm_metrics_full.csv,symbol_prob_7,float64,See the corresponding protocol/notebook; detailed definition to be finalized.
data/hmms/predictor_specific/selected_hmm_metrics_full.csv,context_entropy_h1,float64,See the corresponding protocol/notebook; detailed definition to be finalized.
data/hmms/predictor_specific/selected_hmm_metrics_full.csv,context_effective_count_h1,float64,See the corresponding protocol/notebook; detailed definition to be finalized.
data/hmms/predictor_specific/selected_hmm_metrics_full.csv,context_support_h1,int64,See the corresponding protocol/notebook; detailed definition to be finalized.
data/hmms/predictor_specific/selected_hmm_metrics_full.csv,context_max_prob_h1,float64,See the corresponding protocol/notebook; detailed definition to be finalized.
data/hmms/predictor_specific/selected_hmm_metrics_full.csv,context_entropy_h2,float64,See the corresponding protocol/notebook; detailed definition to be finalized.
data/hmms/predictor_specific/selected_hmm_metrics_full.csv,context_effective_count_h2,float64,See the corresponding protocol/notebook; detailed definition to be finalized.
data/hmms/predictor_specific/selected_hmm_metrics_full.csv,context_support_h2,int64,See the corresponding protocol/notebook; detailed definition to be finalized.
data/hmms/predictor_specific/selected_hmm_metrics_full.csv,context_max_prob_h2,float64,See the corresponding protocol/notebook; detailed definition to be finalized.
data/hmms/predictor_specific/selected_hmm_metrics_full.csv,context_entropy_h3,float64,See the corresponding protocol/notebook; detailed definition to be finalized.
data/hmms/predictor_specific/selected_hmm_metrics_full.csv,context_effective_count_h3,float64,See the corresponding protocol/notebook; detailed definition to be finalized.
data/hmms/predictor_specific/selected_hmm_metrics_full.csv,context_support_h3,int64,See the corresponding protocol/notebook; detailed definition to be finalized.
data/hmms/predictor_specific/selected_hmm_metrics_full.csv,context_max_prob_h3,float64,See the corresponding protocol/notebook; detailed definition to be finalized.
data/hmms/predictor_specific/selected_hmm_metrics_full.csv,context_entropy_h4,float64,See the corresponding protocol/notebook; detailed definition to be finalized.
data/hmms/predictor_specific/selected_hmm_metrics_full.csv,context_effective_count_h4,float64,See the corresponding protocol/notebook; detailed definition to be finalized.
data/hmms/predictor_specific/selected_hmm_metrics_full.csv,context_support_h4,int64,See the corresponding protocol/notebook; detailed definition to be finalized.
data/hmms/predictor_specific/selected_hmm_metrics_full.csv,context_max_prob_h4,float64,See the corresponding protocol/notebook; detailed definition to be finalized.
data/hmms/predictor_specific/selected_hmm_metrics_full.csv,selection_order,int64,See the corresponding protocol/notebook; detailed definition to be finalized.
data/hmms/predictor_specific/selected_hmm_metrics_full.csv,pair_id,object,Matched-pair identifier.
data/hmms/predictor_specific/selected_hmm_metrics_full.csv,contrast,object,Matched contrast type.
data/hmms/predictor_specific/selected_hmm_metrics_full.csv,pair_role,object,See the corresponding protocol/notebook; detailed definition to be finalized.
data/hmms/predictor_specific/selected_hmm_metrics_full.csv,pred_h4_m3_sv1,float64,See the corresponding protocol/notebook; detailed definition to be finalized.
data/hmms/predictor_specific/selected_hmm_metrics_full.csv,pred_h4_m3_sv2,float64,See the corresponding protocol/notebook; detailed definition to be finalized.
data/hmms/predictor_specific/selected_hmm_metrics_full.csv,pred_h4_m3_signal,float64,See the corresponding protocol/notebook; detailed definition to be finalized.
data/hmms/predictor_specific/selected_hmm_metrics_full.csv,pred_h4_m3_effective_rank,float64,See the corresponding protocol/notebook; detailed definition to be finalized.
data/hmms/predictor_specific/selected_hmm_metrics_full.csv,pred_h4_m3_numerical_rank,int64,See the corresponding protocol/notebook; detailed definition to be finalized.
data/hmms/predictor_specific/selected_hmm_metrics_full.csv,pred_h4_m3_r90,int64,See the corresponding protocol/notebook; detailed definition to be finalized.
data/hmms/predictor_specific/selected_hmm_metrics_full.csv,pred_h4_m3_sigma90,float64,See the corresponding protocol/notebook; detailed definition to be finalized.
data/hmms/predictor_specific/selected_hmm_metrics_full.csv,pred_h4_m3_kappa90,float64,See the corresponding protocol/notebook; detailed definition to be finalized.
data/hmms/predictor_specific/selected_hmm_metrics_full.csv,pred_h4_m3_r95,int64,See the corresponding protocol/notebook; detailed definition to be finalized.
data/hmms/predictor_specific/selected_hmm_metrics_full.csv,pred_h4_m3_sigma95,float64,See the corresponding protocol/notebook; detailed definition to be finalized.
data/hmms/predictor_specific/selected_hmm_metrics_full.csv,pred_h4_m3_kappa95,float64,See the corresponding protocol/notebook; detailed definition to be finalized.
data/hmms/predictor_specific/selected_hmm_metrics_full.csv,pred_h4_m3_r99,int64,See the corresponding protocol/notebook; detailed definition to be finalized.
data/hmms/predictor_specific/selected_hmm_metrics_full.csv,pred_h4_m3_sigma99,float64,See the corresponding protocol/notebook; detailed definition to be finalized.
data/hmms/predictor_specific/selected_hmm_metrics_full.csv,pred_h4_m3_kappa99,float64,See the corresponding protocol/notebook; detailed definition to be finalized.
data/hmms/predictor_specific/selected_hmm_metrics_full.csv,hmm_file,object,See the corresponding protocol/notebook; detailed definition to be finalized.
data/hmms/predictor_specific/selected_hmm_metrics_full.csv,pred_h4_m3_sv3,float64,See the corresponding protocol/notebook; detailed definition to be finalized.
data/hmms/predictor_specific/selected_hmm_metrics_full.csv,pred_h4_m3_sv4,float64,See the corresponding protocol/notebook; detailed definition to be finalized.
data/hmms/predictor_specific/selected_hmm_metrics_full.csv,pred_h4_m3_sv5,float64,See the corresponding protocol/notebook; detailed definition to be finalized.
data/hmms/strict_replication/selected_hmm_metrics_full.csv,hmm_id,object,Stable HMM identifier.
data/hmms/strict_replication/selected_hmm_metrics_full.csv,source,object,See the corresponding protocol/notebook; detailed definition to be finalized.
data/hmms/strict_replication/selected_hmm_metrics_full.csv,K,int64,Number of hidden states.
data/hmms/strict_replication/selected_hmm_metrics_full.csv,bank_index,int64,See the corresponding protocol/notebook; detailed definition to be finalized.
data/hmms/strict_replication/selected_hmm_metrics_full.csv,alpha_t,float64,See the corresponding protocol/notebook; detailed definition to be finalized.
data/hmms/strict_replication/selected_hmm_metrics_full.csv,self_bias,float64,See the corresponding protocol/notebook; detailed definition to be finalized.
data/hmms/strict_replication/selected_hmm_metrics_full.csv,alpha_e,float64,See the corresponding protocol/notebook; detailed definition to be finalized.
data/hmms/strict_replication/selected_hmm_metrics_full.csv,gen_seed,int64,See the corresponding protocol/notebook; detailed definition to be finalized.
data/hmms/strict_replication/selected_hmm_metrics_full.csv,vocab_size,int64,See the corresponding protocol/notebook; detailed definition to be finalized.
data/hmms/strict_replication/selected_hmm_metrics_full.csv,min_stationary_prob,float64,See the corresponding protocol/notebook; detailed definition to be finalized.
data/hmms/strict_replication/selected_hmm_metrics_full.csv,min_symbol_prob,float64,See the corresponding protocol/notebook; detailed definition to be finalized.
data/hmms/strict_replication/selected_hmm_metrics_full.csv,bayes_ce_h1,float64,Exact Bayes cross-entropy for context length 1.
data/hmms/strict_replication/selected_hmm_metrics_full.csv,bayes_ce_h2,float64,See the corresponding protocol/notebook; detailed definition to be finalized.
data/hmms/strict_replication/selected_hmm_metrics_full.csv,bayes_ce_h3,float64,See the corresponding protocol/notebook; detailed definition to be finalized.
data/hmms/strict_replication/selected_hmm_metrics_full.csv,bayes_ce_h4,float64,Exact Bayes cross-entropy for context length 4.
data/hmms/strict_replication/selected_hmm_metrics_full.csv,bayes_gap_1_to_H,float64,See the corresponding protocol/notebook; detailed definition to be finalized.
data/hmms/strict_replication/selected_hmm_metrics_full.csv,context_gain_area,float64,Area between the Bayes context-response curve and its value at H.
data/hmms/strict_replication/selected_hmm_metrics_full.csv,pred_h4_m1_sv1,float64,See the corresponding protocol/notebook; detailed definition to be finalized.
data/hmms/strict_replication/selected_hmm_metrics_full.csv,pred_h4_m1_sv2,float64,See the corresponding protocol/notebook; detailed definition to be finalized.
data/hmms/strict_replication/selected_hmm_metrics_full.csv,pred_h4_m1_signal,float64,See the corresponding protocol/notebook; detailed definition to be finalized.
data/hmms/strict_replication/selected_hmm_metrics_full.csv,pred_h4_m1_effective_rank,float64,See the corresponding protocol/notebook; detailed definition to be finalized.
data/hmms/strict_replication/selected_hmm_metrics_full.csv,pred_h4_m1_numerical_rank,int64,See the corresponding protocol/notebook; detailed definition to be finalized.
data/hmms/strict_replication/selected_hmm_metrics_full.csv,pred_h4_m1_r90,int64,See the corresponding protocol/notebook; detailed definition to be finalized.
data/hmms/strict_replication/selected_hmm_metrics_full.csv,pred_h4_m1_sigma90,float64,See the corresponding protocol/notebook; detailed definition to be finalized.
data/hmms/strict_replication/selected_hmm_metrics_full.csv,pred_h4_m1_kappa90,float64,See the corresponding protocol/notebook; detailed definition to be finalized.
data/hmms/strict_replication/selected_hmm_metrics_full.csv,pred_h4_m1_r95,int64,See the corresponding protocol/notebook; detailed definition to be finalized.
data/hmms/strict_replication/selected_hmm_metrics_full.csv,pred_h4_m1_sigma95,float64,See the corresponding protocol/notebook; detailed definition to be finalized.
data/hmms/strict_replication/selected_hmm_metrics_full.csv,pred_h4_m1_kappa95,float64,See the corresponding protocol/notebook; detailed definition to be finalized.
data/hmms/strict_replication/selected_hmm_metrics_full.csv,pred_h4_m1_r99,int64,See the corresponding protocol/notebook; detailed definition to be finalized.
data/hmms/strict_replication/selected_hmm_metrics_full.csv,pred_h4_m1_sigma99,float64,See the corresponding protocol/notebook; detailed definition to be finalized.
data/hmms/strict_replication/selected_hmm_metrics_full.csv,pred_h4_m1_kappa99,float64,See the corresponding protocol/notebook; detailed definition to be finalized.
data/hmms/strict_replication/selected_hmm_metrics_full.csv,pred_h4_m2_sv1,float64,See the corresponding protocol/notebook; detailed definition to be finalized.
data/hmms/strict_replication/selected_hmm_metrics_full.csv,pred_h4_m2_sv2,float64,See the corresponding protocol/notebook; detailed definition to be finalized.
data/hmms/strict_replication/selected_hmm_metrics_full.csv,pred_h4_m2_signal,float64,See the corresponding protocol/notebook; detailed definition to be finalized.
data/hmms/strict_replication/selected_hmm_metrics_full.csv,pred_h4_m2_effective_rank,float64,See the corresponding protocol/notebook; detailed definition to be finalized.
data/hmms/strict_replication/selected_hmm_metrics_full.csv,pred_h4_m2_numerical_rank,int64,See the corresponding protocol/notebook; detailed definition to be finalized.
data/hmms/strict_replication/selected_hmm_metrics_full.csv,pred_h4_m2_r90,int64,See the corresponding protocol/notebook; detailed definition to be finalized.
data/hmms/strict_replication/selected_hmm_metrics_full.csv,pred_h4_m2_sigma90,float64,See the corresponding protocol/notebook; detailed definition to be finalized.
data/hmms/strict_replication/selected_hmm_metrics_full.csv,pred_h4_m2_kappa90,float64,See the corresponding protocol/notebook; detailed definition to be finalized.
data/hmms/strict_replication/selected_hmm_metrics_full.csv,pred_h4_m2_r95,int64,See the corresponding protocol/notebook; detailed definition to be finalized.
data/hmms/strict_replication/selected_hmm_metrics_full.csv,pred_h4_m2_sigma95,float64,See the corresponding protocol/notebook; detailed definition to be finalized.
data/hmms/strict_replication/selected_hmm_metrics_full.csv,pred_h4_m2_kappa95,float64,See the corresponding protocol/notebook; detailed definition to be finalized.
data/hmms/strict_replication/selected_hmm_metrics_full.csv,pred_h4_m2_r99,int64,See the corresponding protocol/notebook; detailed definition to be finalized.
data/hmms/strict_replication/selected_hmm_metrics_full.csv,pred_h4_m2_sigma99,float64,See the corresponding protocol/notebook; detailed definition to be finalized.
data/hmms/strict_replication/selected_hmm_metrics_full.csv,pred_h4_m2_kappa99,float64,See the corresponding protocol/notebook; detailed definition to be finalized.
data/hmms/strict_replication/selected_hmm_metrics_full.csv,lambda2_abs,float64,See the corresponding protocol/notebook; detailed definition to be finalized.
data/hmms/strict_replication/selected_hmm_metrics_full.csv,tau_hidden,float64,See the corresponding protocol/notebook; detailed definition to be finalized.
data/hmms/strict_replication/selected_hmm_metrics_full.csv,tau_observed_proxy,float64,See the corresponding protocol/notebook; detailed definition to be finalized.
data/hmms/strict_replication/selected_hmm_metrics_full.csv,pred_h4_m1_sv3,float64,See the corresponding protocol/notebook; detailed definition to be finalized.
data/hmms/strict_replication/selected_hmm_metrics_full.csv,pred_h4_m2_sv3,float64,See the corresponding protocol/notebook; detailed definition to be finalized.
data/hmms/strict_replication/selected_hmm_metrics_full.csv,pred_h4_m1_sv4,float64,See the corresponding protocol/notebook; detailed definition to be finalized.
data/hmms/strict_replication/selected_hmm_metrics_full.csv,pred_h4_m2_sv4,float64,See the corresponding protocol/notebook; detailed definition to be finalized.
data/hmms/strict_replication/selected_hmm_metrics_full.csv,pred_h4_m1_sv5,float64,See the corresponding protocol/notebook; detailed definition to be finalized.
data/hmms/strict_replication/selected_hmm_metrics_full.csv,pred_h4_m2_sv5,float64,See the corresponding protocol/notebook; detailed definition to be finalized.
data/hmms/strict_replication/selected_hmm_metrics_full.csv,symbol_entropy,float64,See the corresponding protocol/notebook; detailed definition to be finalized.
data/hmms/strict_replication/selected_hmm_metrics_full.csv,symbol_entropy_normalized,float64,See the corresponding protocol/notebook; detailed definition to be finalized.
data/hmms/strict_replication/selected_hmm_metrics_full.csv,max_symbol_prob,float64,See the corresponding protocol/notebook; detailed definition to be finalized.
data/hmms/strict_replication/selected_hmm_metrics_full.csv,min_symbol_prob_recomputed,float64,See the corresponding protocol/notebook; detailed definition to be finalized.
data/hmms/strict_replication/selected_hmm_metrics_full.csv,marginal_l2_from_uniform,float64,See the corresponding protocol/notebook; detailed definition to be finalized.
data/hmms/strict_replication/selected_hmm_metrics_full.csv,symbol_prob_0,float64,See the corresponding protocol/notebook; detailed definition to be finalized.
data/hmms/strict_replication/selected_hmm_metrics_full.csv,symbol_prob_1,float64,See the corresponding protocol/notebook; detailed definition to be finalized.
data/hmms/strict_replication/selected_hmm_metrics_full.csv,symbol_prob_2,float64,See the corresponding protocol/notebook; detailed definition to be finalized.
data/hmms/strict_replication/selected_hmm_metrics_full.csv,symbol_prob_3,float64,See the corresponding protocol/notebook; detailed definition to be finalized.
data/hmms/strict_replication/selected_hmm_metrics_full.csv,symbol_prob_4,float64,See the corresponding protocol/notebook; detailed definition to be finalized.
data/hmms/strict_replication/selected_hmm_metrics_full.csv,symbol_prob_5,float64,See the corresponding protocol/notebook; detailed definition to be finalized.
data/hmms/strict_replication/selected_hmm_metrics_full.csv,symbol_prob_6,float64,See the corresponding protocol/notebook; detailed definition to be finalized.
data/hmms/strict_replication/selected_hmm_metrics_full.csv,symbol_prob_7,float64,See the corresponding protocol/notebook; detailed definition to be finalized.
data/hmms/strict_replication/selected_hmm_metrics_full.csv,selection_order,int64,See the corresponding protocol/notebook; detailed definition to be finalized.
data/hmms/strict_replication/selected_hmm_metrics_full.csv,match_protocol,object,See the corresponding protocol/notebook; detailed definition to be finalized.
data/hmms/strict_replication/selected_hmm_metrics_full.csv,pred_h4_m3_sv1,float64,See the corresponding protocol/notebook; detailed definition to be finalized.
data/hmms/strict_replication/selected_hmm_metrics_full.csv,pred_h4_m3_sv2,float64,See the corresponding protocol/notebook; detailed definition to be finalized.
data/hmms/strict_replication/selected_hmm_metrics_full.csv,pred_h4_m3_signal,float64,See the corresponding protocol/notebook; detailed definition to be finalized.
data/hmms/strict_replication/selected_hmm_metrics_full.csv,pred_h4_m3_effective_rank,float64,See the corresponding protocol/notebook; detailed definition to be finalized.
data/hmms/strict_replication/selected_hmm_metrics_full.csv,pred_h4_m3_numerical_rank,int64,See the corresponding protocol/notebook; detailed definition to be finalized.
data/hmms/strict_replication/selected_hmm_metrics_full.csv,pred_h4_m3_r90,int64,See the corresponding protocol/notebook; detailed definition to be finalized.
data/hmms/strict_replication/selected_hmm_metrics_full.csv,pred_h4_m3_sigma90,float64,See the corresponding protocol/notebook; detailed definition to be finalized.
data/hmms/strict_replication/selected_hmm_metrics_full.csv,pred_h4_m3_kappa90,float64,See the corresponding protocol/notebook; detailed definition to be finalized.
data/hmms/strict_replication/selected_hmm_metrics_full.csv,pred_h4_m3_r95,int64,See the corresponding protocol/notebook; detailed definition to be finalized.
data/hmms/strict_replication/selected_hmm_metrics_full.csv,pred_h4_m3_sigma95,float64,See the corresponding protocol/notebook; detailed definition to be finalized.
data/hmms/strict_replication/selected_hmm_metrics_full.csv,pred_h4_m3_kappa95,float64,See the corresponding protocol/notebook; detailed definition to be finalized.
data/hmms/strict_replication/selected_hmm_metrics_full.csv,pred_h4_m3_r99,int64,See the corresponding protocol/notebook; detailed definition to be finalized.
data/hmms/strict_replication/selected_hmm_metrics_full.csv,pred_h4_m3_sigma99,float64,See the corresponding protocol/notebook; detailed definition to be finalized.
data/hmms/strict_replication/selected_hmm_metrics_full.csv,pred_h4_m3_kappa99,float64,See the corresponding protocol/notebook; detailed definition to be finalized.
data/hmms/strict_replication/selected_hmm_metrics_full.csv,hmm_file,object,See the corresponding protocol/notebook; detailed definition to be finalized.
data/hmms/strict_replication/selected_hmm_metrics_full.csv,pred_h4_m3_sv3,float64,See the corresponding protocol/notebook; detailed definition to be finalized.
data/hmms/strict_replication/selected_hmm_metrics_full.csv,pred_h4_m3_sv4,float64,See the corresponding protocol/notebook; detailed definition to be finalized.
data/hmms/strict_replication/selected_hmm_metrics_full.csv,pred_h4_m3_sv5,float64,See the corresponding protocol/notebook; detailed definition to be finalized.
data/hmms/strict_replication/strict_matched_pairs.csv,pair_id,object,Matched-pair identifier.
data/hmms/strict_replication/strict_matched_pairs.csv,pair_type,object,See the corresponding protocol/notebook; detailed definition to be finalized.
data/hmms/strict_replication/strict_matched_pairs.csv,K_a,int64,See the corresponding protocol/notebook; detailed definition to be finalized.
data/hmms/strict_replication/strict_matched_pairs.csv,K_b,int64,See the corresponding protocol/notebook; detailed definition to be finalized.
data/hmms/strict_replication/strict_matched_pairs.csv,hmm_a,object,See the corresponding protocol/notebook; detailed definition to be finalized.
data/hmms/strict_replication/strict_matched_pairs.csv,hmm_b,object,See the corresponding protocol/notebook; detailed definition to be finalized.
data/hmms/strict_replication/strict_matched_pairs.csv,expected_harder,object,See the corresponding protocol/notebook; detailed definition to be finalized.
data/hmms/strict_replication/strict_matched_pairs.csv,selection_score,float64,See the corresponding protocol/notebook; detailed definition to be finalized.
data/hmms/strict_replication/strict_matched_pairs.csv,selection_tier,object,See the corresponding protocol/notebook; detailed definition to be finalized.
data/hmms/strict_replication/strict_matched_pairs.csv,match_protocol,object,See the corresponding protocol/notebook; detailed definition to be finalized.
data/hmms/strict_replication/strict_matched_pairs.csv,rank_a,int64,See the corresponding protocol/notebook; detailed definition to be finalized.
data/hmms/strict_replication/strict_matched_pairs.csv,rank_b,int64,See the corresponding protocol/notebook; detailed definition to be finalized.
data/hmms/strict_replication/strict_matched_pairs.csv,sigma_a,float64,See the corresponding protocol/notebook; detailed definition to be finalized.
data/hmms/strict_replication/strict_matched_pairs.csv,sigma_b,float64,See the corresponding protocol/notebook; detailed definition to be finalized.
data/hmms/strict_replication/strict_matched_pairs.csv,gain_a,float64,See the corresponding protocol/notebook; detailed definition to be finalized.
data/hmms/strict_replication/strict_matched_pairs.csv,gain_b,float64,See the corresponding protocol/notebook; detailed definition to be finalized.
data/hmms/strict_replication/strict_matched_pairs.csv,tau_a,float64,See the corresponding protocol/notebook; detailed definition to be finalized.
data/hmms/strict_replication/strict_matched_pairs.csv,tau_b,float64,See the corresponding protocol/notebook; detailed definition to be finalized.
data/hmms/strict_replication/strict_matched_pairs.csv,bayes_ce_H_a,float64,See the corresponding protocol/notebook; detailed definition to be finalized.
data/hmms/strict_replication/strict_matched_pairs.csv,bayes_ce_H_b,float64,See the corresponding protocol/notebook; detailed definition to be finalized.
data/hmms/strict_replication/strict_matched_pairs.csv,signal_a,float64,See the corresponding protocol/notebook; detailed definition to be finalized.
data/hmms/strict_replication/strict_matched_pairs.csv,signal_b,float64,See the corresponding protocol/notebook; detailed definition to be finalized.
data/hmms/strict_replication/strict_matched_pairs.csv,sv1_a,float64,See the corresponding protocol/notebook; detailed definition to be finalized.
data/hmms/strict_replication/strict_matched_pairs.csv,sv1_b,float64,See the corresponding protocol/notebook; detailed definition to be finalized.
data/hmms/strict_replication/strict_matched_pairs.csv,min_symbol_prob_a,float64,See the corresponding protocol/notebook; detailed definition to be finalized.
data/hmms/strict_replication/strict_matched_pairs.csv,min_symbol_prob_b,float64,See the corresponding protocol/notebook; detailed definition to be finalized.
data/hmms/strict_replication/strict_matched_pairs.csv,symbol_entropy_a,float64,See the corresponding protocol/notebook; detailed definition to be finalized.
data/hmms/strict_replication/strict_matched_pairs.csv,symbol_entropy_b,float64,See the corresponding protocol/notebook; detailed definition to be finalized.
data/hmms/strict_replication/strict_matched_pairs.csv,gain_ratio,float64,See the corresponding protocol/notebook; detailed definition to be finalized.
data/hmms/strict_replication/strict_matched_pairs.csv,sigma_ratio,float64,See the corresponding protocol/notebook; detailed definition to be finalized.
data/hmms/strict_replication/strict_matched_pairs.csv,tau_ratio,float64,See the corresponding protocol/notebook; detailed definition to be finalized.
data/hmms/strict_replication/strict_matched_pairs.csv,bayes_ce_H_ratio,float64,See the corresponding protocol/notebook; detailed definition to be finalized.
data/hmms/strict_replication/strict_matched_pairs.csv,signal_ratio,float64,See the corresponding protocol/notebook; detailed definition to be finalized.
data/hmms/strict_replication/strict_matched_pairs.csv,sv1_ratio,float64,See the corresponding protocol/notebook; detailed definition to be finalized.
data/hmms/strict_replication/strict_matched_pairs.csv,min_symbol_prob_ratio,float64,See the corresponding protocol/notebook; detailed definition to be finalized.
data/hmms/strict_replication/strict_matched_pairs.csv,symbol_entropy_abs_diff,float64,See the corresponding protocol/notebook; detailed definition to be finalized.
data/hmms/strict_replication/strict_matched_pairs.csv,marginal_js_divergence,float64,See the corresponding protocol/notebook; detailed definition to be finalized.
data/hmms/strict_replication/strict_selected_hmms.csv,hmm_id,object,Stable HMM identifier.
data/hmms/strict_replication/strict_selected_hmms.csv,source,object,See the corresponding protocol/notebook; detailed definition to be finalized.
data/hmms/strict_replication/strict_selected_hmms.csv,K,int64,Number of hidden states.
data/hmms/strict_replication/strict_selected_hmms.csv,bank_index,int64,See the corresponding protocol/notebook; detailed definition to be finalized.
data/hmms/strict_replication/strict_selected_hmms.csv,alpha_t,float64,See the corresponding protocol/notebook; detailed definition to be finalized.
data/hmms/strict_replication/strict_selected_hmms.csv,self_bias,float64,See the corresponding protocol/notebook; detailed definition to be finalized.
data/hmms/strict_replication/strict_selected_hmms.csv,alpha_e,float64,See the corresponding protocol/notebook; detailed definition to be finalized.
data/hmms/strict_replication/strict_selected_hmms.csv,gen_seed,int64,See the corresponding protocol/notebook; detailed definition to be finalized.
data/hmms/strict_replication/strict_selected_hmms.csv,vocab_size,int64,See the corresponding protocol/notebook; detailed definition to be finalized.
data/hmms/strict_replication/strict_selected_hmms.csv,min_stationary_prob,float64,See the corresponding protocol/notebook; detailed definition to be finalized.
data/hmms/strict_replication/strict_selected_hmms.csv,min_symbol_prob,float64,See the corresponding protocol/notebook; detailed definition to be finalized.
data/hmms/strict_replication/strict_selected_hmms.csv,bayes_ce_h1,float64,Exact Bayes cross-entropy for context length 1.
data/hmms/strict_replication/strict_selected_hmms.csv,bayes_ce_h2,float64,See the corresponding protocol/notebook; detailed definition to be finalized.
data/hmms/strict_replication/strict_selected_hmms.csv,bayes_ce_h3,float64,See the corresponding protocol/notebook; detailed definition to be finalized.
data/hmms/strict_replication/strict_selected_hmms.csv,bayes_ce_h4,float64,Exact Bayes cross-entropy for context length 4.
data/hmms/strict_replication/strict_selected_hmms.csv,bayes_gap_1_to_H,float64,See the corresponding protocol/notebook; detailed definition to be finalized.
data/hmms/strict_replication/strict_selected_hmms.csv,context_gain_area,float64,Area between the Bayes context-response curve and its value at H.
data/hmms/strict_replication/strict_selected_hmms.csv,pred_h4_m1_sv1,float64,See the corresponding protocol/notebook; detailed definition to be finalized.
data/hmms/strict_replication/strict_selected_hmms.csv,pred_h4_m1_sv2,float64,See the corresponding protocol/notebook; detailed definition to be finalized.
data/hmms/strict_replication/strict_selected_hmms.csv,pred_h4_m1_signal,float64,See the corresponding protocol/notebook; detailed definition to be finalized.
data/hmms/strict_replication/strict_selected_hmms.csv,pred_h4_m1_effective_rank,float64,See the corresponding protocol/notebook; detailed definition to be finalized.
data/hmms/strict_replication/strict_selected_hmms.csv,pred_h4_m1_numerical_rank,int64,See the corresponding protocol/notebook; detailed definition to be finalized.
data/hmms/strict_replication/strict_selected_hmms.csv,pred_h4_m1_r90,int64,See the corresponding protocol/notebook; detailed definition to be finalized.
data/hmms/strict_replication/strict_selected_hmms.csv,pred_h4_m1_sigma90,float64,See the corresponding protocol/notebook; detailed definition to be finalized.
data/hmms/strict_replication/strict_selected_hmms.csv,pred_h4_m1_kappa90,float64,See the corresponding protocol/notebook; detailed definition to be finalized.
data/hmms/strict_replication/strict_selected_hmms.csv,pred_h4_m1_r95,int64,See the corresponding protocol/notebook; detailed definition to be finalized.
data/hmms/strict_replication/strict_selected_hmms.csv,pred_h4_m1_sigma95,float64,See the corresponding protocol/notebook; detailed definition to be finalized.
data/hmms/strict_replication/strict_selected_hmms.csv,pred_h4_m1_kappa95,float64,See the corresponding protocol/notebook; detailed definition to be finalized.
data/hmms/strict_replication/strict_selected_hmms.csv,pred_h4_m1_r99,int64,See the corresponding protocol/notebook; detailed definition to be finalized.
data/hmms/strict_replication/strict_selected_hmms.csv,pred_h4_m1_sigma99,float64,See the corresponding protocol/notebook; detailed definition to be finalized.
data/hmms/strict_replication/strict_selected_hmms.csv,pred_h4_m1_kappa99,float64,See the corresponding protocol/notebook; detailed definition to be finalized.
data/hmms/strict_replication/strict_selected_hmms.csv,pred_h4_m2_sv1,float64,See the corresponding protocol/notebook; detailed definition to be finalized.
data/hmms/strict_replication/strict_selected_hmms.csv,pred_h4_m2_sv2,float64,See the corresponding protocol/notebook; detailed definition to be finalized.
data/hmms/strict_replication/strict_selected_hmms.csv,pred_h4_m2_signal,float64,See the corresponding protocol/notebook; detailed definition to be finalized.
data/hmms/strict_replication/strict_selected_hmms.csv,pred_h4_m2_effective_rank,float64,See the corresponding protocol/notebook; detailed definition to be finalized.
data/hmms/strict_replication/strict_selected_hmms.csv,pred_h4_m2_numerical_rank,int64,See the corresponding protocol/notebook; detailed definition to be finalized.
data/hmms/strict_replication/strict_selected_hmms.csv,pred_h4_m2_r90,int64,See the corresponding protocol/notebook; detailed definition to be finalized.
data/hmms/strict_replication/strict_selected_hmms.csv,pred_h4_m2_sigma90,float64,See the corresponding protocol/notebook; detailed definition to be finalized.
data/hmms/strict_replication/strict_selected_hmms.csv,pred_h4_m2_kappa90,float64,See the corresponding protocol/notebook; detailed definition to be finalized.
data/hmms/strict_replication/strict_selected_hmms.csv,pred_h4_m2_r95,int64,See the corresponding protocol/notebook; detailed definition to be finalized.
data/hmms/strict_replication/strict_selected_hmms.csv,pred_h4_m2_sigma95,float64,See the corresponding protocol/notebook; detailed definition to be finalized.
data/hmms/strict_replication/strict_selected_hmms.csv,pred_h4_m2_kappa95,float64,See the corresponding protocol/notebook; detailed definition to be finalized.
data/hmms/strict_replication/strict_selected_hmms.csv,pred_h4_m2_r99,int64,See the corresponding protocol/notebook; detailed definition to be finalized.
data/hmms/strict_replication/strict_selected_hmms.csv,pred_h4_m2_sigma99,float64,See the corresponding protocol/notebook; detailed definition to be finalized.
data/hmms/strict_replication/strict_selected_hmms.csv,pred_h4_m2_kappa99,float64,See the corresponding protocol/notebook; detailed definition to be finalized.
data/hmms/strict_replication/strict_selected_hmms.csv,lambda2_abs,float64,See the corresponding protocol/notebook; detailed definition to be finalized.
data/hmms/strict_replication/strict_selected_hmms.csv,tau_hidden,float64,See the corresponding protocol/notebook; detailed definition to be finalized.
data/hmms/strict_replication/strict_selected_hmms.csv,tau_observed_proxy,float64,See the corresponding protocol/notebook; detailed definition to be finalized.
data/hmms/strict_replication/strict_selected_hmms.csv,pred_h4_m1_sv3,float64,See the corresponding protocol/notebook; detailed definition to be finalized.
data/hmms/strict_replication/strict_selected_hmms.csv,pred_h4_m2_sv3,float64,See the corresponding protocol/notebook; detailed definition to be finalized.
data/hmms/strict_replication/strict_selected_hmms.csv,pred_h4_m1_sv4,float64,See the corresponding protocol/notebook; detailed definition to be finalized.
data/hmms/strict_replication/strict_selected_hmms.csv,pred_h4_m2_sv4,float64,See the corresponding protocol/notebook; detailed definition to be finalized.
data/hmms/strict_replication/strict_selected_hmms.csv,pred_h4_m1_sv5,float64,See the corresponding protocol/notebook; detailed definition to be finalized.
data/hmms/strict_replication/strict_selected_hmms.csv,pred_h4_m2_sv5,float64,See the corresponding protocol/notebook; detailed definition to be finalized.
data/hmms/strict_replication/strict_selected_hmms.csv,symbol_entropy,float64,See the corresponding protocol/notebook; detailed definition to be finalized.
data/hmms/strict_replication/strict_selected_hmms.csv,symbol_entropy_normalized,float64,See the corresponding protocol/notebook; detailed definition to be finalized.
data/hmms/strict_replication/strict_selected_hmms.csv,max_symbol_prob,float64,See the corresponding protocol/notebook; detailed definition to be finalized.
data/hmms/strict_replication/strict_selected_hmms.csv,min_symbol_prob_recomputed,float64,See the corresponding protocol/notebook; detailed definition to be finalized.
data/hmms/strict_replication/strict_selected_hmms.csv,marginal_l2_from_uniform,float64,See the corresponding protocol/notebook; detailed definition to be finalized.
data/hmms/strict_replication/strict_selected_hmms.csv,symbol_prob_0,float64,See the corresponding protocol/notebook; detailed definition to be finalized.
data/hmms/strict_replication/strict_selected_hmms.csv,symbol_prob_1,float64,See the corresponding protocol/notebook; detailed definition to be finalized.
data/hmms/strict_replication/strict_selected_hmms.csv,symbol_prob_2,float64,See the corresponding protocol/notebook; detailed definition to be finalized.
data/hmms/strict_replication/strict_selected_hmms.csv,symbol_prob_3,float64,See the corresponding protocol/notebook; detailed definition to be finalized.
data/hmms/strict_replication/strict_selected_hmms.csv,symbol_prob_4,float64,See the corresponding protocol/notebook; detailed definition to be finalized.
data/hmms/strict_replication/strict_selected_hmms.csv,symbol_prob_5,float64,See the corresponding protocol/notebook; detailed definition to be finalized.
data/hmms/strict_replication/strict_selected_hmms.csv,symbol_prob_6,float64,See the corresponding protocol/notebook; detailed definition to be finalized.
data/hmms/strict_replication/strict_selected_hmms.csv,symbol_prob_7,float64,See the corresponding protocol/notebook; detailed definition to be finalized.
data/hmms/strict_replication/strict_selected_hmms.csv,selection_order,int64,See the corresponding protocol/notebook; detailed definition to be finalized.
data/hmms/strict_replication/strict_selected_hmms.csv,match_protocol,object,See the corresponding protocol/notebook; detailed definition to be finalized.
data/protocols/external__FROZEN_EXTERNAL_DEVELOPMENT_COEFFICIENTS.csv,architecture,object,Learner architecture.
data/protocols/external__FROZEN_EXTERNAL_DEVELOPMENT_COEFFICIENTS.csv,outcome,object,See the corresponding protocol/notebook; detailed definition to be finalized.
data/protocols/external__FROZEN_EXTERNAL_DEVELOPMENT_COEFFICIENTS.csv,model,object,See the corresponding protocol/notebook; detailed definition to be finalized.
data/protocols/external__FROZEN_EXTERNAL_DEVELOPMENT_COEFFICIENTS.csv,feature,object,See the corresponding protocol/notebook; detailed definition to be finalized.
data/protocols/external__FROZEN_EXTERNAL_DEVELOPMENT_COEFFICIENTS.csv,development_mean,float64,See the corresponding protocol/notebook; detailed definition to be finalized.
data/protocols/external__FROZEN_EXTERNAL_DEVELOPMENT_COEFFICIENTS.csv,development_scale,float64,See the corresponding protocol/notebook; detailed definition to be finalized.
data/protocols/external__FROZEN_EXTERNAL_DEVELOPMENT_COEFFICIENTS.csv,standardized_coefficient,float64,See the corresponding protocol/notebook; detailed definition to be finalized.
data/protocols/external__FROZEN_EXTERNAL_DEVELOPMENT_COEFFICIENTS.csv,intercept,float64,See the corresponding protocol/notebook; detailed definition to be finalized.
data/protocols/external__FROZEN_EXTERNAL_DEVELOPMENT_COEFFICIENTS.csv,ridge_alpha,float64,See the corresponding protocol/notebook; detailed definition to be finalized.
data/protocols/external__FROZEN_EXTERNAL_DEVELOPMENT_COEFFICIENTS.csv,n_development,int64,See the corresponding protocol/notebook; detailed definition to be finalized.
data/protocols/external__FROZEN_EXTERNAL_DEVELOPMENT_FIT_SUMMARY.csv,architecture,object,Learner architecture.
data/protocols/external__FROZEN_EXTERNAL_DEVELOPMENT_FIT_SUMMARY.csv,outcome,object,See the corresponding protocol/notebook; detailed definition to be finalized.
data/protocols/external__FROZEN_EXTERNAL_DEVELOPMENT_FIT_SUMMARY.csv,model,object,See the corresponding protocol/notebook; detailed definition to be finalized.
data/protocols/external__FROZEN_EXTERNAL_DEVELOPMENT_FIT_SUMMARY.csv,n_development,int64,See the corresponding protocol/notebook; detailed definition to be finalized.
data/protocols/external__FROZEN_EXTERNAL_DEVELOPMENT_FIT_SUMMARY.csv,development_rmse,float64,See the corresponding protocol/notebook; detailed definition to be finalized.
data/protocols/external__FROZEN_EXTERNAL_DEVELOPMENT_FIT_SUMMARY.csv,development_r2,float64,See the corresponding protocol/notebook; detailed definition to be finalized.
data/run_level/confirmatory__confirmatory_training_raw.csv,status,object,See the corresponding protocol/notebook; detailed definition to be finalized.
data/run_level/confirmatory__confirmatory_training_raw.csv,hmm_id,object,Stable HMM identifier.
data/run_level/confirmatory__confirmatory_training_raw.csv,architecture,object,Learner architecture.
data/run_level/confirmatory__confirmatory_training_raw.csv,dimension,int64,Representation width.
data/run_level/confirmatory__confirmatory_training_raw.csv,seed,int64,Training seed.
data/run_level/confirmatory__confirmatory_training_raw.csv,n_train,int64,Number of training sequences.
data/run_level/confirmatory__confirmatory_training_raw.csv,best_epoch,int64,See the corresponding protocol/notebook; detailed definition to be finalized.
data/run_level/confirmatory__confirmatory_training_raw.csv,best_val_ce,float64,See the corresponding protocol/notebook; detailed definition to be finalized.
data/run_level/confirmatory__confirmatory_training_raw.csv,final_batch_size,int64,See the corresponding protocol/notebook; detailed definition to be finalized.
data/run_level/confirmatory__confirmatory_training_raw.csv,epochs_completed,int64,See the corresponding protocol/notebook; detailed definition to be finalized.
data/run_level/confirmatory__confirmatory_training_raw.csv,parameter_count,int64,See the corresponding protocol/notebook; detailed definition to be finalized.
data/run_level/confirmatory__confirmatory_training_raw.csv,device,object,See the corresponding protocol/notebook; detailed definition to be finalized.
data/run_level/confirmatory__confirmatory_training_raw.csv,test_ce_h1,float64,See the corresponding protocol/notebook; detailed definition to be finalized.
data/run_level/confirmatory__confirmatory_training_raw.csv,test_ce_h2,float64,See the corresponding protocol/notebook; detailed definition to be finalized.
data/run_level/confirmatory__confirmatory_training_raw.csv,test_ce_h3,float64,See the corresponding protocol/notebook; detailed definition to be finalized.
data/run_level/confirmatory__confirmatory_training_raw.csv,test_ce_h4,float64,See the corresponding protocol/notebook; detailed definition to be finalized.
data/run_level/confirmatory__confirmatory_training_raw.csv,result_file,object,See the corresponding protocol/notebook; detailed definition to be finalized.
data/run_level/confirmatory__confirmatory_training_with_metrics.csv,status,object,See the corresponding protocol/notebook; detailed definition to be finalized.
data/run_level/confirmatory__confirmatory_training_with_metrics.csv,hmm_id,object,Stable HMM identifier.
data/run_level/confirmatory__confirmatory_training_with_metrics.csv,architecture,object,Learner architecture.
data/run_level/confirmatory__confirmatory_training_with_metrics.csv,dimension,int64,Representation width.
data/run_level/confirmatory__confirmatory_training_with_metrics.csv,seed,int64,Training seed.
data/run_level/confirmatory__confirmatory_training_with_metrics.csv,n_train,int64,Number of training sequences.
data/run_level/confirmatory__confirmatory_training_with_metrics.csv,best_epoch,int64,See the corresponding protocol/notebook; detailed definition to be finalized.
data/run_level/confirmatory__confirmatory_training_with_metrics.csv,best_val_ce,float64,See the corresponding protocol/notebook; detailed definition to be finalized.
data/run_level/confirmatory__confirmatory_training_with_metrics.csv,final_batch_size,int64,See the corresponding protocol/notebook; detailed definition to be finalized.
data/run_level/confirmatory__confirmatory_training_with_metrics.csv,epochs_completed,int64,See the corresponding protocol/notebook; detailed definition to be finalized.
data/run_level/confirmatory__confirmatory_training_with_metrics.csv,parameter_count,int64,See the corresponding protocol/notebook; detailed definition to be finalized.
data/run_level/confirmatory__confirmatory_training_with_metrics.csv,device,object,See the corresponding protocol/notebook; detailed definition to be finalized.
data/run_level/confirmatory__confirmatory_training_with_metrics.csv,test_ce_h1,float64,See the corresponding protocol/notebook; detailed definition to be finalized.
data/run_level/confirmatory__confirmatory_training_with_metrics.csv,test_ce_h2,float64,See the corresponding protocol/notebook; detailed definition to be finalized.
data/run_level/confirmatory__confirmatory_training_with_metrics.csv,test_ce_h3,float64,See the corresponding protocol/notebook; detailed definition to be finalized.
data/run_level/confirmatory__confirmatory_training_with_metrics.csv,test_ce_h4,float64,See the corresponding protocol/notebook; detailed definition to be finalized.
data/run_level/confirmatory__confirmatory_training_with_metrics.csv,result_file,object,See the corresponding protocol/notebook; detailed definition to be finalized.
data/run_level/confirmatory__confirmatory_training_with_metrics.csv,bayes_ce_h1,float64,Exact Bayes cross-entropy for context length 1.
data/run_level/confirmatory__confirmatory_training_with_metrics.csv,bayes_ce_h2,float64,See the corresponding protocol/notebook; detailed definition to be finalized.
data/run_level/confirmatory__confirmatory_training_with_metrics.csv,bayes_ce_h3,float64,See the corresponding protocol/notebook; detailed definition to be finalized.
data/run_level/confirmatory__confirmatory_training_with_metrics.csv,bayes_ce_h4,float64,Exact Bayes cross-entropy for context length 4.
data/run_level/confirmatory__confirmatory_training_with_metrics.csv,shape_rmse,float64,Anchored Shape RMSE relative to the Bayes context-response curve.
data/run_level/confirmatory__confirmatory_training_with_metrics.csv,excess_ce_H,float64,Test cross-entropy at H minus exact Bayes cross-entropy at H.
data/run_level/confirmatory__confirmatory_training_with_metrics.csv,recovery_ratio,float64,Empirical context gap divided by Bayes context gap.
data/run_level/development__main_training_raw.csv,status,object,See the corresponding protocol/notebook; detailed definition to be finalized.
data/run_level/development__main_training_raw.csv,hmm_id,object,Stable HMM identifier.
data/run_level/development__main_training_raw.csv,architecture,object,Learner architecture.
data/run_level/development__main_training_raw.csv,dimension,int64,Representation width.
data/run_level/development__main_training_raw.csv,seed,int64,Training seed.
data/run_level/development__main_training_raw.csv,n_train,int64,Number of training sequences.
data/run_level/development__main_training_raw.csv,best_epoch,int64,See the corresponding protocol/notebook; detailed definition to be finalized.
data/run_level/development__main_training_raw.csv,best_val_ce,float64,See the corresponding protocol/notebook; detailed definition to be finalized.
data/run_level/development__main_training_raw.csv,final_batch_size,int64,See the corresponding protocol/notebook; detailed definition to be finalized.
data/run_level/development__main_training_raw.csv,epochs_completed,int64,See the corresponding protocol/notebook; detailed definition to be finalized.
data/run_level/development__main_training_raw.csv,parameter_count,int64,See the corresponding protocol/notebook; detailed definition to be finalized.
data/run_level/development__main_training_raw.csv,device,object,See the corresponding protocol/notebook; detailed definition to be finalized.
data/run_level/development__main_training_raw.csv,test_ce_h1,float64,See the corresponding protocol/notebook; detailed definition to be finalized.
data/run_level/development__main_training_raw.csv,test_ce_h2,float64,See the corresponding protocol/notebook; detailed definition to be finalized.
data/run_level/development__main_training_raw.csv,test_ce_h3,float64,See the corresponding protocol/notebook; detailed definition to be finalized.
data/run_level/development__main_training_raw.csv,test_ce_h4,float64,See the corresponding protocol/notebook; detailed definition to be finalized.
data/run_level/development__main_training_raw.csv,result_file,object,See the corresponding protocol/notebook; detailed definition to be finalized.
data/run_level/development__main_training_with_metrics.csv,status,object,See the corresponding protocol/notebook; detailed definition to be finalized.
data/run_level/development__main_training_with_metrics.csv,hmm_id,object,Stable HMM identifier.
data/run_level/development__main_training_with_metrics.csv,architecture,object,Learner architecture.
data/run_level/development__main_training_with_metrics.csv,dimension,int64,Representation width.
data/run_level/development__main_training_with_metrics.csv,seed,int64,Training seed.
data/run_level/development__main_training_with_metrics.csv,n_train,int64,Number of training sequences.
data/run_level/development__main_training_with_metrics.csv,best_epoch,int64,See the corresponding protocol/notebook; detailed definition to be finalized.
data/run_level/development__main_training_with_metrics.csv,best_val_ce,float64,See the corresponding protocol/notebook; detailed definition to be finalized.
data/run_level/development__main_training_with_metrics.csv,final_batch_size,int64,See the corresponding protocol/notebook; detailed definition to be finalized.
data/run_level/development__main_training_with_metrics.csv,epochs_completed,int64,See the corresponding protocol/notebook; detailed definition to be finalized.
data/run_level/development__main_training_with_metrics.csv,parameter_count,int64,See the corresponding protocol/notebook; detailed definition to be finalized.
data/run_level/development__main_training_with_metrics.csv,device,object,See the corresponding protocol/notebook; detailed definition to be finalized.
data/run_level/development__main_training_with_metrics.csv,test_ce_h1,float64,See the corresponding protocol/notebook; detailed definition to be finalized.
data/run_level/development__main_training_with_metrics.csv,test_ce_h2,float64,See the corresponding protocol/notebook; detailed definition to be finalized.
data/run_level/development__main_training_with_metrics.csv,test_ce_h3,float64,See the corresponding protocol/notebook; detailed definition to be finalized.
data/run_level/development__main_training_with_metrics.csv,test_ce_h4,float64,See the corresponding protocol/notebook; detailed definition to be finalized.
data/run_level/development__main_training_with_metrics.csv,result_file,object,See the corresponding protocol/notebook; detailed definition to be finalized.
data/run_level/development__main_training_with_metrics.csv,bayes_ce_h1,float64,Exact Bayes cross-entropy for context length 1.
data/run_level/development__main_training_with_metrics.csv,bayes_ce_h2,float64,See the corresponding protocol/notebook; detailed definition to be finalized.
data/run_level/development__main_training_with_metrics.csv,bayes_ce_h3,float64,See the corresponding protocol/notebook; detailed definition to be finalized.
data/run_level/development__main_training_with_metrics.csv,bayes_ce_h4,float64,Exact Bayes cross-entropy for context length 4.
data/run_level/development__main_training_with_metrics.csv,shape_rmse,float64,Anchored Shape RMSE relative to the Bayes context-response curve.
data/run_level/development__main_training_with_metrics.csv,excess_ce_H,float64,Test cross-entropy at H minus exact Bayes cross-entropy at H.
data/run_level/development__main_training_with_metrics.csv,recovery_ratio,float64,Empirical context gap divided by Bayes context gap.
data/run_level/development__sample_size_training_raw.csv,status,object,See the corresponding protocol/notebook; detailed definition to be finalized.
data/run_level/development__sample_size_training_raw.csv,hmm_id,object,Stable HMM identifier.
data/run_level/development__sample_size_training_raw.csv,architecture,object,Learner architecture.
data/run_level/development__sample_size_training_raw.csv,dimension,int64,Representation width.
data/run_level/development__sample_size_training_raw.csv,seed,int64,Training seed.
data/run_level/development__sample_size_training_raw.csv,n_train,int64,Number of training sequences.
data/run_level/development__sample_size_training_raw.csv,best_epoch,int64,See the corresponding protocol/notebook; detailed definition to be finalized.
data/run_level/development__sample_size_training_raw.csv,best_val_ce,float64,See the corresponding protocol/notebook; detailed definition to be finalized.
data/run_level/development__sample_size_training_raw.csv,final_batch_size,int64,See the corresponding protocol/notebook; detailed definition to be finalized.
data/run_level/development__sample_size_training_raw.csv,epochs_completed,int64,See the corresponding protocol/notebook; detailed definition to be finalized.
data/run_level/development__sample_size_training_raw.csv,parameter_count,int64,See the corresponding protocol/notebook; detailed definition to be finalized.
data/run_level/development__sample_size_training_raw.csv,device,object,See the corresponding protocol/notebook; detailed definition to be finalized.
data/run_level/development__sample_size_training_raw.csv,test_ce_h1,float64,See the corresponding protocol/notebook; detailed definition to be finalized.
data/run_level/development__sample_size_training_raw.csv,test_ce_h2,float64,See the corresponding protocol/notebook; detailed definition to be finalized.
data/run_level/development__sample_size_training_raw.csv,test_ce_h3,float64,See the corresponding protocol/notebook; detailed definition to be finalized.
data/run_level/development__sample_size_training_raw.csv,test_ce_h4,float64,See the corresponding protocol/notebook; detailed definition to be finalized.
data/run_level/development__sample_size_training_raw.csv,result_file,object,See the corresponding protocol/notebook; detailed definition to be finalized.
data/run_level/external__external_training_raw.csv,status,object,See the corresponding protocol/notebook; detailed definition to be finalized.
data/run_level/external__external_training_raw.csv,hmm_id,object,Stable HMM identifier.
data/run_level/external__external_training_raw.csv,architecture,object,Learner architecture.
data/run_level/external__external_training_raw.csv,dimension,int64,Representation width.
data/run_level/external__external_training_raw.csv,seed,int64,Training seed.
data/run_level/external__external_training_raw.csv,n_train,int64,Number of training sequences.
data/run_level/external__external_training_raw.csv,best_epoch,int64,See the corresponding protocol/notebook; detailed definition to be finalized.
data/run_level/external__external_training_raw.csv,best_val_ce,float64,See the corresponding protocol/notebook; detailed definition to be finalized.
data/run_level/external__external_training_raw.csv,final_batch_size,int64,See the corresponding protocol/notebook; detailed definition to be finalized.
data/run_level/external__external_training_raw.csv,epochs_completed,int64,See the corresponding protocol/notebook; detailed definition to be finalized.
data/run_level/external__external_training_raw.csv,parameter_count,int64,See the corresponding protocol/notebook; detailed definition to be finalized.
data/run_level/external__external_training_raw.csv,device,object,See the corresponding protocol/notebook; detailed definition to be finalized.
data/run_level/external__external_training_raw.csv,test_ce_h1,float64,See the corresponding protocol/notebook; detailed definition to be finalized.
data/run_level/external__external_training_raw.csv,test_ce_h2,float64,See the corresponding protocol/notebook; detailed definition to be finalized.
data/run_level/external__external_training_raw.csv,test_ce_h3,float64,See the corresponding protocol/notebook; detailed definition to be finalized.
data/run_level/external__external_training_raw.csv,test_ce_h4,float64,See the corresponding protocol/notebook; detailed definition to be finalized.
data/run_level/external__external_training_raw.csv,result_file,object,See the corresponding protocol/notebook; detailed definition to be finalized.
data/run_level/external__external_training_with_metrics.csv,status,object,See the corresponding protocol/notebook; detailed definition to be finalized.
data/run_level/external__external_training_with_metrics.csv,hmm_id,object,Stable HMM identifier.
data/run_level/external__external_training_with_metrics.csv,architecture,object,Learner architecture.
data/run_level/external__external_training_with_metrics.csv,dimension,int64,Representation width.
data/run_level/external__external_training_with_metrics.csv,seed,int64,Training seed.
data/run_level/external__external_training_with_metrics.csv,n_train,int64,Number of training sequences.
data/run_level/external__external_training_with_metrics.csv,best_epoch,int64,See the corresponding protocol/notebook; detailed definition to be finalized.
data/run_level/external__external_training_with_metrics.csv,best_val_ce,float64,See the corresponding protocol/notebook; detailed definition to be finalized.
data/run_level/external__external_training_with_metrics.csv,final_batch_size,int64,See the corresponding protocol/notebook; detailed definition to be finalized.
data/run_level/external__external_training_with_metrics.csv,epochs_completed,int64,See the corresponding protocol/notebook; detailed definition to be finalized.
data/run_level/external__external_training_with_metrics.csv,parameter_count,int64,See the corresponding protocol/notebook; detailed definition to be finalized.
data/run_level/external__external_training_with_metrics.csv,device,object,See the corresponding protocol/notebook; detailed definition to be finalized.
data/run_level/external__external_training_with_metrics.csv,test_ce_h1,float64,See the corresponding protocol/notebook; detailed definition to be finalized.
data/run_level/external__external_training_with_metrics.csv,test_ce_h2,float64,See the corresponding protocol/notebook; detailed definition to be finalized.
data/run_level/external__external_training_with_metrics.csv,test_ce_h3,float64,See the corresponding protocol/notebook; detailed definition to be finalized.
data/run_level/external__external_training_with_metrics.csv,test_ce_h4,float64,See the corresponding protocol/notebook; detailed definition to be finalized.
data/run_level/external__external_training_with_metrics.csv,result_file,object,See the corresponding protocol/notebook; detailed definition to be finalized.
data/run_level/external__external_training_with_metrics.csv,bayes_ce_h1,float64,Exact Bayes cross-entropy for context length 1.
data/run_level/external__external_training_with_metrics.csv,bayes_ce_h2,float64,See the corresponding protocol/notebook; detailed definition to be finalized.
data/run_level/external__external_training_with_metrics.csv,bayes_ce_h3,float64,See the corresponding protocol/notebook; detailed definition to be finalized.
data/run_level/external__external_training_with_metrics.csv,bayes_ce_h4,float64,Exact Bayes cross-entropy for context length 4.
data/run_level/external__external_training_with_metrics.csv,shape_rmse,float64,Anchored Shape RMSE relative to the Bayes context-response curve.
data/run_level/external__external_training_with_metrics.csv,excess_ce_H,float64,Test cross-entropy at H minus exact Bayes cross-entropy at H.
data/run_level/external__external_training_with_metrics.csv,recovery_ratio,float64,Empirical context gap divided by Bayes context gap.
data/run_level/predictor_specific__count_error_with_sparsity_diagnostics.csv,hmm_id,object,Stable HMM identifier.
data/run_level/predictor_specific__count_error_with_sparsity_diagnostics.csv,K,int64,Number of hidden states.
data/run_level/predictor_specific__count_error_with_sparsity_diagnostics.csv,pair_id,object,Matched-pair identifier.
data/run_level/predictor_specific__count_error_with_sparsity_diagnostics.csv,contrast,object,Matched contrast type.
data/run_level/predictor_specific__count_error_with_sparsity_diagnostics.csv,pair_role,object,See the corresponding protocol/notebook; detailed definition to be finalized.
data/run_level/predictor_specific__count_error_with_sparsity_diagnostics.csv,n_train,int64,Number of training sequences.
data/run_level/predictor_specific__count_error_with_sparsity_diagnostics.csv,method,object,See the corresponding protocol/notebook; detailed definition to be finalized.
data/run_level/predictor_specific__count_error_with_sparsity_diagnostics.csv,alpha,float64,See the corresponding protocol/notebook; detailed definition to be finalized.
data/run_level/predictor_specific__count_error_with_sparsity_diagnostics.csv,beta,float64,See the corresponding protocol/notebook; detailed definition to be finalized.
data/run_level/predictor_specific__count_error_with_sparsity_diagnostics.csv,shape_rmse,float64,Anchored Shape RMSE relative to the Bayes context-response curve.
data/run_level/predictor_specific__count_error_with_sparsity_diagnostics.csv,excess_ce_H,float64,Test cross-entropy at H minus exact Bayes cross-entropy at H.
data/run_level/predictor_specific__count_error_with_sparsity_diagnostics.csv,recovery_ratio,float64,Empirical context gap divided by Bayes context gap.
data/run_level/predictor_specific__count_error_with_sparsity_diagnostics.csv,test_ce_h1,float64,See the corresponding protocol/notebook; detailed definition to be finalized.
data/run_level/predictor_specific__count_error_with_sparsity_diagnostics.csv,bayes_ce_h1,float64,Exact Bayes cross-entropy for context length 1.
data/run_level/predictor_specific__count_error_with_sparsity_diagnostics.csv,test_ce_h2,float64,See the corresponding protocol/notebook; detailed definition to be finalized.
data/run_level/predictor_specific__count_error_with_sparsity_diagnostics.csv,bayes_ce_h2,float64,See the corresponding protocol/notebook; detailed definition to be finalized.
data/run_level/predictor_specific__count_error_with_sparsity_diagnostics.csv,test_ce_h3,float64,See the corresponding protocol/notebook; detailed definition to be finalized.
data/run_level/predictor_specific__count_error_with_sparsity_diagnostics.csv,bayes_ce_h3,float64,See the corresponding protocol/notebook; detailed definition to be finalized.
data/run_level/predictor_specific__count_error_with_sparsity_diagnostics.csv,test_ce_h4,float64,See the corresponding protocol/notebook; detailed definition to be finalized.
data/run_level/predictor_specific__count_error_with_sparsity_diagnostics.csv,bayes_ce_h4,float64,Exact Bayes cross-entropy for context length 4.
data/run_level/predictor_specific__count_error_with_sparsity_diagnostics.csv,unseen_test_context_rate,float64,See the corresponding protocol/notebook; detailed definition to be finalized.
data/run_level/predictor_specific__count_error_with_sparsity_diagnostics.csv,mean_train_count_for_test_context,float64,See the corresponding protocol/notebook; detailed definition to be finalized.
data/run_level/predictor_specific__count_error_with_sparsity_diagnostics.csv,empirical_effective_context_count,float64,See the corresponding protocol/notebook; detailed definition to be finalized.
data/run_level/predictor_specific__count_error_with_sparsity_diagnostics.csv,mean_backoff_weight,float64,See the corresponding protocol/notebook; detailed definition to be finalized.
data/run_level/predictor_specific__count_predictor_summary.csv,hmm_id,object,Stable HMM identifier.
data/run_level/predictor_specific__count_predictor_summary.csv,K,int64,Number of hidden states.
data/run_level/predictor_specific__count_predictor_summary.csv,pair_id,object,Matched-pair identifier.
data/run_level/predictor_specific__count_predictor_summary.csv,contrast,object,Matched contrast type.
data/run_level/predictor_specific__count_predictor_summary.csv,pair_role,object,See the corresponding protocol/notebook; detailed definition to be finalized.
data/run_level/predictor_specific__count_predictor_summary.csv,n_train,int64,Number of training sequences.
data/run_level/predictor_specific__count_predictor_summary.csv,method,object,See the corresponding protocol/notebook; detailed definition to be finalized.
data/run_level/predictor_specific__count_predictor_summary.csv,alpha,float64,See the corresponding protocol/notebook; detailed definition to be finalized.
data/run_level/predictor_specific__count_predictor_summary.csv,beta,float64,See the corresponding protocol/notebook; detailed definition to be finalized.
data/run_level/predictor_specific__count_predictor_summary.csv,shape_rmse,float64,Anchored Shape RMSE relative to the Bayes context-response curve.
data/run_level/predictor_specific__count_predictor_summary.csv,excess_ce_H,float64,Test cross-entropy at H minus exact Bayes cross-entropy at H.
data/run_level/predictor_specific__count_predictor_summary.csv,recovery_ratio,float64,Empirical context gap divided by Bayes context gap.
data/run_level/predictor_specific__count_predictor_summary.csv,test_ce_h1,float64,See the corresponding protocol/notebook; detailed definition to be finalized.
data/run_level/predictor_specific__count_predictor_summary.csv,bayes_ce_h1,float64,Exact Bayes cross-entropy for context length 1.
data/run_level/predictor_specific__count_predictor_summary.csv,test_ce_h2,float64,See the corresponding protocol/notebook; detailed definition to be finalized.
data/run_level/predictor_specific__count_predictor_summary.csv,bayes_ce_h2,float64,See the corresponding protocol/notebook; detailed definition to be finalized.
data/run_level/predictor_specific__count_predictor_summary.csv,test_ce_h3,float64,See the corresponding protocol/notebook; detailed definition to be finalized.
data/run_level/predictor_specific__count_predictor_summary.csv,bayes_ce_h3,float64,See the corresponding protocol/notebook; detailed definition to be finalized.
data/run_level/predictor_specific__count_predictor_summary.csv,test_ce_h4,float64,See the corresponding protocol/notebook; detailed definition to be finalized.
data/run_level/predictor_specific__count_predictor_summary.csv,bayes_ce_h4,float64,Exact Bayes cross-entropy for context length 4.
data/run_level/predictor_specific__difficulty_neural_training_raw.csv,status,object,See the corresponding protocol/notebook; detailed definition to be finalized.
data/run_level/predictor_specific__difficulty_neural_training_raw.csv,hmm_id,object,Stable HMM identifier.
data/run_level/predictor_specific__difficulty_neural_training_raw.csv,architecture,object,Learner architecture.
data/run_level/predictor_specific__difficulty_neural_training_raw.csv,dimension,int64,Representation width.
data/run_level/predictor_specific__difficulty_neural_training_raw.csv,seed,int64,Training seed.
data/run_level/predictor_specific__difficulty_neural_training_raw.csv,n_train,int64,Number of training sequences.
data/run_level/predictor_specific__difficulty_neural_training_raw.csv,best_epoch,int64,See the corresponding protocol/notebook; detailed definition to be finalized.
data/run_level/predictor_specific__difficulty_neural_training_raw.csv,best_val_ce,float64,See the corresponding protocol/notebook; detailed definition to be finalized.
data/run_level/predictor_specific__difficulty_neural_training_raw.csv,final_batch_size,int64,See the corresponding protocol/notebook; detailed definition to be finalized.
data/run_level/predictor_specific__difficulty_neural_training_raw.csv,epochs_completed,int64,See the corresponding protocol/notebook; detailed definition to be finalized.
data/run_level/predictor_specific__difficulty_neural_training_raw.csv,parameter_count,int64,See the corresponding protocol/notebook; detailed definition to be finalized.
data/run_level/predictor_specific__difficulty_neural_training_raw.csv,device,object,See the corresponding protocol/notebook; detailed definition to be finalized.
data/run_level/predictor_specific__difficulty_neural_training_raw.csv,test_ce_h1,float64,See the corresponding protocol/notebook; detailed definition to be finalized.
data/run_level/predictor_specific__difficulty_neural_training_raw.csv,test_ce_h2,float64,See the corresponding protocol/notebook; detailed definition to be finalized.
data/run_level/predictor_specific__difficulty_neural_training_raw.csv,test_ce_h3,float64,See the corresponding protocol/notebook; detailed definition to be finalized.
data/run_level/predictor_specific__difficulty_neural_training_raw.csv,test_ce_h4,float64,See the corresponding protocol/notebook; detailed definition to be finalized.
data/run_level/predictor_specific__difficulty_neural_training_raw.csv,result_file,object,See the corresponding protocol/notebook; detailed definition to be finalized.
data/run_level/predictor_specific__difficulty_neural_training_with_metrics.csv,status,object,See the corresponding protocol/notebook; detailed definition to be finalized.
data/run_level/predictor_specific__difficulty_neural_training_with_metrics.csv,hmm_id,object,Stable HMM identifier.
data/run_level/predictor_specific__difficulty_neural_training_with_metrics.csv,architecture,object,Learner architecture.
data/run_level/predictor_specific__difficulty_neural_training_with_metrics.csv,dimension,int64,Representation width.
data/run_level/predictor_specific__difficulty_neural_training_with_metrics.csv,seed,int64,Training seed.
data/run_level/predictor_specific__difficulty_neural_training_with_metrics.csv,n_train,int64,Number of training sequences.
data/run_level/predictor_specific__difficulty_neural_training_with_metrics.csv,best_epoch,int64,See the corresponding protocol/notebook; detailed definition to be finalized.
data/run_level/predictor_specific__difficulty_neural_training_with_metrics.csv,best_val_ce,float64,See the corresponding protocol/notebook; detailed definition to be finalized.
data/run_level/predictor_specific__difficulty_neural_training_with_metrics.csv,final_batch_size,int64,See the corresponding protocol/notebook; detailed definition to be finalized.
data/run_level/predictor_specific__difficulty_neural_training_with_metrics.csv,epochs_completed,int64,See the corresponding protocol/notebook; detailed definition to be finalized.
data/run_level/predictor_specific__difficulty_neural_training_with_metrics.csv,parameter_count,int64,See the corresponding protocol/notebook; detailed definition to be finalized.
data/run_level/predictor_specific__difficulty_neural_training_with_metrics.csv,device,object,See the corresponding protocol/notebook; detailed definition to be finalized.
data/run_level/predictor_specific__difficulty_neural_training_with_metrics.csv,test_ce_h1,float64,See the corresponding protocol/notebook; detailed definition to be finalized.
data/run_level/predictor_specific__difficulty_neural_training_with_metrics.csv,test_ce_h2,float64,See the corresponding protocol/notebook; detailed definition to be finalized.
data/run_level/predictor_specific__difficulty_neural_training_with_metrics.csv,test_ce_h3,float64,See the corresponding protocol/notebook; detailed definition to be finalized.
data/run_level/predictor_specific__difficulty_neural_training_with_metrics.csv,test_ce_h4,float64,See the corresponding protocol/notebook; detailed definition to be finalized.
data/run_level/predictor_specific__difficulty_neural_training_with_metrics.csv,result_file,object,See the corresponding protocol/notebook; detailed definition to be finalized.
data/run_level/predictor_specific__difficulty_neural_training_with_metrics.csv,bayes_ce_h1,float64,Exact Bayes cross-entropy for context length 1.
data/run_level/predictor_specific__difficulty_neural_training_with_metrics.csv,bayes_ce_h2,float64,See the corresponding protocol/notebook; detailed definition to be finalized.
data/run_level/predictor_specific__difficulty_neural_training_with_metrics.csv,bayes_ce_h3,float64,See the corresponding protocol/notebook; detailed definition to be finalized.
data/run_level/predictor_specific__difficulty_neural_training_with_metrics.csv,bayes_ce_h4,float64,Exact Bayes cross-entropy for context length 4.
data/run_level/predictor_specific__difficulty_neural_training_with_metrics.csv,shape_rmse,float64,Anchored Shape RMSE relative to the Bayes context-response curve.
data/run_level/predictor_specific__difficulty_neural_training_with_metrics.csv,excess_ce_H,float64,Test cross-entropy at H minus exact Bayes cross-entropy at H.
data/run_level/predictor_specific__difficulty_neural_training_with_metrics.csv,recovery_ratio,float64,Empirical context gap divided by Bayes context gap.
data/run_level/strict__strict_run_level_pair_effects.csv,pair_id,object,Matched-pair identifier.
data/run_level/strict__strict_run_level_pair_effects.csv,pair_type,object,See the corresponding protocol/notebook; detailed definition to be finalized.
data/run_level/strict__strict_run_level_pair_effects.csv,architecture,object,Learner architecture.
data/run_level/strict__strict_run_level_pair_effects.csv,dimension,int64,Representation width.
data/run_level/strict__strict_run_level_pair_effects.csv,seed,int64,Training seed.
data/run_level/strict__strict_run_level_pair_effects.csv,hmm_a,object,See the corresponding protocol/notebook; detailed definition to be finalized.
data/run_level/strict__strict_run_level_pair_effects.csv,hmm_b,object,See the corresponding protocol/notebook; detailed definition to be finalized.
data/run_level/strict__strict_run_level_pair_effects.csv,raw_b_minus_a,float64,See the corresponding protocol/notebook; detailed definition to be finalized.
data/run_level/strict__strict_run_level_pair_effects.csv,signed_expected_effect,float64,See the corresponding protocol/notebook; detailed definition to be finalized.
data/run_level/strict__strict_training_raw.csv,status,object,See the corresponding protocol/notebook; detailed definition to be finalized.
data/run_level/strict__strict_training_raw.csv,hmm_id,object,Stable HMM identifier.
data/run_level/strict__strict_training_raw.csv,architecture,object,Learner architecture.
data/run_level/strict__strict_training_raw.csv,dimension,int64,Representation width.
data/run_level/strict__strict_training_raw.csv,seed,int64,Training seed.
data/run_level/strict__strict_training_raw.csv,n_train,int64,Number of training sequences.
data/run_level/strict__strict_training_raw.csv,best_epoch,int64,See the corresponding protocol/notebook; detailed definition to be finalized.
data/run_level/strict__strict_training_raw.csv,best_val_ce,float64,See the corresponding protocol/notebook; detailed definition to be finalized.
data/run_level/strict__strict_training_raw.csv,final_batch_size,int64,See the corresponding protocol/notebook; detailed definition to be finalized.
data/run_level/strict__strict_training_raw.csv,epochs_completed,int64,See the corresponding protocol/notebook; detailed definition to be finalized.
data/run_level/strict__strict_training_raw.csv,parameter_count,int64,See the corresponding protocol/notebook; detailed definition to be finalized.
data/run_level/strict__strict_training_raw.csv,device,object,See the corresponding protocol/notebook; detailed definition to be finalized.
data/run_level/strict__strict_training_raw.csv,test_ce_h1,float64,See the corresponding protocol/notebook; detailed definition to be finalized.
data/run_level/strict__strict_training_raw.csv,test_ce_h2,float64,See the corresponding protocol/notebook; detailed definition to be finalized.
data/run_level/strict__strict_training_raw.csv,test_ce_h3,float64,See the corresponding protocol/notebook; detailed definition to be finalized.
data/run_level/strict__strict_training_raw.csv,test_ce_h4,float64,See the corresponding protocol/notebook; detailed definition to be finalized.
data/run_level/strict__strict_training_raw.csv,result_file,object,See the corresponding protocol/notebook; detailed definition to be finalized.
data/run_level/strict__strict_training_with_metrics.csv,status,object,See the corresponding protocol/notebook; detailed definition to be finalized.
data/run_level/strict__strict_training_with_metrics.csv,hmm_id,object,Stable HMM identifier.
data/run_level/strict__strict_training_with_metrics.csv,architecture,object,Learner architecture.
data/run_level/strict__strict_training_with_metrics.csv,dimension,int64,Representation width.
data/run_level/strict__strict_training_with_metrics.csv,seed,int64,Training seed.
data/run_level/strict__strict_training_with_metrics.csv,n_train,int64,Number of training sequences.
data/run_level/strict__strict_training_with_metrics.csv,best_epoch,int64,See the corresponding protocol/notebook; detailed definition to be finalized.
data/run_level/strict__strict_training_with_metrics.csv,best_val_ce,float64,See the corresponding protocol/notebook; detailed definition to be finalized.
data/run_level/strict__strict_training_with_metrics.csv,final_batch_size,int64,See the corresponding protocol/notebook; detailed definition to be finalized.
data/run_level/strict__strict_training_with_metrics.csv,epochs_completed,int64,See the corresponding protocol/notebook; detailed definition to be finalized.
data/run_level/strict__strict_training_with_metrics.csv,parameter_count,int64,See the corresponding protocol/notebook; detailed definition to be finalized.
data/run_level/strict__strict_training_with_metrics.csv,device,object,See the corresponding protocol/notebook; detailed definition to be finalized.
data/run_level/strict__strict_training_with_metrics.csv,test_ce_h1,float64,See the corresponding protocol/notebook; detailed definition to be finalized.
data/run_level/strict__strict_training_with_metrics.csv,test_ce_h2,float64,See the corresponding protocol/notebook; detailed definition to be finalized.
data/run_level/strict__strict_training_with_metrics.csv,test_ce_h3,float64,See the corresponding protocol/notebook; detailed definition to be finalized.
data/run_level/strict__strict_training_with_metrics.csv,test_ce_h4,float64,See the corresponding protocol/notebook; detailed definition to be finalized.
data/run_level/strict__strict_training_with_metrics.csv,result_file,object,See the corresponding protocol/notebook; detailed definition to be finalized.
data/run_level/strict__strict_training_with_metrics.csv,bayes_ce_h1,float64,Exact Bayes cross-entropy for context length 1.
data/run_level/strict__strict_training_with_metrics.csv,bayes_ce_h2,float64,See the corresponding protocol/notebook; detailed definition to be finalized.
data/run_level/strict__strict_training_with_metrics.csv,bayes_ce_h3,float64,See the corresponding protocol/notebook; detailed definition to be finalized.
data/run_level/strict__strict_training_with_metrics.csv,bayes_ce_h4,float64,Exact Bayes cross-entropy for context length 4.
data/run_level/strict__strict_training_with_metrics.csv,shape_rmse,float64,Anchored Shape RMSE relative to the Bayes context-response curve.
data/run_level/strict__strict_training_with_metrics.csv,excess_ce_H,float64,Test cross-entropy at H minus exact Bayes cross-entropy at H.
data/run_level/strict__strict_training_with_metrics.csv,recovery_ratio,float64,Empirical context gap divided by Bayes context gap.
data/selections/development_matched_pairs.csv,pair_index,int64,See the corresponding protocol/notebook; detailed definition to be finalized.
data/selections/development_matched_pairs.csv,pair_type,object,See the corresponding protocol/notebook; detailed definition to be finalized.
data/selections/development_matched_pairs.csv,hmm_a,object,See the corresponding protocol/notebook; detailed definition to be finalized.
data/selections/development_matched_pairs.csv,hmm_b,object,See the corresponding protocol/notebook; detailed definition to be finalized.
data/selections/development_selected_hmms.csv,hmm_id,object,Stable HMM identifier.
data/selections/development_selected_hmms.csv,source,object,See the corresponding protocol/notebook; detailed definition to be finalized.
data/selections/development_selected_hmms.csv,source_file,float64,See the corresponding protocol/notebook; detailed definition to be finalized.
data/selections/development_selected_hmms.csv,K,int64,Number of hidden states.
data/selections/development_selected_hmms.csv,vocab_size,int64,See the corresponding protocol/notebook; detailed definition to be finalized.
data/selections/development_selected_hmms.csv,min_stationary_prob,float64,See the corresponding protocol/notebook; detailed definition to be finalized.
data/selections/development_selected_hmms.csv,min_symbol_prob,float64,See the corresponding protocol/notebook; detailed definition to be finalized.
data/selections/development_selected_hmms.csv,bayes_ce_h1,float64,Exact Bayes cross-entropy for context length 1.
data/selections/development_selected_hmms.csv,bayes_ce_h2,float64,See the corresponding protocol/notebook; detailed definition to be finalized.
data/selections/development_selected_hmms.csv,bayes_ce_h3,float64,See the corresponding protocol/notebook; detailed definition to be finalized.
data/selections/development_selected_hmms.csv,bayes_ce_h4,float64,Exact Bayes cross-entropy for context length 4.
data/selections/development_selected_hmms.csv,bayes_gap_1_to_H,float64,See the corresponding protocol/notebook; detailed definition to be finalized.
data/selections/development_selected_hmms.csv,context_gain_area,float64,Area between the Bayes context-response curve and its value at H.
data/selections/development_selected_hmms.csv,pred_h4_m1_sv1,float64,See the corresponding protocol/notebook; detailed definition to be finalized.
data/selections/development_selected_hmms.csv,pred_h4_m1_sv2,float64,See the corresponding protocol/notebook; detailed definition to be finalized.
data/selections/development_selected_hmms.csv,pred_h4_m1_signal,float64,See the corresponding protocol/notebook; detailed definition to be finalized.
data/selections/development_selected_hmms.csv,pred_h4_m1_effective_rank,float64,See the corresponding protocol/notebook; detailed definition to be finalized.
data/selections/development_selected_hmms.csv,pred_h4_m1_numerical_rank,int64,See the corresponding protocol/notebook; detailed definition to be finalized.
data/selections/development_selected_hmms.csv,pred_h4_m1_r90,int64,See the corresponding protocol/notebook; detailed definition to be finalized.
data/selections/development_selected_hmms.csv,pred_h4_m1_sigma90,float64,See the corresponding protocol/notebook; detailed definition to be finalized.
data/selections/development_selected_hmms.csv,pred_h4_m1_kappa90,float64,See the corresponding protocol/notebook; detailed definition to be finalized.
data/selections/development_selected_hmms.csv,pred_h4_m1_r95,int64,See the corresponding protocol/notebook; detailed definition to be finalized.
data/selections/development_selected_hmms.csv,pred_h4_m1_sigma95,float64,See the corresponding protocol/notebook; detailed definition to be finalized.
data/selections/development_selected_hmms.csv,pred_h4_m1_kappa95,float64,See the corresponding protocol/notebook; detailed definition to be finalized.
data/selections/development_selected_hmms.csv,pred_h4_m1_r99,int64,See the corresponding protocol/notebook; detailed definition to be finalized.
data/selections/development_selected_hmms.csv,pred_h4_m1_sigma99,float64,See the corresponding protocol/notebook; detailed definition to be finalized.
data/selections/development_selected_hmms.csv,pred_h4_m1_kappa99,float64,See the corresponding protocol/notebook; detailed definition to be finalized.
data/selections/development_selected_hmms.csv,pred_h4_m2_sv1,float64,See the corresponding protocol/notebook; detailed definition to be finalized.
data/selections/development_selected_hmms.csv,pred_h4_m2_sv2,float64,See the corresponding protocol/notebook; detailed definition to be finalized.
data/selections/development_selected_hmms.csv,pred_h4_m2_sv3,float64,See the corresponding protocol/notebook; detailed definition to be finalized.
data/selections/development_selected_hmms.csv,pred_h4_m2_signal,float64,See the corresponding protocol/notebook; detailed definition to be finalized.
data/selections/development_selected_hmms.csv,pred_h4_m2_effective_rank,float64,See the corresponding protocol/notebook; detailed definition to be finalized.
data/selections/development_selected_hmms.csv,pred_h4_m2_numerical_rank,int64,See the corresponding protocol/notebook; detailed definition to be finalized.
data/selections/development_selected_hmms.csv,pred_h4_m2_r90,int64,See the corresponding protocol/notebook; detailed definition to be finalized.
data/selections/development_selected_hmms.csv,pred_h4_m2_sigma90,float64,See the corresponding protocol/notebook; detailed definition to be finalized.
data/selections/development_selected_hmms.csv,pred_h4_m2_kappa90,float64,See the corresponding protocol/notebook; detailed definition to be finalized.
data/selections/development_selected_hmms.csv,pred_h4_m2_r95,int64,See the corresponding protocol/notebook; detailed definition to be finalized.
data/selections/development_selected_hmms.csv,pred_h4_m2_sigma95,float64,See the corresponding protocol/notebook; detailed definition to be finalized.
data/selections/development_selected_hmms.csv,pred_h4_m2_kappa95,float64,See the corresponding protocol/notebook; detailed definition to be finalized.
data/selections/development_selected_hmms.csv,pred_h4_m2_r99,int64,See the corresponding protocol/notebook; detailed definition to be finalized.
data/selections/development_selected_hmms.csv,pred_h4_m2_sigma99,float64,See the corresponding protocol/notebook; detailed definition to be finalized.
data/selections/development_selected_hmms.csv,pred_h4_m2_kappa99,float64,See the corresponding protocol/notebook; detailed definition to be finalized.
data/selections/development_selected_hmms.csv,lambda2_abs,float64,See the corresponding protocol/notebook; detailed definition to be finalized.
data/selections/development_selected_hmms.csv,tau_hidden,float64,See the corresponding protocol/notebook; detailed definition to be finalized.
data/selections/development_selected_hmms.csv,tau_observed_proxy,float64,See the corresponding protocol/notebook; detailed definition to be finalized.
data/selections/development_selected_hmms.csv,bank_index,float64,See the corresponding protocol/notebook; detailed definition to be finalized.
data/selections/development_selected_hmms.csv,alpha_t,float64,See the corresponding protocol/notebook; detailed definition to be finalized.
data/selections/development_selected_hmms.csv,self_bias,float64,See the corresponding protocol/notebook; detailed definition to be finalized.
data/selections/development_selected_hmms.csv,alpha_e,float64,See the corresponding protocol/notebook; detailed definition to be finalized.
data/selections/development_selected_hmms.csv,gen_seed,float64,See the corresponding protocol/notebook; detailed definition to be finalized.
data/selections/development_selected_hmms.csv,pred_h4_m1_sv3,float64,See the corresponding protocol/notebook; detailed definition to be finalized.
data/selections/development_selected_hmms.csv,pred_h4_m1_sv4,float64,See the corresponding protocol/notebook; detailed definition to be finalized.
data/selections/development_selected_hmms.csv,pred_h4_m2_sv4,float64,See the corresponding protocol/notebook; detailed definition to be finalized.
data/selections/development_selected_hmms.csv,pred_h4_m1_sv5,float64,See the corresponding protocol/notebook; detailed definition to be finalized.
data/selections/development_selected_hmms.csv,pred_h4_m2_sv5,float64,See the corresponding protocol/notebook; detailed definition to be finalized.
outputs/variance_components/seed_aware_variance_summary.csv,outcome,object,Outcome label.
outputs/variance_components/seed_aware_variance_summary.csv,run_level_column,object,Source column in the confirmatory run-level table.
outputs/variance_components/seed_aware_variance_summary.csv,interaction_share,float64,Process-by-condition interaction share on the 0–1 scale.
outputs/variance_components/seed_aware_variance_summary.csv,interaction_share_percent,float64,Interaction share in percent.
outputs/variance_components/seed_aware_variance_summary.csv,ordinary_cluster_ci_lower_percent,float64,"Lower endpoint of the primary HMM-cluster percentile interval, percent."
outputs/variance_components/seed_aware_variance_summary.csv,ordinary_cluster_ci_upper_percent,float64,"Upper endpoint of the primary HMM-cluster percentile interval, percent."
outputs/variance_components/seed_aware_variance_summary.csv,ordinary_zero_fraction,float64,Fraction of ordinary bootstrap replicates truncated to zero interaction share.
outputs/variance_components/seed_aware_variance_summary.csv,k_stratified_ci_lower_percent,float64,"Lower endpoint of the K-stratified sensitivity interval, percent."
outputs/variance_components/seed_aware_variance_summary.csv,k_stratified_ci_upper_percent,float64,"Upper endpoint of the K-stratified sensitivity interval, percent."
outputs/variance_components/seed_aware_variance_summary.csv,k_stratified_zero_fraction,float64,Fraction of K-stratified bootstrap replicates truncated to zero interaction share.
outputs/variance_components/seed_aware_variance_components.csv,outcome,object,Balanced ANOVA variance-component reconstruction field; see metadata and README.
outputs/variance_components/seed_aware_variance_components.csv,run_level_column,object,Balanced ANOVA variance-component reconstruction field; see metadata and README.
outputs/variance_components/seed_aware_variance_components.csv,n_hmms,int64,Balanced ANOVA variance-component reconstruction field; see metadata and README.
outputs/variance_components/seed_aware_variance_components.csv,n_conditions,int64,Balanced ANOVA variance-component reconstruction field; see metadata and README.
outputs/variance_components/seed_aware_variance_components.csv,n_seeds,int64,Balanced ANOVA variance-component reconstruction field; see metadata and README.
outputs/variance_components/seed_aware_variance_components.csv,process_ss,float64,Balanced ANOVA variance-component reconstruction field; see metadata and README.
outputs/variance_components/seed_aware_variance_components.csv,condition_ss,float64,Balanced ANOVA variance-component reconstruction field; see metadata and README.
outputs/variance_components/seed_aware_variance_components.csv,interaction_ss,float64,Balanced ANOVA variance-component reconstruction field; see metadata and README.
outputs/variance_components/seed_aware_variance_components.csv,residual_ss,float64,Balanced ANOVA variance-component reconstruction field; see metadata and README.
outputs/variance_components/seed_aware_variance_components.csv,process_ms,float64,Balanced ANOVA variance-component reconstruction field; see metadata and README.
outputs/variance_components/seed_aware_variance_components.csv,condition_ms,float64,Balanced ANOVA variance-component reconstruction field; see metadata and README.
outputs/variance_components/seed_aware_variance_components.csv,interaction_ms,float64,Balanced ANOVA variance-component reconstruction field; see metadata and README.
outputs/variance_components/seed_aware_variance_components.csv,residual_ms,float64,Balanced ANOVA variance-component reconstruction field; see metadata and README.
outputs/variance_components/seed_aware_variance_components.csv,process_variance_raw,float64,Balanced ANOVA variance-component reconstruction field; see metadata and README.
outputs/variance_components/seed_aware_variance_components.csv,condition_variance_raw,float64,Balanced ANOVA variance-component reconstruction field; see metadata and README.
outputs/variance_components/seed_aware_variance_components.csv,interaction_variance_raw,float64,Balanced ANOVA variance-component reconstruction field; see metadata and README.
outputs/variance_components/seed_aware_variance_components.csv,residual_variance,float64,Balanced ANOVA variance-component reconstruction field; see metadata and README.
outputs/variance_components/seed_aware_variance_components.csv,process_variance,float64,Balanced ANOVA variance-component reconstruction field; see metadata and README.
outputs/variance_components/seed_aware_variance_components.csv,interaction_variance,float64,Balanced ANOVA variance-component reconstruction field; see metadata and README.
outputs/variance_components/seed_aware_variance_components.csv,interaction_share,float64,Balanced ANOVA variance-component reconstruction field; see metadata and README.
outputs/variance_components/seed_aware_condition_scaling.csv,outcome,object,Outcome label.
outputs/variance_components/seed_aware_condition_scaling.csv,condition,object,Architecture-by-width condition.
outputs/variance_components/seed_aware_condition_scaling.csv,full_cohort_mean,float64,Full-cohort condition mean used for scaling.
outputs/variance_components/seed_aware_condition_scaling.csv,full_cohort_population_sd,float64,Full-cohort population standard deviation used for scaling.
outputs/variance_components/seed_aware_bootstrap_shares.csv,outcome,object,Outcome label.
outputs/variance_components/seed_aware_bootstrap_shares.csv,replicate,int64,Bootstrap replicate index.
outputs/variance_components/seed_aware_bootstrap_shares.csv,ordinary_cluster_share,float64,Interaction share from ordinary HMM-cluster resampling.
outputs/variance_components/seed_aware_bootstrap_shares.csv,k_stratified_cluster_share,float64,Interaction share from K-stratified HMM-cluster resampling.
data/aggregate/dataset_realization__dataset_pair_rank_stability.csv,architecture,object,Learner architecture.
data/aggregate/dataset_realization__dataset_pair_rank_stability.csv,outcome,object,See the corresponding protocol and reconstruction script.
data/aggregate/dataset_realization__dataset_pair_rank_stability.csv,replicate_1,int64,See the corresponding protocol and reconstruction script.
data/aggregate/dataset_realization__dataset_pair_rank_stability.csv,replicate_2,int64,See the corresponding protocol and reconstruction script.
data/aggregate/dataset_realization__dataset_pair_rank_stability.csv,n_hmms,int64,See the corresponding protocol and reconstruction script.
data/aggregate/dataset_realization__dataset_pair_rank_stability.csv,spearman_rho,float64,Spearman rank correlation across HMMs.
data/aggregate/dataset_realization__dataset_pair_rank_stability.csv,bootstrap_ci_low,float64,Lower percentile bootstrap bound.
data/aggregate/dataset_realization__dataset_pair_rank_stability.csv,bootstrap_ci_high,float64,Upper percentile bootstrap bound.
data/aggregate/dataset_realization__frozen_augmented_vs_K_by_dataset.csv,dataset_replicate,int64,Dataset realization identifier (0 original; 1-2 independently regenerated).
data/aggregate/dataset_realization__frozen_augmented_vs_K_by_dataset.csv,architecture,object,Learner architecture.
data/aggregate/dataset_realization__frozen_augmented_vs_K_by_dataset.csv,outcome,object,See the corresponding protocol and reconstruction script.
data/aggregate/dataset_realization__frozen_augmented_vs_K_by_dataset.csv,n_hmms,int64,See the corresponding protocol and reconstruction script.
data/aggregate/dataset_realization__frozen_augmented_vs_K_by_dataset.csv,K_only_rmse,float64,RMSE of the frozen K-only predictor.
data/aggregate/dataset_realization__frozen_augmented_vs_K_by_dataset.csv,augmented_rmse,float64,RMSE of the frozen augmented-profile predictor.
data/aggregate/dataset_realization__frozen_augmented_vs_K_by_dataset.csv,augmented_rmse_reduction_percent,float64,Percentage RMSE reduction of augmented profile relative to K-only.
data/aggregate/dataset_realization__frozen_augmented_vs_K_by_dataset.csv,mean_squared_error_advantage,float64,See the corresponding protocol and reconstruction script.
data/aggregate/dataset_realization__frozen_augmented_vs_K_by_dataset.csv,exact_two_sided_sign_flip_p,float64,See the corresponding protocol and reconstruction script.
data/aggregate/dataset_realization__frozen_profile_performance_by_dataset.csv,dataset_replicate,int64,Dataset realization identifier (0 original; 1-2 independently regenerated).
data/aggregate/dataset_realization__frozen_profile_performance_by_dataset.csv,architecture,object,Learner architecture.
data/aggregate/dataset_realization__frozen_profile_performance_by_dataset.csv,outcome,object,See the corresponding protocol and reconstruction script.
data/aggregate/dataset_realization__frozen_profile_performance_by_dataset.csv,model,object,See the corresponding protocol and reconstruction script.
data/aggregate/dataset_realization__frozen_profile_performance_by_dataset.csv,n_hmms,int64,See the corresponding protocol and reconstruction script.
data/aggregate/dataset_realization__frozen_profile_performance_by_dataset.csv,rmse,float64,See the corresponding protocol and reconstruction script.
data/aggregate/dataset_realization__frozen_profile_performance_by_dataset.csv,r2,float64,See the corresponding protocol and reconstruction script.
data/aggregate/dataset_realization__full_variance_components.csv,outcome,object,See the corresponding protocol and reconstruction script.
data/aggregate/dataset_realization__full_variance_components.csv,P,int64,See the corresponding protocol and reconstruction script.
data/aggregate/dataset_realization__full_variance_components.csv,R,int64,See the corresponding protocol and reconstruction script.
data/aggregate/dataset_realization__full_variance_components.csv,C,int64,See the corresponding protocol and reconstruction script.
data/aggregate/dataset_realization__full_variance_components.csv,S,int64,See the corresponding protocol and reconstruction script.
data/aggregate/dataset_realization__full_variance_components.csv,MS_process,float64,See the corresponding protocol and reconstruction script.
data/aggregate/dataset_realization__full_variance_components.csv,MS_condition,float64,See the corresponding protocol and reconstruction script.
data/aggregate/dataset_realization__full_variance_components.csv,MS_dataset_within_process,float64,See the corresponding protocol and reconstruction script.
data/aggregate/dataset_realization__full_variance_components.csv,MS_process_by_condition,float64,See the corresponding protocol and reconstruction script.
data/aggregate/dataset_realization__full_variance_components.csv,MS_dataset_by_condition,float64,See the corresponding protocol and reconstruction script.
data/aggregate/dataset_realization__full_variance_components.csv,MS_seed_residual,float64,See the corresponding protocol and reconstruction script.
data/aggregate/dataset_realization__full_variance_components.csv,process_variance,float64,See the corresponding protocol and reconstruction script.
data/aggregate/dataset_realization__full_variance_components.csv,dataset_within_process_variance,float64,See the corresponding protocol and reconstruction script.
data/aggregate/dataset_realization__full_variance_components.csv,process_by_condition_variance,float64,See the corresponding protocol and reconstruction script.
data/aggregate/dataset_realization__full_variance_components.csv,dataset_by_condition_variance,float64,See the corresponding protocol and reconstruction script.
data/aggregate/dataset_realization__full_variance_components.csv,seed_residual_variance,float64,See the corresponding protocol and reconstruction script.
data/aggregate/dataset_realization__full_variance_components.csv,stable_process_share_vs_dataset,float64,See the corresponding protocol and reconstruction script.
data/aggregate/dataset_realization__full_variance_components.csv,dataset_latent_share,float64,See the corresponding protocol and reconstruction script.
data/aggregate/dataset_realization__full_variance_components.csv,process_latent_share,float64,See the corresponding protocol and reconstruction script.
data/aggregate/dataset_realization__grid_audit.csv,dataset_replicate,int64,Dataset realization identifier (0 original; 1-2 independently regenerated).
data/aggregate/dataset_realization__grid_audit.csv,hmm_id,object,Stable HMM identifier.
data/aggregate/dataset_realization__grid_audit.csv,architecture,object,Learner architecture.
data/aggregate/dataset_realization__grid_audit.csv,dimension,int64,Neural representation width.
data/aggregate/dataset_realization__grid_audit.csv,seed,int64,Training seed index.
data/aggregate/dataset_realization__grid_audit.csv,observed,bool,Whether the expected balanced-grid condition is present.
data/aggregate/dataset_realization__hmm_dataset_summary.csv,dataset_replicate,int64,Dataset realization identifier (0 original; 1-2 independently regenerated).
data/aggregate/dataset_realization__hmm_dataset_summary.csv,hmm_id,object,Stable HMM identifier.
data/aggregate/dataset_realization__hmm_dataset_summary.csv,architecture,object,Learner architecture.
data/aggregate/dataset_realization__hmm_dataset_summary.csv,A_width_shape,float64,Shape RMSE averaged over the prespecified width grid.
data/aggregate/dataset_realization__hmm_dataset_summary.csv,best_shape_rmse,float64,See the corresponding protocol and reconstruction script.
data/aggregate/dataset_realization__hmm_dataset_summary.csv,best_dimension,int64,See the corresponding protocol and reconstruction script.
data/aggregate/dataset_realization__hmm_dataset_summary.csv,mean_excess_ce_H,float64,See the corresponding protocol and reconstruction script.
data/aggregate/dataset_realization__hmm_dataset_summary.csv,K,int64,Number of hidden states.
data/aggregate/dataset_realization__hmm_level_process_icc.csv,architecture,object,Learner architecture.
data/aggregate/dataset_realization__hmm_level_process_icc.csv,outcome,object,See the corresponding protocol and reconstruction script.
data/aggregate/dataset_realization__hmm_level_process_icc.csv,n_hmms,int64,See the corresponding protocol and reconstruction script.
data/aggregate/dataset_realization__hmm_level_process_icc.csv,n_dataset_replicates,int64,See the corresponding protocol and reconstruction script.
data/aggregate/dataset_realization__hmm_level_process_icc.csv,ms_between,float64,See the corresponding protocol and reconstruction script.
data/aggregate/dataset_realization__hmm_level_process_icc.csv,ms_within,float64,See the corresponding protocol and reconstruction script.
data/aggregate/dataset_realization__hmm_level_process_icc.csv,process_variance,float64,See the corresponding protocol and reconstruction script.
data/aggregate/dataset_realization__hmm_level_process_icc.csv,dataset_realization_variance,float64,See the corresponding protocol and reconstruction script.
data/aggregate/dataset_realization__hmm_level_process_icc.csv,process_icc,float64,Process ICC across dataset realizations.
data/aggregate/dataset_realization__hmm_level_process_icc.csv,icc_ci_low,float64,Lower percentile bootstrap bound for process ICC.
data/aggregate/dataset_realization__hmm_level_process_icc.csv,icc_ci_high,float64,Upper percentile bootstrap bound for process ICC.
data/aggregate/dataset_realization__pca_pc1_loadings_by_dataset.csv,dataset_replicate,int64,Dataset realization identifier (0 original; 1-2 independently regenerated).
data/aggregate/dataset_realization__pca_pc1_loadings_by_dataset.csv,condition,object,See the corresponding protocol and reconstruction script.
data/aggregate/dataset_realization__pca_pc1_loadings_by_dataset.csv,pc1_loading,float64,Oriented first-principal-component loading.
data/aggregate/dataset_realization__pca_pc1_score_stability.csv,replicate_1,int64,See the corresponding protocol and reconstruction script.
data/aggregate/dataset_realization__pca_pc1_score_stability.csv,replicate_2,int64,See the corresponding protocol and reconstruction script.
data/aggregate/dataset_realization__pca_pc1_score_stability.csv,n_hmms,int64,See the corresponding protocol and reconstruction script.
data/aggregate/dataset_realization__pca_pc1_score_stability.csv,pc1_score_spearman,float64,Spearman correlation between PC1 HMM scores across dataset realizations.
data/aggregate/dataset_realization__pca_summary_by_dataset.csv,dataset_replicate,int64,Dataset realization identifier (0 original; 1-2 independently regenerated).
data/aggregate/dataset_realization__pca_summary_by_dataset.csv,n_hmms,int64,See the corresponding protocol and reconstruction script.
data/aggregate/dataset_realization__pca_summary_by_dataset.csv,pc1_explained_variance,float64,See the corresponding protocol and reconstruction script.
data/aggregate/dataset_realization__pca_summary_by_dataset.csv,pc1_pc2_explained_variance,float64,See the corresponding protocol and reconstruction script.
data/aggregate/dataset_realization__width_level_summary.csv,dataset_replicate,int64,Dataset realization identifier (0 original; 1-2 independently regenerated).
data/aggregate/dataset_realization__width_level_summary.csv,hmm_id,object,Stable HMM identifier.
data/aggregate/dataset_realization__width_level_summary.csv,architecture,object,Learner architecture.
data/aggregate/dataset_realization__width_level_summary.csv,dimension,int64,Neural representation width.
data/aggregate/dataset_realization__width_level_summary.csv,shape_rmse,float64,Anchored Bayes context-response Shape RMSE.
data/aggregate/dataset_realization__width_level_summary.csv,shape_rmse_sd,float64,See the corresponding protocol and reconstruction script.
data/aggregate/dataset_realization__width_level_summary.csv,excess_ce_H,float64,Test cross-entropy at H=4 minus exact Bayes cross-entropy.
data/aggregate/dataset_realization__width_level_summary.csv,excess_ce_H_sd,float64,See the corresponding protocol and reconstruction script.
data/aggregate/dataset_realization__width_level_summary.csv,best_val_ce,float64,See the corresponding protocol and reconstruction script.
data/protocols/dataset_realization_replicate_manifest.csv,hmm_id,object,Stable HMM identifier.
data/protocols/dataset_realization_replicate_manifest.csv,dataset_replicate,int64,Dataset realization identifier (0 original; 1-2 independently regenerated).
data/protocols/dataset_realization_replicate_manifest.csv,source,object,See the corresponding protocol and reconstruction script.
data/protocols/dataset_realization_replicate_manifest.csv,dataset_file,object,Sanitized provenance marker for the dataset file.
data/protocols/dataset_realization_replicate_manifest.csv,sha256,object,SHA-256 checksum of the generated dataset array.
data/protocols/dataset_realization_replicate_manifest.csv,train_seed,float64,Deterministic training-split generation seed.
data/protocols/dataset_realization_replicate_manifest.csv,val_seed,float64,Deterministic validation-split generation seed.
data/protocols/dataset_realization_replicate_manifest.csv,test_seed,float64,Deterministic test-split generation seed.
data/run_level/dataset_realization__training_with_metrics.csv,status,object,See the corresponding protocol and reconstruction script.
data/run_level/dataset_realization__training_with_metrics.csv,hmm_id,object,Stable HMM identifier.
data/run_level/dataset_realization__training_with_metrics.csv,architecture,object,Learner architecture.
data/run_level/dataset_realization__training_with_metrics.csv,dimension,int64,Neural representation width.
data/run_level/dataset_realization__training_with_metrics.csv,seed,int64,Training seed index.
data/run_level/dataset_realization__training_with_metrics.csv,n_train,int64,See the corresponding protocol and reconstruction script.
data/run_level/dataset_realization__training_with_metrics.csv,best_epoch,int64,See the corresponding protocol and reconstruction script.
data/run_level/dataset_realization__training_with_metrics.csv,best_val_ce,float64,See the corresponding protocol and reconstruction script.
data/run_level/dataset_realization__training_with_metrics.csv,final_batch_size,int64,See the corresponding protocol and reconstruction script.
data/run_level/dataset_realization__training_with_metrics.csv,epochs_completed,int64,See the corresponding protocol and reconstruction script.
data/run_level/dataset_realization__training_with_metrics.csv,parameter_count,int64,See the corresponding protocol and reconstruction script.
data/run_level/dataset_realization__training_with_metrics.csv,device,object,See the corresponding protocol and reconstruction script.
data/run_level/dataset_realization__training_with_metrics.csv,test_ce_h1,float64,See the corresponding protocol and reconstruction script.
data/run_level/dataset_realization__training_with_metrics.csv,test_ce_h2,float64,See the corresponding protocol and reconstruction script.
data/run_level/dataset_realization__training_with_metrics.csv,test_ce_h3,float64,See the corresponding protocol and reconstruction script.
data/run_level/dataset_realization__training_with_metrics.csv,test_ce_h4,float64,See the corresponding protocol and reconstruction script.
data/run_level/dataset_realization__training_with_metrics.csv,result_file,object,Sanitized provenance marker for the original result file.
data/run_level/dataset_realization__training_with_metrics.csv,bayes_ce_h1,float64,See the corresponding protocol and reconstruction script.
data/run_level/dataset_realization__training_with_metrics.csv,bayes_ce_h2,float64,See the corresponding protocol and reconstruction script.
data/run_level/dataset_realization__training_with_metrics.csv,bayes_ce_h3,float64,See the corresponding protocol and reconstruction script.
data/run_level/dataset_realization__training_with_metrics.csv,bayes_ce_h4,float64,See the corresponding protocol and reconstruction script.
data/run_level/dataset_realization__training_with_metrics.csv,shape_rmse,float64,Anchored Bayes context-response Shape RMSE.
data/run_level/dataset_realization__training_with_metrics.csv,excess_ce_H,float64,Test cross-entropy at H=4 minus exact Bayes cross-entropy.
data/run_level/dataset_realization__training_with_metrics.csv,recovery_ratio,float64,See the corresponding protocol and reconstruction script.
data/run_level/dataset_realization__training_with_metrics.csv,source,object,See the corresponding protocol and reconstruction script.
data/run_level/dataset_realization__training_with_metrics.csv,dataset_replicate,int64,Dataset realization identifier (0 original; 1-2 independently regenerated).
data/run_level/dataset_realization__training_with_metrics.csv,condition_seed,float64,See the corresponding protocol and reconstruction script.
data/run_level/dataset_realization__training_with_metrics.csv,dataset_file,float64,Sanitized provenance marker for the dataset file.
data/selections/dataset_realization_selected_hmms.csv,hmm_id,object,Stable HMM identifier.
data/selections/dataset_realization_selected_hmms.csv,source,object,See the corresponding protocol and reconstruction script.
data/selections/dataset_realization_selected_hmms.csv,cohort,object,See the corresponding protocol and reconstruction script.
data/selections/dataset_realization_selected_hmms.csv,K,int64,Number of hidden states.
data/selections/dataset_realization_selected_hmms.csv,bank_index,int64,See the corresponding protocol and reconstruction script.
data/selections/dataset_realization_selected_hmms.csv,alpha_t,float64,See the corresponding protocol and reconstruction script.
data/selections/dataset_realization_selected_hmms.csv,self_bias,float64,See the corresponding protocol and reconstruction script.
data/selections/dataset_realization_selected_hmms.csv,alpha_e,float64,See the corresponding protocol and reconstruction script.
data/selections/dataset_realization_selected_hmms.csv,gen_seed,int64,See the corresponding protocol and reconstruction script.
data/selections/dataset_realization_selected_hmms.csv,vocab_size,int64,See the corresponding protocol and reconstruction script.
data/selections/dataset_realization_selected_hmms.csv,min_stationary_prob,float64,See the corresponding protocol and reconstruction script.
data/selections/dataset_realization_selected_hmms.csv,min_symbol_prob,float64,See the corresponding protocol and reconstruction script.
data/selections/dataset_realization_selected_hmms.csv,bayes_ce_h1,float64,See the corresponding protocol and reconstruction script.
data/selections/dataset_realization_selected_hmms.csv,bayes_ce_h2,float64,See the corresponding protocol and reconstruction script.
data/selections/dataset_realization_selected_hmms.csv,bayes_ce_h3,float64,See the corresponding protocol and reconstruction script.
data/selections/dataset_realization_selected_hmms.csv,bayes_ce_h4,float64,See the corresponding protocol and reconstruction script.
data/selections/dataset_realization_selected_hmms.csv,bayes_gap_1_to_H,float64,See the corresponding protocol and reconstruction script.
data/selections/dataset_realization_selected_hmms.csv,context_gain_area,float64,See the corresponding protocol and reconstruction script.
data/selections/dataset_realization_selected_hmms.csv,pred_h4_m1_sv1,float64,See the corresponding protocol and reconstruction script.
data/selections/dataset_realization_selected_hmms.csv,pred_h4_m1_sv2,float64,See the corresponding protocol and reconstruction script.
data/selections/dataset_realization_selected_hmms.csv,pred_h4_m1_signal,float64,See the corresponding protocol and reconstruction script.
data/selections/dataset_realization_selected_hmms.csv,pred_h4_m1_effective_rank,float64,See the corresponding protocol and reconstruction script.
data/selections/dataset_realization_selected_hmms.csv,pred_h4_m1_numerical_rank,int64,See the corresponding protocol and reconstruction script.
data/selections/dataset_realization_selected_hmms.csv,pred_h4_m1_r90,int64,See the corresponding protocol and reconstruction script.
data/selections/dataset_realization_selected_hmms.csv,pred_h4_m1_sigma90,float64,See the corresponding protocol and reconstruction script.
data/selections/dataset_realization_selected_hmms.csv,pred_h4_m1_kappa90,float64,See the corresponding protocol and reconstruction script.
data/selections/dataset_realization_selected_hmms.csv,pred_h4_m1_r95,int64,See the corresponding protocol and reconstruction script.
data/selections/dataset_realization_selected_hmms.csv,pred_h4_m1_sigma95,float64,See the corresponding protocol and reconstruction script.
data/selections/dataset_realization_selected_hmms.csv,pred_h4_m1_kappa95,float64,See the corresponding protocol and reconstruction script.
data/selections/dataset_realization_selected_hmms.csv,pred_h4_m1_r99,int64,See the corresponding protocol and reconstruction script.
data/selections/dataset_realization_selected_hmms.csv,pred_h4_m1_sigma99,float64,See the corresponding protocol and reconstruction script.
data/selections/dataset_realization_selected_hmms.csv,pred_h4_m1_kappa99,float64,See the corresponding protocol and reconstruction script.
data/selections/dataset_realization_selected_hmms.csv,pred_h4_m2_sv1,float64,See the corresponding protocol and reconstruction script.
data/selections/dataset_realization_selected_hmms.csv,pred_h4_m2_sv2,float64,See the corresponding protocol and reconstruction script.
data/selections/dataset_realization_selected_hmms.csv,pred_h4_m2_signal,float64,See the corresponding protocol and reconstruction script.
data/selections/dataset_realization_selected_hmms.csv,pred_h4_m2_effective_rank,float64,See the corresponding protocol and reconstruction script.
data/selections/dataset_realization_selected_hmms.csv,pred_h4_m2_numerical_rank,int64,See the corresponding protocol and reconstruction script.
data/selections/dataset_realization_selected_hmms.csv,pred_h4_m2_r90,int64,See the corresponding protocol and reconstruction script.
data/selections/dataset_realization_selected_hmms.csv,pred_h4_m2_sigma90,float64,See the corresponding protocol and reconstruction script.
data/selections/dataset_realization_selected_hmms.csv,pred_h4_m2_kappa90,float64,See the corresponding protocol and reconstruction script.
data/selections/dataset_realization_selected_hmms.csv,pred_h4_m2_r95,int64,See the corresponding protocol and reconstruction script.
data/selections/dataset_realization_selected_hmms.csv,pred_h4_m2_sigma95,float64,See the corresponding protocol and reconstruction script.
data/selections/dataset_realization_selected_hmms.csv,pred_h4_m2_kappa95,float64,See the corresponding protocol and reconstruction script.
data/selections/dataset_realization_selected_hmms.csv,pred_h4_m2_r99,int64,See the corresponding protocol and reconstruction script.
data/selections/dataset_realization_selected_hmms.csv,pred_h4_m2_sigma99,float64,See the corresponding protocol and reconstruction script.
data/selections/dataset_realization_selected_hmms.csv,pred_h4_m2_kappa99,float64,See the corresponding protocol and reconstruction script.
data/selections/dataset_realization_selected_hmms.csv,lambda2_abs,float64,See the corresponding protocol and reconstruction script.
data/selections/dataset_realization_selected_hmms.csv,tau_hidden,float64,See the corresponding protocol and reconstruction script.
data/selections/dataset_realization_selected_hmms.csv,tau_observed_proxy,float64,See the corresponding protocol and reconstruction script.
data/selections/dataset_realization_selected_hmms.csv,pred_h4_m1_sv3,float64,See the corresponding protocol and reconstruction script.
data/selections/dataset_realization_selected_hmms.csv,pred_h4_m2_sv3,float64,See the corresponding protocol and reconstruction script.
data/selections/dataset_realization_selected_hmms.csv,pred_h4_m1_sv4,float64,See the corresponding protocol and reconstruction script.
data/selections/dataset_realization_selected_hmms.csv,pred_h4_m2_sv4,float64,See the corresponding protocol and reconstruction script.
data/selections/dataset_realization_selected_hmms.csv,pred_h4_m1_sv5,float64,See the corresponding protocol and reconstruction script.
data/selections/dataset_realization_selected_hmms.csv,pred_h4_m2_sv5,float64,See the corresponding protocol and reconstruction script.
data/selections/dataset_realization_selected_hmms.csv,symbol_entropy,float64,See the corresponding protocol and reconstruction script.
data/selections/dataset_realization_selected_hmms.csv,symbol_entropy_normalized,float64,See the corresponding protocol and reconstruction script.
data/selections/dataset_realization_selected_hmms.csv,max_symbol_prob,float64,See the corresponding protocol and reconstruction script.
data/selections/dataset_realization_selected_hmms.csv,min_symbol_prob_recomputed,float64,See the corresponding protocol and reconstruction script.
data/selections/dataset_realization_selected_hmms.csv,marginal_l2_from_uniform,float64,See the corresponding protocol and reconstruction script.
data/selections/dataset_realization_selected_hmms.csv,symbol_prob_0,float64,See the corresponding protocol and reconstruction script.
data/selections/dataset_realization_selected_hmms.csv,symbol_prob_1,float64,See the corresponding protocol and reconstruction script.
data/selections/dataset_realization_selected_hmms.csv,symbol_prob_2,float64,See the corresponding protocol and reconstruction script.
data/selections/dataset_realization_selected_hmms.csv,symbol_prob_3,float64,See the corresponding protocol and reconstruction script.
data/selections/dataset_realization_selected_hmms.csv,symbol_prob_4,float64,See the corresponding protocol and reconstruction script.
data/selections/dataset_realization_selected_hmms.csv,symbol_prob_5,float64,See the corresponding protocol and reconstruction script.
data/selections/dataset_realization_selected_hmms.csv,symbol_prob_6,float64,See the corresponding protocol and reconstruction script.
data/selections/dataset_realization_selected_hmms.csv,symbol_prob_7,float64,See the corresponding protocol and reconstruction script.
data/selections/dataset_realization_selected_hmms.csv,log_K,float64,See the corresponding protocol and reconstruction script.
data/selections/dataset_realization_selected_hmms.csv,log_gain,float64,See the corresponding protocol and reconstruction script.
data/selections/dataset_realization_selected_hmms.csv,rank_value,float64,See the corresponding protocol and reconstruction script.
data/selections/dataset_realization_selected_hmms.csv,log_rank,float64,See the corresponding protocol and reconstruction script.
data/selections/dataset_realization_selected_hmms.csv,neg_log_sigma,float64,See the corresponding protocol and reconstruction script.
data/selections/dataset_realization_selected_hmms.csv,log_tau,float64,See the corresponding protocol and reconstruction script.
data/selections/dataset_realization_selected_hmms.csv,log_min_symbol_prob,float64,See the corresponding protocol and reconstruction script.
data/selections/dataset_realization_selected_hmms.csv,log_signal,float64,See the corresponding protocol and reconstruction script.
data/selections/dataset_realization_selected_hmms.csv,selection_cluster,int64,See the corresponding protocol and reconstruction script.
data/selections/dataset_realization_selected_hmms.csv,distance_to_cluster_center,float64,See the corresponding protocol and reconstruction script.
data/selections/dataset_realization_selected_hmms.csv,cluster_size,int64,See the corresponding protocol and reconstruction script.
data/selections/dataset_realization_selected_hmms.csv,selection_protocol,object,See the corresponding protocol and reconstruction script.
data/selections/dataset_realization_selected_hmms.csv,pred_h4_m3_sv1,float64,See the corresponding protocol and reconstruction script.
data/selections/dataset_realization_selected_hmms.csv,pred_h4_m3_sv2,float64,See the corresponding protocol and reconstruction script.
data/selections/dataset_realization_selected_hmms.csv,pred_h4_m3_signal,float64,See the corresponding protocol and reconstruction script.
data/selections/dataset_realization_selected_hmms.csv,pred_h4_m3_effective_rank,float64,See the corresponding protocol and reconstruction script.
data/selections/dataset_realization_selected_hmms.csv,pred_h4_m3_numerical_rank,int64,See the corresponding protocol and reconstruction script.
data/selections/dataset_realization_selected_hmms.csv,pred_h4_m3_r90,int64,See the corresponding protocol and reconstruction script.
data/selections/dataset_realization_selected_hmms.csv,pred_h4_m3_sigma90,float64,See the corresponding protocol and reconstruction script.
data/selections/dataset_realization_selected_hmms.csv,pred_h4_m3_kappa90,float64,See the corresponding protocol and reconstruction script.
data/selections/dataset_realization_selected_hmms.csv,pred_h4_m3_r95,int64,See the corresponding protocol and reconstruction script.
data/selections/dataset_realization_selected_hmms.csv,pred_h4_m3_sigma95,float64,See the corresponding protocol and reconstruction script.
data/selections/dataset_realization_selected_hmms.csv,pred_h4_m3_kappa95,float64,See the corresponding protocol and reconstruction script.
data/selections/dataset_realization_selected_hmms.csv,pred_h4_m3_r99,int64,See the corresponding protocol and reconstruction script.
data/selections/dataset_realization_selected_hmms.csv,pred_h4_m3_sigma99,float64,See the corresponding protocol and reconstruction script.
data/selections/dataset_realization_selected_hmms.csv,pred_h4_m3_kappa99,float64,See the corresponding protocol and reconstruction script.
data/selections/dataset_realization_selected_hmms.csv,hmm_file,object,See the corresponding protocol and reconstruction script.
data/selections/dataset_realization_selected_hmms.csv,pred_h4_m3_sv3,float64,See the corresponding protocol and reconstruction script.
data/selections/dataset_realization_selected_hmms.csv,pred_h4_m3_sv4,float64,See the corresponding protocol and reconstruction script.
data/selections/dataset_realization_selected_hmms.csv,pred_h4_m3_sv5,float64,See the corresponding protocol and reconstruction script.
data/selections/dataset_realization_selected_hmms.csv,subset_cluster,int64,See the corresponding protocol and reconstruction script.
data/selections/dataset_realization_selected_hmms.csv,distance_to_subset_cluster_center,float64,See the corresponding protocol and reconstruction script.
data/selections/dataset_realization_selected_hmms.csv,subset_cluster_size,int64,See the corresponding protocol and reconstruction script.
docs/REPRODUCIBILITY_MATRIX.csv,paper_item,object,See the corresponding protocol and reconstruction script.
docs/REPRODUCIBILITY_MATRIX.csv,analysis,object,See the corresponding protocol and reconstruction script.
docs/REPRODUCIBILITY_MATRIX.csv,primary_source,object,See the corresponding protocol and reconstruction script.
docs/REPRODUCIBILITY_MATRIX.csv,code_source,object,See the corresponding protocol and reconstruction script.
docs/REPRODUCIBILITY_MATRIX.csv,status,object,See the corresponding protocol and reconstruction script.
docs/SCHEMA.csv,file,object,See the corresponding protocol and reconstruction script.
docs/SCHEMA.csv,column,object,See the corresponding protocol and reconstruction script.
docs/SCHEMA.csv,dtype,object,See the corresponding protocol and reconstruction script.
docs/SCHEMA.csv,description,object,See the corresponding protocol and reconstruction script.
outputs/paper_tables/appendix_external_transfer.csv,generator_scope,object,See the corresponding protocol and reconstruction script.
outputs/paper_tables/appendix_external_transfer.csv,architecture,object,Learner architecture.
outputs/paper_tables/appendix_external_transfer.csv,outcome,object,See the corresponding protocol and reconstruction script.
outputs/paper_tables/appendix_external_transfer.csv,model,object,See the corresponding protocol and reconstruction script.
outputs/paper_tables/appendix_external_transfer.csv,n_external,int64,See the corresponding protocol and reconstruction script.
outputs/paper_tables/appendix_external_transfer.csv,mae,float64,See the corresponding protocol and reconstruction script.
outputs/paper_tables/appendix_external_transfer.csv,rmse,float64,See the corresponding protocol and reconstruction script.
outputs/paper_tables/appendix_external_transfer.csv,r2,float64,See the corresponding protocol and reconstruction script.
outputs/paper_tables/appendix_strict_effects.csv,pair_type,object,See the corresponding protocol and reconstruction script.
outputs/paper_tables/appendix_strict_effects.csv,architecture,object,Learner architecture.
outputs/paper_tables/appendix_strict_effects.csv,n_pairs,int64,See the corresponding protocol and reconstruction script.
outputs/paper_tables/appendix_strict_effects.csv,mean_effect,float64,See the corresponding protocol and reconstruction script.
outputs/paper_tables/appendix_strict_effects.csv,ci_low,float64,See the corresponding protocol and reconstruction script.
outputs/paper_tables/appendix_strict_effects.csv,ci_high,float64,See the corresponding protocol and reconstruction script.
outputs/paper_tables/external_pls_composite_transfer.csv,model,object,See the corresponding protocol and reconstruction script.
outputs/paper_tables/external_pls_composite_transfer.csv,external_rmse,float64,See the corresponding protocol and reconstruction script.
outputs/paper_tables/external_pls_composite_transfer.csv,improvement_vs_K_only_percent,float64,See the corresponding protocol and reconstruction script.
outputs/paper_tables/table24_dataset_realization_stability.csv,architecture,object,Learner architecture.
outputs/paper_tables/table24_dataset_realization_stability.csv,outcome,object,See the corresponding protocol and reconstruction script.
outputs/paper_tables/table24_dataset_realization_stability.csv,process_icc,float64,Process ICC across dataset realizations.
outputs/paper_tables/table24_dataset_realization_stability.csv,icc_ci_low,float64,Lower percentile bootstrap bound for process ICC.
outputs/paper_tables/table24_dataset_realization_stability.csv,icc_ci_high,float64,Upper percentile bootstrap bound for process ICC.
outputs/paper_tables/table24_dataset_realization_stability.csv,dataset_pair_spearman_min,float64,See the corresponding protocol and reconstruction script.
outputs/paper_tables/table24_dataset_realization_stability.csv,dataset_pair_spearman_max,float64,See the corresponding protocol and reconstruction script.
outputs/paper_tables/table25_dataset_realization_frozen_prediction.csv,architecture,object,Learner architecture.
outputs/paper_tables/table25_dataset_realization_frozen_prediction.csv,dataset_replicate,int64,Dataset realization identifier (0 original; 1-2 independently regenerated).
outputs/paper_tables/table25_dataset_realization_frozen_prediction.csv,K_only_rmse,float64,RMSE of the frozen K-only predictor.
outputs/paper_tables/table25_dataset_realization_frozen_prediction.csv,augmented_rmse,float64,RMSE of the frozen augmented-profile predictor.
outputs/paper_tables/table25_dataset_realization_frozen_prediction.csv,augmented_rmse_reduction_percent,float64,Percentage RMSE reduction of augmented profile relative to K-only.
outputs/paper_tables/table2_confirmatory_frozen_prediction.csv,architecture,object,Learner architecture.
outputs/paper_tables/table2_confirmatory_frozen_prediction.csv,outcome,object,See the corresponding protocol and reconstruction script.
outputs/paper_tables/table2_confirmatory_frozen_prediction.csv,model,object,See the corresponding protocol and reconstruction script.
outputs/paper_tables/table2_confirmatory_frozen_prediction.csv,n_development,int64,See the corresponding protocol and reconstruction script.
outputs/paper_tables/table2_confirmatory_frozen_prediction.csv,n_confirmatory,int64,See the corresponding protocol and reconstruction script.
outputs/paper_tables/table2_confirmatory_frozen_prediction.csv,mae,float64,See the corresponding protocol and reconstruction script.
outputs/paper_tables/table2_confirmatory_frozen_prediction.csv,rmse,float64,See the corresponding protocol and reconstruction script.
outputs/paper_tables/table2_confirmatory_frozen_prediction.csv,r2,float64,See the corresponding protocol and reconstruction script.
outputs/paper_tables/table3_confirmatory_crossK.csv,architecture,object,Learner architecture.
outputs/paper_tables/table3_confirmatory_crossK.csv,outcome,object,See the corresponding protocol and reconstruction script.
outputs/paper_tables/table3_confirmatory_crossK.csv,K_a,int64,See the corresponding protocol and reconstruction script.
outputs/paper_tables/table3_confirmatory_crossK.csv,K_b,int64,See the corresponding protocol and reconstruction script.
outputs/paper_tables/table3_confirmatory_crossK.csv,n_pairs,int64,See the corresponding protocol and reconstruction script.
outputs/paper_tables/table3_confirmatory_crossK.csv,matched_mean_difference,float64,See the corresponding protocol and reconstruction script.
outputs/paper_tables/table3_confirmatory_crossK.csv,random_mean_difference,float64,See the corresponding protocol and reconstruction script.
outputs/paper_tables/table3_confirmatory_crossK.csv,matched_to_random_ratio,float64,See the corresponding protocol and reconstruction script.
outputs/paper_tables/table3_confirmatory_crossK.csv,random_ci_low,float64,See the corresponding protocol and reconstruction script.
outputs/paper_tables/table3_confirmatory_crossK.csv,random_ci_high,float64,See the corresponding protocol and reconstruction script.
outputs/paper_tables/table3_confirmatory_crossK.csv,permutation_p_lower_is_better,float64,See the corresponding protocol and reconstruction script.
outputs/reconstructed_table4/table4_condition_metrics.csv,model,object,See the corresponding protocol and reconstruction script.
outputs/reconstructed_table4/table4_condition_metrics.csv,condition,object,See the corresponding protocol and reconstruction script.
outputs/reconstructed_table4/table4_condition_metrics.csv,sample_sd,float64,See the corresponding protocol and reconstruction script.
outputs/reconstructed_table4/table4_condition_metrics.csv,condition_standardized_rmse,float64,See the corresponding protocol and reconstruction script.
outputs/reconstructed_table4/table4_condition_metrics.csv,condition_r2,float64,See the corresponding protocol and reconstruction script.
outputs/reconstructed_table4/table4_condition_metrics.csv,condition_spearman,float64,See the corresponding protocol and reconstruction script.
outputs/reconstructed_table4/table4_confirmatory_loho_reconstructed.csv,model,object,See the corresponding protocol and reconstruction script.
outputs/reconstructed_table4/table4_confirmatory_loho_reconstructed.csv,standardized_rmse,float64,See the corresponding protocol and reconstruction script.
outputs/reconstructed_table4/table4_confirmatory_loho_reconstructed.csv,pooled_r2,float64,See the corresponding protocol and reconstruction script.
outputs/reconstructed_table4/table4_confirmatory_loho_reconstructed.csv,mean_spearman,float64,See the corresponding protocol and reconstruction script.
outputs/reconstructed_table4/table4_full_ridge_inner_scores.csv,outer_test_index,int64,See the corresponding protocol and reconstruction script.
outputs/reconstructed_table4/table4_full_ridge_inner_scores.csv,alpha,float64,See the corresponding protocol and reconstruction script.
outputs/reconstructed_table4/table4_full_ridge_inner_scores.csv,inner_standardized_rmse,float64,See the corresponding protocol and reconstruction script.
outputs/reconstructed_table4/table4_full_ridge_inner_scores.csv,selected,bool,See the corresponding protocol and reconstruction script.
outputs/reconstructed_table4/table4_full_ridge_selected_alpha_counts.csv,selected_alpha,float64,See the corresponding protocol and reconstruction script.
outputs/reconstructed_table4/table4_full_ridge_selected_alpha_counts.csv,outer_fold_count,int64,See the corresponding protocol and reconstruction script.
outputs/reconstructed_table4/table4_full_ridge_selected_alphas.csv,hmm_id,object,Stable HMM identifier.
outputs/reconstructed_table4/table4_full_ridge_selected_alphas.csv,outer_test_index,int64,See the corresponding protocol and reconstruction script.
outputs/reconstructed_table4/table4_full_ridge_selected_alphas.csv,selected_alpha,float64,See the corresponding protocol and reconstruction script.
outputs/reconstructed_table4/table4_loho_predictions.csv,hmm_id,object,Stable HMM identifier.
outputs/reconstructed_table4/table4_loho_predictions.csv,K,int64,Number of hidden states.
outputs/reconstructed_table4/table4_loho_predictions.csv,condition,object,See the corresponding protocol and reconstruction script.
outputs/reconstructed_table4/table4_loho_predictions.csv,observed_shape_rmse,float64,See the corresponding protocol and reconstruction script.
outputs/reconstructed_table4/table4_loho_predictions.csv,selected_full_ridge_alpha,float64,See the corresponding protocol and reconstruction script.
outputs/reconstructed_table4/table4_loho_predictions.csv,predicted_k_only,float64,See the corresponding protocol and reconstruction script.
outputs/reconstructed_table4/table4_loho_predictions.csv,predicted_pls_1_composite,float64,See the corresponding protocol and reconstruction script.
outputs/reconstructed_table4/table4_loho_predictions.csv,predicted_pls_2_composite,float64,See the corresponding protocol and reconstruction script.
outputs/reconstructed_table4/table4_loho_predictions.csv,predicted_full_ridge,float64,See the corresponding protocol and reconstruction script.
outputs/dataset_realization_reconstruction/dataset_pair_rank_stability.csv,architecture,object,Learner architecture.
outputs/dataset_realization_reconstruction/dataset_pair_rank_stability.csv,outcome,object,Reconstructed dataset-realization analysis output.
outputs/dataset_realization_reconstruction/dataset_pair_rank_stability.csv,replicate_1,int64,Reconstructed dataset-realization analysis output.
outputs/dataset_realization_reconstruction/dataset_pair_rank_stability.csv,replicate_2,int64,Reconstructed dataset-realization analysis output.
outputs/dataset_realization_reconstruction/dataset_pair_rank_stability.csv,n_hmms,int64,Reconstructed dataset-realization analysis output.
outputs/dataset_realization_reconstruction/dataset_pair_rank_stability.csv,spearman_rho,float64,Spearman rank correlation across HMMs.
outputs/dataset_realization_reconstruction/dataset_pair_rank_stability.csv,bootstrap_ci_low,float64,Lower percentile bootstrap bound.
outputs/dataset_realization_reconstruction/dataset_pair_rank_stability.csv,bootstrap_ci_high,float64,Upper percentile bootstrap bound.
outputs/dataset_realization_reconstruction/frozen_augmented_vs_K_by_dataset.csv,dataset_replicate,int64,Dataset realization identifier (0 original; 1-2 independently regenerated).
outputs/dataset_realization_reconstruction/frozen_augmented_vs_K_by_dataset.csv,architecture,object,Learner architecture.
outputs/dataset_realization_reconstruction/frozen_augmented_vs_K_by_dataset.csv,outcome,object,Reconstructed dataset-realization analysis output.
outputs/dataset_realization_reconstruction/frozen_augmented_vs_K_by_dataset.csv,n_hmms,int64,Reconstructed dataset-realization analysis output.
outputs/dataset_realization_reconstruction/frozen_augmented_vs_K_by_dataset.csv,K_only_rmse,float64,RMSE of the frozen K-only predictor.
outputs/dataset_realization_reconstruction/frozen_augmented_vs_K_by_dataset.csv,augmented_rmse,float64,RMSE of the frozen augmented-profile predictor.
outputs/dataset_realization_reconstruction/frozen_augmented_vs_K_by_dataset.csv,augmented_rmse_reduction_percent,float64,Percentage RMSE reduction of augmented profile relative to K-only.
outputs/dataset_realization_reconstruction/frozen_augmented_vs_K_by_dataset.csv,mean_squared_error_advantage,float64,Reconstructed dataset-realization analysis output.
outputs/dataset_realization_reconstruction/frozen_augmented_vs_K_by_dataset.csv,exact_two_sided_sign_flip_p,float64,Reconstructed dataset-realization analysis output.
outputs/dataset_realization_reconstruction/frozen_profile_performance_by_dataset.csv,dataset_replicate,int64,Dataset realization identifier (0 original; 1-2 independently regenerated).
outputs/dataset_realization_reconstruction/frozen_profile_performance_by_dataset.csv,architecture,object,Learner architecture.
outputs/dataset_realization_reconstruction/frozen_profile_performance_by_dataset.csv,outcome,object,Reconstructed dataset-realization analysis output.
outputs/dataset_realization_reconstruction/frozen_profile_performance_by_dataset.csv,model,object,Reconstructed dataset-realization analysis output.
outputs/dataset_realization_reconstruction/frozen_profile_performance_by_dataset.csv,n_hmms,int64,Reconstructed dataset-realization analysis output.
outputs/dataset_realization_reconstruction/frozen_profile_performance_by_dataset.csv,rmse,float64,Reconstructed dataset-realization analysis output.
outputs/dataset_realization_reconstruction/frozen_profile_performance_by_dataset.csv,r2,float64,Reconstructed dataset-realization analysis output.
outputs/dataset_realization_reconstruction/hmm_dataset_summary.csv,dataset_replicate,int64,Dataset realization identifier (0 original; 1-2 independently regenerated).
outputs/dataset_realization_reconstruction/hmm_dataset_summary.csv,hmm_id,object,Stable HMM identifier.
outputs/dataset_realization_reconstruction/hmm_dataset_summary.csv,architecture,object,Learner architecture.
outputs/dataset_realization_reconstruction/hmm_dataset_summary.csv,A_width_shape,float64,Shape RMSE averaged over the prespecified width grid.
outputs/dataset_realization_reconstruction/hmm_dataset_summary.csv,best_shape_rmse,float64,Reconstructed dataset-realization analysis output.
outputs/dataset_realization_reconstruction/hmm_dataset_summary.csv,best_dimension,int64,Reconstructed dataset-realization analysis output.
outputs/dataset_realization_reconstruction/hmm_dataset_summary.csv,mean_excess_ce_H,float64,Reconstructed dataset-realization analysis output.
outputs/dataset_realization_reconstruction/hmm_dataset_summary.csv,K,int64,Number of hidden states.
outputs/dataset_realization_reconstruction/hmm_level_process_icc.csv,architecture,object,Learner architecture.
outputs/dataset_realization_reconstruction/hmm_level_process_icc.csv,outcome,object,Reconstructed dataset-realization analysis output.
outputs/dataset_realization_reconstruction/hmm_level_process_icc.csv,n_hmms,int64,Reconstructed dataset-realization analysis output.
outputs/dataset_realization_reconstruction/hmm_level_process_icc.csv,n_dataset_replicates,int64,Reconstructed dataset-realization analysis output.
outputs/dataset_realization_reconstruction/hmm_level_process_icc.csv,ms_between,float64,Reconstructed dataset-realization analysis output.
outputs/dataset_realization_reconstruction/hmm_level_process_icc.csv,ms_within,float64,Reconstructed dataset-realization analysis output.
outputs/dataset_realization_reconstruction/hmm_level_process_icc.csv,process_variance,float64,Reconstructed dataset-realization analysis output.
outputs/dataset_realization_reconstruction/hmm_level_process_icc.csv,dataset_realization_variance,float64,Reconstructed dataset-realization analysis output.
outputs/dataset_realization_reconstruction/hmm_level_process_icc.csv,process_icc,float64,Process ICC across dataset realizations.
outputs/dataset_realization_reconstruction/hmm_level_process_icc.csv,icc_ci_low,float64,Lower percentile bootstrap bound for process ICC.
outputs/dataset_realization_reconstruction/hmm_level_process_icc.csv,icc_ci_high,float64,Upper percentile bootstrap bound for process ICC.
outputs/dataset_realization_reconstruction/pca_pc1_loadings_by_dataset.csv,dataset_replicate,int64,Dataset realization identifier (0 original; 1-2 independently regenerated).
outputs/dataset_realization_reconstruction/pca_pc1_loadings_by_dataset.csv,condition,object,Reconstructed dataset-realization analysis output.
outputs/dataset_realization_reconstruction/pca_pc1_loadings_by_dataset.csv,pc1_loading,float64,Oriented first-principal-component loading.
outputs/dataset_realization_reconstruction/pca_pc1_score_stability.csv,replicate_1,int64,Reconstructed dataset-realization analysis output.
outputs/dataset_realization_reconstruction/pca_pc1_score_stability.csv,replicate_2,int64,Reconstructed dataset-realization analysis output.
outputs/dataset_realization_reconstruction/pca_pc1_score_stability.csv,n_hmms,int64,Reconstructed dataset-realization analysis output.
outputs/dataset_realization_reconstruction/pca_pc1_score_stability.csv,pc1_score_spearman,float64,Spearman correlation between PC1 HMM scores across dataset realizations.
outputs/dataset_realization_reconstruction/pca_summary_by_dataset.csv,dataset_replicate,int64,Dataset realization identifier (0 original; 1-2 independently regenerated).
outputs/dataset_realization_reconstruction/pca_summary_by_dataset.csv,n_hmms,int64,Reconstructed dataset-realization analysis output.
outputs/dataset_realization_reconstruction/pca_summary_by_dataset.csv,pc1_explained_variance,float64,Reconstructed dataset-realization analysis output.
outputs/dataset_realization_reconstruction/pca_summary_by_dataset.csv,pc1_pc2_explained_variance,float64,Reconstructed dataset-realization analysis output.
outputs/dataset_realization_reconstruction/table24_dataset_realization_stability.csv,architecture,object,Learner architecture.
outputs/dataset_realization_reconstruction/table24_dataset_realization_stability.csv,outcome,object,Reconstructed dataset-realization analysis output.
outputs/dataset_realization_reconstruction/table24_dataset_realization_stability.csv,process_icc,float64,Process ICC across dataset realizations.
outputs/dataset_realization_reconstruction/table24_dataset_realization_stability.csv,icc_ci_low,float64,Lower percentile bootstrap bound for process ICC.
outputs/dataset_realization_reconstruction/table24_dataset_realization_stability.csv,icc_ci_high,float64,Upper percentile bootstrap bound for process ICC.
outputs/dataset_realization_reconstruction/table24_dataset_realization_stability.csv,dataset_pair_spearman_min,float64,Reconstructed dataset-realization analysis output.
outputs/dataset_realization_reconstruction/table24_dataset_realization_stability.csv,dataset_pair_spearman_max,float64,Reconstructed dataset-realization analysis output.
outputs/dataset_realization_reconstruction/table25_dataset_realization_frozen_prediction.csv,architecture,object,Learner architecture.
outputs/dataset_realization_reconstruction/table25_dataset_realization_frozen_prediction.csv,dataset_replicate,int64,Dataset realization identifier (0 original; 1-2 independently regenerated).
outputs/dataset_realization_reconstruction/table25_dataset_realization_frozen_prediction.csv,K_only_rmse,float64,RMSE of the frozen K-only predictor.
outputs/dataset_realization_reconstruction/table25_dataset_realization_frozen_prediction.csv,augmented_rmse,float64,RMSE of the frozen augmented-profile predictor.
outputs/dataset_realization_reconstruction/table25_dataset_realization_frozen_prediction.csv,augmented_rmse_reduction_percent,float64,Percentage RMSE reduction of augmented profile relative to K-only.
outputs/dataset_realization_reconstruction/width_level_summary.csv,dataset_replicate,int64,Dataset realization identifier (0 original; 1-2 independently regenerated).
outputs/dataset_realization_reconstruction/width_level_summary.csv,hmm_id,object,Stable HMM identifier.
outputs/dataset_realization_reconstruction/width_level_summary.csv,architecture,object,Learner architecture.
outputs/dataset_realization_reconstruction/width_level_summary.csv,dimension,int64,Neural representation width.
outputs/dataset_realization_reconstruction/width_level_summary.csv,shape_rmse,float64,Anchored Bayes context-response Shape RMSE.
outputs/dataset_realization_reconstruction/width_level_summary.csv,shape_rmse_sd,float64,Reconstructed dataset-realization analysis output.
outputs/dataset_realization_reconstruction/width_level_summary.csv,excess_ce_H,float64,Test cross-entropy at H=4 minus exact Bayes cross-entropy.
outputs/dataset_realization_reconstruction/width_level_summary.csv,excess_ce_H_sd,float64,Reconstructed dataset-realization analysis output.
outputs/dataset_realization_reconstruction/width_level_summary.csv,best_val_ce,float64,Reconstructed dataset-realization analysis output.
